{
"type": "FeatureCollection",
"name": "zasieg_BK_cykl_2_epsg4326",
"crs": { "type": "name", "properties": { "name": "urn:ogc:def:crs:OGC:1.3:CRS84" } },
"features": [
{ "type": "Feature", "properties": { "gatunek": "BK", "cykl": 2, "pokrycie": 0.95, "prog_kde": 7.5884320741407896e-13 }, "geometry": { "type": "MultiPolygon", "coordinates": [ [ [ [ 22.799252192428316, 49.027124331052526 ], [ 22.797900604223933, 49.02802712714054 ], [ 22.781226191182526, 49.039292308780567 ], [ 22.779889787810298, 49.040184668781713 ], [ 22.763192100988864, 49.051457638264289 ], [ 22.761870214463862, 49.052340013306043 ], [ 22.760446905573961, 49.051547245543688 ], [ 22.742105896328574, 49.041402419585438 ], [ 22.723213066518639, 49.042007590968097 ], [ 22.704319648891612, 49.042610268978912 ], [ 22.702924631895275, 49.041834877194056 ], [ 22.684571645179901, 49.031665614268114 ], [ 22.667805839639534, 49.04295789601494 ], [ 22.66653105556648, 49.043808079989809 ], [ 22.647635882822719, 49.044403183306656 ], [ 22.630838206977895, 49.055703190539724 ], [ 22.6316759066112, 49.067251540373228 ], [ 22.630423567547687, 49.068086180663926 ], [ 22.613598594496452, 49.079394366761441 ], [ 22.612356654667224, 49.080221789126881 ], [ 22.595513023616846, 49.091534525402935 ], [ 22.594280952964048, 49.092355086125977 ], [ 22.575365935572609, 49.092939843037527 ], [ 22.574037012375193, 49.092202316026523 ], [ 22.555624762956757, 49.081976093754889 ], [ 22.538752404404146, 49.093290767582772 ], [ 22.537534176602222, 49.094101555635611 ], [ 22.536212445795186, 49.093368701681804 ], [ 22.517800632389541, 49.083132610807183 ], [ 22.498887712309156, 49.083706935444539 ], [ 22.479974225192766, 49.084278626645556 ], [ 22.4630741730737, 49.095588741473968 ], [ 22.461863817976422, 49.096393509133343 ], [ 22.442944815586245, 49.096959893381744 ], [ 22.424025252576399, 49.097523622143775 ], [ 22.405105131267334, 49.098084689448726 ], [ 22.388177071951453, 49.109388201603963 ], [ 22.38895686977278, 49.120939530441738 ], [ 22.387758213533498, 49.121735509969575 ], [ 22.370804725349956, 49.133045743923994 ], [ 22.371581829999421, 49.144597211016098 ], [ 22.370395260531275, 49.1453847761817 ], [ 22.351455893383012, 49.145937741661513 ], [ 22.350161047282214, 49.145221411346007 ], [ 22.331740983879655, 49.134941114534293 ], [ 22.312804920291207, 49.135488716476253 ], [ 22.293868311997645, 49.136033621578633 ], [ 22.274931161522645, 49.136575825950047 ], [ 22.257957399160635, 49.147862678308982 ], [ 22.256750857377323, 49.148662128617886 ], [ 22.237808227716165, 49.149198889262166 ], [ 22.220823178305782, 49.160479458017548 ], [ 22.221564049093129, 49.172032663026634 ], [ 22.22230594783154, 49.183585821080825 ], [ 22.221113811407392, 49.184375011052275 ], [ 22.219811906441905, 49.183655453329159 ], [ 22.201411216378428, 49.173358615359071 ], [ 22.18245817476539, 49.173887156109103 ], [ 22.165452326784145, 49.185159714399539 ], [ 22.164241454183749, 49.185960544185505 ], [ 22.14528294737665, 49.186483589956104 ], [ 22.128269222690648, 49.197747577364794 ], [ 22.127052428916372, 49.198551716900546 ], [ 22.108088463381453, 49.199069248563916 ], [ 22.089123979995641, 49.199584033809124 ], [ 22.07210782035537, 49.210830094029284 ], [ 22.070874723613549, 49.21164409178116 ], [ 22.051904793038521, 49.212153335334946 ], [ 22.034884181043484, 49.223388563682271 ], [ 22.035582155857558, 49.234943710543675 ], [ 22.036281136666194, 49.246498812171133 ], [ 22.036981112893912, 49.258053868840186 ], [ 22.035766702375014, 49.25885470395275 ], [ 22.018697846640617, 49.270106883945353 ], [ 22.019394989376881, 49.281662061647808 ], [ 22.018188194223573, 49.282457460997705 ], [ 22.001099328268516, 49.293712485670298 ], [ 21.999891502410588, 49.294508212579238 ], [ 21.982795082649858, 49.3057601493934 ], [ 21.98158589254998, 49.306556420696715 ], [ 21.964482244166287, 49.317805049322175 ], [ 21.965168844232021, 49.329360674706791 ], [ 21.965856386563857, 49.340916256930257 ], [ 21.964659521160748, 49.34170393384796 ], [ 21.945637754446871, 49.342196234407574 ], [ 21.926615490435385, 49.342685734298193 ], [ 21.907592731828188, 49.343172429836059 ], [ 21.890474554895547, 49.354400631950007 ], [ 21.889246438526346, 49.355207590881122 ], [ 21.872122498721346, 49.366431502737804 ], [ 21.870891194511753, 49.367240180841641 ], [ 21.851858054207195, 49.36771840607301 ], [ 21.834734751691638, 49.378928069398263 ], [ 21.83539248038733, 49.390484889054747 ], [ 21.834153828844517, 49.391297630338819 ], [ 21.832802189404514, 49.390548434469224 ], [ 21.814450339389641, 49.380218144392458 ], [ 21.813077645957879, 49.379457484211613 ], [ 21.79475573833848, 49.369136126380305 ], [ 21.793360284419364, 49.368363029081721 ], [ 21.775070020443781, 49.358051587177179 ], [ 21.75798895935025, 49.369212949237301 ], [ 21.758626610840004, 49.380770584742095 ], [ 21.757331771626863, 49.381618808543926 ], [ 21.740233370472573, 49.392781147676644 ], [ 21.738933899926689, 49.393631986770544 ], [ 21.721831473634538, 49.404788907110181 ], [ 21.720527055589788, 49.405642563047635 ], [ 21.70342091410776, 49.416793859459673 ], [ 21.702111232295511, 49.417650533534911 ], [ 21.700682532306516, 49.41685789381583 ], [ 21.682425918398152, 49.406550610760618 ], [ 21.663374657253318, 49.407000328223937 ], [ 21.646296559012814, 49.418116188679612 ], [ 21.646909205048129, 49.429674778903482 ], [ 21.645565550196388, 49.430552416930652 ], [ 21.628471691371637, 49.441668183545147 ], [ 21.627121880319866, 49.44254939095201 ], [ 21.625650686629218, 49.44173230770145 ], [ 21.607442853365601, 49.431437394348364 ], [ 21.588380827820497, 49.431875535396635 ], [ 21.569318354364846, 49.432310767535988 ], [ 21.550255435622805, 49.432743082468548 ], [ 21.531192074213521, 49.433172471546911 ], [ 21.529625594761409, 49.432301483342258 ], [ 21.529019141171787, 49.420742303523284 ], [ 21.510948294284471, 49.410493741239328 ], [ 21.493962526961553, 49.421504159029965 ], [ 21.492478322510163, 49.422469692781981 ], [ 21.490862946468734, 49.421571007070952 ], [ 21.472837278772605, 49.411337802069305 ], [ 21.453781121610426, 49.41175538627256 ], [ 21.434724534984213, 49.412169992534885 ], [ 21.415667521506961, 49.412581610255877 ], [ 21.398750140274057, 49.423519584065062 ], [ 21.397173037417101, 49.424542697493862 ], [ 21.378110704929703, 49.424948317757149 ], [ 21.361205421710245, 49.435864947092512 ], [ 21.359602333073806, 49.436903731126016 ], [ 21.342694978524957, 49.447813784051391 ], [ 21.341084962035325, 49.448856465316929 ], [ 21.322012425128104, 49.449253042270797 ], [ 21.302939477141152, 49.449646572892448 ], [ 21.283866120791217, 49.45003704640974 ], [ 21.282059666254241, 49.449026745210652 ], [ 21.264260002847447, 49.438871198969402 ], [ 21.262418502873256, 49.437840744766149 ], [ 21.244662795913609, 49.427702529351805 ], [ 21.225597187111067, 49.428083698920005 ], [ 21.223698570380318, 49.427020056900872 ], [ 21.223159734294303, 49.415458354398666 ], [ 21.222620617557528, 49.403896636313767 ], [ 21.204977572092162, 49.393804712247935 ], [ 21.185924584969033, 49.394179570504882 ], [ 21.169231203789177, 49.404911057467281 ], [ 21.167379790940743, 49.406103365525389 ], [ 21.150682285875419, 49.416829714541912 ], [ 21.148826012890172, 49.418024451347513 ], [ 21.132124650970297, 49.428745487898141 ], [ 21.130263244703588, 49.429942824734241 ], [ 21.128259315332439, 49.428816720717748 ], [ 21.110699448647544, 49.418752359955164 ], [ 21.091635596164576, 49.419111588818168 ], [ 21.0725713675454, 49.419467659243601 ], [ 21.053506765913919, 49.419820565920261 ], [ 21.05140133517305, 49.418634377373948 ], [ 21.050900883518558, 49.407071374502607 ], [ 21.052920830973161, 49.405778682065851 ], [ 21.069477098810204, 49.395168335076271 ], [ 21.071493946649618, 49.393876508181982 ], [ 21.090549375349688, 49.393546478704955 ], [ 21.107116154002554, 49.382916236951097 ], [ 21.10660170859585, 49.371353607786823 ], [ 21.089183707810065, 49.361352555887215 ], [ 21.070141809510641, 49.361708473181842 ], [ 21.051099539101521, 49.362061228001245 ], [ 21.048895206472675, 49.360819218121314 ], [ 21.031580892223161, 49.350860145977087 ], [ 21.029332485099115, 49.34959247273099 ], [ 21.012071117203895, 49.339656304006809 ], [ 21.00977749871037, 49.338362300278369 ], [ 20.992570209686964, 49.328449732543596 ], [ 20.990230193044116, 49.32712870491229 ], [ 20.992459169743405, 49.325699193071529 ], [ 21.008787084597071, 49.315235545138357 ], [ 20.991638258856643, 49.305351555539268 ], [ 20.972616796840384, 49.305691628645967 ], [ 20.970202905893032, 49.304328028926655 ], [ 20.953138373034236, 49.294480227098347 ], [ 20.934120650270287, 49.294814005862655 ], [ 20.915102580044611, 49.295144632895841 ], [ 20.89887474090887, 49.305522490568087 ], [ 20.899292739400988, 49.317087523336347 ], [ 20.896971014837007, 49.318569120328704 ], [ 20.880702006569457, 49.32896351460893 ], [ 20.878382796869687, 49.3304426556086 ], [ 20.862102685560668, 49.340836591489335 ], [ 20.859785637276595, 49.342313503923044 ], [ 20.857316539679825, 49.340913622831621 ], [ 20.84031758587529, 49.331081701884088 ], [ 20.821284482092686, 49.331396501095156 ], [ 20.805055681271202, 49.341741831401684 ], [ 20.80267296463597, 49.343257829185717 ], [ 20.786432649196382, 49.353602973060688 ], [ 20.784052499757326, 49.355116470809925 ], [ 20.76780103635264, 49.365461184942639 ], [ 20.765423081363334, 49.36697242162802 ], [ 20.749160836256962, 49.37731646347077 ], [ 20.74954815462868, 49.388882230377554 ], [ 20.749936570222943, 49.40044795899896 ], [ 20.747604330149166, 49.401929382130049 ], [ 20.731280580394426, 49.412300456247905 ], [ 20.728948604419625, 49.413780859495532 ], [ 20.709882331964462, 49.414076622177859 ], [ 20.690815750887634, 49.414369233043281 ], [ 20.688301371127654, 49.412936142886352 ], [ 20.671356524803315, 49.403106201984848 ], [ 20.668799093277826, 49.401647807560259 ], [ 20.651906212103793, 49.391840577039979 ], [ 20.635687161096062, 49.402121086651377 ], [ 20.633230799606267, 49.40367575709184 ], [ 20.617001197648062, 49.41395544516034 ], [ 20.614546409634471, 49.415508234244093 ], [ 20.611951426515418, 49.414025967654801 ], [ 20.611548877928616, 49.402460121194423 ], [ 20.611145672953757, 49.390894261749814 ], [ 20.594355787341499, 49.381129615675199 ], [ 20.591666170697327, 49.379592649003321 ], [ 20.574931643409165, 49.369852825935844 ], [ 20.555880882942471, 49.370123702457242 ], [ 20.539799811303929, 49.380295239851563 ], [ 20.53719010916236, 49.381942052349743 ], [ 20.52109614136295, 49.392114313512508 ], [ 20.518490370835341, 49.393757716421078 ], [ 20.502383939589198, 49.403930416921995 ], [ 20.499781661858584, 49.4055706894652 ], [ 20.480716389088748, 49.405828922504327 ], [ 20.461650848844283, 49.406084043927031 ], [ 20.44258504445687, 49.406336055083898 ], [ 20.439781248729044, 49.404727049412351 ], [ 20.423185052922612, 49.395033680150945 ], [ 20.420333148609572, 49.39339630513755 ], [ 20.403793980041332, 49.383728937273524 ], [ 20.384736347783193, 49.38397178901689 ], [ 20.368776389435876, 49.394018268604817 ], [ 20.365998746868183, 49.395761978192496 ], [ 20.34693614539832, 49.395998532808534 ], [ 20.327873299665303, 49.39623198130424 ], [ 20.324915182102743, 49.394529285183637 ], [ 20.324574003545862, 49.382961925377103 ], [ 20.324231941064628, 49.371394553143425 ], [ 20.32388896709729, 49.35982716878884 ], [ 20.323545052933262, 49.348259772632488 ], [ 20.307278012605767, 49.33871791329846 ], [ 20.291526162567234, 49.348622016356039 ], [ 20.288538566008096, 49.350493121097003 ], [ 20.285409031530357, 49.348690212471951 ], [ 20.269195782058141, 49.339170333676712 ], [ 20.253481289755729, 49.349040898014977 ], [ 20.250446951628025, 49.350939103490141 ], [ 20.247271883071107, 49.349108075543271 ], [ 20.231112627701489, 49.339610348953343 ], [ 20.212070712254686, 49.339825703707319 ], [ 20.193028575665419, 49.340037956705103 ], [ 20.189748086364641, 49.338143274915019 ], [ 20.173711620252444, 49.328701124058284 ], [ 20.170369405966923, 49.326769869379028 ], [ 20.173617082130807, 49.324724417074343 ], [ 20.18911274155165, 49.315007217207821 ], [ 20.173163002067344, 49.305611445893341 ], [ 20.154133793615067, 49.305817918206287 ], [ 20.150686276659247, 49.303824940131314 ], [ 20.134839252542211, 49.294477961425208 ], [ 20.131323914184648, 49.29244481616854 ], [ 20.131014224802094, 49.28087650801946 ], [ 20.130703209683887, 49.269308190000622 ], [ 20.115033171657313, 49.26005406185616 ], [ 20.111352692038604, 49.257924582450109 ], [ 20.111042873008568, 49.246356167344238 ], [ 20.110731569219254, 49.234787743624892 ], [ 20.110418729144172, 49.223219311775033 ], [ 20.095000266637079, 49.214100144126796 ], [ 20.091081624178038, 49.211832146558507 ], [ 20.090769438487715, 49.200263622228498 ], [ 20.090455524592894, 49.188695091268741 ], [ 20.07525531893797, 49.179693824981136 ], [ 20.056273848529163, 49.179887364182726 ], [ 20.041495849802686, 49.189147022746084 ], [ 20.037533301658296, 49.191610246830713 ], [ 20.022718327527947, 49.200886301264227 ], [ 20.018783905081925, 49.203330754132949 ], [ 20.003932946474922, 49.212622551407485 ], [ 20.000025652414266, 49.215048873790003 ], [ 19.98513968783309, 49.224355770011293 ], [ 19.981258537289701, 49.226764593930604 ], [ 19.962258443914067, 49.22694219600956 ], [ 19.943258174202718, 49.227116879964115 ], [ 19.924257731650904, 49.227288669587111 ], [ 19.905257119751269, 49.22745759052308 ], [ 19.901101833827457, 49.225041946960211 ], [ 19.900829487321783, 49.213472720923164 ], [ 19.885844028020699, 49.204558436217923 ], [ 19.881530294009128, 49.202050265526481 ], [ 19.866650437214521, 49.193192187244854 ], [ 19.847662613163358, 49.193353959815632 ], [ 19.828674634021439, 49.193513055595176 ], [ 19.814169527786209, 49.202544762596162 ], [ 19.809874740059687, 49.205198397569077 ], [ 19.805421927432835, 49.20260609622509 ], [ 19.790698224102986, 49.193823376918836 ], [ 19.776257705760951, 49.202805793220513 ], [ 19.771889191989338, 49.205502484879545 ], [ 19.757410198044596, 49.214502240423649 ], [ 19.757519875271328, 49.226072808489633 ], [ 19.757631909863097, 49.237643338183354 ], [ 19.772528566048127, 49.246528949859858 ], [ 19.776722432688256, 49.249087803624562 ], [ 19.776844228489548, 49.260658211240887 ], [ 19.791909173943157, 49.269635317032971 ], [ 19.795955403546628, 49.272099337282071 ], [ 19.811117485596537, 49.281127584049699 ], [ 19.815079426245394, 49.283537204510573 ], [ 19.811196364531483, 49.285936119158663 ], [ 19.796219576639327, 49.295239872260417 ], [ 19.796354527055087, 49.306810085690067 ], [ 19.796491311541104, 49.318380263595088 ], [ 19.796629876779985, 49.329950406340835 ], [ 19.796770171778363, 49.341520514276674 ], [ 19.796912147766768, 49.353090587736766 ], [ 19.797055758104626, 49.364660627040678 ], [ 19.797200958190007, 49.376230632494043 ], [ 19.793655739301808, 49.378419481841668 ], [ 19.778309812072074, 49.38793033717532 ], [ 19.778453118322268, 49.399500325242599 ], [ 19.778597908533275, 49.41107028041192 ], [ 19.775141154426098, 49.413203341482621 ], [ 19.771567648226632, 49.411117406561594 ], [ 19.755890745805658, 49.401797863909408 ], [ 19.75225286505113, 49.399673760224715 ], [ 19.736649273355642, 49.390390833820831 ], [ 19.732943997216626, 49.388226842478289 ], [ 19.717416732014307, 49.378982392165753 ], [ 19.702161413048795, 49.388417894720988 ], [ 19.698520279749715, 49.390660386459132 ], [ 19.683243562818458, 49.400102156199566 ], [ 19.679614871566766, 49.402335856545562 ], [ 19.660545578318583, 49.402463373142027 ], [ 19.641476161841737, 49.402588158583683 ], [ 19.626227780790114, 49.411995892866997 ], [ 19.626333868293049, 49.423566166229222 ], [ 19.641870455506574, 49.432830040564014 ], [ 19.645496372035968, 49.435031618670237 ], [ 19.641927825596277, 49.437226014755723 ], [ 19.626550702299358, 49.446706618649422 ], [ 19.622991134836685, 49.448894390217106 ], [ 19.603903556505443, 49.449012374488838 ], [ 19.584815864547604, 49.449127643887088 ], [ 19.569469721728957, 49.458572530450063 ], [ 19.569566579130043, 49.470142790479578 ], [ 19.565994003551879, 49.472335340267321 ], [ 19.550592030253178, 49.481805375638899 ], [ 19.550686695845986, 49.493375609939861 ], [ 19.550782780406848, 49.504945814414782 ], [ 19.547283244768057, 49.507092288054039 ], [ 19.531792714379353, 49.516605297054276 ], [ 19.531886465922529, 49.528175476104792 ], [ 19.531981552160104, 49.539745625938295 ], [ 19.532077940418993, 49.551315746704702 ], [ 19.52867084640307, 49.553404208625736 ], [ 19.513068450457848, 49.562972124565739 ], [ 19.51316233781597, 49.574542220454902 ], [ 19.509782760804509, 49.576612676437442 ], [ 19.490645003517141, 49.576710882273055 ], [ 19.47502474240228, 49.586275511673037 ], [ 19.471618503373616, 49.588360279438206 ], [ 19.455990520230451, 49.597922514005866 ], [ 19.456072981152417, 49.609492616128158 ], [ 19.45268992293331, 49.611562049086743 ], [ 19.449216035523364, 49.609519427893602 ], [ 19.449083182806518, 49.597949518191328 ], [ 19.433333483988783, 49.588542481647316 ], [ 19.414190845050701, 49.588629572346242 ], [ 19.410606867866033, 49.586521959210529 ], [ 19.410479426964415, 49.574951949376057 ], [ 19.394861665348813, 49.565609667494584 ], [ 19.375727906449715, 49.565692343647392 ], [ 19.37201926390712, 49.563511485827142 ], [ 19.371896697278192, 49.551941380249104 ], [ 19.371772719133311, 49.540371255968068 ], [ 19.356341959124901, 49.531124709084182 ], [ 19.337221588242983, 49.531203916331222 ], [ 19.318101146229317, 49.531280779464289 ], [ 19.298980635771898, 49.531355344070072 ], [ 19.279860059495579, 49.531427657133818 ], [ 19.275848358995162, 49.529069154074008 ], [ 19.260678033337292, 49.519953315876649 ], [ 19.256577114916372, 49.517542943046692 ], [ 19.241504998529102, 49.508479326617078 ], [ 19.237308563186026, 49.506013499021094 ], [ 19.237201471090401, 49.494443126472262 ], [ 19.237092366189316, 49.482872734752704 ], [ 19.222236466138675, 49.47392814160353 ], [ 19.217827792614351, 49.471339978512056 ], [ 19.222212664679137, 49.468666689713686 ], [ 19.236867840027291, 49.459731894344323 ], [ 19.222132142854328, 49.450855407403083 ], [ 19.203042790644794, 49.450925411420329 ], [ 19.198454209466856, 49.448233502018333 ], [ 19.19834165738639, 49.436662991501493 ], [ 19.198226561325129, 49.425092462015549 ], [ 19.198108828042223, 49.413521913711804 ], [ 19.183781024593213, 49.404874076202404 ], [ 19.164709461743868, 49.404945605628583 ], [ 19.145637842344232, 49.40501581183424 ], [ 19.126566167817082, 49.405084775173606 ], [ 19.107494439465732, 49.405152578306186 ], [ 19.093518181942052, 49.413653800574487 ], [ 19.088443353272677, 49.416739807236141 ], [ 19.083187152589979, 49.41366169414183 ], [ 19.069350825879667, 49.40528504616826 ], [ 19.050278942614078, 49.405349887773447 ], [ 19.044746344985132, 49.402112195715127 ], [ 19.031199714859163, 49.393900650512997 ], [ 19.012132190957399, 49.393965888984127 ], [ 18.993064616828139, 49.394030596719602 ], [ 18.973996992713879, 49.39409487504296 ], [ 18.960769327962858, 49.402114198648349 ], [ 18.960655402654648, 49.413684922812678 ], [ 18.97398236940359, 49.421775229150995 ], [ 18.979521397374491, 49.425260542201833 ], [ 18.979422868435741, 49.43683124072443 ], [ 18.979327878336374, 49.448401916525341 ], [ 18.973966559143975, 49.451654359546332 ], [ 18.960237745471982, 49.459967598749152 ], [ 18.960142143710176, 49.471538212370476 ], [ 18.960049810175352, 49.483108803778606 ], [ 18.959960626893832, 49.494679372941945 ], [ 18.959874481382545, 49.506249919830083 ], [ 18.954823617844969, 49.509311126909175 ], [ 18.940760598051952, 49.517812265848782 ], [ 18.935696093067264, 49.520880290630146 ], [ 18.916579152941058, 49.520922277855796 ], [ 18.911247330000442, 49.517793391048869 ], [ 18.897486263896781, 49.509441993481438 ], [ 18.878373745645348, 49.509483941036279 ], [ 18.864674627198685, 49.517748292999784 ], [ 18.859228141294462, 49.521042954740821 ], [ 18.845539409614563, 49.529294866687984 ], [ 18.845419139510234, 49.540865219367738 ], [ 18.845302061829855, 49.552435552969065 ], [ 18.83999828241992, 49.555641531356216 ], [ 18.826150881088747, 49.563978836220379 ], [ 18.826032669849411, 49.575549103981054 ], [ 18.82591742160357, 49.587119352867916 ], [ 18.825805034492671, 49.598689582737343 ], [ 18.825695411376323, 49.610259793452215 ], [ 18.820656606215195, 49.61330260833428 ], [ 18.806519629227786, 49.621799686932235 ], [ 18.806408414927713, 49.633369832350176 ], [ 18.806299777738133, 49.644939958777577 ], [ 18.806193633992603, 49.656510066082497 ], [ 18.806089903900322, 49.668080154139055 ], [ 18.801268952798214, 49.670988528234702 ], [ 18.786889267110613, 49.679616651863746 ], [ 18.782041682362969, 49.682539605993767 ], [ 18.762861422526587, 49.682552484188413 ], [ 18.75778334926688, 49.679559434418351 ], [ 18.743741764160038, 49.671031231619509 ], [ 18.729610892443549, 49.679497085006297 ], [ 18.724500879761703, 49.682574606962071 ], [ 18.710392121435923, 49.691020847783136 ], [ 18.710261919683759, 49.702590727846371 ], [ 18.705181109056475, 49.705648666549521 ], [ 18.685991761460329, 49.705653998568962 ], [ 18.666802411665209, 49.705658201812895 ], [ 18.647613060332194, 49.705661320968709 ], [ 18.633742086443569, 49.713944233312375 ], [ 18.633589273920087, 49.725513924255843 ], [ 18.628247716382397, 49.72872252878431 ], [ 18.614335822269389, 49.737021579713058 ], [ 18.614181250130603, 49.748591197322924 ], [ 18.614029210984651, 49.760160800109816 ], [ 18.613879627139319, 49.771730387824995 ], [ 18.608678314232126, 49.774851869756546 ], [ 18.594605154123734, 49.783234624030975 ], [ 18.594453558546661, 49.794804138068251 ], [ 18.589266699622598, 49.797914794818155 ], [ 18.575166795093903, 49.806305065915438 ], [ 18.575013109532819, 49.8178745055843 ], [ 18.569836569312869, 49.820976807008975 ], [ 18.555714028349712, 49.82937211967235 ], [ 18.569686690641483, 49.837873405318732 ], [ 18.574712396394773, 49.841013339695202 ], [ 18.574565245651048, 49.852582733703002 ], [ 18.588730498023676, 49.861192697521233 ], [ 18.593590236100013, 49.864220896612849 ], [ 18.58867980345298, 49.867163617464435 ], [ 18.574277069593993, 49.875721474614615 ], [ 18.574135937979207, 49.887290821143957 ], [ 18.573996710732754, 49.898860151487952 ], [ 18.573859340991714, 49.910429465481712 ], [ 18.569015630793228, 49.913329439914264 ], [ 18.554525041239444, 49.921926608855735 ], [ 18.549636668294138, 49.924851621348907 ], [ 18.544643983002146, 49.921888234310522 ], [ 18.544714336824441, 49.910318706969001 ], [ 18.530584922263177, 49.901729136773795 ], [ 18.511318165795572, 49.901700756487628 ], [ 18.492051439029208, 49.901670810187554 ], [ 18.477924176207324, 49.910037259579703 ], [ 18.472658911409614, 49.913182134283595 ], [ 18.458571972888549, 49.92151835321382 ], [ 18.45325714658734, 49.924690842772058 ], [ 18.433981345908457, 49.924653837061342 ], [ 18.420025720491541, 49.932901816225339 ], [ 18.414565785665083, 49.936157120162029 ], [ 18.395285474008126, 49.936115666671348 ], [ 18.376005205413662, 49.936072537180664 ], [ 18.356724981877559, 49.93602770453797 ], [ 18.350849889672872, 49.93253527277259 ], [ 18.337602952399617, 49.924444150256662 ], [ 18.331566439606544, 49.92085588640149 ], [ 18.318490013749319, 49.912862893323123 ], [ 18.305190468543252, 49.920700864574833 ], [ 18.299051917940687, 49.924348179204735 ], [ 18.285798617473855, 49.932152938061492 ], [ 18.285570182180376, 49.943721382216111 ], [ 18.285344172987365, 49.955289818225751 ], [ 18.279260389877763, 49.9589012979554 ], [ 18.265935288818014, 49.966738431407251 ], [ 18.259794364037575, 49.970381106991631 ], [ 18.240500700904651, 49.970321204394601 ], [ 18.221207105943421, 49.970259130090675 ], [ 18.208144408111654, 49.977928162134894 ], [ 18.207899317114226, 49.989496285150715 ], [ 18.201531809589113, 49.993264895630716 ], [ 18.182229173342449, 49.993195812863995 ], [ 18.175658141345082, 49.989271687385617 ], [ 18.163126773762169, 49.98159074334496 ], [ 18.150332054509061, 49.989088977089708 ], [ 18.14362415341332, 49.993050046122676 ], [ 18.124321779836908, 49.992973099182926 ], [ 18.111684934002295, 50.000369331593276 ], [ 18.104805397862648, 50.004424964983137 ], [ 18.092214858112595, 50.011788445076711 ], [ 18.09193868624423, 50.023356073909369 ], [ 18.091664959818893, 50.034923698928033 ], [ 18.084841483927796, 50.03894239453404 ], [ 18.072177694878533, 50.046339292178182 ], [ 18.065297007238424, 50.05038808853427 ], [ 18.052680796774869, 50.057751534261058 ], [ 18.04574324562336, 50.061830118197562 ], [ 18.026413789618047, 50.061731367931806 ], [ 18.019329890379559, 50.057474539158882 ], [ 18.00732249657117, 50.050094317748204 ], [ 18.000082018381008, 50.045740536769664 ], [ 18.000260527498543, 50.034172274967801 ], [ 18.007740165602215, 50.029836232094716 ], [ 18.014826426908705, 50.034296842632969 ], [ 18.026819631800482, 50.041669257864726 ], [ 18.039106813069484, 50.034500423856819 ], [ 18.03927587919226, 50.022932025508887 ], [ 18.039442050078058, 50.011363580608013 ], [ 18.027579021135047, 50.004069128217374 ], [ 18.00827274131619, 50.003971278556193 ], [ 17.996227411585341, 50.010997788635436 ], [ 17.98872472330817, 50.015396903102811 ], [ 17.98119449505683, 50.01086676776147 ], [ 17.969660614011239, 50.003763608561805 ], [ 17.950354783714442, 50.00365340447572 ], [ 17.942551952423649, 49.998951130262647 ], [ 17.931304595403812, 49.992015601862413 ], [ 17.923327976017006, 49.987204386791873 ], [ 17.912263565720899, 49.980376539714293 ], [ 17.892967454725767, 49.980253782078272 ], [ 17.884720293737807, 49.975269670083705 ], [ 17.873940364421447, 49.968608909628649 ], [ 17.862854528957662, 49.975057387121829 ], [ 17.854375830922965, 49.979992742282093 ], [ 17.843293879055388, 49.98643400696097 ], [ 17.83480210688559, 49.991371767398846 ], [ 17.823721640804884, 49.997807215997305 ], [ 17.823359841150623, 50.009373534829564 ], [ 17.814935902927978, 50.014266856275952 ], [ 17.795627075164631, 50.014115318106668 ], [ 17.78454226984822, 50.020543379961268 ], [ 17.784175590262667, 50.032109511007377 ], [ 17.77573279529533, 50.037003408886058 ], [ 17.764566014778023, 50.043472360999708 ], [ 17.764199764814375, 50.055038405195077 ], [ 17.763836268072783, 50.06660445601478 ], [ 17.755521075600814, 50.071419629656376 ], [ 17.744210128069266, 50.077963684341071 ], [ 17.73588676635535, 50.082778480153614 ], [ 17.724572369989069, 50.089319474451969 ], [ 17.724206516470904, 50.100885341455303 ], [ 17.715934947762445, 50.105665274297309 ], [ 17.704554645970159, 50.112237592855941 ], [ 17.696277286362129, 50.117015808863641 ], [ 17.688161733637621, 50.112053521053461 ], [ 17.6772462276932, 50.105292327253935 ], [ 17.657902299310269, 50.105097052501335 ], [ 17.646664197539522, 50.111577205157161 ], [ 17.646283493154986, 50.123142675429968 ], [ 17.637904251112218, 50.127964122381407 ], [ 17.62659026305553, 50.134481297520587 ], [ 17.618219396959692, 50.139292902403234 ], [ 17.606885556972685, 50.145816453110029 ], [ 17.598525292858909, 50.150616980781692 ], [ 17.587169431307494, 50.157148137861419 ], [ 17.598135404312742, 50.163949783312304 ], [ 17.606121678634249, 50.168947021683636 ], [ 17.617166783908296, 50.175792600741616 ], [ 17.636537587815731, 50.176042418770791 ], [ 17.655908582727381, 50.176291638098306 ], [ 17.66374630372324, 50.181194107145274 ], [ 17.674959108989089, 50.188131120920083 ], [ 17.694335173755544, 50.188379106762468 ], [ 17.70204225861961, 50.193198100653703 ], [ 17.713399982877522, 50.200215802348097 ], [ 17.732781125001214, 50.200462320144247 ], [ 17.740344174234039, 50.205189441232541 ], [ 17.75186023695537, 50.212295889902684 ], [ 17.759331376381471, 50.216963409611218 ], [ 17.758999888350449, 50.228529485630027 ], [ 17.758670321856918, 50.240095559687205 ], [ 17.751018542123965, 50.244528079270722 ], [ 17.73900234342306, 50.25145337058165 ], [ 17.731310859914547, 50.255904241619845 ], [ 17.719323164678119, 50.262807738306208 ], [ 17.718989447490411, 50.274373621544314 ], [ 17.730629191884571, 50.281550260330711 ], [ 17.738015631325855, 50.286151295262698 ], [ 17.749740058984219, 50.29337468380627 ], [ 17.757050075277252, 50.297925887851889 ], [ 17.749506178073165, 50.302295908898522 ], [ 17.730081729860068, 50.302120208085626 ], [ 17.717998974177821, 50.309071254642674 ], [ 17.717672274875444, 50.320637125737882 ], [ 17.710032175222377, 50.32505371637194 ], [ 17.690598842535774, 50.324867044392647 ], [ 17.683051332008947, 50.320250098152165 ], [ 17.683355266012949, 50.308684036703127 ], [ 17.683657044380919, 50.297117928644845 ], [ 17.672131724063728, 50.290005162171092 ], [ 17.664497209604988, 50.285329808920693 ], [ 17.653039270875706, 50.278253274211728 ], [ 17.645349152042826, 50.273538610911643 ], [ 17.633956263372884, 50.266496929303962 ], [ 17.614547615303398, 50.266287783937564 ], [ 17.602792106160013, 50.273034770164486 ], [ 17.594799247299605, 50.277625661734447 ], [ 17.575386537094268, 50.277404770424596 ], [ 17.567594554625042, 50.272606279505283 ], [ 17.556323577121294, 50.265625261329575 ], [ 17.536916220744796, 50.26539277080132 ], [ 17.525246541082119, 50.27207660395063 ], [ 17.517150389729608, 50.276707158087866 ], [ 17.49773901906886, 50.276463131645862 ], [ 17.489912432467587, 50.271622840061184 ], [ 17.478696191283969, 50.264661075960063 ], [ 17.4592902071266, 50.26440606079013 ], [ 17.451447815043974, 50.259546843204816 ], [ 17.440261858676919, 50.252594980348853 ], [ 17.428631885530688, 50.259240547365089 ], [ 17.42822761932036, 50.270804913887211 ], [ 17.420097028402363, 50.275431887123801 ], [ 17.400687415146649, 50.275160893427199 ], [ 17.388985090826843, 50.281837369160854 ], [ 17.380886219153069, 50.286437601684597 ], [ 17.373134084055053, 50.281616557848501 ], [ 17.373505790572217, 50.270051890345954 ], [ 17.362265574922162, 50.263053163116076 ], [ 17.350556327747999, 50.269728409511636 ], [ 17.350134176070707, 50.281292312180973 ], [ 17.349714200251292, 50.29285622388511 ], [ 17.349296356497288, 50.304420144023496 ], [ 17.341255846195995, 50.30897883275199 ], [ 17.329436525730561, 50.31570625636833 ], [ 17.321426655872699, 50.320243480790609 ], [ 17.302000073745386, 50.319947419421993 ], [ 17.282573853840752, 50.319647010795755 ], [ 17.270658839273374, 50.32641655311825 ], [ 17.262726652700426, 50.330898318212277 ], [ 17.243296461835332, 50.330589198043882 ], [ 17.231303171721812, 50.337394334720912 ], [ 17.223435573213226, 50.341832413649421 ], [ 17.211393887634706, 50.348659652348601 ], [ 17.210949719280052, 50.360222725077499 ], [ 17.203128894671366, 50.364630594460877 ], [ 17.191027675734052, 50.371484386112904 ], [ 17.190582234442484, 50.383047345034974 ], [ 17.182802423361778, 50.387428314522346 ], [ 17.163350187931552, 50.387101306473106 ], [ 17.156020666196966, 50.382504429717784 ], [ 17.144349527972146, 50.375211521112185 ], [ 17.13212407819595, 50.38212303487515 ], [ 17.124446804097971, 50.386437084350206 ], [ 17.112172425224699, 50.393370803231669 ], [ 17.111708644952387, 50.404933219732932 ], [ 17.104073362325696, 50.409220119049074 ], [ 17.084613166914892, 50.408878621098808 ], [ 17.065153329636907, 50.408534187848332 ], [ 17.045693847896352, 50.408186959769409 ], [ 17.033241656556161, 50.41520274144802 ], [ 17.025754231007628, 50.419395785614022 ], [ 17.0062907578926, 50.419042413644135 ], [ 16.986827635350011, 50.418686591135007 ], [ 16.967364860984304, 50.418328434523183 ], [ 16.954750255938222, 50.425419029552721 ], [ 16.947402787356324, 50.429524258096265 ], [ 16.934741315653319, 50.436635580809735 ], [ 16.927431282493739, 50.44071730974165 ], [ 16.914724267573181, 50.447848576866491 ], [ 16.907450339286807, 50.451907610453603 ], [ 16.900604964025312, 50.447594613655774 ], [ 16.888489385873395, 50.439981829497917 ], [ 16.881660487309283, 50.435680988103492 ], [ 16.882161217363041, 50.424119910441682 ], [ 16.87005613345961, 50.416506294850436 ], [ 16.863217450053487, 50.412203169447935 ], [ 16.870431593699358, 50.408134837052536 ], [ 16.883153528382714, 50.400997526426053 ], [ 16.890404392926712, 50.396904389187149 ], [ 16.903078504955108, 50.389788298275491 ], [ 16.910367817959777, 50.385669365939073 ], [ 16.922992409344801, 50.378575490328181 ], [ 16.923471866788518, 50.367013816263274 ], [ 16.923948148441326, 50.355452064720268 ], [ 16.931329064638945, 50.351273994874283 ], [ 16.943838857980122, 50.344235319622371 ], [ 16.944305820970964, 50.332673308854261 ], [ 16.944769495571389, 50.321111219154048 ], [ 16.952259854222657, 50.316863709120604 ], [ 16.964636853858028, 50.309890547791227 ], [ 16.972175126239726, 50.305611672554271 ], [ 16.991593121826678, 50.305939981232193 ], [ 17.003893126106849, 50.299001157531421 ], [ 17.011494719676698, 50.294679703067935 ], [ 17.02373349534999, 50.287770000599672 ], [ 17.024172353443127, 50.276207199015161 ], [ 17.024607798465976, 50.26464431846864 ], [ 17.01304846647697, 50.257378268231619 ], [ 17.005652991703503, 50.252750177285719 ], [ 17.006084137959114, 50.241187228636107 ], [ 17.013907089941597, 50.236731119352427 ], [ 17.025892980565004, 50.229955191787504 ], [ 17.014486665464645, 50.222780538260899 ], [ 16.995102700283322, 50.2224441261964 ], [ 16.983108524250859, 50.229220202976315 ], [ 16.982565621086906, 50.240781175426172 ], [ 16.974742152013942, 50.245163929773113 ], [ 16.967309208050011, 50.24051522068735 ], [ 16.967741804631924, 50.228952369579616 ], [ 16.95633567006195, 50.221766473136903 ], [ 16.9369525994044, 50.221425434380656 ], [ 16.917569821254951, 50.221083050484545 ], [ 16.89818733270905, 50.220739415567323 ], [ 16.890607160481593, 50.216006664317142 ], [ 16.891040694110789, 50.204443973432241 ], [ 16.879826361952425, 50.197360861304759 ], [ 16.860453615271428, 50.19701847919692 ], [ 16.84864988961283, 50.203666432791074 ], [ 16.840561581429341, 50.208187367764339 ], [ 16.832839365877309, 50.203372466463527 ], [ 16.833273913330093, 50.191809910727585 ], [ 16.822232612422901, 50.184823506599642 ], [ 16.802865235020366, 50.184480813653529 ], [ 16.794889572762159, 50.179516611155123 ], [ 16.795317132119742, 50.167953972753061 ], [ 16.795739443344431, 50.156391214585753 ], [ 16.785093657441166, 50.149643516552196 ], [ 16.776745690952261, 50.14445820465162 ], [ 16.766275812812456, 50.137817048032495 ], [ 16.746927307968836, 50.13748270566257 ], [ 16.738322135049525, 50.132145048772578 ], [ 16.738728948536821, 50.120582057225882 ], [ 16.728666347582376, 50.114189710856564 ], [ 16.719703187614584, 50.108638854385205 ], [ 16.709874609602274, 50.102390516348571 ], [ 16.690540171879658, 50.10206606315252 ], [ 16.671205904943637, 50.101742520134252 ], [ 16.661004790137422, 50.107470655247248 ], [ 16.651311061664579, 50.112881258566013 ], [ 16.631972665472809, 50.112556506725852 ], [ 16.62182804004075, 50.118245537302705 ], [ 16.621091724767766, 50.129801539211016 ], [ 16.611493447741257, 50.135153985358208 ], [ 16.592146465303344, 50.134824728901442 ], [ 16.581898460446926, 50.140562726461944 ], [ 16.581154775615278, 50.152118346601277 ], [ 16.571638554887731, 50.157420226241875 ], [ 16.561177262041848, 50.163271464292819 ], [ 16.560436049661377, 50.174827000146927 ], [ 16.559700858231576, 50.186382641155276 ], [ 16.558971453031894, 50.197938382479371 ], [ 16.558247611244937, 50.209494219525567 ], [ 16.55752912136035, 50.221050147932878 ], [ 16.548759179343634, 50.225928999269136 ], [ 16.537525571687528, 50.232198755620544 ], [ 16.528783143046375, 50.237060083484245 ], [ 16.517515612330175, 50.243343820953065 ], [ 16.508797737221901, 50.248189290296665 ], [ 16.497499224570635, 50.254485341095936 ], [ 16.496773394398542, 50.266040762379774 ], [ 16.488198489057762, 50.270803608773797 ], [ 16.476746286903083, 50.277178531939043 ], [ 16.468189246988359, 50.281929296421112 ], [ 16.456712665832004, 50.288312748491897 ], [ 16.455983043915101, 50.299867846891544 ], [ 16.447555418782141, 50.3045436545789 ], [ 16.435938492350534, 50.310998300960541 ], [ 16.435209079459355, 50.322553273774403 ], [ 16.42690144172008, 50.327159444054651 ], [ 16.407479747892435, 50.326785667014931 ], [ 16.388058267064853, 50.326412564594968 ], [ 16.376512841949538, 50.332814030516985 ], [ 16.375765302524478, 50.34436828858653 ], [ 16.367366397671685, 50.34901972625989 ], [ 16.355694378624857, 50.355484484216575 ], [ 16.36662235373743, 50.362462336474508 ], [ 16.374283730093879, 50.367477048298795 ], [ 16.366093495098681, 50.372010977647733 ], [ 16.354203557995284, 50.378592813994601 ], [ 16.346012437170593, 50.383125177632017 ], [ 16.326568911020928, 50.382740148460513 ], [ 16.307125601043087, 50.38235585273496 ], [ 16.299033716377039, 50.377323943577224 ], [ 16.288337959295934, 50.370484017595359 ], [ 16.276891392465199, 50.376807306812609 ], [ 16.268239587918803, 50.381590094991772 ], [ 16.256797166478361, 50.387906077952643 ], [ 16.256016678541627, 50.399458918445859 ], [ 16.247466035760393, 50.404182624658013 ], [ 16.235911108398952, 50.41055388143932 ], [ 16.227343599725089, 50.415284775784315 ], [ 16.215799029904478, 50.421645261842272 ], [ 16.207211683205877, 50.426384977254195 ], [ 16.195680459208024, 50.43273305759179 ], [ 16.194889865233918, 50.444285292713246 ], [ 16.205747869655628, 50.451236100558283 ], [ 16.213455407038104, 50.456302926968775 ], [ 16.224529929371698, 50.4633870468816 ], [ 16.243997704300259, 50.463915004139629 ], [ 16.251425923668297, 50.468777715410354 ], [ 16.262795788920069, 50.476041449518974 ], [ 16.28227001673644, 50.476552966517794 ], [ 16.289462058900902, 50.481241451593164 ], [ 16.301083988247861, 50.488656706333451 ], [ 16.308142541202759, 50.493246283771683 ], [ 16.307423231704291, 50.504800642016185 ], [ 16.319251402552677, 50.512340207133526 ], [ 16.331902104859832, 50.505364617497662 ], [ 16.339394320225527, 50.501235276729702 ], [ 16.358881195137517, 50.501716600746327 ], [ 16.365715250892059, 50.506135160921666 ], [ 16.377726606596834, 50.513779235051317 ], [ 16.38447161863019, 50.518129187759591 ], [ 16.396582093004575, 50.525830555721001 ], [ 16.403250978873185, 50.530120612779385 ], [ 16.396129244379804, 50.53405330567513 ], [ 16.383109667059962, 50.541240207584359 ], [ 16.395305946179512, 50.548992774437735 ], [ 16.401909238132031, 50.553232202091252 ], [ 16.40124226183535, 50.564788053916764 ], [ 16.413546546401101, 50.572601692518866 ], [ 16.43306519277407, 50.573050133691233 ], [ 16.43957383718411, 50.577208246872878 ], [ 16.438926182232255, 50.588764637942191 ], [ 16.432002256947566, 50.592586182038737 ], [ 16.418766391405867, 50.599890032231642 ], [ 16.411840509894418, 50.60371080206221 ], [ 16.398599206544063, 50.611011818473244 ], [ 16.391669210755385, 50.614833009723945 ], [ 16.37842463805741, 50.622129994014074 ], [ 16.377765117584069, 50.633685818955541 ], [ 16.370843947941566, 50.637499498472884 ], [ 16.357578393474398, 50.644800178397965 ], [ 16.350648306760739, 50.648616929888064 ], [ 16.337384292587306, 50.655910920319933 ], [ 16.330443086110062, 50.659731957162577 ], [ 16.310888351581358, 50.659297823409744 ], [ 16.291333961330299, 50.658862912062737 ], [ 16.278127462791133, 50.66611186204107 ], [ 16.271110436241965, 50.669970773469259 ], [ 16.251552028973126, 50.669532800593863 ], [ 16.231993959942727, 50.669094202134659 ], [ 16.225281792238615, 50.664864822273763 ], [ 16.225932556727422, 50.653309414754816 ], [ 16.226579808093611, 50.641753904747056 ], [ 16.214485225677691, 50.634045439400396 ], [ 16.194941858098893, 50.633611336240705 ], [ 16.182029468522121, 50.640684271842815 ], [ 16.174707015705092, 50.644707916831152 ], [ 16.155159603369572, 50.644271403902614 ], [ 16.142333289349605, 50.651287888048756 ], [ 16.134910808737686, 50.655363625594667 ], [ 16.115359341599497, 50.654924904331516 ], [ 16.095808171867034, 50.654486206274619 ], [ 16.088591489326529, 50.649956588659691 ], [ 16.076972939291231, 50.642525169943774 ], [ 16.069610712195765, 50.637909212000388 ], [ 16.070266530277745, 50.626354458753887 ], [ 16.058865732817331, 50.619055249132792 ], [ 16.051274313937537, 50.614303647967134 ], [ 16.040052354036668, 50.60711352218231 ], [ 16.032272505222014, 50.602249391414993 ], [ 16.021247787170761, 50.595180321154089 ], [ 16.009366987627569, 50.601663120988945 ], [ 16.000989367841008, 50.606260000643701 ], [ 15.989152874189328, 50.612713444719418 ], [ 16.000130391893151, 50.619755863868939 ], [ 16.007746325011357, 50.624764294458679 ], [ 16.006941457238561, 50.636314993010416 ], [ 16.006140090442951, 50.647865762558943 ], [ 16.00534212607247, 50.659416600632845 ], [ 16.004547471256831, 50.670967504904482 ], [ 15.99658628281321, 50.675329900086986 ], [ 15.984301728729987, 50.682016336584894 ], [ 15.976286790916587, 50.686406163351869 ], [ 15.956723597134769, 50.685963508577565 ], [ 15.937160645733043, 50.685521717556021 ], [ 15.917597924171673, 50.685080958169436 ], [ 15.909571777398391, 50.680057184030829 ], [ 15.898794556939576, 50.673134794079502 ], [ 15.879236844746073, 50.672699563064775 ], [ 15.867736737985551, 50.678939428448523 ], [ 15.866886714400424, 50.690488170532866 ], [ 15.858142005806188, 50.695270030256545 ], [ 15.846623820726322, 50.701512901651398 ], [ 15.845772128432305, 50.713061462611279 ], [ 15.837026275894887, 50.717840636041835 ], [ 15.82549774810883, 50.724082303663032 ], [ 15.824644292786832, 50.735630681017362 ], [ 15.823794513372775, 50.747179140158146 ], [ 15.815108028111405, 50.751921463531325 ], [ 15.795518864791836, 50.751472449847292 ], [ 15.787054577988197, 50.746171689029545 ], [ 15.776720673041437, 50.73952097200096 ], [ 15.757136436918939, 50.739078828421071 ], [ 15.737552330561456, 50.738639044843502 ], [ 15.717968331901861, 50.738201887880834 ], [ 15.698384417183027, 50.737767641832704 ], [ 15.68794455244212, 50.743396030310898 ], [ 15.687030280753804, 50.754941959399247 ], [ 15.677172624376711, 50.760313894403112 ], [ 15.657579752238169, 50.759878695278225 ], [ 15.637986914051364, 50.759447008149309 ], [ 15.627998883906484, 50.764820281560105 ], [ 15.617565407529513, 50.770500826058743 ], [ 15.607701348883076, 50.775803109375893 ], [ 15.59713409245939, 50.781553829815039 ], [ 15.577532206122903, 50.781126097578991 ], [ 15.557930260490362, 50.780702952064203 ], [ 15.538328218687136, 50.780284807967519 ], [ 15.518726041063475, 50.779872107975748 ], [ 15.510104990010804, 50.784492796603217 ], [ 15.498266616964465, 50.790926502509755 ], [ 15.478659639430351, 50.790520801834788 ], [ 15.470528701084277, 50.794872989391507 ], [ 15.458185681066421, 50.801576342955443 ], [ 15.450234427196932, 50.805828897122382 ], [ 15.4377017899146, 50.812632072602163 ], [ 15.425564518785457, 50.805074723880708 ], [ 15.418961580272363, 50.800788799366778 ], [ 15.406292415188844, 50.792909366359801 ], [ 15.406985539295819, 50.781358179765057 ], [ 15.401107496712278, 50.777539091916928 ], [ 15.3815029766052, 50.777179711429433 ], [ 15.375504590451637, 50.780382976653911 ], [ 15.374406153646687, 50.791921444658215 ], [ 15.373316050476015, 50.803460153530843 ], [ 15.372233971794653, 50.814999093836477 ], [ 15.371159624237354, 50.826538256620836 ], [ 15.370092729439508, 50.838077633387272 ], [ 15.356559575861688, 50.845412050915584 ], [ 15.349795001015531, 50.849016298617428 ], [ 15.336030973815861, 50.856472368042738 ], [ 15.329495957404738, 50.859951469188402 ], [ 15.315492303918361, 50.867533811860355 ], [ 15.309195891323863, 50.870883154679312 ], [ 15.294943540106212, 50.878596557869393 ], [ 15.288895109654661, 50.881811365323799 ], [ 15.287804985613242, 50.893349413313103 ], [ 15.286722242958875, 50.904887678664153 ], [ 15.27255521675947, 50.912547576546871 ], [ 15.266405509879867, 50.915811637749194 ], [ 15.26532229866824, 50.927349726508602 ], [ 15.27107147523882, 50.931087581214193 ], [ 15.283515862026604, 50.93950370274537 ], [ 15.289774509924822, 50.94356974304074 ], [ 15.30176355310903, 50.951656433003265 ], [ 15.28856089772583, 50.95878948379498 ], [ 15.281410921739734, 50.962582006088716 ], [ 15.280367637934493, 50.974121424999744 ], [ 15.267043905700602, 50.981314721878924 ], [ 15.247358538370133, 50.980898206711309 ], [ 15.24070303741871, 50.984422672554039 ], [ 15.239645573823054, 50.995961361629917 ], [ 15.22581047097283, 51.00342369636892 ], [ 15.212484097340766, 50.99508273860711 ], [ 15.207051453458991, 50.991549643870982 ], [ 15.19318724667994, 50.982881762760947 ], [ 15.188299726875602, 50.97970077011437 ], [ 15.182918048742515, 50.982546185288122 ], [ 15.181818291533959, 50.994083127682167 ], [ 15.180725575948975, 51.005620283580015 ], [ 15.179639683749006, 51.017157645995638 ], [ 15.164831317941541, 51.025135618369539 ], [ 15.150552711379918, 51.016201643507927 ], [ 15.146077023501521, 51.013287295188078 ], [ 15.131198595685197, 51.003988443488417 ], [ 15.131983646038572, 50.99244140998529 ], [ 15.128283050769921, 50.990029427716884 ], [ 15.12420202382684, 50.992183128342475 ], [ 15.107631499900004, 51.00110898741319 ], [ 15.103894015731305, 51.003079771436127 ], [ 15.102746491236312, 51.01461457910959 ], [ 15.086005563622086, 51.023625728443832 ], [ 15.066297098687905, 51.023278775919408 ], [ 15.04954677938386, 51.012825339901163 ], [ 15.047559962544415, 51.011528040035081 ], [ 15.045364326168844, 51.012683640711906 ], [ 15.02687704793534, 51.022628233201999 ], [ 15.007165234472339, 51.02232684900639 ], [ 14.987452062498434, 51.022042993911214 ], [ 14.976031498494187, 51.021886245523191 ], [ 14.967963507039384, 51.033181203199931 ], [ 14.966573530959657, 51.035167877682817 ], [ 14.965543083150772, 51.044671042572702 ], [ 14.964303073556904, 51.05620166298084 ], [ 14.964719725103002, 51.056474097381468 ], [ 14.982128802385134, 51.068390200469899 ], [ 14.980928181431745, 51.079922287859382 ], [ 14.982358312892583, 51.080856513016251 ], [ 14.998862667135326, 51.092111820534242 ], [ 14.997697319478492, 51.103645222905342 ], [ 14.996540137033136, 51.11517888881756 ], [ 14.9953908768434, 51.126712810130762 ], [ 14.994249308470934, 51.138246979125547 ], [ 14.997002963374275, 51.140042968457749 ], [ 15.012350840189539, 51.150439787411322 ], [ 14.995310005507095, 51.15957637625349 ], [ 14.991988384364369, 51.161316031264583 ], [ 14.99498944195075, 51.163272578055029 ], [ 15.010133115865909, 51.17351053939425 ], [ 15.009034185219418, 51.185046231146053 ], [ 15.01270066539, 51.187434309712344 ], [ 15.027257941776599, 51.197240579795562 ], [ 15.026184525640762, 51.20877723138652 ], [ 15.025116941763272, 51.220314066058606 ], [ 15.024055061007916, 51.231851079546267 ], [ 15.028438553583037, 51.23470224518271 ], [ 15.042386283064589, 51.244046396296412 ], [ 15.041346944161383, 51.255584260114802 ], [ 15.040312747979387, 51.267122283178843 ], [ 15.039283597999512, 51.278660462328546 ], [ 15.038259402557815, 51.290198794565349 ], [ 15.022936449023094, 51.298391814942079 ], [ 15.017797117721074, 51.301076703703608 ], [ 15.016772065002158, 51.312614866906443 ], [ 15.001114109970946, 51.320980620232326 ], [ 14.996307074563374, 51.323489078039607 ], [ 14.995281262877349, 51.335027076163399 ], [ 14.979268946899051, 51.343575594997851 ], [ 14.97481416537641, 51.34589761071723 ], [ 14.973787698359891, 51.357435447961059 ], [ 14.977823723505853, 51.360057516857964 ], [ 14.992232900880529, 51.369641980329114 ], [ 14.97623336716361, 51.378176472560376 ], [ 14.971749434466872, 51.380511584953865 ], [ 14.970737478109108, 51.392049879414984 ], [ 14.969730202862731, 51.403588321117489 ], [ 14.968727533896944, 51.415126907580273 ], [ 14.96772939755008, 51.426665636360276 ], [ 14.971739934196156, 51.429267893957991 ], [ 14.986260201744191, 51.438875658442122 ], [ 14.970136633815779, 51.447461319732092 ], [ 14.965746431138031, 51.449743511193795 ], [ 14.964761455384517, 51.461282652406105 ], [ 14.948208877254695, 51.470089683510757 ], [ 14.944247004534427, 51.472146876573689 ], [ 14.927289698250561, 51.481164703569164 ], [ 14.923737227920196, 51.483007775026088 ], [ 14.906359643842926, 51.492244444452574 ], [ 14.886461019726797, 51.49177094040035 ], [ 14.866561952156379, 51.491305657207256 ], [ 14.864264271773717, 51.492495456975441 ], [ 14.845610479661747, 51.502401523281328 ], [ 14.843789111929107, 51.5033438871641 ], [ 14.824647928904563, 51.513503669609491 ], [ 14.823321979982857, 51.514189133113852 ], [ 14.803674238314748, 51.524612539268048 ], [ 14.783758528653438, 51.524176043444548 ], [ 14.77216326180447, 51.523926932293669 ], [ 14.772163099253472, 51.535500582546902 ], [ 14.772430427759026, 51.547083877039569 ], [ 14.772969570949021, 51.558676967186059 ], [ 14.773784583539612, 51.570279992670443 ], [ 14.774879170901507, 51.581893078462258 ], [ 14.776256600969639, 51.59351633157199 ], [ 14.776903589832029, 51.598109775042047 ], [ 14.777925660609695, 51.605150055598941 ], [ 14.779889273669282, 51.616794340251928 ], [ 14.782145572362699, 51.628449100352725 ], [ 14.784695206333074, 51.640114339202803 ], [ 14.787537778682159, 51.651790020220581 ], [ 14.790671707272656, 51.663476062105673 ], [ 14.790795706449984, 51.663908206625415 ], [ 14.794124594579339, 51.675173428370371 ], [ 14.797867316393548, 51.686881043731859 ], [ 14.801892587289426, 51.69859861646011 ], [ 14.80619235901526, 51.710325826571115 ], [ 14.806455277979538, 51.711013889369369 ], [ 14.81080552641644, 51.722064029831095 ], [ 14.815678055078681, 51.733811258574001 ], [ 14.820791905846226, 51.745566835045729 ], [ 14.822875885313413, 51.750207815542055 ], [ 14.826171464037635, 51.757331592362803 ], [ 14.831784112264575, 51.769104332497584 ], [ 14.837579246259544, 51.780883224719979 ], [ 14.839714575712433, 51.785152953105097 ], [ 14.843583655449494, 51.79266918855533 ], [ 14.849744843828933, 51.804460333609086 ], [ 14.855999424153641, 51.816254396082698 ], [ 14.856793130681393, 51.817754224746814 ], [ 14.862391905617063, 51.828052928438737 ], [ 14.8688118790324, 51.839852022449897 ], [ 14.873981609058106, 51.849410161794189 ], [ 14.875224206620414, 51.851650439205969 ], [ 14.881640440808651, 51.863448585114121 ], [ 14.887934906941645, 51.875242060202105 ], [ 14.891156808500698, 51.88146199621233 ], [ 14.894103361727444, 51.887030737117676 ], [ 14.900095434646119, 51.89881287946438 ], [ 14.905814984474262, 51.910585166446864 ], [ 14.908156786184419, 51.91569269111865 ], [ 14.911258167445801, 51.922347507174464 ], [ 14.916360515568556, 51.934097703184605 ], [ 14.921046540419647, 51.945833183093065 ], [ 14.92464729030805, 51.955803160522024 ], [ 14.925285915798332, 51.957552950129347 ], [ 14.929072242478451, 51.969256835947789 ], [ 14.932327349247588, 51.9809421849871 ], [ 14.935026207506503, 51.992608181962964 ], [ 14.937148563462882, 52.004254171508251 ], [ 14.93867899370051, 52.015879658485666 ], [ 14.938998053528593, 52.019823260759345 ], [ 14.939614652335907, 52.027484574123378 ], [ 14.939940198001848, 52.03906840951224 ], [ 14.939651016568304, 52.05063101697673 ], [ 14.938751206454713, 52.0621725399646 ], [ 14.937248663998083, 52.073693243542429 ], [ 14.93515468982522, 52.085193501290448 ], [ 14.932483572708213, 52.096673781657231 ], [ 14.931788707306291, 52.099119739510087 ], [ 14.929254357511695, 52.108134710026199 ], [ 14.925482701265997, 52.119576788228045 ], [ 14.921187818353964, 52.131000635480731 ], [ 14.916391286574509, 52.142406948363124 ], [ 14.91111579104337, 52.153796458532625 ], [ 14.90554607632116, 52.164845666666565 ], [ 14.905384557551006, 52.165169914178705 ], [ 14.899211552210758, 52.176527739844765 ], [ 14.892626386048343, 52.187870903277329 ], [ 14.885653172670738, 52.199200181923516 ], [ 14.881544026046353, 52.205496646908735 ], [ 14.87830607030717, 52.210516006357039 ], [ 14.8706021869342, 52.221818910238483 ], [ 14.862576184604482, 52.233110044483915 ], [ 14.858157310623479, 52.239054224796199 ], [ 14.854234292800786, 52.244389565965413 ], [ 14.845592803958331, 52.255657985383763 ], [ 14.836690959738606, 52.266916626225651 ], [ 14.835085090263625, 52.268867448569864 ], [ 14.827510050232066, 52.278164770247578 ], [ 14.818097533222799, 52.289404038822695 ], [ 14.812211442285109, 52.296236316316083 ], [ 14.808458399091826, 52.300634556600556 ], [ 14.79859565869122, 52.311856377960183 ], [ 14.789455467495996, 52.322057954269482 ], [ 14.788555742654157, 52.323071107583559 ], [ 14.77829828861516, 52.334277257659124 ], [ 14.767900371428365, 52.34547753953386 ], [ 14.766790290340253, 52.346641853706338 ], [ 14.757307285166757, 52.356669950367696 ], [ 14.746593867683032, 52.36785713823285 ], [ 14.744186426977889, 52.370316717545677 ], [ 14.735714527971274, 52.379037424268454 ], [ 14.724729802206815, 52.390212958122312 ], [ 14.72162278753936, 52.39331643916033 ], [ 14.713602908236091, 52.401382375885618 ], [ 14.70238707229932, 52.41254757752467 ], [ 14.699086875366328, 52.415781025883696 ], [ 14.691047221831985, 52.423707258693597 ], [ 14.679636776688993, 52.434863340643567 ], [ 14.676568814505806, 52.437820373866181 ], [ 14.668114972469853, 52.446014308314446 ], [ 14.656543006247018, 52.457162382187235 ], [ 14.654060660325749, 52.459522172774562 ], [ 14.644867094838432, 52.468305564796879 ], [ 14.633163553107911, 52.479446649094754 ], [ 14.650103051043461, 52.491645125567317 ], [ 14.648680314159026, 52.503165981333446 ], [ 14.628321662098259, 52.513516431592876 ], [ 14.627447449766894, 52.513955184545758 ], [ 14.626011149872783, 52.525475347785907 ], [ 14.62457469414851, 52.536995489818338 ], [ 14.623138509477291, 52.54851562648409 ], [ 14.624736191844315, 52.54953802389646 ], [ 14.641562867195935, 52.560769890277747 ], [ 14.640141455429196, 52.572290702670756 ], [ 14.621525580813087, 52.581728593853114 ], [ 14.618835470384175, 52.583076148806093 ], [ 14.617404130942253, 52.594596403862766 ], [ 14.615974815974178, 52.606116718828957 ], [ 14.597712808068898, 52.615362055383372 ], [ 14.594643624699357, 52.616897180226033 ], [ 14.57616134555043, 52.626249028098002 ], [ 14.555752591212848, 52.625772570622765 ], [ 14.553438701636171, 52.626928263383235 ], [ 14.534184544848509, 52.636664509393114 ], [ 14.532113463281277, 52.637698024876549 ], [ 14.512605298682496, 52.64755747510663 ], [ 14.510787017116707, 52.648464043813377 ], [ 14.491014820462633, 52.658451645653059 ], [ 14.470588694482441, 52.65800057602862 ], [ 14.469647641930504, 52.658469099794395 ], [ 14.468131814816115, 52.669984907170615 ], [ 14.447800032496339, 52.680244354239626 ], [ 14.446803753295022, 52.680739780212335 ], [ 14.445278897724164, 52.692255039994215 ], [ 14.424987610018126, 52.702484363314774 ], [ 14.423938271878502, 52.703005549035275 ], [ 14.403346180403011, 52.713381103178634 ], [ 14.402598011817933, 52.713752377636318 ], [ 14.401051902288364, 52.725266425880726 ], [ 14.380492821376079, 52.735615678756858 ], [ 14.379699477673404, 52.736008898506086 ], [ 14.358822866183795, 52.746512560883119 ], [ 14.358348014601722, 52.746747713481945 ], [ 14.337141434427833, 52.757411891701373 ], [ 14.33699793992553, 52.757482889501759 ], [ 14.321100479056362, 52.768430010594663 ], [ 14.314799573532703, 52.774345390129007 ], [ 14.30925471475874, 52.779535718321597 ], [ 14.297441659515245, 52.790641631663291 ], [ 14.29194713705227, 52.79583086049918 ], [ 14.285660816635298, 52.801747740823942 ], [ 14.273927233732218, 52.812854656116315 ], [ 14.269052309476294, 52.817489795429459 ], [ 14.262219468919907, 52.823961533881509 ], [ 14.2505705347274, 52.835069705724422 ], [ 14.246112788193988, 52.839339873939608 ], [ 14.238943752656505, 52.846177714741444 ], [ 14.227384067544094, 52.857287378326866 ], [ 14.223126151245875, 52.86139944038495 ], [ 14.215845980680193, 52.868396878757501 ], [ 14.204379640126337, 52.879508252158658 ], [ 14.200089833368317, 52.883687697345728 ], [ 14.19293782439853, 52.890619603617182 ], [ 14.181568484681586, 52.901732889942323 ], [ 14.177001100902094, 52.906224901645103 ], [ 14.170230431612342, 52.9128464533499 ], [ 14.158961370538572, 52.923961842771476 ], [ 14.153857025113858, 52.929032567235616 ], [ 14.152966201723114, 52.935291986931347 ], [ 14.151333596193883, 52.946800353498524 ], [ 14.149708629960486, 52.958309018898007 ], [ 14.150518339381604, 52.958829492107277 ], [ 14.167967968119303, 52.970629471991309 ], [ 14.169693992052038, 52.971738061704635 ], [ 14.190186159003753, 52.97292008307123 ], [ 14.206268928877634, 52.983758541375195 ], [ 14.209387161146575, 52.985758549128583 ], [ 14.229892011670268, 52.986892739383443 ], [ 14.244767603423151, 52.996882717560958 ], [ 14.249117377055416, 52.999668761640713 ], [ 14.263339924026859, 53.009200206486597 ], [ 14.26835742959195, 53.012411367520677 ], [ 14.288883098804396, 53.013480485112133 ], [ 14.302114550423887, 53.022316024777965 ], [ 14.308146217634006, 53.026170879957235 ], [ 14.320841429860183, 53.034630117975212 ], [ 14.327423356465593, 53.038833274553312 ], [ 14.339620660387821, 53.046943111627371 ], [ 14.346714305900814, 53.05146941288892 ], [ 14.35844939183742, 53.059254869481542 ], [ 14.35705339983185, 53.070774375146087 ], [ 14.364769535887069, 53.075692871273098 ], [ 14.375945290885756, 53.083085540280052 ], [ 14.374569459885539, 53.09460595429502 ], [ 14.373197405308854, 53.10612650410232 ], [ 14.371829043124606, 53.11764718654009 ], [ 14.380357442355615, 53.123075586545518 ], [ 14.390809880048419, 53.129958987922514 ], [ 14.389459754224861, 53.141480497136271 ], [ 14.377752433425293, 53.147301971548401 ], [ 14.367745286427995, 53.152209998590997 ], [ 14.366390875516441, 53.163731180733308 ], [ 14.365039754439442, 53.17525248034071 ], [ 14.374119882324345, 53.181025869764518 ], [ 14.384091531991457, 53.187567677663147 ], [ 14.38275717712186, 53.199089744844692 ], [ 14.392254303110779, 53.205122091414211 ], [ 14.401858444552708, 53.211403722704631 ], [ 14.400539835336183, 53.222926512878715 ], [ 14.41041124000534, 53.229190163020348 ], [ 14.419687694328159, 53.235239133965344 ], [ 14.42982559200845, 53.241666662978709 ], [ 14.438867850603279, 53.247549705860806 ], [ 14.449252500182764, 53.254128333070753 ], [ 14.458078929738182, 53.259858160918633 ], [ 14.448117128733111, 53.264800919972949 ], [ 14.436285934948403, 53.270597865027753 ], [ 14.426199339525283, 53.275599990967869 ], [ 14.414487070429157, 53.281333521972577 ], [ 14.413192787055994, 53.292857319381724 ], [ 14.411900747802486, 53.304381193058887 ], [ 14.410610903057952, 53.315905141163775 ], [ 14.409323204811693, 53.327429161916299 ], [ 14.408037606630183, 53.338953253595768 ], [ 14.406754063631395, 53.350477414539995 ], [ 14.396836658813697, 53.355384650486982 ], [ 14.384909588002419, 53.361206662613867 ], [ 14.395484833763254, 53.367899515323849 ], [ 14.404192971239759, 53.373525937860144 ], [ 14.394350533791187, 53.378393324609078 ], [ 14.382335540170823, 53.384254414582948 ], [ 14.381051494111203, 53.395778391420478 ], [ 14.379769380613711, 53.407302433539542 ], [ 14.378489161972306, 53.418826539543126 ], [ 14.377210801875451, 53.430350708087268 ], [ 14.375934265366485, 53.441874937879483 ], [ 14.374659518802893, 53.453399227677288 ], [ 14.364837410065807, 53.458245955766131 ], [ 14.352758417929834, 53.464121370765028 ], [ 14.351479259528832, 53.475645347703626 ], [ 14.350201871187263, 53.487169384458461 ], [ 14.348926223077585, 53.498693479928107 ], [ 14.339001652338478, 53.50358421487757 ], [ 14.327001095559961, 53.509410444920519 ], [ 14.325721120588367, 53.520934231436947 ], [ 14.324442875595187, 53.532458076845124 ], [ 14.31438146708131, 53.537410979206342 ], [ 14.302500254335932, 53.543170244402894 ], [ 14.301217770763076, 53.554693784431841 ], [ 14.311732198546325, 53.561335551073945 ], [ 14.320618264145081, 53.567029956978246 ], [ 14.319346687968038, 53.57855402871332 ], [ 14.318076721304513, 53.590078154915787 ], [ 14.316808342952788, 53.601602334812064 ], [ 14.315541532569734, 53.613126567661688 ], [ 14.305431755666229, 53.618094062098038 ], [ 14.293558341475542, 53.623836241839456 ], [ 14.292287483330538, 53.635360180342857 ], [ 14.29101820620402, 53.646884172863096 ], [ 14.289750492639346, 53.658408218769267 ], [ 14.279417688378429, 53.663478687658284 ], [ 14.267745536952566, 53.669112793226283 ], [ 14.278057748616659, 53.675616543958832 ], [ 14.28721968992029, 53.681456468352955 ], [ 14.276831738135206, 53.686551404718259 ], [ 14.265203958377136, 53.69216036675342 ], [ 14.263935533392599, 53.703684235232267 ], [ 14.262668665596463, 53.715208157510496 ], [ 14.261403341475912, 53.72673213310906 ], [ 14.271597523399874, 53.733154404748987 ], [ 14.280918951737013, 53.739077987359558 ], [ 14.270348466455776, 53.744256004210229 ], [ 14.258877272941355, 53.749780242457128 ], [ 14.269008211210505, 53.756159870020205 ], [ 14.278408874420537, 53.762126942711589 ], [ 14.277155974901268, 53.773651493131176 ], [ 14.275904485883313, 53.785176091501917 ], [ 14.274654396116388, 53.796700737432452 ], [ 14.263838884457487, 53.801992421939197 ], [ 14.252588268193643, 53.807401419211438 ], [ 14.251334866521441, 53.818925806436944 ], [ 14.250082908020637, 53.830450243490496 ], [ 14.238959358057693, 53.835887130368434 ], [ 14.228003114613744, 53.841146265883872 ], [ 14.2267480820495, 53.85267045421935 ], [ 14.225494544583825, 53.864194694991738 ], [ 14.224242494623935, 53.875718987952474 ], [ 14.222991924892758, 53.887243332865246 ], [ 14.221742828427773, 53.898767729505998 ], [ 14.210064655493346, 53.904466041612636 ], [ 14.199637486878915, 53.9094582627975 ], [ 14.208829354506356, 53.915235784349257 ], [ 14.219249029041208, 53.921816677137627 ], [ 14.228501071117597, 53.927627178627965 ], [ 14.24949203766924, 53.928530922491781 ], [ 14.270484414143361, 53.929428512741609 ], [ 14.291478175900293, 53.930320093604465 ], [ 14.30235120152954, 53.925103336366462 ], [ 14.313762633054578, 53.919721789297071 ], [ 14.324826483926424, 53.914408585431097 ], [ 14.336036282602469, 53.909115338785014 ], [ 14.3570226939965, 53.909988353088828 ], [ 14.378010407179278, 53.910855800614705 ], [ 14.387548996868523, 53.916839301696498 ], [ 14.397733574558568, 53.92320562071464 ], [ 14.418729507722004, 53.924063038916756 ], [ 14.439726681492335, 53.924915260848678 ], [ 14.449076316489572, 53.93076464496616 ], [ 14.459475493240516, 53.937251736049099 ], [ 14.46880904195805, 53.943085170297699 ], [ 14.479236066760619, 53.949584197151665 ], [ 14.488554638061892, 53.955402706971093 ], [ 14.499008378201504, 53.961912936055164 ], [ 14.520027342827964, 53.962748276622854 ], [ 14.529252800388287, 53.968499737034215 ], [ 14.539818192077993, 53.975069966213326 ], [ 14.560845118967057, 53.975897128262808 ], [ 14.569979282956762, 53.981583508923904 ], [ 14.580654446382583, 53.988212377496183 ], [ 14.601689283432536, 53.989031720242693 ], [ 14.622725225271424, 53.989846675818576 ], [ 14.63169312886091, 53.995419001786495 ], [ 14.642559746920618, 54.002152840455253 ], [ 14.663603535445759, 54.002960365914085 ], [ 14.684648398862619, 54.003763644688057 ], [ 14.693450767428846, 54.009223533508496 ], [ 14.70450804533457, 54.016061382392415 ], [ 14.725560707636147, 54.016857488719488 ], [ 14.734269614699109, 54.022253118772866 ], [ 14.745438715490318, 54.029150086749269 ], [ 14.766499154847763, 54.029939124862643 ], [ 14.775112000307878, 54.035269178224738 ], [ 14.786395524402531, 54.042226676675568 ], [ 14.807463725078129, 54.043008694110497 ], [ 14.82853295358062, 54.04378660530309 ], [ 14.849603203636665, 54.044560419751491 ], [ 14.857970605369266, 54.049727720117048 ], [ 14.869531387445742, 54.056837087591298 ], [ 14.890609370799016, 54.057603873633887 ], [ 14.911688361690967, 54.058366560159733 ], [ 14.93276835464151, 54.05912514880886 ], [ 14.940890043945455, 54.064130070130105 ], [ 14.952728371737134, 54.071390611903688 ], [ 14.973816078992845, 54.072142068505386 ], [ 14.981834180141293, 54.077077341116023 ], [ 14.993794523383484, 54.084402032779202 ], [ 15.014889942565739, 54.085146263102523 ], [ 15.035986344967686, 54.085886345457311 ], [ 15.043828933043287, 54.09070523769536 ], [ 15.055989971741797, 54.098137425430025 ], [ 15.077094077015294, 54.09887015422261 ], [ 15.098199153455504, 54.099598705870925 ], [ 15.105867113539484, 54.104301842693083 ], [ 15.118227996984203, 54.111840523375314 ], [ 15.139340765793516, 54.11256160075925 ], [ 15.160454493040261, 54.113278476373907 ], [ 15.167949739090909, 54.117867139221119 ], [ 15.180508582773227, 54.125510684857353 ], [ 15.201629989402814, 54.126219984038791 ], [ 15.209021370309397, 54.130738940511328 ], [ 15.221702620567337, 54.138445714788368 ], [ 15.242831699454937, 54.139147371581196 ], [ 15.263961714416865, 54.139844797689285 ], [ 15.271184774496232, 54.144252238063515 ], [ 15.284059633341778, 54.152060448409266 ], [ 15.305197302642108, 54.152750172925046 ], [ 15.326335892829041, 54.153435664097827 ], [ 15.347475397923123, 54.1541169267866 ], [ 15.368615811937589, 54.154793966041005 ], [ 15.389757128883756, 54.155466787045299 ], [ 15.396630769298884, 54.159645407110666 ], [ 15.409900492253778, 54.16766162299384 ], [ 15.431049413759521, 54.168326702081586 ], [ 15.452199222297846, 54.168987567991891 ], [ 15.473349911881991, 54.16964422613799 ], [ 15.494501476553394, 54.170296681724764 ], [ 15.515653910385817, 54.170944939693563 ], [ 15.522200677317461, 54.174909775695184 ], [ 15.53584265019675, 54.183118635517459 ], [ 15.557002636475147, 54.183759133115338 ], [ 15.578163476214172, 54.184395435971965 ], [ 15.584564832223741, 54.188264207691006 ], [ 15.598377481451575, 54.196558503070108 ], [ 15.619545851626482, 54.19718702108451 ], [ 15.640715059901435, 54.19781134265402 ], [ 15.661885100638623, 54.198431469369247 ], [ 15.668093481245778, 54.202173496479062 ], [ 15.682131048838016, 54.210580172524885 ], [ 15.703308589530856, 54.211192467491379 ], [ 15.724486947918232, 54.211800557479549 ], [ 15.745666118558717, 54.21240444140301 ], [ 15.7516910190799, 54.216025837391847 ], [ 15.765943997867662, 54.224538541071098 ], [ 15.7871306396972, 54.225134517972087 ], [ 15.79307588600094, 54.228702395372089 ], [ 15.807427119645515, 54.237261196883075 ], [ 15.828621222610488, 54.237849206035456 ], [ 15.849816114935997, 54.238432969170184 ], [ 15.855638541312212, 54.2419191966897 ], [ 15.87013787035527, 54.250548317275467 ], [ 15.891340205496423, 54.251124020219258 ], [ 15.912543316172021, 54.251695448227991 ], [ 15.933747197162953, 54.252262595548579 ], [ 15.954951843253147, 54.252825456221267 ], [ 15.976157249225148, 54.253384024132259 ], [ 15.997363409855897, 54.253938293066717 ], [ 16.018570319912655, 54.254488256761327 ], [ 16.024075529351027, 54.257765164457304 ], [ 16.038950596267469, 54.266572398378052 ], [ 16.060164887425582, 54.267114066582486 ], [ 16.081379913862953, 54.267651397434776 ], [ 16.086791336718751, 54.270864074232009 ], [ 16.101785457479956, 54.27972329194732 ], [ 16.123007845284953, 54.280252222455523 ], [ 16.128367368850878, 54.28342792163226 ], [ 16.1434320307002, 54.292315706563286 ], [ 16.148775676532612, 54.295478199838563 ], [ 16.163868237745294, 54.304374779464034 ], [ 16.185104605884106, 54.304891097109149 ], [ 16.190404495332221, 54.308021335156866 ], [ 16.20555947730708, 54.316941535058376 ], [ 16.210848681657406, 54.320061548971807 ], [ 16.226026393150828, 54.328987424789567 ], [ 16.231307101261379, 54.332098467581957 ], [ 16.24650536367929, 54.341028717614748 ], [ 16.251779839676853, 54.344132086917519 ], [ 16.266996398832603, 54.353065368406888 ], [ 16.272266975143896, 54.356162402686053 ], [ 16.287499508205823, 54.365097336044279 ], [ 16.292768577813032, 54.368189410361005 ], [ 16.308014701030093, 54.377124583837272 ], [ 16.313284708976433, 54.380213105171372 ], [ 16.312553752290945, 54.391761852029667 ], [ 16.327791937029744, 54.400682411639416 ], [ 16.333091141650538, 54.403782422820036 ], [ 16.348336799403103, 54.412699627512708 ], [ 16.353643188075882, 54.415799669240201 ], [ 16.352926323970621, 54.427348800547485 ], [ 16.368154212471715, 54.436245655527912 ], [ 16.373499822555864, 54.439362908646999 ], [ 16.388728815542368, 54.448252689230195 ], [ 16.394088046867132, 54.451373679388212 ], [ 16.393385513556563, 54.46292319165741 ], [ 16.408586525709225, 54.471786698073352 ], [ 16.413995300858485, 54.47493080774808 ], [ 16.429190935310125, 54.483783477281996 ], [ 16.434619812935956, 54.486935071915497 ], [ 16.433931805530005, 54.498484960508961 ], [ 16.449089055540949, 54.507305354340502 ], [ 16.454577894777085, 54.510486051527927 ], [ 16.469723331799067, 54.519291896896796 ], [ 16.491077152588481, 54.51974488178584 ], [ 16.496581272273339, 54.52292768151478 ], [ 16.51173023765535, 54.531722467438058 ], [ 16.51726418129233, 54.534918465208492 ], [ 16.532395502837815, 54.543695346910546 ], [ 16.553763188992694, 54.544135738874857 ], [ 16.559320707193141, 54.547338883673127 ], [ 16.574447252829373, 54.556099919469162 ], [ 16.595822148949029, 54.556532035193271 ], [ 16.61719763272043, 54.556959951243954 ], [ 16.622776640088386, 54.560166922962658 ], [ 16.637907078645913, 54.568911736708095 ], [ 16.659289731002826, 54.569331618194639 ], [ 16.680672948734106, 54.569747407307801 ], [ 16.702056724504143, 54.570159137641824 ], [ 16.723441051019957, 54.570566843282677 ], [ 16.744825921037997, 54.570970558708709 ], [ 16.76621132737117, 54.57137031868082 ], [ 16.771801589350609, 54.574567705491972 ], [ 16.78697234159532, 54.583295710977964 ], [ 16.808364816596733, 54.583688046362205 ], [ 16.829757806587736, 54.58407654628413 ], [ 16.835379472246995, 54.587285321796756 ], [ 16.850544037306086, 54.595991351821148 ], [ 16.87194405693964, 54.596372723466843 ], [ 16.893344571208125, 54.596750376121228 ], [ 16.914745573613938, 54.59712434171594 ], [ 16.920391320232881, 54.600339379478513 ], [ 16.93556348643267, 54.6090260065778 ], [ 16.941244869892007, 54.612258907868544 ], [ 16.95639354094245, 54.620924465649843 ], [ 16.962109901423332, 54.624174911785573 ], [ 16.977235741891381, 54.632819805515197 ], [ 16.982986273797689, 54.636087384354155 ], [ 16.998090094738764, 54.644712101951477 ], [ 17.003873869673669, 54.647996319190604 ], [ 17.018956605729667, 54.656601417866149 ], [ 17.024772599027223, 54.659901710441659 ], [ 17.039835281957185, 54.668487801359099 ], [ 17.061275735772554, 54.668840150088784 ], [ 17.067110118675725, 54.672147379201668 ], [ 17.082173078221174, 54.680720752235267 ], [ 17.088036064606264, 54.684041994588036 ], [ 17.103082603810673, 54.692598469674856 ], [ 17.124536482705309, 54.692941581596862 ], [ 17.130410872638123, 54.696265727943619 ], [ 17.145464694436303, 54.704813493629061 ], [ 17.166925496896802, 54.705150199826925 ], [ 17.172807106090584, 54.708474741871463 ], [ 17.18787240855054, 54.717016177854248 ], [ 17.209340128215111, 54.717346374136405 ], [ 17.215225308258979, 54.720669028847489 ], [ 17.230305756855351, 54.729206202565265 ], [ 17.251780389092794, 54.729529732822172 ], [ 17.257666270999618, 54.732848584149352 ], [ 17.272764754403298, 54.741383114553194 ], [ 17.294246295804069, 54.741699776073908 ], [ 17.315728247283527, 54.742012709524531 ], [ 17.337210605338186, 54.742321880587497 ], [ 17.343052056389187, 54.745607540823656 ], [ 17.35822671978341, 54.754161615614841 ], [ 17.37971597368302, 54.754463474323948 ], [ 17.401205625232663, 54.754761429544679 ], [ 17.422695670768636, 54.755055441993832 ], [ 17.444186106561421, 54.755345471929203 ], [ 17.465676928807621, 54.755631479331164 ], [ 17.471433413288292, 54.758855503289837 ], [ 17.486737797272216, 54.767448383475937 ], [ 17.508235488404537, 54.76772633781421 ], [ 17.529733555583352, 54.7680001159979 ], [ 17.551231994595447, 54.768269678423238 ], [ 17.572730801125516, 54.768534985996119 ], [ 17.578440025714137, 54.771718363920122 ], [ 17.593829936021262, 54.780330216165943 ], [ 17.615335583439485, 54.780586825320881 ], [ 17.636841586021006, 54.780839032715477 ], [ 17.658347938969033, 54.781086802274181 ], [ 17.664049748842906, 54.784252658638614 ], [ 17.679478853742722, 54.792862741337601 ], [ 17.700992020789641, 54.793101303234558 ], [ 17.722505524154247, 54.793335291206184 ], [ 17.728232518601001, 54.79650353776691 ], [ 17.743661743667339, 54.805095361371542 ], [ 17.765182039081107, 54.80531975747283 ], [ 17.786702655509501, 54.805539452010102 ], [ 17.808223587356327, 54.80575441508072 ], [ 17.813998303214859, 54.808933070048198 ], [ 17.829411559639194, 54.817492415974414 ], [ 17.850939247627078, 54.817697326096173 ], [ 17.872467234287889, 54.817897385812806 ], [ 17.878319939991716, 54.82110543812351 ], [ 17.893680487404524, 54.829617335297741 ], [ 17.91521520168336, 54.829806981680584 ], [ 17.936750196898881, 54.829991661867076 ], [ 17.958285466835385, 54.830171349016631 ], [ 17.979821005216522, 54.83034601642057 ], [ 18.001356805707449, 54.830515637429464 ], [ 18.022892861916727, 54.830680185380587 ], [ 18.044429167398, 54.830839633526026 ], [ 18.065965715651405, 54.830993954961386 ], [ 18.087502500124749, 54.831143122555638 ], [ 18.109039514214434, 54.831287108881902 ], [ 18.130576751266123, 54.831425886149617 ], [ 18.152114204575184, 54.831559426137716 ], [ 18.173651867386866, 54.831687700129471 ], [ 18.195189732896289, 54.831810678848306 ], [ 18.216727794248129, 54.831928332395087 ], [ 18.238266044536161, 54.832040630186548 ], [ 18.259804476802529, 54.83214754089488 ], [ 18.281343084036827, 54.832249032388397 ], [ 18.30288185917497, 54.832345071672997 ], [ 18.324420795097883, 54.832435624834531 ], [ 18.345959884629934, 54.832520656981707 ], [ 18.360981884543278, 54.824605747177721 ], [ 18.367678878396443, 54.821097937683206 ], [ 18.382734729926543, 54.813157971726724 ], [ 18.389385633942791, 54.809670334327564 ], [ 18.404473516777706, 54.801706238767643 ], [ 18.411080157111236, 54.798237875332013 ], [ 18.426198298171713, 54.790250554372435 ], [ 18.426461461433021, 54.778691436431224 ], [ 18.42672047162862, 54.767132276704459 ], [ 18.411651415049175, 54.758895494272352 ], [ 18.405531957306941, 54.755469877467149 ], [ 18.405786755527618, 54.743910683722966 ], [ 18.406037888887198, 54.732351449909551 ], [ 18.412082105681094, 54.729170571077901 ], [ 18.427717731155411, 54.720895233194376 ], [ 18.433727160174826, 54.717729079233465 ], [ 18.449383851107907, 54.709435084604216 ], [ 18.455360040753853, 54.706282884921308 ], [ 18.471036291124467, 54.697971009977508 ], [ 18.471261972477539, 54.686411486120932 ], [ 18.471484334395626, 54.674851925640624 ], [ 18.471703479861997, 54.663292328993869 ], [ 18.471919506955789, 54.651732696615817 ], [ 18.472132509075863, 54.640173028920621 ], [ 18.477720460726431, 54.637216266400124 ], [ 18.499156569365823, 54.637284836248611 ], [ 18.515126163154388, 54.628792175665488 ], [ 18.515324988447642, 54.617232357129488 ], [ 18.515520935477706, 54.605672504919312 ], [ 18.52099917315585, 54.602766101476412 ], [ 18.537090015931575, 54.594196246928952 ], [ 18.537276174071458, 54.582636290224904 ], [ 18.542675699398085, 54.579767275155511 ], [ 18.558824930056954, 54.571156072373071 ], [ 18.559001451986408, 54.559596014618826 ], [ 18.559175376315789, 54.548035925225072 ], [ 18.559346771032772, 54.536475804443107 ], [ 18.55951570072957, 54.524915652511488 ], [ 18.55968222674468, 54.51335546965651 ], [ 18.559846407297211, 54.501795256092819 ], [ 18.564941542267373, 54.499078323075231 ], [ 18.58134066288811, 54.490310763030223 ], [ 18.565128903703236, 54.481428067187665 ], [ 18.560167950050868, 54.478674737642272 ], [ 18.560325414205703, 54.467114433130462 ], [ 18.560480737028097, 54.455554098660876 ], [ 18.565431200674109, 54.452909989199384 ], [ 18.581947880968979, 54.444069353468976 ], [ 18.586887250932755, 54.44142824361542 ], [ 18.603401958346332, 54.432580749980488 ], [ 18.603541716165218, 54.421020263619177 ], [ 18.608441383250216, 54.41839641123557 ], [ 18.62976337961199, 54.418451512056521 ], [ 18.646270997443303, 54.409591989732839 ], [ 18.651183471414772, 54.406956547981274 ], [ 18.672499627560782, 54.407002922639059 ], [ 18.688972961458163, 54.398148541582891 ], [ 18.693901824350171, 54.395499568585514 ], [ 18.710368660019022, 54.386640778585338 ], [ 18.715292053837473, 54.383991843455874 ], [ 18.731751390555271, 54.375129187674645 ], [ 18.736670322803075, 54.372479756277095 ], [ 18.757968759879951, 54.372509403875817 ], [ 18.779267242354408, 54.372534309549025 ], [ 18.800565763891928, 54.372554455948539 ], [ 18.816914725717613, 54.363727379102627 ], [ 18.821914266629829, 54.361026046996088 ], [ 18.843206872022545, 54.361037430312301 ], [ 18.859507171106166, 54.35222346151064 ], [ 18.864537474062455, 54.34950070170207 ], [ 18.885824144348188, 54.349503309276606 ], [ 18.907110823138431, 54.349501105760993 ], [ 18.9283975039477, 54.349494071718311 ], [ 18.933610484019404, 54.352286966347528 ], [ 18.949670078786582, 54.361022058667956 ], [ 18.965751011153191, 54.352300365036697 ], [ 18.970970845482849, 54.349465431003473 ], [ 18.992257493034163, 54.349443781997394 ], [ 19.013544116251609, 54.349417217689286 ], [ 19.034830708434804, 54.349385714860809 ], [ 19.05611726283416, 54.349349249375081 ], [ 19.077403772648402, 54.349307796121458 ], [ 19.098690231021926, 54.349261328959606 ], [ 19.119976631041979, 54.34920982066285 ], [ 19.141262965735663, 54.349153242860773 ], [ 19.162549228066759, 54.349091565980942 ], [ 19.183835410932357, 54.349024759189902 ], [ 19.189763608732271, 54.352156057224072 ], [ 19.205178930270879, 54.360479988320733 ], [ 19.226470884597155, 54.360401579987474 ], [ 19.247762736166734, 54.360317907630844 ], [ 19.269054477509318, 54.360228933635092 ], [ 19.29034610106552, 54.360134618770573 ], [ 19.296763037142842, 54.363501451910764 ], [ 19.311724813981197, 54.371553750157886 ], [ 19.33302212540617, 54.371447162985739 ], [ 19.354319293833424, 54.371335065822464 ], [ 19.375616311217488, 54.371217410904102 ], [ 19.382522467610315, 54.374821218455125 ], [ 19.397024216700366, 54.382604810728303 ], [ 19.418326848167709, 54.382474197812606 ], [ 19.425562757154729, 54.386238230848029 ], [ 19.439752290782675, 54.393842829187008 ], [ 19.461060495333733, 54.393698785177271 ], [ 19.468660077563932, 54.397639699817063 ], [ 19.482503431558339, 54.40504763986133 ], [ 19.503817165215697, 54.404889637490143 ], [ 19.511817452264271, 54.409025557777518 ], [ 19.525277545948676, 54.416217591101542 ], [ 19.54659676135978, 54.416045043197009 ], [ 19.555038255925986, 54.420395731150847 ], [ 19.568074531151414, 54.42735084256848 ], [ 19.576830264742036, 54.431854683655061 ], [ 19.589563971040111, 54.438642269843776 ], [ 19.598655070167975, 54.443309549494622 ], [ 19.611065061397507, 54.449918639203887 ], [ 19.620514052511052, 54.454760305529888 ], [ 19.632577780280361, 54.461179211675301 ], [ 19.644441608692613, 54.454635077163708 ], [ 19.653736646103347, 54.449498816793614 ], [ 19.675071981877913, 54.44927841135236 ], [ 19.696406997636803, 54.449050870648129 ], [ 19.717741681301618, 54.448816085480537 ], [ 19.73907602049438, 54.448573942596205 ], [ 19.760410002524495, 54.44832432455064 ], [ 19.78174361437506, 54.448067109562089 ], [ 19.803076842688654, 54.447802171356216 ], [ 19.813443375221517, 54.442054466443885 ], [ 19.824179913174422, 54.436088090937908 ], [ 19.845506467152703, 54.435811093160702 ], [ 19.866832602068929, 54.435526086112944 ], [ 19.888158303337715, 54.435232928098188 ], [ 19.909483555963387, 54.434931472153025 ], [ 19.930808344521225, 54.434621565820812 ], [ 19.952132653137568, 54.434303050906891 ], [ 19.960917401138101, 54.429410240504751 ], [ 19.97318585808107, 54.422558258365477 ], [ 19.99450334245827, 54.422226590925419 ], [ 20.015820305118837, 54.421885953117922 ], [ 20.037136728554721, 54.421536166555391 ], [ 20.058452594707411, 54.421177045814034 ], [ 20.079767884939685, 54.420808398050703 ], [ 20.101082580005265, 54.420430022585457 ], [ 20.122396660016165, 54.420041710446803 ], [ 20.128909581306466, 54.416395552426259 ], [ 20.143393281871763, 54.408260104565898 ], [ 20.164700330924621, 54.407856980154179 ], [ 20.186006713044904, 54.407443433518111 ], [ 20.207312405958056, 54.407019225353281 ], [ 20.228617386573678, 54.406584105604182 ], [ 20.24992163093609, 54.406137812751574 ], [ 20.27122511417091, 54.405680073039441 ], [ 20.292527810427149, 54.405210599637385 ], [ 20.296181902851142, 54.403154389255008 ], [ 20.313467318683188, 54.393389418367136 ], [ 20.334762724768499, 54.392902833243284 ], [ 20.356057276653274, 54.392403832524991 ], [ 20.377350944758966, 54.391892080011921 ], [ 20.398643698216521, 54.391367221952173 ], [ 20.419935504777577, 54.390828885779214 ], [ 20.421071425416311, 54.390187181858437 ], [ 20.440830351865845, 54.378975121179302 ], [ 20.462114628775225, 54.378417362379345 ], [ 20.481398871823139, 54.377899854998738 ], [ 20.483352318768794, 54.376581804895395 ], [ 20.498879939878552, 54.366121832256368 ], [ 20.504141574082954, 54.362529409055355 ], [ 20.516152579895568, 54.354343813942116 ], [ 20.524909967683843, 54.348292748985997 ], [ 20.53321508325563, 54.342565911416798 ], [ 20.545656976850381, 54.333864530249819 ], [ 20.550065640008523, 54.330788237282341 ], [ 20.566382051870253, 54.31923708866784 ], [ 20.566702335277569, 54.319010905469071 ], [ 20.583203594305377, 54.3072329753251 ], [ 20.587085333031052, 54.304421045236168 ], [ 20.599497637159207, 54.295455454416064 ], [ 20.607765549880302, 54.289390251096123 ], [ 20.615575784117862, 54.283678543365582 ], [ 20.628421994852882, 54.274134069935016 ], [ 20.631435729163488, 54.27190236016169 ], [ 20.647115211732082, 54.260126475701895 ], [ 20.649054287972934, 54.258650545670903 ], [ 20.66263702758053, 54.248350646213581 ], [ 20.66966185366843, 54.242932932956066 ], [ 20.677937532139687, 54.236575819000599 ], [ 20.690243444502357, 54.22695831820706 ], [ 20.693013984049887, 54.224802117463433 ], [ 20.707923107261923, 54.213028822171836 ], [ 20.710798591031871, 54.210723617344733 ], [ 20.722663103093112, 54.201256021293048 ], [ 20.731326366742405, 54.194214906284238 ], [ 20.737174764847254, 54.189484631287677 ], [ 20.751462386503967, 54.177714672989524 ], [ 20.751825539025432, 54.1774115920824 ], [ 20.765638257296096, 54.165944580279891 ], [ 20.772295523728438, 54.160309104653422 ], [ 20.779580604051166, 54.154176192883668 ], [ 20.792734749029929, 54.142880157153861 ], [ 20.793285826858284, 54.142409646442175 ], [ 20.806880157842023, 54.130643127757274 ], [ 20.813142272143001, 54.12511296992281 ], [ 20.820245984808139, 54.118878453698485 ], [ 20.833371140693828, 54.10711588673329 ], [ 20.833516597691165, 54.106983672036129 ], [ 20.846397322728841, 54.09535333191748 ], [ 20.853856238497386, 54.088469494488898 ], [ 20.859176641792864, 54.083593107521445 ], [ 20.871754497266267, 54.071834586783744 ], [ 20.874159635625343, 54.069546927428547 ], [ 20.884189557901312, 54.060076914491425 ], [ 20.894424925690377, 54.050186631700605 ], [ 20.896369471512507, 54.04832190757616 ], [ 20.908418653254941, 54.03656766979686 ], [ 20.9146499254154, 54.030353377144635 ], [ 20.920247815464624, 54.024815667381347 ], [ 20.931873680446873, 54.013065697550026 ], [ 20.934832623298448, 54.010016906788671 ], [ 20.943348634910201, 54.001316973070416 ], [ 20.954562420063635, 53.989571331559645 ], [ 20.954970466022782, 53.989136448739082 ], [ 20.96567889597447, 53.977826166460112 ], [ 20.975059987423091, 53.967653347121967 ], [ 20.976520292734083, 53.966084430494043 ], [ 20.987243626230946, 53.954343601674331 ], [ 20.995098071411306, 53.945518317584664 ], [ 20.997715504672225, 53.942605931347288 ], [ 21.008045945235686, 53.930869646771477 ], [ 21.015080866311518, 53.92266844706824 ], [ 21.018141876225364, 53.919136349814544 ], [ 21.028087087037239, 53.907404685292079 ], [ 21.035003732621071, 53.899026692896072 ], [ 21.037799769688885, 53.895676080536489 ], [ 21.047366414945131, 53.883949117736776 ], [ 21.054861221398834, 53.874502014563703 ], [ 21.056687656250475, 53.872225535938696 ], [ 21.065881428811998, 53.860503362981824 ], [ 21.074646914637569, 53.848986687224169 ], [ 21.074802119994263, 53.848785147633642 ], [ 21.083627765062754, 53.83706785963755 ], [ 21.09218273441828, 53.825354584763076 ], [ 21.09435105205085, 53.822309357277383 ], [ 21.10059918968841, 53.813643067352423 ], [ 21.108794837909766, 53.801934784953495 ], [ 21.113965096155475, 53.794328317043323 ], [ 21.116787584413153, 53.790229468063295 ], [ 21.124626277156189, 53.778526292645708 ], [ 21.132209140034366, 53.766827100781938 ], [ 21.133475998112342, 53.764817056432342 ], [ 21.139666146202575, 53.755129621843501 ], [ 21.146897113660909, 53.743435675396086 ], [ 21.152865491630315, 53.733453624161207 ], [ 21.15390161535181, 53.731745311546057 ], [ 21.160780794443998, 53.720056746894571 ], [ 21.167415308298843, 53.708372163799481 ], [ 21.172109320752927, 53.699808984251959 ], [ 21.173844533559588, 53.696690889731045 ], [ 21.180128773654136, 53.6850118610758 ], [ 21.186174602255196, 53.673336807836421 ], [ 21.191174665937048, 53.663300867296741 ], [ 21.192002563484042, 53.661665391548347 ], [ 21.197697520222999, 53.649996087206631 ], [ 21.203159036521466, 53.638330763898281 ], [ 21.208390407274909, 53.62666939439849 ], [ 21.210005365059782, 53.622915617554845 ], [ 21.213464782490657, 53.615010657087247 ], [ 21.218343040536318, 53.603355298565376 ], [ 21.222994398953915, 53.591703916351811 ], [ 21.227421490604076, 53.580056489480853 ], [ 21.228512408537938, 53.577040653769764 ], [ 21.231691448981607, 53.56841179146889 ], [ 21.235759365840039, 53.556770680080625 ], [ 21.239604580247107, 53.54513356446266 ], [ 21.243229076119569, 53.53350043045689 ], [ 21.246511138118237, 53.522293425037915 ], [ 21.246637257352219, 53.521871216927792 ], [ 21.249892719219805, 53.510244746538802 ], [ 21.252927352901093, 53.498622317159395 ], [ 21.255742490180779, 53.487003922046782 ], [ 21.258339279918896, 53.475389556566221 ], [ 21.260718686044367, 53.463779218272961 ], [ 21.26288148502897, 53.452172906999223 ], [ 21.26346285030608, 53.448704202660267 ], [ 21.264858800346122, 53.440570045712249 ], [ 21.266629078068277, 53.428971054160002 ], [ 21.268179449288191, 53.417376187545919 ], [ 21.269509986555413, 53.405785454623512 ], [ 21.270620557726136, 53.39419886682002 ], [ 21.271510820636593, 53.382616438348599 ], [ 21.272180217204056, 53.371038186325734 ], [ 21.272627966940064, 53.359464130894267 ], [ 21.27285305985766, 53.347894295352127 ], [ 21.27285424875144, 53.336328706286849 ], [ 21.272630040826062, 53.324767393715845 ], [ 21.272178688645209, 53.313210391232786 ], [ 21.271498180369459, 53.301657736160074 ], [ 21.270586229247375, 53.290109469707659 ], [ 21.269440262319748, 53.278565637138257 ], [ 21.268057408292385, 53.267026287939167 ], [ 21.266434484527544, 53.255491476001033 ], [ 21.264567983098768, 53.243961259803463 ], [ 21.262454055847829, 53.232435702608043 ], [ 21.260088498375968, 53.220914872658575 ], [ 21.257466732894617, 53.209398843389195 ], [ 21.254583789853022, 53.19788769364019 ], [ 21.251434288251787, 53.186381507882011 ], [ 21.249230849203261, 53.178956721692892 ], [ 21.248023540158144, 53.174880166399937 ], [ 21.244355965636366, 53.1633835650956 ], [ 21.240403856027495, 53.151892203347153 ], [ 21.236159654353415, 53.14040619658293 ], [ 21.231615249325014, 53.12892566747793 ], [ 21.226761943620545, 53.117450746250206 ], [ 21.225154833226181, 53.113861516765773 ], [ 21.221616541188002, 53.105981083258662 ], [ 21.216154235213427, 53.094517104460515 ], [ 21.210351601555789, 53.083059203347048 ], [ 21.204196756240172, 53.071607552367979 ], [ 21.202133129105484, 53.067954034909846 ], [ 21.197700874664648, 53.060161892422933 ], [ 21.190835152438304, 53.048722700270581 ], [ 21.183572602456266, 53.037290409571341 ], [ 21.179632825571172, 53.031384941232638 ], [ 21.175909859526115, 53.02586501146466 ], [ 21.167826556374333, 53.014446802228711 ], [ 21.159288190428697, 53.003036325176261 ], [ 21.157464971731287, 53.000699595196082 ], [ 21.15028304061854, 52.991633696802673 ], [ 21.140774676783217, 52.98023946978843 ], [ 21.135538117384623, 52.974249390017356 ], [ 21.130732068286822, 52.96885408246645 ], [ 21.120119737328316, 52.957478035274654 ], [ 21.113795205659006, 52.951010453456263 ], [ 21.108895350460681, 52.946111930007312 ], [ 21.097011528971308, 52.934756432727987 ], [ 21.092200641580384, 52.930354589904759 ], [ 21.084407478462332, 52.92341241576591 ], [ 21.071042135233846, 52.912080369525015 ], [ 21.070728370929359, 52.911823465583595 ], [ 21.056790553750595, 52.900762204875548 ], [ 21.049361614365981, 52.895133478049843 ], [ 21.041608084618847, 52.889458374760345 ], [ 21.028083550962585, 52.87998650255004 ], [ 21.025389602218748, 52.878170319943571 ], [ 21.007988065701742, 52.866900107923001 ], [ 21.006883821117668, 52.866210346453997 ], [ 20.989227420684344, 52.855650174393809 ], [ 20.985753250012621, 52.853650513235479 ], [ 20.968940965293278, 52.844422646621823 ], [ 20.964683733179204, 52.84216883988681 ], [ 20.946882430548182, 52.833220789233337 ], [ 20.94366889081935, 52.831659214025784 ], [ 20.922742425212643, 52.822048635247924 ], [ 20.922703260213417, 52.82203120703025 ], [ 20.901782129797159, 52.813207246362161 ], [ 20.895981178449233, 52.810913549483629 ], [ 20.880901235614619, 52.805116382611175 ], [ 20.866124265588752, 52.799821232333564 ], [ 20.860057089684929, 52.797702416389569 ], [ 20.839246423198535, 52.790911597302006 ], [ 20.832236865047825, 52.788783800923369 ], [ 20.81846629739945, 52.784695458469145 ], [ 20.797714518012874, 52.779021210715236 ], [ 20.792972306424335, 52.777818179820571 ], [ 20.776988213163033, 52.773837784801586 ], [ 20.756285958614484, 52.769127552203997 ], [ 20.745859576548884, 52.766955447010425 ], [ 20.735605479593868, 52.764850581592427 ], [ 20.714945041652406, 52.760978685276889 ], [ 20.694303696696576, 52.757502495912448 ], [ 20.686111112703752, 52.756254439174647 ], [ 20.673679212575486, 52.75437864231197 ], [ 20.653070535083199, 52.751592643359409 ], [ 20.632476896883073, 52.749136922181236 ], [ 20.611897135018946, 52.746992764733221 ], [ 20.599680747189552, 52.745886404632984 ], [ 20.591329779595771, 52.745132032807497 ], [ 20.570773737331649, 52.743535555807455 ], [ 20.550228653129846, 52.742203921354466 ], [ 20.529693670555847, 52.741123416220255 ], [ 20.509167993803576, 52.740281317603895 ], [ 20.488650882850724, 52.739665822452686 ], [ 20.468141649014314, 52.739265982269288 ], [ 20.447639650869462, 52.739071642908257 ], [ 20.42714429049807, 52.7390733889074 ], [ 20.40665501003722, 52.739262491936877 ], [ 20.386171288500115, 52.739630862981926 ], [ 20.365692638844827, 52.740171007904841 ], [ 20.345218605268528, 52.740875986057745 ], [ 20.324748760707006, 52.741739371640627 ], [ 20.304282704521018, 52.742755217519637 ], [ 20.283820060352834, 52.743918021236986 ], [ 20.263360474137958, 52.745222692960581 ], [ 20.242903612258079, 52.746664525132289 ], [ 20.222449159823032, 52.748239163586277 ], [ 20.201996819070331, 52.74994257991618 ], [ 20.193921838537268, 52.750665294966652 ], [ 20.181545692155375, 52.751748289361501 ], [ 20.161095633580178, 52.753656240906103 ], [ 20.140646789826217, 52.755677556583443 ], [ 20.120198920598167, 52.757809093611833 ], [ 20.099751796484394, 52.760047909077542 ], [ 20.079305197891724, 52.762391235979329 ], [ 20.070818243489978, 52.763405209713945 ], [ 20.058858092236903, 52.764802582929448 ], [ 20.038410445234206, 52.767284556742489 ], [ 20.017962644681411, 52.769858068985805 ], [ 19.997514505640545, 52.772520685392898 ], [ 19.97706584896298, 52.775270029308452 ], [ 19.973147172968911, 52.775811177039628 ], [ 19.956615204108029, 52.778044628316074 ], [ 19.936163342102777, 52.78088211832398 ], [ 19.915710408722056, 52.783793700062382 ], [ 19.89525624781859, 52.786776886450923 ], [ 19.886670897287168, 52.788053387076616 ], [ 19.87479973897997, 52.789780891746169 ], [ 19.85434097475115, 52.792811999506036 ], [ 19.833880511227168, 52.79590134558611 ], [ 19.813418210178057, 52.799045973485924 ], [ 19.806039591107439, 52.800192835903232 ], [ 19.792952875828462, 52.802184489554925 ], [ 19.772484834390674, 52.805334899535652 ], [ 19.752014558074194, 52.808525622113962 ], [ 19.731541925007939, 52.811752856993216 ], [ 19.728334635723677, 52.812259422424908 ], [ 19.711065487469554, 52.814931127970873 ], [ 19.690586231988298, 52.818118428727814 ], [ 19.670104299140338, 52.821324820573125 ], [ 19.651347393268402, 52.824271061385744 ], [ 19.649619462632604, 52.824537031730067 ], [ 19.629130445055569, 52.827667306230666 ], [ 19.60863849875042, 52.830797107990577 ], [ 19.588143540394128, 52.833920329584721 ], [ 19.572808972240939, 52.836240138875219 ], [ 19.567645172703763, 52.837005904426817 ], [ 19.547142749208845, 52.839998297218834 ], [ 19.526637166940503, 52.842960918040269 ], [ 19.506128374912254, 52.845885896155401 ], [ 19.489771095988363, 52.848175790832393 ], [ 19.485616122468222, 52.848746138345604 ], [ 19.465099832776311, 52.851479262085768 ], [ 19.444580320726562, 52.854147591756544 ], [ 19.424057581148965, 52.856741344248256 ], [ 19.403531621627071, 52.85925011784289 ], [ 19.396336591715631, 52.860088419456304 ], [ 19.38300201535176, 52.861611941124693 ], [ 19.362469090841753, 52.863841449609389 ], [ 19.341933154199506, 52.865953920705586 ], [ 19.321394280340893, 52.867937233711679 ], [ 19.300852563604614, 52.869778754438123 ], [ 19.280308119281699, 52.871465382430692 ], [ 19.273012083772045, 52.871999905875597 ], [ 19.259760893396155, 52.872951524091718 ], [ 19.239211205440927, 52.874243790301215 ], [ 19.21865934913507, 52.875346124924882 ], [ 19.198105531247201, 52.876245001271897 ], [ 19.177549984148285, 52.876926875909739 ], [ 19.156992966348852, 52.87737832749113 ], [ 19.13643476269441, 52.877586213549492 ], [ 19.115875684156752, 52.877537844456548 ], [ 19.095316067160777, 52.877221173031693 ], [ 19.074756272390786, 52.876624997505623 ], [ 19.054196683028223, 52.875739174692718 ], [ 19.033637702384357, 52.874554839350367 ], [ 19.013079750906673, 52.873064624842961 ], [ 19.004451552063838, 52.872313613469665 ], [ 18.992523268519072, 52.871228202918395 ], [ 18.971968746954335, 52.869042898629715 ], [ 18.951416652762713, 52.866532894194386 ], [ 18.930867442605109, 52.863699666911195 ], [ 18.911418105041328, 52.86071677141409 ], [ 18.910321575669052, 52.860541964411361 ], [ 18.88977973302168, 52.856971747049776 ], [ 18.869242180601606, 52.853094257183493 ], [ 18.849531655031296, 52.849090561572062 ], [ 18.848709322098678, 52.848917864904323 ], [ 18.828181973837445, 52.844342295610616 ], [ 18.807660080743506, 52.839507130173423 ], [ 18.79934636567474, 52.837452408239969 ], [ 18.787144294411064, 52.83435352153672 ], [ 18.766634786985414, 52.828932653820686 ], [ 18.755206398283544, 52.825805619158992 ], [ 18.746131808084908, 52.823265810965253 ], [ 18.725635607330627, 52.817367844777998 ], [ 18.714710955882513, 52.814151189524807 ], [ 18.705146202083853, 52.81128374009878 ], [ 18.684663668273611, 52.805038665225311 ], [ 18.676413615695036, 52.802488912490347 ], [ 18.664188026276769, 52.798658830158857 ], [ 18.643718959068639, 52.792205698380904 ], [ 18.639346248105863, 52.790817975147135 ], [ 18.623256704854551, 52.78566311581644 ], [ 18.602800419075312, 52.779137157848439 ], [ 18.582350706392837, 52.772561772215454 ], [ 18.566248084391304, 52.76744500978635 ], [ 18.561906397784142, 52.766059904249822 ], [ 18.541467820854251, 52.759590174936747 ], [ 18.52911264065802, 52.755739233613269 ], [ 18.521034210937469, 52.753217832804587 ], [ 18.500605474910653, 52.746938776258297 ], [ 18.490925353856081, 52.744017266079936 ], [ 18.480181200323383, 52.740776399590168 ], [ 18.459761023880308, 52.734746618071128 ], [ 18.451217192372962, 52.732275916111 ], [ 18.439344764695011, 52.728848837632619 ], [ 18.418931980812065, 52.723102206088186 ], [ 18.409504856412095, 52.720511243490101 ], [ 18.398522548255848, 52.717500186486753 ], [ 18.378116168698558, 52.712049372726305 ], [ 18.365291538011359, 52.708718466437496 ], [ 18.357712553185756, 52.706754901904588 ], [ 18.337311801589628, 52.701595625516347 ], [ 18.318085487504948, 52.696891949425783 ], [ 18.31691318926632, 52.696605738824864 ], [ 18.296517511219641, 52.691720961867325 ], [ 18.276123718645959, 52.686995726405627 ], [ 18.267411037825717, 52.685025166337503 ], [ 18.255732338708935, 52.682385836228633 ], [ 18.235343190769079, 52.677892323899805 ], [ 18.214955812778253, 52.673531821628728 ], [ 18.212957181004139, 52.673111589224774 ], [ 18.194571172989995, 52.669241510407836 ], [ 18.174188453887687, 52.665059476767752 ], [ 18.154636701246364, 52.661145369134736 ], [ 18.153807634163567, 52.660978937423053 ], [ 18.133429820848306, 52.656936690996965 ], [ 18.113054036758808, 52.652978302221563 ], [ 18.092840239687249, 52.649123768607481 ], [ 18.092680384121202, 52.649093123493046 ], [ 18.072310193805297, 52.645213379968695 ], [ 18.051942424548066, 52.641386793029277 ], [ 18.031577223003964, 52.637603305852799 ], [ 18.028590497770363, 52.637049717215866 ], [ 18.011215930541265, 52.633800696959568 ], [ 17.990857828506371, 52.630011274675446 ], [ 17.9705029212165, 52.626234001395488 ], [ 17.963517365680733, 52.624933474791817 ], [ 17.950152464453748, 52.622415620238719 ], [ 17.92980629208536, 52.618565198499219 ], [ 17.909464137866141, 52.614695158396671 ], [ 17.899556138676452, 52.612791663415145 ], [ 17.889127232744983, 52.61075786129171 ], [ 17.868795942622945, 52.606742636252577 ], [ 17.848469717881812, 52.602674462084522 ], [ 17.838490970843822, 52.6006435856631 ], [ 17.828150045512167, 52.598500279747569 ], [ 17.807837408533, 52.594207597549641 ], [ 17.78753114945059, 52.589826063803187 ], [ 17.781554388311299, 52.588506407707001 ], [ 17.767233643571377, 52.585275306178517 ], [ 17.746944434165744, 52.580579406806002 ], [ 17.729340804390951, 52.576392470431855 ], [ 17.726663669039009, 52.575740052337736 ], [ 17.706394490829922, 52.570657055800623 ], [ 17.686134742691173, 52.565413648279282 ], [ 17.681998461959367, 52.564309682592217 ], [ 17.665888344740502, 52.559887758822704 ], [ 17.645653868629577, 52.554138183022864 ], [ 17.639266245233117, 52.552260899745377 ], [ 17.625434648710542, 52.54806785968794 ], [ 17.605230041477668, 52.541710729617797 ], [ 17.600737926035233, 52.540246326600773 ], [ 17.585044107690717, 52.534952474036103 ], [ 17.565996097591665, 52.528265025102911 ], [ 17.564875305986394, 52.527856894206174 ], [ 17.544730022773614, 52.520244398910265 ], [ 17.534747769975404, 52.516316715373726 ], [ 17.524607308713229, 52.512163947846538 ], [ 17.506405718417891, 52.504396766264257 ], [ 17.504509925776247, 52.503552505538146 ], [ 17.484443830969749, 52.494257309095559 ], [ 17.480809813833794, 52.492505220921828 ], [ 17.464411862806916, 52.484222802291519 ], [ 17.45759901061674, 52.480639165232944 ], [ 17.444418343382093, 52.473353998470571 ], [ 17.436496336948025, 52.468796351647221 ], [ 17.424469654973571, 52.461502708317134 ], [ 17.417292143033073, 52.45697511151328 ], [ 17.404573568081208, 52.448489258724805 ], [ 17.399791858100809, 52.445173744641359 ], [ 17.384739581259431, 52.434094928027612 ], [ 17.383817783162439, 52.43339058581811 ], [ 17.369317461057676, 52.421625536609987 ], [ 17.36498601843282, 52.41787218243644 ], [ 17.356083473981062, 52.40987626131119 ], [ 17.3453269903383, 52.399505751618463 ], [ 17.343959384685672, 52.398140999011659 ], [ 17.332993980106234, 52.386420784379133 ], [ 17.325798878565323, 52.378104654975878 ], [ 17.322957712919273, 52.374712687589046 ], [ 17.313888537884527, 52.363017491233194 ], [ 17.306448142315535, 52.352551009341049 ], [ 17.305607869444607, 52.351332861237935 ], [ 17.298203922534, 52.339660237938652 ], [ 17.291488396167832, 52.327997066625791 ], [ 17.287385022456924, 52.320118688026547 ], [ 17.28547102875633, 52.316343609300169 ], [ 17.28015188062334, 52.304699976820061 ], [ 17.27542647242355, 52.29306474085368 ], [ 17.271272323231905, 52.281437646300226 ], [ 17.268891432975394, 52.27377666614646 ], [ 17.267689086017462, 52.269818751059468 ], [ 17.26466606191148, 52.25820795252119 ], [ 17.26214387858262, 52.246604422148749 ], [ 17.260106209513935, 52.235007953704326 ], [ 17.258537965277998, 52.223418351874002 ], [ 17.257425275724241, 52.211835432728968 ], [ 17.25675547474787, 52.200259024132748 ], [ 17.256517087860171, 52.188688966104273 ], [ 17.256699822789617, 52.177125111145727 ], [ 17.257294563355703, 52.165567324543602 ], [ 17.258293366873961, 52.154015484650991 ], [ 17.259689465370478, 52.142469483158472 ], [ 17.261477270908948, 52.130929225360603 ], [ 17.263652385362064, 52.11939463042463 ], [ 17.266211614993793, 52.107865631667835 ], [ 17.269152990259087, 52.096342176849305 ], [ 17.272475791274886, 52.084824228482184 ], [ 17.276180579470559, 52.073311764171699 ], [ 17.27671570601737, 52.071800503463322 ], [ 17.28028180754389, 52.061804960469516 ], [ 17.284768240206283, 52.05030361409262 ], [ 17.289641309011593, 52.038807703431942 ], [ 17.294906126360878, 52.027317256107963 ], [ 17.298903658953236, 52.019196782308271 ], [ 17.300572486122899, 52.015832362502039 ], [ 17.306648284492876, 52.004353079810407 ], [ 17.313131791538943, 51.992879321503253 ], [ 17.320033424313543, 51.981411170452205 ], [ 17.320512182133559, 51.980657494249606 ], [ 17.327365723637637, 51.969948732900349 ], [ 17.335131273750616, 51.958491966553929 ], [ 17.341823530097738, 51.949147810660676 ], [ 17.343343902305591, 51.947040981886005 ], [ 17.352010263077418, 51.935595780106738 ], [ 17.361145374170391, 51.924156471737327 ], [ 17.362945703690521, 51.922001632318036 ], [ 17.370756337215667, 51.912723047581025 ], [ 17.380859847040441, 51.901295622399346 ], [ 17.383930175550777, 51.897970980715328 ], [ 17.391464748191989, 51.889874191878334 ], [ 17.402589761871795, 51.878458876277385 ], [ 17.404809399376891, 51.87627181171279 ], [ 17.414241337119389, 51.867049616636464 ], [ 17.425603456082538, 51.856428532482646 ], [ 17.426446595333399, 51.855646620953863 ], [ 17.439204136106543, 51.844249699958254 ], [ 17.446325212349148, 51.838147064541246 ], [ 17.452545589253059, 51.832859091752205 ], [ 17.466485354213678, 51.821474787061433 ], [ 17.466988825918065, 51.821077770523551 ], [ 17.481028831077115, 51.810096644517834 ], [ 17.487598374244435, 51.805151603634698 ], [ 17.496208872433915, 51.79872486192285 ], [ 17.50816353291825, 51.790125448588128 ], [ 17.512042550891053, 51.787359410442441 ], [ 17.528548211460997, 51.776000257233875 ], [ 17.528688610053749, 51.775906726057876 ], [ 17.545741320377171, 51.764647312188387 ], [ 17.549176052505043, 51.762455222405393 ], [ 17.563653068648783, 51.75330065640572 ], [ 17.569631001930176, 51.749642816086933 ], [ 17.5823069673601, 51.741960246524393 ], [ 17.590056187370561, 51.737411030579629 ], [ 17.601728766541612, 51.730626037100279 ], [ 17.610453997001891, 51.725708813292499 ], [ 17.621946686700063, 51.719297979886875 ], [ 17.630826531249681, 51.714491381260387 ], [ 17.64299167505353, 51.707976022870355 ], [ 17.651175646363541, 51.703719271537551 ], [ 17.664897689216904, 51.696660109004227 ], [ 17.671502990377871, 51.693357555214895 ], [ 17.687702011536537, 51.685350174577707 ], [ 17.691810032953093, 51.683375183177056 ], [ 17.711445597802843, 51.674046147140622 ], [ 17.712098090265123, 51.673744438658268 ], [ 17.732367472253898, 51.664471776956077 ], [ 17.736182895252039, 51.662748044379718 ], [ 17.752619869732193, 51.655513725696117 ], [ 17.761963003892173, 51.651455757392974 ], [ 17.772856430036025, 51.646843954799216 ], [ 17.788841116387747, 51.640169170022453 ], [ 17.79307804991809, 51.638443724071379 ], [ 17.81328487321392, 51.630321800239216 ], [ 17.816899429336921, 51.628888357838122 ], [ 17.833477448649489, 51.622471738104977 ], [ 17.846224164947969, 51.617613323411298 ], [ 17.853657323392632, 51.614846959813256 ], [ 17.873824641409463, 51.607454167080363 ], [ 17.876897820909232, 51.606343908322472 ], [ 17.893979206291789, 51.600314535674187 ], [ 17.90906421318164, 51.595080393110649 ], [ 17.914122872146226, 51.593364815191222 ], [ 17.934254949190038, 51.586645595186731 ], [ 17.942860633286131, 51.583822788501443 ], [ 17.95437639409451, 51.580128868755168 ], [ 17.974487913714412, 51.573795475054915 ], [ 17.978445699127736, 51.572571068439714 ], [ 17.99458888371797, 51.567685024033622 ], [ 18.014681152073596, 51.561725981259222 ], [ 18.01605699775028, 51.561325599457561 ], [ 18.034763244855839, 51.555997695421134 ], [ 18.054837470540161, 51.550403791149463 ], [ 18.055998600425628, 51.550086881230051 ], [ 18.074902161540805, 51.545035482692434 ], [ 18.094959477894054, 51.539799167948964 ], [ 18.09865803075137, 51.538855513107194 ], [ 18.115008139824273, 51.534770033293562 ], [ 18.135049621814478, 51.529884937742295 ], [ 18.144529354271075, 51.527632135710597 ], [ 18.155083538920096, 51.52517514402011 ], [ 18.175110215587658, 51.520635692012512 ], [ 18.194245157211043, 51.516417329768871 ], [ 18.195130593769367, 51.516226070398368 ], [ 18.215143457063636, 51.512027187523167 ], [ 18.235150488340192, 51.507955302865348 ], [ 18.249053262893309, 51.505214204160218 ], [ 18.255151441487026, 51.504035920928402 ], [ 18.275146009660066, 51.500301190098114 ], [ 18.29513529701223, 51.496695430039672 ], [ 18.310495946855287, 51.494024699540219 ], [ 18.31511920246545, 51.493236839240573 ], [ 18.335097336642633, 51.489965618719687 ], [ 18.355070730280115, 51.486826293115826 ], [ 18.375039540182641, 51.483820184133428 ], [ 18.381761274501216, 51.482855240798344 ], [ 18.395003351429722, 51.480991984815283 ], [ 18.414962663573977, 51.478321014843289 ], [ 18.434917926481695, 51.475787667706577 ], [ 18.45486929659258, 51.473394062568687 ], [ 18.469723137225472, 51.47171920914387 ], [ 18.474816773831186, 51.471156259966705 ], [ 18.494760271200374, 51.469100718351925 ], [ 18.514700413005887, 51.467191186674057 ], [ 18.53463735955593, 51.465430790367868 ], [ 18.554571272980663, 51.463823015273448 ], [ 18.574502317759034, 51.462371735830033 ], [ 18.594430661300585, 51.461081245370515 ], [ 18.601659245328808, 51.460674875206657 ], [ 18.614356314919078, 51.459975234398911 ], [ 18.634279573353066, 51.459047083026334 ], [ 18.654200708699292, 51.458291627014766 ], [ 18.674119904956864, 51.457714797633564 ], [ 18.694037352593995, 51.457323091965378 ], [ 18.713953249564415, 51.45712360829674 ], [ 18.733867802418143, 51.457124081314397 ], [ 18.75378122750946, 51.457332916524841 ], [ 18.773693752303409, 51.45775922321242 ], [ 18.793605616780383, 51.458412845132621 ], [ 18.813517074936172, 51.459304388000412 ], [ 18.833428396372238, 51.460445242676343 ], [ 18.844872574512419, 51.461248854600228 ], [ 18.85333981051139, 51.46186552866272 ], [ 18.873251603816431, 51.463593713379495 ], [ 18.893164200251963, 51.465620632814826 ], [ 18.913077961336814, 51.467961661656432 ], [ 18.932993274341786, 51.470632974881482 ], [ 18.9480307556396, 51.472906596225933 ], [ 18.952910528848253, 51.473676058036702 ], [ 18.972830163182543, 51.477172406676836 ], [ 18.99275277966629, 51.481066904244813 ], [ 19.008580042914783, 51.48448442123528 ], [ 19.012678914301183, 51.485409991855107 ], [ 19.032609243844512, 51.490325399649265 ], [ 19.052544407810235, 51.495716085328034 ], [ 19.053650389489839, 51.496039066308946 ], [ 19.072485379930683, 51.501801932779465 ], [ 19.089899888940117, 51.507583465877353 ], [ 19.092432836060755, 51.508465220883409 ], [ 19.112388048727016, 51.515913785291545 ], [ 19.120410943340456, 51.519122676204411 ], [ 19.132352007711802, 51.524131864775818 ], [ 19.146942467202134, 51.530658985890071 ], [ 19.152325947418188, 51.533184633346025 ], [ 19.170437744495647, 51.542193728839884 ], [ 19.172311344803973, 51.543170554207592 ], [ 19.191515193069044, 51.553727721585176 ], [ 19.192309840434049, 51.554185125329944 ], [ 19.210655578659644, 51.565261405078658 ], [ 19.21232320059643, 51.56631391776672 ], [ 19.228235829149167, 51.57679499472642 ], [ 19.232353251896406, 51.579623809428078 ], [ 19.244553600111416, 51.588328571791315 ], [ 19.252401784679275, 51.59415279287041 ], [ 19.259845397775322, 51.599862139488714 ], [ 19.272470425656099, 51.60989920095335 ], [ 19.274300137574581, 51.611395657506812 ], [ 19.287959074695731, 51.622929333844006 ], [ 19.292561272914146, 51.626934004145312 ], [ 19.301026360994314, 51.634462923002118 ], [ 19.312674887401002, 51.645085148172384 ], [ 19.313656792514319, 51.645996209189683 ], [ 19.325810803314237, 51.657529443205242 ], [ 19.332812336156824, 51.664290527364592 ], [ 19.337699777509311, 51.669062165434539 ], [ 19.349353662539052, 51.680594367451533 ], [ 19.352972479416216, 51.684217575265123 ], [ 19.360835332857651, 51.692125926287517 ], [ 19.372266130925698, 51.703656508239369 ], [ 19.373153785339568, 51.704558004711799 ], [ 19.383639062100535, 51.715186151286744 ], [ 19.393353847853593, 51.724966400431825 ], [ 19.395101600927227, 51.726714376796764 ], [ 19.406665897753864, 51.738241116937758 ], [ 19.41356906293742, 51.745034360940934 ], [ 19.41844198922789, 51.749765950450687 ], [ 19.430490648464112, 51.761288591715477 ], [ 19.433795555739817, 51.764402485880574 ], [ 19.44290178361646, 51.772808618908648 ], [ 19.454029787926608, 51.782810103738889 ], [ 19.455759774960288, 51.784325590971257 ], [ 19.469183619445261, 51.795838887478496 ], [ 19.474268590593272, 51.800077205427264 ], [ 19.48328837165775, 51.807347842973606 ], [ 19.494509178553102, 51.81608905979823 ], [ 19.498197532473029, 51.818851690683303 ], [ 19.514087781468838, 51.830349354157633 ], [ 19.514749504657541, 51.830814270830345 ], [ 19.53121726072845, 51.84183927218924 ], [ 19.534988052311597, 51.84427126582046 ], [ 19.549812615489159, 51.853319846749535 ], [ 19.555223615817397, 51.85650120920598 ], [ 19.570229240208061, 51.86478866364434 ], [ 19.575455379009984, 51.867570077467974 ], [ 19.59294496260403, 51.876242371413163 ], [ 19.595682748050368, 51.877551713955441 ], [ 19.615905317374768, 51.886524008815435 ], [ 19.618718265310047, 51.887675657650952 ], [ 19.636122813219504, 51.894564234079105 ], [ 19.648693833959005, 51.899080215698639 ], [ 19.656334939778578, 51.901738573115679 ], [ 19.676541574308999, 51.908116768247105 ], [ 19.684722986469854, 51.910442087718863 ], [ 19.696742613291967, 51.913761657597675 ], [ 19.716937898844925, 51.918725533465157 ], [ 19.730833628497976, 51.921730788124648 ], [ 19.737127330304958, 51.923058407347945 ], [ 19.757311002024419, 51.92681650274092 ], [ 19.777488589767309, 51.930025940703011 ], [ 19.797660044532073, 51.932725693602322 ], [ 19.798803461595824, 51.932855162061536 ], [ 19.817825673173687, 51.934970428788937 ], [ 19.837985103116061, 51.936773049784392 ], [ 19.858138272461712, 51.938161509510913 ], [ 19.878285139529279, 51.939162206465198 ], [ 19.898425661813697, 51.939799107889286 ], [ 19.918559794743594, 51.940093957579926 ], [ 19.938687490595104, 51.940066464156025 ], [ 19.958808697539062, 51.939734471596758 ], [ 19.978923358801865, 51.939114113716862 ], [ 19.999031411923109, 51.938219954105598 ], [ 20.019132788095732, 51.937065112925325 ], [ 20.039227411576537, 51.935661381844504 ], [ 20.059315199157048, 51.934019328267816 ], [ 20.07939605968631, 51.932148389924329 ], [ 20.095499276209871, 51.930467948197901 ], [ 20.099470049877262, 51.930063353527203 ], [ 20.119537692247462, 51.927796655040368 ], [ 20.139598281255786, 51.925329957764767 ], [ 20.15965170675149, 51.92266927932058 ], [ 20.179697849402405, 51.919819867907762 ], [ 20.191929945162446, 51.917964657455293 ], [ 20.199737149930467, 51.916807620939046 ], [ 20.219769998215703, 51.913654857618766 ], [ 20.239795411208199, 51.910332604148323 ], [ 20.259813249160448, 51.906843843988923 ], [ 20.266512437878969, 51.905619272190648 ], [ 20.279824733848788, 51.903239267299625 ], [ 20.299829288398737, 51.899504142908008 ], [ 20.319826103316203, 51.895616679876106 ], [ 20.331094359841774, 51.893339970013756 ], [ 20.33981611443604, 51.89161504815457 ], [ 20.359799735683641, 51.887517894021272 ], [ 20.379775456945271, 51.883279954754961 ], [ 20.389747968393372, 51.881095212368663 ], [ 20.399744603087733, 51.878949793331024 ], [ 20.41970728535512, 51.874534731893903 ], [ 20.439661919470396, 51.869988594221923 ], [ 20.444446330119337, 51.868869669714186 ], [ 20.459610966002828, 51.865392639877548 ], [ 20.479552794151473, 51.860699092591041 ], [ 20.496304295428217, 51.856654690579212 ], [ 20.499487042279558, 51.855900857673426 ], [ 20.519416327260291, 51.851079631159287 ], [ 20.539337504504889, 51.846144062337444 ], [ 20.546067103639487, 51.844444242133484 ], [ 20.559253199124662, 51.84117438165547 ], [ 20.579162238104292, 51.836138270291897 ], [ 20.594299110274473, 51.832233336367047 ], [ 20.599064185231079, 51.83102579416699 ], [ 20.618961482220914, 51.825907756345593 ], [ 20.63885076077695, 51.820691478061185 ], [ 20.64138733090553, 51.820018455389452 ], [ 20.658736173610624, 51.815493447451843 ], [ 20.678614342092413, 51.810222034692288 ], [ 20.687650883023217, 51.807796392076291 ], [ 20.698487358341612, 51.804935362876861 ], [ 20.718354980014961, 51.799627512586305 ], [ 20.73336872435501, 51.795564004879026 ], [ 20.738216196752013, 51.794272859276376 ], [ 20.758073908730136, 51.788947472499217 ], [ 20.777924202882087, 51.783550805654244 ], [ 20.77877727513485, 51.783318349618114 ], [ 20.797772485593413, 51.778221116532791 ], [ 20.817613923659927, 51.772835905511279 ], [ 20.824152572365382, 51.771055496243818 ], [ 20.837452194937114, 51.767487431452018 ], [ 20.8572856291274, 51.76213378023747 ], [ 20.869680795269822, 51.758772515343672 ], [ 20.877114650923694, 51.756785290262911 ], [ 20.896941022019604, 51.751483779593741 ], [ 20.915586020417368, 51.746465569245707 ], [ 20.916761599121767, 51.746153510310037 ], [ 20.936581938455522, 51.740925210256435 ], [ 20.956396681717255, 51.735671731788791 ], [ 20.962254052907191, 51.734127764364679 ], [ 20.976210346608649, 51.73049731718595 ], [ 20.996020802927454, 51.725351245348236 ], [ 21.00990453330278, 51.721754422703512 ], [ 21.015828342999853, 51.720239212568337 ], [ 21.035635790621896, 51.715223060549604 ], [ 21.055439204435483, 51.710213092703171 ], [ 21.058954178296464, 51.709337031465267 ], [ 21.075243949325085, 51.705326292399782 ], [ 21.095046520242217, 51.700483315416164 ], [ 21.109987193192389, 51.696863326605808 ], [ 21.114847688520797, 51.695699446629973 ], [ 21.134650919537957, 51.691046661716847 ], [ 21.154452165441413, 51.686436126553296 ], [ 21.163729698012482, 51.684317323426797 ], [ 21.174254962518994, 51.681940462855103 ], [ 21.194059391324441, 51.677558237823106 ], [ 21.213863258023604, 51.673241441422867 ], [ 21.221248642083612, 51.671675092845469 ], [ 21.233670520754625, 51.669068764520816 ], [ 21.253480247987007, 51.665017664281152 ], [ 21.2732909721231, 51.661055664483897 ], [ 21.284452664399254, 51.658893919489834 ], [ 21.293105458480301, 51.657235222784109 ], [ 21.312924776517846, 51.653573724760875 ], [ 21.332746720696701, 51.650024202136841 ], [ 21.352571876739823, 51.646595147062804 ], [ 21.356832686434831, 51.645894519152662 ], [ 21.372404173320202, 51.643358791310753 ], [ 21.392241594254962, 51.640272084411315 ], [ 21.412083818125389, 51.637325301443163 ], [ 21.431931409445493, 51.634525585650358 ], [ 21.447384027931932, 51.632472575155752 ], [ 21.451785645763014, 51.631893067954508 ], [ 21.471648595366119, 51.629461778603904 ], [ 21.491518218146421, 51.627189712995538 ], [ 21.511394952601609, 51.62508104728569 ], [ 21.531279190720451, 51.623138989410293 ], [ 21.551171268847206, 51.621365653255154 ], [ 21.571071458677419, 51.619761941056666 ], [ 21.590979958624615, 51.618327437828839 ], [ 21.603255605280957, 51.617549215407657 ], [ 21.610897320445574, 51.61706789108765 ], [ 21.630823580412457, 51.615979961118654 ], [ 21.650757986357448, 51.615046878488755 ], [ 21.67070038968728, 51.614262646120999 ], [ 21.690650543042942, 51.613619771629629 ], [ 21.710608098426739, 51.613109291228064 ], [ 21.730572607075853, 51.612720821836753 ], [ 21.750543521154018, 51.61244264111842 ], [ 21.770520197271772, 51.612261794170415 ], [ 21.790501901781607, 51.612164224623527 ], [ 21.810487817730635, 51.612134926989476 ], [ 21.830477053293844, 51.612158116316238 ], [ 21.835244176607866, 51.612172262474495 ], [ 21.850469084217767, 51.612224314247946 ], [ 21.87046259189249, 51.612311722929554 ], [ 21.890456363605697, 51.612400814589186 ], [ 21.910449297408391, 51.612474329623993 ], [ 21.930440274472176, 51.612515218505784 ], [ 21.950428170543749, 51.612506810992429 ], [ 21.970411866751348, 51.612432968409394 ], [ 21.990390259532848, 51.612278216307878 ], [ 22.01036226950044, 51.612027855638033 ], [ 22.030326849105105, 51.611668051406987 ], [ 22.050282989013397, 51.611185898578242 ], [ 22.070229723155816, 51.610569465678552 ], [ 22.090166132449305, 51.609807817186535 ], [ 22.110091347233727, 51.608891016267449 ], [ 22.130004548493496, 51.607810109786413 ], [ 22.149904967959529, 51.606557097777255 ], [ 22.169791887203782, 51.6051248896758 ], [ 22.189664635849422, 51.603507249656246 ], [ 22.196494528080265, 51.602883796589602 ], [ 22.209523092270121, 51.601705864452924 ], [ 22.229366537219178, 51.599713955916194 ], [ 22.24919416462221, 51.597523687124493 ], [ 22.269005474237929, 51.59513165697922 ], [ 22.28879999790616, 51.592534980611227 ], [ 22.30857729499537, 51.589731210923816 ], [ 22.320844308111099, 51.587857573966964 ], [ 22.328337477406645, 51.586725502351378 ], [ 22.348080619991038, 51.58352237679118 ], [ 22.367805484372152, 51.58010849693698 ], [ 22.387511712651492, 51.576482650981262 ], [ 22.400156098798696, 51.574013322978232 ], [ 22.4071996157545, 51.572652579939088 ], [ 22.426869541563029, 51.568626331621338 ], [ 22.446519979762755, 51.564387215375113 ], [ 22.463224995298923, 51.560595832230334 ], [ 22.4661509239113, 51.559938658158266 ], [ 22.485763773525854, 51.555302371951178 ], [ 22.50535634590209, 51.550453033125535 ], [ 22.517059983626993, 51.547421396587204 ], [ 22.524929344376623, 51.545403158413009 ], [ 22.544483155281565, 51.540160910031396 ], [ 22.564015888152582, 51.534705150076903 ], [ 22.56506588763845, 51.534399313242112 ], [ 22.583530072628896, 51.529071404247695 ], [ 22.603022878058706, 51.523226611685367 ], [ 22.608577602870742, 51.521495706853024 ], [ 22.622496123557745, 51.517196924489738 ], [ 22.641948267966818, 51.510965859438869 ], [ 22.648842466326929, 51.508676790685712 ], [ 22.661380283016005, 51.504548572390668 ], [ 22.680790993916084, 51.497933289193071 ], [ 22.686484606833705, 51.495926306838015 ], [ 22.700181449585628, 51.49113589312779 ], [ 22.719549896719908, 51.484137544492803 ], [ 22.721978427344407, 51.483231736640569 ], [ 22.738898420078264, 51.476966643591886 ], [ 22.755604592963035, 51.470586055255822 ], [ 22.758224282149872, 51.46959241231437 ], [ 22.777529864201433, 51.462046573832026 ], [ 22.787626575594125, 51.457982368670805 ], [ 22.796813200856299, 51.454307907834298 ], [ 22.816074299046878, 51.446379217576613 ], [ 22.818361178128033, 51.445411677713096 ], [ 22.835314593441165, 51.438280264314329 ], [ 22.847816568485261, 51.432874740993498 ], [ 22.854531846949449, 51.429986855433654 ], [ 22.873726730507268, 51.421509587769805 ], [ 22.876256259712576, 51.420363810789091 ], [ 22.892900092272935, 51.412860933826508 ], [ 22.903670535618716, 51.407879961880873 ], [ 22.91205010270264, 51.404021790589773 ], [ 22.930277919828498, 51.395416585975212 ], [ 22.931176700331278, 51.394993990241304 ], [ 22.950281526287149, 51.385799064359396 ], [ 22.956009522212419, 51.382976570868948 ], [ 22.969362848607084, 51.376419206528688 ], [ 22.981031372098276, 51.370554853638382 ], [ 22.988420302635802, 51.366852632434281 ], [ 23.005400501559279, 51.358149943964435 ], [ 23.00745377038584, 51.357100400592145 ], [ 23.026463986646071, 51.347173254509038 ], [ 23.029109822174075, 51.34576250052833 ], [ 23.045450425670978, 51.337067441879903 ], [ 23.052217139708322, 51.333390928343846 ], [ 23.064412266571143, 51.326775931518348 ], [ 23.074786085634841, 51.321033373001924 ], [ 23.083349331373881, 51.316299031594049 ], [ 23.096843959870803, 51.308689195064922 ], [ 23.102261424959753, 51.305636841541137 ], [ 23.118416221826973, 51.296357792049115 ], [ 23.121148334747069, 51.2947892528762 ], [ 23.139526605212595, 51.284038597208358 ], [ 23.14000983033403, 51.283755949475825 ], [ 23.15884614906895, 51.272541781095725 ], [ 23.160183662582792, 51.271731561051148 ], [ 23.177656573451969, 51.261140990888002 ], [ 23.180422659554313, 51.25943566708321 ], [ 23.196440648871448, 51.249550787804495 ], [ 23.200266924891679, 51.247150298210968 ], [ 23.215198074071207, 51.237770089139779 ], [ 23.219733329384088, 51.234875050260186 ], [ 23.23392852750629, 51.225797596579078 ], [ 23.238837558754394, 51.222609546826462 ], [ 23.252631666739564, 51.213631793667446 ], [ 23.257594181823563, 51.210353438293708 ], [ 23.271307127792621, 51.201270942788298 ], [ 23.276016713920729, 51.198106400886353 ], [ 23.289954524449794, 51.188713081650334 ], [ 23.294117675823951, 51.185868135759385 ], [ 23.308573447513922, 51.175956019279148 ], [ 23.311908648502136, 51.17363836812882 ], [ 23.327163464012418, 51.162997331507654 ], [ 23.329400323913713, 51.161416846445128 ], [ 23.345724116351903, 51.149834355957772 ], [ 23.346602552102929, 51.149203341610573 ], [ 23.363522625015278, 51.136997712022819 ], [ 23.364255187433056, 51.13646700278678 ], [ 23.38016963078227, 51.124799742287117 ], [ 23.382756306674843, 51.122893550464944 ], [ 23.396554324246402, 51.112609146967976 ], [ 23.401226611385539, 51.109107117696169 ], [ 23.412684038058625, 51.100425762037226 ], [ 23.419665530902012, 51.095103967524651 ], [ 23.428565427007403, 51.088249443350328 ], [ 23.438072464785069, 51.080880091731764 ], [ 23.444204499858056, 51.076080066057322 ], [ 23.456446781607823, 51.066431202346038 ], [ 23.459606648593724, 51.063917524062141 ], [ 23.474776686200233, 51.05176172910808 ], [ 23.474787821125652, 51.051752758260285 ], [ 23.489724347360003, 51.039612399523719 ], [ 23.493095908734126, 51.036850436955035 ], [ 23.50445261827948, 51.027469507860324 ], [ 23.511369316637563, 51.021708706256348 ], [ 23.518964995099097, 51.015333004125978 ], [ 23.529607269469565, 51.006321993485621 ], [ 23.533264460150988, 51.003202855319692 ], [ 23.54735487419639, 50.991078991511721 ], [ 23.547809064297159, 50.990685524006508 ], [ 23.561251470226964, 50.978960894758067 ], [ 23.565974638762107, 50.974801087759005 ], [ 23.57494740887422, 50.966848904929677 ], [ 23.584102178602883, 50.958652663083377 ], [ 23.588444064664952, 50.954743040856037 ], [ 23.60174433768136, 50.942643259459636 ], [ 23.602190811825231, 50.942233947794996 ], [ 23.6148699593471, 50.930548769513628 ], [ 23.620240180961794, 50.925543884764629 ], [ 23.627804998539009, 50.918460264734804 ], [ 23.638248467081144, 50.908566733650133 ], [ 23.640549385784471, 50.906377813496071 ], [ 23.653120567638844, 50.894300783616153 ], [ 23.656214816745138, 50.89129659875497 ], [ 23.665519367861165, 50.882229200113699 ], [ 23.67413792197334, 50.873723100582239 ], [ 23.677732992880994, 50.870163633813569 ], [ 23.689774700065531, 50.858103611183573 ], [ 23.69201632692652, 50.855834495394383 ], [ 23.70165756513309, 50.846048659539861 ], [ 23.709848616874861, 50.837619567138411 ], [ 23.71335863103101, 50.83399975865261 ], [ 23.724895574640527, 50.821956247999552 ], [ 23.727633111638703, 50.819064586754742 ], [ 23.736278000928586, 50.809917787452015 ], [ 23.745368128856139, 50.800155941248221 ], [ 23.747480001439513, 50.797885480829329 ], [ 23.758534792572405, 50.785858024225206 ], [ 23.76305146086457, 50.78087499036414 ], [ 23.769427686407841, 50.773836063237674 ], [ 23.780143989184712, 50.761820248811595 ], [ 23.78068163017711, 50.761210431291282 ], [ 23.790732860575325, 50.749808607662892 ], [ 23.798255233096651, 50.741132250893514 ], [ 23.801142707580709, 50.737803305203258 ], [ 23.811408124493298, 50.725802960747536 ], [ 23.815770364478499, 50.720625332630753 ], [ 23.821519605138999, 50.713808008249252 ], [ 23.831464552844288, 50.701819012920424 ], [ 23.833224405844071, 50.699667763407668 ], [ 23.84128059800355, 50.689834452912429 ], [ 23.850613885754626, 50.678229573477068 ], [ 23.850914479800402, 50.677856584199162 ], [ 23.860434518808948, 50.665882598295021 ], [ 23.867934074431783, 50.656268928721531 ], [ 23.869774884828832, 50.653915281870901 ], [ 23.878988764306527, 50.64195244816019 ], [ 23.885181874461868, 50.633760105270916 ], [ 23.888036451581772, 50.629995798386339 ], [ 23.896949326499403, 50.618044051230633 ], [ 23.902352498599893, 50.610661365887594 ], [ 23.905704421745622, 50.60609820876001 ], [ 23.914320818879489, 50.594157501550569 ], [ 23.919440450103483, 50.586924546472453 ], [ 23.922782657905703, 50.582222634003188 ], [ 23.931106497863073, 50.570292938917945 ], [ 23.936439422479406, 50.562494163637886 ], [ 23.939273662089597, 50.558369241622565 ], [ 23.947308279509535, 50.546450549392951 ], [ 23.953342181566232, 50.537306361621361 ], [ 23.955178589550215, 50.534538246200484 ], [ 23.962926751595059, 50.522630565887596 ], [ 23.970140426408449, 50.51128766584241 ], [ 23.970497257849619, 50.510729910061244 ], [ 23.977961181099793, 50.498833268840848 ], [ 23.985244940947705, 50.486943823178215 ], [ 23.986820719270582, 50.484316487544689 ], [ 23.992409517152797, 50.47505898698293 ], [ 23.999411538404331, 50.463180651466601 ], [ 24.003372689302587, 50.456301215968722 ], [ 24.006268389464644, 50.451308098192051 ], [ 24.001983239176649, 50.439915765487271 ], [ 24.000993594948532, 50.428381348025532 ], [ 23.999995115790409, 50.416847303824042 ], [ 23.999159346015848, 50.416413996182854 ], [ 23.979724651156204, 50.41692934945857 ], [ 23.960290963953923, 50.417457331574099 ], [ 23.94085817445508, 50.417997041283513 ], [ 23.921426180109162, 50.4185476343538 ], [ 23.901994885225704, 50.419108319449315 ], [ 23.885383490057269, 50.410151426080667 ], [ 23.881367554580418, 50.408062306763519 ], [ 23.8619425986255, 50.408645299754845 ], [ 23.842518058978332, 50.40923601384025 ], [ 23.82309386477062, 50.40983384998971 ], [ 23.803669949695077, 50.410438244486095 ], [ 23.789083206062397, 50.402588330233684 ], [ 23.783076390730642, 50.399454569737912 ], [ 23.763657890991542, 50.400073438708461 ], [ 23.74980842975625, 50.392625887593645 ], [ 23.743080697982162, 50.38911136911279 ], [ 23.723667288701094, 50.389741902420049 ], [ 23.710476190055456, 50.382652652899559 ], [ 23.703105990696248, 50.378797408919816 ], [ 23.690259157282821, 50.37189532200982 ], [ 23.689191872123473, 50.360362364199133 ], [ 23.688121936368773, 50.348829502592167 ], [ 23.687049488871871, 50.337296731507287 ], [ 23.679135181272475, 50.33314982873889 ], [ 23.666819207839495, 50.326536125333597 ], [ 23.658612529973478, 50.322232545852884 ], [ 23.63922785086341, 50.322884289571078 ], [ 23.627410736409988, 50.316538595993897 ], [ 23.626339355579102, 50.305005392707621 ], [ 23.617597967221819, 50.30041399041756 ], [ 23.606093336554395, 50.294235116702339 ], [ 23.605022530224865, 50.282701748066977 ], [ 23.59599022831501, 50.277952307494274 ], [ 23.584777375517856, 50.271927868665536 ], [ 23.57551355744932, 50.267052755868576 ], [ 23.564532643371397, 50.261150533711913 ], [ 23.555046677336044, 50.256154485050871 ], [ 23.544289861531592, 50.250369682642059 ], [ 23.534589490024164, 50.245256589481194 ], [ 23.524050498792029, 50.239585258247715 ], [ 23.514141902522777, 50.234358197915562 ], [ 23.503815962496709, 50.228797206722497 ], [ 23.493703826859761, 50.223458474955017 ], [ 23.474358168878087, 50.224113180425817 ], [ 23.464405888190587, 50.218745540668948 ], [ 23.463366657109759, 50.207210025062381 ], [ 23.452855885651552, 50.201651893167529 ], [ 23.44315433488131, 50.196410806153878 ], [ 23.432445871829955, 50.190743579303152 ], [ 23.42295170983142, 50.185607783307418 ], [ 23.41204507434642, 50.179831037800653 ], [ 23.402759753366503, 50.174800923737862 ], [ 23.391653435998219, 50.168913690005304 ], [ 23.382579309950909, 50.163990200128246 ], [ 23.371270907534253, 50.157991032539584 ], [ 23.362411081933612, 50.153175591090999 ], [ 23.361411793049012, 50.141637906594802 ], [ 23.349846399476085, 50.135495694668634 ], [ 23.341265014185034, 50.130818946492795 ], [ 23.329487106814618, 50.124558858226877 ], [ 23.321131498845471, 50.119996075420424 ], [ 23.309136819065543, 50.113615663807515 ], [ 23.301011362613288, 50.109169295032075 ], [ 23.288795528914022, 50.102666042165062 ], [ 23.280904536514402, 50.098338613877637 ], [ 23.279942625186845, 50.086799032170362 ], [ 23.267433243893837, 50.080132249666946 ], [ 23.25985747807001, 50.075964027911006 ], [ 23.258906330698672, 50.064423916706218 ], [ 23.246090781876944, 50.057586532070715 ], [ 23.238841821344845, 50.053584638612115 ], [ 23.225786782353676, 50.046613920942974 ], [ 23.218788679167631, 50.042741552904189 ], [ 23.217855511286771, 50.031200534573273 ], [ 23.204478433317927, 50.024050107556647 ], [ 23.197820184387741, 50.020353295283407 ], [ 23.196895872393039, 50.008811825415314 ], [ 23.18319014364446, 50.001477778458764 ], [ 23.176876246782935, 49.997960517601001 ], [ 23.162923909678703, 49.990488565346396 ], [ 23.156864196998971, 49.987105555949142 ], [ 23.155953580579286, 49.975563347919781 ], [ 23.141670295064451, 49.967905880314973 ], [ 23.135953397492763, 49.964704467195922 ], [ 23.121427877227241, 49.956910945268199 ], [ 23.115958253211833, 49.953842029867239 ], [ 23.115058253709474, 49.942299200254872 ], [ 23.100209335871536, 49.934323553566095 ], [ 23.095071360478411, 49.93143298018267 ], [ 23.094175670189866, 49.919889870061027 ], [ 23.079011435039099, 49.911736068781757 ], [ 23.074195163759889, 49.909019935920817 ], [ 23.058807859724581, 49.900739631854698 ], [ 23.054216486798026, 49.898146563389083 ], [ 23.053327237565085, 49.886602984886601 ], [ 23.037645514545009, 49.878155154453509 ], [ 23.033352595048196, 49.875725983117043 ], [ 23.017466278603827, 49.867161163244432 ], [ 23.013378631538949, 49.8648455833114 ], [ 23.012494069844522, 49.853301599235913 ], [ 22.996339632966123, 49.844582860337653 ], [ 22.992522779632246, 49.842417617708236 ], [ 22.976184784937445, 49.833592841522595 ], [ 22.972551678582409, 49.831530254182951 ], [ 22.971670782930701, 49.819985900385106 ], [ 22.970789176078025, 49.808441556364038 ], [ 22.954148927370078, 49.799441322431647 ], [ 22.950822275124242, 49.797550443173513 ], [ 22.934023753059112, 49.78845743636419 ], [ 22.930855614023926, 49.786655945214235 ], [ 22.913908060693405, 49.777475035431991 ], [ 22.910889388654944, 49.775758055160765 ], [ 22.910013043001982, 49.764213171528603 ], [ 22.909135957247596, 49.752668297866052 ], [ 22.89194582752484, 49.743343378473966 ], [ 22.889174598458514, 49.741766634372162 ], [ 22.871859602982248, 49.732366589214337 ], [ 22.86921435077679, 49.73086155557408 ], [ 22.868340879766823, 49.719316313215707 ], [ 22.85086630440691, 49.709819500805182 ], [ 22.848384386164906, 49.708407614482624 ], [ 22.830804089129302, 49.698845838857459 ], [ 22.828429769683218, 49.697495475039624 ], [ 22.810751201028449, 49.687872699436873 ], [ 22.808477374077558, 49.686579883716639 ], [ 22.790707614140214, 49.676899879509172 ], [ 22.78852754042051, 49.675660829668622 ], [ 22.787663491449749, 49.664114794394166 ], [ 22.786798959337471, 49.652568759152238 ], [ 22.768884115979674, 49.642796593875261 ], [ 22.766857668614222, 49.641645814312497 ], [ 22.748869440699156, 49.631825932908725 ], [ 22.746919818868221, 49.630719380433412 ], [ 22.746060706543233, 49.619172919182404 ], [ 22.727980667156665, 49.609292430880799 ], [ 22.726129704411171, 49.608242770408026 ], [ 22.725273372300101, 49.596696086385499 ], [ 22.707111998421468, 49.586760616770775 ], [ 22.705349746852811, 49.585762207979762 ], [ 22.704496388098384, 49.574215295294785 ], [ 22.686263360145247, 49.564230052006565 ], [ 22.684580630689112, 49.563277674136202 ], [ 22.683730424348205, 49.551730527456598 ], [ 22.665434681227669, 49.541700328518566 ], [ 22.663822986003488, 49.540789152085331 ], [ 22.645486272644099, 49.530728652571348 ], [ 22.643920688366862, 49.529844242897823 ], [ 22.64534906343836, 49.528886003883422 ], [ 22.662129053336791, 49.517694369568673 ], [ 22.661281872242846, 49.506146960340935 ], [ 22.662702860916067, 49.505192415647748 ], [ 22.681773003517741, 49.504570177610134 ], [ 22.698516837722554, 49.493386643157052 ], [ 22.699971380698184, 49.492407660614312 ], [ 22.716696242777388, 49.481228798977909 ], [ 22.715837495294501, 49.469682013947676 ], [ 22.714978616509221, 49.458135216781969 ], [ 22.714119618997767, 49.446588407058705 ], [ 22.713260514821972, 49.435041584372634 ], [ 22.714666243464858, 49.434093533014398 ], [ 22.731414909487057, 49.422881932011755 ], [ 22.730551868875757, 49.411335306313958 ], [ 22.731954800086623, 49.410387886692078 ], [ 22.748692801332847, 49.399173224991365 ], [ 22.747825841261022, 49.387626797070581 ], [ 22.746958802647228, 49.376080355376935 ], [ 22.746091695491355, 49.364533899568883 ], [ 22.745224529263236, 49.352987429322262 ], [ 22.744357312901865, 49.341440944330394 ], [ 22.745714407585393, 49.340522389733792 ], [ 22.762469474716934, 49.329277290908024 ], [ 22.761598380060914, 49.317731003899887 ], [ 22.760727248705493, 49.306184701743234 ], [ 22.759856087986606, 49.294638384182576 ], [ 22.758984904703084, 49.283092050980066 ], [ 22.75811370511617, 49.271545701915556 ], [ 22.757242494948905, 49.259999336786557 ], [ 22.756371279385373, 49.248452955408268 ], [ 22.737968233170662, 49.238316322785408 ], [ 22.71899998357484, 49.238918214879632 ], [ 22.717600815396363, 49.238134123673113 ], [ 22.716737358250068, 49.226587247643259 ], [ 22.718008378653323, 49.225725592910308 ], [ 22.736969990138359, 49.225102680670766 ], [ 22.753757644050012, 49.21381371219524 ], [ 22.735352189694876, 49.203667357487106 ], [ 22.73394933354766, 49.202881886450982 ], [ 22.733082036561562, 49.191335189793179 ], [ 22.734357056924821, 49.190469462142609 ], [ 22.753304853675459, 49.189844447436663 ], [ 22.77007170114527, 49.178557098199846 ], [ 22.751682535242345, 49.168416360804137 ], [ 22.75027294100628, 49.167627818983057 ], [ 22.749401803732447, 49.156081303090517 ], [ 22.750683614823021, 49.155209593203352 ], [ 22.769617620335527, 49.154582469310618 ], [ 22.77107475238374, 49.155374543427399 ], [ 22.789432847668682, 49.165495763573489 ], [ 22.80615604819425, 49.154221870352202 ], [ 22.805273299389832, 49.142676039355742 ], [ 22.806597753874602, 49.141772843341762 ], [ 22.823297336898989, 49.130504741002433 ], [ 22.824635706370231, 49.129591065250942 ], [ 22.841311836279619, 49.118330847613493 ], [ 22.842664779900037, 49.117406219230283 ], [ 22.85931678231897, 49.106154363896756 ], [ 22.86068497920941, 49.105218294825661 ], [ 22.879597266280761, 49.104570503065382 ], [ 22.896199872520533, 49.093338370720971 ], [ 22.8952979479829, 49.08179364455264 ], [ 22.877035997272625, 49.071735667458277 ], [ 22.875515910830313, 49.070885349414979 ], [ 22.874617764244615, 49.059340353348084 ], [ 22.873719601407419, 49.047795341650449 ], [ 22.875097940013138, 49.046850392320898 ], [ 22.891690041550923, 49.035614586070956 ], [ 22.890788008805998, 49.024069783049995 ], [ 22.889885949719122, 49.012524964765703 ], [ 22.871647736961201, 49.002463426151756 ], [ 22.852772164069417, 49.003085652960792 ], [ 22.836166185301366, 49.014326122681013 ], [ 22.834783800638618, 49.015249964398123 ], [ 22.815902671341842, 49.01586740527955 ], [ 22.799252192428316, 49.027124331052526 ] ] ], [ [ [ 18.777922144997302, 54.62141317516695 ], [ 18.7627755603941, 54.629530467350776 ], [ 18.762803813337538, 54.641091010049358 ], [ 18.756355438897465, 54.644554051831584 ], [ 18.741310160855324, 54.652607484915684 ], [ 18.734839820908284, 54.65607986572504 ], [ 18.719805649734631, 54.664120112096711 ], [ 18.719827858461308, 54.675680597428297 ], [ 18.713230185604516, 54.679218216758571 ], [ 18.698307505481978, 54.687189349569763 ], [ 18.713117265267606, 54.695232660824701 ], [ 18.728040005389413, 54.687259715200291 ], [ 18.734659616698281, 54.683733190131321 ], [ 18.749595981677345, 54.675745766392332 ], [ 18.756189797467176, 54.672229135660395 ], [ 18.771138424999748, 54.664227948053409 ], [ 18.777707814202476, 54.660720513789023 ], [ 18.7926673657553, 54.65270626579435 ], [ 18.799213673566758, 54.649207340130879 ], [ 18.81418283291114, 54.641180725203832 ], [ 18.814333983079742, 54.629620482426972 ], [ 18.820757993146621, 54.626181769149156 ], [ 18.835828822530985, 54.618091034762656 ], [ 18.835968793127339, 54.60653070994826 ], [ 18.820880261613823, 54.598346762659936 ], [ 18.805720084777416, 54.606485951252196 ], [ 18.799407276642121, 54.609881556195184 ], [ 18.784253269367973, 54.618010128417218 ], [ 18.777922144997302, 54.62141317516695 ] ] ], [ [ [ 18.648516662374561, 54.718200666150295 ], [ 18.663492845270575, 54.71021848358037 ], [ 18.670089421343, 54.706714362265529 ], [ 18.685082212456159, 54.698716108287599 ], [ 18.670219832096887, 54.690638440186241 ], [ 18.655227110560098, 54.69863486664093 ], [ 18.648655427128723, 54.702151701882755 ], [ 18.633679318160848, 54.710132062279456 ], [ 18.648516662374561, 54.718200666150295 ] ] ], [ [ [ 18.568988141312804, 54.733040119961146 ], [ 18.583843185860808, 54.741128712153774 ], [ 18.598863001347436, 54.733142624676674 ], [ 18.584007868887692, 54.725055861619943 ], [ 18.568988141312804, 54.733040119961146 ] ] ], [ [ [ 18.43941816800859, 54.7787519914244 ], [ 18.454277657254956, 54.786863854020048 ], [ 18.469353781317228, 54.778886607922715 ], [ 18.454494176266099, 54.770776580803052 ], [ 18.43941816800859, 54.7787519914244 ] ] ], [ [ [ 15.009737615611019, 50.976750253764422 ], [ 15.011075008878416, 50.976824509515048 ], [ 15.01112587493264, 50.976797742070893 ], [ 15.011247346681454, 50.974816088258564 ], [ 15.009737615611019, 50.976750253764422 ] ] ] ] } }
]
}
