{
"type": "FeatureCollection",
"name": "zasieg_MD_cykl_3_epsg4326",
"crs": { "type": "name", "properties": { "name": "urn:ogc:def:crs:OGC:1.3:CRS84" } },
"features": [
{ "type": "Feature", "properties": { "gatunek": "MD", "cykl": 3, "pokrycie": 0.95, "prog_kde": 1.1988091407221552e-12 }, "geometry": { "type": "MultiPolygon", "coordinates": [ [ [ [ 22.808717816097396, 49.026811846691466 ], [ 22.798330821012318, 49.03367064347696 ], [ 22.790459385331985, 49.038988974198936 ], [ 22.780307682679254, 49.045690398309517 ], [ 22.772202084188795, 49.051163077822622 ], [ 22.762276287931059, 49.057713406878882 ], [ 22.751607380368601, 49.051835335014609 ], [ 22.742511800396496, 49.046804107071416 ], [ 22.723613209916618, 49.047359607513727 ], [ 22.704714181572154, 49.047914125360776 ], [ 22.694193316108237, 49.04211508769599 ], [ 22.684966339665319, 49.037002224673294 ], [ 22.676537562481766, 49.042679678414437 ], [ 22.666914797953403, 49.049019987415186 ], [ 22.648014436630373, 49.049571224226732 ], [ 22.639296299192356, 49.055436439346614 ], [ 22.640011566204112, 49.066988609635558 ], [ 22.630786690866742, 49.0730629858055 ], [ 22.621747616084914, 49.079138627061631 ], [ 22.612710072322759, 49.085087788899664 ], [ 22.603482572678278, 49.091285693443844 ], [ 22.594625043368662, 49.097114523565459 ], [ 22.575705561874663, 49.097662358344948 ], [ 22.566251092805945, 49.092443425782001 ], [ 22.555964624637909, 49.086730028040208 ], [ 22.546538689168635, 49.093051509538171 ], [ 22.537865200525186, 49.098753625457171 ], [ 22.52853936228362, 49.093603795645251 ], [ 22.518132001720414, 49.087817538679616 ], [ 22.499214988795242, 49.088358982249552 ], [ 22.480297506778804, 49.088898836163985 ], [ 22.470641787086837, 49.095361192494991 ], [ 22.462178847915197, 49.100917473218118 ], [ 22.443256081146924, 49.10145433511277 ], [ 22.424332841569008, 49.101989491536692 ], [ 22.405409128741802, 49.10252291202368 ], [ 22.395448635994519, 49.10917431386688 ], [ 22.396127601447411, 49.120728575740181 ], [ 22.38805071767851, 49.126024280429149 ], [ 22.377834800708243, 49.1328400535429 ], [ 22.378517552230697, 49.144394249459594 ], [ 22.370676982878255, 49.149533333101473 ], [ 22.351734407616057, 49.150062209413427 ], [ 22.343345035505102, 49.14541919282734 ], [ 22.332019948692579, 49.139098369805119 ], [ 22.313080784165738, 49.139623234616998 ], [ 22.294141142545246, 49.140146161548621 ], [ 22.275201024254415, 49.140667128001439 ], [ 22.264665803657724, 49.147673002212947 ], [ 22.257014354611613, 49.152677564887554 ], [ 22.23806891174614, 49.153194672833727 ], [ 22.22737664199224, 49.160296293569786 ], [ 22.22803131463974, 49.171851879472669 ], [ 22.228689693226691, 49.18340734420557 ], [ 22.221362158624366, 49.188196723582529 ], [ 22.213488574581614, 49.183831754976168 ], [ 22.201660013504725, 49.177212362977258 ], [ 22.182704382709865, 49.177723488053246 ], [ 22.171747430327375, 49.184986828250508 ], [ 22.164482108251583, 49.189730365183443 ], [ 22.14552113941528, 49.190237312033531 ], [ 22.134430346505258, 49.197580375053519 ], [ 22.127285331895976, 49.202241958235589 ], [ 22.108319022388798, 49.202744618626681 ], [ 22.089352240269768, 49.203245076680943 ], [ 22.07811842480514, 49.210669922785641 ], [ 22.071098007749093, 49.215245114524997 ], [ 22.052125885015396, 49.215741146492341 ], [ 22.040776060654817, 49.22323347372339 ], [ 22.041401981242448, 49.234790493196911 ], [ 22.042031193719545, 49.246347407763459 ], [ 22.042663620094977, 49.25790421945068 ], [ 22.035975747836911, 49.262259478215149 ], [ 22.024294468537519, 49.269960396020124 ], [ 22.024928386989981, 49.281517205597254 ], [ 22.018390750432395, 49.285773029349272 ], [ 22.006551941912505, 49.293570621260528 ], [ 22.000089985542719, 49.297775571887428 ], [ 21.988169735330409, 49.305621177865696 ], [ 21.981780435661456, 49.309777248076273 ], [ 21.969781656907145, 49.317668875893503 ], [ 21.970412996942184, 49.329225899704959 ], [ 21.971047093626165, 49.340782834113902 ], [ 21.964846570681683, 49.344814545145134 ], [ 21.9458229988402, 49.345296702266516 ], [ 21.926798959773681, 49.345776434378749 ], [ 21.90777445538998, 49.346253731690076 ], [ 21.895548190003463, 49.354273547792012 ], [ 21.889424742750261, 49.358248851492583 ], [ 21.877131434487989, 49.366306846011291 ], [ 21.871066186254449, 49.370242780368898 ], [ 21.852031403632665, 49.370712660212945 ], [ 21.839667528613553, 49.378806917251893 ], [ 21.840278663993754, 49.390364862021642 ], [ 21.834322499508751, 49.394226854929705 ], [ 21.827942025981631, 49.39066750770526 ], [ 21.814618931395923, 49.383167690043578 ], [ 21.808182868549824, 49.379576574946832 ], [ 21.794924313147035, 49.372107352651241 ], [ 21.788428584371925, 49.368482181515688 ], [ 21.775238640738401, 49.361045905413683 ], [ 21.762920859745837, 49.369095094082994 ], [ 21.76351007554176, 49.380653868462858 ], [ 21.757495759674008, 49.384547190385838 ], [ 21.74505899494994, 49.39266659207486 ], [ 21.739094934941768, 49.396525752165687 ], [ 21.726601226867242, 49.40467644731568 ], [ 21.720685225141334, 49.408502881499835 ], [ 21.708136696687486, 49.416683433150517 ], [ 21.702266620523375, 49.420478533718992 ], [ 21.695985839004127, 49.416967569973657 ], [ 21.682581246518822, 49.409399412259297 ], [ 21.663528595895787, 49.409843825930054 ], [ 21.650984735290884, 49.418008731181509 ], [ 21.651554705239953, 49.429568282608592 ], [ 21.645715499421353, 49.433338573677055 ], [ 21.633067545989061, 49.441563567613429 ], [ 21.627269254726269, 49.445305787392947 ], [ 21.621070517779806, 49.441836272442487 ], [ 21.60759014208266, 49.434214100301553 ], [ 21.588526815008258, 49.434647958277708 ], [ 21.569463058944585, 49.435079206591432 ], [ 21.550398876375827, 49.435507840945682 ], [ 21.531334269804024, 49.435933857258725 ], [ 21.525032906662073, 49.432401916302098 ], [ 21.524382259852615, 49.420843684157035 ], [ 21.511091836533641, 49.413306037183993 ], [ 21.498599578684171, 49.421403997193124 ], [ 21.492619344624249, 49.425251935362354 ], [ 21.486233443168892, 49.421670695603837 ], [ 21.472978416459245, 49.414145574958198 ], [ 21.45392108573413, 49.414561421906932 ], [ 21.434863344633936, 49.414974650214106 ], [ 21.415805195737473, 49.415385257075954 ], [ 21.403373119896663, 49.423423540863297 ], [ 21.397308291027965, 49.427317151145402 ], [ 21.378244860833906, 49.427722298917374 ], [ 21.365780642288488, 49.435771391450956 ], [ 21.359734151141151, 49.439649614541871 ], [ 21.347224966298906, 49.447721886635428 ], [ 21.341214503840469, 49.451575150480551 ], [ 21.322140922042891, 49.451971935420396 ], [ 21.303066946986942, 49.452366058451261 ], [ 21.283992581344403, 49.452757517454515 ], [ 21.277522618782648, 49.4491162245385 ], [ 21.264386694237597, 49.441621346332951 ], [ 21.25783024997039, 49.437930458129699 ], [ 21.244789786069134, 49.430484352810311 ], [ 21.225723226769482, 49.430868339486032 ], [ 21.219049724024792, 49.427109400367151 ], [ 21.21845861538786, 49.415548685250982 ], [ 21.21786538933506, 49.403987989388483 ], [ 21.205106789426392, 49.396689776880002 ], [ 21.186052897591974, 49.397069392103958 ], [ 21.173994456651343, 49.404821556927722 ], [ 21.167505791817408, 49.408964220067546 ], [ 21.155398944058085, 49.416741853966549 ], [ 21.148949761149105, 49.420857248453181 ], [ 21.136796191678869, 49.428659225124377 ], [ 21.130384797103275, 49.432748441024181 ], [ 21.123568871488498, 49.428902985361681 ], [ 21.11082149620665, 49.421596665027174 ], [ 21.091756818413881, 49.421962395238012 ], [ 21.072691780672095, 49.422325471561699 ], [ 21.053626385682659, 49.422685892610694 ], [ 21.046604836743917, 49.418719403114594 ], [ 21.046044388708157, 49.40715744697998 ], [ 21.05279673784791, 49.402803388481544 ], [ 21.064574008055011, 49.395256026860437 ], [ 21.071367524304314, 49.390871299575707 ], [ 21.090422160217312, 49.390549978884181 ], [ 21.102179355792639, 49.38300614615904 ], [ 21.101600883978112, 49.371444665159558 ], [ 21.089312394267758, 49.36438864681331 ], [ 21.070269708452201, 49.364753725845461 ], [ 21.051226666751933, 49.365116203216097 ], [ 21.043777683494451, 49.36090984523144 ], [ 21.031708927850044, 49.353967754979855 ], [ 21.024124555420016, 49.349683822001857 ], [ 21.012200140983541, 49.342819537880985 ], [ 21.004474089291438, 49.338454429461621 ], [ 20.992700302873569, 49.331671698585474 ], [ 20.984826037794409, 49.327221672513261 ], [ 20.992325194761975, 49.322379975128591 ], [ 21.003326158118647, 49.315330371987685 ], [ 20.991772107297372, 49.30867078469624 ], [ 20.972749954532336, 49.30902555378114 ], [ 20.964607879927907, 49.304423316569185 ], [ 20.953272833701643, 49.297881720220261 ], [ 20.934254449237375, 49.298232024967959 ], [ 20.915235728431558, 49.298579793955049 ], [ 20.904525365165391, 49.305429472947083 ], [ 20.904856697249759, 49.316995920045272 ], [ 20.897099600708295, 49.321915533589419 ], [ 20.886209281794834, 49.328873738505266 ], [ 20.878508872637205, 49.333754846669194 ], [ 20.867554962770285, 49.340748597230153 ], [ 20.859909263768127, 49.345592473235641 ], [ 20.851807192315988, 49.341002048191626 ], [ 20.840442402332066, 49.334428603548453 ], [ 20.821408680041088, 49.334761605446083 ], [ 20.810595161337883, 49.341655164849911 ], [ 20.802794724257215, 49.34658955409023 ], [ 20.791918511256664, 49.353518036866035 ], [ 20.784171877668349, 49.358415757209897 ], [ 20.773234803983929, 49.365377938586249 ], [ 20.765540131883121, 49.370240173621205 ], [ 20.75454397345262, 49.377234868074126 ], [ 20.754852550216366, 49.388801817649309 ], [ 20.755164682351122, 49.400368691901576 ], [ 20.747715923361596, 49.405072679735568 ], [ 20.736462408052009, 49.412222733880313 ], [ 20.729058065773742, 49.416896091258735 ], [ 20.709991181925652, 49.417208983309798 ], [ 20.690923992199512, 49.417519190505722 ], [ 20.68300127624877, 49.413013426696544 ], [ 20.671465686895342, 49.406321240238682 ], [ 20.663387790748637, 49.401725801796054 ], [ 20.652016348594728, 49.39512383246646 ], [ 20.641098582688752, 49.402044388348351 ], [ 20.633338754884797, 49.406929446257166 ], [ 20.622365188436994, 49.41388029268105 ], [ 20.614652228191957, 49.41873310232522 ], [ 20.606520846895954, 49.414101562003744 ], [ 20.606035575186993, 49.402536850785253 ], [ 20.605547053702363, 49.390972162069055 ], [ 20.594465747143978, 49.384527270542605 ], [ 20.585941961438436, 49.379671333433208 ], [ 20.575042681003858, 49.373327501216565 ], [ 20.555991311621618, 49.373621620359074 ], [ 20.545562458514695, 49.380218327998676 ], [ 20.537298240462555, 49.385407417473033 ], [ 20.526806540547689, 49.392039029657035 ], [ 20.518596250962858, 49.397191308021611 ], [ 20.50804334975588, 49.403856727903367 ], [ 20.499885335233898, 49.40897325487569 ], [ 20.480819433850787, 49.409254387903303 ], [ 20.461753258748857, 49.409532797322356 ], [ 20.442686812629962, 49.409808478383283 ], [ 20.433924408891471, 49.404799843833928 ], [ 20.423287750953385, 49.398587032644883 ], [ 20.414338497414075, 49.393469804544743 ], [ 20.403897644528371, 49.387366743541357 ], [ 20.38483934176412, 49.38763579345126 ], [ 20.374814347583076, 49.393946618035372 ], [ 20.366099439840852, 49.399391766843316 ], [ 20.347036150542461, 49.399654532422367 ], [ 20.327972606332263, 49.399914550524016 ], [ 20.318698414396472, 49.394600368139962 ], [ 20.318251702173903, 49.383034198062681 ], [ 20.317800854708423, 49.371468051996317 ], [ 20.317345729918159, 49.359901931516589 ], [ 20.316886179922381, 49.348335838262919 ], [ 20.307385172632493, 49.342762527453651 ], [ 20.298185141654372, 49.348547411299663 ], [ 20.288643169010317, 49.354496995370837 ], [ 20.278646438061429, 49.348765227478978 ], [ 20.269301440815727, 49.343277910945922 ], [ 20.260243987010629, 49.348967354948918 ], [ 20.250550035433889, 49.355004992743865 ], [ 20.240403018402752, 49.349181998747383 ], [ 20.231216726541067, 49.34378243858351 ], [ 20.212174007818565, 49.344030622278936 ], [ 20.193131051714612, 49.344276081729497 ], [ 20.182585561513822, 49.338216787865846 ], [ 20.173815090639948, 49.333052553957273 ], [ 20.163014225542621, 49.326844124471343 ], [ 20.173509690686735, 49.320205971825132 ], [ 20.18167879990812, 49.315083475824096 ], [ 20.17327030657162, 49.310129903172587 ], [ 20.154240219135851, 49.310373234650037 ], [ 20.142984817336721, 49.30390137699311 ], [ 20.134946768677192, 49.299160087345165 ], [ 20.123406889678556, 49.292522062890818 ], [ 20.122940479092041, 49.280955261653979 ], [ 20.122467733886367, 49.269388498239316 ], [ 20.11514607866199, 49.265064369518043 ], [ 20.10287853049736, 49.258005794691258 ], [ 20.102394393460067, 49.246439025551517 ], [ 20.101903118571126, 49.234872300603314 ], [ 20.101404441455379, 49.223305622285046 ], [ 20.095121548174294, 49.219589414741023 ], [ 20.081794481624829, 49.211919508690393 ], [ 20.08128176537971, 49.200352842264934 ], [ 20.080760687289128, 49.18878622992613 ], [ 20.0753833396213, 49.185601662886604 ], [ 20.056400729560046, 49.185847805023322 ], [ 20.051277145318696, 49.189058394326992 ], [ 20.037656362231377, 49.197493229065692 ], [ 20.032374815229684, 49.200800384753769 ], [ 20.018903235284714, 49.209138015396661 ], [ 20.013467419429542, 49.212539281878989 ], [ 20.0001413393584, 49.220782094470842 ], [ 19.994554847106688, 49.224275084690653 ], [ 19.981370665230159, 49.232425399149008 ], [ 19.962369354729237, 49.2326520932479 ], [ 19.943367837487251, 49.232876251782869 ], [ 19.924366116357533, 49.233097887752685 ], [ 19.905364194200605, 49.233317015637674 ], [ 19.891183834015084, 49.225118893734326 ], [ 19.890694464562188, 49.213551322816514 ], [ 19.88595432406704, 49.210731399090605 ], [ 19.871080486544276, 49.202129552911565 ], [ 19.866761676226002, 49.199558354773131 ], [ 19.847772364826945, 49.199775678394161 ], [ 19.828782861200576, 49.199990650265256 ], [ 19.824802380376411, 49.202469318300231 ], [ 19.809979121425588, 49.211588228239307 ], [ 19.794604143753698, 49.202681028471112 ], [ 19.79080328853733, 49.200413644224561 ], [ 19.787075564715597, 49.202732579123314 ], [ 19.771990394895234, 49.212002567909281 ], [ 19.768082559256328, 49.21443176391719 ], [ 19.767961057205479, 49.226003863369122 ], [ 19.767849168306359, 49.237575875811459 ], [ 19.772431537781092, 49.24030899455218 ], [ 19.786638906609628, 49.249020705269338 ], [ 19.786552681250829, 49.26059252299342 ], [ 19.791814630485582, 49.263727878660639 ], [ 19.805383136000444, 49.272034004140949 ], [ 19.811023431884497, 49.27539229799568 ], [ 19.824237184197617, 49.283472240948122 ], [ 19.811286629644176, 49.291437188387306 ], [ 19.805266549954933, 49.295177179757232 ], [ 19.805219792706037, 49.306748652812772 ], [ 19.805180377948936, 49.318320051819349 ], [ 19.805148057871982, 49.329891378521857 ], [ 19.80512259467017, 49.341462634593363 ], [ 19.805103760105823, 49.353033821638569 ], [ 19.80509133509031, 49.364604941196696 ], [ 19.805085109285763, 49.376175994744585 ], [ 19.793731965928533, 49.383152250719718 ], [ 19.786108010219888, 49.387877575865758 ], [ 19.78610708299291, 49.399448538381918 ], [ 19.786111829703255, 49.411019439479304 ], [ 19.77521216950997, 49.417712330672948 ], [ 19.763936756253429, 49.411168075082117 ], [ 19.755961812526674, 49.406426915710163 ], [ 19.744418305986365, 49.399724468514925 ], [ 19.736720367475193, 49.395144547688652 ], [ 19.724898022839501, 49.388277571122778 ], [ 19.717487826347124, 49.383865528559213 ], [ 19.710207450508086, 49.388368748225837 ], [ 19.698588745322333, 49.395488202622218 ], [ 19.691200351072933, 49.400054863070906 ], [ 19.679680761486591, 49.407109343219886 ], [ 19.660610110260215, 49.407273430747345 ], [ 19.641539309594354, 49.407434951288423 ], [ 19.634217789569774, 49.411952344417557 ], [ 19.634175949016623, 49.42352342460341 ], [ 19.641808403760976, 49.428074121536163 ], [ 19.653137120967131, 49.434988717470368 ], [ 19.641987637134644, 49.441807917150449 ], [ 19.634109412610346, 49.446665421866712 ], [ 19.623048572167509, 49.45342630228604 ], [ 19.603959645627498, 49.453577775822268 ], [ 19.584870580970563, 49.45372666370892 ], [ 19.577058516469506, 49.458534916986956 ], [ 19.577019371580462, 49.470105851638706 ], [ 19.566045474484024, 49.476801787193779 ], [ 19.557965583650649, 49.481770044036793 ], [ 19.557930360680224, 49.493340901119716 ], [ 19.557900107559195, 49.504911711157277 ], [ 19.547330812632818, 49.511355938943609 ], [ 19.538836511951132, 49.516572706782462 ], [ 19.538809470740269, 49.528143444823783 ], [ 19.538787001635217, 49.539714138497303 ], [ 19.538768965570448, 49.551284788458787 ], [ 19.528714090581857, 49.557410228702828 ], [ 19.519692945119157, 49.562942566281315 ], [ 19.519677262656721, 49.574513150793621 ], [ 19.509823381934957, 49.580511937554959 ], [ 19.490684360041602, 49.58063610077064 ], [ 19.481518737481757, 49.586248677797876 ], [ 19.471655966982581, 49.592245852372727 ], [ 19.46242046804274, 49.597897005717527 ], [ 19.462398559463626, 49.609467521906716 ], [ 19.452724966338955, 49.615345484132511 ], [ 19.442808271603294, 49.609544116144207 ], [ 19.442568992771303, 49.597974607692606 ], [ 19.43336835759867, 49.592478970752083 ], [ 19.414224394198552, 49.592591572262549 ], [ 19.40389689280774, 49.586545568192577 ], [ 19.403655223474459, 49.574975950983685 ], [ 19.394894943910348, 49.569735450611752 ], [ 19.3757597783367, 49.569844944598685 ], [ 19.364986924130228, 49.56353387769164 ], [ 19.364741757868853, 49.55196415262494 ], [ 19.364491897301225, 49.540394418763675 ], [ 19.356373984560225, 49.535529689667655 ], [ 19.337252093501206, 49.535637697695542 ], [ 19.318130108487757, 49.535743309477915 ], [ 19.299008032164512, 49.535846553484973 ], [ 19.279885867135459, 49.535947458845968 ], [ 19.268195600904924, 49.529087145012639 ], [ 19.260702653958084, 49.524584397291072 ], [ 19.248736501111949, 49.517560064509205 ], [ 19.241528364290463, 49.513225213820967 ], [ 19.229274195600375, 49.506029699882312 ], [ 19.229018318615719, 49.494459615590252 ], [ 19.228756329443339, 49.482889519657043 ], [ 19.222259314722837, 49.478977501760419 ], [ 19.209281088738468, 49.47135575750827 ], [ 19.222188945280134, 49.463421840432844 ], [ 19.228213161724607, 49.459749294384608 ], [ 19.222155845679346, 49.456100268159794 ], [ 19.203064593856084, 49.456203504286229 ], [ 19.189521478386158, 49.448248484600619 ], [ 19.189235429220503, 49.436678250376694 ], [ 19.188941896145195, 49.425108004485672 ], [ 19.188640611435662, 49.413537747307736 ], [ 19.183802464137536, 49.410617391145543 ], [ 19.164728797380569, 49.410725054620428 ], [ 19.1456550451854, 49.410831099413393 ], [ 19.126581209237219, 49.410935574502552 ], [ 19.107507291146643, 49.411038529472656 ], [ 19.103221575694963, 49.413645545976017 ], [ 19.088453783810834, 49.422543535065621 ], [ 19.073369872545292, 49.413668339887415 ], [ 19.069359214600414, 49.411240080137297 ], [ 19.050285058982293, 49.41133877758984 ], [ 19.034618056877896, 49.402115671631378 ], [ 19.031203607722816, 49.40004579085722 ], [ 19.012133713006168, 49.400144647114516 ], [ 18.993063742096016, 49.400242362723525 ], [ 18.973993695967412, 49.400338992084109 ], [ 18.971060748322508, 49.402117232369164 ], [ 18.97074263563043, 49.413687914996615 ], [ 18.973985603843843, 49.415656459799827 ], [ 18.989359376063046, 49.425261865892359 ], [ 18.989069071144023, 49.436832554744242 ], [ 18.988787580037094, 49.448403220452938 ], [ 18.973963565842713, 49.457305668413781 ], [ 18.969563165055664, 49.45997042862701 ], [ 18.96928993324595, 49.47154100274939 ], [ 18.969024757514422, 49.483111555125582 ], [ 18.968767359846229, 49.494682085737232 ], [ 18.968517473441626, 49.506252594564913 ], [ 18.954818865756863, 49.514470789443415 ], [ 18.949284857380469, 49.517816316233677 ], [ 18.935689421104289, 49.525967588114113 ], [ 18.916570458713132, 49.526032340742027 ], [ 18.902607388952763, 49.517786440972479 ], [ 18.897475334090153, 49.514671677380434 ], [ 18.878360723739025, 49.514735535185231 ], [ 18.873350754101793, 49.517758115280607 ], [ 18.85921328601718, 49.526217015596835 ], [ 18.854089474133648, 49.529305964224413 ], [ 18.853812427091743, 49.540876127108191 ], [ 18.853542609415161, 49.552446275280282 ], [ 18.839982235387673, 49.560552947058021 ], [ 18.834272723855971, 49.563990751533666 ], [ 18.834008656813275, 49.575560817709658 ], [ 18.833751224449468, 49.58713086962814 ], [ 18.833500205451994, 49.598700907015015 ], [ 18.833255387244201, 49.610270929605839 ], [ 18.820640086297047, 49.617804296534366 ], [ 18.813972798364329, 49.621811902973185 ], [ 18.813732237980869, 49.633381846707849 ], [ 18.813497382961152, 49.644951775962767 ], [ 18.813268048440861, 49.656521690474584 ], [ 18.813044056744463, 49.668091589989317 ], [ 18.801252096450824, 49.675125339470121 ], [ 18.793746516947319, 49.679629067365973 ], [ 18.782023452566463, 49.686617149759698 ], [ 18.762841537628702, 49.686640482427705 ], [ 18.750872472217306, 49.679544774119073 ], [ 18.743719858266868, 49.675200394625726 ], [ 18.73652175133876, 49.679513014055338 ], [ 18.724477674427305, 49.686680954714781 ], [ 18.717200479280681, 49.691037672320569 ], [ 18.716955492834668, 49.702607278446564 ], [ 18.705157052290634, 49.709623467930797 ], [ 18.685966098209047, 49.709635101963599 ], [ 18.666775143555771, 49.709644642647184 ], [ 18.647584190382442, 49.709652100026936 ], [ 18.640361969434085, 49.713964975936101 ], [ 18.64009779399812, 49.725534328255009 ], [ 18.628218241431487, 49.732581542447967 ], [ 18.620740193739266, 49.737042723123736 ], [ 18.620478808408567, 49.748611997974898 ], [ 18.620222304866498, 49.760181265226763 ], [ 18.619970529779266, 49.77175052440775 ], [ 18.608649263144681, 49.778459286847735 ], [ 18.600597718940019, 49.783255433466039 ], [ 18.600347944439118, 49.794824615358365 ], [ 18.589237189255368, 49.801403205441282 ], [ 18.580964445114233, 49.806326173012231 ], [ 18.580716363813455, 49.817895277456714 ], [ 18.569806664047594, 49.824349462545705 ], [ 18.561321983524376, 49.829393479086654 ], [ 18.569716618550704, 49.834500757746369 ], [ 18.58023261825549, 49.841033460805249 ], [ 18.579996705411869, 49.852602538858569 ], [ 18.588758210852717, 49.857927771691962 ], [ 18.598936662560952, 49.864239514915056 ], [ 18.588652968845903, 49.870323447026628 ], [ 18.579536212988604, 49.875740665713082 ], [ 18.579311411946502, 49.887309713754313 ], [ 18.579090100299176, 49.898878751054831 ], [ 18.578872177459246, 49.910447777268821 ], [ 18.568989260241828, 49.916288101786016 ], [ 18.55945410963491, 49.921945436885956 ], [ 18.549609578699108, 49.927758983538709 ], [ 18.53972901572633, 49.921868832776624 ], [ 18.539719709607024, 49.910298990890624 ], [ 18.530555823146031, 49.904727867434232 ], [ 18.511287928951823, 49.904693879957179 ], [ 18.492020079580175, 49.904657311807441 ], [ 18.482898390880298, 49.910059546262033 ], [ 18.472626957045257, 49.916112182396482 ], [ 18.463453328784482, 49.921541038820656 ], [ 18.453224644761686, 49.927564155752229 ], [ 18.433947813694822, 49.927517286479492 ], [ 18.424797257860835, 49.932925578039196 ], [ 18.41453179315997, 49.938962458467202 ], [ 18.395250511927276, 49.938909026047675 ], [ 18.375969296501427, 49.938852896977373 ], [ 18.35668814991535, 49.938794057999509 ], [ 18.347711249632862, 49.944087488266028 ], [ 18.337249419874478, 49.950224398843098 ], [ 18.326800276261075, 49.943968007579791 ], [ 18.337421555878404, 49.937676591135727 ], [ 18.346186190151453, 49.932509076425205 ], [ 18.337564597131497, 49.927242896077516 ], [ 18.326849869890523, 49.92082860577824 ], [ 18.318450110972979, 49.915694056865568 ], [ 18.309907004603225, 49.920729025976989 ], [ 18.299011805015457, 49.927114196303641 ], [ 18.29040772447275, 49.932181228926922 ], [ 18.290101276122527, 49.943749202690874 ], [ 18.289798668326426, 49.955317176579641 ], [ 18.279221447693836, 49.96150964582619 ], [ 18.270284805294846, 49.966765872866141 ], [ 18.25975533076123, 49.972925759461695 ], [ 18.240460956973365, 49.972846366060445 ], [ 18.221166678511842, 49.972764084374596 ], [ 18.212322488213211, 49.977956604749828 ], [ 18.212004432028237, 49.989524238992892 ], [ 18.201492130079583, 49.9956609628615 ], [ 18.182188900370058, 49.9955703137963 ], [ 18.171660412650329, 49.98924321404656 ], [ 18.16308519963038, 49.983986989015015 ], [ 18.154329748683406, 49.989118185225777 ], [ 18.143582769867916, 49.995380033097824 ], [ 18.124279876427568, 49.995280351051534 ], [ 18.115535066172345, 50.000398744686215 ], [ 18.104763775120425, 50.006665882374975 ], [ 18.095955190497513, 50.011817646785076 ], [ 18.095608694864609, 50.023384734344958 ], [ 18.095265853319301, 50.034951827134044 ], [ 18.084801721153962, 50.041033904907465 ], [ 18.075671176566157, 50.046367167668585 ], [ 18.065257630967047, 50.052415131725077 ], [ 18.056067407456663, 50.05777912558051 ], [ 18.045704300135764, 50.063793100231365 ], [ 18.026374535306758, 50.06367063461682 ], [ 18.016060780397918, 50.057446871810136 ], [ 18.007282128964896, 50.052051031591191 ], [ 17.996781536040583, 50.045712053900559 ], [ 17.996889663865172, 50.034143186750988 ], [ 18.007783097753297, 50.027752594678638 ], [ 18.018271614732122, 50.034326038484579 ], [ 18.026861341095042, 50.039606144736638 ], [ 18.035661591444171, 50.034471846411471 ], [ 18.035760072681779, 50.022902864501638 ], [ 18.035854359786175, 50.011333825239355 ], [ 18.02753565271238, 50.00621860199076 ], [ 18.008228963221669, 50.00609881764737 ], [ 17.999778444230348, 50.011028453567654 ], [ 17.988681439186578, 50.017458932065985 ], [ 17.977712987653902, 50.010836146504708 ], [ 17.969616022099654, 50.005849486997526 ], [ 17.950309778827723, 50.005719881160324 ], [ 17.939056482891118, 49.998919219234466 ], [ 17.931258165433803, 49.994110367450205 ], [ 17.919780463099663, 49.987171409491346 ], [ 17.912215612725308, 49.982503016137997 ], [ 17.892918977127046, 49.982366051980613 ], [ 17.881134102882928, 49.975235136328031 ], [ 17.873890188710906, 49.970759106936214 ], [ 17.866440684105289, 49.975092485818756 ], [ 17.854326213311932, 49.982081859697018 ], [ 17.84677899190255, 49.986468703606874 ], [ 17.834753058989588, 49.993401378637984 ], [ 17.827108289117444, 49.997841502882103 ], [ 17.826664304440008, 50.009406998711817 ], [ 17.814888618450038, 50.016189127079173 ], [ 17.795579191788949, 50.016030729076817 ], [ 17.787739881587843, 50.020576830994216 ], [ 17.787291890557213, 50.032142119986098 ], [ 17.775686715269767, 50.038815250691343 ], [ 17.767592178919148, 50.043504537197514 ], [ 17.767146597533849, 50.055069745903339 ], [ 17.766705312744261, 50.066634977126924 ], [ 17.755477990036596, 50.073084176065315 ], [ 17.746992287381598, 50.077993750623286 ], [ 17.735844319475248, 50.08439222325206 ], [ 17.72727025790148, 50.089349085448283 ], [ 17.726828564503904, 50.100914127057742 ], [ 17.715894331147094, 50.107184200048941 ], [ 17.707095237839827, 50.112265913257744 ], [ 17.696237320943805, 50.118487246579051 ], [ 17.685624121425882, 50.112024819879991 ], [ 17.677204436643205, 50.10680946647804 ], [ 17.657859829774843, 50.106616603384161 ], [ 17.649205799545278, 50.111606804714327 ], [ 17.648747198748488, 50.123171374582242 ], [ 17.637863664293935, 50.129393821110327 ], [ 17.628982728730897, 50.134509571440425 ], [ 17.618179397908889, 50.140681258155062 ], [ 17.609209392467012, 50.145844309132336 ], [ 17.598485870170272, 50.15196555285133 ], [ 17.589427214414528, 50.15717558424334 ], [ 17.598174853600309, 50.162601214241981 ], [ 17.608294177624931, 50.168973075436831 ], [ 17.617204234082323, 50.17449529373193 ], [ 17.63657441948649, 50.174748415336431 ], [ 17.65594485965126, 50.174998760890652 ], [ 17.66584262324481, 50.181218205564534 ], [ 17.674993741472932, 50.186879627169873 ], [ 17.694369405835737, 50.187123729144844 ], [ 17.704087809874874, 50.193220939446491 ], [ 17.713432801761133, 50.198994925696198 ], [ 17.732813680074251, 50.199232739369961 ], [ 17.742357828283271, 50.205211258270388 ], [ 17.75189158359337, 50.211094354518842 ], [ 17.76130445470568, 50.216984463165481 ], [ 17.760911198497325, 50.228549884510386 ], [ 17.760520668153138, 50.240115312153215 ], [ 17.750991046862474, 50.245580003418766 ], [ 17.740766979977355, 50.251472506101692 ], [ 17.731284250954602, 50.256906033920629 ], [ 17.721004106095432, 50.262826250224563 ], [ 17.720609963499889, 50.274391471720179 ], [ 17.730654873804838, 50.280584717929905 ], [ 17.739601494745209, 50.286168502931226 ], [ 17.749764817509323, 50.292430023321323 ], [ 17.758606349983022, 50.297942518420811 ], [ 17.749483227776157, 50.303171089387227 ], [ 17.730058846116382, 50.30297950433782 ], [ 17.719442226413523, 50.309087161978063 ], [ 17.719057661784348, 50.320652398351299 ], [ 17.710011186897248, 50.32582895320089 ], [ 17.69057790341434, 50.325628986619691 ], [ 17.681730262094529, 50.320235125606871 ], [ 17.681973751965693, 50.308668381151861 ], [ 17.682214452230035, 50.29710158305582 ], [ 17.672107811126562, 50.290864275257448 ], [ 17.66300494874611, 50.28531265282755 ], [ 17.653014183050125, 50.279142188093395 ], [ 17.643801025031166, 50.273520555619193 ], [ 17.633929871906876, 50.267419351370961 ], [ 17.614520916550322, 50.267207875499125 ], [ 17.604336292057216, 50.273053324671586 ], [ 17.594773332065959, 50.278505840888229 ], [ 17.575360220904095, 50.278286390079394 ], [ 17.566040196881122, 50.272587111043286 ], [ 17.556295573264446, 50.26655141391246 ], [ 17.536887647183274, 50.266325231980204 ], [ 17.526811454894197, 50.272096452137006 ], [ 17.517122464070866, 50.277605961470435 ], [ 17.497710417823967, 50.277371786639897 ], [ 17.488295427700585, 50.27160181711406 ], [ 17.478665491952302, 50.265624576128346 ], [ 17.459258661343139, 50.265383659102334 ], [ 17.449706477838088, 50.259523624371027 ], [ 17.440227969077167, 50.253632829106927 ], [ 17.430373194960659, 50.259264081838054 ], [ 17.429894750034745, 50.270827450420256 ], [ 17.420065037078565, 50.276398307139189 ], [ 17.400654412420511, 50.276145770019284 ], [ 17.390638311525713, 50.281860274646235 ], [ 17.38085363376744, 50.287397740149721 ], [ 17.371412388702126, 50.281592443639141 ], [ 17.371708542253931, 50.270026721176187 ], [ 17.362228841597631, 50.264124097487688 ], [ 17.35235354584993, 50.269753905622295 ], [ 17.351855842294423, 50.281316741428732 ], [ 17.35136106437086, 50.292879596435611 ], [ 17.350869124675302, 50.304442469436204 ], [ 17.341224044388163, 50.30989274987823 ], [ 17.330971731539506, 50.315728309632462 ], [ 17.321395221034805, 50.321135816627226 ], [ 17.301967451134775, 50.320862880471338 ], [ 17.282539996933632, 50.32058636515557 ], [ 17.272237131947648, 50.32644002190694 ], [ 17.26269309766414, 50.331818286550593 ], [ 17.243261610758093, 50.331534134331626 ], [ 17.232891211690134, 50.337418484585434 ], [ 17.223400993071223, 50.34275914470274 ], [ 17.212951703574081, 50.348683607940984 ], [ 17.212435208358876, 50.360245572817504 ], [ 17.203096173175748, 50.365496895379998 ], [ 17.192484613875912, 50.371507042984476 ], [ 17.191967755308745, 50.38306889535135 ], [ 17.182771555754798, 50.388235731565786 ], [ 17.163317970260735, 50.387935115268732 ], [ 17.154503032169057, 50.382480354107479 ], [ 17.144314322879296, 50.37611369059276 ], [ 17.13364168159746, 50.382147402325892 ], [ 17.124411825856669, 50.387323567562767 ], [ 17.113663997157868, 50.393395007138572 ], [ 17.11313067120102, 50.404956299407466 ], [ 17.104040224199572, 50.410050262014366 ], [ 17.084578628093471, 50.409735065492228 ], [ 17.065117385624795, 50.40941651541749 ], [ 17.045656499370853, 50.409094639061237 ], [ 17.034769599414659, 50.415228569348741 ], [ 17.025717099404417, 50.420288715171758 ], [ 17.006252233587869, 50.419959794036416 ], [ 16.986787732081329, 50.419627626065342 ], [ 16.96732359718154, 50.419292240979644 ], [ 16.956373031875433, 50.42544755392251 ], [ 16.947361772320903, 50.430472551157081 ], [ 16.936338351617522, 50.436663925723181 ], [ 16.927390521426492, 50.44165026973301 ], [ 16.916295855007306, 50.447876738815864 ], [ 16.907409838028595, 50.452825398380433 ], [ 16.898964847112232, 50.447565001726879 ], [ 16.888446048890987, 50.440955462949489 ], [ 16.879930871864808, 50.435649475130852 ], [ 16.88037339968335, 50.424087341736168 ], [ 16.870008496995254, 50.417568138192635 ], [ 16.861345578807022, 50.412168760899981 ], [ 16.870482335639334, 50.407003163208749 ], [ 16.881249067289914, 50.400962842688074 ], [ 16.890455516284693, 50.395752942485579 ], [ 16.901141229547296, 50.389753346241562 ], [ 16.910419312832961, 50.384497991557147 ], [ 16.921022074880838, 50.378540276637636 ], [ 16.921440365223354, 50.366977514419133 ], [ 16.921855206551378, 50.355414670090809 ], [ 16.931384119803795, 50.350007376774514 ], [ 16.941709866671872, 50.34419764231319 ], [ 16.942113641742338, 50.332634518506126 ], [ 16.942513723800509, 50.32107130884873 ], [ 16.952318573488842, 50.315497294850267 ], [ 16.96234178939358, 50.309850331542251 ], [ 16.972234268557774, 50.304221327777306 ], [ 16.99165099276323, 50.304566377039102 ], [ 17.001586516767397, 50.298961515753376 ], [ 17.011552972844953, 50.293282615474403 ], [ 17.021388008832623, 50.287730088054296 ], [ 17.021757243247752, 50.27616610695749 ], [ 17.022122405096955, 50.264602035910158 ], [ 17.012986833440916, 50.258859418418318 ], [ 17.003070151525641, 50.252705810652586 ], [ 17.003430488390354, 50.24114165125571 ], [ 17.013974026771038, 50.235120489007997 ], [ 17.023192288644637, 50.22990926338678 ], [ 17.014419775165024, 50.224391172543427 ], [ 16.995034542351124, 50.22406942224309 ], [ 16.985833727125559, 50.229267489296724 ], [ 16.98521921677704, 50.240827228990817 ], [ 16.974676266480063, 50.246717975492707 ], [ 16.964611567660246, 50.240467985856441 ], [ 16.964974628338812, 50.228903923003529 ], [ 16.956265125103211, 50.223416791935257 ], [ 16.936880943730817, 50.223085993829855 ], [ 16.917497115745363, 50.222752262709712 ], [ 16.898113642446198, 50.222415640981566 ], [ 16.887722245879356, 50.215954233079202 ], [ 16.88808953460882, 50.204390344372271 ], [ 16.879748334744317, 50.199121815328589 ], [ 16.860374789100494, 50.198781363135048 ], [ 16.851604200075524, 50.203721123551723 ], [ 16.840483713175008, 50.209912087694406 ], [ 16.829888003266269, 50.203317352847208 ], [ 16.830259981705808, 50.191753634934138 ], [ 16.822150773489621, 50.186622395253082 ], [ 16.802782887935155, 50.186274923183944 ], [ 16.791835256030677, 50.17945856552641 ], [ 16.792202216952298, 50.167894781710714 ], [ 16.792563184493169, 50.15633086406946 ], [ 16.785005982665261, 50.151540705424971 ], [ 16.773530064307295, 50.144396574205253 ], [ 16.766186311631674, 50.139738233532242 ], [ 16.746837782140748, 50.139387923963184 ], [ 16.735107816883158, 50.132082373417369 ], [ 16.735457718311537, 50.120518278086287 ], [ 16.728573795467167, 50.116145098025072 ], [ 16.71641712169772, 50.108574241598852 ], [ 16.70978088354131, 50.104355264508889 ], [ 16.690447019471073, 50.104002444484301 ], [ 16.671113492369756, 50.103647579870845 ], [ 16.664190915096636, 50.107534827704157 ], [ 16.651220877062144, 50.114723896543374 ], [ 16.631883495472533, 50.114363541864883 ], [ 16.624850906793245, 50.118307441026147 ], [ 16.624071762743295, 50.129862580811853 ], [ 16.611407762820502, 50.136874110288275 ], [ 16.592061994899492, 50.136506852788052 ], [ 16.584713690520939, 50.140621341939543 ], [ 16.583933633294311, 50.152176218719951 ], [ 16.571557429650277, 50.159020791739742 ], [ 16.563857273254548, 50.163327736722749 ], [ 16.563082613723989, 50.174882583420469 ], [ 16.562313788101779, 50.186437530866144 ], [ 16.561550586239445, 50.197992574745406 ], [ 16.56079280666043, 50.209547710920859 ], [ 16.560040256171177, 50.22110293542422 ], [ 16.548684933823665, 50.227376612982937 ], [ 16.539952997401201, 50.232250199189451 ], [ 16.528710836029816, 50.238457938404323 ], [ 16.519860150925641, 50.243393909553532 ], [ 16.508727385987346, 50.24953787838723 ], [ 16.499761662344376, 50.254534063329402 ], [ 16.499009188000059, 50.266088921397632 ], [ 16.488130843331117, 50.272088652862216 ], [ 16.478903153633201, 50.277225360498356 ], [ 16.4681235250521, 50.283167425924709 ], [ 16.458791277922664, 50.288358234314259 ], [ 16.45803935272124, 50.299912854331247 ], [ 16.447492252609997, 50.305723055265474 ], [ 16.437919457780172, 50.311041998948106 ], [ 16.43716950477522, 50.322596527832459 ], [ 16.426840738267526, 50.32828284849387 ], [ 16.407420396790489, 50.327875820239903 ], [ 16.388000441701212, 50.327466799866123 ], [ 16.378284391784231, 50.332854012100178 ], [ 16.377523450603078, 50.344407976065959 ], [ 16.367310949119886, 50.350021866235707 ], [ 16.357379194926704, 50.355522805409471 ], [ 16.366677841259435, 50.36146019920735 ], [ 16.376012968544085, 50.367516099416335 ], [ 16.366038818607127, 50.37299787705291 ], [ 16.355863563777461, 50.378630586495881 ], [ 16.345959621051577, 50.384070900630554 ], [ 16.326517705798128, 50.383650362279205 ], [ 16.307076188629647, 50.383227859644705 ], [ 16.297633746021386, 50.377291403860681 ], [ 16.288290486749716, 50.371316330635153 ], [ 16.278291324542966, 50.376840095943543 ], [ 16.268194346504242, 50.382377135496988 ], [ 16.258121262512876, 50.387937318205189 ], [ 16.257340967423342, 50.39949016970975 ], [ 16.247422961495843, 50.404925702663483 ], [ 16.237161843529147, 50.410583611755314 ], [ 16.227302749773148, 50.415984083670324 ], [ 16.216976368979253, 50.421673449758316 ], [ 16.207173091368247, 50.427040600063229 ], [ 16.196784510842981, 50.432759680546511 ], [ 16.19599889158091, 50.444312041048335 ], [ 16.205786679042944, 50.450577686979244 ], [ 16.214638239312119, 50.456331263554183 ], [ 16.224571050137513, 50.462684995017192 ], [ 16.24404079418003, 50.46317414212352 ], [ 16.252729072463833, 50.468808504905681 ], [ 16.262840475108749, 50.475268190720151 ], [ 16.282316222876258, 50.475747682066753 ], [ 16.290857318012769, 50.481273957048963 ], [ 16.301131171379112, 50.487829010809804 ], [ 16.309566701631653, 50.493279230584022 ], [ 16.30883192051315, 50.504833237123812 ], [ 16.319298734946365, 50.51150496367157 ], [ 16.330493373654566, 50.50533230129362 ], [ 16.339443066352469, 50.500368219982875 ], [ 16.358930720583356, 50.500829187828174 ], [ 16.367220903585995, 50.506169243191344 ], [ 16.377776092961714, 50.512886524980665 ], [ 16.385978950181482, 50.518163061862204 ], [ 16.39663128641034, 50.524937078495384 ], [ 16.404752700290942, 50.530154115344459 ], [ 16.396081666908731, 50.534916986322322 ], [ 16.384567443801558, 50.5412729801903 ], [ 16.395353561609497, 50.548129096421043 ], [ 16.40335687989009, 50.553264510029251 ], [ 16.402662127647858, 50.564819747724748 ], [ 16.413592614030776, 50.571760897645191 ], [ 16.433111260519183, 50.572202948113883 ], [ 16.440980907695913, 50.577239188439052 ], [ 16.440301182203513, 50.588794879677124 ], [ 16.431959113416692, 50.593378672654147 ], [ 16.420105684020395, 50.599919718751927 ], [ 16.41179818169249, 50.604481945292989 ], [ 16.399902732123675, 50.61104093622599 ], [ 16.391627718681899, 50.615582769103433 ], [ 16.379692317897717, 50.622158528983029 ], [ 16.379003344990192, 50.633713695867065 ], [ 16.370804235650283, 50.638210830193877 ], [ 16.358781683651017, 50.644827475676088 ], [ 16.35060944926202, 50.649307363528024 ], [ 16.338552509161627, 50.65593762287746 ], [ 16.330405106617597, 50.660401409704669 ], [ 16.310850427328692, 50.659961444507971 ], [ 16.291296193729842, 50.659519024215243 ], [ 16.279237849509855, 50.666137806964905 ], [ 16.271073672585583, 50.670604453472663 ], [ 16.251515581293681, 50.670156566738299 ], [ 16.231957939854066, 50.669706297864522 ], [ 16.224251755243277, 50.664840276975411 ], [ 16.224886670025771, 50.653284495502568 ], [ 16.225518906158534, 50.641728631510105 ], [ 16.214448130136908, 50.634672626251167 ], [ 16.194905617681979, 50.634219799201212 ], [ 16.183058654599613, 50.640709174857186 ], [ 16.174672142399629, 50.645288996466547 ], [ 16.155125789374274, 50.644830964004974 ], [ 16.143279973229891, 50.651311116639462 ], [ 16.134878465941043, 50.655894841144352 ], [ 16.115328276463188, 50.655431679149054 ], [ 16.095778538509652, 50.654966372006903 ], [ 16.087826677007477, 50.649937463220176 ], [ 16.076944870968227, 50.642977234257785 ], [ 16.068903636314865, 50.637891413555579 ], [ 16.069563230590632, 50.626336757897469 ], [ 16.058839770489158, 50.619471164606821 ], [ 16.050643405145312, 50.614287664798773 ], [ 16.040028918759319, 50.607486723470558 ], [ 16.031725748178889, 50.602235449716623 ], [ 16.021227351944081, 50.595503827518392 ], [ 16.009913726923774, 50.601677167505414 ], [ 16.000971233405206, 50.606545028378562 ], [ 15.989634696712921, 50.612725906427961 ], [ 16.000148539924972, 50.619470837002908 ], [ 16.008315766147106, 50.624778929723909 ], [ 16.007520093636987, 50.636329867375039 ], [ 16.006726535255233, 50.647880840436947 ], [ 16.005935025728583, 50.659431847273886 ], [ 16.005145502105304, 50.670982886308359 ], [ 15.99656585185636, 50.675649761508474 ], [ 15.984843237778431, 50.682030357589461 ], [ 15.976268386904414, 50.686692240657685 ], [ 15.95670762269037, 50.686210224939536 ], [ 15.937147314556526, 50.685726296029117 ], [ 15.91758746180361, 50.685240494077256 ], [ 15.9094024344506, 50.680052689870116 ], [ 15.898787959668669, 50.673234824575552 ], [ 15.879233738116325, 50.672746372063088 ], [ 15.867815978006472, 50.67894155983997 ], [ 15.866988607125556, 50.69049091174432 ], [ 15.858140680711598, 50.69528984577034 ], [ 15.846657381395957, 50.70151381032067 ], [ 15.845827982543572, 50.713062975163666 ], [ 15.837026751907867, 50.717833571036984 ], [ 15.825485776626619, 50.724081977404566 ], [ 15.824654204584427, 50.735630951192704 ], [ 15.823824485998493, 50.747179957299153 ], [ 15.815109474218044, 50.751900174299223 ], [ 15.795523944685586, 50.751398121688844 ], [ 15.787304588981149, 50.746178583878184 ], [ 15.776730806760526, 50.739373500392375 ], [ 15.757150938692053, 50.738869063940349 ], [ 15.737571526677373, 50.738363043412981 ], [ 15.717992568650093, 50.737855490112111 ], [ 15.698414062324868, 50.737346457234175 ], [ 15.68723056918927, 50.743375727828578 ], [ 15.686360149314572, 50.754922900308998 ], [ 15.677204170645981, 50.759868925322486 ], [ 15.657617105420719, 50.759354904182864 ], [ 15.638030489891744, 50.758839517155323 ], [ 15.626968603941862, 50.764790456822283 ], [ 15.61761324413739, 50.769838232135776 ], [ 15.606577351327548, 50.775770377546792 ], [ 15.597186328177512, 50.780834940223976 ], [ 15.577591590715944, 50.780313499576856 ], [ 15.557997295880872, 50.779790883149445 ], [ 15.538403439701, 50.779267158346762 ], [ 15.518810017888191, 50.77874239532013 ], [ 15.508188232318219, 50.784435366412183 ], [ 15.498356264541622, 50.789728038095809 ], [ 15.478758980430891, 50.789200139169381 ], [ 15.468287462249505, 50.794805075796788 ], [ 15.458291230160032, 50.800181828672628 ], [ 15.447867300035266, 50.805756759994082 ], [ 15.43781376498579, 50.811161765135665 ], [ 15.428398181359452, 50.805161616988393 ], [ 15.41908932977468, 50.799119448059649 ], [ 15.409499057059376, 50.793008232096511 ], [ 15.410315563198312, 50.781460836542273 ], [ 15.401258324410833, 50.77557632547844 ], [ 15.381667792871458, 50.775046520796018 ], [ 15.371885570463329, 50.780270321126352 ], [ 15.370919804088894, 50.791812897121446 ], [ 15.369956545768586, 50.803355534412212 ], [ 15.368995716072956, 50.814898230583928 ], [ 15.368037238202055, 50.826440983301843 ], [ 15.367081037849836, 50.837983790306943 ], [ 15.356704584836999, 50.843552662170374 ], [ 15.346635831722901, 50.848917314415502 ], [ 15.336183834725425, 50.854524074850239 ], [ 15.326184955592808, 50.859847155689181 ], [ 15.315653310670864, 50.865493967971631 ], [ 15.305728487280629, 50.870773314645362 ], [ 15.295113000867145, 50.876462386775245 ], [ 15.285266508973768, 50.881695791996492 ], [ 15.2842946412059, 50.893237584931867 ], [ 15.283324853615037, 50.90477942793261 ], [ 15.272722425603648, 50.910456992819739 ], [ 15.262848408337243, 50.915697683312864 ], [ 15.261876093781295, 50.927239303742056 ], [ 15.270909328789411, 50.933112479083753 ], [ 15.280427314116485, 50.939405236879217 ], [ 15.289629896665913, 50.945384014828541 ], [ 15.298998573903953, 50.951568728468352 ], [ 15.288697004670247, 50.957083246762103 ], [ 15.278504845545104, 50.962489323261629 ], [ 15.277546198023893, 50.974031424962348 ], [ 15.267183607636261, 50.979574942656733 ], [ 15.247510230795234, 50.97901900629342 ], [ 15.237500854394892, 50.984319438128104 ], [ 15.236532986301837, 50.995860997267698 ], [ 15.225966103095864, 51.001508272570085 ], [ 15.21610221749612, 50.995200144505631 ], [ 15.207224717164431, 50.989426883893167 ], [ 15.197194849297297, 50.983012477245502 ], [ 15.188492561569914, 50.977348877923326 ], [ 15.178910552895921, 50.982414981902934 ], [ 15.177923627523123, 50.993955594482415 ], [ 15.176938466803829, 51.005496249288257 ], [ 15.175955009615183, 51.01703694436592 ], [ 15.165018165320904, 51.022874423341548 ], [ 15.154809692377926, 51.016342012594208 ], [ 15.146284232089407, 51.010790856063217 ], [ 15.135897386070043, 51.004144167948596 ], [ 15.136816994196648, 50.992601572386079 ], [ 15.128519326271334, 50.987193526518965 ], [ 15.119368791257068, 50.992022445005411 ], [ 15.107879319349717, 50.998151522536332 ], [ 15.098852410935768, 51.002911289563052 ], [ 15.097843186729017, 51.014450687801073 ], [ 15.086258488799892, 51.020626476526346 ], [ 15.066569482194888, 51.020064955910037 ], [ 15.055581675099775, 51.013029533440715 ], [ 15.047861238165957, 51.007988708678198 ], [ 15.039329549813708, 51.012478920476894 ], [ 15.027192480479508, 51.018943390406548 ], [ 15.007504458531038, 51.018383631573151 ], [ 14.987816736605923, 51.017824757083623 ], [ 14.976093190942008, 51.010314872951348 ], [ 14.977039542153763, 50.99877400301596 ], [ 14.977982195003129, 50.987232991779457 ], [ 14.991043784824569, 50.980452452219062 ], [ 15.010695375325851, 50.981247934916141 ], [ 15.01866235422348, 50.977055253485929 ], [ 15.01959239868189, 50.965513580104734 ], [ 15.020518668709492, 50.953971763982985 ], [ 15.013432099669949, 50.949334939665299 ], [ 15.001581267226152, 50.941750464051559 ], [ 15.002502007121096, 50.930208530336287 ], [ 14.995751591730301, 50.925787411858565 ], [ 14.983555768530183, 50.917983797977456 ], [ 14.997024805401853, 50.910973915737152 ], [ 15.004331033082984, 50.90712419472824 ], [ 14.99772712328579, 50.902797252180356 ], [ 14.985380112981334, 50.89489946948482 ], [ 14.999014656589036, 50.887797322124172 ], [ 15.006142824755525, 50.884039213611125 ], [ 15.0070420105436, 50.872496472630047 ], [ 15.000684159531081, 50.868328184795317 ], [ 14.981057754868246, 50.867794238184224 ], [ 14.961431527155574, 50.867262327159857 ], [ 14.941805454754029, 50.86673266558531 ], [ 14.935552242558161, 50.870025009554276 ], [ 14.921176157927464, 50.877683756838977 ], [ 14.901545719624597, 50.87715677258106 ], [ 14.881915374025821, 50.876632650640651 ], [ 14.862285094510806, 50.876111645048361 ], [ 14.842654852922079, 50.875594022285156 ], [ 14.82302461947844, 50.875080061956389 ], [ 14.818494127086479, 50.877457200075085 ], [ 14.822571184951906, 50.880143060121682 ], [ 14.836646323362494, 50.889681220512173 ], [ 14.84113523066863, 50.892636192374781 ], [ 14.854832740877042, 50.90190349554009 ], [ 14.853705754947033, 50.91343738254831 ], [ 14.858679784140264, 50.916708598257856 ], [ 14.871936913442745, 50.925658382593305 ], [ 14.877270768550108, 50.929163620549794 ], [ 14.890198987347086, 50.937877485849725 ], [ 14.889098684096204, 50.949412526110514 ], [ 14.894850734301492, 50.953188995491828 ], [ 14.907401296048183, 50.96163016582549 ], [ 14.913468249331553, 50.965610400213045 ], [ 14.925732044779306, 50.973845780179069 ], [ 14.924655759025239, 50.985381864392451 ], [ 14.923582096968145, 50.996918025414253 ], [ 14.930069123215711, 51.001168926642649 ], [ 14.941959584505298, 51.009132460503878 ], [ 14.940898032424506, 51.020669133752556 ], [ 14.947707274887343, 51.025126919893985 ], [ 14.959310238028488, 51.032881843712019 ], [ 14.958260083677647, 51.044419000833436 ], [ 14.957211996666757, 51.055956214835952 ], [ 14.964357951626846, 51.060629003682337 ], [ 14.975666004076464, 51.068167527978687 ], [ 14.974628453584865, 51.079705192378668 ], [ 14.982038211598157, 51.084545840784543 ], [ 14.993113740768294, 51.091914624532272 ], [ 14.992086141172253, 51.103452715979785 ], [ 14.991060137845217, 51.114990847591351 ], [ 14.990035664778002, 51.126529017148201 ], [ 14.98901265651322, 51.138067222448846 ], [ 14.996737630744422, 51.14310583731173 ], [ 15.007551023893191, 51.150275796763914 ], [ 14.995564354341754, 51.156643091978566 ], [ 14.98697077476168, 51.161143731543241 ], [ 14.994734996490577, 51.166205856928102 ], [ 15.005523981225199, 51.173353007684831 ], [ 15.004512235811221, 51.184891652123305 ], [ 15.012472294680174, 51.190076460595634 ], [ 15.023092690554158, 51.197098865929938 ], [ 15.022089011383231, 51.208637866181178 ], [ 15.02108626900535, 51.220176883861214 ], [ 15.020084401831751, 51.23171591690803 ], [ 15.028238685859861, 51.237019911607703 ], [ 15.038704415383014, 51.243921660127576 ], [ 15.037709864731607, 51.255461020724049 ], [ 15.036715971228451, 51.267000389172743 ], [ 15.03572267343973, 51.278539763420866 ], [ 15.034729909586577, 51.290079141402593 ], [ 15.023123526496009, 51.296230139762116 ], [ 15.014088101282081, 51.300950321293499 ], [ 15.013090615829292, 51.312489403364353 ], [ 15.001310341471743, 51.318727405445756 ], [ 14.992439094183549, 51.323356586702921 ], [ 14.99143671606873, 51.334895366146419 ], [ 14.979475025195782, 51.341224114429288 ], [ 14.970775512264497, 51.345758550391331 ], [ 14.969768058760069, 51.357297020000601 ], [ 14.977618444568009, 51.362397329794092 ], [ 14.988430927774541, 51.369511666132922 ], [ 14.976437515590021, 51.375851667398642 ], [ 14.967753561518322, 51.380373931446378 ], [ 14.966746380634373, 51.391912368600323 ], [ 14.965739152924376, 51.403450790231751 ], [ 14.964731809044061, 51.414989193969078 ], [ 14.963724279421852, 51.426527577431393 ], [ 14.971534888914299, 51.431595710432937 ], [ 14.98241935743447, 51.438743888003479 ], [ 14.970343450052573, 51.445115551513069 ], [ 14.961708383879889, 51.449604273972753 ], [ 14.960699878233882, 51.461142582262376 ], [ 14.948428767173018, 51.46761117841428 ], [ 14.939978354685561, 51.471998923936837 ], [ 14.927521967699054, 51.478561181066645 ], [ 14.919252190022851, 51.482851543607303 ], [ 14.906604922972226, 51.48951027872382 ], [ 14.886718386434692, 51.488915899429514 ], [ 14.866832221242356, 51.488321909218087 ], [ 14.859123147215819, 51.492313750583484 ], [ 14.845895692302268, 51.499269970442271 ], [ 14.838392020470287, 51.503152197900008 ], [ 14.824948856325264, 51.510217516691945 ], [ 14.817657084960619, 51.513986949982637 ], [ 14.803991694995576, 51.521164634751585 ], [ 14.784091951814537, 51.52057182092291 ], [ 14.764192510571574, 51.519980090983694 ], [ 14.757566091280848, 51.523399033978549 ], [ 14.743215633183224, 51.530927997551636 ], [ 14.736830327671408, 51.534219771187601 ], [ 14.735756874986224, 51.545754462151315 ], [ 14.721144237565635, 51.553413416400929 ], [ 14.71501186970665, 51.556571179446721 ], [ 14.713930939331233, 51.568105458764002 ], [ 14.719425839429775, 51.571685237480658 ], [ 14.732530447999922, 51.580358237571701 ], [ 14.738242090588018, 51.584076369730717 ], [ 14.751148664644147, 51.59260858714395 ], [ 14.757069050984692, 51.596459653620897 ], [ 14.769785156883607, 51.604856483414615 ], [ 14.768715651139797, 51.616391465868247 ], [ 14.754512755038684, 51.623822252092971 ], [ 14.747923752946027, 51.627212603440576 ], [ 14.75383626299404, 51.631056155103913 ], [ 14.766572302051561, 51.6394612355394 ], [ 14.752354165248823, 51.646893989449595 ], [ 14.745766445189789, 51.650281616472704 ], [ 14.751677272801075, 51.654122479991429 ], [ 14.764422719427783, 51.662530728622009 ], [ 14.750192892096512, 51.669963462428939 ], [ 14.743602608870171, 51.673350341487605 ], [ 14.742518084693744, 51.684884590246035 ], [ 14.728054768940373, 51.692431023845657 ], [ 14.721686436574567, 51.695700077057253 ], [ 14.706987866293304, 51.703364061362677 ], [ 14.70085061980873, 51.706511829886068 ], [ 14.685910530941866, 51.714296448693617 ], [ 14.680010772424502, 51.717319852791334 ], [ 14.678901889936791, 51.728852814994241 ], [ 14.663717703928107, 51.736755775170259 ], [ 14.658050421941395, 51.739656697560541 ], [ 14.656931657895097, 51.751189153067614 ], [ 14.65581070096751, 51.762721514980853 ], [ 14.654687511188468, 51.774253781805122 ], [ 14.653562052664839, 51.785785952195347 ], [ 14.652434293653201, 51.797318024959274 ], [ 14.637050260348662, 51.805301568393155 ], [ 14.617027104918867, 51.804702690830247 ], [ 14.611783135217323, 51.807379089974354 ], [ 14.595879434716702, 51.815624469845396 ], [ 14.59088756427651, 51.818170040158655 ], [ 14.589734971190133, 51.829700790115076 ], [ 14.594218911862741, 51.832616271266581 ], [ 14.608343211805396, 51.841972371732993 ], [ 14.607191660416126, 51.853503257459494 ], [ 14.611975685958802, 51.8566108116474 ], [ 14.631993524500224, 51.857502163621376 ], [ 14.645618185339837, 51.866508364313539 ], [ 14.650897233208763, 51.869932885139974 ], [ 14.664284273206139, 51.878772733829379 ], [ 14.669811855087158, 51.882355706517387 ], [ 14.682969032949535, 51.891034659479317 ], [ 14.688737375588104, 51.894770800079641 ], [ 14.701672191293898, 51.903294122845331 ], [ 14.700538843836631, 51.914826220860796 ], [ 14.699403226026208, 51.926358223079028 ], [ 14.705465992611844, 51.930280381735166 ], [ 14.718132132110641, 51.938615697238006 ], [ 14.71699814086179, 51.950147852855451 ], [ 14.715861972295304, 51.961679916321572 ], [ 14.714723652773015, 51.973211888582469 ], [ 14.713583211385705, 51.984743770684375 ], [ 14.720013962705407, 51.988897280986599 ], [ 14.732346205847898, 51.99699976151166 ], [ 14.731207845805416, 52.008531813711237 ], [ 14.730067493283746, 52.02006378068959 ], [ 14.736798207408443, 52.02440582875942 ], [ 14.748857011290147, 52.03231778583752 ], [ 14.747719059252534, 52.043849933974187 ], [ 14.746579256457938, 52.055382002239746 ], [ 14.753607778236557, 52.059910732444436 ], [ 14.765395552990725, 52.067634018708276 ], [ 14.752230090374178, 52.074406763140793 ], [ 14.744294265467804, 52.078445905156968 ], [ 14.743149163590711, 52.089977742915188 ], [ 14.729888562262683, 52.096791448848911 ], [ 14.709737088196093, 52.096162298170952 ], [ 14.702070105369048, 52.100057922450794 ], [ 14.688474899689112, 52.107036590749324 ], [ 14.680947416545502, 52.110858054904213 ], [ 14.67977803833486, 52.122388603653398 ], [ 14.678607068221037, 52.133919081271635 ], [ 14.6774345564797, 52.1454494896008 ], [ 14.684328782769564, 52.149891812606768 ], [ 14.696248097586217, 52.157712128808527 ], [ 14.703368607644704, 52.162296672271367 ], [ 14.715080595405741, 52.169972282400906 ], [ 14.701980155156718, 52.176681248035436 ], [ 14.69390896180659, 52.180773344375659 ], [ 14.692737375796881, 52.192303859254039 ], [ 14.691564509042013, 52.20383431456181 ], [ 14.698899592707649, 52.208553031203373 ], [ 14.710417967965103, 52.216095673715493 ], [ 14.709249248557507, 52.22762637804685 ], [ 14.708079395869342, 52.239157028326353 ], [ 14.706908454527877, 52.250687626184359 ], [ 14.69418815831855, 52.257182844791046 ], [ 14.67396566100634, 52.256538374248358 ], [ 14.665635654679278, 52.260750166081898 ], [ 14.652617290724544, 52.26739105721132 ], [ 14.632390549035971, 52.266745705029599 ], [ 14.624363631191009, 52.270798515656807 ], [ 14.61102692944762, 52.277595153873975 ], [ 14.590795903128781, 52.276949302733833 ], [ 14.583093586100823, 52.280832723836049 ], [ 14.581878450139753, 52.292360886024987 ], [ 14.580662442055964, 52.303889003294834 ], [ 14.579445607494543, 52.315417077367435 ], [ 14.565967526940691, 52.32227087968441 ], [ 14.558177397771679, 52.326191483885374 ], [ 14.556952144403999, 52.337719089005425 ], [ 14.555726199142168, 52.349246655971527 ], [ 14.554499603107843, 52.360774186347726 ], [ 14.553272395905768, 52.372301681641957 ], [ 14.552044615614783, 52.383829143305718 ], [ 14.538766010087494, 52.390563983069164 ], [ 14.530731993832424, 52.394597470970496 ], [ 14.537892723498107, 52.399206063047643 ], [ 14.549587480441735, 52.406883971264477 ], [ 14.548358194092822, 52.418411340179709 ], [ 14.547128471743699, 52.429938680705682 ], [ 14.554661278693787, 52.434780877890098 ], [ 14.574942631284459, 52.435643749887014 ], [ 14.586143774227232, 52.442977785562888 ], [ 14.594069420608539, 52.448065544059489 ], [ 14.605066614917522, 52.455257321274999 ], [ 14.603855923285503, 52.466785720629133 ], [ 14.61205543021833, 52.472044008498457 ], [ 14.622804512623516, 52.479063112036528 ], [ 14.631209394793572, 52.484448843864712 ], [ 14.641772198800568, 52.491337987968301 ], [ 14.640573556541154, 52.502867047827564 ], [ 14.628787354713682, 52.50883219723972 ], [ 14.619189048426991, 52.513649194813802 ], [ 14.61798326852348, 52.525177841680978 ], [ 14.616777207162119, 52.536706466041878 ], [ 14.615570881476541, 52.548235068553858 ], [ 14.624308767808014, 52.553827046377108 ], [ 14.634575694785349, 52.5605119929496 ], [ 14.633375310350077, 52.572040915644727 ], [ 14.621914788728452, 52.57782953948643 ], [ 14.611950475447248, 52.582820751042576 ], [ 14.610743244933905, 52.594349272040084 ], [ 14.609535821971049, 52.605877773969347 ], [ 14.598085436624052, 52.611653912022582 ], [ 14.58809066157977, 52.616652841210175 ], [ 14.576542647198627, 52.622474618796929 ], [ 14.556156354289106, 52.621794155734285 ], [ 14.546406497395475, 52.626663605648467 ], [ 14.534598073844636, 52.632611219567849 ], [ 14.524947137494848, 52.637427045786964 ], [ 14.513028991066022, 52.643426243196899 ], [ 14.503481079535835, 52.648186487097583 ], [ 14.491449090411599, 52.654239291837129 ], [ 14.471049154065538, 52.653554308766182 ], [ 14.461782763040151, 52.658167571701739 ], [ 14.460529359476343, 52.66969338315775 ], [ 14.448256771122935, 52.675859738680522 ], [ 14.439043954942999, 52.680440843575845 ], [ 14.437784021840223, 52.691966252881912 ], [ 14.425440427584522, 52.698162656343676 ], [ 14.416285887019155, 52.702709332467663 ], [ 14.403810961983584, 52.708967920194006 ], [ 14.394781715815885, 52.713448426704751 ], [ 14.393508813134302, 52.72497304181929 ], [ 14.380953542789351, 52.731266305842084 ], [ 14.371992245195596, 52.735707759696851 ], [ 14.359296087213925, 52.742067884124459 ], [ 14.35046994837079, 52.746438499035911 ], [ 14.337627676122414, 52.75286803542847 ], [ 14.328942084309597, 52.757165264530514 ], [ 14.315948289766949, 52.763666850964604 ], [ 14.307408821655804, 52.767888061269488 ], [ 14.29425790774985, 52.774464425982742 ], [ 14.273804385774877, 52.773768923695151 ], [ 14.265638703249776, 52.777799547102212 ], [ 14.264326812242315, 52.789321770932261 ], [ 14.250844071686847, 52.796056256891568 ], [ 14.242778440994918, 52.800032696195423 ], [ 14.229120573283703, 52.8068507253615 ], [ 14.221225422977616, 52.810739677427961 ], [ 14.207385990427253, 52.817644378933608 ], [ 14.186912984081355, 52.816947551711614 ], [ 14.179444073691633, 52.820621235953062 ], [ 14.165162381014857, 52.827740462649189 ], [ 14.144684799636332, 52.827044957433223 ], [ 14.137673118661285, 52.830488764374579 ], [ 14.136321897850658, 52.84200853481876 ], [ 14.134971212372951, 52.853528318026733 ], [ 14.141268786345918, 52.857586636256627 ], [ 14.15385363852036, 52.865877452718955 ], [ 14.152510880153004, 52.877397678571057 ], [ 14.159151416291323, 52.881672700050196 ], [ 14.171424235007661, 52.889744985492378 ], [ 14.157474556167523, 52.896687165794361 ], [ 14.149826822294488, 52.90043816242482 ], [ 14.148485516794082, 52.911958420265151 ], [ 14.147144689501836, 52.923478688603758 ], [ 14.145804337361023, 52.934998967357664 ], [ 14.144464457358426, 52.946519256445441 ], [ 14.143125046557957, 52.958039555788808 ], [ 14.150103774332628, 52.96252568740897 ], [ 14.162088079143986, 52.970389767809948 ], [ 14.169325145786582, 52.975038240817199 ], [ 14.189843851424445, 52.975995811528534 ], [ 14.201398595643607, 52.983561620749136 ], [ 14.209084109573869, 52.988491266825058 ], [ 14.229611457959866, 52.989433421624469 ], [ 14.240767222196558, 52.996722311835427 ], [ 14.24887048505224, 53.001912670078823 ], [ 14.259822692068584, 53.009059751745276 ], [ 14.268141202606673, 53.014383701178204 ], [ 14.288684058697005, 53.015303930462622 ], [ 14.299279888469357, 53.022203780955188 ], [ 14.307973392705259, 53.027759968973633 ], [ 14.318387711372358, 53.034533363322005 ], [ 14.327274349376289, 53.040208415475924 ], [ 14.337514434645827, 53.046860407436498 ], [ 14.346586910032039, 53.052649469536419 ], [ 14.356659732281164, 53.059184892037521 ], [ 14.35539159191527, 53.070709385744621 ], [ 14.364669380485843, 53.076623416521628 ], [ 14.374561281916137, 53.083031644513177 ], [ 14.373299445055462, 53.094556489333911 ], [ 14.372037793379318, 53.10608133157546 ], [ 14.370776332160165, 53.117606171476183 ], [ 14.380294171458676, 53.123664417433197 ], [ 14.38998212524791, 53.129926875139141 ], [ 14.388726898445229, 53.141452061270783 ], [ 14.377797666772317, 53.146881604402033 ], [ 14.36699314969027, 53.152180679741249 ], [ 14.365732510750865, 53.163705512965507 ], [ 14.364472094549184, 53.175230345273249 ], [ 14.374085692176989, 53.181342961111604 ], [ 14.383708010965231, 53.187552786756157 ], [ 14.382453833062581, 53.199077965047593 ], [ 14.392236098873637, 53.205291442969752 ], [ 14.401713130945984, 53.211398103984756 ], [ 14.400465167507052, 53.222923625297305 ], [ 14.410406775374048, 53.229231825443172 ], [ 14.419747594716792, 53.235241440439736 ], [ 14.429829159017954, 53.241633249998657 ], [ 14.439046986015574, 53.247556573519205 ], [ 14.449263123728247, 53.254028438576263 ], [ 14.458363169296504, 53.259869010423948 ], [ 14.448099947610169, 53.264962371492622 ], [ 14.436575612925564, 53.270608974143599 ], [ 14.426181752259323, 53.275764398820392 ], [ 14.414782127173703, 53.281344890358689 ], [ 14.413541457903516, 53.292870755594976 ], [ 14.412301093833852, 53.304396623009239 ], [ 14.411061049019345, 53.315922493177425 ], [ 14.409821338096432, 53.327448366698164 ], [ 14.408581976298485, 53.338974244193416 ], [ 14.407342979471412, 53.350500126309143 ], [ 14.396800483979071, 53.355719670883921 ], [ 14.385511968629977, 53.361230001938935 ], [ 14.395521034957261, 53.367564496233712 ], [ 14.404866147273001, 53.373551907109444 ], [ 14.394309109791285, 53.378776427332141 ], [ 14.383024749419553, 53.384281126266153 ], [ 14.38178179531805, 53.39580670001272 ], [ 14.38053930342824, 53.407332282507298 ], [ 14.379297293563463, 53.418857874555059 ], [ 14.378055786285964, 53.430383476990691 ], [ 14.376814802927518, 53.441909090679133 ], [ 14.375574365610923, 53.453434716516476 ], [ 14.364780551740303, 53.458766911278474 ], [ 14.353697397857866, 53.464157964722155 ], [ 14.352452597325016, 53.475683286305902 ], [ 14.351208422815393, 53.487208623486893 ], [ 14.349964899860542, 53.498733977300397 ], [ 14.338936615606839, 53.504175802321143 ], [ 14.328068528522826, 53.509452255598205 ], [ 14.326820908042842, 53.520977315758074 ], [ 14.325574030753309, 53.532502396497478 ], [ 14.314310167752314, 53.538055309880342 ], [ 14.303663786423481, 53.543216042072302 ], [ 14.302413043699277, 53.554740838310067 ], [ 14.311805525519619, 53.560673826844884 ], [ 14.321838157878883, 53.567077774364797 ], [ 14.320594558597708, 53.578602949808761 ], [ 14.319351860642808, 53.590128152244716 ], [ 14.318110099070307, 53.601653383091573 ], [ 14.316869310164412, 53.61317864381715 ], [ 14.305347605898277, 53.618850822408319 ], [ 14.29492752219444, 53.623890188462212 ], [ 14.293683425590007, 53.63541518920492 ], [ 14.292440429489808, 53.646940225297392 ], [ 14.291198575696857, 53.658465298434741 ], [ 14.27932523487515, 53.664304144475544 ], [ 14.269240620427357, 53.669171994869785 ], [ 14.278150265091988, 53.674791090217397 ], [ 14.288718469582276, 53.681515562918023 ], [ 14.276735902006783, 53.687405867928078 ], [ 14.266752430109804, 53.692221699592352 ], [ 14.265510317269348, 53.703746618930225 ], [ 14.264269591911448, 53.715271585599247 ], [ 14.263030305648632, 53.726796601696229 ], [ 14.27169841305094, 53.732257372929475 ], [ 14.282541414083969, 53.739142002795525 ], [ 14.270244331643065, 53.745181215608866 ], [ 14.260556265920352, 53.749846790925403 ], [ 14.269112414975714, 53.755234661977099 ], [ 14.280080955142733, 53.762192933869457 ], [ 14.278853170199582, 53.773718484549036 ], [ 14.27762709545536, 53.785244095241467 ], [ 14.276402793933347, 53.796769768490613 ], [ 14.263726257676417, 53.802989582092827 ], [ 14.254400326323896, 53.807473290335352 ], [ 14.253174640770016, 53.818998786577438 ], [ 14.251950947962753, 53.830524354699975 ], [ 14.238838244443352, 53.836952471218225 ], [ 14.229940640247477, 53.841223483016904 ], [ 14.228716108425832, 53.852748897219413 ], [ 14.227493814711718, 53.864274393748047 ], [ 14.22627384041669, 53.875799975907398 ], [ 14.225056269738236, 53.887325647118523 ], [ 14.223841189868718, 53.898851410923299 ], [ 14.209927458353295, 53.905662517805439 ], [ 14.201817083601675, 53.909545576606959 ], [ 14.208966631127709, 53.914039311996106 ], [ 14.221418866987245, 53.92190323111322 ], [ 14.228637190974254, 53.926436417337314 ], [ 14.249624713792993, 53.92736517396289 ], [ 14.270613752397262, 53.928287063381333 ], [ 14.29160428624472, 53.929202184038338 ], [ 14.300313905950627, 53.925023455810368 ], [ 14.313883426456806, 53.918645478952293 ], [ 14.322865503501411, 53.914332057896218 ], [ 14.336152003396478, 53.908078877833198 ], [ 14.357135560850303, 53.90897289734378 ], [ 14.378120530831557, 53.909860538927212 ], [ 14.389360103838255, 53.916908997610129 ], [ 14.397843138937025, 53.922211603164001 ], [ 14.418836563161832, 53.923087344443118 ], [ 14.439831351881296, 53.923956922930678 ], [ 14.450829025925763, 53.930831179778465 ], [ 14.459580115425904, 53.936290091884928 ], [ 14.470573274255045, 53.943151841439892 ], [ 14.479340932980165, 53.948616517982003 ], [ 14.490335902524613, 53.955469717624389 ], [ 14.499113808327577, 53.960936204662005 ], [ 14.520130995337956, 53.961783519607266 ], [ 14.531038398159573, 53.968566292149887 ], [ 14.539922934179197, 53.974091167689771 ], [ 14.560948406853367, 53.974927358513987 ], [ 14.571784570656186, 53.981650172276105 ], [ 14.580759387654654, 53.987223097824454 ], [ 14.601793101829273, 53.988048356530577 ], [ 14.622828061045315, 53.988867949490341 ], [ 14.633529590840018, 53.995485856872094 ], [ 14.64266501796835, 54.001146813392616 ], [ 14.663708152384539, 54.001955749280597 ], [ 14.684752495111074, 54.002759164316508 ], [ 14.695349742149661, 54.009291671772182 ], [ 14.704615365451282, 54.015021456957697 ], [ 14.725667820712335, 54.015814468760531 ], [ 14.736251069253884, 54.022323528782813 ], [ 14.745549644332547, 54.02806533475048 ], [ 14.766610174024065, 54.028848100374908 ], [ 14.77719327159981, 54.035342412488248 ], [ 14.786510934683911, 54.041087638098503 ], [ 14.807579501600122, 54.041860310904568 ], [ 14.82864919930231, 54.042627756363224 ], [ 14.849720016559219, 54.043390016600917 ], [ 14.860215494680412, 54.049805142186663 ], [ 14.869653428594157, 54.055608933504544 ], [ 14.890732205522943, 54.056361405543065 ], [ 14.911812070823473, 54.057108808377542 ], [ 14.932893013848684, 54.057851181390234 ], [ 14.943341300228024, 54.064212894942202 ], [ 14.95285896265969, 54.070050023923265 ], [ 14.973947790541828, 54.070782908157753 ], [ 14.984451526109922, 54.077164867697661 ], [ 14.993932565787285, 54.082971059188729 ], [ 15.015029243724937, 54.083694610929626 ], [ 15.036126950151527, 54.084413320119943 ], [ 15.046666432274609, 54.090798639890288 ], [ 15.056137319966346, 54.096586600086113 ], [ 15.077242822278402, 54.097296217830937 ], [ 15.098349323969328, 54.098001108041089 ], [ 15.108943076834754, 54.104401482382471 ], [ 15.118385226930117, 54.110159920171661 ], [ 15.13949947019017, 54.110855976112099 ], [ 15.160614684052604, 54.111547423379193 ], [ 15.17127909699968, 54.117973241650091 ], [ 15.180676055096747, 54.123692233553456 ], [ 15.201798955735155, 54.12437512496178 ], [ 15.212565921344293, 54.130850666179469 ], [ 15.221879017279264, 54.136510332252278 ], [ 15.24300956816576, 54.137184881128057 ], [ 15.26414104212761, 54.137855036584675 ], [ 15.275001360637404, 54.144370536232543 ], [ 15.284246456127475, 54.149977213679897 ], [ 15.305385524048635, 54.15063935332271 ], [ 15.326525486634491, 54.151297237536426 ], [ 15.347666334575699, 54.151950908546148 ], [ 15.368808058632824, 54.152600408755951 ], [ 15.38995064963675, 54.153245780749415 ], [ 15.400875651079609, 54.159772509625967 ], [ 15.410101263638754, 54.165345474754986 ], [ 15.431251335045577, 54.165983504009041 ], [ 15.452402245652358, 54.166617555462729 ], [ 15.473553986541246, 54.167247673156353 ], [ 15.494706548878291, 54.167873901195797 ], [ 15.515859923916663, 54.168496283716607 ], [ 15.526861689403312, 54.175044427577042 ], [ 15.536055391453191, 54.180576376154796 ], [ 15.557216135108732, 54.181192163707287 ], [ 15.578377664916109, 54.181804264564597 ], [ 15.589485782999514, 54.188403784725857 ], [ 15.598598059592282, 54.193875336448755 ], [ 15.619766902927601, 54.194481282100206 ], [ 15.640936506810261, 54.195083701367224 ], [ 15.662106863262945, 54.195682637556132 ], [ 15.673297671749921, 54.202317456799854 ], [ 15.682358606018088, 54.207743528345596 ], [ 15.70353620673044, 54.208336870164942 ], [ 15.724714536234989, 54.208926883650754 ], [ 15.745893587211503, 54.209513608677362 ], [ 15.757146274489036, 54.216172915731939 ], [ 15.766176534803046, 54.221566051403371 ], [ 15.78736276708619, 54.222147719312083 ], [ 15.7987020370518, 54.228852116648781 ], [ 15.807663896050041, 54.234196534546626 ], [ 15.828857280814171, 54.23477344420558 ], [ 15.850051352887924, 54.235347296114341 ], [ 15.861435515115371, 54.242070417893295 ], [ 15.870377073674671, 54.247391621160837 ], [ 15.891578261077894, 54.247961067792446 ], [ 15.9127801189042, 54.248527558604657 ], [ 15.933982641974451, 54.249091114643903 ], [ 15.955185825333269, 54.249651754504306 ], [ 15.976389664248357, 54.250209494251074 ], [ 15.997594154208969, 54.250764347352501 ], [ 16.018799290923432, 54.251316324621932 ], [ 16.029992908846083, 54.257911204519836 ], [ 16.039181621057288, 54.263351380555193 ], [ 16.060393805681976, 54.263899411197599 ], [ 16.081606627235345, 54.264444586800977 ], [ 16.092756566036851, 54.271008160643937 ], [ 16.102013437497796, 54.276477264658887 ], [ 16.123233296494977, 54.277018545861019 ], [ 16.134370478983861, 54.283570825833472 ], [ 16.143658191862745, 54.289050066876911 ], [ 16.154831337416617, 54.295621305997066 ], [ 16.164094777990073, 54.301081520955798 ], [ 16.185328085807768, 54.301617841844681 ], [ 16.196462167354991, 54.308162372112129 ], [ 16.205782791496276, 54.313648191261869 ], [ 16.21693685229727, 54.320202240930882 ], [ 16.226249218809315, 54.325678472937611 ], [ 16.237417513060084, 54.332238614384281 ], [ 16.246727383202163, 54.337708653970537 ], [ 16.257904248421191, 54.344271492991474 ], [ 16.267217301643601, 54.349738678079198 ], [ 16.278397199099551, 54.356300878152609 ], [ 16.287718992517323, 54.361768466261843 ], [ 16.298896546056703, 54.368326772074568 ], [ 16.30823247550564, 54.373797917752007 ], [ 16.319402508299365, 54.380349177687187 ], [ 16.318733961089396, 54.391899329540372 ], [ 16.32801001606158, 54.397329321073393 ], [ 16.33925076219662, 54.403918373452321 ], [ 16.348552510907091, 54.409358690883259 ], [ 16.359774800907722, 54.415933937431205 ], [ 16.359115345511757, 54.427484342365773 ], [ 16.368369394532078, 54.432890710214998 ], [ 16.37965112536337, 54.43949655630729 ], [ 16.388941043804703, 54.444919172760024 ], [ 16.400194935478648, 54.451505301423147 ], [ 16.399545128550045, 54.46305596612725 ], [ 16.408797484185104, 54.468450606382774 ], [ 16.420101800753212, 54.475061376268641 ], [ 16.429398440699678, 54.480477128103878 ], [ 16.440667421184298, 54.487063330157326 ], [ 16.440027975075271, 54.498614264074149 ], [ 16.449294664485528, 54.50400650826716 ], [ 16.460607736550557, 54.51061289980322 ], [ 16.46992508669662, 54.5160299056882 ], [ 16.491273372002372, 54.51654541196698 ], [ 16.502422198227062, 54.523048509295791 ], [ 16.511922453163102, 54.528563641691264 ], [ 16.523027861159807, 54.535036692185436 ], [ 16.532583627256979, 54.540579216173491 ], [ 16.553945820804159, 54.541084187566163 ], [ 16.564883020405059, 54.547451030444179 ], [ 16.574625735104391, 54.553093576917128 ], [ 16.595995243438686, 54.553590544415592 ], [ 16.617365438594213, 54.554082773075507 ], [ 16.62801427789125, 54.560269762732652 ], [ 16.638070767552431, 54.566081770376861 ], [ 16.659448277138836, 54.566565543925392 ], [ 16.680826463188279, 54.567044445021402 ], [ 16.702205320308984, 54.567518451057197 ], [ 16.723584842952906, 54.567987541371224 ], [ 16.74496502542419, 54.568451697187399 ], [ 16.766345861887622, 54.568910901550247 ], [ 16.776269867047727, 54.574649927116425 ], [ 16.787103189444441, 54.580882297000912 ], [ 16.808491301568221, 54.581332347236909 ], [ 16.829880052714607, 54.581777365187833 ], [ 16.839557221864261, 54.587359992920739 ], [ 16.850662878928269, 54.593735565917733 ], [ 16.872058887435763, 54.594171169973521 ], [ 16.893455518262936, 54.594601682306582 ], [ 16.914852764584229, 54.59502709911321 ], [ 16.924206023642341, 54.600404874203427 ], [ 16.935667722181162, 54.606966911678271 ], [ 16.944993840008326, 54.612322619122217 ], [ 16.956494961072831, 54.618901447388708 ], [ 16.965797334298639, 54.624236932889922 ], [ 16.977334493645174, 54.630830579328318 ], [ 16.986616736564077, 54.636147812617843 ], [ 16.998186331811567, 54.642754185152619 ], [ 17.007452269587759, 54.648055255138019 ], [ 17.019050487048318, 54.654672146571542 ], [ 17.028304149892168, 54.659959257025868 ], [ 17.039926970430148, 54.666584348800619 ], [ 17.061364529179354, 54.666976424169718 ], [ 17.070530330529238, 54.67220190827301 ], [ 17.08225996991067, 54.678877868092563 ], [ 17.091424420358155, 54.684095422551934 ], [ 17.103167759477163, 54.69077328762004 ], [ 17.124619113986061, 54.691150256067885 ], [ 17.133714374988166, 54.696316655051582 ], [ 17.145545873660318, 54.703034557493936 ], [ 17.167004384772657, 54.703401245848113 ], [ 17.17604289406308, 54.708523485642097 ], [ 17.187950116061014, 54.715274232857197 ], [ 17.209415762458466, 54.715630587323943 ], [ 17.218410395686469, 54.720715886863729 ], [ 17.230380465819099, 54.727492069706194 ], [ 17.251853225663474, 54.727838040687594 ], [ 17.260817286402204, 54.73289383048435 ], [ 17.272836900698543, 54.739687830462984 ], [ 17.294316751748042, 54.740023370260893 ], [ 17.315797097317105, 54.740353627817619 ], [ 17.33727792958074, 54.740678614116945 ], [ 17.346130098839989, 54.745649564349605 ], [ 17.3582937169137, 54.752506116135301 ], [ 17.379781589101768, 54.752820620792818 ], [ 17.401269925885753, 54.753129862350548 ], [ 17.422758719558296, 54.753433849999745 ], [ 17.444247962453591, 54.753732592346637 ], [ 17.465737646946568, 54.754026097393599 ], [ 17.474461563908221, 54.758893632184233 ], [ 17.48679855673587, 54.765820253788462 ], [ 17.508295201283666, 54.766103200381394 ], [ 17.529792265671762, 54.766380908197547 ], [ 17.551289742388576, 54.766653382675926 ], [ 17.572787623958629, 54.766920628549286 ], [ 17.581499162538936, 54.771754176498341 ], [ 17.593886980550678, 54.778685951974637 ], [ 17.615391756830906, 54.778942529052678 ], [ 17.636896916447135, 54.77919386492232 ], [ 17.658402452017228, 54.77943996126421 ], [ 17.667179282906446, 54.784287079482162 ], [ 17.679533663563802, 54.791181163183417 ], [ 17.701046042632704, 54.791416456906596 ], [ 17.722558776250498, 54.791646487698777 ], [ 17.731447267800231, 54.796537188307028 ], [ 17.743715316453592, 54.803368521080024 ], [ 17.765234856229249, 54.803587608052169 ], [ 17.78675472915592, 54.803801399281475 ], [ 17.808274927942701, 54.804009890275339 ], [ 17.8173242730618, 54.808965526697634 ], [ 17.829463209467697, 54.815706384702125 ], [ 17.850990162591891, 54.815903724985574 ], [ 17.872517420128361, 54.816095718982908 ], [ 17.8817579489323, 54.821137159090476 ], [ 17.893730952467951, 54.82777169876573 ], [ 17.915264926086824, 54.827952335529424 ], [ 17.936799182524286, 54.828127568730238 ], [ 17.958333714469994, 54.828297386931609 ], [ 17.979868514611272, 54.828461777815519 ], [ 18.001403575630633, 54.828620728189684 ], [ 18.0229388902032, 54.828774223995971 ], [ 18.04447445099423, 54.828922250320431 ], [ 18.066010250656518, 54.829064791405017 ], [ 18.087546281827898, 54.829201830661042 ], [ 18.109082537128661, 54.829333350684571 ], [ 18.130619009159037, 54.829459333274087 ], [ 18.152155690496656, 54.829579759450212 ], [ 18.173692573694023, 54.829694609478047 ], [ 18.195229651276019, 54.829803862892128 ], [ 18.216766915737434, 54.829907498524214 ], [ 18.238304359540511, 54.830005494534063 ], [ 18.25984197511254, 54.83009782844367 ], [ 18.281379754843503, 54.830184477174761 ], [ 18.302917691083774, 54.830265417090203 ], [ 18.324455776141871, 54.830340624039266 ], [ 18.345994002282293, 54.830410073407158 ], [ 18.357049970753049, 54.824584986980732 ], [ 18.367711554285119, 54.819006220714762 ], [ 18.378839073182764, 54.8131380987775 ], [ 18.389416906930169, 54.807596371454153 ], [ 18.400612025302287, 54.801687229532092 ], [ 18.411110063666239, 54.796180591197071 ], [ 18.422368951123147, 54.790232386783536 ], [ 18.422693562644096, 54.778673566911799 ], [ 18.423012780623402, 54.767114699019842 ], [ 18.41162250867751, 54.760888568272946 ], [ 18.401914315129133, 54.755452093548058 ], [ 18.402227019388867, 54.743893190269809 ], [ 18.402534903463732, 54.732334240940304 ], [ 18.412109204082185, 54.727298497777326 ], [ 18.424239118695329, 54.720878763935993 ], [ 18.433753086750304, 54.715868703264299 ], [ 18.445927955760148, 54.709419338583004 ], [ 18.455384820980971, 54.704433350017425 ], [ 18.467601510018653, 54.697955971843257 ], [ 18.467879536662938, 54.686396682072449 ], [ 18.468153272961768, 54.674837351177736 ], [ 18.468422849957218, 54.663277979751008 ], [ 18.468688393478867, 54.651718568360074 ], [ 18.468950024362645, 54.640159117549693 ], [ 18.477742356762672, 54.635507662603843 ], [ 18.499177787973252, 54.635558227734457 ], [ 18.511925149895596, 54.628779317534928 ], [ 18.512170893464088, 54.617219691453649 ], [ 18.51241296229399, 54.605660028301678 ], [ 18.521018795455216, 54.601094438504632 ], [ 18.533993513104239, 54.594184366498475 ], [ 18.534224274160778, 54.582624584521582 ], [ 18.54269410092229, 54.578123905080346 ], [ 18.555782564415725, 54.57114494345582 ], [ 18.556002279716303, 54.559585047062988 ], [ 18.556218730133224, 54.548025116425912 ], [ 18.556432006508981, 54.536465151886453 ], [ 18.556642196135414, 54.524905153772764 ], [ 18.55684938289496, 54.513345122399862 ], [ 18.55705364739546, 54.501785058070169 ], [ 18.564957568224628, 54.497569357006434 ], [ 18.578552670845259, 54.490301076725451 ], [ 18.565112893585493, 54.482937037345302 ], [ 18.557453716443622, 54.478664831690104 ], [ 18.557649666962746, 54.467104670186046 ], [ 18.557842987394881, 54.455544476818659 ], [ 18.56544632104001, 54.451482252820455 ], [ 18.579312963118007, 54.44406020878192 ], [ 18.586901612158769, 54.440001149867847 ], [ 18.600768968669339, 54.432572078302648 ], [ 18.600945416282624, 54.421011714986889 ], [ 18.60845479825101, 54.416988763209908 ], [ 18.62977624051328, 54.417024287583565 ], [ 18.64363925026494, 54.40958425384445 ], [ 18.651195589428994, 54.405528574954936 ], [ 18.67251116495574, 54.405554878757137 ], [ 18.686303572904194, 54.398141637424089 ], [ 18.693912613817321, 54.394050094669822 ], [ 18.707697388240597, 54.386634341900397 ], [ 18.715302097875853, 54.382540516302207 ], [ 18.72907745704493, 54.375123217225074 ], [ 18.736679623174275, 54.371026164598049 ], [ 18.757977431503324, 54.371034814119113 ], [ 18.779275264588577, 54.371038517931218 ], [ 18.800573115727875, 54.37103726934469 ], [ 18.814120233004726, 54.363723108634765 ], [ 18.821920842963998, 54.359505558474069 ], [ 18.843212744963804, 54.359495170803505 ], [ 18.856667296318147, 54.352220122660441 ], [ 18.864542558556913, 54.347954582536211 ], [ 18.885828491131097, 54.347935083753697 ], [ 18.907114409661908, 54.347910641439171 ], [ 18.928400307429872, 54.347881252948568 ], [ 18.93665461174945, 54.352288602278371 ], [ 18.949672099550508, 54.359368875975179 ], [ 18.962706881167904, 54.352299462904945 ], [ 18.970972013769085, 54.347807631311895 ], [ 18.992257808877994, 54.347763397543538 ], [ 19.013543556304459, 54.347714216501394 ], [ 19.034829249320925, 54.347660090647409 ], [ 19.056114881206685, 54.347601023686572 ], [ 19.077400445251229, 54.347537020641155 ], [ 19.098685934757828, 54.347468087923829 ], [ 19.11997134304735, 54.347394233409766 ], [ 19.141256663462265, 54.347315466506494 ], [ 19.1625418893709, 54.347231798221372 ], [ 19.183827014171836, 54.347143241225943 ], [ 19.193298283899054, 54.352150448477403 ], [ 19.205169364956927, 54.358560398289981 ], [ 19.226460211630329, 54.35846106977872 ], [ 19.247750936402063, 54.35835688919682 ], [ 19.269041532821547, 54.358247877038075 ], [ 19.290331994494466, 54.358134055749979 ], [ 19.300510989033604, 54.363492180228981 ], [ 19.311709402640261, 54.369518900264175 ], [ 19.33300551639427, 54.369394416228509 ], [ 19.354301475286935, 54.369265193677606 ], [ 19.375597273192756, 54.36913126389652 ], [ 19.386419536201469, 54.374808808610155 ], [ 19.397003804547669, 54.380489588114024 ], [ 19.418305200462434, 54.380345167172855 ], [ 19.429532811902479, 54.386224173995707 ], [ 19.439729255235317, 54.391688593789596 ], [ 19.461036222957169, 54.391533781047293 ], [ 19.472688728062995, 54.397623998738773 ], [ 19.482477779986922, 54.402862219394081 ], [ 19.503790293895907, 54.402697139632075 ], [ 19.515887143877681, 54.409008244006792 ], [ 19.525249331976319, 54.414010522719032 ], [ 19.546567367162652, 54.413835325801102 ], [ 19.559127828819889, 54.420376871550985 ], [ 19.568043865162998, 54.425133610047432 ], [ 19.580925935078294, 54.431835059637493 ], [ 19.589532093108463, 54.436422355093598 ], [ 19.602746880921192, 54.443289207623209 ], [ 19.611032047438886, 54.447701439269686 ], [ 19.62459090307323, 54.454739303610303 ], [ 19.632543724281135, 54.458970738544181 ], [ 19.640364784057834, 54.454656748695584 ], [ 19.653701696139461, 54.447304786292101 ], [ 19.675036154365166, 54.447100363525507 ], [ 19.696370362681787, 54.446891955959863 ], [ 19.717704316873817, 54.446679623083213 ], [ 19.73903801284321, 54.446463424029432 ], [ 19.760371446603472, 54.446243417310541 ], [ 19.781704614272883, 54.446019660545289 ], [ 19.803037512066837, 54.445792210186312 ], [ 19.809734148133586, 54.442079381168533 ], [ 19.824140102388643, 54.434104833689695 ], [ 19.845466524667138, 54.433871454753117 ], [ 19.866792667436158, 54.433634529233942 ], [ 19.888118527181611, 54.433394105926467 ], [ 19.909444100438179, 54.433150231245193 ], [ 19.930769383777836, 54.432902948991114 ], [ 19.952094373797941, 54.432652300131132 ], [ 19.957872013737283, 54.429434425957055 ], [ 19.973147696877415, 54.420947511890027 ], [ 19.994466175051535, 54.42069141060103 ], [ 20.015784350783171, 54.4204320339662 ], [ 20.037102220637415, 54.42016941009058 ], [ 20.058419781145282, 54.419903563488887 ], [ 20.079737028791456, 54.419634514972508 ], [ 20.101053960002201, 54.419362281557682 ], [ 20.122370571133597, 54.419086876395426 ], [ 20.127148617731176, 54.416411998740202 ], [ 20.143368324134499, 54.407363058482389 ], [ 20.164678378589443, 54.407082385707241 ], [ 20.185988102543376, 54.406798549693015 ], [ 20.20729749198231, 54.406511548857971 ], [ 20.228606542774571, 54.406221377790231 ], [ 20.249915250662472, 54.405928027298444 ], [ 20.271223611254605, 54.405631484481063 ], [ 20.292531620018998, 54.405331732812478 ], [ 20.296405231642833, 54.403151991895768 ], [ 20.313473667310799, 54.393588152086075 ], [ 20.334775063270421, 54.393282910819536 ], [ 20.356076094167332, 54.392974392162294 ], [ 20.377376754902532, 54.392662567557167 ], [ 20.398677040217166, 54.392347405482688 ], [ 20.419976944690212, 54.392028871607671 ], [ 20.423283093103937, 54.390161129841609 ], [ 20.440875659295472, 54.380268628711939 ], [ 20.462168899579112, 54.379944226314976 ], [ 20.483461743324501, 54.379616343205846 ], [ 20.504754184518887, 54.379284936812624 ], [ 20.526046216988711, 54.378949962598512 ], [ 20.54733783440097, 54.378611374233991 ], [ 20.568629030265125, 54.378269123767666 ], [ 20.589919797935455, 54.377923161795195 ], [ 20.592450842250589, 54.376485920486651 ], [ 20.610762452438873, 54.366139520829641 ], [ 20.632046472663156, 54.365787046444829 ], [ 20.653330045942287, 54.365430724390315 ], [ 20.674613165123649, 54.36507050228424 ], [ 20.695895822918114, 54.364706327054918 ], [ 20.717178011904021, 54.364338145078527 ], [ 20.73845972453131, 54.363965902309914 ], [ 20.759740953125686, 54.363589544405912 ], [ 20.781021689892913, 54.363209016841239 ], [ 20.802301926923064, 54.362824265016528 ], [ 20.803833166219206, 54.361949202875216 ], [ 20.823075549097187, 54.351008840805925 ], [ 20.844348916874214, 54.350616743450246 ], [ 20.865621763451777, 54.350220288382012 ], [ 20.886894080597855, 54.349819422673406 ], [ 20.908165859987033, 54.349414093732783 ], [ 20.929437093204282, 54.349004249366736 ], [ 20.950707771748583, 54.348589837834929 ], [ 20.971977887036395, 54.348170807897347 ], [ 20.993247430404917, 54.34774710885484 ], [ 21.014516393115159, 54.347318690582682 ], [ 21.03578476635473, 54.346885503557552 ], [ 21.057052541240509, 54.34644749887827 ], [ 21.078319708820956, 54.346004628280504 ], [ 21.087508553662623, 54.34581174493583 ], [ 21.09940151387611, 54.341933137693545 ], [ 21.120264715661687, 54.333693891160706 ], [ 21.124766921510034, 54.333597722937604 ], [ 21.141257026261151, 54.328097315481749 ], [ 21.161231925116937, 54.321386196635039 ], [ 21.162168583854836, 54.321068131351176 ], [ 21.183067695290774, 54.313936302757739 ], [ 21.196916715517123, 54.309177647813144 ], [ 21.203955862543555, 54.306732675417948 ], [ 21.224832036743333, 54.299439672933765 ], [ 21.231854616074788, 54.296972154250298 ], [ 21.24569598170099, 54.292055279733255 ], [ 21.266073437475338, 54.284769844461771 ], [ 21.266548587615862, 54.284598055200348 ], [ 21.287387599942615, 54.277029145755748 ], [ 21.299588301255255, 54.272571044352325 ], [ 21.308214794291434, 54.269383146420928 ], [ 21.329029505634747, 54.261650165500583 ], [ 21.332444672111912, 54.26037546339316 ], [ 21.349830574852383, 54.253811959313524 ], [ 21.364662214368778, 54.248183256317006 ], [ 21.370619433163334, 54.245896053041186 ], [ 21.391394939091089, 54.237884569469365 ], [ 21.396276581397014, 54.235994228495777 ], [ 21.412156684374384, 54.229772790297382 ], [ 21.427315135081276, 54.223808305402507 ], [ 21.432905796266269, 54.221582251029595 ], [ 21.45364118627036, 54.213296416617354 ], [ 21.457809256532698, 54.211625293695079 ], [ 21.47436236383929, 54.204909282608689 ], [ 21.48778548241291, 54.199445060527765 ], [ 21.495070553839291, 54.196443492287564 ], [ 21.515765294379818, 54.187893200317312 ], [ 21.517276690026645, 54.187267307042404 ], [ 21.536444936389746, 54.179233352182592 ], [ 21.546303741969592, 54.1750919499842 ], [ 21.557111326026007, 54.170496304338265 ], [ 21.574900314645504, 54.162918606237831 ], [ 21.577764443129301, 54.161683400288638 ], [ 21.598402784530915, 54.152772273936549 ], [ 21.603088133487685, 54.150747114084915 ], [ 21.619026852729387, 54.143772992775418 ], [ 21.630893943804104, 54.138577177258597 ], [ 21.639637529848468, 54.13470128330691 ], [ 21.658342657732856, 54.12640851127 ], [ 21.660234844519614, 54.125559084546978 ], [ 21.68081714150301, 54.116322197298288 ], [ 21.68545729959602, 54.114240847524741 ], [ 21.701385403500375, 54.107007677738522 ], [ 21.712261396848444, 54.102073882230094 ], [ 21.721940363499137, 54.097628272278875 ], [ 21.738776450461966, 54.089907334049116 ], [ 21.74248210937019, 54.08818658220671 ], [ 21.763009912810972, 54.078672851315964 ], [ 21.765024853685144, 54.077740879786795 ], [ 21.783523158864426, 54.0690792876484 ], [ 21.791029364048175, 54.065574166150498 ], [ 21.804023451465344, 54.059431231499929 ], [ 21.816807858562381, 54.053406932736024 ], [ 21.824510943702077, 54.049731942162417 ], [ 21.842379878284348, 54.04123886293187 ], [ 21.844985805320835, 54.039984830385215 ], [ 21.865447117551529, 54.030177392076226 ], [ 21.86776780929295, 54.029069554253169 ], [ 21.885894894641634, 54.020310925810577 ], [ 21.892991532242362, 54.016898644460063 ], [ 21.906330551338701, 54.010406773444089 ], [ 21.918066053434128, 54.004725872080002 ], [ 21.926754320274117, 54.000468870311899 ], [ 21.943009309477247, 53.992550890541963 ], [ 21.947166449064586, 53.990501258478034 ], [ 21.96756705352297, 53.980506020113502 ], [ 21.967839401486607, 53.980373333620406 ], [ 21.987954285248325, 53.970457748382145 ], [ 21.992581017817869, 53.968192655336921 ], [ 22.008330591401041, 53.960391297650723 ], [ 22.01724352507382, 53.95600867391493 ], [ 22.028696265579747, 53.950310936852013 ], [ 22.04184332448143, 53.943821021309574 ], [ 22.04905161092934, 53.9402209571114 ], [ 22.066396444847282, 53.931629325202337 ], [ 22.069396938762722, 53.930125652641699 ], [ 22.089731843007094, 53.920019503552282 ], [ 22.090920925030623, 53.919433148076962 ], [ 22.110055453672601, 53.909890887847354 ], [ 22.115435536685148, 53.907232018337972 ], [ 22.130369870224911, 53.899768154807106 ], [ 22.139948737457324, 53.895025718752066 ], [ 22.150675410887224, 53.889655301347773 ], [ 22.164474544393997, 53.882813878345303 ], [ 22.170972392705028, 53.87955621264441 ], [ 22.189026391423539, 53.870596129957043 ], [ 22.191261129563426, 53.869474639726441 ], [ 22.211540526009703, 53.859395859036553 ], [ 22.213620252976881, 53.858372027089729 ], [ 22.231810632170856, 53.849320352982417 ], [ 22.238267537377613, 53.846141233181804 ], [ 22.252073204715796, 53.839270594334181 ], [ 22.262975401807733, 53.833903517758841 ], [ 22.272328511858703, 53.829249453848661 ], [ 22.287753762850659, 53.821658568514096 ], [ 22.29257680755796, 53.819259555188793 ], [ 22.312611459848249, 53.809406094418755 ], [ 22.312818329415414, 53.809303255565119 ], [ 22.333049968047209, 53.799340697800858 ], [ 22.337556987789483, 53.797145806379156 ], [ 22.35327487059568, 53.789411297242047 ], [ 22.362592844277017, 53.784877576236198 ], [ 22.373493349411721, 53.779518272956842 ], [ 22.387723158223338, 53.772601227320663 ], [ 22.39370554225896, 53.76966261085947 ], [ 22.412950462264693, 53.760316624672768 ], [ 22.413911559925452, 53.759844944029503 ], [ 22.434108205372585, 53.750025380188553 ], [ 22.438268350132468, 53.748023887598947 ], [ 22.454297802315352, 53.740232150055569 ], [ 22.463676247978608, 53.735722971925227 ], [ 22.474481096114587, 53.730473747733413 ], [ 22.489171135142541, 53.723413905068625 ], [ 22.494658057123143, 53.720749146666471 ], [ 22.514746416453782, 53.711096821833451 ], [ 22.51482861886883, 53.711056902461522 ], [ 22.534988119268345, 53.701340830445005 ], [ 22.5403696990053, 53.698772625926075 ], [ 22.555140611885371, 53.691649268337066 ], [ 22.566044944884418, 53.686441165583545 ], [ 22.575285964578359, 53.681980170837868 ], [ 22.591757383574507, 53.674102847997609 ], [ 22.595423932437996, 53.672330213874943 ], [ 22.615552497652189, 53.662675456283019 ], [ 22.617475964144894, 53.661758585725273 ], [ 22.635669578394296, 53.652991712264111 ], [ 22.643162642139817, 53.649409531670592 ], [ 22.655777956370049, 53.64331146039445 ], [ 22.668816210214452, 53.637055741724232 ], [ 22.675877175191506, 53.633629309600771 ], [ 22.69441044915148, 53.624698045836958 ], [ 22.695966719966268, 53.623939310272505 ], [ 22.716042201574194, 53.614191573685737 ], [ 22.719876319428678, 53.612338629594575 ], [ 22.7361050585505, 53.604403156575458 ], [ 22.745200653301918, 53.599977987457116 ], [ 22.756156065158191, 53.594583293525396 ], [ 22.770365981038989, 53.587616760634006 ], [ 22.776194436521038, 53.5847235672721 ], [ 22.795338342226319, 53.575256128763506 ], [ 22.796219307618241, 53.574814831974926 ], [ 22.81622542274134, 53.564799412716013 ], [ 22.820027823666077, 53.562899089224338 ], [ 22.836214957169499, 53.554702786538876 ], [ 22.844437376310061, 53.550545724626531 ], [ 22.856187734426317, 53.544524096851418 ], [ 22.86854377726268, 53.53819696119259 ], [ 22.876142523606603, 53.534250971075487 ], [ 22.892312273143638, 53.525854118172582 ], [ 22.896077976485177, 53.523869991431063 ], [ 22.915708808849672, 53.513518517701193 ], [ 22.915992615779409, 53.51336659097808 ], [ 22.93588096101336, 53.502683317865007 ], [ 22.938648150960159, 53.501193194995324 ], [ 22.95574489219803, 53.491842753995378 ], [ 22.961149505576923, 53.488877781351647 ], [ 22.975582903732459, 53.480830894997787 ], [ 22.983190147199014, 53.47657328816009 ], [ 22.995392937274755, 53.469628106104153 ], [ 23.004744589487611, 53.464280831696229 ], [ 23.015172732322689, 53.45821295737376 ], [ 23.025789915327735, 53.452001454841181 ], [ 23.034919802594938, 53.446562011431212 ], [ 23.046306000729754, 53.439736116147998 ], [ 23.05463140895823, 53.434649579764077 ], [ 23.066275683227335, 53.427485680691582 ], [ 23.074304528338157, 53.42244744246576 ], [ 23.085684872248798, 53.415250912890897 ], [ 23.093935817943702, 53.409924525311993 ], [ 23.104522600870503, 53.40303247142198 ], [ 23.113521574003862, 53.397046526838132 ], [ 23.122781020229404, 53.390830906265961 ], [ 23.133057684053416, 53.383775486580817 ], [ 23.140455339587813, 53.378646657865481 ], [ 23.152539571605654, 53.370069283789604 ], [ 23.157543716530736, 53.366480058296503 ], [ 23.171962131803266, 53.355881053604072 ], [ 23.174047102980172, 53.354331334304987 ], [ 23.189933312141605, 53.342201869106248 ], [ 23.191315446087984, 53.34111564316084 ], [ 23.205173848773832, 53.330092924212387 ], [ 23.210587927030275, 53.325662453911846 ], [ 23.219831630895939, 53.318002527181477 ], [ 23.229777747343235, 53.309511126817661 ], [ 23.233917205886062, 53.305930526315514 ], [ 23.247402855333537, 53.293878121532849 ], [ 23.248869773796038, 53.292517493385553 ], [ 23.260212873991549, 53.28184823441272 ], [ 23.267837184361259, 53.274422329299512 ], [ 23.272478086237108, 53.269836396850273 ], [ 23.284144138912463, 53.257844741544503 ], [ 23.28666934319962, 53.255131709639898 ], [ 23.295153798234118, 53.245875519050365 ], [ 23.305330661716475, 53.234304552324353 ], [ 23.305660692880991, 53.233923361485687 ], [ 23.315441343824251, 53.221996516068508 ], [ 23.323760832438126, 53.211359147025682 ], [ 23.324739959316208, 53.210086293593058 ], [ 23.333329815917871, 53.198201074794909 ], [ 23.341438864505218, 53.186332701499254 ], [ 23.341889561399217, 53.185622294184363 ], [ 23.348825848071243, 53.174490103004736 ], [ 23.355691535735716, 53.162666068618577 ], [ 23.359547415383418, 53.155451417674691 ], [ 23.36195296777489, 53.150863740168674 ], [ 23.36755955614565, 53.139085080530023 ], [ 23.372619282472368, 53.127326218511868 ], [ 23.376386799473977, 53.117469397060098 ], [ 23.377090484290001, 53.115588766220327 ], [ 23.380863403769801, 53.103876845255918 ], [ 23.384054254110392, 53.092186243092115 ], [ 23.386647869698685, 53.080517574620579 ], [ 23.388629090607509, 53.068871447213553 ], [ 23.389982840083217, 53.057248457076547 ], [ 23.390336072488441, 53.051401226166838 ], [ 23.390666445958683, 53.04565021191339 ], [ 23.390683786565031, 53.034076588711486 ], [ 23.390049262893957, 53.022527063913614 ], [ 23.388750116762221, 53.011002107216413 ], [ 23.386774102121681, 52.999502157933293 ], [ 23.384109581421029, 52.988027620748582 ], [ 23.383780813959227, 52.986901621454585 ], [ 23.3806812890716, 52.97658123659744 ], [ 23.376511916016522, 52.965162111703563 ], [ 23.371598252369015, 52.953770295244333 ], [ 23.365931302148589, 52.942406034774351 ], [ 23.359503268208972, 52.931069517826245 ], [ 23.357152050363766, 52.927351559920787 ], [ 23.352166051904991, 52.919766064533263 ], [ 23.343957804325019, 52.908494119005496 ], [ 23.334942571879282, 52.897251168609593 ], [ 23.333360336827777, 52.895430599717557 ], [ 23.324852326491584, 52.886046815890346 ], [ 23.313867999020466, 52.874874214091832 ], [ 23.310407705487538, 52.871591381475646 ], [ 23.301754950046025, 52.863741639802136 ], [ 23.28864921105545, 52.852643836568362 ], [ 23.28790545015725, 52.852049322043513 ], [ 23.274196890632147, 52.84159324915229 ], [ 23.265716923341632, 52.835490253820645 ], [ 23.25856013925652, 52.830583571123547 ], [ 23.243742457891795, 52.820945685220153 ], [ 23.241598459083129, 52.819619374585514 ], [ 23.223107124039565, 52.808707400622701 ], [ 23.221943131048359, 52.808049581746694 ], [ 23.202940058746652, 52.797852129548509 ], [ 23.200285517830626, 52.796483883260848 ], [ 23.180995186790408, 52.787056323302345 ], [ 23.178743127368183, 52.785995172458613 ], [ 23.157299307870328, 52.776427157726431 ], [ 23.157060787426239, 52.776326439883512 ], [ 23.135944368426816, 52.767693195446327 ], [ 23.130718843624564, 52.765675869587653 ], [ 23.114664030063075, 52.759655958310205 ], [ 23.101805096773219, 52.755108714351273 ], [ 23.093449213318191, 52.752230343509012 ], [ 23.072293825285026, 52.745361263823504 ], [ 23.069926936598648, 52.744636604093614 ], [ 23.051195406566681, 52.739031468346738 ], [ 23.034311947366763, 52.734283485241235 ], [ 23.03014332787869, 52.733134811338317 ], [ 23.009138212870404, 52.727685256309186 ], [ 22.994286880776635, 52.724068724868822 ], [ 22.98817232608766, 52.722605540580261 ], [ 22.967245459522054, 52.717899502934301 ], [ 22.948844708717537, 52.714021469658029 ], [ 22.946351320109358, 52.713503705106795 ], [ 22.925491065393103, 52.709436176319343 ], [ 22.904658458787264, 52.70563260550486 ], [ 22.896243924812172, 52.704192839265126 ], [ 22.883853552116324, 52.702097973039592 ], [ 22.863073643224691, 52.698806205041294 ], [ 22.842315754480616, 52.69572750106061 ], [ 22.83447976936009, 52.694638278358468 ], [ 22.821579566139572, 52.692861779940039 ], [ 22.800862810494099, 52.690186547639719 ], [ 22.780163221332529, 52.687678814332045 ], [ 22.760495723100341, 52.685440614756999 ], [ 22.759479452077858, 52.685325759881998 ], [ 22.738811204621477, 52.683126529166408 ], [ 22.718155888131214, 52.681053280162807 ], [ 22.697512249221841, 52.679093350751749 ], [ 22.676879077786005, 52.677234301037238 ], [ 22.670566438586146, 52.67669254276867 ], [ 22.656255677923209, 52.675469553903831 ], [ 22.635640589648787, 52.673783186013836 ], [ 22.615032522111949, 52.672160950334217 ], [ 22.594430442584734, 52.670591408731724 ], [ 22.573833358913951, 52.669063351580185 ], [ 22.564291623525971, 52.66836979685209 ], [ 22.553240502312843, 52.667568055665249 ], [ 22.532650905855739, 52.666094137311788 ], [ 22.512063537187846, 52.664629127207924 ], [ 22.491477570602193, 52.663162848324113 ], [ 22.470892220645666, 52.661685386881118 ], [ 22.450306742240201, 52.660187101929374 ], [ 22.45020871957367, 52.660179830924413 ], [ 22.429720553499237, 52.658660201016247 ], [ 22.409132846650483, 52.65709380103592 ], [ 22.388542998434161, 52.655479134935817 ], [ 22.367950426304201, 52.653807747900139 ], [ 22.347354587667695, 52.65207149699679 ], [ 22.34297449534612, 52.651687064425111 ], [ 22.326754941799809, 52.650262059537511 ], [ 22.306151033872357, 52.648372040153689 ], [ 22.285542446694905, 52.646394356822967 ], [ 22.264928793175766, 52.644322149562285 ], [ 22.249684251710274, 52.642715527390948 ], [ 22.244309663227302, 52.642148070552764 ], [ 22.223684611824567, 52.639864105809963 ], [ 22.203053525531367, 52.637466566247298 ], [ 22.182416160494974, 52.634949869219945 ], [ 22.16964935583848, 52.633316595921173 ], [ 22.161772129237679, 52.632306292513505 ], [ 22.14112110999007, 52.629528823125689 ], [ 22.12046323464871, 52.626616629964204 ], [ 22.099984079789852, 52.623592723783226 ], [ 22.099798377290732, 52.623565212331542 ], [ 22.079125691341467, 52.62035968470456 ], [ 22.058445814649968, 52.617006030472773 ], [ 22.038460050895448, 52.613619401908771 ], [ 22.037758668550925, 52.613500054462627 ], [ 22.017063200241143, 52.609823281863065 ], [ 21.996360399588717, 52.605986618392961 ], [ 21.983253500684807, 52.603455270218767 ], [ 21.975649756299898, 52.601979160614583 ], [ 21.954930837801612, 52.597790845007964 ], [ 21.93420458519255, 52.593431861310137 ], [ 21.932894861141499, 52.593145563522086 ], [ 21.913469262730857, 52.588872365438597 ], [ 21.892726491385549, 52.584132578645985 ], [ 21.886736510783063, 52.582712241486689 ], [ 21.871974772704213, 52.579185625699878 ], [ 21.851215055601092, 52.574041525151436 ], [ 21.843964104899491, 52.572179768554264 ], [ 21.830446201855807, 52.568678203421676 ], [ 21.80966901606044, 52.563103295971182 ], [ 21.804120028587818, 52.561562640696017 ], [ 21.788881988401126, 52.557288199695158 ], [ 21.768086662467436, 52.55125191331507 ], [ 21.76682244482982, 52.550872727097556 ], [ 21.747280027418142, 52.54494113585794 ], [ 21.731903374167686, 52.540116297862603 ], [ 21.726464396921457, 52.538386772238375 ], [ 21.705637504034193, 52.531546231311786 ], [ 21.699022055123454, 52.529303218632364 ], [ 21.684798976190162, 52.524406600605666 ], [ 21.668011619882957, 52.518438938516695 ], [ 21.663949386673288, 52.51697017365067 ], [ 21.643086189095136, 52.509187348535441 ], [ 21.638770113909192, 52.507527190567856 ], [ 21.622208380511353, 52.501032803586206 ], [ 21.611179554798507, 52.496571879506014 ], [ 21.60131590706391, 52.492496439648498 ], [ 21.585078861848309, 52.485577670846808 ], [ 21.580407073086949, 52.483539769975401 ], [ 21.560412910002139, 52.474546734287571 ], [ 21.55947978149057, 52.474116074456226 ], [ 21.53853052363533, 52.464152490087699 ], [ 21.53715861376498, 52.463480452999022 ], [ 21.517557047274192, 52.453595618436971 ], [ 21.51521989165601, 52.452381694485155 ], [ 21.496556183359868, 52.44237394866758 ], [ 21.494525437391992, 52.441252686890572 ], [ 21.475523330086581, 52.430387833077802 ], [ 21.47502599001367, 52.430095106682586 ], [ 21.456718077099275, 52.418909609249148 ], [ 21.454450130734795, 52.417466396369164 ], [ 21.439538388777621, 52.407698047291618 ], [ 21.433328829090346, 52.403443346525975 ], [ 21.423427277269159, 52.396462128683417 ], [ 21.412149585753109, 52.388107910632776 ], [ 21.408337287680297, 52.385203250727251 ], [ 21.394282852685379, 52.373921505333506 ], [ 21.390891855444337, 52.371043034429356 ], [ 21.381239173848549, 52.362617755204774 ], [ 21.369529666868512, 52.351713917802407 ], [ 21.369091508533803, 52.351294630250031 ], [ 21.357958115647243, 52.339950039890496 ], [ 21.348006769886176, 52.328992633758268 ], [ 21.34764901031145, 52.328588041802739 ], [ 21.338300401313415, 52.317206149124239 ], [ 21.329750469742837, 52.305807777343695 ], [ 21.326210586819339, 52.300630058938445 ], [ 21.322054910858611, 52.294391999368521 ], [ 21.315182444951706, 52.282959590468266 ], [ 21.309071377788683, 52.271511896320646 ], [ 21.303821725264669, 52.260290299160559 ], [ 21.303711676005022, 52.260049226327467 ], [ 21.299146145316922, 52.248570844171645 ], [ 21.295291366179207, 52.237078460017351 ], [ 21.292131913577023, 52.225572438860723 ], [ 21.289651253930327, 52.214053153230374 ], [ 21.287831905014198, 52.202520980904026 ], [ 21.286655590759018, 52.190976302803826 ], [ 21.286103389799596, 52.179419501067834 ], [ 21.286155876849193, 52.167850957294633 ], [ 21.286793256172015, 52.156271050955027 ], [ 21.287995486614566, 52.144680157964409 ], [ 21.289742397828306, 52.133078649407786 ], [ 21.292013797472904, 52.121466890409081 ], [ 21.294789569329371, 52.109845239135595 ], [ 21.295861522613528, 52.106063758072679 ], [ 21.298083526363147, 52.098213387466878 ], [ 21.301863697022707, 52.086571913355819 ], [ 21.30609352147232, 52.074921482624397 ], [ 21.310753522779923, 52.063262426096557 ], [ 21.313524835202095, 52.056932928403924 ], [ 21.315859072282752, 52.05159438780791 ], [ 21.321402533548675, 52.039917457531622 ], [ 21.327323617373342, 52.02823276215247 ], [ 21.331783853476423, 52.019968130881047 ], [ 21.333632166002367, 52.016540047238244 ], [ 21.340354312756737, 52.004838728553295 ], [ 21.34740456861406, 51.99313043722865 ], [ 21.350304756118909, 51.988559284971771 ], [ 21.354836048999921, 51.981414049604759 ], [ 21.362610950969113, 51.96969024979532 ], [ 21.368974836591963, 51.960456256529199 ], [ 21.370695815760399, 51.957959641450728 ], [ 21.379153918325702, 51.946220879322503 ], [ 21.387743878616391, 51.934644699870248 ], [ 21.387868994267468, 51.934476239956552 ], [ 21.396972376864273, 51.922722988786191 ], [ 21.406304745603201, 51.910964292058189 ], [ 21.406587533935109, 51.910621063489707 ], [ 21.416014182992328, 51.899197052111063 ], [ 21.42548517639004, 51.887964445858209 ], [ 21.425941543444548, 51.887424455670271 ], [ 21.436236300770474, 51.87564334948712 ], [ 21.444426772690353, 51.866460716724184 ], [ 21.446756691094272, 51.863856584366488 ], [ 21.457604817794167, 51.852061963871478 ], [ 21.463401880559779, 51.845894081197095 ], [ 21.468716855594629, 51.84026073518266 ], [ 21.480094849132559, 51.828452778325904 ], [ 21.482403340231706, 51.826114335592379 ], [ 21.4918026441633, 51.816636660509324 ], [ 21.501430370198221, 51.807090550905038 ], [ 21.503738424616703, 51.804814449821819 ], [ 21.516003441455616, 51.792983907162402 ], [ 21.52047960260742, 51.788746250858779 ], [ 21.528557674466757, 51.781145788130431 ], [ 21.539545470567983, 51.770967881688669 ], [ 21.541357762520974, 51.769300935680626 ], [ 21.554508480294853, 51.757446989109162 ], [ 21.558630807691145, 51.753793546551236 ], [ 21.56796546241171, 51.745584797812541 ], [ 21.577730620338041, 51.737122824469957 ], [ 21.58169741055697, 51.733714942011161 ], [ 21.595743729665866, 51.72183645195696 ], [ 21.596843651056183, 51.720923188767877 ], [ 21.610187063522673, 51.709947375156005 ], [ 21.615973868239148, 51.705253536689774 ], [ 21.624946516932159, 51.698049370450605 ], [ 21.635115163336526, 51.689997752260375 ], [ 21.640038763012274, 51.686141940956134 ], [ 21.654267809514895, 51.67515191779038 ], [ 21.655482840092716, 51.674224524755992 ], [ 21.671361051842716, 51.662295106726987 ], [ 21.673434868239614, 51.660759568802249 ], [ 21.68766544696734, 51.65035368904735 ], [ 21.692614634856007, 51.646782688706736 ], [ 21.704387846100079, 51.638400278869817 ], [ 21.711805669619924, 51.633188699467397 ], [ 21.721556386087517, 51.626434041134992 ], [ 21.731008149206868, 51.619972785044787 ], [ 21.739202240205564, 51.614454048170543 ], [ 21.750222210790326, 51.607129600909914 ], [ 21.757359804332584, 51.60245927180943 ], [ 21.769447949636444, 51.594653251434188 ], [ 21.776066885461933, 51.590448574991612 ], [ 21.788685417374865, 51.582537279315375 ], [ 21.795364888242027, 51.578420702898256 ], [ 21.807934620913869, 51.570774665986434 ], [ 21.815298993861401, 51.566374273698933 ], [ 21.827195521962672, 51.559357841916963 ], [ 21.83591832392224, 51.554307769033883 ], [ 21.846468037118928, 51.548278705691992 ], [ 21.857276079922862, 51.542219524406477 ], [ 21.865752038475286, 51.537528650738246 ], [ 21.879429646556133, 51.530107719729045 ], [ 21.885047354695356, 51.527098598567939 ], [ 21.902440644191586, 51.51797037034995 ], [ 21.9043537725071, 51.516979037423987 ], [ 21.923673363521967, 51.507196361129459 ], [ 21.926491626939615, 51.505802404755308 ], [ 21.943005728271014, 51.497737965304843 ], [ 21.951669795337363, 51.493600976207809 ], [ 21.96234880768349, 51.488565966599516 ], [ 21.977974845230946, 51.481365354666671 ], [ 21.981702219261436, 51.479669102778878 ], [ 22.00106886633667, 51.471086421974483 ], [ 22.005703728966164, 51.469087151917023 ], [ 22.020448326259775, 51.462805675083068 ], [ 22.034986601860318, 51.456761970486419 ], [ 22.039837198368861, 51.454770111056668 ], [ 22.059239348904448, 51.447032997956853 ], [ 22.066084018058255, 51.444381808760824 ], [ 22.078653628323718, 51.43957177704867 ], [ 22.098076707134304, 51.432332228243169 ], [ 22.09916499451646, 51.431940729769266 ], [ 22.117515877633906, 51.425417377108381 ], [ 22.134833798637239, 51.419420856542693 ], [ 22.136962301924754, 51.41869237653269 ], [ 22.156424254789634, 51.412273841777434 ], [ 22.173465447858632, 51.406809632054497 ], [ 22.175893660440451, 51.406039823508699 ], [ 22.195378352528554, 51.400099327916898 ], [ 22.214869802815063, 51.394325603963388 ], [ 22.215713076939309, 51.394086151430457 ], [ 22.234377069772062, 51.38884404478582 ], [ 22.253891884566592, 51.383533040435523 ], [ 22.262752988443836, 51.381213675866803 ], [ 22.273418639918152, 51.378451117256894 ], [ 22.292956456753419, 51.373582044084586 ], [ 22.312501782355362, 51.368872944181689 ], [ 22.31560855329019, 51.368157382345636 ], [ 22.332060733841026, 51.364405251079148 ], [ 22.351628191997804, 51.36010475563112 ], [ 22.371203028419046, 51.355953237192836 ], [ 22.376693514947249, 51.354839692716943 ], [ 22.390789574531478, 51.352006766579819 ], [ 22.410384723537874, 51.348220064338491 ], [ 22.429986592807609, 51.344565240994953 ], [ 22.448904957256808, 51.341162244678465 ], [ 22.449595110745243, 51.341039124039092 ], [ 22.469214493694391, 51.337695348490747 ], [ 22.4888393705859, 51.334460202221372 ], [ 22.508469277355207, 51.331325807428676 ], [ 22.528103675144788, 51.328283484432788 ], [ 22.536917775911476, 51.326963018946962 ], [ 22.547744150283606, 51.325352250745311 ], [ 22.567389390864026, 51.322513399043444 ], [ 22.587036844333308, 51.319732738649172 ], [ 22.606685662136691, 51.316998514183709 ], [ 22.626334913117258, 51.314298174790004 ], [ 22.641995316596091, 51.31216674072617 ], [ 22.645984253217769, 51.311626834064 ], [ 22.665634439400332, 51.308993509286559 ], [ 22.685281667306906, 51.306350156320576 ], [ 22.704924686745077, 51.303681414922785 ], [ 22.724562166571101, 51.300971244911437 ], [ 22.74419269654588, 51.298202965986292 ], [ 22.751652519373575, 51.297128274623951 ], [ 22.763816738396081, 51.295383100334355 ], [ 22.783431968630257, 51.292484195669616 ], [ 22.803035553295828, 51.289473184294849 ], [ 22.822625798368119, 51.286331372824428 ], [ 22.842200946068623, 51.283039675147499 ], [ 22.845174056658681, 51.282517712766783 ], [ 22.861762138511175, 51.279613912458615 ], [ 22.881305082474462, 51.276005181804926 ], [ 22.900827307485983, 51.272187025293761 ], [ 22.918566023837496, 51.268507974227674 ], [ 22.920327185702387, 51.268143378268526 ], [ 22.939805909346251, 51.26389140867353 ], [ 22.959257824836051, 51.259368379215623 ], [ 22.977058879219161, 51.254959426394997 ], [ 22.978681180763811, 51.254557868396425 ], [ 22.998077352036592, 51.249479741023052 ], [ 23.017440218422418, 51.24406757982549 ], [ 23.02530468139258, 51.241734510880782 ], [ 23.036770184987542, 51.238330609987749 ], [ 23.056064111353635, 51.232237604052195 ], [ 23.066502105543243, 51.228734785455295 ], [ 23.07531993159273, 51.225770020206255 ], [ 23.094535600338059, 51.21890985094555 ], [ 23.102475200423758, 51.215903763487177 ], [ 23.113708870130147, 51.2116371114668 ], [ 23.132836389551461, 51.203919817195256 ], [ 23.134525668506331, 51.203200274366473 ], [ 23.151917753887194, 51.195759226960291 ], [ 23.163281492722291, 51.190605214330525 ], [ 23.170948283415498, 51.187109254928437 ], [ 23.189640730008911, 51.178088844576891 ], [ 23.189925652974043, 51.177950479307263 ], [ 23.208848336373372, 51.168272510893878 ], [ 23.21371034468115, 51.165648957228214 ], [ 23.227712030682017, 51.158034746617375 ], [ 23.23603292794737, 51.153267312221971 ], [ 23.246513569037564, 51.147209539702693 ], [ 23.25682961646638, 51.140936869534727 ], [ 23.265249512131554, 51.135766664277725 ], [ 23.276279674400037, 51.128651895871648 ], [ 23.283916053242237, 51.123672329365824 ], [ 23.294537065843841, 51.116407415452002 ], [ 23.302508980051499, 51.110888823878959 ], [ 23.311734288243493, 51.104199106887918 ], [ 23.32102363132816, 51.097374111506802 ], [ 23.327985566463113, 51.092023214852034 ], [ 23.339454847709487, 51.083081367917842 ], [ 23.34338952241934, 51.079876474436517 ], [ 23.357796915675369, 51.067958451280148 ], [ 23.358031413173293, 51.067756046369553 ], [ 23.371864093298626, 51.055663993002717 ], [ 23.376043537211142, 51.051947650891506 ], [ 23.38506004056681, 51.043594127767847 ], [ 23.394187249683508, 51.034979632823912 ], [ 23.397684865527083, 51.031544200193601 ], [ 23.409723885497282, 51.019514957335119 ], [ 23.412219938183288, 51.016978992663645 ], [ 23.42119171602145, 51.007506033084006 ], [ 23.43013215591164, 50.997857188295107 ], [ 23.43222508900368, 50.995512405057347 ], [ 23.442736543694245, 50.983537534213347 ], [ 23.447913153722951, 50.977513009955238 ], [ 23.452832665231949, 50.971577496492507 ], [ 23.462525401754753, 50.959631947025734 ], [ 23.465550692682619, 50.955830761505482 ], [ 23.471799492387337, 50.947701576432401 ], [ 23.480741864846355, 50.935783147259585 ], [ 23.483030497921678, 50.932674729207598 ], [ 23.48929314625433, 50.923879026819812 ], [ 23.497549265011394, 50.91198560291577 ], [ 23.500336185663141, 50.907888618194292 ], [ 23.505462951794073, 50.900104769457727 ], [ 23.513092723520664, 50.888234333130299 ], [ 23.517449016023178, 50.881293158725519 ], [ 23.520441767878548, 50.876374229144297 ], [ 23.527500989288455, 50.864524867265608 ], [ 23.534347606462909, 50.852683297086898 ], [ 23.540888096432568, 50.840853205140206 ], [ 23.54723324056155, 50.829030320359529 ], [ 23.551007651042823, 50.821825427396263 ], [ 23.553354854418849, 50.817215779014653 ], [ 23.559245966735737, 50.805409891801666 ], [ 23.564961613832235, 50.793610538077537 ], [ 23.567402602199884, 50.788464442483566 ], [ 23.57047096049363, 50.781818956325338 ], [ 23.575792465202692, 50.770034452411693 ], [ 23.580958225557705, 50.758255790737152 ], [ 23.583503976171549, 50.752326746821787 ], [ 23.585949612612989, 50.746483727860245 ], [ 23.590775930966384, 50.734717921012006 ], [ 23.595465519249878, 50.722957273238094 ], [ 23.59928292974265, 50.713136103413078 ], [ 23.600016893792944, 50.711201861215038 ], [ 23.604416389900472, 50.699452243513619 ], [ 23.60869705315281, 50.687707129708436 ], [ 23.612862502949206, 50.675966390655923 ], [ 23.614714502617876, 50.670656341838885 ], [ 23.616906536604827, 50.664230286213325 ], [ 23.620838770735375, 50.652498448228101 ], [ 23.624672027180583, 50.640770379291965 ], [ 23.628409646255353, 50.629045957288788 ], [ 23.629778171477714, 50.624696116901625 ], [ 23.632050598094576, 50.617325233502093 ], [ 23.635603661357329, 50.605607867989555 ], [ 23.639075254415712, 50.593893613598631 ], [ 23.642468271102008, 50.582182362918275 ], [ 23.644465539593327, 50.575186126865233 ], [ 23.64578635224418, 50.570473978134686 ], [ 23.649035347120655, 50.558768232467365 ], [ 23.652217671033647, 50.547065035754265 ], [ 23.655335677611429, 50.535364299888265 ], [ 23.658391624720974, 50.523665940206669 ], [ 23.658780048793915, 50.522175050527792 ], [ 23.661397236744008, 50.511969491828218 ], [ 23.664349346522076, 50.500275086381407 ], [ 23.667248534615474, 50.488582705194517 ], [ 23.670096477926599, 50.476892285371783 ], [ 23.672740200537486, 50.465861428647536 ], [ 23.672895686952916, 50.465203730218136 ], [ 23.675663918715482, 50.453516328798685 ], [ 23.678387863297846, 50.441830619956569 ], [ 23.681068636904417, 50.430146562284264 ], [ 23.683707258852358, 50.418464118115295 ], [ 23.686304653603013, 50.406783253458705 ], [ 23.686369587070509, 50.406492315779985 ], [ 23.688884865029213, 50.395103000267952 ], [ 23.691428046556535, 50.383424162107346 ], [ 23.683156268672175, 50.372182156779338 ], [ 23.682078855618542, 50.360649564240781 ], [ 23.681002767828058, 50.349116907176459 ], [ 23.679927993705334, 50.337584186054677 ], [ 23.679552344799927, 50.337387347371099 ], [ 23.65979204835461, 50.326818564617909 ], [ 23.659022287501621, 50.326414886279593 ], [ 23.639630444282592, 50.327010663695845 ], [ 23.62058948503968, 50.316810456488099 ], [ 23.619538216535979, 50.305276409963959 ], [ 23.617990910962064, 50.304463658644401 ], [ 23.599420047835959, 50.294499892279397 ], [ 23.59837727921505, 50.282965370566238 ], [ 23.596372234647809, 50.281911021699052 ], [ 23.578271884769396, 50.27218482873544 ], [ 23.575885795745325, 50.270929095873313 ], [ 23.558171663358962, 50.261400692597114 ], [ 23.555408952945985, 50.259945581728118 ], [ 23.53807638822266, 50.250612972767669 ], [ 23.534941711446439, 50.248960617678009 ], [ 23.517985822188539, 50.239821680115732 ], [ 23.514484076793973, 50.237974348462238 ], [ 23.497899721771986, 50.22902682559419 ], [ 23.494036054643061, 50.226986922707816 ], [ 23.47468313912433, 50.227579458339292 ], [ 23.458737289089715, 50.218963634334628 ], [ 23.457739935434649, 50.207426474253474 ], [ 23.453168869664935, 50.205009201745717 ], [ 23.437665764797643, 50.196620998427143 ], [ 23.432749716751921, 50.194019203081595 ], [ 23.417595096762291, 50.185812002476844 ], [ 23.412340195823266, 50.183028637132232 ], [ 23.397527709291278, 50.174999495723959 ], [ 23.391940310103777, 50.172037640346602 ], [ 23.377463393063881, 50.164183486859713 ], [ 23.371550061896141, 50.161046341694139 ], [ 23.357401953465679, 50.153363983881327 ], [ 23.356429964507655, 50.141825244071001 ], [ 23.35011680979343, 50.138472324277792 ], [ 23.336375644528601, 50.131001968772871 ], [ 23.329751208535153, 50.127480909270972 ], [ 23.316323687536187, 50.120175220610889 ], [ 23.30939524790637, 50.116489627238963 ], [ 23.296273963211878, 50.109345004742231 ], [ 23.289048925072155, 50.105498560407383 ], [ 23.276226360665802, 50.09851132552005 ], [ 23.275270454954644, 50.086971496002739 ], [ 23.267681818858009, 50.082927080099871 ], [ 23.255228612419565, 50.076134100592569 ], [ 23.254275739246971, 50.064594027095985 ], [ 23.246335826401996, 50.060357791857761 ], [ 23.234239287518538, 50.053752930476897 ], [ 23.22602913361456, 50.04936901583163 ], [ 23.214204530455213, 50.042908388040409 ], [ 23.213257831447983, 50.031367836921902 ], [ 23.204719223528329, 50.026803588645855 ], [ 23.193228074244924, 50.020519609402953 ], [ 23.192283799567157, 50.008978837322154 ], [ 23.183430380132645, 50.004241174959944 ], [ 23.172258863617973, 49.998126932163558 ], [ 23.163163214320594, 49.993255772425854 ], [ 23.15223551534844, 49.98727158624051 ], [ 23.151296621418034, 49.975730367252133 ], [ 23.141910334135691, 49.97069811343367 ], [ 23.131277989861754, 49.964871348866701 ], [ 23.121667646079917, 49.959714876548382 ], [ 23.111261033350118, 49.954008887105196 ], [ 23.11032722206453, 49.942467233020544 ], [ 23.100450623325518, 49.937162172251924 ], [ 23.090315020390001, 49.931601098830427 ], [ 23.089383152619082, 49.920059241572162 ], [ 23.079254509189791, 49.914612924661839 ], [ 23.069375755375063, 49.909189434050035 ], [ 23.059051043203954, 49.903633286178319 ], [ 23.049370299936164, 49.898316175000161 ], [ 23.048443279428035, 49.886773892118399 ], [ 23.037890584061618, 49.881088936561724 ], [ 23.028442834583917, 49.875896954097342 ], [ 23.017711367427715, 49.870111113494055 ], [ 23.008444583660992, 49.865016556694336 ], [ 23.007522378444843, 49.853473850219963 ], [ 22.996586421452452, 49.847571416123756 ], [ 22.987529411057473, 49.842589766228862 ], [ 22.976431355028787, 49.836595107933043 ], [ 22.967538919556702, 49.831702214348937 ], [ 22.966621556540556, 49.820159084290481 ], [ 22.965703112688605, 49.808615976217986 ], [ 22.954398552281948, 49.802501482889831 ], [ 22.945721205466377, 49.79772450571361 ], [ 22.934272795469308, 49.7915273204732 ], [ 22.925742087012253, 49.786829558742269 ], [ 22.914156390151454, 49.78055311303843 ], [ 22.905765900023649, 49.775931131089592 ], [ 22.904855393835888, 49.764387373508718 ], [ 22.903943814304597, 49.752843636706487 ], [ 22.892196428877366, 49.746470983852333 ], [ 22.883976790075334, 49.741941276057361 ], [ 22.872109138231043, 49.735498315215253 ], [ 22.864013012932414, 49.731035426767953 ], [ 22.863106479913359, 49.719491261182945 ], [ 22.851116146070257, 49.712974741019593 ], [ 22.843149173991083, 49.708581694778289 ], [ 22.83105262316602, 49.702002281786342 ], [ 22.823195398914997, 49.697668632706197 ], [ 22.810998350037352, 49.691029348086815 ], [ 22.803245281121018, 49.686752071807362 ], [ 22.790953312196514, 49.680055867299529 ], [ 22.783298942456089, 49.675832009160992 ], [ 22.782403805475553, 49.664286963197931 ], [ 22.781507599635315, 49.652741936031141 ], [ 22.769131037499356, 49.645990576391313 ], [ 22.761571466103518, 49.641817919138667 ], [ 22.749114767621922, 49.635017522550527 ], [ 22.741639364266963, 49.630890395913482 ], [ 22.740748399667037, 49.619344937445227 ], [ 22.728225745789803, 49.61250126970112 ], [ 22.720823606702861, 49.608413681162155 ], [ 22.719934720736166, 49.596868016754172 ], [ 22.70735682775954, 49.589986864358913 ], [ 22.700017343957438, 49.585933026326124 ], [ 22.699130519614467, 49.574387156573025 ], [ 22.686507967817658, 49.567474250204533 ], [ 22.679220650107034, 49.563448431510942 ], [ 22.678335860358114, 49.551902357321921 ], [ 22.665679121650232, 49.54496338667024 ], [ 22.658433571932107, 49.540959897751954 ], [ 22.645729107220003, 49.53398932984944 ], [ 22.638535773022458, 49.530013926773044 ], [ 22.64510290165417, 49.52557970224791 ], [ 22.656666799371962, 49.517867363608133 ], [ 22.655781611603953, 49.506321128119403 ], [ 22.662450166660939, 49.501811652104635 ], [ 22.681516981276566, 49.501162602017061 ], [ 22.692890083635966, 49.493566644673159 ], [ 22.6997101402327, 49.48894628385932 ], [ 22.710982076742845, 49.481412508951543 ], [ 22.710079994137413, 49.469867085133998 ], [ 22.709176575641838, 49.458321687340295 ], [ 22.708271792774632, 49.446776316445458 ], [ 22.707365615569501, 49.435230973371446 ], [ 22.714391370239319, 49.430458448994756 ], [ 22.725421159568416, 49.423075452225007 ], [ 22.724507661154377, 49.411530421517021 ], [ 22.731671581823303, 49.406656699665618 ], [ 22.742543577934882, 49.399372709679859 ], [ 22.74162256898078, 49.387827999775013 ], [ 22.740699969894905, 49.376283324416363 ], [ 22.739775740574327, 49.36473868485794 ], [ 22.73884983904254, 49.353194082413253 ], [ 22.737922221384551, 49.341649518457572 ], [ 22.745411649194889, 49.336538592439453 ], [ 22.755913311895721, 49.329490831615068 ], [ 22.754977575915319, 49.317946611568431 ], [ 22.75403996731907, 49.306402435301074 ], [ 22.753100433617075, 49.294858304468761 ], [ 22.752158920006359, 49.283314220800996 ], [ 22.75121536928642, 49.271770186103744 ], [ 22.750269721770923, 49.26022620226216 ], [ 22.74932191519542, 49.248682271243531 ], [ 22.738292528461081, 49.242606895445157 ], [ 22.719319691572309, 49.243169644953106 ], [ 22.710600793962037, 49.238359489145509 ], [ 22.709657752144853, 49.22681513372914 ], [ 22.717677728112328, 49.221324359612403 ], [ 22.736634590847366, 49.220660851553568 ], [ 22.746464877733796, 49.214050816094925 ], [ 22.735687273366167, 49.208109206225636 ], [ 22.726637998777949, 49.203118347951005 ], [ 22.725683055502245, 49.191574441865221 ], [ 22.7340098769129, 49.185862724260069 ], [ 22.752952631702168, 49.185194360474405 ], [ 22.762442478407085, 49.178806258307461 ], [ 22.752034430152946, 49.173066468100053 ], [ 22.742620997143803, 49.167876417125299 ], [ 22.74165333318247, 49.156332990438472 ], [ 22.75031834804653, 49.150377963347395 ], [ 22.76924699294365, 49.149704511786702 ], [ 22.779048479773991, 49.155113489722794 ], [ 22.789061324141933, 49.160633535430378 ], [ 22.798182713883786, 49.15448479239231 ], [ 22.797197812066933, 49.142942280317307 ], [ 22.806211165572734, 49.13673208430545 ], [ 22.815035214432651, 49.130778441157538 ], [ 22.82423822206103, 49.124430506989263 ], [ 22.83285544245938, 49.118612319330644 ], [ 22.84225594141137, 49.112120931083261 ], [ 22.850658135308972, 49.106443934651644 ], [ 22.860264306121916, 49.099803120355929 ], [ 22.879169988181143, 49.099097064548467 ], [ 22.887235314032733, 49.093641057302207 ], [ 22.886209374196646, 49.082100460414495 ], [ 22.877468632188997, 49.077286145755025 ], [ 22.866397552517352, 49.071191616789278 ], [ 22.865369318029764, 49.05965093087876 ], [ 22.864337212041335, 49.048110356892813 ], [ 22.87464025834916, 49.040968591061535 ], [ 22.882067897104314, 49.035939166299755 ], [ 22.881022443696288, 49.02439913768827 ], [ 22.87997267554989, 49.012859236298766 ], [ 22.872118483534841, 49.00852603998527 ], [ 22.853235669951527, 49.009084229151796 ], [ 22.845975327477163, 49.013999110264727 ], [ 22.835233627187826, 49.021096405406759 ], [ 22.81634573511311, 49.021654411676444 ], [ 22.808717816097396, 49.026811846691466 ] ] ], [ [ [ 18.77791136511858, 54.623392433863842 ], [ 18.766445017161722, 54.629537599290416 ], [ 18.766519830703221, 54.641098229874814 ], [ 18.756343426277915, 54.646562688364149 ], [ 18.745036206482766, 54.652615384130193 ], [ 18.734826706170367, 54.658093986069396 ], [ 18.723542931203333, 54.664128697155633 ], [ 18.723614241818385, 54.675689292577097 ], [ 18.71321576039864, 54.681264891643579 ], [ 18.702107360997395, 54.687198748938897 ], [ 18.713131702876328, 54.693185990704919 ], [ 18.724240135524752, 54.68725112888189 ], [ 18.734672920922872, 54.681693195660955 ], [ 18.745809585072056, 54.675737883061963 ], [ 18.756201981087429, 54.670195125815688 ], [ 18.767364211961524, 54.664220760217084 ], [ 18.777718888728369, 54.658691825460274 ], [ 18.788904099472166, 54.652699766740334 ], [ 18.799223649302863, 54.647183337703396 ], [ 18.810429328614447, 54.641174908963258 ], [ 18.810626826761101, 54.629614742523074 ], [ 18.820766767615737, 54.624185807764476 ], [ 18.832129430600681, 54.618085962854842 ], [ 18.832314268518818, 54.606525703744495 ], [ 18.820871604864724, 54.600319083778409 ], [ 18.809374600553188, 54.606491760158391 ], [ 18.799397562334242, 54.611857055093445 ], [ 18.787914714250508, 54.618016596496034 ], [ 18.77791136511858, 54.623392433863842 ] ] ], [ [ [ 18.648534335131817, 54.716157590609079 ], [ 18.659697491368199, 54.710207889172082 ], [ 18.670105934556723, 54.70467963625569 ], [ 18.681303446027055, 54.698706231987323 ], [ 18.670203333147253, 54.692673170963445 ], [ 18.659005860486623, 54.698645555839228 ], [ 18.64863776960269, 54.704194782201348 ], [ 18.637474654441725, 54.710143471215467 ], [ 18.648534335131817, 54.716157590609079 ] ] ], [ [ [ 18.583986939122163, 54.727099464865724 ], [ 18.572786603784706, 54.733053561431944 ], [ 18.583864133719526, 54.739085113703922 ], [ 18.595064517942941, 54.733129999991775 ], [ 18.583986939122163, 54.727099464865724 ] ] ], [ [ [ 18.454466480836921, 54.772835232350943 ], [ 18.443248941479673, 54.778769630044536 ], [ 18.454305376649412, 54.784805207327565 ], [ 18.465522980119943, 54.778869793454732 ], [ 18.454466480836921, 54.772835232350943 ] ] ] ] } }
]
}
