{
"type": "FeatureCollection",
"name": "zasieg_DB_cykl_3_epsg4326",
"crs": { "type": "name", "properties": { "name": "urn:ogc:def:crs:OGC:1.3:CRS84" } },
"features": [
{ "type": "Feature", "properties": { "gatunek": "DB", "cykl": 3, "pokrycie": 0.95, "prog_kde": 1.533582640491751e-12 }, "geometry": { "type": "Polygon", "coordinates": [ [ [ 19.914234429529792, 49.502644503213077 ], [ 19.910327943479786, 49.502870611410302 ], [ 19.891238801760807, 49.504030798070922 ], [ 19.8721497092641, 49.505243660111304 ], [ 19.853060585914648, 49.506508145596776 ], [ 19.833971353089634, 49.507823192351218 ], [ 19.814881933675665, 49.509187730256961 ], [ 19.795792252122258, 49.510600683652555 ], [ 19.776702234491477, 49.512060973833577 ], [ 19.757611808503487, 49.513567521660271 ], [ 19.738520903577715, 49.515119250274182 ], [ 19.733974947505477, 49.515499320746933 ], [ 19.719429269114784, 49.51670269792227 ], [ 19.70033696175447, 49.518324452782927 ], [ 19.681243974642211, 49.51998727042227 ], [ 19.662150245207325, 49.521690098568257 ], [ 19.643055712729815, 49.52343190239376 ], [ 19.623960318348303, 49.525211667814609 ], [ 19.60486400506128, 49.527028404863849 ], [ 19.596274262299733, 49.527861577164302 ], [ 19.585766587843096, 49.528870281716998 ], [ 19.566668039435495, 49.530737523474372 ], [ 19.547568417362502, 49.532637976943491 ], [ 19.547313568715101, 49.539674122867751 ], [ 19.546913301803983, 49.551246583901062 ], [ 19.528764956371049, 49.562121145814835 ], [ 19.52748307402581, 49.562907321792324 ], [ 19.527121168757855, 49.574479487079543 ], [ 19.509868229933051, 49.584815952601282 ], [ 19.490727563059188, 49.584943957218776 ], [ 19.488645773739702, 49.586218808745969 ], [ 19.471695692100006, 49.596365057695664 ], [ 19.46923703156585, 49.597869573626944 ], [ 19.468913461997982, 49.609441315272662 ], [ 19.452759832690973, 49.619109009161654 ], [ 19.436284054624004, 49.609568888636126 ], [ 19.435739116677112, 49.598000519369748 ], [ 19.433404929395753, 49.59660621842287 ], [ 19.414259391053864, 49.596723604522296 ], [ 19.396723791534541, 49.586570376476402 ], [ 19.396137848718698, 49.575001924792836 ], [ 19.394931611561731, 49.574280302067102 ], [ 19.375794735358049, 49.574398400794799 ], [ 19.357071940120054, 49.563558568859008 ], [ 19.356502001168298, 49.553127081814587 ], [ 19.33738740482298, 49.555291267263442 ], [ 19.318271281555074, 49.557479462740254 ], [ 19.299153601400374, 49.559691463907541 ], [ 19.280034335130935, 49.561927141855911 ], [ 19.264112796348382, 49.563808045635056 ], [ 19.260913430795338, 49.564182068317294 ], [ 19.241790775734135, 49.566438126181083 ], [ 19.222666465728299, 49.56871681001212 ], [ 19.203540474295011, 49.57101828234012 ], [ 19.184412774987621, 49.573342786371313 ], [ 19.166343952569481, 49.575560311471527 ], [ 19.165283336030765, 49.57568910413179 ], [ 19.146152056337275, 49.578032176419995 ], [ 19.127019007217427, 49.580398276965134 ], [ 19.107884162161167, 49.582787942830151 ], [ 19.08874749394688, 49.585201790089798 ], [ 19.07284757759388, 49.587227336997728 ], [ 19.069608967346447, 49.587635495951986 ], [ 19.050468538014382, 49.590069360388902 ], [ 19.031326221051387, 49.592528384506039 ], [ 19.012181986411779, 49.595013452765798 ], [ 18.993035802637507, 49.597525520663439 ], [ 18.983273905945811, 49.598819442492029 ], [ 18.973887645031951, 49.600050044952219 ], [ 18.954737498823111, 49.602586356045386 ], [ 18.935585326987717, 49.605151462768212 ], [ 18.916431092894559, 49.607746540670114 ], [ 18.897472863823793, 49.610345615957755 ], [ 18.897274758649395, 49.610372479161761 ], [ 18.878116367643461, 49.612997002132062 ], [ 18.858955823621372, 49.615653763698397 ], [ 18.839793083423139, 49.618344109006429 ], [ 18.820625418768707, 49.621800257408992 ], [ 18.820588674840575, 49.621822344659257 ], [ 18.819992990154699, 49.633391749856003 ], [ 18.819421954146613, 49.644961167332902 ], [ 18.818874322007279, 49.656530595502403 ], [ 18.81834892068067, 49.668100032851598 ], [ 18.801239738075306, 49.678157669354874 ], [ 18.798772965509354, 49.679637910188404 ], [ 18.782010617706085, 49.689487424448743 ], [ 18.762827555566073, 49.689514397361336 ], [ 18.745820301093612, 49.679533795815445 ], [ 18.743703840806994, 49.678248246101823 ], [ 18.741573916658208, 49.679524397998989 ], [ 18.724461380987677, 49.689563629644475 ], [ 18.721979984362303, 49.691049244133374 ], [ 18.721467068019617, 49.702618215582305 ], [ 18.705141500525379, 49.712192551712278 ], [ 18.685949516200381, 49.712206973025239 ], [ 18.666757525132496, 49.712219881414249 ], [ 18.64756552834907, 49.71223133366658 ], [ 18.644640394924657, 49.713978180600478 ], [ 18.644126766431199, 49.725546775698099 ], [ 18.628200768890085, 49.734868744318788 ], [ 18.624536011332452, 49.737055087534237 ], [ 18.624048904546985, 49.748623637857882 ], [ 18.623578708667718, 49.760192218161876 ], [ 18.623124617413406, 49.771760826021122 ], [ 18.608634918263043, 49.780240292512239 ], [ 18.603556291752664, 49.783265592963531 ], [ 18.603123447000925, 49.79483415371994 ], [ 18.589223974839289, 49.802965055812876 ], [ 18.583560204190263, 49.806335529210664 ], [ 18.583146490680235, 49.817904042974121 ], [ 18.569794585362907, 49.825711491240227 ], [ 18.563586728715368, 49.829402028067207 ], [ 18.56972870317853, 49.833138731142178 ], [ 18.582357514979911, 49.841041135942611 ], [ 18.581981096725901, 49.852609711226634 ], [ 18.588768334501797, 49.856734926973395 ], [ 18.600801258313677, 49.864245950161475 ], [ 18.58864416338767, 49.871360185424521 ], [ 18.581261736996957, 49.875746910332786 ], [ 18.580917814349501, 49.887315530804443 ], [ 18.580583785229781, 49.898884163129068 ], [ 18.58025922110609, 49.910452805835988 ], [ 18.56898247263663, 49.917049562111302 ], [ 18.560722687758492, 49.921950248697129 ], [ 18.549603122822397, 49.928451783558344 ], [ 18.538493782880469, 49.921863924016655 ], [ 18.538380826587478, 49.91029366914416 ], [ 18.530548021864632, 49.9055317214304 ], [ 18.511279896419456, 49.905488929918668 ], [ 18.49201181783658, 49.905444031436005 ], [ 18.484208725576277, 49.910065381633878 ], [ 18.472619162422898, 49.91682683527997 ], [ 18.464643916378293, 49.921546540786871 ], [ 18.453217343758187, 49.92820953465985 ], [ 18.433940349128385, 49.928154652828226 ], [ 18.425859340793743, 49.93293084040176 ], [ 18.414524876958115, 49.93953318556953 ], [ 18.395243461566725, 49.93947227432357 ], [ 18.375962109860929, 49.939409292872455 ], [ 18.356680823595639, 49.939344267611169 ], [ 18.348628311358514, 49.944092641854667 ], [ 18.337242747828114, 49.950710577607822 ], [ 18.325900230160375, 49.943962780282341 ], [ 18.337429875871951, 49.937069883008391 ], [ 18.345175198872884, 49.932503372876766 ], [ 18.337556281720598, 49.927849605254828 ], [ 18.325735092652213, 49.920822129880818 ], [ 18.318440678882443, 49.916363212391722 ], [ 18.311021776028443, 49.920735654003025 ], [ 18.299003108634775, 49.927713805065324 ], [ 18.2914068739084, 49.932187337582285 ], [ 18.290994752673992, 49.943754667654062 ], [ 18.290592278578366, 49.95532203277272 ], [ 18.279215255855583, 49.96192433994316 ], [ 18.270976323862307, 49.96677022068689 ], [ 18.259749871249408, 49.973281646225139 ], [ 18.240455413749395, 49.973198530603035 ], [ 18.22116104045751, 49.973113400012998 ], [ 18.212905121765331, 49.977960559117967 ], [ 18.212498089774353, 49.989527590777584 ], [ 18.201488122470387, 49.99590294639637 ], [ 18.182184839707489, 49.995809713498282 ], [ 18.171175668912291, 49.98923975215218 ], [ 18.163080158183377, 49.984277545462533 ], [ 18.15481448911537, 49.989121717492765 ], [ 18.143578558444638, 49.995617128595626 ], [ 18.124275563348906, 49.995517817312603 ], [ 18.115931328731417, 50.000401764682159 ], [ 18.104760310980708, 50.006852374662046 ], [ 18.09626646654602, 50.011820071559292 ], [ 18.095837386281662, 50.023386516437157 ], [ 18.095416522944252, 50.034953001646734 ], [ 18.084800862039142, 50.041079091377767 ], [ 18.075746652291656, 50.046367768750279 ], [ 18.065257590785681, 50.052417200095206 ], [ 18.056070863116194, 50.057779153683896 ], [ 18.045705078161092, 50.063753887294737 ], [ 18.026375317297347, 50.063632004284983 ], [ 18.016050139422749, 50.057446781602344 ], [ 18.007281997560717, 50.052057400711881 ], [ 17.996686521393315, 50.045711232542317 ], [ 17.996711935802089, 50.034141650362976 ], [ 18.007786232673304, 50.027600437196291 ], [ 18.018432562540095, 50.034327399917167 ], [ 18.026863289495822, 50.039509762962382 ], [ 18.035500642330398, 50.034470508868509 ], [ 18.035515075847918, 50.022900828463619 ], [ 18.035520455860748, 50.011331050283339 ], [ 18.027531616172549, 50.006418652211586 ], [ 18.00822471352776, 50.006305331791935 ], [ 18.000123133226989, 50.011031424340636 ], [ 17.988678104551717, 50.017617782086766 ], [ 17.977339983573291, 50.010832859586756 ], [ 17.969611244267231, 50.006072965410013 ], [ 17.950304680569968, 50.005953961259848 ], [ 17.93854152690438, 49.998914509168053 ], [ 17.931251324856898, 49.994418970613637 ], [ 17.919128099192921, 49.987165333374364 ], [ 17.9122067938575, 49.982894061274379 ], [ 17.892909585973701, 49.982775215044384 ], [ 17.880294224549431, 49.97522703256751 ], [ 17.873878436776501, 49.971262679091453 ], [ 17.867280556101051, 49.975100689851615 ], [ 17.854315507556013, 49.982532586401618 ], [ 17.847530905431963, 49.986476175676849 ], [ 17.834743380595437, 49.993801845025921 ], [ 17.827776515944297, 49.997848256419218 ], [ 17.827216098172141, 50.009412577484269 ], [ 17.814881608497888, 50.016474087161598 ], [ 17.795571511394623, 50.016337937800301 ], [ 17.788252740449479, 50.020582187938636 ], [ 17.787695212005744, 50.032146334224542 ], [ 17.775681622684168, 50.039015477065583 ], [ 17.767926600274919, 50.043508088144662 ], [ 17.767380220990489, 50.055072227377011 ], [ 17.766843406375312, 50.066636444387697 ], [ 17.755476782853169, 50.073130811543884 ], [ 17.747070235021418, 50.077994592028332 ], [ 17.735843994609105, 50.084404573428586 ], [ 17.727290905193403, 50.089349311823263 ], [ 17.726763438005026, 50.100913412797695 ], [ 17.715896210493018, 50.107113921660549 ], [ 17.706977688406447, 50.112264604141764 ], [ 17.696240041065284, 50.118387101637346 ], [ 17.685675906344144, 50.11202540613796 ], [ 17.677205289507263, 50.106778506277855 ], [ 17.657860077935396, 50.106607724631118 ], [ 17.649190948921586, 50.111606631925291 ], [ 17.648646143441812, 50.123170198440384 ], [ 17.637866175835867, 50.129305353658069 ], [ 17.628834686683454, 50.134507823325826 ], [ 17.618182717814467, 50.140566029311245 ], [ 17.609016521799045, 50.145841998945109 ], [ 17.598489985156011, 50.151824792141888 ], [ 17.589191552254153, 50.157172721506534 ], [ 17.598170736118046, 50.162741974669927 ], [ 17.607948412148016, 50.16896893155559 ], [ 17.617198273862435, 50.174701767358648 ], [ 17.636568018309006, 50.174973314060139 ], [ 17.65593807338529, 50.175240624535419 ], [ 17.665346648996625, 50.181212507468828 ], [ 17.674985547898896, 50.187175721538445 ], [ 17.694360977197142, 50.187432837063859 ], [ 17.703492267121756, 50.193214293868301 ], [ 17.713423247093164, 50.199350372164218 ], [ 17.732804021144794, 50.199597558828771 ], [ 17.741680809506988, 50.205203926972253 ], [ 17.751881044654414, 50.211498327457065 ], [ 17.760569269875472, 50.216976622360349 ], [ 17.760130385762569, 50.228541554913868 ], [ 17.759696532413233, 50.240106518136294 ], [ 17.751004457623168, 50.245066937264077 ], [ 17.739906294738983, 50.251463176276893 ], [ 17.731298434148641, 50.256372062407159 ], [ 17.720108136851927, 50.262816386096823 ], [ 17.719674382064397, 50.274381168937822 ], [ 17.730640046894116, 50.281142159745777 ], [ 17.738625672315841, 50.286157917173377 ], [ 17.749749583112923, 50.29301129705312 ], [ 17.757596110313635, 50.297931725232289 ], [ 17.749499519462667, 50.302549831035236 ], [ 17.730075387606494, 50.302358367130481 ], [ 17.718398979929024, 50.309075665248848 ], [ 17.717981925765638, 50.320640540786684 ], [ 17.710029024540404, 50.325170093941452 ], [ 17.690595991477121, 50.324970791938668 ], [ 17.682799119887122, 50.320247240827946 ], [ 17.68300652787002, 50.308680086293258 ], [ 17.683209401005438, 50.29711285844558 ], [ 17.672124303889149, 50.290271749078805 ], [ 17.663950648921048, 50.28532352749459 ], [ 17.653030082269709, 50.27857885083764 ], [ 17.644690835656618, 50.273530935707065 ], [ 17.633945040992796, 50.266889174519754 ], [ 17.614536045147286, 50.266686520162047 ], [ 17.60346130330084, 50.273042813571145 ], [ 17.594789217192965, 50.277966327215253 ], [ 17.575376019442288, 50.277757127946529 ], [ 17.566858788683831, 50.272597208574467 ], [ 17.556310321488883, 50.266063661927191 ], [ 17.536902175410422, 50.265851128247412 ], [ 17.526015784540895, 50.272086363089265 ], [ 17.517137728830537, 50.277114662068179 ], [ 17.497725406550611, 50.276895604056705 ], [ 17.489009627827183, 50.271611105324148 ], [ 17.478679051470984, 50.265199016384059 ], [ 17.459271788131819, 50.264976868785219 ], [ 17.450291235883761, 50.259531424394183 ], [ 17.440239349761917, 50.253284309225869 ], [ 17.42978844573053, 50.259256181637106 ], [ 17.429245780632286, 50.270818680395415 ], [ 17.420078377139092, 50.275995326128914 ], [ 17.400667194132033, 50.275764341118204 ], [ 17.38999804202896, 50.281851406460945 ], [ 17.380867107726491, 50.287000732105881 ], [ 17.371973617608909, 50.281600307062234 ], [ 17.372200084602266, 50.270033607636556 ], [ 17.362238888283883, 50.263831199826811 ], [ 17.351862011255559, 50.269746935264052 ], [ 17.351294622365174, 50.281308780911765 ], [ 17.350733069222713, 50.292870686585871 ], [ 17.350177109931042, 50.304432648924546 ], [ 17.34123888977717, 50.309466130480892 ], [ 17.330255092354268, 50.315718017620433 ], [ 17.321410746996076, 50.320695089223932 ], [ 17.301982328846272, 50.320445385578012 ], [ 17.282554162630586, 50.320193346286523 ], [ 17.271576785756842, 50.326430205345495 ], [ 17.262707928172443, 50.331411688876386 ], [ 17.243275657618167, 50.331153280228513 ], [ 17.232251156032753, 50.337408753652909 ], [ 17.223415697130921, 50.34236508897223 ], [ 17.21228930366204, 50.348673424321191 ], [ 17.211707692120083, 50.360234385541524 ], [ 17.203112991484275, 50.365051636322619 ], [ 17.191735780396005, 50.371495400143445 ], [ 17.191156659454091, 50.383056281615438 ], [ 17.182790449518013, 50.387741523803271 ], [ 17.163336115393356, 50.38746551536979 ], [ 17.15518427039925, 50.382491163661882 ], [ 17.144330126031125, 50.375708723038287 ], [ 17.132960456601101, 50.382136466665635 ], [ 17.124428283274838, 50.386906478817217 ], [ 17.112962214979124, 50.393383621624857 ], [ 17.112363655825611, 50.404943852808188 ], [ 17.104058882640782, 50.409582854342986 ], [ 17.084596402153991, 50.409294334906257 ], [ 17.065134210981281, 50.409003504253349 ], [ 17.045672310568413, 50.408710386045541 ], [ 17.034122766404408, 50.415217637924691 ], [ 17.025733568947061, 50.419892666176658 ], [ 17.006267620859568, 50.419593382213606 ], [ 16.986801970219226, 50.419291855200079 ], [ 16.967336618255956, 50.41898811096975 ], [ 16.95586096312617, 50.42543855547364 ], [ 16.947375455998099, 50.430156181724861 ], [ 16.935805548327213, 50.436654471730598 ], [ 16.927404874592749, 50.44132175281559 ], [ 16.915742462191126, 50.447866824757291 ], [ 16.907424868104087, 50.452484811533779 ], [ 16.899408386575335, 50.447573012012462 ], [ 16.888457768823642, 50.440692161542188 ], [ 16.880235743668784, 50.435655031655102 ], [ 16.88059403155065, 50.424091362478933 ], [ 16.870014375898471, 50.417437097623377 ], [ 16.861413343214231, 50.412170007064709 ], [ 16.870481191232091, 50.407028687191058 ], [ 16.881292020813571, 50.400963625294914 ], [ 16.890455042090839, 50.395763623055871 ], [ 16.901159199274876, 50.389753670597173 ], [ 16.910419501477666, 50.384493700237876 ], [ 16.921014856586698, 50.3785401475713 ], [ 16.921337510836846, 50.366975675521196 ], [ 16.921653049484505, 50.355411056149173 ], [ 16.931390057853182, 50.349870758531601 ], [ 16.941480232602981, 50.34419357608752 ], [ 16.941779688196323, 50.332628605605358 ], [ 16.942071288513922, 50.321063475908787 ], [ 16.952330668287981, 50.315215832249848 ], [ 16.961869038313765, 50.30984204192373 ], [ 16.972247023921295, 50.303921454483401 ], [ 16.991661589756337, 50.304314838965134 ], [ 17.001164124922603, 50.298954251491097 ], [ 17.011564220673833, 50.293012845707302 ], [ 17.020935109243577, 50.287722375718808 ], [ 17.02119038468286, 50.276156454822541 ], [ 17.021436757076611, 50.264590362011319 ], [ 17.012969829740328, 50.259268025386099 ], [ 17.002168386980397, 50.252690307090724 ], [ 17.002395748421563, 50.241123862782999 ], [ 17.014000637797135, 50.234480135188626 ], [ 17.022118550727377, 50.229890985765003 ], [ 17.014393179263685, 50.225031527642919 ], [ 16.995005190056066, 50.224769311920049 ], [ 16.987007264363829, 50.229287832197045 ], [ 16.986253939450677, 50.240845170319687 ], [ 16.97465107836063, 50.247312052959479 ], [ 16.963376789080879, 50.240446344351511 ], [ 16.963592983010937, 50.228879709028739 ], [ 16.956229899625555, 50.224240794138609 ], [ 16.936842595998908, 50.223974605940867 ], [ 16.917455518191627, 50.223707210888378 ], [ 16.89806866453484, 50.223438671186813 ], [ 16.885718243135781, 50.215917769550863 ], [ 16.885906226400401, 50.20435062054019 ], [ 16.879690604014993, 50.200424596250279 ], [ 16.860313061057365, 50.200161738562485 ], [ 16.85391749476749, 50.203763895179058 ], [ 16.840422916131821, 50.211258576968774 ], [ 16.82730465184871, 50.20326904982042 ], [ 16.827472789919401, 50.191701523096711 ], [ 16.822075083737971, 50.188285956953322 ], [ 16.802702528066177, 50.188025561550525 ], [ 16.788527203896408, 50.179395607046544 ], [ 16.788658155021107, 50.167827334063311 ], [ 16.78877198831891, 50.156258715525269 ], [ 16.784901321031679, 50.15380520567269 ], [ 16.76929931419911, 50.144315352114504 ], [ 16.766068541104104, 50.142265916506602 ], [ 16.746713789463914, 50.142026300154676 ], [ 16.730206716544281, 50.131986636267492 ], [ 16.730247092740203, 50.120416495930215 ], [ 16.728426350807926, 50.119259777150404 ], [ 16.710660487117991, 50.108460826293268 ], [ 16.709616665469969, 50.107797188006323 ], [ 16.690274882228341, 50.107580145664961 ], [ 16.670933155757822, 50.107364579673408 ], [ 16.670407463332076, 50.107659784401058 ], [ 16.651042617145372, 50.118365512116583 ], [ 16.631696841020773, 50.118145508327174 ], [ 16.631177540175734, 50.118436745667722 ], [ 16.630041869397672, 50.129984638954085 ], [ 16.611233591099353, 50.140370092957539 ], [ 16.591879614498364, 50.14013818863225 ], [ 16.590791188650595, 50.140747647440222 ], [ 16.589668106241266, 50.152295433484511 ], [ 16.571387276500538, 50.162377369020128 ], [ 16.569477607777607, 50.163445546138817 ], [ 16.568381751109985, 50.174993694555418 ], [ 16.567306314624091, 50.18654224489525 ], [ 16.566250311917816, 50.198091176969641 ], [ 16.56521281000451, 50.20964047166958 ], [ 16.564192926161205, 50.221190110903073 ], [ 16.548560537644704, 50.229801781436791 ], [ 16.544019649595807, 50.232336268424753 ], [ 16.528588016621303, 50.24083205651759 ], [ 16.523842134234076, 50.243478871812705 ], [ 16.508606146136852, 50.251861727178941 ], [ 16.503660247112865, 50.254617916884328 ], [ 16.502664644025931, 50.266167567112561 ], [ 16.488018641913378, 50.274219900983894 ], [ 16.482480335156257, 50.277302937625109 ], [ 16.468012853413203, 50.285252162622598 ], [ 16.462291215000658, 50.288434738514461 ], [ 16.461313850665693, 50.299984449627011 ], [ 16.4473901513973, 50.307629260975787 ], [ 16.441121203447317, 50.311112554518658 ], [ 16.440158565412602, 50.322662413530693 ], [ 16.426746824481427, 50.330020716894374 ], [ 16.407321290565516, 50.329696040235262 ], [ 16.387895971083417, 50.329371282107026 ], [ 16.381484718174779, 50.332926170731596 ], [ 16.380511914631509, 50.344475374889498 ], [ 16.367214877515522, 50.351758065289239 ], [ 16.360298134450495, 50.355589138850895 ], [ 16.366773965518181, 50.359724003813632 ], [ 16.378603348239022, 50.36757454932917 ], [ 16.365955587075732, 50.374500083016954 ], [ 16.358390344071104, 50.378688036376566 ], [ 16.345877830614779, 50.385535336328836 ], [ 16.326431165433171, 50.385188579715354 ], [ 16.306984742872363, 50.384841537371258 ], [ 16.294584288740662, 50.377220466399542 ], [ 16.288187072601644, 50.373129304551739 ], [ 16.2813407163306, 50.376911460150254 ], [ 16.268092602437815, 50.384146993834804 ], [ 16.261098834530063, 50.388007514780696 ], [ 16.260116958123309, 50.399555629941936 ], [ 16.247329691701534, 50.406534600892392 ], [ 16.239869919121507, 50.410647937252286 ], [ 16.22721111035651, 50.417552752402344 ], [ 16.219617351966694, 50.42173663686112 ], [ 16.20708308695113, 50.428569557830372 ], [ 16.199359242751115, 50.432821726474799 ], [ 16.198388780122919, 50.444369646154996 ], [ 16.20587030594675, 50.449158846315115 ], [ 16.213894386128022, 50.444742192715978 ], [ 16.226015851106201, 50.438000225214637 ], [ 16.236991696278686, 50.445293300244828 ], [ 16.225213315592104, 50.451716008389255 ], [ 16.216738289263983, 50.456381543812299 ], [ 16.224644053480489, 50.461438545239965 ], [ 16.244109492713346, 50.461992915519417 ], [ 16.254453553842485, 50.468849226735195 ], [ 16.262899606059364, 50.474244924635272 ], [ 16.282371484243892, 50.47478453396873 ], [ 16.292236455833837, 50.481306070446429 ], [ 16.301177807082986, 50.487010880105551 ], [ 16.31071611496737, 50.493305808603374 ], [ 16.309850248665558, 50.504856789184167 ], [ 16.319332949648867, 50.51090117473813 ], [ 16.32947501807849, 50.505308929639099 ], [ 16.33947843920479, 50.499739009492899 ], [ 16.358962965253575, 50.500251393365467 ], [ 16.367988146267422, 50.506186603149104 ], [ 16.377801308967623, 50.512431623014386 ], [ 16.386550807652636, 50.518175908036028 ], [ 16.396649948925216, 50.5245981079361 ], [ 16.405139985404137, 50.530162752309657 ], [ 16.396070116813949, 50.535126650448433 ], [ 16.384921329089661, 50.541280933205229 ], [ 16.39536512021639, 50.547919432884825 ], [ 16.403538473459474, 50.553268561494626 ], [ 16.402746080142652, 50.564821621143196 ], [ 16.413595337803056, 50.571711183956566 ], [ 16.433111855625221, 50.572192003849963 ], [ 16.440844836634785, 50.577236196972294 ], [ 16.440077736009414, 50.588789966310955 ], [ 16.431967151967115, 50.593231017635581 ], [ 16.419856149929767, 50.599914188793903 ], [ 16.411807123725634, 50.604319040453802 ], [ 16.399627360741658, 50.61103478628295 ], [ 16.391637568352486, 50.615404789020587 ], [ 16.379391392130838, 50.622151756515258 ], [ 16.378620687193305, 50.633705082284713 ], [ 16.370817665778791, 50.637970271213142 ], [ 16.358374753363659, 50.644818245639868 ], [ 16.350623780072805, 50.649052731827005 ], [ 16.338121671043815, 50.655927776344271 ], [ 16.330420337065259, 50.660132950472331 ], [ 16.310863920775198, 50.659725331043198 ], [ 16.29130788934739, 50.659315846420981 ], [ 16.278893996634412, 50.666129773747663 ], [ 16.271086284224864, 50.670387074420177 ], [ 16.251526342867617, 50.669972395304853 ], [ 16.231966787751162, 50.669555945965023 ], [ 16.224362183595865, 50.664842908868117 ], [ 16.224908353424933, 50.653285012225865 ], [ 16.225448741496816, 50.641726959677563 ], [ 16.214445676708031, 50.634714106412652 ], [ 16.19490086532716, 50.634299587885693 ], [ 16.183193613472188, 50.64071243975458 ], [ 16.174668405445882, 50.64535126265811 ], [ 16.155119691504652, 50.644931870754 ], [ 16.143450691037945, 50.651315304686889 ], [ 16.134873386026005, 50.65597827494944 ], [ 16.115320770131479, 50.655554129977205 ], [ 16.095768524558974, 50.655128630635417 ], [ 16.087381036646505, 50.649926316899588 ], [ 16.076928515789287, 50.643240643012753 ], [ 16.068277268650771, 50.6378756430951 ], [ 16.068824356489554, 50.626318157106702 ], [ 16.058812494242453, 50.619908118389382 ], [ 16.049706474232096, 50.614263922675356 ], [ 16.039994115253023, 50.608040946497695 ], [ 16.03057891728723, 50.602206198437813 ], [ 16.021184487486885, 50.596182387600216 ], [ 16.011060523410539, 50.601706621988917 ], [ 16.000929645446249, 50.607198669055016 ], [ 15.990739639012926, 50.612754476764295 ], [ 16.00019015684768, 50.618817198177332 ], [ 16.009213696176744, 50.624802001843534 ], [ 16.008300550725757, 50.636349925154285 ], [ 16.007393888549263, 50.647897994922999 ], [ 16.006493454269897, 50.659446204709745 ], [ 16.00559900475286, 50.670994548382353 ], [ 15.996549893674915, 50.675899594334567 ], [ 15.985266192319576, 50.682041307169925 ], [ 15.976253433111898, 50.686924683310735 ], [ 15.956689832661963, 50.686484977895418 ], [ 15.937126590013619, 50.686044327385702 ], [ 15.917563700514563, 50.685602813810277 ], [ 15.908601882591149, 50.680031440832281 ], [ 15.898756771199702, 50.673707709061176 ], [ 15.879199177315813, 50.673267106880544 ], [ 15.868697498063565, 50.678965267246667 ], [ 15.867757525125651, 50.690511594998576 ], [ 15.858111505719865, 50.695726124005859 ], [ 15.847396287254451, 50.701533814051189 ], [ 15.846460552342476, 50.713080103540591 ], [ 15.837002648865358, 50.718191305835859 ], [ 15.826091950015137, 50.724098495880433 ], [ 15.825160012467821, 50.735644737358811 ], [ 15.82423378382801, 50.747191115175298 ], [ 15.815093916418453, 50.752129211102023 ], [ 15.795505320033623, 50.751670632949192 ], [ 15.786668307754981, 50.746161035341046 ], [ 15.776705016138878, 50.739748817656157 ], [ 15.757121743076164, 50.739291368578378 ], [ 15.737538798399745, 50.738833607422315 ], [ 15.717956174231222, 50.738375645820774 ], [ 15.698373862148811, 50.737917600479683 ], [ 15.688198759395984, 50.743403257757343 ], [ 15.687221254763697, 50.754947390149582 ], [ 15.677168941743892, 50.760365838246912 ], [ 15.657578017013423, 50.759903027369319 ], [ 15.637987390747515, 50.759440362640071 ], [ 15.627987613383398, 50.764819955348329 ], [ 15.617570521337102, 50.770429994937977 ], [ 15.607581193723378, 50.775799610867793 ], [ 15.597143872995199, 50.781419228276988 ], [ 15.577544880402932, 50.78095267033121 ], [ 15.557946157450132, 50.780486665794008 ], [ 15.538347691666095, 50.780021367718987 ], [ 15.518749469784758, 50.779556936415105 ], [ 15.509570244928611, 50.784476777670022 ], [ 15.498295637029663, 50.790538553265904 ], [ 15.47869328395382, 50.790073534778323 ], [ 15.469769662675239, 50.794849993997367 ], [ 15.458225227984888, 50.801053862221735 ], [ 15.449347537706934, 50.805801875219046 ], [ 15.437747290248861, 50.812034637737185 ], [ 15.426690941794451, 50.805109273463344 ], [ 15.419012364128386, 50.800125206495949 ], [ 15.407551732613358, 50.79294820362739 ], [ 15.408241949128966, 50.781396923134992 ], [ 15.401164405714335, 50.776798543733499 ], [ 15.381567442980812, 50.776345364385101 ], [ 15.374089093411373, 50.780338927450636 ], [ 15.372993900088728, 50.791877486741313 ], [ 15.371907149051053, 50.803416290438342 ], [ 15.370828520754529, 50.814955328780123 ], [ 15.369757712592307, 50.826494592522167 ], [ 15.368694438093049, 50.838034072912777 ], [ 15.356629804857997, 50.844511558911606 ], [ 15.348265029844029, 50.848968371754744 ], [ 15.336107678226831, 50.855494756886891 ], [ 15.32783456602796, 50.859899138657823 ], [ 15.315575542199113, 50.866479270314372 ], [ 15.307403338649248, 50.870826383322978 ], [ 15.295033370380516, 50.877465277275263 ], [ 15.286971659169021, 50.881750116275327 ], [ 15.285908391869148, 50.893289007057966 ], [ 15.284851977340377, 50.904828098841286 ], [ 15.272648711004368, 50.911378664775711 ], [ 15.264416618321997, 50.915747935529716 ], [ 15.263365028023539, 50.927287024486304 ], [ 15.270979386653412, 50.932237619691691 ], [ 15.281721723152186, 50.93944651387293 ], [ 15.289690505938978, 50.944623653205014 ], [ 15.300110120485307, 50.95160399439019 ], [ 15.288642648184792, 50.957764679837069 ], [ 15.279665465661996, 50.962526347371146 ], [ 15.278645997044691, 50.974066515178535 ], [ 15.267129070091382, 50.98025414708956 ], [ 15.247449774064068, 50.979767982372465 ], [ 15.238777117348075, 50.984360593844542 ], [ 15.237754096925908, 50.995900381514943 ], [ 15.225904561278993, 51.002265716313481 ], [ 15.214631488408749, 50.995152433788178 ], [ 15.207154289902459, 50.990289762687134 ], [ 15.195533186688106, 50.98295829618737 ], [ 15.188412610303091, 50.978324035360082 ], [ 15.180572163960791, 50.982469398981209 ], [ 15.179526572227001, 50.994008099711621 ], [ 15.178487094420568, 51.005546984401832 ], [ 15.177453587475954, 51.017086048496651 ], [ 15.164941270801313, 51.023805023215097 ], [ 15.153034684348576, 51.016283502685909 ], [ 15.146197837352426, 51.011831779196768 ], [ 15.133922340576355, 51.004078735337089 ], [ 15.134784011682825, 50.99253423005198 ], [ 15.128419949992946, 50.988386348422218 ], [ 15.121401714360196, 50.992090055093129 ], [ 15.107774670609148, 50.999400456591289 ], [ 15.100981468495565, 51.002982465737581 ], [ 15.099917793687535, 51.014520056095066 ], [ 15.086150549652849, 51.021906509920299 ], [ 15.066452799289731, 51.021441755990232 ], [ 15.053008168903755, 51.012942495983246 ], [ 15.047732770805828, 51.00949800787231 ], [ 15.041902987866408, 51.01256625862591 ], [ 15.027056971989648, 51.020526478849959 ], [ 15.007358817126423, 51.020076709688041 ], [ 14.987660445497644, 51.019632723488364 ], [ 14.972746436224387, 51.01019938254732 ], [ 14.973628250115345, 50.998656302121617 ], [ 14.974500368811585, 50.987112873963852 ], [ 14.991213211759332, 50.978488109695178 ], [ 15.010853765766782, 50.979402533007253 ], [ 15.015518207650299, 50.976947881660912 ], [ 15.016369721616817, 50.965403541652528 ], [ 15.017211440738844, 50.953858853933298 ], [ 15.01326569697448, 50.951277033620393 ], [ 14.997973656733114, 50.94162669508254 ], [ 14.998794540049337, 50.930081352351436 ], [ 14.995564281248159, 50.927965657590377 ], [ 14.979516503686831, 50.91784456127229 ], [ 14.99722314688397, 50.908665133676536 ], [ 15.000403342058894, 50.906989497345187 ], [ 14.997528848165061, 50.90510603799401 ], [ 14.981099440841588, 50.894751948783984 ], [ 14.999225400319766, 50.885340902240415 ], [ 15.001966056945967, 50.883896010497139 ], [ 15.002729254295806, 50.872348625328108 ], [ 15.000466711253493, 50.870865217668815 ], [ 14.980827065395923, 50.870472613257171 ], [ 14.961186916666195, 50.870088524096296 ], [ 14.941546203980735, 50.869713523326759 ], [ 14.940619165366138, 50.87020162780361 ], [ 14.920909304365773, 50.880735258897118 ], [ 14.90126294833879, 50.880374800597458 ], [ 14.899907246317536, 50.880350142035709 ], [ 14.890109417328532, 50.891578895708463 ], [ 14.880732575241545, 50.90282174931599 ], [ 14.879461533983802, 50.904405539449705 ], [ 14.871653797423225, 50.914074447874548 ], [ 14.87714064565006, 50.925842541243973 ], [ 14.877541499919317, 50.926105957757038 ], [ 14.89500808732271, 50.938046915342241 ], [ 14.893799734200536, 50.949578181343064 ], [ 14.895094353035525, 50.950428119514591 ], [ 14.911745421178589, 50.961782552258875 ], [ 14.913692388871759, 50.963059814942824 ], [ 14.929743440302369, 50.973985855066886 ], [ 14.928586079200036, 50.985519134067474 ], [ 14.927437888949251, 50.997052717292881 ], [ 14.930267358447777, 50.998906785550119 ], [ 14.945521812422788, 51.009256327448405 ], [ 14.944400049730344, 51.020790929303473 ], [ 14.947886601523789, 51.023073389676235 ], [ 14.962545379104597, 51.032993838731301 ], [ 14.961448027633971, 51.044529381747985 ], [ 14.96035834878276, 51.056065175020308 ], [ 14.964518483860481, 51.058785440955063 ], [ 14.978575727686218, 51.068267825539088 ], [ 14.977508210517273, 51.079804474312233 ], [ 14.98218454646603, 51.082859355220236 ], [ 14.995777794780752, 51.092006040566353 ], [ 14.994730999120991, 51.103543488863643 ], [ 14.993690870097325, 51.115081151034431 ], [ 14.99265733444512, 51.126619024703039 ], [ 14.991630329628709, 51.138157107858973 ], [ 14.996870270139221, 51.141574781122713 ], [ 15.009986534728412, 51.150359033249622 ], [ 14.995431297900407, 51.15817763048657 ], [ 14.989595714867711, 51.16123389637972 ], [ 14.994868114146582, 51.164671321842299 ], [ 15.007975861546086, 51.173436831165219 ], [ 15.006979832132032, 51.184976026611878 ], [ 15.012596919525228, 51.188634654585023 ], [ 15.025402683603659, 51.197177476979206 ], [ 15.024423921324132, 51.208717337900708 ], [ 15.023451179570092, 51.220257389494549 ], [ 15.022484477382388, 51.231797632523595 ], [ 15.028359499801514, 51.235618989972266 ], [ 15.040968957827637, 51.243998393227358 ], [ 15.040018635708194, 51.255539264670013 ], [ 15.039074296239916, 51.267080324856529 ], [ 15.038135994975461, 51.278621575778494 ], [ 15.037203796632843, 51.290163019738152 ], [ 15.022986071888901, 51.297818450338326 ], [ 15.016813332137108, 51.301043193341066 ], [ 15.015890222221236, 51.312584824365437 ], [ 15.001154200890813, 51.320520302812909 ], [ 14.99551686823526, 51.323462021259388 ], [ 14.994603992133142, 51.335003882810916 ], [ 14.979297707260553, 51.343247440697255 ], [ 14.974250560328253, 51.345878212879512 ], [ 14.973349212993849, 51.357420354186331 ], [ 14.977801331922207, 51.360312756256313 ], [ 14.991907489249542, 51.36963083156779 ], [ 14.976242592848918, 51.37807141887297 ], [ 14.971568867548255, 51.380505367575857 ], [ 14.970690184501271, 51.392048250743343 ], [ 14.969819390489354, 51.4035913929457 ], [ 14.968956672246524, 51.415134800733625 ], [ 14.968102228678433, 51.42667848107839 ], [ 14.971759020108109, 51.429051201477407 ], [ 14.986717699903705, 51.438891345703027 ], [ 14.970102183152559, 51.447852037951868 ], [ 14.966419023854625, 51.449766689488435 ], [ 14.965590724034387, 51.461311233694651 ], [ 14.948153309316231, 51.470715965247678 ], [ 14.9453256357156, 51.47218423749861 ], [ 14.92721972628661, 51.481948946670798 ], [ 14.925088236912634, 51.483054802131839 ], [ 14.90627382297062, 51.493201001201534 ], [ 14.886369232921341, 51.49278904292332 ], [ 14.866464149986694, 51.492385257873849 ], [ 14.8661244839339, 51.492561147889056 ], [ 14.863073639716825, 51.504026776485361 ], [ 14.865163985276441, 51.506730865966517 ], [ 14.872282601008493, 51.51592509052049 ], [ 14.881957751012354, 51.527838996411752 ], [ 14.883084957806975, 51.529178874445336 ], [ 14.892017703199237, 51.539765519281488 ], [ 14.901158346833039, 51.550122376146639 ], [ 14.902563292710679, 51.551708082663751 ], [ 14.913515735603408, 51.563663802163234 ], [ 14.919360988263572, 51.569803373780786 ], [ 14.924941841708176, 51.575634882744453 ], [ 14.936849320146923, 51.587621447925827 ], [ 14.9376732466202, 51.588427635913618 ], [ 14.949187464765078, 51.599621593112651 ], [ 14.956084987490117, 51.606097057997026 ], [ 14.962029905865121, 51.611637714177377 ], [ 14.974582329770922, 51.622957192894098 ], [ 14.975378891026724, 51.623669716994115 ], [ 14.989195373260912, 51.635716087159167 ], [ 14.993158607656898, 51.639074020522749 ], [ 15.003527307440066, 51.647778288846226 ], [ 15.011805294644333, 51.654535625191592 ], [ 15.018389320758363, 51.659856624087951 ], [ 15.030516347201669, 51.669403075212465 ], [ 15.033788206965504, 51.671951115346637 ], [ 15.049286683191548, 51.683727343917255 ], [ 15.049731966032928, 51.684061814775461 ], [ 15.066212997379749, 51.696188239432836 ], [ 15.068111611312943, 51.697555691751191 ], [ 15.083260705069797, 51.708331138795415 ], [ 15.086987123646628, 51.710928220482081 ], [ 15.100889911938255, 51.72049075237188 ], [ 15.10590979868666, 51.723878859753555 ], [ 15.119112223424352, 51.732667195698454 ], [ 15.124876570674282, 51.736437936107826 ], [ 15.137940124804492, 51.744860597078059 ], [ 15.14388470385242, 51.74863240473023 ], [ 15.15738688303874, 51.75707109303756 ], [ 15.162931755329717, 51.760486219445859 ], [ 15.177466432994095, 51.769298823297483 ], [ 15.182015542822297, 51.772020653263112 ], [ 15.19819324553332, 51.781543925200992 ], [ 15.201134116575798, 51.783254576538738 ], [ 15.21958217481254, 51.793806527550103 ], [ 15.220285734881594, 51.794204698688958 ], [ 15.23946788968766, 51.804897215528392 ], [ 15.241637844201563, 51.806086409741951 ], [ 15.258679418770599, 51.815342570294597 ], [ 15.264381592608352, 51.818383868129914 ], [ 15.277919343194942, 51.825549165913998 ], [ 15.287832599451308, 51.830699102248062 ], [ 15.297186534002067, 51.835527375919732 ], [ 15.312005871706148, 51.843032152627501 ], [ 15.316479989040376, 51.84528620758956 ], [ 15.335798252659238, 51.854840405397127 ], [ 15.336912634213522, 51.855382916317033 ], [ 15.35513834182321, 51.86422386530748 ], [ 15.362557874519963, 51.867751074168332 ], [ 15.374501747357515, 51.873415591070014 ], [ 15.388967311920581, 51.880136925958745 ], [ 15.393887849226214, 51.882420497373978 ], [ 15.413294551895632, 51.891262097256423 ], [ 15.416148031019068, 51.892540165358348 ], [ 15.432719695160696, 51.899965191320703 ], [ 15.444108489876477, 51.904960506045583 ], [ 15.452165477578342, 51.908499836894798 ], [ 15.471630859046051, 51.916876722851335 ], [ 15.472860626131364, 51.917397742737819 ], [ 15.491111141039074, 51.925153612299724 ], [ 15.502410104011142, 51.929851456086467 ], [ 15.510610486531421, 51.933275380640723 ], [ 15.530127181408828, 51.941261800495724 ], [ 15.53275869105228, 51.942321090183 ], [ 15.549657251481502, 51.949162477274619 ], [ 15.563909844423291, 51.954806120636569 ], [ 15.569205179939175, 51.956917415223685 ], [ 15.588766721936532, 51.964580140132625 ], [ 15.595857481577543, 51.967305727160237 ], [ 15.608342187451523, 51.972145090416838 ], [ 15.627934207218686, 51.979575703087349 ], [ 15.628584631689268, 51.979818768164478 ], [ 15.647535212097246, 51.986971044124928 ], [ 15.662091372273, 51.992344589447676 ], [ 15.667152402512066, 51.994233708843119 ], [ 15.686780085472805, 52.00143852171535 ], [ 15.696341182833509, 52.004881494058459 ], [ 15.70642028773327, 52.008556970831812 ], [ 15.726072917949626, 52.015588871963132 ], [ 15.731297833076113, 52.017427821948793 ], [ 15.745734462240179, 52.022581143015962 ], [ 15.765410048316205, 52.029462151488154 ], [ 15.766917195153322, 52.029981726869067 ], [ 15.785091344801584, 52.036346016191402 ], [ 15.803152090133031, 52.042541322392168 ], [ 15.804786999365394, 52.043111695527848 ], [ 15.82448750894083, 52.049891052419035 ], [ 15.839931572366254, 52.055104133108998 ], [ 15.844200794488739, 52.056572086706623 ], [ 15.863919638689246, 52.063256009940979 ], [ 15.877163590144594, 52.067667205587654 ], [ 15.883649037795523, 52.069871228952827 ], [ 15.90338448490863, 52.076481604524936 ], [ 15.914747750005446, 52.080227479872697 ], [ 15.923128463860648, 52.083051014057219 ], [ 15.942878820990302, 52.089610228274253 ], [ 15.952567664563906, 52.092781608156734 ], [ 15.962635800703866, 52.096155512711967 ], [ 15.982399396568821, 52.102686751507058 ], [ 15.99049129185722, 52.105325991987193 ], [ 16.002167720727634, 52.10923185463583 ], [ 16.021942887627169, 52.115759439784284 ], [ 16.028372152615624, 52.117856840078495 ], [ 16.041720786696079, 52.122331251156069 ], [ 16.061505840985756, 52.128881027280634 ], [ 16.066051488617113, 52.130370245700405 ], [ 16.081291390355386, 52.135510210162579 ], [ 16.101084610611426, 52.142110000516389 ], [ 16.103361342248036, 52.142862280445321 ], [ 16.120875680570329, 52.148832009800955 ], [ 16.140131766701778, 52.155329179746957 ], [ 16.140674873981204, 52.155518533504718 ], [ 16.160469476808728, 52.162368520657374 ], [ 16.176203011528006, 52.167767631236437 ], [ 16.180270385852953, 52.169213121713462 ], [ 16.200068162299559, 52.176202499751817 ], [ 16.211391100324747, 52.180173935997495 ], [ 16.2198677574976, 52.183260368108563 ], [ 16.239666548993739, 52.190430528411085 ], [ 16.245534566597268, 52.192545125105873 ], [ 16.259461273893134, 52.197768410489921 ], [ 16.278488608400984, 52.204878777592896 ], [ 16.279257979747797, 52.205178674452817 ], [ 16.299044316907398, 52.212866408099856 ], [ 16.310151959503703, 52.21717359517374 ], [ 16.318828958063207, 52.220693699069109 ], [ 16.338609080665169, 52.22871079807031 ], [ 16.340379503522591, 52.229427359927108 ], [ 16.358375733284912, 52.237072567937147 ], [ 16.369117098478753, 52.241639983479629 ], [ 16.378135404408919, 52.245676587041721 ], [ 16.396270274064207, 52.253810485069138 ], [ 16.397885332878957, 52.254575406461399 ], [ 16.417616031729469, 52.263938815518998 ], [ 16.421819113284926, 52.265939538826771 ], [ 16.437327983443289, 52.273768838405317 ], [ 16.445725981230282, 52.278027387305166 ], [ 16.45701842914649, 52.284124125999497 ], [ 16.467981218940128, 52.290074835973272 ], [ 16.476681210820534, 52.295124829318198 ], [ 16.488594271878871, 52.302083034469817 ], [ 16.496308450914121, 52.306925114625479 ], [ 16.507585687435345, 52.314053290761819 ], [ 16.515889905039248, 52.319725944344228 ], [ 16.524985467278263, 52.325987029664276 ], [ 16.53541199705764, 52.333794103853243 ], [ 16.540831394413186, 52.337885754412213 ], [ 16.554856338996938, 52.349491343841855 ], [ 16.555167380905679, 52.349751011711156 ], [ 16.568052749190869, 52.361584584399687 ], [ 16.574168596564444, 52.367845751172595 ], [ 16.579530212460689, 52.373387833282123 ], [ 16.589657614731813, 52.385162359213773 ], [ 16.593291716947288, 52.389964825518824 ], [ 16.598493190738349, 52.39690970274561 ], [ 16.606090528563143, 52.408631248461397 ], [ 16.612034829956571, 52.419462032976256 ], [ 16.612505144275232, 52.420328365380776 ], [ 16.617793708750032, 52.432002396454799 ], [ 16.622005980601095, 52.443654501520683 ], [ 16.625194021616792, 52.455285848725701 ], [ 16.627407047422924, 52.466897515406096 ], [ 16.628691616500159, 52.478490496483261 ], [ 16.628898096433943, 52.484391650980768 ], [ 16.629091355073498, 52.490065702999026 ], [ 16.628648578738087, 52.501623998187853 ], [ 16.627403741414469, 52.513166189567592 ], [ 16.627324368773539, 52.513618936158267 ], [ 16.62539270603471, 52.524692976967302 ], [ 16.622651583853294, 52.536205051972168 ], [ 16.619214185399514, 52.547703048944747 ], [ 16.615112515597531, 52.559187556810684 ], [ 16.610376938595696, 52.570659123992748 ], [ 16.605036260007676, 52.582118261481114 ], [ 16.602984730982513, 52.586068759363641 ], [ 16.599107390976407, 52.593565234417134 ], [ 16.592618383036555, 52.605000528816163 ], [ 16.58559919653586, 52.61642466733727 ], [ 16.580455607386902, 52.624209643074686 ], [ 16.57806496659207, 52.627837868897252 ], [ 16.570025691441444, 52.639240243913434 ], [ 16.561520121283689, 52.650632490895731 ], [ 16.558312861822426, 52.654695706174941 ], [ 16.552544646752668, 52.662014438121815 ], [ 16.543126398814866, 52.67338654483509 ], [ 16.536363115817728, 52.681191862286525 ], [ 16.533282680785447, 52.684749068922486 ], [ 16.523011493587362, 52.69610186568589 ], [ 16.514531866906665, 52.705124567613865 ], [ 16.512350030809827, 52.707445607958405 ], [ 16.501280001348526, 52.718779807731238 ], [ 16.492782919080479, 52.727197115660353 ], [ 16.489844304702491, 52.730105262199963 ], [ 16.478025228605162, 52.741421491565248 ], [ 16.471092787151793, 52.747866511294994 ], [ 16.465853760454788, 52.752729046588676 ], [ 16.453332291884429, 52.7640278729682 ], [ 16.449445609988839, 52.767442253173783 ], [ 16.440460211022803, 52.775317849489085 ], [ 16.427831160223885, 52.786126974634627 ], [ 16.427277325358144, 52.786599728519668 ], [ 16.413741621607993, 52.797872492927588 ], [ 16.406247119429882, 52.803983134916798 ], [ 16.399905987085205, 52.809137184287344 ], [ 16.385774442433025, 52.820393788933863 ], [ 16.384680547638691, 52.821247739936851 ], [ 16.371319479923354, 52.831641594301232 ], [ 16.363133691086674, 52.837898884003451 ], [ 16.356590894669981, 52.842881594505783 ], [ 16.341596662840853, 52.854113868949312 ], [ 16.326300281508757, 52.865337497102949 ], [ 16.320073297108898, 52.869841400791401 ], [ 16.310755372435999, 52.876553580017216 ], [ 16.298555416602579, 52.885225046302075 ], [ 16.294971036925435, 52.887762229983487 ], [ 16.278943348113565, 52.898963263971645 ], [ 16.277042880598124, 52.90027541497566 ], [ 16.262672217441651, 52.910156583926998 ], [ 16.255534904333047, 52.915012950409562 ], [ 16.246193833032201, 52.921342931669592 ], [ 16.23402740431467, 52.929509135495763 ], [ 16.229520028514358, 52.932522499363792 ], [ 16.212662462281735, 52.943695480625536 ], [ 16.212519089367916, 52.943789695341394 ], [ 16.195607006382247, 52.954861465858677 ], [ 16.19101057424324, 52.957850134943669 ], [ 16.178398744052512, 52.966021443122543 ], [ 16.169498010112285, 52.971754380578467 ], [ 16.16105315619706, 52.977175718040527 ], [ 16.147980030596823, 52.985526647075844 ], [ 16.143586611799886, 52.988324625991943 ], [ 16.12645523464348, 52.99919090411619 ], [ 16.126016350929135, 52.999468532511273 ], [ 16.108341070385801, 53.01060736164299 ], [ 16.104923175653042, 53.012756116651182 ], [ 16.090598446361554, 53.021741990677242 ], [ 16.083381239437898, 53.026263079673306 ], [ 16.072810591667324, 53.032872935578197 ], [ 16.061827748717572, 53.039737546130887 ], [ 16.054997607299391, 53.044000675420961 ], [ 16.040261096279828, 53.053203448596676 ], [ 16.03718002672365, 53.055125711884997 ], [ 16.019375662439415, 53.066248490534591 ], [ 16.018679676807924, 53.066683953229784 ], [ 16.001596202699648, 53.077369312983578 ], [ 15.997081853485838, 53.08020196575734 ], [ 15.983876766769274, 53.088489081995235 ], [ 15.975465270018882, 53.09378994045273 ], [ 15.966238181834772, 53.099608356249142 ], [ 15.953827912025787, 53.107474505879061 ], [ 15.94870096131929, 53.110727698360364 ], [ 15.932167628714119, 53.121283391841025 ], [ 15.93128516227093, 53.121847670808002 ], [ 15.914001003586606, 53.132968592044577 ], [ 15.910481776042371, 53.135250352316611 ], [ 15.896875720710574, 53.144091229732105 ], [ 15.888767801927509, 53.149406844879756 ], [ 15.879929735707835, 53.155216187666269 ], [ 15.867023039629579, 53.163784943149615 ], [ 15.863180006321073, 53.166343988952036 ], [ 15.846640315394957, 53.177475080981189 ], [ 15.845244163172545, 53.178424721073753 ], [ 15.830322724873405, 53.188609871723067 ], [ 15.823426901450109, 53.193377811035333 ], [ 15.814247829758321, 53.199749002747652 ], [ 15.801568539960959, 53.208673402089211 ], [ 15.798428294376057, 53.210892911796236 ], [ 15.782873430040722, 53.222041950961 ], [ 15.779663568036391, 53.224377013549066 ], [ 15.767594878230584, 53.233196538571654 ], [ 15.757706908639111, 53.240546453449667 ], [ 15.752604695953277, 53.24435710820601 ], [ 15.737910894963454, 53.255523986485727 ], [ 15.735693425337111, 53.257238544089418 ], [ 15.723521069987342, 53.26669749019154 ], [ 15.713614542741233, 53.274553147724852 ], [ 15.709443150043192, 53.277877946571657 ], [ 15.695683730656596, 53.289065647076718 ], [ 15.691463009580591, 53.292569975276358 ], [ 15.682248194407801, 53.300260849772542 ], [ 15.669229978724113, 53.311386743600252 ], [ 15.669140324986998, 53.311463767724355 ], [ 15.65636792869477, 53.322674725728163 ], [ 15.646898126669896, 53.331206103947181 ], [ 15.643930275613981, 53.33389380863067 ], [ 15.631834735184885, 53.345121326943044 ], [ 15.624455045294823, 53.352162360409963 ], [ 15.620080616152125, 53.356357362588412 ], [ 15.608673462950188, 53.367602171587876 ], [ 15.601879052643234, 53.374501908811382 ], [ 15.597612568838262, 53.378855830595967 ], [ 15.586903025322359, 53.390118578872851 ], [ 15.579141254080136, 53.398553219285674 ], [ 15.576542450841462, 53.401390439810719 ], [ 15.566538006197236, 53.412671707528631 ], [ 15.556883916671485, 53.423962301919346 ], [ 15.556200115610354, 53.424790498767813 ], [ 15.547590235195306, 53.435262595883927 ], [ 15.538651361078507, 53.446572507995548 ], [ 15.532984255314746, 53.454038625537862 ], [ 15.530070302180624, 53.457892202267118 ], [ 15.521852418614429, 53.469221908827556 ], [ 15.513993459713127, 53.480561575203538 ], [ 15.509386672077127, 53.487528592783242 ], [ 15.506497869166996, 53.491911398964675 ], [ 15.499370232269337, 53.503271579543352 ], [ 15.49260763437791, 53.514642093687108 ], [ 15.486211955971969, 53.526023055190315 ], [ 15.485173042717172, 53.527985048523355 ], [ 15.480191586794922, 53.53741476662686 ], [ 15.474545100260958, 53.548817238899503 ], [ 15.469273988250198, 53.560230565343957 ], [ 15.46438121228381, 53.571654879449468 ], [ 15.459870062095897, 53.583090321249557 ], [ 15.459630446458579, 53.583755127163329 ], [ 15.455749142915181, 53.594537185182688 ], [ 15.452017865310493, 53.605995490007402 ], [ 15.448680000493269, 53.617465380104257 ], [ 15.445739920521596, 53.628947014180191 ], [ 15.443202313004594, 53.640440556711312 ], [ 15.441072176495926, 53.651946177683058 ], [ 15.439354815429544, 53.66346405229848 ], [ 15.438055834637318, 53.674994360656015 ], [ 15.437181133488375, 53.686537287397414 ], [ 15.436736899690546, 53.698093021327139 ], [ 15.43672960279514, 53.709661755004596 ], [ 15.437165987447543, 53.721243684310124 ], [ 15.438053066427518, 53.732839007986286 ], [ 15.439398113524943, 53.744447927155839 ], [ 15.441208656298715, 53.756070644817676 ], [ 15.443492468768909, 53.767707365322487 ], [ 15.443979023920757, 53.769767296457751 ], [ 15.44626787635818, 53.779358599846404 ], [ 15.449537047749395, 53.791024372707248 ], [ 15.453306304681172, 53.802704824810114 ], [ 15.457584329898799, 53.814400159750761 ], [ 15.46060111144573, 53.821784447787515 ], [ 15.462388979694335, 53.826110844171872 ], [ 15.467737997407292, 53.837837331439758 ], [ 15.473625391793387, 53.84957936586747 ], [ 15.478541915360742, 53.85857750388584 ], [ 15.480069082849713, 53.861337387886991 ], [ 15.487100586585848, 53.873112224604661 ], [ 15.494701309696087, 53.884903221955355 ], [ 15.497097935457186, 53.888381523324938 ], [ 15.502917013278527, 53.89671159935417 ], [ 15.511738757439751, 53.908536962991356 ], [ 15.516031890944681, 53.913956133587867 ], [ 15.52119604041175, 53.920380027354739 ], [ 15.531295343509973, 53.932240821882822 ], [ 15.535229502678153, 53.93662236215561 ], [ 15.542066360697264, 53.944120032501175 ], [ 15.553499483865581, 53.956017194317027 ], [ 15.554624987249587, 53.957136337693079 ], [ 15.56566059722766, 53.967933995450309 ], [ 15.574183596533175, 53.975889877603052 ], [ 15.578518608825838, 53.979869319694842 ], [ 15.592111056304079, 53.991824000381669 ], [ 15.593868251451427, 53.993310440836936 ], [ 15.606482704070723, 54.003799044507964 ], [ 15.61366545821202, 54.009543659099869 ], [ 15.621619606863774, 54.015793770778984 ], [ 15.633553669498193, 54.024837490853329 ], [ 15.637545756852003, 54.027808552525272 ], [ 15.65352262598469, 54.039304597565263 ], [ 15.654285844622359, 54.039843754268489 ], [ 15.671883221295639, 54.051900227181029 ], [ 15.673565320552511, 54.053019249230893 ], [ 15.690344995511655, 54.063977780484052 ], [ 15.693672032128786, 54.066091339391456 ], [ 15.709685273333266, 54.076076392095054 ], [ 15.713835741818702, 54.07859894538074 ], [ 15.729924551372976, 54.088196185589183 ], [ 15.734051135486558, 54.090600150889209 ], [ 15.751081023820822, 54.100337188497249 ], [ 15.754313584769964, 54.102145533431354 ], [ 15.773169778637383, 54.112499311372481 ], [ 15.77461904449776, 54.113279286453405 ], [ 15.794964572148835, 54.124032322946945 ], [ 15.796217881196213, 54.124682751305166 ], [ 15.815347310714335, 54.134435137076601 ], [ 15.820246860824781, 54.136887515548992 ], [ 15.835763609665076, 54.144529319457924 ], [ 15.845238901609299, 54.149112538586479 ], [ 15.856210955348942, 54.154342458261219 ], [ 15.871187642372568, 54.161357044776366 ], [ 15.876687118511114, 54.163899023769162 ], [ 15.897190365038046, 54.173217464374403 ], [ 15.898091251423454, 54.173620358228838 ], [ 15.917720188125484, 54.182300186179205 ], [ 15.926002134727479, 54.185903167638379 ], [ 15.938273201654788, 54.191188562639304 ], [ 15.954811915645221, 54.19820202073651 ], [ 15.95884795486559, 54.199898682396586 ], [ 15.979444064357486, 54.208432420864035 ], [ 15.984547556530099, 54.210516939254752 ], [ 16.000059939950201, 54.216808325460406 ], [ 16.015150664128935, 54.222845781435865 ], [ 16.020693645490976, 54.225050223991602 ], [ 16.04134489818291, 54.233159474853373 ], [ 16.046571717378558, 54.235186664199176 ], [ 16.062012626539278, 54.241148556569705 ], [ 16.078747269859605, 54.247537402253386 ], [ 16.082695122073357, 54.249039298871672 ], [ 16.103392456045228, 54.256828750617828 ], [ 16.111625294879733, 54.259896138294458 ], [ 16.124103239037147, 54.264534842188986 ], [ 16.144826360748482, 54.272171964574113 ], [ 16.145064665491613, 54.272258948956662 ], [ 16.165562213812635, 54.279733030802213 ], [ 16.179075115007578, 54.284625592236161 ], [ 16.186308931639836, 54.28724387176814 ], [ 16.20706644297578, 54.2947045447956 ], [ 16.213471202971213, 54.296991295221467 ], [ 16.227834162743978, 54.302122748608667 ], [ 16.248161854103216, 54.309353648781325 ], [ 16.248611024343283, 54.309513617983434 ], [ 16.269397455819018, 54.316870174490809 ], [ 16.283117405093066, 54.321711731380873 ], [ 16.290192052808582, 54.324213090318352 ], [ 16.310994858427108, 54.331541483461727 ], [ 16.318171063358122, 54.334061605049648 ], [ 16.331805442155513, 54.338861754175483 ], [ 16.352623036561461, 54.346185735765864 ], [ 16.35323822397239, 54.346401331214103 ], [ 16.373448196395795, 54.353504907057236 ], [ 16.388305824715534, 54.358730619834986 ], [ 16.394279717377117, 54.360838258852581 ], [ 16.415117952442433, 54.368180593978074 ], [ 16.423254901407105, 54.371046934538008 ], [ 16.435962548963037, 54.37553786856045 ], [ 16.456813002025495, 54.382918690050495 ], [ 16.458031625120721, 54.383349250334028 ], [ 16.477670144804954, 54.390310137960824 ], [ 16.492662634094188, 54.395638276075189 ], [ 16.498532866926595, 54.397730801528873 ], [ 16.519401851950672, 54.405170167935083 ], [ 16.527089246631281, 54.407912941112613 ], [ 16.540276977474981, 54.41263083681033 ], [ 16.561157728761177, 54.420122099919162 ], [ 16.56130043871109, 54.420173204242374 ], [ 16.582045674290015, 54.427618196528989 ], [ 16.595392438290467, 54.43242117152424 ], [ 16.60293951251904, 54.43514162977354 ], [ 16.623840106875907, 54.442678291789235 ], [ 16.6293278165505, 54.444656214788253 ], [ 16.644748012937455, 54.450218951275538 ], [ 16.66318046756577, 54.456879901544937 ], [ 16.665662478527146, 54.457777027712623 ], [ 16.686585370844547, 54.465319998552935 ], [ 16.697055052441161, 54.469094301643871 ], [ 16.707515865599145, 54.472862303393647 ], [ 16.728454311234977, 54.480397746405849 ], [ 16.730970670298461, 54.481299759423898 ], [ 16.749402499098668, 54.487893648484444 ], [ 16.765093390462635, 54.493499315604559 ], [ 16.770359005036894, 54.4953751904035 ], [ 16.791325712543014, 54.502807173927394 ], [ 16.79950880962361, 54.505694355631427 ], [ 16.812302549059829, 54.510189680578932 ], [ 16.833289055870779, 54.517530084260187 ], [ 16.834316731958335, 54.517886419327283 ], [ 16.854288062215975, 54.524773357017473 ], [ 16.869773251857755, 54.530079681037982 ], [ 16.875297289311195, 54.531960663854314 ], [ 16.896319027315641, 54.539045971472284 ], [ 16.90599786591866, 54.542275638521815 ], [ 16.917352805745569, 54.546035610369074 ], [ 16.938398679180814, 54.552925748841368 ], [ 16.943203684821011, 54.554477224162511 ], [ 16.95945838579388, 54.559678687129804 ], [ 16.980529836627511, 54.566332585796843 ], [ 16.981676114208561, 54.566688291676016 ], [ 17.001616526146012, 54.572813079360188 ], [ 17.021801236273721, 54.578913940861121 ], [ 17.022714952969441, 54.579187134519088 ], [ 17.043829115757347, 54.585368043962404 ], [ 17.064003904830656, 54.591159317919882 ], [ 17.064955246173408, 54.591429178109948 ], [ 17.086097358571756, 54.597281166395433 ], [ 17.107251594658855, 54.603000372038146 ], [ 17.108891890367445, 54.603431737353034 ], [ 17.128421740175551, 54.60849996756167 ], [ 17.149604526937189, 54.613844646167188 ], [ 17.157362585353322, 54.615741861390845 ], [ 17.170802037113081, 54.618982789757233 ], [ 17.19201328633773, 54.623929517474437 ], [ 17.210547323994362, 54.628102094122994 ], [ 17.213237363546281, 54.628698968061613 ], [ 17.234476662360347, 54.633229667203338 ], [ 17.25572825197343, 54.637581531673369 ], [ 17.270826804773709, 54.640540217544917 ], [ 17.276992887119011, 54.64173024901433 ], [ 17.29827157465067, 54.645644257714892 ], [ 17.319562185028474, 54.649366405789053 ], [ 17.340864577890802, 54.652892883658588 ], [ 17.34219444259497, 54.653100325108987 ], [ 17.362180659249745, 54.656168801959872 ], [ 17.383508205786075, 54.6592403780175 ], [ 17.404846879343694, 54.662108158542381 ], [ 17.426196462341629, 54.664769587842947 ], [ 17.436144176509149, 54.665911684751485 ], [ 17.447557527980504, 54.667201226342314 ], [ 17.468929578827836, 54.669406776983749 ], [ 17.490311642656021, 54.671402934199762 ], [ 17.511703434502536, 54.67318854403868 ], [ 17.533104655421127, 54.674762761164438 ], [ 17.554514992746107, 54.676125064609273 ], [ 17.575934120418289, 54.677275273269814 ], [ 17.597361699373344, 54.678213561091454 ], [ 17.618797377993637, 54.678940471878626 ], [ 17.640240792624333, 54.679456933659395 ], [ 17.661691568154712, 54.67976427252421 ], [ 17.68314931866546, 54.679864225848547 ], [ 17.704613648142701, 54.679758954799425 ], [ 17.726084151259297, 54.679451056015544 ], [ 17.747560414223848, 54.678943572340692 ], [ 17.769042015697579, 54.678240002479825 ], [ 17.790528527778889, 54.677344309437963 ], [ 17.812019517055202, 54.676260927593049 ], [ 17.833514545721059, 54.674994768245831 ], [ 17.855013172761218, 54.673551223483564 ], [ 17.876514955196566, 54.6719361681888 ], [ 17.888915128869105, 54.6709103237812 ], [ 17.8980199079658, 54.670139023637425 ], [ 17.919527797072259, 54.668157741956541 ], [ 17.94103752940395, 54.666023130981173 ], [ 17.962548655379081, 54.663743312842755 ], [ 17.984060730806849, 54.661326885746227 ], [ 17.993086325339377, 54.660259848565424 ], [ 18.005574113852088, 54.658750344322726 ], [ 18.027088141884764, 54.656030821764681 ], [ 18.048601791931915, 54.653202436192061 ], [ 18.070114647170406, 54.650275931740993 ], [ 18.076618729785253, 54.649364423494141 ], [ 18.091627331745716, 54.647216397416145 ], [ 18.113138816562952, 54.644061466946056 ], [ 18.134648263044301, 54.640843569141516 ], [ 18.151062435784237, 54.63834817413079 ], [ 18.156155666385228, 54.637558195852556 ], [ 18.177661412260615, 54.634181015802682 ], [ 18.199164005438892, 54.630780809229016 ], [ 18.220663158274608, 54.627370821069569 ], [ 18.221362279719209, 54.627259711824713 ], [ 18.242159916324592, 54.623894081858488 ], [ 18.263652651937321, 54.620434975310388 ], [ 18.285141118428886, 54.617009298972576 ], [ 18.290745098650628, 54.61612517101964 ], [ 18.306626035369799, 54.613577975535243 ], [ 18.328106561441938, 54.610191673009943 ], [ 18.349582265625862, 54.606882042334782 ], [ 18.362349515107166, 54.60496268181268 ], [ 18.371053492196989, 54.603634770900314 ], [ 18.39252029061328, 54.600453312367918 ], [ 18.413982029182112, 54.597389059597248 ], [ 18.435438749617365, 54.594452549105995 ], [ 18.440502161036836, 54.593788365538849 ], [ 18.456891071481266, 54.591612540724761 ], [ 18.478338603331782, 54.588911750577786 ], [ 18.499781306047822, 54.586371468297578 ], [ 18.521219349249371, 54.583998985488606 ], [ 18.521270668088547, 54.582574043850975 ], [ 18.542771228767762, 54.571234101876925 ], [ 18.543027526291844, 54.571097453232213 ], [ 18.543420751584375, 54.559538228110341 ], [ 18.543802489936436, 54.547978936727382 ], [ 18.544173223554594, 54.536419580986376 ], [ 18.544533414494772, 54.524860162706588 ], [ 18.544883505871613, 54.513300683628756 ], [ 18.545223922994971, 54.501741145419921 ], [ 18.565024586477012, 54.491257561385197 ], [ 18.566890912877195, 54.490259863430481 ], [ 18.565045909485971, 54.489248841782818 ], [ 18.54587735303447, 54.478621897936307 ], [ 18.546191136826017, 54.467062191666869 ], [ 18.546496789932824, 54.455502432284881 ], [ 18.565510543886354, 54.445416633635631 ], [ 18.568118757562832, 54.444020717822546 ], [ 18.586961804976799, 54.434018351154336 ], [ 18.589730720088419, 54.432535099594816 ], [ 18.590007622663375, 54.420975088236524 ], [ 18.60851050439382, 54.411142167440509 ], [ 18.629828585884127, 54.411214027894644 ], [ 18.632925373781575, 54.409552169034008 ], [ 18.651244123560797, 54.399808114534501 ], [ 18.672556385610697, 54.399878051602002 ], [ 18.675838674259523, 54.398114001735024 ], [ 18.693954146358575, 54.388469345687319 ], [ 18.697412502175698, 54.386609007713787 ], [ 18.71534003146682, 54.377058085191052 ], [ 18.718976609162024, 54.375100129327727 ], [ 18.736714050778012, 54.365644211847531 ], [ 18.7580087312137, 54.365711261315425 ], [ 18.779303479302271, 54.365776633426613 ], [ 18.800598293482572, 54.365840307668073 ], [ 18.804548005827293, 54.363707990319838 ], [ 18.821942827462916, 54.354421580183264 ], [ 18.843231828811483, 54.354482664597938 ], [ 18.847437412626846, 54.352208809585122 ], [ 18.864558652663831, 54.343059638668358 ], [ 18.8858418411644, 54.343117737904663 ], [ 18.907125089180877, 54.343173830180923 ], [ 18.928408394655726, 54.343227849939922 ], [ 18.945142739635614, 54.35229275836231 ], [ 18.949677733091672, 54.354759203790607 ], [ 18.954218749485712, 54.352296541954203 ], [ 18.970975169092181, 54.34332938247875 ], [ 18.992258633238105, 54.343376738273356 ], [ 19.013542145185987, 54.343421708520921 ], [ 19.034825702102697, 54.343464204604729 ], [ 19.056109300967684, 54.34350413475844 ], [ 19.077392938565804, 54.343541404577003 ], [ 19.098676611481721, 54.343575917527339 ], [ 19.119960316095877, 54.343607575453774 ], [ 19.141244048582017, 54.343636279073827 ], [ 19.162527804906141, 54.343661928459966 ], [ 19.183811580826955, 54.343684423503802 ], [ 19.199524077354347, 54.352140317801961 ], [ 19.20515251982847, 54.355179328882386 ], [ 19.226442251797401, 54.355195174060242 ], [ 19.247731989601423, 54.355207602590383 ], [ 19.269021728237568, 54.355216515779496 ], [ 19.290311462510854, 54.3552218166489 ], [ 19.305711809826569, 54.36347912167129 ], [ 19.311688020353728, 54.366695251118358 ], [ 19.332983663258528, 54.366693142533293 ], [ 19.354279285460194, 54.366687169459944 ], [ 19.375574881087029, 54.366677242407981 ], [ 19.390764025581959, 54.374794825709365 ], [ 19.396981051976372, 54.378131514903572 ], [ 19.418282513224955, 54.378113601406412 ], [ 19.433463336778981, 54.386210128516517 ], [ 19.439706452021703, 54.389555805533398 ], [ 19.461013756988532, 54.389529645594713 ], [ 19.476196422054485, 54.397610218558668 ], [ 19.482455448266023, 54.400959399630537 ], [ 19.503768573957952, 54.400924740414361 ], [ 19.518964422671331, 54.408995061226626 ], [ 19.525228000618103, 54.412341655903042 ], [ 19.546546922994146, 54.412298252843662 ], [ 19.561768479574202, 54.420364620277383 ], [ 19.568024066223845, 54.423701933865182 ], [ 19.583372234628573, 54.431823272186087 ], [ 19.589513054812222, 54.435096422374727 ], [ 19.604998323088402, 54.443277955787003 ], [ 19.611013884020092, 54.44648146503161 ], [ 19.626647241743633, 54.454728658182788 ], [ 19.632526548372148, 54.45785679671264 ], [ 19.638308454424539, 54.454667627519363 ], [ 19.653686551892807, 54.446353994297468 ], [ 19.675022710225587, 54.446282984127684 ], [ 19.696358741528854, 54.446207056323125 ], [ 19.717694638282655, 54.446126164773347 ], [ 19.739030392936904, 54.446040267014993 ], [ 19.760365997918747, 54.445949324118388 ], [ 19.781701445639474, 54.445853300567691 ], [ 19.80303672850097, 54.445752164136444 ], [ 19.809660246217241, 54.442079876407462 ], [ 19.824142044943265, 54.434201611697048 ], [ 19.845471024440581, 54.434089978817198 ], [ 19.866799816497608, 54.433973170150907 ], [ 19.888128413586145, 54.433851166445088 ], [ 19.909456808194847, 54.433723951009185 ], [ 19.930784992833111, 54.433591509591594 ], [ 19.952112960034611, 54.433453830259083 ], [ 19.959350716966313, 54.429422692179656 ], [ 19.973169325155311, 54.421860439542016 ], [ 19.994490888364595, 54.421712197195937 ], [ 20.015812212479521, 54.421558714789789 ], [ 20.037133290211418, 54.42139998909439 ], [ 20.058454114309356, 54.421236018598748 ], [ 20.079774677562209, 54.421066803419173 ], [ 20.101094972800588, 54.420892345213765 ], [ 20.122414992898666, 54.420712647102036 ], [ 20.130146962991876, 54.416383980679718 ], [ 20.143415880529684, 54.409072316621604 ], [ 20.164729389582359, 54.408882266642941 ], [ 20.186042603317169, 54.408687017188889 ], [ 20.207355514841598, 54.408486576639923 ], [ 20.228668117313426, 54.408280954469674 ], [ 20.249980403942033, 54.408070161195454 ], [ 20.271292367989712, 54.407854208332971 ], [ 20.292604002772972, 54.407633108354958 ], [ 20.300648188008434, 54.403106366686615 ], [ 20.31354906243094, 54.395948091628263 ], [ 20.334854089006392, 54.395717024715076 ], [ 20.356158767795431, 54.395480875519041 ], [ 20.377463092374981, 54.395239659797113 ], [ 20.398767056380894, 54.394993394071292 ], [ 20.420070653509104, 54.394742095605032 ], [ 20.428283765803563, 54.390102075692511 ], [ 20.440972190471992, 54.383024210087775 ], [ 20.462269113978969, 54.382763299595567 ], [ 20.483565653373795, 54.382497432005366 ], [ 20.504861802623445, 54.38222662695398 ], [ 20.526157555758537, 54.381950904690264 ], [ 20.547452906874216, 54.381670286056632 ], [ 20.568747850130936, 54.381384792470023 ], [ 20.590042379755236, 54.381094445902335 ], [ 20.598293795523993, 54.37640869570486 ], [ 20.610887598507365, 54.369336618799053 ], [ 20.632175374328668, 54.369037157051707 ], [ 20.653462720955844, 54.368732926508478 ], [ 20.674749632886943, 54.368423950553684 ], [ 20.696036104685586, 54.368110252982021 ], [ 20.717322130980758, 54.36779185796847 ], [ 20.7386077064664, 54.367468790035112 ], [ 20.759892825900749, 54.367141074015016 ], [ 20.781177484105452, 54.36680873501286 ], [ 20.802461675964359, 54.366471798361857 ], [ 20.810551196235998, 54.361848598726041 ], [ 20.823237613128182, 54.354668635583579 ], [ 20.844514961629574, 54.354323201282305 ], [ 20.86579183003359, 54.353973254336999 ], [ 20.887068213436933, 54.353618819775861 ], [ 20.908344106986089, 54.353259922578928 ], [ 20.929619505874182, 54.352896587614275 ], [ 20.9508944053375, 54.352528839570006 ], [ 20.972168800651581, 54.352156702882816 ], [ 20.993442687126898, 54.351780201662649 ], [ 21.014716060104202, 54.351399359613772 ], [ 21.035988914949364, 54.351014199952623 ], [ 21.057261247047869, 54.350624745322577 ], [ 21.078533051798885, 54.350231017705639 ], [ 21.099804324608929, 54.349833038331838 ], [ 21.107377970589862, 54.345466299595536 ], [ 21.12048500020618, 54.337973327532836 ], [ 21.14174931515419, 54.33756754910457 ], [ 21.163013085212157, 54.337157575895013 ], [ 21.184276305719322, 54.336743424697673 ], [ 21.205538971986066, 54.336325111114526 ], [ 21.226801079285739, 54.33590264946146 ], [ 21.234199119527144, 54.331620363318777 ], [ 21.247437459634241, 54.324017396910847 ], [ 21.268692559331001, 54.323587281102668 ], [ 21.282917473931342, 54.330708071356554 ], [ 21.290583999380974, 54.334610497978574 ], [ 21.311843822504137, 54.334171558206805 ], [ 21.333103062167407, 54.333728519394931 ], [ 21.354361713236706, 54.333281386209052 ], [ 21.375619770477627, 54.332830161403052 ], [ 21.382586389648512, 54.328780276951733 ], [ 21.396210952580681, 54.320920344970382 ], [ 21.417461935434268, 54.320461515484112 ], [ 21.438712308729787, 54.319998586807522 ], [ 21.459962066747281, 54.319531553529096 ], [ 21.481211203623566, 54.319060408038311 ], [ 21.502459713343157, 54.318585140469395 ], [ 21.523707589729305, 54.31810573864977 ], [ 21.544954826435166, 54.317622188053519 ], [ 21.566201416935183, 54.317134471759687 ], [ 21.581422615035656, 54.324687876076723 ], [ 21.588166439995895, 54.328091967314052 ], [ 21.609417581479505, 54.327595299034179 ], [ 21.630668055071851, 54.327094398651617 ], [ 21.651917853390621, 54.326589238509037 ], [ 21.673166968828337, 54.326079788352175 ], [ 21.694415393544805, 54.325566015316369 ], [ 21.715663119459766, 54.325047883916767 ], [ 21.736910138245715, 54.324525356041924 ], [ 21.758156441320917, 54.323998390950237 ], [ 21.779402019842571, 54.323466945268756 ], [ 21.795657853389667, 54.33147629959339 ], [ 21.801424696795987, 54.334368957201377 ], [ 21.822674648674603, 54.333827767726611 ], [ 21.8439238459524, 54.333281939309046 ], [ 21.865172278549515, 54.332731416609498 ], [ 21.886419936085225, 54.332176141616976 ], [ 21.907666807871252, 54.331616053651388 ], [ 21.928912882904967, 54.331051089364173 ], [ 21.950158149862428, 54.330481182736683 ], [ 21.971402597091178, 54.329906265075316 ], [ 21.992646212602729, 54.329326265002862 ], [ 22.013888984064764, 54.328741108445534 ], [ 22.035130898792879, 54.328150718615007 ], [ 22.05637194374188, 54.327555015984764 ], [ 22.074216692603414, 54.336261603142553 ], [ 22.078465928066066, 54.338375842953965 ], [ 22.099711004380978, 54.337768294335326 ], [ 22.120955165303528, 54.337155141183118 ], [ 22.142198396017736, 54.336536290504775 ], [ 22.163440681285234, 54.335911646294974 ], [ 22.184682005432052, 54.33528110946488 ], [ 22.205922352334493, 54.334644577761573 ], [ 22.227161705403883, 54.334001945677457 ], [ 22.248400047570282, 54.333353104348994 ], [ 22.269637361264966, 54.33269794144428 ], [ 22.290873628401673, 54.332036341039277 ], [ 22.312108830356454, 54.331368183481814 ], [ 22.332009581558392, 54.340979168196824 ], [ 22.334266244905486, 54.342093601425312 ], [ 22.355504997320569, 54.341410331225291 ], [ 22.376742617338135, 54.340720052376994 ], [ 22.397979083576747, 54.34002262559207 ], [ 22.41921437397782, 54.339317906870328 ], [ 22.440448465774811, 54.338605747274407 ], [ 22.461866431910842, 54.348887584538289 ], [ 22.46263895098928, 54.349267596282985 ], [ 22.483876252887903, 54.348537922109422 ], [ 22.505112272524372, 54.347800235943708 ], [ 22.526346983446661, 54.347054362510988 ], [ 22.532179803793777, 54.346847841632105 ], [ 22.547023097918647, 54.339836122341524 ], [ 22.55799852218075, 54.334520353679068 ], [ 22.567448018834344, 54.329800886003731 ], [ 22.582241324946551, 54.322233947708447 ], [ 22.587821460492354, 54.319286251468938 ], [ 22.605031189904402, 54.309985916095101 ], [ 22.60813897422765, 54.308248899605246 ], [ 22.626479338654576, 54.297773754416092 ], [ 22.628395563258728, 54.296640120502801 ], [ 22.646686227436849, 54.285595155735827 ], [ 22.648585632388187, 54.284405363879181 ], [ 22.665742466675788, 54.273448003214142 ], [ 22.668702937081918, 54.271483790574734 ], [ 22.683729672360222, 54.261330361539997 ], [ 22.688740533537931, 54.257807841854223 ], [ 22.700721252950739, 54.249240467585054 ], [ 22.70869073197915, 54.243302849318233 ], [ 22.716783135869903, 54.237176720581999 ], [ 22.728545056179801, 54.227886715745278 ], [ 22.731974437840666, 54.225137672058864 ], [ 22.746331687024348, 54.213122526167233 ], [ 22.748288842624554, 54.211410471999635 ], [ 22.759888381298623, 54.201130545876346 ], [ 22.767903601827829, 54.193685673950284 ], [ 22.77271878179819, 54.189159683692161 ], [ 22.784843041929424, 54.17720954764242 ], [ 22.787376408380418, 54.174587794957873 ], [ 22.796280230510867, 54.16527975887707 ], [ 22.80667969726834, 54.153834790020973 ], [ 22.807099769283706, 54.153368324763761 ], [ 22.817275310477825, 54.141476256949488 ], [ 22.825771294770671, 54.130990598250122 ], [ 22.826889063034777, 54.129601110578172 ], [ 22.835914501338415, 54.117743874612863 ], [ 22.844421986383139, 54.10590243872015 ], [ 22.844609047652231, 54.105625781121923 ], [ 22.85238005465818, 54.094077928679887 ], [ 22.859851410811778, 54.082268446556327 ], [ 22.863101324133513, 54.076784413830261 ], [ 22.8668297423004, 54.070474292948923 ], [ 22.873332804692989, 54.058694987854459 ], [ 22.879390924415663, 54.046929635232516 ], [ 22.881133519756549, 54.043276516020484 ], [ 22.884994615478224, 54.035178615353495 ], [ 22.890167823801907, 54.02344122205357 ], [ 22.894930075140557, 54.011716883224281 ], [ 22.898437469465499, 54.002283827136573 ], [ 22.899286451305983, 54.000005488202099 ], [ 22.903233296588446, 53.988307205528038 ], [ 22.906797619086827, 53.976621201722715 ], [ 22.909987507036089, 53.964947252380064 ], [ 22.912810610671183, 53.953285142810586 ], [ 22.914295935319394, 53.946224207578979 ], [ 22.915268246665455, 53.941634860794402 ], [ 22.917365312766407, 53.929996273642388 ], [ 22.919117227801255, 53.918368901069272 ], [ 22.920530225282171, 53.906752558894681 ], [ 22.921610268751174, 53.895147068441503 ], [ 22.922363088768343, 53.883552255513237 ], [ 22.922794222085098, 53.871967949284404 ], [ 22.922909053410368, 53.860393981092315 ], [ 22.922712860216457, 53.848830183118864 ], [ 22.922210861074909, 53.83727638694819 ], [ 22.921408268061825, 53.825732421985627 ], [ 22.92031034382666, 53.814198113720991 ], [ 22.918922463979914, 53.802673281818166 ], [ 22.917250185523081, 53.791157738010035 ], [ 22.915299322119985, 53.779651283776751 ], [ 22.913076027092416, 53.768153707781757 ], [ 22.910586885115858, 53.756664783038154 ], [ 22.907839013692929, 53.745184263774568 ], [ 22.904840175594749, 53.733711881966634 ], [ 22.901598903582929, 53.722247343496534 ], [ 22.898124638858651, 53.710790323899097 ], [ 22.894427884830513, 53.69934046364839 ], [ 22.890520377948679, 53.687897362934585 ], [ 22.890168902745842, 53.686901991426836 ], [ 22.886393822616633, 53.676461273119834 ], [ 22.882079343043898, 53.665031163561444 ], [ 22.877595327469137, 53.653606419660314 ], [ 22.872960365403848, 53.642186421969477 ], [ 22.86819546817393, 53.630770474619645 ], [ 22.863324395574942, 53.619357795430602 ], [ 22.862929968911118, 53.61842957132194 ], [ 22.858340262726678, 53.607948594811916 ], [ 22.853300915056973, 53.596540994357433 ], [ 22.848243448309578, 53.585133792709009 ], [ 22.843206686216845, 53.57372573858693 ], [ 22.838234544641043, 53.562315423016578 ], [ 22.836537270649764, 53.558260520102749 ], [ 22.833349005533517, 53.550902147607211 ], [ 22.828617768538962, 53.539483751303891 ], [ 22.824118812618604, 53.528057753062903 ], [ 22.81992432243965, 53.516621866697271 ], [ 22.816115825083727, 53.505173514399893 ], [ 22.812785325219394, 53.493709789551822 ], [ 22.810036562931892, 53.482227414659683 ], [ 22.807986403973, 53.470722693732363 ], [ 22.806766371752147, 53.459191458305256 ], [ 22.80652432941892, 53.447629006204501 ], [ 22.807426318696077, 53.436030032014223 ], [ 22.809658559466925, 53.424388548066624 ], [ 22.813429610194959, 53.41269779462052 ], [ 22.818972683675572, 53.40095013773162 ], [ 22.82192603728674, 53.396208730135278 ], [ 22.826424964610737, 53.389140905386611 ], [ 22.836040774099427, 53.377261531641267 ], [ 22.840621499057622, 53.372625825316867 ], [ 22.847964824386555, 53.365306793061137 ], [ 22.859868969190444, 53.355365107708138 ], [ 22.862405034163331, 53.353269227782903 ], [ 22.879376800306609, 53.341147385520429 ], [ 22.879377828753622, 53.341146737348687 ], [ 22.898809942381405, 53.328942445563527 ], [ 22.899045855246552, 53.328810006324062 ], [ 22.918812075654493, 53.317664275570685 ], [ 22.920590774856336, 53.316656909405282 ], [ 22.938643634140274, 53.307336430082181 ], [ 22.944478438509972, 53.30429743095106 ], [ 22.958516741543523, 53.297558075510231 ], [ 22.970203951608386, 53.291871677581753 ], [ 22.978415917516568, 53.288155066971534 ], [ 22.997441650093165, 53.279389362363858 ], [ 22.998330270904624, 53.279005574633999 ], [ 23.018264542662244, 53.27015647377835 ], [ 23.025486448272428, 53.266873265448069 ], [ 23.03820018934687, 53.261406986358843 ], [ 23.054233323974586, 53.25432637846383 ], [ 23.058130943830193, 53.252689549399243 ], [ 23.078060604822426, 53.244043545357286 ], [ 23.083142167690898, 53.241766710507271 ], [ 23.097982865749746, 53.235402004740678 ], [ 23.111965811829176, 53.229202679592454 ], [ 23.11788942623981, 53.226678428337515 ], [ 23.137781711654078, 53.217888625967525 ], [ 23.140501978435626, 53.216641385936633 ], [ 23.157660422661131, 53.209040647529307 ], [ 23.168417009195249, 53.204094730596758 ], [ 23.17751618628817, 53.200038972878659 ], [ 23.195816314674826, 53.191559439799619 ], [ 23.197347435676694, 53.190869556684163 ], [ 23.217158429524069, 53.181577876889854 ], [ 23.222342601900547, 53.179048562234925 ], [ 23.236942133185892, 53.172094180132923 ], [ 23.248104044629208, 53.166558829245979 ], [ 23.256695288244835, 53.162388007801979 ], [ 23.273101972930633, 53.154090700436058 ], [ 23.276416256710441, 53.152445688171554 ], [ 23.296104436376837, 53.142264127041415 ], [ 23.297249721712131, 53.141647800956804 ], [ 23.315759050434824, 53.131838525833849 ], [ 23.320479997359111, 53.129233107201074 ], [ 23.335374782486781, 53.121119114805403 ], [ 23.342913123239843, 53.116842772978323 ], [ 23.354949456196639, 53.110087947086434 ], [ 23.364551750297775, 53.10447716371408 ], [ 23.374480672260162, 53.09872514961129 ], [ 23.385407291129319, 53.092136303608122 ], [ 23.3939657804037, 53.087008682790376 ], [ 23.405497635721392, 53.079819952879689 ], [ 23.413401847822048, 53.074914070098828 ], [ 23.424845225001174, 53.067527674827517 ], [ 23.432785623438502, 53.06241409215469 ], [ 23.443475460747834, 53.055258892764321 ], [ 23.452113497283612, 53.049478439125835 ], [ 23.461415419230136, 53.043012937405685 ], [ 23.471381454179252, 53.036073314355633 ], [ 23.478692830767905, 53.030789085598855 ], [ 23.490585020778362, 53.022160980903493 ], [ 23.495335286399644, 53.018586591422697 ], [ 23.509719204843041, 53.007699241214098 ], [ 23.511369634484947, 53.006404710725761 ], [ 23.526775291914195, 52.994244484146044 ], [ 23.528779408583585, 52.992650216955354 ], [ 23.541580136259885, 52.982105098772173 ], [ 23.547759051041307, 52.97695765384163 ], [ 23.555849976286545, 52.969984261167006 ], [ 23.5666499795867, 52.960551128943386 ], [ 23.569607371772179, 52.95788130319788 ], [ 23.582822296630461, 52.94579757098694 ], [ 23.585444623372627, 52.94336659487562 ], [ 23.595508655701007, 52.9337327150715 ], [ 23.604133114486384, 52.925319155336197 ], [ 23.607745679754494, 52.921683833953523 ], [ 23.619495226986096, 52.90965255963134 ], [ 23.622703630140435, 52.906306584614491 ], [ 23.630769940387541, 52.897638550378403 ], [ 23.641142568886423, 52.886211202693993 ], [ 23.641647256273483, 52.885638916150072 ], [ 23.652032701860971, 52.873657480847214 ], [ 23.659432169839235, 52.864877873528314 ], [ 23.66204582142689, 52.861689677698003 ], [ 23.671625572379348, 52.84973801357895 ], [ 23.677551842194809, 52.842126832747965 ], [ 23.680832743024929, 52.837800198094243 ], [ 23.689641106277186, 52.825877362042426 ], [ 23.695474990400328, 52.817724520458171 ], [ 23.698096363628309, 52.813967787360674 ], [ 23.706170275712299, 52.8020726772004 ], [ 23.713167725501286, 52.791372262087613 ], [ 23.71392280929102, 52.790189727759959 ], [ 23.721300690219579, 52.778321131497911 ], [ 23.728376123402654, 52.766464079784043 ], [ 23.730582149412726, 52.762645029477007 ], [ 23.735115404361395, 52.754619979707783 ], [ 23.741546677881193, 52.742787765980232 ], [ 23.747660333914826, 52.73102914542909 ], [ 23.747692178932009, 52.730966601203001 ], [ 23.753519229059766, 52.719157847002805 ], [ 23.759075219818502, 52.707359648588806 ], [ 23.764309759246725, 52.695697490942081 ], [ 23.764365074371614, 52.695571849804651 ], [ 23.769370997698047, 52.683795207816033 ], [ 23.7741265685031, 52.672028407212821 ], [ 23.77863781733603, 52.660271238106859 ], [ 23.780398862609598, 52.65547083959602 ], [ 23.782903375488853, 52.648523787359736 ], [ 23.778552670040181, 52.63712473505241 ], [ 23.777389692458133, 52.625596761341349 ], [ 23.777121116926033, 52.625463873496628 ], [ 23.756226871714208, 52.614875285553296 ], [ 23.755470918021707, 52.614500921070515 ], [ 23.735083755502462, 52.61511883413332 ], [ 23.714696620268359, 52.615740875266169 ], [ 23.694309474502919, 52.616366751872157 ], [ 23.673922282455116, 52.616996185602289 ], [ 23.65353501032639, 52.617628911605401 ], [ 23.634817237983142, 52.608123756914608 ], [ 23.631922883320303, 52.606685159223076 ], [ 23.611540676952405, 52.607323113074209 ], [ 23.593516418091699, 52.598161765485564 ], [ 23.589945165022499, 52.596384182683629 ], [ 23.569567909917147, 52.597026471286874 ], [ 23.552191941336943, 52.588186514848111 ], [ 23.54798888302437, 52.58609145732764 ], [ 23.530970565676096, 52.57742803628669 ], [ 23.526421179962455, 52.575158366253454 ], [ 23.509749140564303, 52.566665898148251 ], [ 23.504864762233833, 52.564226972983427 ], [ 23.484502421816288, 52.564874983388577 ], [ 23.468396138641147, 52.556663119184336 ], [ 23.4673076566222, 52.545130580452593 ], [ 23.461785638078879, 52.542368445933207 ], [ 23.446088302228183, 52.534357372214544 ], [ 23.440262863458361, 52.531440924624988 ], [ 23.424870311339163, 52.523580446847689 ], [ 23.418751237487356, 52.520514323778784 ], [ 23.403653992186463, 52.512799792261518 ], [ 23.397250729581611, 52.509588474083635 ], [ 23.382439638503588, 52.502015397123159 ], [ 23.381369305218485, 52.49048171864434 ], [ 23.374610310115592, 52.487087977654454 ], [ 23.360162137966746, 52.47969327726797 ], [ 23.359096052108523, 52.468159318595262 ], [ 23.351994105611887, 52.464589156687332 ], [ 23.337896498333347, 52.457366817024237 ], [ 23.336834897485904, 52.445832569945722 ], [ 23.329402026094357, 52.442091632010118 ], [ 23.315643364509775, 52.435035995305412 ], [ 23.314586479603591, 52.423501451990177 ], [ 23.313529222632422, 52.411966911199137 ], [ 23.305704734821155, 52.408022987389572 ], [ 23.292351410191745, 52.401165945467383 ], [ 23.28428989425521, 52.397099025915651 ], [ 23.271177067700105, 52.390361190086978 ], [ 23.270130273470912, 52.378826032571858 ], [ 23.261769674060044, 52.374603258076796 ], [ 23.248965065218435, 52.36801717144715 ], [ 23.247923624442617, 52.356481696990322 ], [ 23.239273243161048, 52.352107415298029 ], [ 23.226767885826835, 52.345668721136938 ], [ 23.225731986590148, 52.334132923957299 ], [ 23.216800523815131, 52.329611195030616 ], [ 23.204586034204457, 52.323315825346874 ], [ 23.203555849136823, 52.311779700324095 ], [ 23.194351440908498, 52.3071143136128 ], [ 23.182419979716467, 52.300958471901772 ], [ 23.181395664022517, 52.289422014634681 ], [ 23.192029824151508, 52.282573966726837 ], [ 23.200466578413828, 52.277171208557135 ], [ 23.199437422300047, 52.265634999522689 ], [ 23.198408648166037, 52.254098764997153 ], [ 23.197380301833785, 52.242562503332408 ], [ 23.196352426858144, 52.23102621296205 ], [ 23.20679811591107, 52.224282712373657 ], [ 23.226991147247379, 52.223477751824056 ], [ 23.247182909515939, 52.222665794305961 ], [ 23.255488575512064, 52.217332137752884 ], [ 23.266269583810832, 52.210348529973523 ], [ 23.278630708759586, 52.216493925448759 ], [ 23.287562543267072, 52.221020389855873 ], [ 23.295561514847179, 52.215877794173949 ], [ 23.306636202950543, 52.208688973280388 ], [ 23.326817490759709, 52.207847981124523 ], [ 23.346997398852498, 52.206999316795354 ], [ 23.367175902115569, 52.206142824157638 ], [ 23.374537975788819, 52.201397833276445 ], [ 23.386218851661891, 52.193781674622755 ], [ 23.393445404993919, 52.189120378176838 ], [ 23.405250774782303, 52.181412997618771 ], [ 23.412334252030377, 52.176840409855338 ], [ 23.424271665085524, 52.169036704427761 ], [ 23.438108180853739, 52.175871779002399 ], [ 23.445576837750799, 52.179643601821681 ], [ 23.45223859190089, 52.175338324994442 ], [ 23.464584350955267, 52.167250676229585 ], [ 23.478932219382642, 52.174325928611395 ], [ 23.485896719285208, 52.177839266546982 ], [ 23.506054260225341, 52.176923465244052 ], [ 23.512018031232021, 52.173062652346992 ], [ 23.505321631171888, 52.169686673316527 ], [ 23.491000022601281, 52.162292153596347 ], [ 23.489898967384892, 52.150760058840433 ], [ 23.502566110245276, 52.142440525511468 ], [ 23.50869971706781, 52.138467271919083 ], [ 23.521540336817363, 52.130023072112905 ], [ 23.54167397278303, 52.129089688386451 ], [ 23.547353105215848, 52.125405862547417 ], [ 23.560630241537989, 52.116654378554074 ], [ 23.580755279669276, 52.115701387494013 ], [ 23.600878519070537, 52.11473794744176 ], [ 23.605769244723643, 52.111559431404828 ], [ 23.60464470359085, 52.100028858078232 ], [ 23.618620475796835, 52.090784183454971 ], [ 23.623328433660564, 52.087721433054703 ], [ 23.637536254304088, 52.078311702163937 ], [ 23.641990554325083, 52.075411715695594 ], [ 23.640862474084301, 52.063881472734735 ], [ 23.655243957144211, 52.05434354908185 ], [ 23.659500361434475, 52.051569677525343 ], [ 23.658372060472146, 52.040039534434186 ], [ 23.657245903147828, 52.028509296876841 ], [ 23.656121887729721, 52.016978964932001 ], [ 23.670535358398649, 52.007404206085191 ], [ 23.674732034341499, 52.004665443079865 ], [ 23.673608389655463, 51.993135187206633 ], [ 23.672486943045332, 51.981604834501972 ], [ 23.671367668245949, 51.970074386020904 ], [ 23.666383315451284, 51.967560520125559 ], [ 23.650533456433383, 51.959325908857288 ], [ 23.645089470875217, 51.956577876525259 ], [ 23.629693398020009, 51.948574104974661 ], [ 23.643323867036379, 51.939521731971524 ], [ 23.648312349708707, 51.936264054848472 ], [ 23.642693267166869, 51.933425866553947 ], [ 23.627483041959653, 51.925511590584385 ], [ 23.621422656322146, 51.922447884544148 ], [ 23.606648100771345, 51.914755789333384 ], [ 23.619737785660945, 51.906068098984115 ], [ 23.625279800323639, 51.90244875715694 ], [ 23.624180708141559, 51.890917226299131 ], [ 23.623083219454497, 51.879385622587769 ], [ 23.616663046161474, 51.876135991330287 ], [ 23.602267576272251, 51.868628593766438 ], [ 23.615023940143157, 51.860158150407315 ], [ 23.62089278468596, 51.856322207154214 ], [ 23.61428774321562, 51.852976924851113 ], [ 23.600085956101019, 51.845564598096182 ], [ 23.598997065736178, 51.83403251022041 ], [ 23.611497206049847, 51.825729307632486 ], [ 23.617617407192714, 51.821726606542676 ], [ 23.630310844190589, 51.813286008075615 ], [ 23.636220127851448, 51.809418273523548 ], [ 23.635129271540674, 51.797886447678565 ], [ 23.634039473905062, 51.786354570351669 ], [ 23.62719087276361, 51.782881346435055 ], [ 23.613266154082442, 51.775598375996324 ], [ 23.605998305557048, 51.771909399746733 ], [ 23.592485832767309, 51.764838908787958 ], [ 23.584816953364719, 51.760943071651255 ], [ 23.564816594659359, 51.761561734267978 ], [ 23.551983118563449, 51.754842907433925 ], [ 23.543651491408202, 51.750604508239562 ], [ 23.531182366821842, 51.74407368830623 ], [ 23.530109288545141, 51.732540573378778 ], [ 23.541103942944801, 51.725249211410983 ], [ 23.548755471301149, 51.720244208646477 ], [ 23.547680354416769, 51.708711258765192 ], [ 23.54660550007986, 51.697178288373664 ], [ 23.545530837803515, 51.685645300185321 ], [ 23.544456298456211, 51.674112296859448 ], [ 23.543381814425778, 51.662579280995033 ], [ 23.54230731976773, 51.651046255124882 ], [ 23.541232750337784, 51.639513221710679 ], [ 23.540158043908857, 51.627980183138355 ], [ 23.539083140272556, 51.616447141714346 ], [ 23.538007981325649, 51.604914099662167 ], [ 23.548368243755135, 51.598025299911342 ], [ 23.556612797013319, 51.592617184732617 ], [ 23.555534485611322, 51.581084352587503 ], [ 23.554455755614118, 51.569551526251267 ], [ 23.564806638964672, 51.562659508072194 ], [ 23.573039850143925, 51.557252498187118 ], [ 23.571957765494037, 51.545719890910696 ], [ 23.570875107408973, 51.534187295595615 ], [ 23.581220809345716, 51.527289272086179 ], [ 23.601087522484686, 51.526369508712634 ], [ 23.609075165197698, 51.521114692578635 ], [ 23.607986813815508, 51.509582519797135 ], [ 23.618624586168174, 51.502475597336598 ], [ 23.626520116712292, 51.497276365715649 ], [ 23.637310786120651, 51.490060173715989 ], [ 23.657158394768647, 51.489119756692403 ], [ 23.664637675073617, 51.48418812466123 ], [ 23.675827743502445, 51.476691496779011 ], [ 23.68312791623174, 51.471874302399563 ], [ 23.674904348450408, 51.467677897457179 ], [ 23.662443920314931, 51.461125048319595 ], [ 23.653855184391944, 51.456738612719754 ], [ 23.641751614496755, 51.450372592778962 ], [ 23.652474969247834, 51.443190445683108 ], [ 23.672301951306931, 51.442249587601431 ], [ 23.679827980909817, 51.437280348999572 ], [ 23.678725925708232, 51.425749094519013 ], [ 23.689770658666369, 51.418337352158538 ], [ 23.697190333266803, 51.413433631089347 ], [ 23.696084417580138, 51.401902624093765 ], [ 23.687644015388447, 51.397589928473288 ], [ 23.675413086907426, 51.391155538144631 ], [ 23.674306494837925, 51.379624425082163 ], [ 23.673198708560157, 51.368093349660072 ], [ 23.664269235988659, 51.363524127970202 ], [ 23.652520897981859, 51.357342743196838 ], [ 23.65141265298352, 51.345811551300947 ], [ 23.6503032018874, 51.334280397042122 ], [ 23.640933189872491, 51.329478792597854 ], [ 23.629620690714127, 51.32352619111051 ], [ 23.63965034926035, 51.316793728201986 ], [ 23.648080632101948, 51.31121820321124 ], [ 23.646967492978604, 51.299687164358339 ], [ 23.645853106688328, 51.288156164588976 ], [ 23.655927051912133, 51.281384571825726 ], [ 23.66773359592348, 51.287284097736809 ], [ 23.676856276807428, 51.291960167963829 ], [ 23.684956611871286, 51.286594759584617 ], [ 23.695443750049172, 51.279535014372811 ], [ 23.703372453376122, 51.274279324787457 ], [ 23.714020892860823, 51.267104189528226 ], [ 23.721773383134021, 51.261961429329865 ], [ 23.720646690482774, 51.250431360089124 ], [ 23.731405380793284, 51.243173531323038 ], [ 23.739029273812747, 51.238111257461114 ], [ 23.737897759334658, 51.226581481319556 ], [ 23.73676473461579, 51.215051756365611 ], [ 23.747586983801344, 51.207741005592922 ], [ 23.755125428099646, 51.202729708596827 ], [ 23.766120979150841, 51.195294865106476 ], [ 23.773470871987971, 51.190405237062073 ], [ 23.784644648495572, 51.182842736651466 ], [ 23.80435518805184, 51.181878579094146 ], [ 23.811261866988293, 51.177277811767205 ], [ 23.810115325667919, 51.165749078141182 ], [ 23.821660977611742, 51.157920066742534 ], [ 23.835286755144597, 51.164708942449941 ], [ 23.84256473918418, 51.168433029541546 ], [ 23.849001147911348, 51.164139936117792 ], [ 23.861055035123361, 51.155954324346446 ], [ 23.867274132821365, 51.151803067681804 ], [ 23.866119518154225, 51.140275011647716 ], [ 23.859022126092224, 51.136643306120021 ], [ 23.845541435802467, 51.129555232858344 ], [ 23.844384418629843, 51.118027136266122 ], [ 23.856219264810793, 51.109983086189253 ], [ 23.862643862931805, 51.105691279352449 ], [ 23.861481397708385, 51.094163512659293 ], [ 23.873471758181367, 51.086004018017086 ], [ 23.879720728772096, 51.081825592596672 ], [ 23.891921251699216, 51.073515015956318 ], [ 23.911579754899233, 51.07251431684066 ], [ 23.917321856513936, 51.068669828954249 ], [ 23.916148561302915, 51.057142858557377 ], [ 23.914973083204632, 51.045615970841972 ], [ 23.913795431347175, 51.034089165353478 ], [ 23.912615614624599, 51.022562441647217 ], [ 23.911433641615393, 51.011035799291761 ], [ 23.923901573337417, 51.002517946117138 ], [ 23.943528765642714, 51.001510390427093 ], [ 23.948950202408053, 50.997872342647426 ], [ 23.947760129837476, 50.986346277465486 ], [ 23.960695593776808, 50.977491090772247 ], [ 23.965895827347008, 50.97399820620091 ], [ 23.964699185474664, 50.962472529495855 ], [ 23.963500128784343, 50.950946946302096 ], [ 23.97661275222432, 50.941956385455349 ], [ 23.981608107509945, 50.938597317605804 ], [ 23.994975531529057, 50.929422430848987 ], [ 23.999696435697707, 50.926245559410511 ], [ 24.013327773840643, 50.916879596805849 ], [ 24.01776456202262, 50.913891704370329 ], [ 24.031669441882158, 50.904327530645737 ], [ 24.035811895858917, 50.901535787187079 ], [ 24.050000495201232, 50.891765854795395 ], [ 24.069572774903154, 50.890700725292142 ], [ 24.073068864044163, 50.888341555891174 ], [ 24.087886493295855, 50.878119035198601 ], [ 24.10744996364156, 50.877031573243841 ], [ 24.110252065407398, 50.87513827604095 ], [ 24.125746154380813, 50.864428351826604 ], [ 24.128195879498488, 50.86277192310731 ], [ 24.126956178033875, 50.851249210393618 ], [ 24.124139504725676, 50.849808670122023 ], [ 24.106538856204342, 50.840569477443644 ], [ 24.103275303252431, 50.838899006246251 ], [ 24.083678059658158, 50.83953037347964 ], [ 24.064081013587693, 50.840167332288061 ], [ 24.04448411373064, 50.840809477515002 ], [ 24.024887311721219, 50.841456425030309 ], [ 24.005290561964475, 50.842107810522243 ], [ 23.989938429574824, 50.834049568774432 ], [ 23.984462777033087, 50.831237178914328 ], [ 23.969435708068101, 50.823349927382687 ], [ 23.968204703970436, 50.811825722360354 ], [ 23.966971178518996, 50.800301614904754 ], [ 23.965735122196289, 50.788777605339277 ], [ 23.964496523880282, 50.777253694055219 ], [ 23.977736753522922, 50.768127597164479 ], [ 23.997263715399875, 50.767111354204083 ], [ 24.01678883252259, 50.766084730355196 ], [ 24.020981092638543, 50.763252895919159 ], [ 24.019726493245411, 50.751730065988681 ], [ 24.018468959515708, 50.740207352627614 ], [ 24.017208471861778, 50.728684756586738 ], [ 24.031351585299483, 50.718898769363221 ], [ 24.050854125260997, 50.717854085588655 ], [ 24.070354686815104, 50.716798073326615 ], [ 24.073504353158746, 50.714665396793947 ], [ 24.072225842374856, 50.703143987503957 ], [ 24.070943902945878, 50.691622717748594 ], [ 24.067438612390898, 50.689820436229496 ], [ 24.050498832366166, 50.680935475028214 ], [ 24.065365525990739, 50.670616253034687 ], [ 24.084845229908758, 50.669551046461009 ], [ 24.087509715705931, 50.66774453782493 ], [ 24.086212750281124, 50.656224038876829 ], [ 24.083236766699915, 50.654693300626512 ], [ 24.06578120163223, 50.64553906054617 ], [ 24.081094828661595, 50.634888131408047 ], [ 24.083607621857421, 50.633183500039898 ], [ 24.082299369596189, 50.621663463819331 ], [ 24.080987260689529, 50.610143585729453 ], [ 24.096798285433678, 50.599123803554605 ], [ 24.098765926448642, 50.597787511904109 ], [ 24.09652887551762, 50.596635697177689 ], [ 24.0783512600987, 50.587104312756225 ], [ 24.077027253798725, 50.575584922632572 ], [ 24.075699161453873, 50.56406570016604 ], [ 24.074366917176466, 50.552546648105036 ], [ 24.0730304514816, 50.541027769352375 ], [ 24.071689691188244, 50.529509066969325 ], [ 24.070344559315412, 50.517990544180037 ], [ 24.068994974973098, 50.506472204376024 ], [ 24.067163690254755, 50.5055265291818 ], [ 24.048585483830745, 50.495784151040432 ], [ 24.047233740239015, 50.484265725262539 ], [ 24.045877463204008, 50.472747484768469 ], [ 24.044516558759852, 50.461229433495888 ], [ 24.042815261108501, 50.460349365536935 ], [ 24.024108663659462, 50.450537325003474 ], [ 24.022159231479844, 50.449528075050473 ], [ 24.003695781374859, 50.439841954173488 ], [ 24.002335983188871, 50.428323499617619 ], [ 24.000971528502721, 50.41680523332839 ], [ 23.99909814840445, 50.41583397838361 ], [ 23.979675222788646, 50.416459050471175 ], [ 23.960252396953539, 50.417088938922696 ], [ 23.940829628046881, 50.417723293665226 ], [ 23.921406875600471, 50.418361782053481 ], [ 23.90198410139384, 50.419004087897967 ], [ 23.885146628398651, 50.410161395829583 ], [ 23.881382046684624, 50.408203030014484 ], [ 23.861963607175674, 50.408850114283702 ], [ 23.84254505092785, 50.409500215777939 ], [ 23.82312634723171, 50.410153073306631 ], [ 23.8037074670743, 50.410808438199126 ], [ 23.788144795324545, 50.402627045731869 ], [ 23.783132637263623, 50.400012185013473 ], [ 23.763717830646865, 50.400670086536394 ], [ 23.74852420418129, 50.392678435246644 ], [ 23.743157013846464, 50.389874633584625 ], [ 23.723746196942368, 50.39053433410681 ], [ 23.708892402249855, 50.382716921094605 ], [ 23.703199297346444, 50.379738914291707 ], [ 23.688441052567004, 50.371968783863657 ], [ 23.687175017019076, 50.360443842666058 ], [ 23.685906166750179, 50.348919001463628 ], [ 23.684634421169694, 50.337394263415128 ], [ 23.679276640881941, 50.33458688002127 ], [ 23.664199766777333, 50.32664145732371 ], [ 23.658765260475768, 50.323791561773604 ], [ 23.639380146991037, 50.324445359676133 ], [ 23.624599804832975, 50.31665067432715 ], [ 23.623341954719713, 50.3051248849603 ], [ 23.617771135227631, 50.302198770159777 ], [ 23.602919383131223, 50.294361097551523 ], [ 23.601663471658881, 50.282835052490164 ], [ 23.596183315908046, 50.279953376489345 ], [ 23.581250330746286, 50.272067228771945 ], [ 23.575715362331731, 50.269154376538069 ], [ 23.560842057377076, 50.261295716465753 ], [ 23.555256857726977, 50.258354053843405 ], [ 23.540438866871245, 50.250520508749517 ], [ 23.534807782184664, 50.247552283426522 ], [ 23.520040954481544, 50.239741599734963 ], [ 23.514368117161144, 50.236748952151089 ], [ 23.49964849549789, 50.228958984445995 ], [ 23.493937845445327, 50.225943958674314 ], [ 23.474589928871065, 50.226585305724271 ], [ 23.460101831663327, 50.218911160381907 ], [ 23.458880539823696, 50.207382619568804 ], [ 23.453105419553626, 50.204328638359954 ], [ 23.438505295085612, 50.196588864387536 ], [ 23.432703237311657, 50.193518167218286 ], [ 23.418136008048439, 50.185791391696682 ], [ 23.412310392171229, 50.182705745060922 ], [ 23.397772756558513, 50.174990200731727 ], [ 23.391926873054693, 50.171891328299559 ], [ 23.377415599724959, 50.164185291491407 ], [ 23.371552669992393, 50.161074884487377 ], [ 23.357064578288156, 50.153376664707558 ], [ 23.3558650855128, 50.141846472289195 ], [ 23.350147473725773, 50.138809835865231 ], [ 23.335525016569392, 50.131033788904297 ], [ 23.32979715978075, 50.12798926969905 ], [ 23.315191045037402, 50.120217395150824 ], [ 23.309456135257637, 50.117166681926008 ], [ 23.294863150177719, 50.109397294068408 ], [ 23.289124394592495, 50.106342087746171 ], [ 23.274541295034844, 50.098573489282039 ], [ 23.273357239334853, 50.08704206391657 ], [ 23.267783618853734, 50.084071531909146 ], [ 23.253045776003034, 50.076214237390651 ], [ 23.251862579192132, 50.064682603762897 ], [ 23.24646354170595, 50.061801979027862 ], [ 23.231561141804235, 50.053850772464088 ], [ 23.226170170404501, 50.050972151426784 ], [ 23.211265303139836, 50.043015262170321 ], [ 23.210086511306937, 50.031483129456092 ], [ 23.204885332647304, 50.028702828101117 ], [ 23.189800020435889, 50.020643645264876 ], [ 23.188620891805893, 50.009111346731785 ], [ 23.183621200874764, 50.006435844178853 ], [ 23.168343223143726, 49.998267910420587 ], [ 23.163366177189122, 49.995602401748698 ], [ 23.148070471546788, 49.987420827077131 ], [ 23.146893748905907, 49.975888100925921 ], [ 23.142137309037793, 49.973337974469487 ], [ 23.126628901651149, 49.965037103117396 ], [ 23.121906100364182, 49.962502995368048 ], [ 23.106368461176253, 49.954182480292822 ], [ 23.105192710507445, 49.94264937656439 ], [ 23.100712529555654, 49.940242846063434 ], [ 23.084939121899385, 49.931790880300611 ], [ 23.083760460253341, 49.920257698155822 ], [ 23.079539736430352, 49.917988080728982 ], [ 23.063512965461491, 49.909395356183765 ], [ 23.059346924932903, 49.907153364259187 ], [ 23.043268873138008, 49.898529429027306 ], [ 23.042088385207133, 49.886995962897771 ], [ 23.038209519682212, 49.884906260916729 ], [ 23.021849119810117, 49.87612623586697 ], [ 23.018040577071378, 49.874072792305085 ], [ 23.001612566994108, 49.865252949339052 ], [ 23.000428315689216, 49.853719262341315 ], [ 22.996938629156904, 49.851835706001978 ], [ 22.980195191040025, 49.842842224409786 ], [ 22.976793586045765, 49.841004756065786 ], [ 22.959964022918264, 49.831961653736997 ], [ 22.958773856651398, 49.820427814242493 ], [ 22.957575770360414, 49.808894226831534 ], [ 22.954797527376286, 49.807391439594845 ], [ 22.937346445394116, 49.79800978596051 ], [ 22.934681752190286, 49.796567279936212 ], [ 22.917117954574817, 49.787121849697499 ], [ 22.91457529738765, 49.785744319296853 ], [ 22.896889997196997, 49.776230427762648 ], [ 22.895681802415545, 49.764696645376006 ], [ 22.894464122714218, 49.753163162711644 ], [ 22.892654077576513, 49.752181205896477 ], [ 22.874233587778829, 49.742268007232319 ], [ 22.872576998864666, 49.741368592341139 ], [ 22.854002268463823, 49.731369406832307 ], [ 22.852770578318975, 49.719836016945045 ], [ 22.851609608249593, 49.719205013634301 ], [ 22.832535511791281, 49.708933888331124 ], [ 22.831556618307491, 49.708401427207356 ], [ 22.81229855081558, 49.698028347397454 ], [ 22.811512993880296, 49.697600713813259 ], [ 22.792059303200475, 49.687119405191723 ], [ 22.791478740839128, 49.686803115887628 ], [ 22.771817362543182, 49.676207072954682 ], [ 22.770614906926035, 49.6651727074183 ], [ 22.768464153843613, 49.664742097626316 ], [ 22.751135487865291, 49.661284458713446 ], [ 22.731672502299734, 49.657568979325461 ], [ 22.716733704700289, 49.654842175398933 ], [ 22.712225372256803, 49.654021495446926 ], [ 22.692793420141584, 49.650635807573984 ], [ 22.673376470735725, 49.647412242027961 ], [ 22.658845278900042, 49.645114260522568 ], [ 22.653973913332244, 49.644345314570465 ], [ 22.634585093990005, 49.641428834714326 ], [ 22.615209847079683, 49.638663057562638 ], [ 22.59584768356001, 49.636043851433513 ], [ 22.592538936769625, 49.635619347784782 ], [ 22.576497808341376, 49.633562813848528 ], [ 22.557160049044185, 49.631219891011114 ], [ 22.537834001572207, 49.629011827770256 ], [ 22.518519200399044, 49.626934439850118 ], [ 22.513862513592823, 49.626463129458891 ], [ 22.499214922725585, 49.624979857211748 ], [ 22.479920937041168, 49.623146918199225 ], [ 22.460636879981706, 49.621432571809109 ], [ 22.441362306597476, 49.619832537207103 ], [ 22.422096777710703, 49.61834251502043 ], [ 22.415190923966762, 49.617845810523875 ], [ 22.402839673763935, 49.616955516866916 ], [ 22.383590678649941, 49.61566876884384 ], [ 22.364349473776279, 49.614479394412577 ], [ 22.34511563830662, 49.613382955688593 ], [ 22.325888756631112, 49.612374985825554 ], [ 22.306668418303158, 49.611450987547023 ], [ 22.287454218014908, 49.610606432185122 ], [ 22.278218535287724, 49.610236574743858 ], [ 22.268245650980425, 49.609835195971513 ], [ 22.249042349158152, 49.609133063217172 ], [ 22.229844020602492, 49.608496866699582 ], [ 22.210650279333478, 49.607921931630742 ], [ 22.191460745119521, 49.607403557174074 ], [ 22.172275043675583, 49.606937018909704 ], [ 22.153092806900126, 49.606517571972773 ], [ 22.133913673149927, 49.606140454881611 ], [ 22.114737287551783, 49.605800894069866 ], [ 22.09556330234992, 49.605494109133097 ], [ 22.076391377287365, 49.605215318796894 ], [ 22.057221180019635, 49.604959747608497 ], [ 22.050950792955117, 49.604882551711057 ], [ 22.038052316839416, 49.604721512394548 ], [ 22.018884515628525, 49.604496547336311 ], [ 21.999717504603495, 49.604280687739767 ], [ 21.980550987068494, 49.604069253108165 ], [ 21.961384676798374, 49.603857614103291 ], [ 21.942218298586699, 49.603641203340842 ], [ 21.923051588803563, 49.603415526762106 ], [ 21.90388429595831, 49.603176175529107 ], [ 21.88471618126216, 49.602918838382443 ], [ 21.865547019185229, 49.602639314392654 ], [ 21.846376598002312, 49.602333526027572 ], [ 21.827204720321518, 49.601997532450419 ], [ 21.808031203589739, 49.601627542955818 ], [ 21.788855880568661, 49.601219930443584 ], [ 21.769678599775173, 49.600771244824202 ], [ 21.761938337783416, 49.600572515249098 ], [ 21.750499165711101, 49.600277157349041 ], [ 21.731317481566236, 49.599734982558893 ], [ 21.712133488273011, 49.599142638516632 ], [ 21.692947101358133, 49.598497522455425 ], [ 21.673758253622363, 49.59779727203248 ], [ 21.654566895234677, 49.597039775754723 ], [ 21.635372993751606, 49.596223182484998 ], [ 21.616176534058305, 49.595345909915181 ], [ 21.596977518228368, 49.594406651899199 ], [ 21.577775965300322, 49.593404384547021 ], [ 21.575804123469002, 49.593294799226669 ], [ 21.558571794180757, 49.592336139752774 ], [ 21.539365168863473, 49.591203576769082 ], [ 21.520156171968448, 49.590006827008096 ], [ 21.500944887175599, 49.58874604643546 ], [ 21.481731412706417, 49.587421682153312 ], [ 21.462515860593886, 49.586034469379399 ], [ 21.443421819739324, 49.584594710467982 ], [ 21.44329835483952, 49.584585406017638 ], [ 21.424078875958738, 49.583072627229555 ], [ 21.40485774283804, 49.581501088908638 ], [ 21.385635114486451, 49.57987263035357 ], [ 21.366411159014469, 49.578189339256745 ], [ 21.347186052560104, 49.576453539631977 ], [ 21.334487362633386, 49.575272418581527 ], [ 21.327959911734293, 49.574666382178258 ], [ 21.308732869894641, 49.572829411236455 ], [ 21.289505256300775, 49.570948409901568 ], [ 21.270277267913713, 49.569026507878526 ], [ 21.251049103996188, 49.567066993031276 ], [ 21.237151060414572, 49.565623946617656 ], [ 21.231820899406742, 49.565071855636788 ], [ 21.212592755973127, 49.563042425428378 ], [ 21.193365050855874, 49.560986223416577 ], [ 21.174137981267748, 49.558906988094186 ], [ 21.15491174142182, 49.556808524715763 ], [ 21.145638102863671, 49.55578582465381 ], [ 21.135686376643196, 49.554691364085471 ], [ 21.116462090826619, 49.552559724890976 ], [ 21.097239202683983, 49.550420662783246 ], [ 21.078017885353923, 49.548278066576195 ], [ 21.058798305029612, 49.546135806487818 ], [ 21.056149155940791, 49.545839463211642 ], [ 21.03958034241726, 49.543991044462956 ], [ 21.020364392353859, 49.54185329792849 ], [ 21.001150641904236, 49.539727367108235 ], [ 20.981939223839486, 49.537616897788524 ], [ 20.965646603408842, 49.535841213632658 ], [ 20.962730206654037, 49.535524074996339 ], [ 20.943523458059261, 49.533446108694747 ], [ 20.924319396156275, 49.531394111440164 ], [ 20.905118115716895, 49.529371330124079 ], [ 20.885919701909927, 49.527380894783633 ], [ 20.870832682746421, 49.525842079045511 ], [ 20.866724147447588, 49.52542363701491 ], [ 20.847531305331675, 49.523496715903235 ], [ 20.82834154049252, 49.521610895112779 ], [ 20.809154900035811, 49.519768785195311 ], [ 20.789971422040427, 49.517972861192334 ], [ 20.770791135784524, 49.516225461397504 ], [ 20.767145583742092, 49.515901242389582 ], [ 20.751613752229623, 49.514520115300634 ], [ 20.732439534240434, 49.512865684794178 ], [ 20.713268559664129, 49.511266133907569 ], [ 20.694100825200557, 49.509723256728506 ], [ 20.674936320247973, 49.508238714797258 ], [ 20.655775027241138, 49.506814039348555 ], [ 20.646010969016046, 49.506117182811174 ], [ 20.636616751042308, 49.505445510227624 ], [ 20.617461469220366, 49.504134466681869 ], [ 20.598309324703418, 49.502887386507943 ], [ 20.579160275487361, 49.501705316517238 ], [ 20.560014274354941, 49.500589189700278 ], [ 20.540871269216495, 49.499539828969496 ], [ 20.521731203444574, 49.498557950998681 ], [ 20.502594016201076, 49.497644170124708 ], [ 20.48345964275585, 49.496799002279502 ], [ 20.482451113260478, 49.496757924139189 ], [ 20.464327791464704, 49.496015384961638 ], [ 20.445198619904705, 49.495301132847224 ], [ 20.426072065897774, 49.494656917463267 ], [ 20.406948052006879, 49.494082913309541 ], [ 20.387826498331378, 49.493579216049135 ], [ 20.368707322759523, 49.493145846098024 ], [ 20.349590441209365, 49.49278275210704 ], [ 20.330475767858264, 49.492489814327698 ], [ 20.311363215361112, 49.492266847855831 ], [ 20.292252695057524, 49.492113605748848 ], [ 20.273144117168322, 49.492029782015031 ], [ 20.254037390981686, 49.492015014474575 ], [ 20.234932425029374, 49.49206888749432 ], [ 20.215829127253457, 49.492190934599599 ], [ 20.196727405164019, 49.492380640967959 ], [ 20.177627165988365, 49.49263744581117 ], [ 20.158528316812173, 49.492960744652962 ], [ 20.139430764713087, 49.493349891510924 ], [ 20.12033441688731, 49.493804200992393 ], [ 20.101239180769561, 49.49432295031437 ], [ 20.08214496414697, 49.494905381258775 ], [ 20.063051675267292, 49.495550702074674 ], [ 20.043959222941801, 49.49625808933942 ], [ 20.024867516643379, 49.497026689791326 ], [ 20.005776466600004, 49.497855622146446 ], [ 19.986685983884009, 49.498743978912195 ], [ 19.967595980497375, 49.499690828210369 ], [ 19.94850636945328, 49.500695215622272 ], [ 19.929417064854032, 49.501756166067892 ], [ 19.914234429529792, 49.502644503213077 ] ] ] } }
]
}
