{
"type": "FeatureCollection",
"name": "zasieg_ŚW_cykl_3_epsg4326",
"crs": { "type": "name", "properties": { "name": "urn:ogc:def:crs:OGC:1.3:CRS84" } },
"features": [
{ "type": "Feature", "properties": { "gatunek": "ŚW", "cykl": 3, "pokrycie": 0.95, "prog_kde": 7.0092180252039785e-13 }, "geometry": { "type": "MultiPolygon", "coordinates": [ [ [ [ 22.814673915035875, 49.026614820680479 ], [ 22.798602763847761, 49.037237035296215 ], [ 22.796294183217856, 49.038796902995188 ], [ 22.78057310936396, 49.049186498787499 ], [ 22.777923292249465, 49.050975669287233 ], [ 22.762535579759287, 49.061143664415091 ], [ 22.746055865716013, 49.05201591692262 ], [ 22.742766780234952, 49.050196497955071 ], [ 22.723863229651375, 49.050702876105213 ], [ 22.704959404833932, 49.051209970343606 ], [ 22.688858834513113, 49.042285958366378 ], [ 22.685207536331834, 49.040262634046677 ], [ 22.681872160200207, 49.042509376272136 ], [ 22.667150885244698, 49.052225725710692 ], [ 22.648246168160824, 49.052734106564792 ], [ 22.644472663168557, 49.055272880080963 ], [ 22.645175383811935, 49.066825424562829 ], [ 22.631013394652946, 49.076169388848122 ], [ 22.626833987750597, 49.078978709162193 ], [ 22.612932463532662, 49.088149088642822 ], [ 22.608496327416916, 49.091128866542512 ], [ 22.594843351137946, 49.100133490985513 ], [ 22.575920164626453, 49.100645778317336 ], [ 22.561414855051499, 49.092592925950434 ], [ 22.556175773023639, 49.08968290800938 ], [ 22.55137504963826, 49.092902631593141 ], [ 22.538072673829038, 49.10166875453119 ], [ 22.523813809105675, 49.093748325972854 ], [ 22.518336119750096, 49.090702770215692 ], [ 22.499415712120356, 49.091211554219811 ], [ 22.480494907620447, 49.091719426205714 ], [ 22.475261694456599, 49.095222032575847 ], [ 22.462373010532708, 49.103705164938908 ], [ 22.443447078988441, 49.104211645598646 ], [ 22.424520728416354, 49.104716866465715 ], [ 22.405593952888658, 49.105220724383422 ], [ 22.399868681512469, 49.109044076741149 ], [ 22.400548832179357, 49.120598285350901 ], [ 22.388232840127049, 49.128694090062261 ], [ 22.382211067900883, 49.1327117929251 ], [ 22.382896474133073, 49.144265892706024 ], [ 22.370856605932545, 49.152177907781756 ], [ 22.351911174982511, 49.152679435465892 ], [ 22.339102510135099, 49.145542095021192 ], [ 22.332193617064526, 49.141685966576638 ], [ 22.313251620227771, 49.142183168996823 ], [ 22.294309161890613, 49.142678351242587 ], [ 22.275366237855135, 49.143171419231095 ], [ 22.268771995127619, 49.147556709115669 ], [ 22.257177115993514, 49.155157439060986 ], [ 22.238228894441942, 49.155646459725936 ], [ 22.231397774993173, 49.160183721099031 ], [ 22.232060283597338, 49.171739071397234 ], [ 22.232726782421079, 49.18329429238765 ], [ 22.22152057494247, 49.190634102467847 ], [ 22.20954357763366, 49.18394156994335 ], [ 22.201815258588478, 49.179616616183189 ], [ 22.182856861421794, 49.180098951363142 ], [ 22.175645341848277, 49.184879604985518 ], [ 22.164632267277081, 49.19208219035837 ], [ 22.145668512710714, 49.192559408692944 ], [ 22.138241664348065, 49.197476777332028 ], [ 22.127430396779939, 49.204540062286313 ], [ 22.108461266913142, 49.205011781702069 ], [ 22.089491635352932, 49.205480453357474 ], [ 22.081788384051908, 49.210571971011454 ], [ 22.071235069778727, 49.217455229935773 ], [ 22.052260043882885, 49.217917885384942 ], [ 22.044350664469317, 49.223139233687988 ], [ 22.044990288423072, 49.234695877980393 ], [ 22.045633409292485, 49.246252411764416 ], [ 22.04627996919475, 49.257808836536029 ], [ 22.036109339602376, 49.2644349818084 ], [ 22.027870446515244, 49.269866654732141 ], [ 22.02851939466505, 49.28142305616494 ], [ 22.01852267022883, 49.287932046974547 ], [ 22.010102530707549, 49.293478104389244 ], [ 22.000219605596481, 49.299909010538023 ], [ 21.991679121554228, 49.305530300917411 ], [ 21.981907741819946, 49.311884597447289 ], [ 21.973248980592615, 49.317579647814071 ], [ 21.973897572670154, 49.329136213936984 ], [ 21.974549221042672, 49.340692682736766 ], [ 21.9649729674647, 49.346916203260655 ], [ 21.945946350798295, 49.347360968405305 ], [ 21.92691922218933, 49.347802070149307 ], [ 21.907891583055012, 49.34823946606187 ], [ 21.898817859570954, 49.354191530927856 ], [ 21.889539446403749, 49.360205031207187 ], [ 21.880353232794267, 49.366226550513197 ], [ 21.87117844586507, 49.372168724587944 ], [ 21.852140407678981, 49.37259522449969 ], [ 21.842768876522396, 49.378730638103825 ], [ 21.843401266783939, 49.390288048148378 ], [ 21.834429811958291, 49.39609025096194 ], [ 21.824968277267793, 49.390740263049956 ], [ 21.814722099490911, 49.384972394009068 ], [ 21.80530929247676, 49.379646392712083 ], [ 21.795023290770825, 49.373851659846764 ], [ 21.785658074870192, 49.368549025918171 ], [ 21.775333379342918, 49.362728031233473 ], [ 21.765691453318276, 49.369028794048965 ], [ 21.766303339862123, 49.380587015617003 ], [ 21.757588678749705, 49.386206260847295 ], [ 21.747792933205815, 49.392601601443538 ], [ 21.739185208545869, 49.398147745553231 ], [ 21.729274724281552, 49.404613326129876 ], [ 21.7207728434826, 49.410087164203347 ], [ 21.71074867884818, 49.416622187147269 ], [ 21.702351576144757, 49.422024501488828 ], [ 21.693551812366501, 49.417024333593133 ], [ 21.682661753474171, 49.410875775083284 ], [ 21.663605506702858, 49.411264324944277 ], [ 21.653326753368244, 49.417954978511908 ], [ 21.65392302140037, 49.429513917879618 ], [ 21.645790605558432, 49.434733933019203 ], [ 21.635369226820377, 49.441511105401275 ], [ 21.627341664884238, 49.44665994519368 ], [ 21.618960920416324, 49.441884096795725 ], [ 21.607657989715065, 49.435493027884334 ], [ 21.588591012770284, 49.435866993469084 ], [ 21.569523597654531, 49.436237285796111 ], [ 21.550455750382159, 49.436603944711507 ], [ 21.531387477048309, 49.436967012827012 ], [ 21.52346497928459, 49.43243616190054 ], [ 21.522845320691165, 49.42087724662867 ], [ 21.511139419773301, 49.414238196008547 ], [ 21.50013656286384, 49.421370756710708 ], [ 21.492664235547267, 49.426137503254218 ], [ 21.484914178281713, 49.4216990697374 ], [ 21.473018640213233, 49.414945700014165 ], [ 21.453957645651123, 49.415294311877425 ], [ 21.434896256201981, 49.41563956615169 ], [ 21.415834478056272, 49.415981516038869 ], [ 21.404356298331205, 49.423403091280825 ], [ 21.397335025520647, 49.42786550422813 ], [ 21.378268029265559, 49.428201315926479 ], [ 21.366570699036465, 49.435755217743498 ], [ 21.359754864558706, 49.440081054541032 ], [ 21.347936727321077, 49.447707431363426 ], [ 21.341232816797849, 49.451959450001667 ], [ 21.322155795448818, 49.452286618287829 ], [ 21.303078420414, 49.452610816241581 ], [ 21.284000697194866, 49.452932094835582 ], [ 21.277391546975462, 49.449118806877379 ], [ 21.264390354532868, 49.44170079574581 ], [ 21.257858667767728, 49.43792990304236 ], [ 21.244788999484573, 49.430467123359648 ], [ 21.225719196344805, 49.4307793005269 ], [ 21.219359833558158, 49.427103446380436 ], [ 21.218813995663982, 49.415541863395163 ], [ 21.218266681496363, 49.40398028770062 ], [ 21.205095884042652, 49.396446307846404 ], [ 21.186038803840422, 49.396751999275736 ], [ 21.173471303476184, 49.404831396475998 ], [ 21.167489845353316, 49.408602180245062 ], [ 21.15480205426314, 49.416752983310971 ], [ 21.148932036425929, 49.420451528439855 ], [ 21.136127123595816, 49.428671591460827 ], [ 21.130365368595548, 49.432300030682498 ], [ 21.124476690584526, 49.428886304010447 ], [ 21.110797872865632, 49.421046160862453 ], [ 21.091730338765281, 49.421339707067624 ], [ 21.072662508357528, 49.421630782070665 ], [ 21.053594385389857, 49.421919414577154 ], [ 21.048042363404392, 49.418693941524118 ], [ 21.047538472427767, 49.407130988837309 ], [ 21.05283292733052, 49.403671129251208 ], [ 21.066003990700445, 49.395230473128485 ], [ 21.071402350453525, 49.391699208572931 ], [ 21.090454119203734, 49.391302806683555 ], [ 21.103419657900272, 49.382983577575715 ], [ 21.102897060293419, 49.371421084570365 ], [ 21.089279037680296, 49.363601716418721 ], [ 21.070233466865773, 49.363890872140757 ], [ 21.051187605653787, 49.364177590344553 ], [ 21.045509467859109, 49.360879202156767 ], [ 21.031665597827836, 49.352916133200402 ], [ 21.026046021969016, 49.349650146026875 ], [ 21.012152535076364, 49.341652464299386 ], [ 21.006589406771898, 49.338417712035998 ], [ 20.992648411205504, 49.330386587675548 ], [ 20.98713961926617, 49.327181902981451 ], [ 20.99238049957966, 49.323750221315123 ], [ 21.00558055175091, 49.31529125664337 ], [ 20.991716848739507, 49.307300534410167 ], [ 20.972692037309951, 49.307575531981833 ], [ 20.967200037189844, 49.304379203838771 ], [ 20.953210535447326, 49.296305822082452 ], [ 20.934189610772055, 49.296575747268271 ], [ 20.915168422139857, 49.296843407770837 ], [ 20.901669122084094, 49.305476525502471 ], [ 20.902079713192428, 49.317041672981929 ], [ 20.89703358222155, 49.320197497852462 ], [ 20.883381870786945, 49.328919861983238 ], [ 20.878442371927981, 49.332007853909765 ], [ 20.864679198933544, 49.340795041250367 ], [ 20.859842349870636, 49.343817777375889 ], [ 20.85493215335606, 49.340951924647214 ], [ 20.840371602325263, 49.332530207236047 ], [ 20.821335837528217, 49.332788036957282 ], [ 20.807346366421697, 49.341706025287792 ], [ 20.802721738335528, 49.344592504740589 ], [ 20.78863026608531, 49.353568979214053 ], [ 20.784098809355093, 49.356396416333375 ], [ 20.769909048265507, 49.36542892015374 ], [ 20.765467039973728, 49.368199703705606 ], [ 20.751182604084299, 49.377285847762039 ], [ 20.751572101578635, 49.388851576813835 ], [ 20.751963236230797, 49.400417259372816 ], [ 20.747646233175711, 49.403109748654259 ], [ 20.73322645500156, 49.412271297280114 ], [ 20.728988410678262, 49.414913794291593 ], [ 20.709920000865605, 49.415160677155242 ], [ 20.690851350661529, 49.41540529203553 ], [ 20.686677056534112, 49.412959853818386 ], [ 20.67138997757381, 49.404091513109826 ], [ 20.667258046231304, 49.401670044809926 ], [ 20.651937575108139, 49.392775594076603 ], [ 20.637228246787394, 49.402099270026632 ], [ 20.633260427244917, 49.404568770139399 ], [ 20.618473409558515, 49.413934843453845 ], [ 20.614574388354505, 49.416360954716652 ], [ 20.610625830197076, 49.414044443672168 ], [ 20.610231376764535, 49.402478481012707 ], [ 20.609835970573435, 49.390912509527034 ], [ 20.594381508762361, 49.381924441139311 ], [ 20.590436898918821, 49.3796095703727 ], [ 20.574955486924825, 49.370599012614946 ], [ 20.555903066325364, 49.37082643382314 ], [ 20.540957528237552, 49.38027981132096 ], [ 20.537210874447606, 49.382607585001473 ], [ 20.522192840381202, 49.392099876924853 ], [ 20.518509794791395, 49.394387666032529 ], [ 20.503422254178812, 49.40391691818887 ], [ 20.499799817774356, 49.406166614169976 ], [ 20.480733131897665, 49.406385539835014 ], [ 20.461666231147284, 49.406602100310586 ], [ 20.442599117633627, 49.406816284831109 ], [ 20.43906347515918, 49.404735986552645 ], [ 20.423197637811363, 49.395469155227175 ], [ 20.419689101189299, 49.393404216607074 ], [ 20.40380511646001, 49.38411977314469 ], [ 20.384746311863569, 49.384326293251767 ], [ 20.369360582211836, 49.394011349957971 ], [ 20.366007829569448, 49.396089422305508 ], [ 20.346944154040351, 49.396291341119984 ], [ 20.327880279108172, 49.39649082328792 ], [ 20.324559216539427, 49.394533364346088 ], [ 20.324233870055505, 49.382965822380307 ], [ 20.323907701500875, 49.371398267343935 ], [ 20.323580697003177, 49.359830699387231 ], [ 20.323252841720489, 49.348263118671433 ], [ 20.307282714612167, 49.338895403455609 ], [ 20.291818379603605, 49.34861875050273 ], [ 20.288542568920626, 49.350646356447371 ], [ 20.285228746191091, 49.348692217448118 ], [ 20.269198598529336, 49.339279838667572 ], [ 20.253661578585572, 49.349038942543778 ], [ 20.250449163648469, 49.351026360910339 ], [ 20.247199257874971, 49.349108859276868 ], [ 20.2311137282251, 49.339654460982437 ], [ 20.212071015907437, 49.339838066137382 ], [ 20.193028121877884, 49.340019187086853 ], [ 20.189849432299983, 49.338142231559644 ], [ 20.173710156377496, 49.328639553476194 ], [ 20.170541596516792, 49.326768125399184 ], [ 20.173619141205982, 49.324811040601531 ], [ 20.189255258079108, 49.31500575057575 ], [ 20.173160945184819, 49.305524822062743 ], [ 20.154131046129873, 49.30570030269088 ], [ 20.150952036707597, 49.303822293301913 ], [ 20.134835542892382, 49.294316391359089 ], [ 20.131662562908254, 49.292441499857325 ], [ 20.131376502354026, 49.280872961029928 ], [ 20.131089542726386, 49.269304408253774 ], [ 20.115027875853279, 49.259819023481867 ], [ 20.111814890583307, 49.257920135081783 ], [ 20.11153077147835, 49.246351473650833 ], [ 20.111245694978606, 49.234782798642144 ], [ 20.110959637216293, 49.223214110276999 ], [ 20.094992990215722, 49.21377075593859 ], [ 20.091703380356524, 49.211826271153591 ], [ 20.091420005543387, 49.200257475872114 ], [ 20.091135578363687, 49.188688667701946 ], [ 20.07524634035039, 49.179279412599762 ], [ 20.056264324103292, 49.179439859285971 ], [ 20.040761476834657, 49.189153643462497 ], [ 20.037523661004677, 49.191149288542867 ], [ 20.021961696501407, 49.200892999105456 ], [ 20.018774180567188, 49.202857423382987 ], [ 20.00315582147406, 49.212629303746155 ], [ 20.00001587417286, 49.214564199351621 ], [ 19.984343748556718, 49.22436255580098 ], [ 19.981248733361117, 49.226269555606713 ], [ 19.962248271545786, 49.226418412615267 ], [ 19.943247662729672, 49.226564734328058 ], [ 19.924246909400349, 49.226708514105447 ], [ 19.90524601406231, 49.226849745675018 ], [ 19.902180988092212, 49.2250335231805 ], [ 19.90194527421561, 49.213464013113409 ], [ 19.885831887562038, 49.203878839127739 ], [ 19.882731116029642, 49.202041093771193 ], [ 19.866637656851861, 49.192460627568899 ], [ 19.847649622124649, 49.192593684850443 ], [ 19.828661456399679, 49.192724191586024 ], [ 19.812874619826474, 49.202553883603713 ], [ 19.809861808522349, 49.204406619990792 ], [ 19.806810354092562, 49.202596405539907 ], [ 19.790684742176229, 49.192977535420034 ], [ 19.774869263011915, 49.20281511667028 ], [ 19.771876001868229, 49.20465513382819 ], [ 19.756018946510419, 49.21451135509372 ], [ 19.756171319401314, 49.226081644431083 ], [ 19.756324856013148, 49.237651903173749 ], [ 19.77254098088174, 49.247324642208753 ], [ 19.775498219339724, 49.249096028045457 ], [ 19.775658333441882, 49.260666179189478 ], [ 19.791920724599059, 49.270356913323788 ], [ 19.79484761252289, 49.272106963635409 ], [ 19.811128539173531, 49.281801498162686 ], [ 19.814047357373177, 49.283544480313765 ], [ 19.81118601365425, 49.285305193142605 ], [ 19.795181964037614, 49.295247017284446 ], [ 19.795350744466756, 49.306816998647598 ], [ 19.795520573530453, 49.318386949847081 ], [ 19.795691436504697, 49.329956870983075 ], [ 19.795863319545983, 49.341526762149726 ], [ 19.796036209669438, 49.353096623435377 ], [ 19.796210094728238, 49.364666454922506 ], [ 19.796384963394388, 49.376236256688152 ], [ 19.793647719583923, 49.377921479956022 ], [ 19.777489251855652, 49.387935858358297 ], [ 19.777661672888406, 49.399505651266381 ], [ 19.777835042427625, 49.411075414832858 ], [ 19.775133835358396, 49.412738564535488 ], [ 19.77239430573519, 49.411111887383399 ], [ 19.755883048205419, 49.401296395907067 ], [ 19.753141162357952, 49.399667977308411 ], [ 19.73664121374075, 49.389851847540967 ], [ 19.733895485638808, 49.388220806459188 ], [ 19.717408325912224, 49.378404928566034 ], [ 19.701209914214651, 49.38842366959986 ], [ 19.698512095239163, 49.3900831727804 ], [ 19.682292248309178, 49.400107773919736 ], [ 19.679606916075695, 49.40175942399781 ], [ 19.660537599186213, 49.401868537960112 ], [ 19.641468174270894, 49.401974993567229 ], [ 19.625216968389932, 49.412001362815971 ], [ 19.625356008938212, 49.42357145855204 ], [ 19.641878194118842, 49.433423073418993 ], [ 19.644579648358146, 49.435036731959443 ], [ 19.641920594774806, 49.436672013548865 ], [ 19.625636772289365, 49.446711566306469 ], [ 19.62298414401732, 49.448342723358287 ], [ 19.603896576751076, 49.448444172626452 ], [ 19.584808909262883, 49.448542954382589 ], [ 19.568504930968654, 49.458577276706684 ], [ 19.568634213238084, 49.470147377837421 ], [ 19.565987538141314, 49.471774218410332 ], [ 19.549665686611291, 49.481809781132043 ], [ 19.549792253667142, 49.49337986429471 ], [ 19.549919678564436, 49.504949920267144 ], [ 19.547277464356874, 49.506574103217204 ], [ 19.530936642585207, 49.516609228702528 ], [ 19.531061325565286, 49.528179266225628 ], [ 19.531186860368987, 49.539749276717032 ], [ 19.531313247072649, 49.551319260176292 ], [ 19.528665909319564, 49.552946793936115 ], [ 19.512312053161423, 49.562975475464349 ], [ 19.512435685897767, 49.574545440048645 ], [ 19.509778244741177, 49.576179122694761 ], [ 19.490640536747396, 49.576265335065003 ], [ 19.474287615877092, 49.586278534530763 ], [ 19.471614273142151, 49.587921484009371 ], [ 19.455264389769461, 49.597925372196251 ], [ 19.455377203181413, 49.609495355249173 ], [ 19.452686098921856, 49.611149144092543 ], [ 19.449948587141701, 49.60951658287739 ], [ 19.449847328014272, 49.597946551049354 ], [ 19.433329393648162, 49.588080712373937 ], [ 19.414186838309003, 49.588156335915805 ], [ 19.411442436699247, 49.586518992033014 ], [ 19.411348922996545, 49.574948862344847 ], [ 19.394857425755227, 49.565083986185854 ], [ 19.375723776439838, 49.565154172451145 ], [ 19.372966433213652, 49.56350843726544 ], [ 19.372880635340572, 49.551938214019735 ], [ 19.372794102810591, 49.540367969954126 ], [ 19.356337467089936, 49.530506759535911 ], [ 19.337217237620571, 49.530571486393704 ], [ 19.318096946490815, 49.530633587729227 ], [ 19.298976596482216, 49.530693070471663 ], [ 19.279856190367912, 49.53074994196686 ], [ 19.277038340212634, 49.529066311065073 ], [ 19.260674205471776, 49.51923319567782 ], [ 19.257841132185611, 49.517540133092133 ], [ 19.241501232215295, 49.507714222027765 ], [ 19.238651282021777, 49.506010737087493 ], [ 19.23859368277725, 49.49444026353725 ], [ 19.238535301036904, 49.482869768362193 ], [ 19.222232511789013, 49.473054116484555 ], [ 19.219360282434117, 49.47133708244818 ], [ 19.222216908863135, 49.469605004607175 ], [ 19.238416180659044, 49.459728713147207 ], [ 19.222127903094414, 49.449917089446359 ], [ 19.203038817077676, 49.449963328029284 ], [ 19.200140801084029, 49.448230595722556 ], [ 19.200088283197349, 49.436659982808635 ], [ 19.200034949752808, 49.425089348048587 ], [ 19.199980795055865, 49.413518691449816 ], [ 19.183776786575443, 49.403738560535949 ], [ 19.164705561629479, 49.403779630236848 ], [ 19.145634300184838, 49.40381817811091 ], [ 19.126563004880051, 49.403854215626239 ], [ 19.107491678337031, 49.403887754767823 ], [ 19.091433034413424, 49.413655468106107 ], [ 19.088441098947072, 49.415485215477915 ], [ 19.085392370689618, 49.413660086695835 ], [ 19.06934894193477, 49.403947388485122 ], [ 19.050277537227203, 49.403973509659615 ], [ 19.047168050374093, 49.402111233189324 ], [ 19.031198784260056, 49.392431327062241 ], [ 19.012131818257966, 49.392452590986515 ], [ 18.993064836338334, 49.392471443582679 ], [ 18.973997840972775, 49.392487900710201 ], [ 18.958120749295603, 49.402113269693999 ], [ 18.958102680294601, 49.413684026079025 ], [ 18.973981550706476, 49.423323672684909 ], [ 18.977133679582664, 49.425260094722447 ], [ 18.977121955240886, 49.436830808443965 ], [ 18.977111135290933, 49.448401499071068 ], [ 18.973967264587291, 49.450322233433077 ], [ 18.95803955981107, 49.459966822189358 ], [ 18.958026039920327, 49.471537463858311 ], [ 18.958013415289411, 49.483108082584209 ], [ 18.95800168278944, 49.494678678367727 ], [ 18.957990840014087, 49.506249251209717 ], [ 18.954824655999584, 49.508183734532082 ], [ 18.938898038571679, 49.517811297232939 ], [ 18.935697553672139, 49.519766402780512 ], [ 18.916581103541262, 49.519775605408157 ], [ 18.913280500376349, 49.517794932780319 ], [ 18.897488835460393, 49.508211332090703 ], [ 18.878376889560119, 49.508215803328824 ], [ 18.862579546479051, 49.517745823629674 ], [ 18.859231740773417, 49.519789038942839 ], [ 18.843467332940662, 49.529292082132329 ], [ 18.843432285430453, 49.540862548180598 ], [ 18.843398153543216, 49.55243299222181 ], [ 18.840001993787237, 49.55450542418626 ], [ 18.824272140681842, 49.56397599880389 ], [ 18.824235366143238, 49.575546388533084 ], [ 18.824199516183391, 49.587116756429744 ], [ 18.824164593439178, 49.598687102500065 ], [ 18.824130601234955, 49.610257426751268 ], [ 18.82066000984755, 49.612374975491889 ], [ 18.804983805769194, 49.621797110031842 ], [ 18.804947228837655, 49.633367379913047 ], [ 18.804911600749833, 49.644937628170076 ], [ 18.804876927412899, 49.656507854815082 ], [ 18.804843215409655, 49.668078059861308 ], [ 18.801271935133208, 49.670256516815165 ], [ 18.785675873335929, 49.679614412654168 ], [ 18.782044860617027, 49.681828615726495 ], [ 18.762864988035357, 49.681819377003016 ], [ 18.759113621246129, 49.67956220904113 ], [ 18.743745980229601, 49.670228711129752 ], [ 18.728280625313324, 49.679493971500762 ], [ 18.724505290978801, 49.681793904119445 ], [ 18.709097711075522, 49.691017603808433 ], [ 18.709044633762623, 49.702587676401166 ], [ 18.705185411238375, 49.704937741253708 ], [ 18.685996497455051, 49.704919213428916 ], [ 18.666807608496722, 49.704898353899054 ], [ 18.647618746761221, 49.704875163766985 ], [ 18.632438014526748, 49.713940102550197 ], [ 18.632368908706084, 49.725510057737736 ], [ 18.628253142212213, 49.728012059988735 ], [ 18.613156738318676, 49.737017648488866 ], [ 18.613085128357604, 49.748587541887268 ], [ 18.613014558222627, 49.760157415622267 ], [ 18.612945036513757, 49.771727269725588 ], [ 18.608682626497863, 49.774316332187091 ], [ 18.593715531381431, 49.78323150835962 ], [ 18.593643529001525, 49.794801300566938 ], [ 18.589270584008396, 49.797455572014321 ], [ 18.574403579210127, 49.806302265725229 ], [ 18.574329077828896, 49.817871995417626 ], [ 18.569839958191878, 49.820594575783012 ], [ 18.555078465830729, 49.829369681842628 ], [ 18.569683298483653, 49.838255635391434 ], [ 18.574183332388607, 49.841011397461159 ], [ 18.574112108347233, 49.852581069891805 ], [ 18.588728185759848, 49.861465084722262 ], [ 18.593234367408712, 49.864219648589952 ], [ 18.588681354760606, 49.86698093068415 ], [ 18.573973010426457, 49.875720357779777 ], [ 18.573905158715917, 49.887289973324428 ], [ 18.573838453833122, 49.898859569996375 ], [ 18.573772907663098, 49.910429147842201 ], [ 18.569015800655478, 49.913310380508655 ], [ 18.554493288696086, 49.921926486888403 ], [ 18.54963653935161, 49.924865461095543 ], [ 18.544714685248699, 49.921888511883573 ], [ 18.544860407280424, 49.910319280338221 ], [ 18.530585773207832, 49.901641437370934 ], [ 18.511319197586012, 49.901598611406364 ], [ 18.492052677532644, 49.901552851633625 ], [ 18.477727708666542, 49.910036374937945 ], [ 18.472659865401848, 49.913094650763739 ], [ 18.458426228591478, 49.921517672723013 ], [ 18.453257798131457, 49.924633238486763 ], [ 18.433982240723946, 49.924577418882521 ], [ 18.419898380420534, 49.932901179394079 ], [ 18.414566372080909, 49.936108720468958 ], [ 18.395286350144691, 49.936045660501328 ], [ 18.37600641220034, 49.935979090397076 ], [ 18.356726563268097, 49.935908920745206 ], [ 18.351177918205497, 49.93253710827355 ], [ 18.337605649948205, 49.924247296235059 ], [ 18.332031092330393, 49.920858563570711 ], [ 18.318493944424237, 49.912583981489284 ], [ 18.304725819928162, 49.920698079879365 ], [ 18.299055664832657, 49.924089787462499 ], [ 18.285368051142122, 49.932150285873959 ], [ 18.285225644687603, 49.943719259547237 ], [ 18.285083934524238, 49.955288214619273 ], [ 18.279262470417969, 49.958761932578412 ], [ 18.265702892146109, 49.966736960607285 ], [ 18.259796288922765, 49.970255610687879 ], [ 18.240503261692194, 49.970158490454878 ], [ 18.22121036963318, 49.970056890765896 ], [ 18.207807088116642, 49.977925859236436 ], [ 18.207641786589793, 49.989494526650063 ], [ 18.201534288422899, 49.993115199272644 ], [ 18.182232466058789, 49.993001659739981 ], [ 18.176137178145265, 49.989275090023597 ], [ 18.163131755096192, 49.981303608025485 ], [ 18.149853022713593, 49.989085467922031 ], [ 18.143629306995376, 49.992759866422695 ], [ 18.124327984253732, 49.992631451091746 ], [ 18.111114823401664, 50.000364965370281 ], [ 18.104811929973554, 50.004073258470029 ], [ 18.09162782277027, 50.011783850996629 ], [ 18.091422006794371, 50.023352029648606 ], [ 18.091216404177455, 50.034920187229773 ], [ 18.084846943074812, 50.038655225739944 ], [ 18.071698032989595, 50.046335456606577 ], [ 18.065303040283997, 50.050077494130292 ], [ 18.05216188273776, 50.057747297843726 ], [ 18.045749969459099, 50.061491192537538 ], [ 18.026421982310218, 50.061326600553983 ], [ 18.020174492647303, 50.057481672281725 ], [ 18.007332925152863, 50.049588784527074 ], [ 18.001096899620734, 50.04574927623154 ], [ 18.001333862891428, 50.034181516550895 ], [ 18.007727524154571, 50.030449716198291 ], [ 18.013973380830969, 50.034289597789751 ], [ 18.026809303609259, 50.04218009560357 ], [ 18.039959869243361, 50.034507483990843 ], [ 18.040192524231703, 50.022939610888884 ], [ 18.040424739549284, 50.011371711420573 ], [ 18.027590899075545, 50.003480375190492 ], [ 18.008286165572255, 50.003318832040435 ], [ 17.995138427744877, 50.01098836293928 ], [ 17.988738983530833, 50.014717502403791 ], [ 17.98250301417951, 50.010878249696638 ], [ 17.969677372441886, 50.002979635131595 ], [ 17.950373324849004, 50.002801986482829 ], [ 17.944148865359907, 49.998965673830448 ], [ 17.931325805193577, 49.991058604584687 ], [ 17.925101573770807, 49.987220833280375 ], [ 17.91228753789489, 49.97931339780191 ], [ 17.892993402357195, 49.979123086554367 ], [ 17.886782565813085, 49.975289478813586 ], [ 17.873969215640969, 49.967372420371355 ], [ 17.860792283761111, 49.975037153131005 ], [ 17.854405898426222, 49.978726649948477 ], [ 17.841181759183517, 49.986412928415021 ], [ 17.834833496194239, 49.99007275013259 ], [ 17.82155407971419, 49.997785219413203 ], [ 17.821246507138799, 50.009352084004973 ], [ 17.814967994461679, 50.012962110457067 ], [ 17.7956614147324, 50.012741553683995 ], [ 17.782248894220572, 50.020519334088569 ], [ 17.781928064126983, 50.032085940921327 ], [ 17.775768132639492, 50.03561383820302 ], [ 17.762245138303562, 50.04344763040266 ], [ 17.761918302239895, 50.055014089547363 ], [ 17.761591848534444, 50.066580530251798 ], [ 17.755557133559929, 50.070026464188146 ], [ 17.741881565072273, 50.077938468706776 ], [ 17.735924762471168, 50.081333821385932 ], [ 17.722157165125189, 50.089292912864082 ], [ 17.721819118333396, 50.100859080376381 ], [ 17.715974578890915, 50.104183076995369 ], [ 17.702075491579404, 50.112209903689347 ], [ 17.696319038783919, 50.115478447163156 ], [ 17.690866415105958, 50.112084050740854 ], [ 17.677290766149483, 50.103675306073193 ], [ 17.657949285749229, 50.103415735980938 ], [ 17.643852031966645, 50.111544389738341 ], [ 17.6434909333009, 50.12311008228658 ], [ 17.637953109392313, 50.126242902657673 ], [ 17.62370997044513, 50.134447193081058 ], [ 17.618270468028211, 50.137520081877419 ], [ 17.603918208947938, 50.145780815606557 ], [ 17.598578600848086, 50.148793256778319 ], [ 17.584116153964004, 50.157110951324256 ], [ 17.598082050831227, 50.165773502185893 ], [ 17.603177956480689, 50.168911654143301 ], [ 17.617116034711437, 50.177550445933498 ], [ 17.636489310804414, 50.177738387000375 ], [ 17.655862799783122, 50.177923166637306 ], [ 17.661137872231837, 50.181164068846222 ], [ 17.674916012627875, 50.189688345286903 ], [ 17.694294611813394, 50.189866501306355 ], [ 17.699683649238835, 50.193171721801754 ], [ 17.713362138426508, 50.201623527728842 ], [ 17.732745831839328, 50.201795219985073 ], [ 17.738252291257428, 50.205166739639729 ], [ 17.751827670236402, 50.213544105307079 ], [ 17.75738458320739, 50.216942603674902 ], [ 17.757063929643977, 50.228508791617514 ], [ 17.75674372795228, 50.240074961953027 ], [ 17.751050574000725, 50.243302512657209 ], [ 17.736946418885179, 50.251431042556433 ], [ 17.731345455002444, 50.254601697239153 ], [ 17.717137584191057, 50.262783632510974 ], [ 17.716806976097033, 50.274349545640888 ], [ 17.730594601850274, 50.282850630527648 ], [ 17.735972146440467, 50.286129090180872 ], [ 17.749708154084473, 50.294591939443272 ], [ 17.755149691789612, 50.297905551821287 ], [ 17.749538050953163, 50.301080405095263 ], [ 17.730116303677967, 50.300821864298875 ], [ 17.715818311706187, 50.309047185664802 ], [ 17.715489822788584, 50.32061303271265 ], [ 17.710069592964292, 50.323671548744223 ], [ 17.690638999097519, 50.323405717263832 ], [ 17.685629916642856, 50.320279279663303 ], [ 17.685929404718856, 50.308713163463104 ], [ 17.686227879809152, 50.297147013625569 ], [ 17.672174336248368, 50.288474143155582 ], [ 17.667186448444046, 50.28536067792767 ], [ 17.65308447900701, 50.276651343133743 ], [ 17.648151600884606, 50.273571242465216 ], [ 17.634004034144926, 50.264827145392104 ], [ 17.614597966585972, 50.264552449334566 ], [ 17.599879706324874, 50.272999719710945 ], [ 17.594852232429648, 50.275825950275738 ], [ 17.575442037484244, 50.275545305623822 ], [ 17.570806083750394, 50.27264581844927 ], [ 17.556381432433852, 50.26371169807927 ], [ 17.536976481955737, 50.263426062942266 ], [ 17.521945897398805, 50.272034671942208 ], [ 17.517213134660921, 50.274687509646533 ], [ 17.497804066332233, 50.274396421034083 ], [ 17.493449357276283, 50.271668745730629 ], [ 17.478763334946553, 50.262553585451698 ], [ 17.459359526400338, 50.262257678664518 ], [ 17.455112178011337, 50.259595618205068 ], [ 17.440333167246543, 50.250410998994283 ], [ 17.424967596005533, 50.259190937784197 ], [ 17.424558383835581, 50.270755228289246 ], [ 17.420170669406506, 50.27320707871619 ], [ 17.400763048884762, 50.272903603195076 ], [ 17.385195996967951, 50.281784782227277 ], [ 17.380963962044696, 50.284146672588435 ], [ 17.377019593358689, 50.281670884818219 ], [ 17.377385926617855, 50.270106134010973 ], [ 17.362344871913692, 50.260741093578723 ], [ 17.346676274446505, 50.269673270555046 ], [ 17.346248749828607, 50.281237086883422 ], [ 17.345821937797279, 50.292800891476681 ], [ 17.345395825213355, 50.304364684158209 ], [ 17.341337689999364, 50.306626596353588 ], [ 17.325485228925757, 50.315649402587624 ], [ 17.321510488640733, 50.317863512584275 ], [ 17.302085581175188, 50.317547670649311 ], [ 17.282660980576676, 50.317229463955158 ], [ 17.266596915080225, 50.326356054776625 ], [ 17.262815598367194, 50.328459489637787 ], [ 17.243386914443406, 50.328136471087781 ], [ 17.227181182062598, 50.3373315489075 ], [ 17.223527743514023, 50.33936205653481 ], [ 17.207241279536387, 50.348595692809397 ], [ 17.20678574750006, 50.360158579371685 ], [ 17.203223052210451, 50.362137538241832 ], [ 17.186834884969844, 50.371419082000216 ], [ 17.186375849623658, 50.382981817930627 ], [ 17.182898602328933, 50.384912283580313 ], [ 17.1634476243648, 50.384579364869523 ], [ 17.160260070111821, 50.382571578206509 ], [ 17.144447861163243, 50.372691379777706 ], [ 17.12788478184186, 50.382054861434689 ], [ 17.124546653652384, 50.383906267300922 ], [ 17.107914155689219, 50.393301598439344 ], [ 17.107437576093911, 50.404863795083813 ], [ 17.104175053187202, 50.406672417933727 ], [ 17.084715954498915, 50.406329595126785 ], [ 17.065257196255907, 50.405984297133401 ], [ 17.045798781705258, 50.405636508686975 ], [ 17.028948365550843, 50.415130061356798 ], [ 17.025860512598015, 50.416839708019779 ], [ 17.006398067132608, 50.41648680381855 ], [ 16.986935975506626, 50.416131362274662 ], [ 16.967474241048514, 50.415773368610679 ], [ 16.950448265864402, 50.425343301562819 ], [ 16.947513410421074, 50.426966329762941 ], [ 16.930433480698493, 50.436559013948873 ], [ 16.927543136056485, 50.438156894815052 ], [ 16.910411218199943, 50.447771180266457 ], [ 16.907563412962915, 50.449345025684678 ], [ 16.904916444371302, 50.447672346006328 ], [ 16.888603296846586, 50.437422383763526 ], [ 16.885972219014324, 50.435759434200591 ], [ 16.886474299693756, 50.4241983686805 ], [ 16.870171043557466, 50.413944621416753 ], [ 16.867541739730115, 50.412282542767095 ], [ 16.870316431737944, 50.410702971095361 ], [ 16.887475382138437, 50.401076119491428 ], [ 16.890290399655541, 50.399471578436653 ], [ 16.907397741185143, 50.389866108957243 ], [ 16.910254998078322, 50.388235452762899 ], [ 16.927308763975432, 50.378652515117487 ], [ 16.927796024395374, 50.367090968315431 ], [ 16.928282201294373, 50.355529381380862 ], [ 16.931217049697985, 50.353850768578397 ], [ 16.948170036117293, 50.34431184911849 ], [ 16.948649193936706, 50.332750042076498 ], [ 16.949127225393845, 50.321188194294166 ], [ 16.952148424264927, 50.319456425693225 ], [ 16.968991663157006, 50.309966732078728 ], [ 16.972064884955039, 50.308202983171171 ], [ 16.991484410949251, 50.308520015559061 ], [ 17.008225635267539, 50.299075492882316 ], [ 17.011387224806864, 50.297257465908267 ], [ 17.028061162235431, 50.28784351901686 ], [ 17.028515196373139, 50.276280964195891 ], [ 17.028968013076053, 50.264718367696368 ], [ 17.013156578731607, 50.254779840879756 ], [ 17.01005866202939, 50.252825722864713 ], [ 17.010513836993361, 50.241263175112152 ], [ 17.013797378560742, 50.239370671360568 ], [ 17.030318976962985, 50.230030325084719 ], [ 17.014596274326934, 50.220140977575952 ], [ 16.995214133041042, 50.219786575634444 ], [ 16.978652513966153, 50.22914274668819 ], [ 16.978136042523683, 50.240704164216062 ], [ 16.974854165279556, 50.242521553110677 ], [ 16.971799155503135, 50.240593699195834 ], [ 16.972262753875622, 50.229031378503926 ], [ 16.956450910273791, 50.219070228599918 ], [ 16.937069834984406, 50.218708262997609 ], [ 16.917689121253186, 50.218343755517594 ], [ 16.898308772224048, 50.217976695759077 ], [ 16.895324969596938, 50.216092252497241 ], [ 16.895805346274667, 50.204530399183106 ], [ 16.879952320187911, 50.194517807857494 ], [ 16.860582052287853, 50.194145712261239 ], [ 16.84383561520362, 50.203577148804825 ], [ 16.840691233852457, 50.205315296508218 ], [ 16.837762070208989, 50.203464225738394 ], [ 16.83825561431442, 50.191902756773594 ], [ 16.822367864532396, 50.181850150463966 ], [ 16.803003391744348, 50.181470361664161 ], [ 16.800068187121436, 50.179614844077889 ], [ 16.800568680160524, 50.168053575616497 ], [ 16.801067798310381, 50.156492260597929 ], [ 16.785240715178592, 50.146460887065487 ], [ 16.782239150488493, 50.144563285529323 ], [ 16.766428690276829, 50.134534978288862 ], [ 16.747083999101545, 50.134147634758307 ], [ 16.744095205964996, 50.132257392945569 ], [ 16.744604468296099, 50.120696380345841 ], [ 16.728832555835467, 50.110677617831954 ], [ 16.725798376619945, 50.10875845531146 ], [ 16.710048429919304, 50.098746202271869 ], [ 16.690718849733603, 50.098351251682104 ], [ 16.671389667582719, 50.097953695307758 ], [ 16.654668192492554, 50.107342768064711 ], [ 16.651496476361899, 50.109092291719755 ], [ 16.63216346066919, 50.108689411972236 ], [ 16.615359078251064, 50.118112797857997 ], [ 16.614750700133083, 50.129671397852867 ], [ 16.611682262056114, 50.131362947821884 ], [ 16.592340780274135, 50.130954579326463 ], [ 16.575421353829366, 50.140427607944744 ], [ 16.57480520801813, 50.151985861311793 ], [ 16.571830910786382, 50.153624549902155 ], [ 16.554821761431075, 50.163137769569985 ], [ 16.554202257396589, 50.174695838936756 ], [ 16.553583326964617, 50.186253900065118 ], [ 16.552964946277246, 50.197811952467227 ], [ 16.552347092384771, 50.209369995674066 ], [ 16.551729743214675, 50.220928029234699 ], [ 16.548936768249252, 50.222465950752046 ], [ 16.531718603155376, 50.232075484415013 ], [ 16.528962477984891, 50.233592664447428 ], [ 16.511699949007951, 50.243219370795096 ], [ 16.50897885950997, 50.244716818509097 ], [ 16.49167371805552, 50.254359684022027 ], [ 16.491044218583948, 50.265917159130304 ], [ 16.488378496318195, 50.267383613428727 ], [ 16.471006067678843, 50.277053708408033 ], [ 16.468371106814949, 50.2785028034832 ], [ 16.450960188711523, 50.28818667406199 ], [ 16.450322435187246, 50.299743762065468 ], [ 16.44773632350638, 50.301165474649096 ], [ 16.430264405038113, 50.310872949403517 ], [ 16.429622591580568, 50.322429833963312 ], [ 16.427081528121885, 50.32382626613547 ], [ 16.407664554713914, 50.323390728306421 ], [ 16.388248035127592, 50.322952391396853 ], [ 16.370698355581176, 50.332682614966252 ], [ 16.370042949199455, 50.344238930790496 ], [ 16.367555321725831, 50.345604812001703 ], [ 16.349953191638516, 50.355353717007901 ], [ 16.366433249737881, 50.365877238225366 ], [ 16.368732886610502, 50.367351520330999 ], [ 16.366276917386653, 50.368699839666469 ], [ 16.34863411491299, 50.378465910926224 ], [ 16.346197953278104, 50.379802932655899 ], [ 16.326759315171778, 50.37935514998717 ], [ 16.307321146537021, 50.378904535186152 ], [ 16.305055627129978, 50.377463719109649 ], [ 16.288542133919247, 50.366903875449715 ], [ 16.270869705274837, 50.376666074571695 ], [ 16.268446230323118, 50.377994801660591 ], [ 16.250748573179514, 50.387763177387718 ], [ 16.250065743087248, 50.399318298567209 ], [ 16.247671932778236, 50.400630243824779 ], [ 16.229931838714037, 50.410411566266042 ], [ 16.22755207978625, 50.411715385734247 ], [ 16.209789716963339, 50.421501200440403 ], [ 16.207422824264317, 50.422797545967143 ], [ 16.189639351211412, 50.43258719711109 ], [ 16.188942787830225, 50.444141675796331 ], [ 16.205539731325644, 50.454766813386598 ], [ 16.207714398699299, 50.456165220936789 ], [ 16.224330321006271, 50.466794548334619 ], [ 16.243803298208114, 50.46725712040309 ], [ 16.24597208056781, 50.46864869872207 ], [ 16.262608749483832, 50.479277648926619 ], [ 16.282087525474463, 50.479733079360805 ], [ 16.284253722063173, 50.481119964449192 ], [ 16.300907838915933, 50.491746407721145 ], [ 16.30306987466421, 50.49312878976562 ], [ 16.302402670133009, 50.504684334182542 ], [ 16.3190826911604, 50.515317022967459 ], [ 16.336922859642431, 50.505479654296018 ], [ 16.339227578484724, 50.504200821160978 ], [ 16.358717917140567, 50.504641951585491 ], [ 16.360888798378138, 50.50602577674713 ], [ 16.37756795782369, 50.516640876732843 ], [ 16.379738573032295, 50.518022695372359 ], [ 16.396427608112553, 50.528636098774612 ], [ 16.398599210527284, 50.530016711213058 ], [ 16.396281533265288, 50.531288498494106 ], [ 16.378443064533968, 50.54113517362692 ], [ 16.395153504456289, 50.551757571027245 ], [ 16.397313515050481, 50.553129516894515 ], [ 16.396670826049256, 50.564685893864436 ], [ 16.413398210419285, 50.575308746134162 ], [ 16.432919119771043, 50.575736145366967 ], [ 16.43508704128908, 50.577109468171201 ], [ 16.434454171974725, 50.588666168094093 ], [ 16.432146708890635, 50.589932527230566 ], [ 16.41428178820701, 50.599790514952289 ], [ 16.411986561777965, 50.601049741085653 ], [ 16.394101018828412, 50.610911227067547 ], [ 16.391816904084333, 50.612163939958783 ], [ 16.373911840650912, 50.62202830051698 ], [ 16.373264854098259, 50.633584390897958 ], [ 16.370992973220257, 50.634829881226239 ], [ 16.353062481843562, 50.644697621442596 ], [ 16.35079905878651, 50.645938057971762 ], [ 16.332851648666836, 50.655807204082365 ], [ 16.330595611904783, 50.657043175750943 ], [ 16.311043063883364, 50.656590315564308 ], [ 16.29149099774752, 50.656134556582309 ], [ 16.273510085973662, 50.666003860198899 ], [ 16.271269408781375, 50.667230365741091 ], [ 16.251713531280789, 50.666768580698765 ], [ 16.232158145971969, 50.666303889339986 ], [ 16.230078381347347, 50.664979002510051 ], [ 16.230756715888123, 50.653424233132867 ], [ 16.231434117984264, 50.641869422541269 ], [ 16.21465494415764, 50.631175665813927 ], [ 16.195114893983092, 50.630705838041521 ], [ 16.177114978894263, 50.640565231202793 ], [ 16.174882360025229, 50.641785934460962 ], [ 16.155338537787337, 50.641310067770455 ], [ 16.137323217293599, 50.651164828502282 ], [ 16.135092208484167, 50.652383920121991 ], [ 16.115544625554108, 50.651902007955222 ], [ 16.095997556661228, 50.651417188963414 ], [ 16.093916731754039, 50.650089615877981 ], [ 16.077168352867403, 50.639377544581542 ], [ 16.075082957785476, 50.638046813284653 ], [ 16.075797150725457, 50.626493506650164 ], [ 16.05906987357211, 50.615784578885865 ], [ 16.056975486645321, 50.614447923577011 ], [ 16.040264102177311, 50.603741123091112 ], [ 16.038162161644195, 50.60239940790489 ], [ 16.021467890249074, 50.591695531461738 ], [ 16.003477577404425, 50.601511650380544 ], [ 16.001212832486157, 50.602747318430318 ], [ 15.983214923303779, 50.612559703260068 ], [ 15.999906711523222, 50.623268532296755 ], [ 16.001999805977889, 50.62461644632485 ], [ 16.001260950429153, 50.636168817457012 ], [ 16.00052211104158, 50.647721170610154 ], [ 15.999783285267707, 50.65927350573066 ], [ 15.999044470885922, 50.670825822773196 ], [ 15.996795620085106, 50.672052237365563 ], [ 15.978752840334003, 50.681872516737798 ], [ 15.976499396539227, 50.683101021392815 ], [ 15.95694166870506, 50.682595167875832 ], [ 15.937384480587971, 50.682086420889917 ], [ 15.917827835088826, 50.681574784311991 ], [ 15.915708689085927, 50.680219883792674 ], [ 15.899033612625491, 50.669509749865774 ], [ 15.879482843108326, 50.668992597529844 ], [ 15.861461481507609, 50.678770465461405 ], [ 15.860688747887936, 50.690321259080548 ], [ 15.858389215031469, 50.69157286234649 ], [ 15.840362122118146, 50.701343193845993 ], [ 15.839584542842255, 50.712893733963604 ], [ 15.837274888120628, 50.71415033500611 ], [ 15.819244654003288, 50.723911720298425 ], [ 15.81846222647324, 50.73546200578923 ], [ 15.817679797592755, 50.747012273524874 ], [ 15.815355614922195, 50.748276173220383 ], [ 15.79577353252672, 50.747745805390124 ], [ 15.793596907113004, 50.746351937406104 ], [ 15.776985824597595, 50.735661927800521 ], [ 15.75740967433007, 50.735126096027884 ], [ 15.737834093790065, 50.734587421213746 ], [ 15.718259085510232, 50.734045911412579 ], [ 15.698684651975626, 50.733501575162123 ], [ 15.680712847664417, 50.743190190148496 ], [ 15.679896532828899, 50.754738871252293 ], [ 15.677474631677409, 50.756053531500811 ], [ 15.657891757379151, 50.755503070961211 ], [ 15.638309465957663, 50.75494981094554 ], [ 15.62037186585504, 50.764599276620501 ], [ 15.617894426559344, 50.765943013980753 ], [ 15.599969706723211, 50.775577737020633 ], [ 15.59746979425166, 50.776933247608696 ], [ 15.577879657192018, 50.776371163085692 ], [ 15.558290112684281, 50.775806324084115 ], [ 15.538701162750751, 50.775238743672432 ], [ 15.519112809343033, 50.774668435574469 ], [ 15.50127609433121, 50.784228001113625 ], [ 15.498661726498538, 50.785643816619384 ], [ 15.479069764793262, 50.785067854693509 ], [ 15.461274803879965, 50.794592300140771 ], [ 15.458604862827531, 50.796037458742077 ], [ 15.440832475233291, 50.805542092123339 ], [ 15.438130339832425, 50.807004257043296 ], [ 15.435608612978953, 50.805382410105842 ], [ 15.419414338791464, 50.794871713259397 ], [ 15.416870218920534, 50.793235160671578 ], [ 15.417757177714176, 50.781689898740453 ], [ 15.401595315477039, 50.771190163193594 ], [ 15.382011185739252, 50.770601206148768 ], [ 15.36434404579258, 50.780035200453426 ], [ 15.363450800760548, 50.791579997203236 ], [ 15.362557620047841, 50.803124779944902 ], [ 15.361664505757945, 50.814669548761486 ], [ 15.360771460392348, 50.826214303748579 ], [ 15.359878486848993, 50.837759045014174 ], [ 15.357036552976163, 50.83929523014848 ], [ 15.339402372317682, 50.848690349473415 ], [ 15.336519241169956, 50.850248380727365 ], [ 15.318918757117105, 50.859617902374282 ], [ 15.315992259319268, 50.861198944960755 ], [ 15.298427721250713, 50.870541703352067 ], [ 15.295455596968729, 50.872146970566405 ], [ 15.277929349827891, 50.881461752262283 ], [ 15.27701790126364, 50.893005433302307 ], [ 15.276106576871003, 50.904549102759837 ], [ 15.273063477722777, 50.906192099786757 ], [ 15.255591825064949, 50.915464875429059 ], [ 15.254676083994502, 50.927008272232499 ], [ 15.270570499325151, 50.937343050083371 ], [ 15.273373409969187, 50.939180043784674 ], [ 15.289299556663392, 50.949527647311378 ], [ 15.292082338526088, 50.951349058900384 ], [ 15.289022590570562, 50.953001023587653 ], [ 15.271552038987652, 50.962267284055812 ], [ 15.270641598226037, 50.973810888849791 ], [ 15.267510706518623, 50.975500734629968 ], [ 15.247843218305155, 50.974893170362499 ], [ 15.230470445814229, 50.984092476929064 ], [ 15.229551103931831, 50.995635565565273 ], [ 15.226300744382874, 50.997389001568521 ], [ 15.223266869650837, 50.995432300939513 ], [ 15.207567750976448, 50.985223403313455 ], [ 15.204509700582813, 50.983250706658502 ], [ 15.188844461402262, 50.973056143019001 ], [ 15.171596051041757, 50.98217515245252 ], [ 15.170662905888893, 50.993717489120172 ], [ 15.169729999926226, 51.005259818672769 ], [ 15.168797343411695, 51.016802141468808 ], [ 15.16536706085831, 51.018651363173404 ], [ 15.162164138537156, 51.016584149657277 ], [ 15.146642136281269, 51.006478000703872 ], [ 15.143412041950421, 51.00439281919148 ], [ 15.144389643143858, 50.992852102572876 ], [ 15.128889429670798, 50.982750425639843 ], [ 15.111796501499059, 50.991770296015751 ], [ 15.108254001034533, 50.993679136647238 ], [ 15.091228412849317, 51.00265609293718 ], [ 15.090277618798341, 51.014197405300798 ], [ 15.086635099460421, 51.016159572934029 ], [ 15.066953643880982, 51.015531270412957 ], [ 15.06349551057375, 51.013296826719774 ], [ 15.048256217068765, 51.003347478487711 ], [ 15.031416084541158, 51.012209993634322 ], [ 15.027592564241361, 51.014268541020762 ], [ 15.007912936268445, 51.013634208518766 ], [ 14.988233913130099, 51.012997964113296 ], [ 14.984534915361941, 51.01060575308464 ], [ 14.985556156363772, 50.999067417130362 ], [ 14.986575675231292, 50.987529007271043 ], [ 14.99061213109176, 50.985456062077297 ], [ 15.010272997781028, 50.986168086867131 ], [ 15.02704527992039, 50.977341112298518 ], [ 15.028050913962694, 50.965801971068814 ], [ 15.029054909837608, 50.954262759249623 ], [ 15.013861509224705, 50.944322280352829 ], [ 15.010347833881585, 50.94205075798218 ], [ 15.011353754796097, 50.930511694802007 ], [ 14.996198704493388, 50.920586808809119 ], [ 14.992657347300662, 50.918297021517489 ], [ 14.996568728439488, 50.916281693512893 ], [ 15.013360727739359, 50.907433357715554 ], [ 14.99818284965953, 50.897489454577126 ], [ 14.994671348663077, 50.895219121164089 ], [ 14.998549430494965, 50.893218754019429 ], [ 15.015361274421306, 50.884354741955647 ], [ 15.016359160510229, 50.872815330364524 ], [ 15.001153814746106, 50.862847321472174 ], [ 14.981538599618533, 50.862210163218457 ], [ 14.961923988556817, 50.861571106098637 ], [ 14.942309978827923, 50.860930203586598 ], [ 14.925689257798634, 50.869680579859882 ], [ 14.921687601013886, 50.871833853510196 ], [ 14.902069948150032, 50.871189314031341 ], [ 14.8824528862399, 50.870543111375568 ], [ 14.862836411161556, 50.869895310285116 ], [ 14.843220518406758, 50.869245978617492 ], [ 14.823605203059893, 50.868595187507587 ], [ 14.807469409068636, 50.877061053637902 ], [ 14.821990219097268, 50.886627913129352 ], [ 14.825980615128923, 50.889299692596701 ], [ 14.840575590832069, 50.898908217951998 ], [ 14.844505042296273, 50.901535724441977 ], [ 14.843493377925423, 50.913073655166613 ], [ 14.858146017691805, 50.922710960787015 ], [ 14.862035747820668, 50.92530733865798 ], [ 14.876755508402152, 50.934981531333968 ], [ 14.880591082089898, 50.937538392798928 ], [ 14.8795895184695, 50.949076860775776 ], [ 14.89435782403527, 50.958773699102053 ], [ 14.898162525764212, 50.961305540900767 ], [ 14.912991450591932, 50.971034867740464 ], [ 14.916748277472596, 50.973531571066047 ], [ 14.915756756096723, 50.98507056773655 ], [ 14.914765660352669, 50.996609565485294 ], [ 14.929615747701519, 51.006341471014821 ], [ 14.933373653347378, 51.008833458667532 ], [ 14.932387783773089, 51.020372718429599 ], [ 14.947271400479069, 51.030117256262201 ], [ 14.951013115730658, 51.032594199756026 ], [ 14.95003247379279, 51.044133719849512 ], [ 14.94905228863797, 51.055673241909901 ], [ 14.963941545915093, 51.065410124058495 ], [ 14.967699649714092, 51.067892556601578 ], [ 14.96672470959996, 51.079432337745764 ], [ 14.98163650595423, 51.089174592651929 ], [ 14.985389245785242, 51.091649216110206 ], [ 14.984419562056617, 51.103189254988614 ], [ 14.983450375359512, 51.114729297014456 ], [ 14.982481702025185, 51.126269342776901 ], [ 14.981513558736182, 51.137809392877536 ], [ 14.996357577842964, 51.1474920400263 ], [ 15.000209523475226, 51.150024583599716 ], [ 14.995938982782812, 51.152321777930752 ], [ 14.979578930641146, 51.16088950855697 ], [ 14.99436006993014, 51.170527154309625 ], [ 14.998284430453202, 51.173105204432652 ], [ 14.997322745151424, 51.184645523500215 ], [ 15.012109130511492, 51.194277285837551 ], [ 15.016045324144715, 51.196858754551769 ], [ 15.015089006580565, 51.208399331007904 ], [ 15.014133302780465, 51.219939914485352 ], [ 15.013178230587082, 51.231480505621292 ], [ 15.027890988726977, 51.241051070311592 ], [ 15.031927401423015, 51.243691760503552 ], [ 15.030977751388406, 51.255232608808754 ], [ 15.030028766340815, 51.266773465790067 ], [ 15.029080463743277, 51.278314332069577 ], [ 15.02813286089652, 51.2898552082642 ], [ 15.023457680087839, 51.292368332817425 ], [ 15.007462060204807, 51.300724248984892 ], [ 15.006511906404437, 51.312264911516003 ], [ 15.001645362429185, 51.314879872668236 ], [ 14.985834302100539, 51.323130053317755 ], [ 14.984881787644987, 51.334670508673739 ], [ 14.979810600223905, 51.337394312597787 ], [ 14.964197926499484, 51.345531768803191 ], [ 14.963243246822682, 51.357072023760523 ], [ 14.977285166713076, 51.366195427960029 ], [ 14.982029260733347, 51.369291965943503 ], [ 14.976765306319956, 51.372118192574497 ], [ 14.961336540147579, 51.380152585148842 ], [ 14.960384539389304, 51.39169289255063 ], [ 14.959433456011766, 51.403233218341825 ], [ 14.958483300192054, 51.41477356290666 ], [ 14.957534080686498, 51.426313926580498 ], [ 14.971217919374279, 51.435193552013153 ], [ 14.976347959217296, 51.438535334232746 ], [ 14.970654282353632, 51.441589404610532 ], [ 14.955638477653993, 51.449394712321052 ], [ 14.954692103182984, 51.460935134766721 ], [ 14.948737801915719, 51.464127269700974 ], [ 14.933978197025546, 51.471790692412043 ], [ 14.927832086193884, 51.4750844317741 ], [ 14.913262929364976, 51.482642645103574 ], [ 14.906915936072592, 51.486042743134178 ], [ 14.887033941894684, 51.485414709858468 ], [ 14.867152453598745, 51.484785903289115 ], [ 14.853030534206242, 51.492098121417975 ], [ 14.846216616948906, 51.495745630559 ], [ 14.832318055270004, 51.502936169090091 ], [ 14.825270232197269, 51.506707373782739 ], [ 14.811606139608323, 51.513770684368772 ], [ 14.804313260012723, 51.517671406839995 ], [ 14.784418308405822, 51.517043256918598 ], [ 14.764523797887042, 51.516415024987388 ], [ 14.751419186639623, 51.52317618758358 ], [ 14.743546768095873, 51.527383593353107 ], [ 14.730717586175704, 51.533997097619903 ], [ 14.729745247387605, 51.545535440019194 ], [ 14.721469245202069, 51.549955413552901 ], [ 14.709045189345396, 51.556352754735407 ], [ 14.708072573927923, 51.567890968060084 ], [ 14.71910641226086, 51.575079590057548 ], [ 14.726834916876175, 51.580150641360518 ], [ 14.737932858951055, 51.587375481779077 ], [ 14.745610723365861, 51.592407642371967 ], [ 14.756769657254852, 51.599666613257796 ], [ 14.76439987128755, 51.604661960751464 ], [ 14.763438822003312, 51.616200833180876 ], [ 14.754794279609103, 51.620810941814426 ], [ 14.742719696923128, 51.627023691782924 ], [ 14.75355457169181, 51.634067456363191 ], [ 14.761519040075045, 51.639278626739582 ], [ 14.752623267320537, 51.644019422243417 ], [ 14.740796162331021, 51.650101138913961 ], [ 14.751408013498509, 51.656997038701768 ], [ 14.759601859019645, 51.662356467789373 ], [ 14.750449071500922, 51.66723061365559 ], [ 14.738874944881143, 51.673178624274627 ], [ 14.737914974219501, 51.684717372970894 ], [ 14.728299816592116, 51.689832634428484 ], [ 14.71718914593635, 51.695535918959237 ], [ 14.707227939679388, 51.700831957454618 ], [ 14.696467001652534, 51.706351056016871 ], [ 14.686145118239068, 51.711835315550942 ], [ 14.675748994712535, 51.717162803935814 ], [ 14.674782364618471, 51.728700986447414 ], [ 14.663938198363413, 51.734456250251853 ], [ 14.654066509640893, 51.739509172051456 ], [ 14.653097026276123, 51.75104713511324 ], [ 14.652126966768018, 51.762585066036216 ], [ 14.651156160420966, 51.774122958506851 ], [ 14.650184429740449, 51.785660805956468 ], [ 14.649211590796602, 51.797198601574514 ], [ 14.637220483826852, 51.803541587416987 ], [ 14.617197342113334, 51.802950602906016 ], [ 14.608743067284086, 51.807265389546409 ], [ 14.596040262069181, 51.813977860906228 ], [ 14.588029824941264, 51.818062660320713 ], [ 14.587045547115709, 51.829599720176439 ], [ 14.594067432104, 51.834165495993695 ], [ 14.605796712064688, 51.841877089838796 ], [ 14.604810403456677, 51.853414145518009 ], [ 14.611842062317677, 51.857981790047823 ], [ 14.631858940222852, 51.858889305888134 ], [ 14.643340293474843, 51.866423879399761 ], [ 14.650770524196409, 51.871243971970465 ], [ 14.662132343962581, 51.878693273711413 ], [ 14.669692654939382, 51.883593953701393 ], [ 14.680937670651097, 51.890959984689957 ], [ 14.688625328351561, 51.895939351233359 ], [ 14.699756110759882, 51.903224000577644 ], [ 14.698770168637562, 51.914761483628425 ], [ 14.697781092974019, 51.926298840844147 ], [ 14.705376823344825, 51.931212784284895 ], [ 14.716612573432789, 51.938560319705104 ], [ 14.715620037313673, 51.950097622947396 ], [ 14.714623868998858, 51.961634782510096 ], [ 14.713623883895602, 51.973171791630833 ], [ 14.712619902896591, 51.984708643743517 ], [ 14.719961147382604, 51.989450266607491 ], [ 14.731463278427851, 51.99696771086132 ], [ 14.730454695231895, 52.00850446989746 ], [ 14.729441718701784, 52.020041057941469 ], [ 14.736764016605314, 52.024764768813881 ], [ 14.748297169849023, 52.032297549345429 ], [ 14.747279190429344, 52.043834031691731 ], [ 14.746256505286743, 52.055370332251037 ], [ 14.753590205204599, 52.06009571338457 ], [ 14.765124068640725, 52.067624247125366 ], [ 14.752235411530329, 52.074350797610421 ], [ 14.744196567428375, 52.078442371520829 ], [ 14.743159117835464, 52.089978103005421 ], [ 14.729878471363589, 52.096896937240068 ], [ 14.709722974356874, 52.096309149190738 ], [ 14.702326585604943, 52.100067289261723 ], [ 14.688450751770159, 52.107286501243024 ], [ 14.681384000024694, 52.110874075967779 ], [ 14.68031631951977, 52.122408359753543 ], [ 14.679243074383253, 52.133942427760381 ], [ 14.678164239353567, 52.145476278994778 ], [ 14.68436921145215, 52.149474452028393 ], [ 14.696985358563694, 52.15773907515505 ], [ 14.703409282279805, 52.161875093830432 ], [ 14.715821263979954, 52.169999231385368 ], [ 14.701930402553124, 52.177196467151624 ], [ 14.694810449940093, 52.180806303579928 ], [ 14.693714789029674, 52.192339600057416 ], [ 14.692613704291722, 52.203872686349939 ], [ 14.698957573363662, 52.207953708433145 ], [ 14.711449978204733, 52.216133247086852 ], [ 14.710343949761612, 52.227666240290354 ], [ 14.709232762057294, 52.239199033574614 ], [ 14.708116495433709, 52.250731629802495 ], [ 14.694113630917848, 52.257950975578545 ], [ 14.673885761956022, 52.257358022707095 ], [ 14.667072406698631, 52.260802999498189 ], [ 14.652529076017316, 52.268291195771269 ], [ 14.632296512263872, 52.267700811481923 ], [ 14.626038208331963, 52.270860675886247 ], [ 14.610924246645375, 52.278632569670208 ], [ 14.59068691467523, 52.278045376676708 ], [ 14.585015758527465, 52.280904741893949 ], [ 14.58384246425801, 52.292434483947858 ], [ 14.582664254054205, 52.303964030075058 ], [ 14.581481278738504, 52.315493385864734 ], [ 14.565843538757383, 52.323508755900143 ], [ 14.560350483700786, 52.326273327631903 ], [ 14.559151739450288, 52.337801945017262 ], [ 14.557948660981561, 52.349330387387425 ], [ 14.556741419063107, 52.360858661121526 ], [ 14.555530186332927, 52.372386772673195 ], [ 14.554315136557195, 52.383914728542692 ], [ 14.538628612788084, 52.391923964305484 ], [ 14.533123151668873, 52.394688026927561 ], [ 14.538030179490411, 52.39784608485818 ], [ 14.551874282404672, 52.406970199312582 ], [ 14.55064882509574, 52.418497727217144 ], [ 14.549420243691436, 52.430025125403169 ], [ 14.554792588123874, 52.433478474295775 ], [ 14.575067220392164, 52.434402356813806 ], [ 14.588223027953184, 52.443055516430768 ], [ 14.594187515479405, 52.44688426420074 ], [ 14.607041729550117, 52.455330833515738 ], [ 14.605825703474302, 52.466859046690736 ], [ 14.612166885371861, 52.470925530913838 ], [ 14.624669478845686, 52.479132228695818 ], [ 14.631314474877829, 52.483390178114824 ], [ 14.643533709997318, 52.491402979718309 ], [ 14.642324508084615, 52.502931660843281 ], [ 14.62868402825578, 52.509871632798856 ], [ 14.621021580822122, 52.513717143797592 ], [ 14.619801716768663, 52.525245279798384 ], [ 14.61858012678263, 52.536773339539366 ], [ 14.617356938589587, 52.548301327752355 ], [ 14.624409655713455, 52.552814776269479 ], [ 14.636251248440693, 52.56057387568471 ], [ 14.635032025990395, 52.572102112926515 ], [ 14.621817083431722, 52.57880842804677 ], [ 14.613678997600593, 52.582884908199972 ], [ 14.612450607467466, 52.594412654478553 ], [ 14.611221192513845, 52.605940350514246 ], [ 14.597985604948677, 52.612647448106003 ], [ 14.589846410395902, 52.616718343278627 ], [ 14.576438216583801, 52.623508435132024 ], [ 14.556045798722215, 52.622883590522882 ], [ 14.548332159091087, 52.626736119942827 ], [ 14.534482603077, 52.633743128071515 ], [ 14.526948369852613, 52.637502762009703 ], [ 14.512908463316055, 52.644601557439124 ], [ 14.505559568103047, 52.648265496259981 ], [ 14.491323351909834, 52.655459044735935 ], [ 14.470916437810997, 52.654835957143945 ], [ 14.464049819856786, 52.658254541351099 ], [ 14.462768142956081, 52.669779282684857 ], [ 14.448120098718906, 52.677171890757421 ], [ 14.441366158010185, 52.680530357267727 ], [ 14.440077050201543, 52.692054656896573 ], [ 14.425299705462484, 52.699505831943988 ], [ 14.418664213440636, 52.702801448557054 ], [ 14.403664316746429, 52.71036046734347 ], [ 14.39724807370496, 52.71354439162635 ], [ 14.395944964351132, 52.725067847388388 ], [ 14.380802509124772, 52.732692240723878 ], [ 14.374519032630147, 52.73580654257421 ], [ 14.359138680393505, 52.743546440664261 ], [ 14.353090631597318, 52.746541419532456 ], [ 14.337463629610543, 52.754401162735256 ], [ 14.331660165322933, 52.75727249425718 ], [ 14.315777318488781, 52.765256640002569 ], [ 14.310228056601856, 52.767999783773661 ], [ 14.294079707020654, 52.776113116545922 ], [ 14.273616801092887, 52.775496928207382 ], [ 14.268703744765677, 52.777922081889862 ], [ 14.267360704170759, 52.789443080839625 ], [ 14.250650413735116, 52.797830103314723 ], [ 14.245926411303582, 52.800159128214034 ], [ 14.2289186422552, 52.808691163646756 ], [ 14.224492380615619, 52.810871470187166 ], [ 14.207175390838268, 52.819554325204692 ], [ 14.186691506367501, 52.81894761398457 ], [ 14.182995194127939, 52.820765732613175 ], [ 14.164931388791304, 52.829816197768992 ], [ 14.1444420387853, 52.829217251528291 ], [ 14.141530921967602, 52.830647086872048 ], [ 14.140149795815104, 52.842165656451961 ], [ 14.138770042418653, 52.853684272695823 ], [ 14.141508112319642, 52.855448692959463 ], [ 14.157453543385417, 52.866024649237552 ], [ 14.15608366572064, 52.877543790551407 ], [ 14.159375742616001, 52.879663082216403 ], [ 14.174806438516576, 52.889882746797348 ], [ 14.157253355949038, 52.8986667719577 ], [ 14.153348124145946, 52.900582216738719 ], [ 14.151982511843018, 52.912101503847609 ], [ 14.15061837036377, 52.923620841686144 ], [ 14.149255721876337, 52.935140231224736 ], [ 14.147894587351225, 52.94665967338527 ], [ 14.146534986695023, 52.958179169046502 ], [ 14.15031850878025, 52.96061125134419 ], [ 14.165314721361268, 52.970521343981993 ], [ 14.169527563099338, 52.973227232342175 ], [ 14.190035520423507, 52.974273681998085 ], [ 14.204296031634389, 52.983678796107306 ], [ 14.209264405954467, 52.986865527576043 ], [ 14.229781855058443, 52.987890358818561 ], [ 14.243357869477622, 52.996826206091562 ], [ 14.249030376358949, 53.000459512501678 ], [ 14.262259662338487, 53.009157079218554 ], [ 14.268291021808944, 53.013017136726056 ], [ 14.28882511802027, 53.014011678906627 ], [ 14.30144078110736, 53.022289351775697 ], [ 14.308105140549271, 53.026548588808609 ], [ 14.320410148495158, 53.034613115451805 ], [ 14.327397166963685, 53.039074977650543 ], [ 14.339403340979285, 53.046934579986626 ], [ 14.346701161695634, 53.051591170346462 ], [ 14.358419819717694, 53.059253713403216 ], [ 14.357139199085674, 53.070777729917914 ], [ 14.364774706756199, 53.075644827249761 ], [ 14.376185278583478, 53.083094884176099 ], [ 14.374912518711728, 53.094619313520568 ], [ 14.373640805427705, 53.106143773683968 ], [ 14.372370151019394, 53.117668265193991 ], [ 14.380389963542891, 53.122772919897521 ], [ 14.39145847848209, 53.129984146272498 ], [ 14.390195512304564, 53.141509041040599 ], [ 14.37770315493929, 53.147759919353319 ], [ 14.368564665505749, 53.152241933145902 ], [ 14.367298371993963, 53.1637665554221 ], [ 14.366033201188751, 53.175291211780113 ], [ 14.374179715945473, 53.180470937407399 ], [ 14.385154291860891, 53.187608934759233 ], [ 14.383896713457856, 53.199133989642093 ], [ 14.392322687034493, 53.204485909666687 ], [ 14.403045364348152, 53.211449609651773 ], [ 14.401795263687985, 53.222975056196582 ], [ 14.410486304355382, 53.228489672415684 ], [ 14.42097091842364, 53.235288538082827 ], [ 14.429902005084491, 53.240950869867703 ], [ 14.440166841750619, 53.247599500178559 ], [ 14.449329534737656, 53.253403954183362 ], [ 14.459382676375339, 53.259907919682007 ], [ 14.448033561575732, 53.26558618832221 ], [ 14.437694873441098, 53.270651890984425 ], [ 14.426108764123757, 53.276446683251386 ], [ 14.416006600329199, 53.281392060820657 ], [ 14.414768325118656, 53.292918025393902 ], [ 14.413531206893138, 53.304444024977805 ], [ 14.412295264639315, 53.315970060352804 ], [ 14.411060518188195, 53.327496132332229 ], [ 14.4098269882584, 53.339022241763963 ], [ 14.408594696499691, 53.350548389532193 ], [ 14.396718032705712, 53.356483238885573 ], [ 14.386884899083164, 53.361283184873436 ], [ 14.395603540889296, 53.366800930941807 ], [ 14.406133919013724, 53.373600803806603 ], [ 14.394225396820611, 53.379550605368308 ], [ 14.384417514381395, 53.384335093412581 ], [ 14.383185890388221, 53.395861114153782 ], [ 14.381955682051593, 53.407387180703147 ], [ 14.380726918477064, 53.418913294241307 ], [ 14.379499630062794, 53.430439455999633 ], [ 14.378273848550071, 53.441965667262053 ], [ 14.377049607074976, 53.453491929367196 ], [ 14.364682394923298, 53.459666219281836 ], [ 14.355318332586206, 53.464221118333498 ], [ 14.354093210045315, 53.475747215745962 ], [ 14.352869799431694, 53.487273371264408 ], [ 14.351648141308281, 53.498799586526431 ], [ 14.338824154115439, 53.505198725301952 ], [ 14.329914250136127, 53.509524528670568 ], [ 14.328692492810733, 53.521050611885634 ], [ 14.327472692171057, 53.532576763457598 ], [ 14.314182875717021, 53.539205583279369 ], [ 14.305740958252331, 53.54329777303461 ], [ 14.304521792257134, 53.554823823273125 ], [ 14.31193488430333, 53.559506390571187 ], [ 14.323825535413906, 53.567155648703391 ], [ 14.322614077174002, 53.578682094511535 ], [ 14.321404844328692, 53.590208619511692 ], [ 14.32019789742723, 53.601735226140484 ], [ 14.318993299482699, 53.613261916932146 ], [ 14.305204556076323, 53.620137192472434 ], [ 14.297254918815629, 53.623981853169674 ], [ 14.296052390420503, 53.635508503667793 ], [ 14.294852510428909, 53.647035250878417 ], [ 14.293655355108029, 53.658562097874736 ], [ 14.279159121640493, 53.665787157235719 ], [ 14.27192669644246, 53.669278309593814 ], [ 14.278316468375063, 53.673308081855552 ], [ 14.291269538902295, 53.68161610412843 ], [ 14.276563227276982, 53.688945303157027 ], [ 14.269542234491439, 53.692332148945084 ], [ 14.268354718061316, 53.703859244473527 ], [ 14.267170471179911, 53.715386462345677 ], [ 14.265989593435034, 53.726913806580747 ], [ 14.271881906414642, 53.730625768541302 ], [ 14.285358634798261, 53.739253105652992 ], [ 14.270053159186153, 53.746879599345064 ], [ 14.263638363510294, 53.74996889100823 ], [ 14.269303683759111, 53.753536282928565 ], [ 14.283017754659429, 53.762308782085768 ], [ 14.281852771388612, 53.773836825047049 ], [ 14.280691580357155, 53.785365010699643 ], [ 14.279534303046026, 53.796893343916494 ], [ 14.263513257836749, 53.804875247039348 ], [ 14.257827015143759, 53.807609126571151 ], [ 14.256677180598835, 53.819137646587357 ], [ 14.255531807840578, 53.830666336989012 ], [ 14.238593802668408, 53.839102422594308 ], [ 14.233850766705441, 53.841379219005347 ], [ 14.232714685259245, 53.852908175040454 ], [ 14.231583698570404, 53.864437327881696 ], [ 14.230457976729385, 53.875966684395877 ], [ 14.229337696543814, 53.887496251719291 ], [ 14.228223041812578, 53.899026037268698 ], [ 14.209626744668466, 53.908284693312829 ], [ 14.206593891523779, 53.909736794065118 ], [ 14.209267449520436, 53.911417141547048 ], [ 14.226011380598123, 53.922086294184126 ], [ 14.228925257188399, 53.923916161749176 ], [ 14.249893611345383, 53.925002272686633 ], [ 14.270864283901741, 53.926075821236545 ], [ 14.291837216598438, 53.927137164786721 ], [ 14.296550611002157, 53.924875808665291 ], [ 14.314094199239312, 53.916767252900705 ], [ 14.319443498555984, 53.914198436307551 ], [ 14.33634216284946, 53.906375560194398 ], [ 14.357310859649985, 53.907395621084589 ], [ 14.378281574038658, 53.908404974415312 ], [ 14.391860002593697, 53.917005154697812 ], [ 14.397994360745718, 53.920839551839556 ], [ 14.418974373715093, 53.92183126512947 ], [ 14.439956288237974, 53.922812961340973 ], [ 14.452767735741187, 53.930904745334956 ], [ 14.45969583270387, 53.935226400643309 ], [ 14.472366256443109, 53.943219572288619 ], [ 14.479447501368847, 53.947633073230605 ], [ 14.491982927137629, 53.955531654523298 ], [ 14.499211287087093, 53.9600330850663 ], [ 14.520216780199638, 53.9609850248168 ], [ 14.532350280493592, 53.968615173285698 ], [ 14.539999884188447, 53.973372044735939 ], [ 14.561014314809679, 53.974308518918725 ], [ 14.572770223923488, 53.981686557682856 ], [ 14.580816680789614, 53.986682971212765 ], [ 14.601839958762667, 53.987604510235862 ], [ 14.622864880590164, 53.988517509995603 ], [ 14.634027826772888, 53.995503989919349 ], [ 14.642693577040703, 54.000873876819412 ], [ 14.663727213257644, 54.001772704707101 ], [ 14.68476241560592, 54.002663432948026 ], [ 14.695384331371013, 54.009292912608785 ], [ 14.704617320186257, 54.015002515083026 ], [ 14.725661117170638, 54.015879746841655 ], [ 14.735991105929573, 54.022314292988931 ], [ 14.74553509110806, 54.028207652045523 ], [ 14.766587414738186, 54.029071769793227 ], [ 14.776643036861008, 54.035323054755416 ], [ 14.786480423991486, 54.041388770224081 ], [ 14.807541210507962, 54.04224012778478 ], [ 14.82860341444124, 54.043084193580817 ], [ 14.849667013212226, 54.043921092203973 ], [ 14.859103638516123, 54.049766801602367 ], [ 14.869592984861191, 54.056217217035559 ], [ 14.890664915974883, 54.057042048164341 ], [ 14.911738186477264, 54.057860002743773 ], [ 14.932812776331547, 54.058671188189152 ], [ 14.941700563895825, 54.064157462125713 ], [ 14.952771553516939, 54.070947339203414 ], [ 14.973854360300576, 54.071747046913799 ], [ 14.982545049677467, 54.077101118949813 ], [ 14.993832016873514, 54.084013380548093 ], [ 15.014922994043001, 54.08480184652619 ], [ 15.036015212664207, 54.085583928939784 ], [ 15.044380506976813, 54.090723399171743 ], [ 15.056018615523788, 54.097835963977644 ], [ 15.077118933255067, 54.098607150381234 ], [ 15.098220448937841, 54.099372162108466 ], [ 15.106288610782995, 54.104315500931278 ], [ 15.118249543106669, 54.111610230859661 ], [ 15.139359092049089, 54.112364654267999 ], [ 15.160469798520889, 54.113113090489954 ], [ 15.16826684926607, 54.117877249112865 ], [ 15.180524534794435, 54.125337483003051 ], [ 15.201643213444889, 54.126075604816087 ], [ 15.209304874955597, 54.130747880553237 ], [ 15.221716730154114, 54.138290916192666 ], [ 15.242843346140353, 54.139018876642503 ], [ 15.263971059913287, 54.139741109115981 ], [ 15.271399687287685, 54.144258902691249 ], [ 15.284070154037828, 54.151943140643667 ], [ 15.305205750630064, 54.152655438319634 ], [ 15.326342411045005, 54.153362149843772 ], [ 15.347480122827596, 54.154063330115015 ], [ 15.36861887381921, 54.154759031916505 ], [ 15.389758652145007, 54.155449305999383 ], [ 15.396696589106449, 54.159647379070449 ], [ 15.409903605579762, 54.167625709398607 ], [ 15.431051158264117, 54.16830645939276 ], [ 15.452199708344907, 54.168981894484844 ], [ 15.473349244843538, 54.169652058936016 ], [ 15.494499757014797, 54.170316995307992 ], [ 15.515651234337088, 54.170976744528033 ], [ 15.522183226131851, 54.174909271207667 ], [ 15.535841853612098, 54.183128153966948 ], [ 15.557001008890447, 54.183778700594068 ], [ 15.578161102521202, 54.184424149685512 ], [ 15.584556486575883, 54.18826397080489 ], [ 15.598377107331613, 54.196563053583318 ], [ 15.619544838470102, 54.197199421414204 ], [ 15.640713482359308, 54.197830772177042 ], [ 15.661883029619744, 54.19845713825697 ], [ 15.668094473153493, 54.202173523939102 ], [ 15.682131092213869, 54.21057963186432 ], [ 15.703308223170501, 54.211197063304809 ], [ 15.724486233355302, 54.211809579207404 ], [ 15.745665113931132, 54.212417207788633 ], [ 15.751718778303374, 54.216026586431958 ], [ 15.765945181250366, 54.224523415410303 ], [ 15.787131594613392, 54.225122232118885 ], [ 15.793151298418888, 54.228704403966191 ], [ 15.807430293681547, 54.237220118257497 ], [ 15.828624219054211, 54.237810166971357 ], [ 15.849818977998803, 54.238395417184257 ], [ 15.855762056126737, 54.241922421643963 ], [ 15.870142967509281, 54.250481057984182 ], [ 15.891345204471424, 54.25105760706316 ], [ 15.912548253305587, 54.251629406716894 ], [ 15.93375210608548, 54.252196477823752 ], [ 15.954956754990803, 54.252758840398734 ], [ 15.976162192302994, 54.253316513621108 ], [ 15.997368410401181, 54.253869515861069 ], [ 16.018575401758273, 54.254417864705204 ], [ 16.024260475222992, 54.257769733306731 ], [ 16.038957817593985, 54.266471726061127 ], [ 16.060172189687282, 54.267011532078797 ], [ 16.081387315103228, 54.267546718459869 ], [ 16.087039249689958, 54.270870068313101 ], [ 16.1017949331933, 54.279588387599276 ], [ 16.123017408818363, 54.280115064426241 ], [ 16.128674867435691, 54.283435248929436 ], [ 16.143443616544072, 54.292148429375395 ], [ 16.14913866249637, 54.295486786443213 ], [ 16.163881818266812, 54.30417737555976 ], [ 16.185118224386013, 54.304691649046163 ], [ 16.190826238301295, 54.308031164214832 ], [ 16.205575026246017, 54.316712247360059 ], [ 16.211325293315294, 54.320072574141669 ], [ 16.2260438387219, 54.328728382981026 ], [ 16.23183840904569, 54.33211066583771 ], [ 16.246524670410668, 54.340740032987078 ], [ 16.252365631923158, 54.344145434420938 ], [ 16.267017529940407, 54.352747173404865 ], [ 16.27290701039718, 54.356176875024332 ], [ 16.287522425969296, 54.364749779185068 ], [ 16.293462594987631, 54.368204982795412 ], [ 16.308039367184648, 54.376747824175879 ], [ 16.314032438339616, 54.380229752895524 ], [ 16.313355928160675, 54.391779714186015 ], [ 16.327820245779087, 54.400247187295811 ], [ 16.333947183833999, 54.403801335605039 ], [ 16.348366780966078, 54.412235314491497 ], [ 16.354552866175439, 54.415819608812264 ], [ 16.353892748299323, 54.427369986538885 ], [ 16.368187816477942, 54.435721774475525 ], [ 16.374520187865699, 54.439385099567538 ], [ 16.38876402264064, 54.447699730735025 ], [ 16.395162240124833, 54.451396853950754 ], [ 16.394519062488232, 54.462947649668585 ], [ 16.408625351590363, 54.471172757980142 ], [ 16.415183252422949, 54.474956232633481 ], [ 16.429231306595842, 54.483140261975251 ], [ 16.43586226104502, 54.486961446627532 ], [ 16.435236625913621, 54.498512662485339 ], [ 16.449133067586569, 54.506599269351732 ], [ 16.455938192068981, 54.510514694093182 ], [ 16.469768850193557, 54.518556008604101 ], [ 16.491122017387841, 54.519013391087398 ], [ 16.497988969694561, 54.522956827582171 ], [ 16.511776566255772, 54.530961169954914 ], [ 16.518728038834389, 54.534948518538634 ], [ 16.532443286152258, 54.542903911091393 ], [ 16.55381029935862, 54.543348637872548 ], [ 16.560833460000186, 54.547369409012745 ], [ 16.57449579708716, 54.555282298579208 ], [ 16.595870035298454, 54.555718329160086 ], [ 16.617244893876585, 54.556149669021423 ], [ 16.624334219997312, 54.560197529411568 ], [ 16.637955759880157, 54.568070153588408 ], [ 16.659337814490829, 54.568492779664666 ], [ 16.680720470923131, 54.568910721894333 ], [ 16.702103722408712, 54.569323987297174 ], [ 16.723487562219709, 54.569732582423512 ], [ 16.744871983666567, 54.570136513371949 ], [ 16.766256980095861, 54.570535785807358 ], [ 16.773410559976067, 54.574597331509459 ], [ 16.787019460570352, 54.582426669678014 ], [ 16.808411577828615, 54.582817189097028 ], [ 16.829804251923388, 54.583203049901307 ], [ 16.837066627286394, 54.587315494599075 ], [ 16.850592032713333, 54.595080367298202 ], [ 16.871991798955758, 54.595457440142958 ], [ 16.893392103948152, 54.595829851993244 ], [ 16.914792941159615, 54.596197606441848 ], [ 16.922186452124166, 54.600370215135477 ], [ 16.935612539624987, 54.60805703204398 ], [ 16.943123096339516, 54.61229084161188 ], [ 16.956444353847989, 54.619910936703064 ], [ 16.964075843770598, 54.624207992123878 ], [ 16.977288392603622, 54.631759255465148 ], [ 16.985044822971695, 54.636121661837819 ], [ 16.998144664660156, 54.643601920915657 ], [ 17.006030167384253, 54.648031845910992 ], [ 17.019013178777609, 54.655438863076682 ], [ 17.02703201554478, 54.659938539490732 ], [ 17.039893943706154, 54.667270009298612 ], [ 17.061334450645006, 54.667607780453082 ], [ 17.069507903936643, 54.672185617667559 ], [ 17.082233995864964, 54.679428773082059 ], [ 17.090550943138943, 54.684081658543931 ], [ 17.103145808315809, 54.691243797013506 ], [ 17.124599834031994, 54.69156823504111 ], [ 17.133086117655246, 54.696306976719477 ], [ 17.145530435767, 54.703372873707949 ], [ 17.166991441320249, 54.703688216743274 ], [ 17.175656338625185, 54.70851766713637 ], [ 17.187940833375322, 54.71548232978008 ], [ 17.209408800355032, 54.715788532447668 ], [ 17.21826192385678, 54.720713704453949 ], [ 17.230376983464733, 54.727571973362579 ], [ 17.251851893226601, 54.727868989269986 ], [ 17.260903204870651, 54.732895063064184 ], [ 17.272838867797095, 54.739641605354727 ], [ 17.294320701440739, 54.739929387417064 ], [ 17.315802958588495, 54.740212380696335 ], [ 17.33728563248124, 54.740490589211944 ], [ 17.346618891767978, 54.745656230487221 ], [ 17.358304355408578, 54.752243223279891 ], [ 17.379793909342876, 54.752512132748684 ], [ 17.401283860861291, 54.752776254063669 ], [ 17.422774203146805, 54.753035592862986 ], [ 17.444264929372817, 54.75329015533972 ], [ 17.465756032701833, 54.753539948316103 ], [ 17.475497876444368, 54.758906663513713 ], [ 17.486819348784206, 54.765263065888753 ], [ 17.508317261962627, 54.765503497691888 ], [ 17.52981553263993, 54.765739166881978 ], [ 17.551314153893596, 54.765970083551935 ], [ 17.572813118785653, 54.766196258836246 ], [ 17.582972741462687, 54.771771399782793 ], [ 17.593914456656048, 54.777893914949324 ], [ 17.615420171784095, 54.778110708552013 ], [ 17.636926210494885, 54.778322782287098 ], [ 17.658432565754712, 54.778530152332515 ], [ 17.668992946591093, 54.784306990478022 ], [ 17.679565424928906, 54.790206637012417 ], [ 17.701078482234056, 54.790404638382178 ], [ 17.722591835644089, 54.790597974113886 ], [ 17.733515168637936, 54.796558789122152 ], [ 17.743749774297093, 54.802257725468706 ], [ 17.765269793837888, 54.802441719857491 ], [ 17.786790088743729, 54.802621102133529 ], [ 17.808310651824041, 54.802795901396976 ], [ 17.819693683591829, 54.808988593093588 ], [ 17.829500001109295, 54.814434023438892 ], [ 17.851027179791455, 54.814599580819539 ], [ 17.872554605599731, 54.814760634578633 ], [ 17.884347256819378, 54.821160985163004 ], [ 17.893768955951177, 54.82638167492501 ], [ 17.915302959746175, 54.826533592989144 ], [ 17.93683718944401, 54.826681109753757 ], [ 17.958371637806401, 54.826824273125339 ], [ 17.979906297616072, 54.826963134219042 ], [ 18.001441161682845, 54.827097747456691 ], [ 18.022976222850346, 54.827228170654621 ], [ 18.044511474003247, 54.827354465099376 ], [ 18.06604690807508, 54.827476695609619 ], [ 18.087582518056632, 54.827594930581654 ], [ 18.109118297004827, 54.827709242017356 ], [ 18.130654238052195, 54.827819705531361 ], [ 18.152190334416815, 54.827926400336082 ], [ 18.173726579412673, 54.828029409201953 ], [ 18.195262966460497, 54.828128818390852 ], [ 18.216799489098882, 54.828224717560467 ], [ 18.238336140995731, 54.828317199637723 ], [ 18.259872915959861, 54.828406360659315 ], [ 18.281409807952748, 54.82849229957754 ], [ 18.302946811100242, 54.828575118030336 ], [ 18.324483919704186, 54.828654920073859 ], [ 18.346021128253788, 54.828731811877319 ], [ 18.353923456356451, 54.824568388327378 ], [ 18.367737384907105, 54.817352505571833 ], [ 18.375759164419929, 54.813122298703327 ], [ 18.389441444842166, 54.805968879176298 ], [ 18.39758181724882, 54.801672226470096 ], [ 18.411133312303662, 54.794581127072611 ], [ 18.419391775964087, 54.79021817865349 ], [ 18.419740555438594, 54.778659480275522 ], [ 18.420083754874543, 54.767100732759438 ], [ 18.411599670502046, 54.76246307083548 ], [ 18.398984926948618, 54.755437613941076 ], [ 18.399322222734721, 54.743878837930623 ], [ 18.399654429512541, 54.732320014331272 ], [ 18.412131288421893, 54.725772657177927 ], [ 18.421403865555735, 54.720865266787953 ], [ 18.433773987987294, 54.714368767699291 ], [ 18.443141629549768, 54.709406571561665 ], [ 18.455404539878877, 54.702961429347397 ], [ 18.464868001356521, 54.697943934455893 ], [ 18.465166524354533, 54.686384739685792 ], [ 18.465460544526891, 54.674825502691235 ], [ 18.465750182249135, 54.66326622402314 ], [ 18.46603555352754, 54.651706904211892 ], [ 18.46631677016164, 54.640147543768116 ], [ 18.477760202442152, 54.634114985439432 ], [ 18.499194648509338, 54.634186114835174 ], [ 18.509381349560662, 54.628769039020931 ], [ 18.509644552858393, 54.617209487345825 ], [ 18.509903870451584, 54.605649897619728 ], [ 18.52103432072672, 54.599771687588927 ], [ 18.531543319311758, 54.59417490964136 ], [ 18.531790087167447, 54.582615192916272 ], [ 18.542708445676158, 54.576842714415285 ], [ 18.553410702358825, 54.571136214169449 ], [ 18.553645205936341, 54.559576375401306 ], [ 18.553876241976546, 54.54801650154095 ], [ 18.554103893113894, 54.536456592903697 ], [ 18.554328238985224, 54.524896649793078 ], [ 18.554549356333755, 54.513336672501296 ], [ 18.554767319108731, 54.50177666130962 ], [ 18.56497035889101, 54.496364917847927 ], [ 18.576327329733886, 54.490293299095462 ], [ 18.565100113436699, 54.48414147921882 ], [ 18.555194063334387, 54.478656538299404 ], [ 18.5554029795539, 54.467096426992207 ], [ 18.555609010909475, 54.455536282808474 ], [ 18.565458810475082, 54.450302846997367 ], [ 18.577136346180922, 54.444052611326299 ], [ 18.58691314607572, 54.438854919012101 ], [ 18.598654172836049, 54.432565071727559 ], [ 18.598841306869968, 54.421004746014098 ], [ 18.608465334148228, 54.41588313688613 ], [ 18.629785904915845, 54.415951708846116 ], [ 18.641661457454603, 54.409578402481486 ], [ 18.651204347621949, 54.404496441605609 ], [ 18.672519075616176, 54.404561947444137 ], [ 18.684473160147345, 54.398136869107773 ], [ 18.693919664499973, 54.393102825333713 ], [ 18.705951642778533, 54.386630103430214 ], [ 18.715308321291445, 54.381641190521549 ], [ 18.727420534861928, 54.375119487875224 ], [ 18.73668505593006, 54.370176997876193 ], [ 18.757982126484332, 54.370236387722223 ], [ 18.779279257551092, 54.370293956045934 ], [ 18.800576447450055, 54.370349660735222 ], [ 18.812853733205788, 54.363721151901743 ], [ 18.821923557496323, 54.358877900770658 ], [ 18.843214897336523, 54.358929912029865 ], [ 18.855626444487765, 54.35221888219538 ], [ 18.864544206788189, 54.34745334849044 ], [ 18.885829693250624, 54.347501358368937 ], [ 18.907115229236851, 54.347547174502807 ], [ 18.928400812414115, 54.347590722999833 ], [ 18.937042959080962, 54.352288805456638 ], [ 18.949672357329952, 54.359157975116823 ], [ 18.962318533582621, 54.35229934229595 ], [ 18.970972110258231, 54.347670705570408 ], [ 18.992257819482106, 54.347706977461996 ], [ 19.013543564998105, 54.347740658382925 ], [ 19.034829343657165, 54.347771663122671 ], [ 19.056115152133053, 54.347799905718105 ], [ 19.077400986921329, 54.34782529992507 ], [ 19.098686844339671, 54.347847759667602 ], [ 19.11997272052955, 54.347867199461405 ], [ 19.141258611459122, 54.347883534808837 ], [ 19.162544512927212, 54.347896682563444 ], [ 19.183830420568277, 54.347906561262178 ], [ 19.19167970772903, 54.352153029646367 ], [ 19.205173744906389, 54.359439405013937 ], [ 19.226465610172642, 54.35944263697764 ], [ 19.247757467810892, 54.35944238174131 ], [ 19.269049312876593, 54.359438566434967 ], [ 19.290341140294345, 54.359431121010793 ], [ 19.29788289589678, 54.363498693794739 ], [ 19.311720208993066, 54.37094575309483 ], [ 19.333017949213811, 54.370931041868268 ], [ 19.354315656137157, 54.370912518101782 ], [ 19.375613324253749, 54.370890123288085 ], [ 19.382919892732701, 54.374819958652694 ], [ 19.39702213493808, 54.382389099311688 ], [ 19.418325677117977, 54.382359033323837 ], [ 19.42555064359988, 54.386238273538993 ], [ 19.439752361074067, 54.393849402253224 ], [ 19.461061759121513, 54.393811502395067 ], [ 19.468207521181018, 54.397641455192776 ], [ 19.482506313327061, 54.405293137765049 ], [ 19.503821548572411, 54.40524725851359 ], [ 19.510890956525952, 54.409029480223268 ], [ 19.5252839695986, 54.416720046287651 ], [ 19.546605022975822, 54.416666058698333 ], [ 19.55360132910042, 54.4204023248544 ], [ 19.568085307040985, 54.428129896441796 ], [ 19.575084160629668, 54.431863007729305 ], [ 19.589577562840244, 54.439588683399151 ], [ 19.596581200217145, 54.443319806535165 ], [ 19.611081795698666, 54.451042390763348 ], [ 19.618092501796689, 54.454772715047895 ], [ 19.632598010880166, 54.462490989613876 ], [ 19.646863138965287, 54.454622139709748 ], [ 19.653758930997338, 54.450897626436337 ], [ 19.67509732143299, 54.450818693141656 ], [ 19.696435585467352, 54.450735365908855 ], [ 19.71777371690667, 54.45064762782453 ], [ 19.739111709562366, 54.450555464211426 ], [ 19.76044955725461, 54.450458862508853 ], [ 19.781787253815573, 54.450357812154266 ], [ 19.803124793092358, 54.450252304466545 ], [ 19.817964899465874, 54.442023941518251 ], [ 19.824230730033907, 54.43861928806821 ], [ 19.845561940803847, 54.438504554247018 ], [ 19.866892975833522, 54.438385352800616 ], [ 19.888223829071503, 54.438261681780311 ], [ 19.909554494491456, 54.438133540549195 ], [ 19.930884966093402, 54.438000929686709 ], [ 19.952215237904756, 54.43786385089755 ], [ 19.967486530218416, 54.42935780918782 ], [ 19.973272058941657, 54.426196125294304 ], [ 19.994595921279537, 54.426049882331924 ], [ 20.015919566105541, 54.42589918956044 ], [ 20.037242987581067, 54.425744052492121 ], [ 20.058566179897472, 54.425584477353375 ], [ 20.079889137276254, 54.425420471020438 ], [ 20.101211853969122, 54.425252040959009 ], [ 20.122534324257956, 54.425079195167747 ], [ 20.138199995367412, 54.416308360492366 ], [ 20.143535558411713, 54.413372951614576 ], [ 20.164851531333092, 54.413191130618195 ], [ 20.186167241033782, 54.413004928057056 ], [ 20.207482681929456, 54.412814353571406 ], [ 20.228797848464662, 54.412619417093595 ], [ 20.250112735112499, 54.412420128812208 ], [ 20.271427336374256, 54.412216499139092 ], [ 20.292741646779032, 54.412008538678649 ], [ 20.308714970404569, 54.403019211880114 ], [ 20.313687009853613, 54.400265094410287 ], [ 20.33499474028476, 54.400048401348513 ], [ 20.356302163873202, 54.399827417256326 ], [ 20.377609275266529, 54.399602153184588 ], [ 20.39891606913767, 54.399372620250936 ], [ 20.420222540184433, 54.399138829621776 ], [ 20.436387238915291, 54.39000593979015 ], [ 20.441124396755168, 54.387368149075975 ], [ 20.462424230065647, 54.387125820057342 ], [ 20.483723725116992, 54.386879273413342 ], [ 20.505022876711191, 54.386628520263123 ], [ 20.526321679672485, 54.386373571700169 ], [ 20.547620128846891, 54.386114438781199 ], [ 20.568918219101715, 54.385851132516152 ], [ 20.590215945325056, 54.385583663858526 ], [ 20.606564943310268, 54.376298894176514 ], [ 20.611061499718954, 54.373778221244137 ], [ 20.632352513127753, 54.373502456915389 ], [ 20.653643147680246, 54.373222568165872 ], [ 20.674933398349548, 54.372938565538753 ], [ 20.696223260126747, 54.372650459479516 ], [ 20.71751272802037, 54.372358260329001 ], [ 20.738801797055817, 54.372061978316573 ], [ 20.760090462274814, 54.371761623553596 ], [ 20.781378718734803, 54.371457206026875 ], [ 20.802666561508346, 54.371148735592151 ], [ 20.819165129497836, 54.36171905522491 ], [ 20.823442830386483, 54.359301756540283 ], [ 20.844723869661649, 54.358985259515599 ], [ 20.866004480999031, 54.358664742717863 ], [ 20.887284659529808, 54.358340215316765 ], [ 20.908564400396799, 54.358011686319486 ], [ 20.929843698753707, 54.357679164564139 ], [ 20.951122549764417, 54.357342658713279 ], [ 20.972400948602193, 54.357002177247423 ], [ 20.993678890448891, 54.356657728458416 ], [ 21.014956370494193, 54.356309320442747 ], [ 21.036233383934707, 54.355956961094996 ], [ 21.057509925973168, 54.355600658101011 ], [ 21.078785991817529, 54.355240418931366 ], [ 21.100061576680076, 54.354876250834565 ], [ 21.116662773352541, 54.345303752652846 ], [ 21.120742482164228, 54.342973971138335 ], [ 21.14201113980927, 54.342602071325132 ], [ 21.16327930262295, 54.342226266051163 ], [ 21.184546965828783, 54.341846561540351 ], [ 21.205814124649887, 54.341462963765174 ], [ 21.227080774308011, 54.341075478440658 ], [ 21.24371932552986, 54.331443638869047 ], [ 21.24771742151264, 54.329149830127406 ], [ 21.268977094501061, 54.32875471015879 ], [ 21.273201412906928, 54.330891586112671 ], [ 21.29087762048135, 54.339889750343424 ], [ 21.312142185643935, 54.339486766631097 ], [ 21.333406217697863, 54.339079919894409 ], [ 21.354669711836255, 54.338669214194368 ], [ 21.375932663244082, 54.338254653300972 ], [ 21.392569063332381, 54.328582646597717 ], [ 21.396523981530631, 54.326302885291554 ], [ 21.41777989267537, 54.325880766416802 ], [ 21.439035247127155, 54.325454804288974 ], [ 21.460290040033282, 54.325025001457433 ], [ 21.481544266528488, 54.32459136017161 ], [ 21.502797921734132, 54.324153882379939 ], [ 21.52405100075735, 54.323712569729182 ], [ 21.545303498690298, 54.323267423564381 ], [ 21.566555410609404, 54.322818444929204 ], [ 21.570739302816047, 54.324916107857135 ], [ 21.588531260149129, 54.333897624513114 ], [ 21.609787920480453, 54.333440819546823 ], [ 21.631043979338173, 54.332980181135589 ], [ 21.652299431722508, 54.33251570912266 ], [ 21.673554272614382, 54.332047403054979 ], [ 21.69480849697489, 54.331575262186462 ], [ 21.716062099744782, 54.331099285481542 ], [ 21.737315075843963, 54.330619471619116 ], [ 21.758567420171072, 54.330135818996951 ], [ 21.779819127603066, 54.329648325736287 ], [ 21.784030655428488, 54.331745317561577 ], [ 21.801854550596531, 54.340686499464482 ], [ 21.823110901718529, 54.340191131819545 ], [ 21.844366599777242, 54.339691913721218 ], [ 21.865621639549982, 54.339188842192186 ], [ 21.88687601579052, 54.338681914002564 ], [ 21.908129723228821, 54.338171125675835 ], [ 21.929382756570895, 54.337656473495073 ], [ 21.950635110498585, 54.337137953508993 ], [ 21.971886779669429, 54.33661556153816 ], [ 21.993137758716518, 54.336089293181175 ], [ 22.014388042248363, 54.335559143820603 ], [ 22.035637624848786, 54.335025108629033 ], [ 22.056886501076807, 54.334487182574712 ], [ 22.061155893895144, 54.336593921294345 ], [ 22.078996649242644, 54.345471483703079 ], [ 22.100250023586593, 54.344925536464594 ], [ 22.121502674267091, 54.344375678687598 ], [ 22.142754595728718, 54.343821904495158 ], [ 22.164005782390365, 54.343264207829314 ], [ 22.185256228645077, 54.342702582455274 ], [ 22.206505928859912, 54.342137021965186 ], [ 22.22775487737573, 54.341567519781613 ], [ 22.249003068507047, 54.340994069160352 ], [ 22.27025049654176, 54.340416663193217 ], [ 22.291497155740934, 54.33983529480971 ], [ 22.312743040338471, 54.339249956778886 ], [ 22.317117723077718, 54.341389849576899 ], [ 22.334921796209141, 54.350183077897931 ], [ 22.356172034429481, 54.349589507999163 ], [ 22.377421479566284, 54.348991941228292 ], [ 22.398670125722429, 54.348390369610186 ], [ 22.419917966971205, 54.347784785007036 ], [ 22.441164997355731, 54.347175179116434 ], [ 22.445637824807299, 54.349352518809702 ], [ 22.463380987733029, 54.35808150894448 ], [ 22.484632295968922, 54.35746353521359 ], [ 22.505882774138236, 54.356841508952826 ], [ 22.527132416135032, 54.356215421050912 ], [ 22.548381215819028, 54.355585262211868 ], [ 22.569629167014664, 54.354951022949528 ], [ 22.590876263510101, 54.354312693581335 ], [ 22.612122499056074, 54.353670264221449 ], [ 22.633367867364743, 54.353023724773387 ], [ 22.638012728414829, 54.355268567589178 ], [ 22.655636005591997, 54.36388932760542 ], [ 22.676885530489059, 54.363234183447744 ], [ 22.698134167671231, 54.36257489095685 ], [ 22.719381910656004, 54.361911438957613 ], [ 22.740628752914485, 54.361243816013506 ], [ 22.761874687869668, 54.36057201041492 ], [ 22.766686045530058, 54.362885355332537 ], [ 22.784179463644815, 54.371409217831541 ], [ 22.80542946904356, 54.370728613313148 ], [ 22.810335995599747, 54.373082687674817 ], [ 22.811451027068692, 54.384616629206036 ], [ 22.812568434527211, 54.396150482527531 ], [ 22.829897293931086, 54.404575761822301 ], [ 22.834981708430927, 54.407009037718979 ], [ 22.852243340552008, 54.415393852421637 ], [ 22.873514173994966, 54.414698816185251 ], [ 22.889073567602946, 54.405276820120037 ], [ 22.893692045392477, 54.402491934086598 ], [ 22.914955048524071, 54.40178872834003 ], [ 22.93621708272951, 54.401081199330697 ], [ 22.957478140752134, 54.400369331409728 ], [ 22.972953718494438, 54.390972581150614 ], [ 22.977623275208927, 54.388146471963807 ], [ 22.998876459118257, 54.387426361788023 ], [ 23.014325163192375, 54.378032074591978 ], [ 23.01324592708821, 54.366497915206665 ], [ 23.0121658620996, 54.354963772206311 ], [ 23.016752669033909, 54.352179401078281 ], [ 23.037986184806009, 54.35145200534069 ], [ 23.059218694906161, 54.350720226031427 ], [ 23.074677157394603, 54.341295890712253 ], [ 23.057467786711918, 54.332974114427586 ], [ 23.052389169429201, 54.330477265051684 ], [ 23.051295736224461, 54.318943724596188 ], [ 23.055813833421443, 54.316192915706303 ], [ 23.071380272684848, 54.306696114979196 ], [ 23.07588832057812, 54.303947995658554 ], [ 23.097095309294861, 54.303209444487379 ], [ 23.102223655509469, 54.305649473196141 ], [ 23.119452392542254, 54.313975725458718 ], [ 23.140663195220252, 54.31322783401712 ], [ 23.156073282615967, 54.303803103936161 ], [ 23.16071012099389, 54.300967329669092 ], [ 23.176113173632867, 54.291538882666266 ], [ 23.18074502493608, 54.288702639523258 ], [ 23.201940979444213, 54.287942461646686 ], [ 23.217291364676321, 54.278532436752876 ], [ 23.221956965178936, 54.27566967699088 ], [ 23.237295845231735, 54.266258713204756 ], [ 23.241960947302438, 54.263392736175533 ], [ 23.263142019754827, 54.262620194853319 ], [ 23.28432201398962, 54.261843124019407 ], [ 23.305500921550021, 54.261061500377814 ], [ 23.326678733844403, 54.260275299796341 ], [ 23.341808063626473, 54.250961996937519 ], [ 23.346643032341465, 54.247978360507794 ], [ 23.361753502068495, 54.238668780195347 ], [ 23.366595342643059, 54.235677270866901 ], [ 23.381685165884225, 54.226372532997729 ], [ 23.386535673737544, 54.223372043060778 ], [ 23.401603080385687, 54.214073260264968 ], [ 23.400412495077134, 54.202544743273847 ], [ 23.405237289119036, 54.19955540552786 ], [ 23.420310977307725, 54.190242755650168 ], [ 23.419114274314886, 54.17871455025692 ], [ 23.423917700909705, 54.17573376625058 ], [ 23.445048112487502, 54.17492420443314 ], [ 23.466177383245387, 54.174109965094779 ], [ 23.481137698161159, 54.164846013836573 ], [ 23.486057950542769, 54.161784200485108 ], [ 23.500987192560427, 54.152531688694559 ], [ 23.499768471766973, 54.141004702663658 ], [ 23.498549432979527, 54.129477719739526 ], [ 23.49733010393637, 54.11795073885046 ], [ 23.502173825409663, 54.114929742899434 ], [ 23.517149500945589, 54.10563433756078 ], [ 23.515924460426312, 54.094107662734466 ], [ 23.514699202069959, 54.08258098730365 ], [ 23.519507946482435, 54.079576253241193 ], [ 23.534494289188657, 54.070262207159345 ], [ 23.533263462749524, 54.058735834399251 ], [ 23.532032484714936, 54.04720945860641 ], [ 23.530801377443968, 54.035683078905613 ], [ 23.52957016253265, 54.024156694450902 ], [ 23.512599348435348, 54.01599084087885 ], [ 23.507344390863466, 54.013420870892794 ], [ 23.506118248025508, 54.001894166290356 ], [ 23.489056029592245, 53.993674034987563 ], [ 23.483905374365804, 53.991153810595726 ], [ 23.482684411378759, 53.979626782495266 ], [ 23.487235700606593, 53.976776586174381 ], [ 23.502439629376045, 53.967314005303379 ], [ 23.507018316134516, 53.96444351337864 ], [ 23.522181731835392, 53.954998243976299 ], [ 23.520950308940002, 53.943471804828363 ], [ 23.519718926437633, 53.931945355107722 ], [ 23.518487600041002, 53.92041889419405 ], [ 23.517256344900797, 53.908892421488588 ], [ 23.516025175620882, 53.897365936413507 ], [ 23.520550548684273, 53.894521422581455 ], [ 23.535728377504086, 53.885048690950327 ], [ 23.534492187720858, 53.873522490710805 ], [ 23.533256123221481, 53.861996276639623 ], [ 23.537785778435403, 53.859144373672514 ], [ 23.552936174925975, 53.849676656856502 ], [ 23.55169517552147, 53.838150726113682 ], [ 23.550454336970667, 53.826624780211844 ], [ 23.549213670699377, 53.815098818690473 ], [ 23.547973187666209, 53.803572841107126 ], [ 23.546732898371808, 53.792046847036964 ], [ 23.545492812867614, 53.780520836072512 ], [ 23.544252940764007, 53.76899480782324 ], [ 23.548743088394129, 53.766159279233491 ], [ 23.563884924041449, 53.756674306092727 ], [ 23.568410751006052, 53.753813318640013 ], [ 23.583504127945638, 53.744350851065455 ], [ 23.58225452555056, 53.732825398663451 ], [ 23.586809627222969, 53.729942197551019 ], [ 23.601855988445223, 53.720499294192628 ], [ 23.600601689385208, 53.708974121116178 ], [ 23.599347650335257, 53.697448929074589 ], [ 23.598093878182031, 53.685923717777918 ], [ 23.596840379397278, 53.67439848695232 ], [ 23.601409708907134, 53.671500340355927 ], [ 23.61640937604875, 53.662070635742232 ], [ 23.615151249385352, 53.650545683268454 ], [ 23.613893411769347, 53.639020710663601 ], [ 23.61263586807711, 53.627495717714723 ], [ 23.61723334828007, 53.62457456016449 ], [ 23.632177434416608, 53.615165833217027 ], [ 23.630915302253896, 53.603641118716752 ], [ 23.62965347459258, 53.59211638346251 ], [ 23.634287504951736, 53.589167566493863 ], [ 23.649172534442044, 53.579784178446303 ], [ 23.647906138057397, 53.568259722457725 ], [ 23.646640052724731, 53.556735245458469 ], [ 23.651314466843054, 53.55375625529571 ], [ 23.666136597624529, 53.544400731797317 ], [ 23.664865952804782, 53.532876535281872 ], [ 23.663595621447623, 53.521352317658589 ], [ 23.668314311959371, 53.518340578422738 ], [ 23.6830696164584, 53.509015508275866 ], [ 23.681794723892079, 53.49749157278027 ], [ 23.680520142947596, 53.485967616245162 ], [ 23.685287114390441, 53.482920455417144 ], [ 23.699971525232868, 53.473628525196119 ], [ 23.698692369978037, 53.462104852882312 ], [ 23.697413520145084, 53.450581159769094 ], [ 23.702232944109348, 53.447495772050978 ], [ 23.716842197645796, 53.43823980232056 ], [ 23.71555874862889, 53.426716395995086 ], [ 23.720431082703819, 53.423593119784293 ], [ 23.734969518411827, 53.414372478945673 ], [ 23.733681444558556, 53.402849361996331 ], [ 23.732393654098654, 53.391326225138798 ], [ 23.737326165933027, 53.388159456131461 ], [ 23.751781473326513, 53.378980073327725 ], [ 23.750489011850281, 53.367457229289542 ], [ 23.755480514534252, 53.36424836941665 ], [ 23.769858679191405, 53.355108546484502 ], [ 23.768561504934222, 53.3435859985306 ], [ 23.767264578298867, 53.332063432120364 ], [ 23.772325038508054, 53.328805048511441 ], [ 23.786610948695674, 53.319712550647374 ], [ 23.785309240647226, 53.308190284713902 ], [ 23.784007753387375, 53.296668001402836 ], [ 23.789142855553024, 53.293356187985488 ], [ 23.803330587544341, 53.284314943010152 ], [ 23.802024236747638, 53.272792965147772 ], [ 23.807229857930466, 53.269431055516101 ], [ 23.821328380625712, 53.260437427261536 ], [ 23.820017097222461, 53.248915759298868 ], [ 23.82529701206931, 53.245501116880476 ], [ 23.839302356957845, 53.236557758879989 ], [ 23.844648644939603, 53.233096302509836 ], [ 23.858573726690302, 53.22419698109757 ], [ 23.857252228016105, 53.212675960497997 ], [ 23.862679948753172, 53.209156765798852 ], [ 23.8765043309443, 53.200312752655677 ], [ 23.875177678516476, 53.18879205603691 ], [ 23.880691442204675, 53.185211899521889 ], [ 23.90131706352085, 53.184323870895483 ], [ 23.914965768011303, 53.175578097458128 ], [ 23.913628462042748, 53.164058084368442 ], [ 23.912291182286268, 53.152538062190601 ], [ 23.910953914675193, 53.141018031473706 ], [ 23.909616644616616, 53.129497992788281 ], [ 23.894206904693124, 53.121994861921607 ], [ 23.887750986403884, 53.118824511948759 ], [ 23.8864191292623, 53.107304102194227 ], [ 23.885087235868554, 53.095783685642061 ], [ 23.883755289628834, 53.084263262941555 ], [ 23.88242327338364, 53.072742834764846 ], [ 23.888181144456471, 53.068989254415335 ], [ 23.901592087158757, 53.060377628069872 ], [ 23.900254345290701, 53.048857551451064 ], [ 23.906122723955349, 53.045026031788332 ], [ 23.919402414351126, 53.036490018936121 ], [ 23.918058798971309, 53.024970301914848 ], [ 23.924044532669335, 53.021056051585347 ], [ 23.937185755092138, 53.012600469164795 ], [ 23.935836106125002, 53.001081120355302 ], [ 23.934486202499354, 52.989561773894962 ], [ 23.933136021277647, 52.978042430699638 ], [ 23.939306644193195, 52.973998089873966 ], [ 23.952229521373201, 52.965671076836543 ], [ 23.950873002568205, 52.954152116718902 ], [ 23.936222821740987, 52.946995856574368 ], [ 23.929083571890679, 52.943484430300273 ], [ 23.927732036430253, 52.931965109912554 ], [ 23.926380097675196, 52.920445797817081 ], [ 23.925027728158987, 52.908926495113974 ], [ 23.923674899595113, 52.897407202936598 ], [ 23.922321582856888, 52.885887922452518 ], [ 23.920967747956624, 52.87436865486422 ], [ 23.919613364024233, 52.86284940141001 ], [ 23.918258399285207, 52.851330163364885 ], [ 23.924845334349865, 52.846995853299987 ], [ 23.93728290243569, 52.838963093244566 ], [ 23.9359207407425, 52.827444275258692 ], [ 23.934557874128327, 52.815925477927067 ], [ 23.933194266461044, 52.804406702707283 ], [ 23.940051374998106, 52.799883594493345 ], [ 23.952181379563513, 52.792038322210914 ], [ 23.950810111263877, 52.780519989055804 ], [ 23.949437960821836, 52.769001683999136 ], [ 23.94806488717855, 52.757483408705582 ], [ 23.946690848107778, 52.745965164887401 ], [ 23.945315800187778, 52.734446954305604 ], [ 23.943939698772937, 52.72292877877107 ], [ 23.942562497965056, 52.711410640145665 ], [ 23.92929075907837, 52.704886909371503 ], [ 23.920881952278538, 52.70073898305079 ], [ 23.907591234639579, 52.694200150859885 ], [ 23.899207758735159, 52.690063258146452 ], [ 23.885902510531775, 52.683511496808549 ], [ 23.877539961319481, 52.679383465653579 ], [ 23.864224575406542, 52.672820925962625 ], [ 23.855878597854879, 52.668699606079699 ], [ 23.842557418356691, 52.662128420517632 ], [ 23.834223700166849, 52.658011680206698 ], [ 23.820901028897044, 52.651433966031213 ], [ 23.8125752942329, 52.647319689079339 ], [ 23.799255396946375, 52.640737551342767 ], [ 23.790933400319677, 52.636623633994382 ], [ 23.789590056431059, 52.625103035575457 ], [ 23.776367961260114, 52.618561371391912 ], [ 23.767959543500719, 52.614402571334217 ], [ 23.754750035409423, 52.60786138683747 ], [ 23.73438295104507, 52.608636482185403 ], [ 23.714015136940144, 52.609410030083225 ], [ 23.693646588804285, 52.610181976835172 ], [ 23.673277302710115, 52.610952271212994 ], [ 23.652907275075822, 52.611720864345607 ], [ 23.644849803721023, 52.607729939155902 ], [ 23.631322604828483, 52.601006833580044 ], [ 23.610956339236679, 52.601771190715027 ], [ 23.602934134954658, 52.59779537752663 ], [ 23.589386878863806, 52.591052635979928 ], [ 23.569024372443863, 52.591812665466236 ], [ 23.561025323336725, 52.587845950919615 ], [ 23.547470113329517, 52.581089569013784 ], [ 23.53943454738215, 52.57710322030848 ], [ 23.525926542806051, 52.570364468040182 ], [ 23.517850396746635, 52.566356443719968 ], [ 23.504393654664209, 52.559637386434694 ], [ 23.484043916791887, 52.560387925550486 ], [ 23.47596610761763, 52.556376608796668 ], [ 23.474701803322084, 52.544850767800476 ], [ 23.461359901837255, 52.538177390098852 ], [ 23.453137264942786, 52.534091876428633 ], [ 23.439859025859121, 52.527444536333306 ], [ 23.431579160737609, 52.523328954988045 ], [ 23.418368809661555, 52.516709823851748 ], [ 23.410027431451667, 52.512562007801179 ], [ 23.396889248115656, 52.505973289687859 ], [ 23.388482013269385, 52.501791039319457 ], [ 23.387233182065597, 52.49026402264699 ], [ 23.374279546801944, 52.483760133789467 ], [ 23.365698078798633, 52.479488740748813 ], [ 23.364451630799582, 52.467961477046536 ], [ 23.351693670977166, 52.461548230601061 ], [ 23.342926595645185, 52.457181893940358 ], [ 23.341682317365812, 52.445654390890482 ], [ 23.329131595370804, 52.43933783885543 ], [ 23.320167089714005, 52.434870519081215 ], [ 23.318924759323203, 52.423342784554755 ], [ 23.317680462853211, 52.411815108757317 ], [ 23.305474519203141, 52.40566286927605 ], [ 23.296178452470702, 52.401026678865549 ], [ 23.284078747712016, 52.394922689898991 ], [ 23.274682003590183, 52.390234268249763 ], [ 23.273442871465367, 52.378706095056806 ], [ 23.261587928926083, 52.372718514725364 ], [ 23.251955367413469, 52.367909434817904 ], [ 23.250717470709443, 52.356381054718625 ], [ 23.239120816747413, 52.350517014274004 ], [ 23.229238598285942, 52.345580158312472 ], [ 23.228001685555984, 52.334051579735124 ], [ 23.216677389276565, 52.328318509410437 ], [ 23.206531119803515, 52.323246460772573 ], [ 23.205294933888407, 52.311717692210443 ], [ 23.194257625016633, 52.306123331576813 ], [ 23.183832339040976, 52.300908364411782 ], [ 23.182596618135232, 52.289379414380868 ], [ 23.192089350860428, 52.283203628723811 ], [ 23.201570715408486, 52.277131859380809 ], [ 23.200323849125372, 52.265603414338543 ], [ 23.199074131911217, 52.25407505641526 ], [ 23.19782149092795, 52.242546788119796 ], [ 23.196565853309615, 52.231018611959747 ], [ 23.206803527653797, 52.224339876412287 ], [ 23.227003128347572, 52.223603704386534 ], [ 23.247201664025209, 52.222862017641575 ], [ 23.255832194982617, 52.217319725211475 ], [ 23.266282288193349, 52.210480914799142 ], [ 23.278032529107261, 52.216515649153266 ], [ 23.287595501086525, 52.221361977867531 ], [ 23.296159672198876, 52.215855981816027 ], [ 23.306663351143015, 52.208969222558189 ], [ 23.326852224881765, 52.208204870829903 ], [ 23.347039979043519, 52.207434797641334 ], [ 23.3672266024541, 52.206658961913661 ], [ 23.375441492764391, 52.201364272040792 ], [ 23.386263959179075, 52.194239080264602 ], [ 23.394245887310095, 52.189090512193758 ], [ 23.405290060574021, 52.181809819208361 ], [ 23.413028516740134, 52.176814392474483 ], [ 23.424304877891679, 52.169370885484007 ], [ 23.437108613356379, 52.175909450291165 ], [ 23.445633915982118, 52.180214925899996 ], [ 23.453238126056831, 52.175300525812339 ], [ 23.464635692876421, 52.167762616156509 ], [ 23.47760891977217, 52.174376260127985 ], [ 23.485972969837899, 52.17859565320645 ], [ 23.506140661907722, 52.177776724520776 ], [ 23.513510735950589, 52.173005437730048 ], [ 23.505235270298016, 52.168833411902611 ], [ 23.492057909606764, 52.162251792991675 ], [ 23.490686298170182, 52.150730025701975 ], [ 23.502605128805271, 52.142826638967399 ], [ 23.509374662818129, 52.138441414982388 ], [ 23.521572714886386, 52.130342267379703 ], [ 23.54171650597268, 52.129507142943119 ], [ 23.548082622124948, 52.125377670942989 ], [ 23.560665963513124, 52.117003676581724 ], [ 23.580801780484993, 52.116154091655815 ], [ 23.600936260451412, 52.115297631533835 ], [ 23.606747008196404, 52.111521153273117 ], [ 23.605313874195947, 52.100002665546171 ], [ 23.618652551442544, 52.091094161821417 ], [ 23.623869672858579, 52.087700159613469 ], [ 23.637560442418103, 52.078544603394739 ], [ 23.64239710009635, 52.075395670079608 ], [ 23.640933568628149, 52.063878667262209 ], [ 23.655239064478877, 52.054296577813098 ], [ 23.659418413640765, 52.05157292462571 ], [ 23.657936418834357, 52.040056793212358 ], [ 23.656449282668426, 52.02854085085356 ], [ 23.654956962261014, 52.017025099078637 ], [ 23.670453795455984, 52.006622408475138 ], [ 23.67336951681575, 52.004719623795957 ], [ 23.671857804741233, 51.993204786839065 ], [ 23.670340749691306, 51.98169014716035 ], [ 23.66881834213353, 51.970175704959324 ], [ 23.666535696027296, 51.969024431930961 ], [ 23.647416641638607, 51.959449230725163 ], [ 23.645274890978914, 51.958368091482086 ], [ 23.626018381720858, 51.94871886316394 ], [ 23.643089099294507, 51.937252539409073 ], [ 23.64436365492417, 51.936420233884206 ], [ 23.642927982692029, 51.935695061872046 ], [ 23.622973287655523, 51.925689163387602 ], [ 23.6216894495495, 51.925040127877203 ], [ 23.601586409588691, 51.914954199742326 ], [ 23.619420178931005, 51.902978669239971 ], [ 23.619907848740425, 51.902660200634386 ], [ 23.618367661648257, 51.891145988843739 ], [ 23.617666240111237, 51.885907678541933 ], [ 23.597803334116346, 51.880378223614905 ], [ 23.596957638473508, 51.880139668908704 ], [ 23.576269374554979, 51.874517354686276 ], [ 23.559953612215519, 51.870279561853721 ], [ 23.555610787240997, 51.869135095833798 ], [ 23.534973937555439, 51.863917576633355 ], [ 23.519796567943111, 51.860257759285481 ], [ 23.514364828356886, 51.858927049074772 ], [ 23.493777306750118, 51.85410515907607 ], [ 23.476817072120891, 51.850330102761895 ], [ 23.473217390195341, 51.849514939770735 ], [ 23.452677318382289, 51.845081261805497 ], [ 23.432165605806631, 51.840892950590622 ], [ 23.430252896281456, 51.840522270996814 ], [ 23.41167224774065, 51.836851406704845 ], [ 23.391205171525286, 51.833040129321844 ], [ 23.378864071647374, 51.830876270351951 ], [ 23.370760793663877, 51.829425533805868 ], [ 23.350336941227091, 51.82598798829401 ], [ 23.329938474229838, 51.822780692784789 ], [ 23.320874239767974, 51.821451178084352 ], [ 23.309560189349938, 51.819752591868522 ], [ 23.289202791366836, 51.816913734719186 ], [ 23.268869147176709, 51.814297199449037 ], [ 23.252571919666302, 51.81237174136789 ], [ 23.248557237508752, 51.811884832551208 ], [ 23.228262854927021, 51.809634771466307 ], [ 23.207990784365531, 51.807600720440895 ], [ 23.187740401086081, 51.805779157724331 ], [ 23.167511107857667, 51.804166779862619 ], [ 23.164487375560128, 51.803956304895017 ], [ 23.14729852245738, 51.802719030313611 ], [ 23.12710573775778, 51.801472187424537 ], [ 23.106932892290981, 51.800430783646348 ], [ 23.0867794718854, 51.79959222609159 ], [ 23.066644985180496, 51.798954114773075 ], [ 23.04652896268583, 51.79851423744762 ], [ 23.026430955888184, 51.798270564793917 ], [ 23.006350536404096, 51.798221245911456 ], [ 22.993901671980005, 51.798310806425796 ], [ 22.986286878289174, 51.798359884111576 ], [ 22.966239733017932, 51.798686516957396 ], [ 22.946209401664241, 51.799207462191212 ], [ 22.926195517224606, 51.799921480132468 ], [ 22.906197729722141, 51.800827495963695 ], [ 22.88621570557202, 51.801924596888412 ], [ 22.866247934371735, 51.803198108617082 ], [ 22.846294959615427, 51.80465714659141 ], [ 22.826356502364352, 51.806301310447935 ], [ 22.806432297366818, 51.808130348449268 ], [ 22.786522092577336, 51.810144155818563 ], [ 22.766625648699314, 51.812342773279909 ], [ 22.746742738749926, 51.814726385797165 ], [ 22.726873147645801, 51.817295321503671 ], [ 22.714085189777027, 51.819066798765114 ], [ 22.707015345990801, 51.82003391801657 ], [ 22.687167791474309, 51.822926018938723 ], [ 22.667332709223469, 51.826001451394006 ], [ 22.647509932526667, 51.829261105385449 ], [ 22.627699304322778, 51.8327060058973 ], [ 22.623531953133984, 51.83346673971986 ], [ 22.607896751189234, 51.836288256864385 ], [ 22.588104772876765, 51.840041507034094 ], [ 22.568324288003264, 51.843980160516338 ], [ 22.552892856374815, 51.847195546785549 ], [ 22.548553952316752, 51.848090192858351 ], [ 22.528790305431389, 51.852330247838857 ], [ 22.509037593636116, 51.856757010047779 ], [ 22.492699600908956, 51.860571280968124 ], [ 22.489294665874223, 51.861358730539784 ], [ 22.469557228992279, 51.866082607775482 ], [ 22.449830243535825, 51.87099546051941 ], [ 22.439269325957127, 51.873717990948762 ], [ 22.430110573277442, 51.876059315218761 ], [ 22.410397484782386, 51.881267061713615 ], [ 22.390694416463717, 51.886666807867719 ], [ 22.390562768901205, 51.886703842427963 ], [ 22.370994351468347, 51.892168175600496 ], [ 22.351303923607308, 51.897861996655017 ], [ 22.345576616259045, 51.899563333184744 ], [ 22.331617999991334, 51.903682302685915 ], [ 22.311939344157452, 51.909668839731971 ], [ 22.303436555867179, 51.912325354593641 ], [ 22.292265765526132, 51.915794607797409 ], [ 22.272598024276324, 51.922072514953733 ], [ 22.263634228910831, 51.925007116271765 ], [ 22.252935093426565, 51.92849107663924 ], [ 22.233277394664182, 51.935058672717517 ], [ 22.225780189221872, 51.937621706341943 ], [ 22.2136234718078, 51.941757628280747 ], [ 22.193974902972482, 51.94861252005375 ], [ 22.189571586808821, 51.950179244972539 ], [ 22.17432836538006, 51.955579181305104 ], [ 22.154770011254772, 51.962687667439923 ], [ 22.154687914292392, 51.962717384065591 ], [ 22.135047151055659, 51.96993867749385 ], [ 22.121194130675764, 51.975153051718479 ], [ 22.115411412419853, 51.977321495473632 ], [ 22.095777056360411, 51.984816074589858 ], [ 22.088661157677375, 51.987581261344531 ], [ 22.07614430946154, 51.992427835584472 ], [ 22.057041798585583, 51.999976533794431 ], [ 22.05651487776138, 52.000184036055593 ], [ 22.036883517995548, 52.008010040257126 ], [ 22.026209588939484, 52.012342869187655 ], [ 22.017254161655302, 52.015965614687154 ], [ 21.997625668520552, 52.024036230572939 ], [ 21.996068724743651, 52.024683335077711 ], [ 21.977994368380656, 52.032168945781102 ], [ 21.966505010669827, 52.037001349336407 ], [ 21.958363451017483, 52.040413298272242 ], [ 21.938731654829105, 52.048752294005375 ], [ 21.937455536461485, 52.049298924256476 ], [ 21.919095393574676, 52.057132869020677 ], [ 21.908803979424594, 52.061579321043652 ], [ 21.899457581506145, 52.065600879466686 ], [ 21.88051811500295, 52.073843624316908 ], [ 21.879817515525772, 52.074147205054992 ], [ 21.860170985107224, 52.082707663230508 ], [ 21.852467689628632, 52.086095257520043 ], [ 21.840520573543355, 52.091323272687511 ], [ 21.824634204748566, 52.09833483673993 ], [ 21.820865900663463, 52.099989206945644 ], [ 21.80120429137629, 52.108663917589844 ], [ 21.796915398513725, 52.110564947472518 ], [ 21.781535333166307, 52.117341056194242 ], [ 21.769244860495533, 52.122787234537761 ], [ 21.761860112413441, 52.12603832846321 ], [ 21.742177705098289, 52.134741209453495 ], [ 21.741586615925716, 52.135002571381349 ], [ 21.722484258793013, 52.143386785092595 ], [ 21.713789618281197, 52.147214446760564 ], [ 21.702782662412567, 52.152021625579934 ], [ 21.685869997926208, 52.159422395906134 ], [ 21.683072349131912, 52.160636184233979 ], [ 21.663350151657074, 52.169177122149527 ], [ 21.657680996331869, 52.171629641243953 ], [ 21.643616832551707, 52.177655811309783 ], [ 21.629180228135453, 52.183836934579375 ], [ 21.623873275571889, 52.186086006140641 ], [ 21.604117323803518, 52.194429859587167 ], [ 21.600272646712273, 52.196046145312003 ], [ 21.584347808396501, 52.202665429930292 ], [ 21.570844031301249, 52.208259463040903 ], [ 21.564566941223614, 52.210828791678352 ], [ 21.544772733085988, 52.218883637699825 ], [ 21.540826203400744, 52.220477964478654 ], [ 21.524963767880127, 52.226802654970321 ], [ 21.5100743360703, 52.232704279106947 ], [ 21.505142829239059, 52.234632243542464 ], [ 21.485306943731064, 52.242317237875682 ], [ 21.4784757399045, 52.244940196881814 ], [ 21.465456726686167, 52.249865448736315 ], [ 21.445940650900326, 52.257186894194398 ], [ 21.445594436941303, 52.257314785447157 ], [ 21.425714731919722, 52.264565138351422 ], [ 21.412189747924483, 52.269449301540917 ], [ 21.405822982372847, 52.271710961283766 ], [ 21.385916159034359, 52.278693424131717 ], [ 21.377155817840354, 52.281727723137571 ], [ 21.365995227872588, 52.285526728072902 ], [ 21.34606107471507, 52.292224016536402 ], [ 21.340620617971506, 52.29402533752917 ], [ 21.326111619595075, 52.298742287359872 ], [ 21.306150250906622, 52.305142272306469 ], [ 21.30233652626778, 52.306345572208727 ], [ 21.286173264048099, 52.311349152823155 ], [ 21.266185092729017, 52.317444774094149 ], [ 21.262025158932843, 52.318692050064641 ], [ 21.246181845828058, 52.32334950239089 ], [ 21.226167547876361, 52.329138508558948 ], [ 21.219377141883268, 52.331068498775707 ], [ 21.206139530989347, 52.334755183650152 ], [ 21.18610000439978, 52.340239731203084 ], [ 21.174053659738892, 52.343478611738419 ], [ 21.166048862878338, 52.345586466690158 ], [ 21.145985183711257, 52.350772616987562 ], [ 21.125912597065955, 52.355869397857212 ], [ 21.125685607386025, 52.355925937858942 ], [ 21.105826034976772, 52.360767796019857 ], [ 21.085730952897727, 52.365578026758698 ], [ 21.073643101002315, 52.368417779513983 ], [ 21.065625635975231, 52.370260865191725 ], [ 21.045509401651774, 52.37479789880792 ], [ 21.025385385734094, 52.379253408775881 ], [ 21.017550978205382, 52.380955668955423 ], [ 21.005251097586019, 52.383570073210407 ], [ 20.985107834870696, 52.387772692269856 ], [ 20.964957518610213, 52.391901093548626 ], [ 20.95679159370933, 52.393544048633174 ], [ 20.944798007286892, 52.395904347906551 ], [ 20.92463037059354, 52.39980319307417 ], [ 20.904456421227682, 52.403636477498495 ], [ 20.890818003465402, 52.406184449671784 ], [ 20.884275218407865, 52.407380090403329 ], [ 20.86408582058553, 52.411008868042828 ], [ 20.843890834299046, 52.41458159594599 ], [ 20.823690457642815, 52.418101271143918 ], [ 20.819183573798501, 52.41887499296805 ], [ 20.803482480834983, 52.421512028723129 ], [ 20.78326890474969, 52.424859813273521 ], [ 20.763050610909417, 52.428164604978519 ], [ 20.742827780328614, 52.431429546461665 ], [ 20.741709132804679, 52.431608005665048 ], [ 20.722598011723075, 52.434591717810783 ], [ 20.702363987502423, 52.437717109370219 ], [ 20.682126023474773, 52.440812731471574 ], [ 20.661884277623894, 52.443881738965622 ], [ 20.658646914026011, 52.444368450971879 ], [ 20.64163686043273, 52.446872378435387 ], [ 20.621385639423664, 52.449832617904647 ], [ 20.601131145209607, 52.452775976054589 ], [ 20.580873509684821, 52.455705526979777 ], [ 20.57096882343669, 52.457131635181796 ], [ 20.56061173734178, 52.458592623069812 ], [ 20.540346044663089, 52.461441839258839 ], [ 20.520077626849094, 52.464286399238048 ], [ 20.499806588744615, 52.467129236017428 ], [ 20.480288578651582, 52.469867106107053 ], [ 20.479532954051521, 52.469971022848185 ], [ 20.459254984034143, 52.472759197652742 ], [ 20.438974719031112, 52.475554083070143 ], [ 20.418692237254948, 52.478358434074927 ], [ 20.398407610762135, 52.481174970520804 ], [ 20.388581390509867, 52.482544802365517 ], [ 20.378119954106182, 52.483975937375618 ], [ 20.357829415606339, 52.486765497076753 ], [ 20.337536952511503, 52.489574723658293 ], [ 20.317242611718918, 52.492406130742246 ], [ 20.297805999164265, 52.495140890811811 ], [ 20.296946360659025, 52.495259688316189 ], [ 20.276646659685891, 52.498083340543303 ], [ 20.256345223151971, 52.500935820996283 ], [ 20.236042074442, 52.503819419756447 ], [ 20.215737231410689, 52.506736379388776 ], [ 20.209492385370687, 52.507641921806602 ], [ 20.195429571462718, 52.509647068327716 ], [ 20.175119760101023, 52.512576157536671 ], [ 20.15480830947331, 52.515544194535423 ], [ 20.134495215962293, 52.518553169406999 ], [ 20.124541661049836, 52.520044887031048 ], [ 20.114179672322642, 52.521573456942846 ], [ 20.093861719541522, 52.524607387749171 ], [ 20.073542116411559, 52.52768690496368 ], [ 20.05322083952165, 52.530813710726108 ], [ 20.043337593547722, 52.532353685142901 ], [ 20.032897092356901, 52.533956697298827 ], [ 20.012570907505896, 52.537118311248662 ], [ 19.992242985434039, 52.540330819373807 ], [ 19.971913284597463, 52.543595581830466 ], [ 19.965878373839029, 52.54457607890172 ], [ 19.951580758136796, 52.546867596551671 ], [ 19.931245964923509, 52.550173806249269 ], [ 19.910909279889971, 52.553534665451558 ], [ 19.89193021412072, 52.556721213952805 ], [ 19.890570554064979, 52.556946616441564 ], [ 19.870228565118754, 52.560351533947319 ], [ 19.849884539114043, 52.563812427815705 ], [ 19.829538407530841, 52.567329847664418 ], [ 19.821140125778207, 52.568798146664896 ], [ 19.809189348982006, 52.570863502346455 ], [ 19.788837545095465, 52.574424853224812 ], [ 19.768483453573548, 52.578042358969817 ], [ 19.75308535999968, 52.580815255439155 ], [ 19.74812670103217, 52.581698748285611 ], [ 19.727766617918775, 52.585356950127753 ], [ 19.707404044410485, 52.589069402537667 ], [ 19.687337161516979, 52.592779766789349 ], [ 19.687038876742797, 52.592834384204416 ], [ 19.666669966698976, 52.596581162935706 ], [ 19.646298349492891, 52.60037848383957 ], [ 19.625923933707956, 52.604224974095253 ], [ 19.623426446370321, 52.604698010722046 ], [ 19.605545749619903, 52.60805540635635 ], [ 19.585164510622814, 52.611921761402719 ], [ 19.564780249789475, 52.615830626753159 ], [ 19.560903118760045, 52.616575109888018 ], [ 19.544392146074326, 52.619720728236601 ], [ 19.524000719475143, 52.623633583005912 ], [ 19.503606056665348, 52.627579660138274 ], [ 19.499280450563152, 52.628415327617191 ], [ 19.483207444953663, 52.631498630058346 ], [ 19.462805312694769, 52.635427695196306 ], [ 19.442399752852133, 52.639377652316647 ], [ 19.438014224083478, 52.640222095184285 ], [ 19.421990153163783, 52.643288108702983 ], [ 19.401576888610141, 52.647194205145738 ], [ 19.381160045482989, 52.651105386642207 ], [ 19.376454540515063, 52.651998043515334 ], [ 19.360739128147173, 52.654962531794339 ], [ 19.340314449152871, 52.658796428183372 ], [ 19.319886101983446, 52.662615695121879 ], [ 19.313756179555558, 52.663744966710439 ], [ 19.299453737380567, 52.666366524241894 ], [ 19.279017569527301, 52.670067825874341 ], [ 19.258577730060278, 52.673730482762096 ], [ 19.248711155408106, 52.675463608796896 ], [ 19.238134046250778, 52.677313126509738 ], [ 19.217686596280963, 52.680809328447587 ], [ 19.197235585765483, 52.684238261888538 ], [ 19.179412471805712, 52.687153018357726 ], [ 19.176781033122321, 52.68758158379412 ], [ 19.156322871416425, 52.690787438499534 ], [ 19.135861405935298, 52.693892632044779 ], [ 19.11539674251695, 52.696884368109068 ], [ 19.101585003138091, 52.698809486934401 ], [ 19.094928975824946, 52.699733621576982 ], [ 19.074458256433399, 52.702412248637323 ], [ 19.053984843863972, 52.704937603285508 ], [ 19.033508940422834, 52.707294554701939 ], [ 19.013030776697235, 52.709467372380594 ], [ 19.003105195075037, 52.710417169748581 ], [ 18.992550615816956, 52.711422999776758 ], [ 18.972068769616694, 52.713149281675278 ], [ 18.951585561060227, 52.714644700464497 ], [ 18.931101341255552, 52.715891754053672 ], [ 18.910616495001985, 52.716872550726578 ], [ 18.890131441527267, 52.717568871621467 ], [ 18.869646635016878, 52.717962241293577 ], [ 18.84916256490791, 52.71803400641781 ], [ 18.828679755920195, 52.717765422575013 ], [ 18.808198767798189, 52.717137748938264 ], [ 18.787720194738771, 52.716132350535482 ], [ 18.767244664482124, 52.71473080761433 ], [ 18.746772837046045, 52.712915031476285 ], [ 18.726305403087487, 52.710667385982305 ], [ 18.721893714475463, 52.710091080324311 ], [ 18.705843316685957, 52.70793589683251 ], [ 18.685387245492429, 52.704721836706483 ], [ 18.664937911993739, 52.701018909683249 ], [ 18.651881781351609, 52.698341944260768 ], [ 18.644496328894753, 52.696786436723627 ], [ 18.624063595066779, 52.691982413635372 ], [ 18.603640210673994, 52.686639457135023 ], [ 18.603593268542255, 52.686626025403982 ], [ 18.583228003677924, 52.680644171390249 ], [ 18.565446378518541, 52.674927990941562 ], [ 18.562827209216984, 52.674063649196654 ], [ 18.542439734324788, 52.666792824970365 ], [ 18.533201160724715, 52.663241016340443 ], [ 18.522066355599911, 52.658847904274957 ], [ 18.504840533177656, 52.651561512152789 ], [ 18.501708309533452, 52.650201779667647 ], [ 18.481367283204307, 52.640793238203315 ], [ 18.479524286063405, 52.639888582702127 ], [ 18.461044814477525, 52.630582110993231 ], [ 18.456612597475527, 52.628221249154137 ], [ 18.440742268055903, 52.619547302838221 ], [ 18.435551723847848, 52.61655827155559 ], [ 18.420461402140411, 52.607640513814189 ], [ 18.416043682541666, 52.604899170049229 ], [ 18.40020409530748, 52.594810733975933 ], [ 18.397853597644545, 52.593243519442161 ], [ 18.380826891810958, 52.581591120196592 ], [ 18.379972540538233, 52.580990859697849 ], [ 18.364901591960255, 52.569942142956705 ], [ 18.359769595040653, 52.566076093000845 ], [ 18.349847951370741, 52.558295772013061 ], [ 18.339597231458029, 52.550032667309942 ], [ 18.335559370147017, 52.546651742571221 ], [ 18.322032974202084, 52.535010316062177 ], [ 18.319458938876515, 52.532732094117371 ], [ 18.309253909207538, 52.523371668039239 ], [ 18.299358770111628, 52.514024269653397 ], [ 18.297016070639486, 52.51173481747761 ], [ 18.285451423921348, 52.500100729893198 ], [ 18.279301655732745, 52.493720992151239 ], [ 18.274398816860145, 52.488468615484649 ], [ 18.263876539317071, 52.476838732270849 ], [ 18.259293306120874, 52.471606533100633 ], [ 18.253859861849659, 52.465211066579265 ], [ 18.244308363148779, 52.453585489396211 ], [ 18.239342174704699, 52.447326811314369 ], [ 18.235207937352715, 52.441962022945418 ], [ 18.226568035531393, 52.430340833919708 ], [ 18.219459447305837, 52.420406524440573 ], [ 18.218286996611539, 52.418721352002962 ], [ 18.210509209603497, 52.407104617481167 ], [ 18.203052273583655, 52.395489501104763 ], [ 18.199664146349605, 52.389980498237485 ], [ 18.196010637468472, 52.383876706628286 ], [ 18.189368169445533, 52.37226619843215 ], [ 18.183043013086621, 52.360657478754803 ], [ 18.179984656324098, 52.354754441969106 ], [ 18.177106849379907, 52.349051098378119 ], [ 18.171555696350431, 52.33744708880392 ], [ 18.166318590892178, 52.325845004346846 ], [ 18.161397057998766, 52.314244898253811 ], [ 18.160479700672408, 52.31194019548721 ], [ 18.156876503855237, 52.30264742032756 ], [ 18.152687102377019, 52.291052116532875 ], [ 18.148808703762842, 52.279458877595282 ], [ 18.145241867909878, 52.267867738898993 ], [ 18.141986834598288, 52.256278731118122 ], [ 18.141311275315374, 52.25362791309464 ], [ 18.139094350477382, 52.244692250841048 ], [ 18.136521510843078, 52.233108011688351 ], [ 18.134252433838494, 52.221525918795088 ], [ 18.132286046131949, 52.209945982487277 ], [ 18.130620891847286, 52.198368207867503 ], [ 18.129255125409557, 52.186792594764768 ], [ 18.128186506231049, 52.17521913771175 ], [ 18.127412395326839, 52.163647825950932 ], [ 18.126929753932387, 52.152078643469579 ], [ 18.126735144177871, 52.140511569064415 ], [ 18.126824731854988, 52.128946576435659 ], [ 18.127194291292287, 52.117383634310272 ], [ 18.127839212334923, 52.105822706593536 ], [ 18.128754509404271, 52.094263752548251 ], [ 18.129934832592784, 52.082706726999817 ], [ 18.131374480729374, 52.071151580565981 ], [ 18.133067416331663, 52.059598259909059 ], [ 18.135007282343288, 52.048046708008812 ], [ 18.137187420537586, 52.036496864453071 ], [ 18.139600891453675, 52.02494866574429 ], [ 18.142240495717374, 52.013402045618719 ], [ 18.145098796587867, 52.001856935375756 ], [ 18.146217200659308, 51.99767241891287 ], [ 18.148206330446328, 51.990313540391256 ], [ 18.151543414098914, 51.978771699643289 ], [ 18.155080041208087, 51.967231178781752 ], [ 18.158807939268883, 51.955691901115053 ], [ 18.162718720932041, 51.944153789190544 ], [ 18.166803910344651, 51.932616765132117 ], [ 18.167617847643843, 51.930424729672325 ], [ 18.171125935838912, 51.921081250715751 ], [ 18.17562580104309, 51.909546807083593 ], [ 18.180277995549947, 51.898013236456897 ], [ 18.185073806032229, 51.886480460674008 ], [ 18.188685725424097, 51.878055693398117 ], [ 18.190032770189461, 51.874948596892843 ], [ 18.19519847138341, 51.863417922884246 ], [ 18.200485092171707, 51.851887828538317 ], [ 18.205884068547707, 51.840358239891401 ], [ 18.209582332100481, 51.832637020948567 ], [ 18.211426850938551, 51.828829352473171 ], [ 18.21714960308104, 51.817301386876288 ], [ 18.22296247529454, 51.805773723399973 ], [ 18.228857397504775, 51.794246295824244 ], [ 18.230365969270959, 51.791357001988771 ], [ 18.234928181067755, 51.782719702363394 ], [ 18.241102050836052, 51.771193446222249 ], [ 18.247337141744595, 51.7596672431808 ], [ 18.251065129722953, 51.752866167774634 ], [ 18.253686121849793, 51.748141417931457 ], [ 18.260170966815632, 51.736616090450205 ], [ 18.266697686765152, 51.725090651893829 ], [ 18.271697311761407, 51.716333181145608 ], [ 18.273297233016763, 51.713565286660675 ], [ 18.280047185809078, 51.702040457901369 ], [ 18.286821517551097, 51.69051537481954 ], [ 18.292272761128892, 51.681287431888698 ], [ 18.293647509010487, 51.678990197152949 ], [ 18.300621962019193, 51.667465492283 ], [ 18.307605445077989, 51.655940411946354 ], [ 18.312798663796094, 51.647399915321522 ], [ 18.314638420332564, 51.644415190556145 ], [ 18.321802966336353, 51.632890293249758 ], [ 18.328963574407958, 51.621364921628192 ], [ 18.333280116094549, 51.614440681160637 ], [ 18.336189866192917, 51.609839469936794 ], [ 18.343517100960664, 51.598314123192331 ], [ 18.350829993062177, 51.586788224962433 ], [ 18.35372074598823, 51.582251965226 ], [ 18.358242888264392, 51.575262403046047 ], [ 18.365713115351863, 51.563736407874686 ], [ 18.373161304712728, 51.552209804479126 ], [ 18.374123127072458, 51.550730649869465 ], [ 18.380762289262744, 51.54068351968931 ], [ 18.388364179958465, 51.529156732140578 ], [ 18.394488538538706, 51.519856161488718 ], [ 18.395979856268937, 51.517629507812984 ], [ 18.403739346311042, 51.50610250490827 ], [ 18.411470620145664, 51.494574831856063 ], [ 18.414818396159614, 51.489593689225195 ], [ 18.41929869355004, 51.483047113107425 ], [ 18.427194860130175, 51.471519189032733 ], [ 18.435063065256994, 51.459990583057319 ], [ 18.435113944857644, 51.459916503793863 ], [ 18.443134971651268, 51.448462401120466 ], [ 18.451182844147269, 51.436933535368908 ], [ 18.455374714807316, 51.43093743094397 ], [ 18.459322983472035, 51.425404527018983 ], [ 18.467568828009906, 51.41387541783515 ], [ 18.47560215710828, 51.402618666756702 ], [ 18.475801275970031, 51.402345652833297 ], [ 18.484268339518611, 51.390816326334729 ], [ 18.492722949917546, 51.379286318293218 ], [ 18.495795546310124, 51.375113654492999 ], [ 18.501341541434346, 51.367756382205883 ], [ 18.51005557460245, 51.35622619528808 ], [ 18.515955865051914, 51.348439254490053 ], [ 18.518863824019999, 51.344695731124787 ], [ 18.527875476227088, 51.33316540849416 ], [ 18.536083376316554, 51.322685838123888 ], [ 18.536928841548324, 51.321634541336756 ], [ 18.546284565861502, 51.310104129850302 ], [ 18.555670288861165, 51.298573068599907 ], [ 18.556178388568394, 51.297954925243921 ], [ 18.565408565049449, 51.287042547751071 ], [ 18.575214806125473, 51.275511447333812 ], [ 18.576241667620586, 51.274316959011685 ], [ 18.585402529197665, 51.263980860770474 ], [ 18.59570241020468, 51.252449758755269 ], [ 18.596274312490142, 51.25181748019839 ], [ 18.606458081738335, 51.240919267337965 ], [ 18.616277351609103, 51.230518997254656 ], [ 18.617381931512121, 51.229388321159639 ], [ 18.628812992221327, 51.217857948766714 ], [ 18.636252144507822, 51.210454693558404 ], [ 18.640553669839381, 51.206327394901351 ], [ 18.652764012498235, 51.194797041354846 ], [ 18.656200484196329, 51.191605998450207 ], [ 18.665539081850707, 51.183267012902746 ], [ 18.676123910954075, 51.173984462214023 ], [ 18.678794372388129, 51.1717368926356 ], [ 18.692772244005454, 51.160207154028825 ], [ 18.69602411866741, 51.157580004003293 ], [ 18.70754131701251, 51.148677709714789 ], [ 18.715902918338184, 51.142359297184271 ], [ 18.723127697552528, 51.137148321833862 ], [ 18.735762246471907, 51.128255624105137 ], [ 18.739696838644363, 51.125619031983703 ], [ 18.755603746201515, 51.115234816691952 ], [ 18.757451029511795, 51.114089842183482 ], [ 18.775429051007521, 51.103251384214026 ], [ 18.776639321428188, 51.102560688648531 ], [ 18.795239752277887, 51.092250531698404 ], [ 18.797570742021637, 51.091031400743667 ], [ 18.81503737183176, 51.082170251797514 ], [ 18.82063212524724, 51.07950163628982 ], [ 18.834823339932111, 51.072943387996673 ], [ 18.846312530586495, 51.067970778568203 ], [ 18.85459897891867, 51.06449958499627 ], [ 18.874365469372265, 51.056775521188939 ], [ 18.875291167755183, 51.056437827713573 ], [ 18.894123676416196, 51.049797932809824 ], [ 18.909130617548687, 51.044901555204632 ], [ 18.913874855743277, 51.043406498007307 ], [ 18.933619701619094, 51.037641736989066 ], [ 18.949579664229368, 51.033358505373968 ], [ 18.953359141164405, 51.032379663906099 ], [ 18.973093789558799, 51.027669306020165 ], [ 18.992824373009977, 51.023374744288837 ], [ 19.000728342021734, 51.021801859078387 ], [ 19.012551432904964, 51.019532826548101 ], [ 19.032275510251829, 51.016090513434733 ], [ 19.051997042511299, 51.012983040510697 ], [ 19.071541754374426, 51.01021241692289 ], [ 19.071716423112097, 51.010188538244577 ], [ 19.091434138541281, 51.007751465492525 ], [ 19.111150418855217, 51.005577531977359 ], [ 19.130865544349891, 51.003647172642729 ], [ 19.150579764941011, 51.001941718836363 ], [ 19.170293302060543, 51.000443389096695 ], [ 19.190006350502358, 50.99913527472512 ], [ 19.201126808044901, 50.998493640510567 ], [ 19.209719139466593, 50.998014467325262 ], [ 19.229431830801239, 50.997065407951084 ], [ 19.249144476286816, 50.996256910832919 ], [ 19.268857178149283, 50.995575666935274 ], [ 19.288570020644372, 50.995009107292546 ], [ 19.30828307142189, 50.994545371672423 ], [ 19.327996382805178, 50.994173276710832 ], [ 19.347709992986918, 50.993882283841558 ], [ 19.367423927143065, 50.993662467293966 ], [ 19.387138198467301, 50.993504482388545 ], [ 19.40685280912869, 50.99339953432024 ], [ 19.426567751155602, 50.993339347585326 ], [ 19.446283007249107, 50.993316136176368 ], [ 19.465998551529228, 50.993322574643116 ], [ 19.485714350217421, 50.993351770094229 ], [ 19.505430362258767, 50.993397235193825 ], [ 19.525146539887299, 50.993452862190722 ], [ 19.544862829137763, 50.993512898001939 ], [ 19.564579170307166, 50.993571920361184 ], [ 19.584295498369197, 50.993624815031652 ], [ 19.604011743344646, 50.993666754073956 ], [ 19.623727830630681, 50.99369317515341 ], [ 19.643443681291828, 50.993699761864733 ], [ 19.663159212315193, 50.993682425047957 ], [ 19.682874336832594, 50.993637285065923 ], [ 19.702588964311804, 50.993560655011045 ], [ 19.722303000719219, 50.993449024807518 ], [ 19.742016348656005, 50.993299046173561 ], [ 19.761728907469784, 50.99310751840838 ], [ 19.781440573343517, 50.992871374967578 ], [ 19.801151239363499, 50.992587670792048 ], [ 19.820860795568009, 50.992253570355082 ], [ 19.840569128978078, 50.991866336393912 ], [ 19.860276123611929, 50.991423319292927 ], [ 19.879981660484322, 50.990921947087053 ], [ 19.899685617592112, 50.990359716055188 ], [ 19.919387869887238, 50.989734181875399 ], [ 19.939088289238214, 50.98904295131539 ], [ 19.958786744381275, 50.988283674432758 ], [ 19.978483100862213, 50.987454037262729 ], [ 19.998177220969811, 50.986551754971572 ], [ 20.017868963661993, 50.985574565456879 ], [ 20.03755818448553, 50.984520223377316 ], [ 20.057244735490325, 50.983386494596544 ], [ 20.076928465139126, 50.982171151028339 ], [ 20.077565699106515, 50.982129316550051 ], [ 20.096609925217809, 50.980901975687246 ], [ 20.116288354191852, 50.979550029656934 ], [ 20.135963570585872, 50.978112143153162 ], [ 20.155635412201409, 50.976586135817932 ], [ 20.175303712909209, 50.974969814547215 ], [ 20.194968302558433, 50.973260970725654 ], [ 20.214629006888579, 50.971457377819959 ], [ 20.234285647445382, 50.969556789334483 ], [ 20.240316617601859, 50.968946346260836 ], [ 20.25393896222814, 50.967591130223639 ], [ 20.2735883577005, 50.965541670786884 ], [ 20.293233249751207, 50.963391151695049 ], [ 20.312873448081575, 50.961137310039675 ], [ 20.332508758062584, 50.95877786044484 ], [ 20.352138980708851, 50.956310495453934 ], [ 20.353601786171421, 50.956120013417504 ], [ 20.371765656034892, 50.953792096263378 ], [ 20.391387114759116, 50.951168881587336 ], [ 20.411003014033358, 50.94843384486196 ], [ 20.430613143930401, 50.945584686650022 ], [ 20.444698770856977, 50.943460118422877 ], [ 20.450217938224515, 50.942639913268984 ], [ 20.469818306897601, 50.939632148188927 ], [ 20.489412422140713, 50.936506619099241 ], [ 20.509000065332948, 50.933261088852674 ], [ 20.522777786353124, 50.930899414213549 ], [ 20.528581828036472, 50.929918141808152 ], [ 20.548158736220302, 50.92651230972497 ], [ 20.567728685966184, 50.922983302343177 ], [ 20.587291453903653, 50.919329031291809 ], [ 20.592109649035852, 50.918405888558553 ], [ 20.606849231398954, 50.915617606740106 ], [ 20.626400344570609, 50.911803012809223 ], [ 20.645943802092717, 50.907860743207863 ], [ 20.655122507861286, 50.90596074688446 ], [ 20.665481269139033, 50.903841860863793 ], [ 20.685012476461697, 50.899741499877663 ], [ 20.704535579811854, 50.895511877365138 ], [ 20.713375152911606, 50.893551367844985 ], [ 20.724052504096917, 50.891209413757934 ], [ 20.743562843632748, 50.886825614232116 ], [ 20.763064670530145, 50.882312029309475 ], [ 20.767912860314414, 50.881169061855168 ], [ 20.782560978486352, 50.877751259739419 ], [ 20.802049635788894, 50.87308950459564 ], [ 20.819488022099311, 50.868807317725917 ], [ 20.82152989615966, 50.868310766811447 ], [ 20.841005233221921, 50.863506830263418 ], [ 20.860471587789704, 50.858576446094538 ], [ 20.868682200887907, 50.856460758406676 ], [ 20.879931560277154, 50.853588094135638 ], [ 20.899384433817463, 50.848525828841346 ], [ 20.915923054700205, 50.844125378758136 ], [ 20.918828851510732, 50.843358738898054 ], [ 20.938268281067078, 50.838173552868263 ], [ 20.957698507159616, 50.832870016901602 ], [ 20.961589788600413, 50.831797179875501 ], [ 20.977123600625962, 50.827547843272455 ], [ 20.996540553339955, 50.822137001412337 ], [ 21.00597887668707, 50.819472914908111 ], [ 21.01595103070964, 50.816678619036054 ], [ 21.035354987054227, 50.811172924314853 ], [ 21.049324272137962, 50.807149933623251 ], [ 21.054751386352752, 50.805597566293365 ], [ 21.074142728773808, 50.800010858790898 ], [ 21.091851384431465, 50.794825357372034 ], [ 21.093525667452159, 50.794338167560468 ], [ 21.112904888664922, 50.788685670007816 ], [ 21.132275496164091, 50.782945164644786 ], [ 21.133791008075352, 50.782495858032163 ], [ 21.151642770959395, 50.777233962541771 ], [ 21.171002202557382, 50.771453841823089 ], [ 21.175337223280916, 50.77015844733797 ], [ 21.190357875255245, 50.765693967963536 ], [ 21.209706922818569, 50.759892932330992 ], [ 21.216645189321607, 50.757810593538288 ], [ 21.229051894206457, 50.754105368100376 ], [ 21.248391463563859, 50.748303213956113 ], [ 21.257893935989799, 50.7454490791472 ], [ 21.267726707101925, 50.742509050868286 ], [ 21.287057813305161, 50.736726495342843 ], [ 21.299264859894155, 50.733070384597809 ], [ 21.30638436890268, 50.730946797346029 ], [ 21.325708128582505, 50.725205261018523 ], [ 21.34094679467248, 50.720670581522107 ], [ 21.345027094406287, 50.719460900901687 ], [ 21.364344715061083, 50.713782249633667 ], [ 21.383141256167971, 50.708245208465556 ], [ 21.383657237336422, 50.708093721622852 ], [ 21.402970003483048, 50.702499970316858 ], [ 21.422278281876434, 50.696906925951488 ], [ 21.42619748527903, 50.695786428590694 ], [ 21.441586520535409, 50.691400164768119 ], [ 21.460892078231733, 50.685927195043035 ], [ 21.470302370362091, 50.683289313038351 ], [ 21.480196854883562, 50.680523225402354 ], [ 21.499501100438099, 50.675191354527001 ], [ 21.515732064778074, 50.67074669451091 ], [ 21.518803618814694, 50.669907582336648 ], [ 21.538107964636289, 50.664736691340856 ], [ 21.557410664170515, 50.65961222360427 ], [ 21.563052049928462, 50.658144565292609 ], [ 21.57671524239651, 50.654597510132426 ], [ 21.596020250183326, 50.649663842581084 ], [ 21.612671822501465, 50.645471415119651 ], [ 21.615325414228749, 50.644804510413209 ], [ 21.634634040667521, 50.640076973660435 ], [ 21.653943028423686, 50.635423352325695 ], [ 21.665483740461564, 50.632703856354539 ], [ 21.673254282551532, 50.630875615876931 ], [ 21.69256882159339, 50.626449324869142 ], [ 21.711884804515492, 50.62210992109685 ], [ 21.722371925727352, 50.619816842672542 ], [ 21.731204118068447, 50.617888125288033 ], [ 21.750527278237758, 50.613790323344674 ], [ 21.769852794930504, 50.609788586441148 ], [ 21.784851394012129, 50.606768122740441 ], [ 21.789181617475325, 50.605896977361112 ], [ 21.808515526092414, 50.602143127806187 ], [ 21.827852475716469, 50.59849013892952 ], [ 21.847192664329114, 50.594939250270137 ], [ 21.855385517069379, 50.593488228622341 ], [ 21.866537683038089, 50.591514590717388 ], [ 21.885887183155909, 50.58820794539681 ], [ 21.90524022549787, 50.585001725488937 ], [ 21.924596868140188, 50.581894888243411 ], [ 21.93767525998895, 50.579869063471833 ], [ 21.943957787179379, 50.578896322988257 ], [ 21.963323573655266, 50.576013335001932 ], [ 21.982692813321616, 50.573221313182891 ], [ 22.002065402863327, 50.57051688252394 ], [ 22.021441195765302, 50.567896078200121 ], [ 22.038051949317641, 50.565720413003973 ], [ 22.040820225175739, 50.565357823871203 ], [ 22.060203296488623, 50.562912982903867 ], [ 22.079588802484171, 50.56053516108031 ], [ 22.098976421245208, 50.558218199336061 ], [ 22.118365785177382, 50.555955398300902 ], [ 22.137756480740528, 50.55373953086805 ], [ 22.157148048257362, 50.551562855456226 ], [ 22.164205508610834, 50.550786316643283 ], [ 22.17654072366582, 50.549428159745794 ], [ 22.195933607576734, 50.547321386210918 ], [ 22.215325686193029, 50.545227132407277 ], [ 22.234716320960974, 50.543135841236278 ], [ 22.254104827011542, 50.541037508763281 ], [ 22.273490473029327, 50.538921695296651 ], [ 22.292872481070624, 50.536777535280777 ], [ 22.306369707596776, 50.535260492709654 ], [ 22.31225036120329, 50.534598522920454 ], [ 22.331623692609298, 50.532379281952579 ], [ 22.350990799047761, 50.530096854886537 ], [ 22.370350720101225, 50.527738841912665 ], [ 22.389702446548423, 50.525292441196314 ], [ 22.409044919503781, 50.522744447440274 ], [ 22.427697188304908, 50.520175761746124 ], [ 22.428377075865434, 50.520081888825864 ], [ 22.447699039822922, 50.517308356932091 ], [ 22.46700833680719, 50.514391923721682 ], [ 22.486303704793336, 50.511317797752795 ], [ 22.50558382512159, 50.508070738292794 ], [ 22.517718996098562, 50.505914791052774 ], [ 22.524847937924992, 50.504643322653379 ], [ 22.544095129679878, 50.50102622850067 ], [ 22.563322861513342, 50.497188746140907 ], [ 22.582529572823599, 50.493113718956096 ], [ 22.586422416591525, 50.492243044666175 ], [ 22.601715247663403, 50.488804627668159 ], [ 22.620877098483088, 50.484228645160854 ], [ 22.640012945566774, 50.479361505126782 ], [ 22.641522300250987, 50.478957156428677 ], [ 22.65912306445227, 50.474211179867652 ], [ 22.678203707333832, 50.468733672999683 ], [ 22.687405243892979, 50.465937545240784 ], [ 22.697253956138013, 50.46292208787721 ], [ 22.716271745352248, 50.456755014695339 ], [ 22.726898606513533, 50.453104592736238 ], [ 22.73525484099898, 50.450209298484729 ], [ 22.754201380506309, 50.443266890029498 ], [ 22.761573158413189, 50.440414044327802 ], [ 22.773109176317984, 50.435905969439567 ], [ 22.791975223476527, 50.428094872820338 ], [ 22.792578423282521, 50.427832747399925 ], [ 22.810798589926122, 50.419828284462604 ], [ 22.820456106708846, 50.415345863840621 ], [ 22.829575325130119, 50.411063549609004 ], [ 22.846004902217416, 50.402929235856796 ], [ 22.848302972711625, 50.401777168453279 ], [ 22.866979237971005, 50.391947993095592 ], [ 22.869463459620906, 50.390576472747412 ], [ 22.885600913927426, 50.381544041009633 ], [ 22.891163124140125, 50.378277760409958 ], [ 22.904164568044699, 50.370531079520127 ], [ 22.911386477305054, 50.366024584283863 ], [ 22.922666852997551, 50.358876425896995 ], [ 22.930311665123519, 50.353811700009686 ], [ 22.941104143889731, 50.34654452263414 ], [ 22.948090144599963, 50.341634604545511 ], [ 22.959472515602638, 50.333496710170593 ], [ 22.964851033880411, 50.329489425902771 ], [ 22.977767717449634, 50.319690970029036 ], [ 22.980704656272184, 50.317372831236831 ], [ 22.995740025010409, 50.305282136529577 ], [ 22.995985159819778, 50.305081813646254 ], [ 23.009966841680942, 50.293217332094798 ], [ 23.014119967628343, 50.289620962763948 ], [ 23.02352754717181, 50.281173784474966 ], [ 23.032166398261964, 50.273250497035981 ], [ 23.0364844811191, 50.269149564854196 ], [ 23.0488675535412, 50.257143837305286 ], [ 23.050118416719613, 50.255909782074546 ], [ 23.060662786933314, 50.245157279967529 ], [ 23.067969072737828, 50.23752817547814 ], [ 23.071997825469083, 50.233185597317359 ], [ 23.082859898972931, 50.221229377866365 ], [ 23.085710735133112, 50.218027907759961 ], [ 23.093262337342281, 50.209288288357655 ], [ 23.103302210755952, 50.19735902246201 ], [ 23.10333471349454, 50.197319751951454 ], [ 23.112886811463007, 50.185444965425475 ], [ 23.120830031145719, 50.175288920678454 ], [ 23.122160181218913, 50.173541114061891 ], [ 23.131041115797288, 50.161650438891407 ], [ 23.138185000352465, 50.151813643833513 ], [ 23.139631797058708, 50.14976938538058 ], [ 23.147868028517983, 50.137900317470262 ], [ 23.155385067453079, 50.126740333666874 ], [ 23.155845521667665, 50.126039882702088 ], [ 23.163487513705199, 50.114190894029115 ], [ 23.17089179176158, 50.102349901945388 ], [ 23.172411226220017, 50.099865729530457 ], [ 23.178000196173702, 50.090519050770766 ], [ 23.184867049570748, 50.078696435905528 ], [ 23.189241154568766, 50.070950504463568 ], [ 23.191490198971767, 50.066882180312227 ], [ 23.197855467229207, 50.055076841572998 ], [ 23.204010738185207, 50.043278726980716 ], [ 23.205844887286403, 50.039670090837362 ], [ 23.205214781288692, 50.0316600700679 ], [ 23.205140539173382, 50.031620382673211 ], [ 23.18531950889307, 50.020805608137394 ], [ 23.184412612410359, 50.009263441886411 ], [ 23.183840460255009, 50.008957256642724 ], [ 23.164515819448024, 49.998405583308276 ], [ 23.163564590686878, 49.997896131642506 ], [ 23.144615396712393, 49.987544514317236 ], [ 23.143712041393471, 49.976001981505753 ], [ 23.142301350666592, 49.97524563731622 ], [ 23.12381100955481, 49.965137478368284 ], [ 23.122050648669781, 49.964192908325195 ], [ 23.103907200675032, 49.954269729705011 ], [ 23.103007418311027, 49.942726829050308 ], [ 23.100824012010133, 49.941553996936968 ], [ 23.083103852788028, 49.931855612088896 ], [ 23.08220504661109, 49.92031254906906 ], [ 23.079618648228909, 49.918921747918503 ], [ 23.062302136912027, 49.909437847662794 ], [ 23.059408039554551, 49.907880352421088 ], [ 23.042397624614718, 49.898559854123654 ], [ 23.041502454700758, 49.88701642050772 ], [ 23.03823892924558, 49.885258221191037 ], [ 23.021599367155922, 49.876134913046783 ], [ 23.018053048023653, 49.87422284924267 ], [ 23.001695382426394, 49.865250086290445 ], [ 23.000803907615424, 49.85370628005402 ], [ 22.99691997969326, 49.851609936707334 ], [ 22.980902062343908, 49.842817912839621 ], [ 22.976758670590161, 49.840579757616844 ], [ 22.960999972174641, 49.831926201971655 ], [ 22.960112253876787, 49.820382021101132 ], [ 22.95922283935796, 49.808837883490533 ], [ 22.954716663660164, 49.806400458592812 ], [ 22.939326299040228, 49.797942398582109 ], [ 22.934585062056552, 49.795375805070059 ], [ 22.919430132581535, 49.787043548178687 ], [ 22.914462974760781, 49.784352536983299 ], [ 22.899534614494371, 49.776141322395958 ], [ 22.898651789260615, 49.764596597313854 ], [ 22.897767251196473, 49.753051914760825 ], [ 22.892494597616363, 49.750191533791849 ], [ 22.877878236632494, 49.742145883038518 ], [ 22.872401968828939, 49.739172705878225 ], [ 22.857990415213653, 49.731236457860426 ], [ 22.857109760717549, 49.719691395689189 ], [ 22.851402424908802, 49.716589458042193 ], [ 22.83722619603682, 49.70877835773949 ], [ 22.831333857793105, 49.705573356079007 ], [ 22.817344309912315, 49.69786191049532 ], [ 22.811274667104257, 49.694557876673763 ], [ 22.797464324820474, 49.686942046701162 ], [ 22.791224832366666, 49.683542890029663 ], [ 22.777586454670317, 49.676018759534976 ], [ 22.776715412813704, 49.664472894870954 ], [ 22.77584262609729, 49.652927071253011 ], [ 22.769395439859561, 49.649410043382844 ], [ 22.755972786127312, 49.641999932914608 ], [ 22.749374641350293, 49.638397736818703 ], [ 22.73610547423764, 49.631069359541293 ], [ 22.735236638250811, 49.619523155311768 ], [ 22.728480069959065, 49.615830551427592 ], [ 22.7153749004685, 49.608588931020606 ], [ 22.714507143669991, 49.597042557302338 ], [ 22.70760577793758, 49.593266816855426 ], [ 22.694651158078045, 49.586104677668743 ], [ 22.693784457082234, 49.574558134894865 ], [ 22.686751714269025, 49.570706440163541 ], [ 22.673934387597196, 49.563616596074127 ], [ 22.673068712608632, 49.552069884874037 ], [ 22.665917829157323, 49.548149340661411 ], [ 22.653224708784851, 49.541124683594113 ], [ 22.645963846303655, 49.537140739040268 ], [ 22.633384081968714, 49.530176025864968 ], [ 22.644869804392513, 49.5224483118606 ], [ 22.651493467473735, 49.518030968348725 ], [ 22.650625020245666, 49.506484174864489 ], [ 22.662215653650591, 49.498673561149772 ], [ 22.681279307476558, 49.497998657119425 ], [ 22.687665578367984, 49.493733531918217 ], [ 22.699469969174906, 49.485763480852995 ], [ 22.705727743341463, 49.481581185020573 ], [ 22.704839139624067, 49.470035298669401 ], [ 22.703948493073067, 49.458489461072858 ], [ 22.703055773147156, 49.446943673159396 ], [ 22.702160947775493, 49.435397935905655 ], [ 22.714151012548978, 49.427279213569769 ], [ 22.720178992639468, 49.423244450153973 ], [ 22.719274943972071, 49.411699084298064 ], [ 22.731428687128844, 49.403456125929274 ], [ 22.737268788028491, 49.399543565321899 ], [ 22.736355256078994, 49.387998582119657 ], [ 22.735439386419078, 49.376453657635274 ], [ 22.734521135238108, 49.364908793228025 ], [ 22.733600456761007, 49.353363990319409 ], [ 22.732677303179504, 49.341819250395424 ], [ 22.745167079978856, 49.33331982154283 ], [ 22.750616106577926, 49.329663093850954 ], [ 22.749682684911132, 49.318118766327188 ], [ 22.748746601741065, 49.306574508117905 ], [ 22.747807799510639, 49.295030321026722 ], [ 22.746866218217104, 49.283486206934882 ], [ 22.745921795323625, 49.271942167804191 ], [ 22.744974465667163, 49.260398205679806 ], [ 22.744024161362599, 49.248854322693312 ], [ 22.738536291629128, 49.245831317121272 ], [ 22.719559435808137, 49.24635706839787 ], [ 22.705420590276638, 49.238525991231974 ], [ 22.704474942336706, 49.226981687249634 ], [ 22.717437687852716, 49.218128548709124 ], [ 22.736390425877808, 49.217426584683501 ], [ 22.741154678751379, 49.214223171239546 ], [ 22.735931312330433, 49.211343480929138 ], [ 22.721385887809479, 49.203287923473653 ], [ 22.720425138503458, 49.191744171380854 ], [ 22.715243105748279, 49.188884275567091 ], [ 22.700660341524241, 49.180805321617179 ], [ 22.713955859006219, 49.171708684387283 ], [ 22.728842228913525, 49.179897569676989 ], [ 22.733765094245062, 49.182613988737714 ], [ 22.752703467220996, 49.181904127182598 ], [ 22.757044258481141, 49.178982250892489 ], [ 22.752283472737041, 49.176356708970246 ], [ 22.737282418966007, 49.168049556354411 ], [ 22.736305511985943, 49.156506394672597 ], [ 22.750068077010273, 49.147066710089341 ], [ 22.768992050415374, 49.146348355211757 ], [ 22.784614098177091, 49.15493094773295 ], [ 22.788802058805, 49.157239681256826 ], [ 22.792617232815971, 49.154667987146269 ], [ 22.791619079496137, 49.14312587418187 ], [ 22.805945775408656, 49.133270820559822 ], [ 22.8093619184734, 49.130966036876906 ], [ 22.823966873016804, 49.120906718637038 ], [ 22.827081086964693, 49.118804161482814 ], [ 22.84197826515744, 49.108530366419537 ], [ 22.8447758045242, 49.106640284796953 ], [ 22.859979908751004, 49.096141251172696 ], [ 22.878879536424709, 49.095375422789317 ], [ 22.881139821617094, 49.093846470701614 ], [ 22.880088523920428, 49.082306685241484 ], [ 22.87776006800447, 49.081024149503001 ], [ 22.860350980321858, 49.071394309729676 ], [ 22.859296435896983, 49.059854462725568 ], [ 22.858236754017838, 49.048314769413416 ], [ 22.874343759029948, 49.037157166019838 ], [ 22.875832634343176, 49.036149067452392 ], [ 22.874755219664006, 49.024610069178031 ], [ 22.873672099336222, 49.013071244147412 ], [ 22.872417753176105, 49.012379190160836 ], [ 22.853528297743004, 49.012870316365301 ], [ 22.852166424699501, 49.013792283018034 ], [ 22.835518574394467, 49.024798911873816 ], [ 22.816624602736258, 49.025295843681249 ], [ 22.814673915035875, 49.026614820680479 ] ] ], [ [ [ 18.77790717618673, 54.624161484994161 ], [ 18.767870804189901, 54.62954034045098 ], [ 18.767946213636581, 54.641100970906145 ], [ 18.756338396498531, 54.647403646602612 ], [ 18.746596195328372, 54.652618657270637 ], [ 18.73482077776147, 54.659004370445352 ], [ 18.725232187158102, 54.664132539783445 ], [ 18.725306784390096, 54.675693141111964 ], [ 18.734678867471608, 54.680781302521751 ], [ 18.744117037827117, 54.675734320891337 ], [ 18.756207022225311, 54.66935345206138 ], [ 18.765802442579073, 54.664217751499656 ], [ 18.777723086639739, 54.65792276424191 ], [ 18.787477472899742, 54.652697272437798 ], [ 18.799227070262575, 54.646489192350892 ], [ 18.809142039474192, 54.641172887459248 ], [ 18.809338214338791, 54.629612720747268 ], [ 18.820769487614516, 54.623567029605262 ], [ 18.830982563743277, 54.61808436753811 ], [ 18.831164887360909, 54.60652410644601 ], [ 18.820868882021259, 54.600939396663222 ], [ 18.810523979434922, 54.606493564310945 ], [ 18.799394140690776, 54.612552822299421 ], [ 18.789204269271639, 54.618018848180434 ], [ 18.77790717618673, 54.624161484994161 ] ] ], [ [ [ 18.722421319277611, 54.68724697686006 ], [ 18.713208855095939, 54.682244537312407 ], [ 18.703926171864349, 54.687203205810469 ], [ 18.713138612829418, 54.692206346822779 ], [ 18.722421319277611, 54.68724697686006 ] ] ], [ [ [ 18.679253732715814, 54.698700825512319 ], [ 18.670194382766482, 54.693776868613995 ], [ 18.661055566847175, 54.698651304697158 ], [ 18.670114890945356, 54.703575940613085 ], [ 18.679253732715814, 54.698700825512319 ] ] ], [ [ [ 18.65753704400678, 54.71020180539567 ], [ 18.648627717328143, 54.705357774818999 ], [ 18.639635094068506, 54.710149912514332 ], [ 18.648544394091836, 54.714994600088353 ], [ 18.65753704400678, 54.71020180539567 ] ] ], [ [ [ 18.583973435489924, 54.728417836169079 ], [ 18.575237073922288, 54.733062169673069 ], [ 18.58387764622691, 54.737766744753081 ], [ 18.592614037537412, 54.733121792403907 ], [ 18.583973435489924, 54.728417836169079 ] ] ], [ [ [ 18.45444564382073, 54.774383912928727 ], [ 18.446130755992822, 54.77878281950214 ], [ 18.454326227058303, 54.783256529463181 ], [ 18.46264115011234, 54.778857064564505 ], [ 18.45444564382073, 54.774383912928727 ] ] ] ] } }
]
}
