{
"type": "FeatureCollection",
"name": "martwe_drewno_cykl4_prog5_10_15_20",
"crs": { "type": "name", "properties": { "name": "urn:ogc:def:crs:OGC:1.3:CRS84" } },
"features": [
{ "type": "Feature", "properties": { "cykl": 4, "typ_martwego_drewna": "wszystkie", "prog_zasobnosci_m3ha": 5, "srednia_krajowa_m3ha": 11.148837381277966, "max_zasobnosci_m3ha": 51.562012639400123, "n_traktow": 10535, "wiarygodne": true }, "geometry": { "type": "MultiPolygon", "coordinates": [ [ [ [ 22.815923167333565, 49.016135151387211 ], [ 22.799690139569091, 49.027109890518481 ], [ 22.79792241580537, 49.028313290584954 ], [ 22.781694378325945, 49.039276945476715 ], [ 22.779912883083284, 49.040488990980002 ], [ 22.763690119841453, 49.051441375152798 ], [ 22.761894563459666, 49.052662258160183 ], [ 22.759912701974397, 49.051564675120012 ], [ 22.742130423283538, 49.04172886521706 ], [ 22.723238235361158, 49.04234427730249 ], [ 22.704345413166713, 49.042956675817187 ], [ 22.702355639306337, 49.04185315785552 ], [ 22.684597362829319, 49.032013387246771 ], [ 22.668374866960821, 49.042939785399582 ], [ 22.666557879240724, 49.044172442443177 ], [ 22.647663174170589, 49.04477581613434 ], [ 22.631448067171299, 49.05568397760878 ], [ 22.632299281440435, 49.067231898256637 ], [ 22.630452538327489, 49.068483291652647 ], [ 22.614248827946, 49.079373981786404 ], [ 22.61238666982916, 49.080635101335325 ], [ 22.596189951471782, 49.09151341127194 ], [ 22.594311995230328, 49.092784512496706 ], [ 22.575397359963123, 49.093376852271724 ], [ 22.573324063184884, 49.092224416155112 ], [ 22.555655880238543, 49.082411409832908 ], [ 22.539465395636832, 49.093268880628713 ], [ 22.537566265503099, 49.094552572060849 ], [ 22.535478577211453, 49.093391208678192 ], [ 22.51783232166941, 49.083580689263918 ], [ 22.498919642962019, 49.084160864203454 ], [ 22.480006369211736, 49.084738069028276 ], [ 22.463826714813766, 49.095566135763441 ], [ 22.461896876470028, 49.096868296571728 ], [ 22.442978049232128, 49.097439815861343 ], [ 22.424058636919813, 49.098008381372843 ], [ 22.40513864301175, 49.098573999084245 ], [ 22.388978758502542, 49.109364643135244 ], [ 22.389776361345067, 49.120915444571203 ], [ 22.387793363619519, 49.122250943538369 ], [ 22.37164961861945, 49.133021046224229 ], [ 22.372444426039017, 49.14457199145474 ], [ 22.370432042038409, 49.14592646368002 ], [ 22.351492792978927, 49.146484235558269 ], [ 22.349276073651769, 49.145247113608271 ], [ 22.33177720050897, 49.135480884790873 ], [ 22.312841204646229, 49.136032583603665 ], [ 22.293904647129331, 49.136581377265742 ], [ 22.274967531508924, 49.13712727384992 ], [ 22.258861598056054, 49.147837135439985 ], [ 22.256788081825029, 49.149229446611436 ], [ 22.237845471271179, 49.149769815494281 ], [ 22.221759555111138, 49.160453309837465 ], [ 22.222521115421888, 49.17200593246379 ], [ 22.22328348051651, 49.183558514166471 ], [ 22.221153591077091, 49.184987218560551 ], [ 22.218821530955541, 49.183683089067408 ], [ 22.201450180238844, 49.173962201323242 ], [ 22.18249714738694, 49.174494469314013 ], [ 22.166448881176578, 49.185132368377865 ], [ 22.164281298835057, 49.186584761111376 ], [ 22.145322794032626, 49.187111596979882 ], [ 22.129299997597641, 49.197719626877102 ], [ 22.127093160653697, 49.199197147328945 ], [ 22.108129193777298, 49.199718591560419 ], [ 22.08916470250643, 49.200237232577898 ], [ 22.073180228545471, 49.21080153937875 ], [ 22.070916354373466, 49.212315548040607 ], [ 22.051946417433804, 49.212828857669798 ], [ 22.035993522821904, 49.223359385891797 ], [ 22.036715779220572, 49.234913888941911 ], [ 22.037438905361952, 49.246468350118334 ], [ 22.038162920361788, 49.258022768916895 ], [ 22.03581205515912, 49.259593430597164 ], [ 22.019912137301269, 49.270075123781531 ], [ 22.02063365220986, 49.281629658405507 ], [ 22.018235460946485, 49.283231207430099 ], [ 22.002371795428807, 49.29367940210242 ], [ 21.999939774625147, 49.295302907477094 ], [ 21.984102321893673, 49.305726371395771 ], [ 21.981635192429721, 49.307372676991591 ], [ 21.96582528106633, 49.317770561776285 ], [ 21.966537744664606, 49.32932551691313 ], [ 21.967251261560317, 49.340880425800819 ], [ 21.964711849729181, 49.342574206063809 ], [ 21.94569018451735, 49.343073820053824 ], [ 21.926668020908902, 49.343570710078438 ], [ 21.907645361996, 49.344064880580191 ], [ 21.891944057031047, 49.354363846910189 ], [ 21.889300209609523, 49.356124796079868 ], [ 21.873633132803114, 49.366393930709101 ], [ 21.870946135882029, 49.36818294765483 ], [ 21.851913115214035, 49.368669525696518 ], [ 21.836301642946236, 49.378889608423677 ], [ 21.836989490676658, 49.390445681953267 ], [ 21.834211203995999, 49.392294091497789 ], [ 21.831176173476422, 49.390588294408595 ], [ 21.81450674056839, 49.381204946563308 ], [ 21.811468412324775, 49.379496660059012 ], [ 21.794811156962528, 49.370112965268923 ], [ 21.791768382852865, 49.368401513308065 ], [ 21.775124446381437, 49.359018124395234 ], [ 21.759580932682915, 49.369174929706006 ], [ 21.76025041556067, 49.380731798272265 ], [ 21.75738855641924, 49.382632885090779 ], [ 21.741904450958579, 49.392741500718508 ], [ 21.738991961942361, 49.394675402847469 ], [ 21.723551324920265, 49.404748379719798 ], [ 21.720586424674032, 49.406716239681273 ], [ 21.705191078640755, 49.416752431311366 ], [ 21.702171938784225, 49.418755419138279 ], [ 21.698879067473843, 49.416900030552732 ], [ 21.682485559437179, 49.407644513133981 ], [ 21.663434426669038, 49.408104420355372 ], [ 21.648116918144389, 49.418074486930351 ], [ 21.648765883350336, 49.429632237714429 ], [ 21.645627910683537, 49.431711169057934 ], [ 21.630383092956563, 49.441624696343204 ], [ 21.627185642397805, 49.443742008048282 ], [ 21.623703551567012, 49.441776527721601 ], [ 21.607505466510393, 49.43261783804234 ], [ 21.588443551041262, 49.43306675613983 ], [ 21.569381174539849, 49.433512674412214 ], [ 21.550318337767031, 49.433955546618037 ], [ 21.531255041372098, 49.434395322954011 ], [ 21.527632828539609, 49.432345083629365 ], [ 21.52706706328258, 49.420785006407442 ], [ 21.511008721414004, 49.411677690161532 ], [ 21.49591468292056, 49.421462014533752 ], [ 21.49254005138669, 49.423687602514718 ], [ 21.488880927878764, 49.421613709231096 ], [ 21.472897701124886, 49.412539889521483 ], [ 21.453841504637129, 49.412966014120748 ], [ 21.434784851048391, 49.413388736313124 ], [ 21.415727740716473, 49.413807989539293 ], [ 21.400772340064623, 49.423477595300497 ], [ 21.397234457844206, 49.425802666290579 ], [ 21.378171969294005, 49.426215152341115 ], [ 21.363294857290789, 49.435822244114235 ], [ 21.359664765123274, 49.438204296726845 ], [ 21.34484057337221, 49.447770279687184 ], [ 21.341148554239826, 49.450191122199797 ], [ 21.322075759117396, 49.450593190996067 ], [ 21.303002510644689, 49.450991402949072 ], [ 21.283928810052981, 49.45138569503915 ], [ 21.279878954991926, 49.449069775298277 ], [ 21.264320894149286, 49.440193046712196 ], [ 21.260284797380372, 49.437882487446593 ], [ 21.244721848618539, 49.428996180975858 ], [ 21.225655747076395, 49.429377539604737 ], [ 21.221616313183333, 49.427060097734369 ], [ 21.221127453810386, 49.415497427665137 ], [ 21.220637953958573, 49.403934749236548 ], [ 21.205031446038699, 49.395007624454578 ], [ 21.185977856867193, 49.395379402083016 ], [ 21.17120887207485, 49.404873921349129 ], [ 21.167433796667297, 49.407329623437228 ], [ 21.152704005763177, 49.416792078112167 ], [ 21.148880727115678, 49.419277003371462 ], [ 21.134190225892219, 49.42870736914098 ], [ 21.130318642424182, 49.431221543781824 ], [ 21.126214160522572, 49.428854357761374 ], [ 21.110752662238806, 49.419992552397368 ], [ 21.091687994925461, 49.42034391596129 ], [ 21.072622910562679, 49.42069100581562 ], [ 21.053557414164541, 49.421033830867387 ], [ 21.049474490852788, 49.418668557768903 ], [ 21.04902930622908, 49.407104568975313 ], [ 21.052874342727918, 49.404664123941508 ], [ 21.067640381803983, 49.395201209154173 ], [ 21.071447944531265, 49.392783041729068 ], [ 21.090502504584034, 49.392442515461362 ], [ 21.105297353225158, 49.382949385602601 ], [ 21.10483575798899, 49.371385787793677 ], [ 21.089229148697136, 49.362424698354175 ], [ 21.070186379056768, 49.362769725386826 ], [ 21.051143201096657, 49.36311051797454 ], [ 21.047242985065058, 49.360848502399755 ], [ 21.031622226909192, 49.351863457143494 ], [ 21.027759306320029, 49.349620091715977 ], [ 21.012110089579743, 49.340611835784841 ], [ 21.008286282239737, 49.338388229854225 ], [ 20.992606787098723, 49.329355689143846 ], [ 20.988823837874843, 49.327152922775056 ], [ 20.992425342628252, 49.324861187287297 ], [ 21.007408362205652, 49.315259510496482 ], [ 20.99167204936882, 49.306189564567262 ], [ 20.972649552162757, 49.306511794828097 ], [ 20.968942147914237, 49.304349524289762 ], [ 20.953168669643681, 49.295246706024386 ], [ 20.934149873778829, 49.295560603096568 ], [ 20.915130717017522, 49.295870607317184 ], [ 20.900068925361385, 49.305502855582411 ], [ 20.900546019745246, 49.317066913116363 ], [ 20.89700085681055, 49.319345805367405 ], [ 20.881980218506268, 49.328942701423372 ], [ 20.87841292360342, 49.331234183638934 ], [ 20.86340564095099, 49.340815586517422 ], [ 20.859816034476125, 49.343119790254214 ], [ 20.85608531045024, 49.340933406948039 ], [ 20.840345477904599, 49.331829669253921 ], [ 20.821311253769032, 49.332121924577294 ], [ 20.806249842001545, 49.341723170929974 ], [ 20.80269999213132, 49.343997439583276 ], [ 20.78765045893682, 49.353584140532227 ], [ 20.784079773798986, 49.355870305887962 ], [ 20.769042568746098, 49.36544218696573 ], [ 20.765450593893714, 49.36774055481461 ], [ 20.750426223748011, 49.377297305802671 ], [ 20.750875398646556, 49.388862132688338 ], [ 20.751325615831259, 49.400426921783009 ], [ 20.747634774162947, 49.402786967395549 ], [ 20.732694339320378, 49.412279274299969 ], [ 20.728979261038123, 49.414653390681416 ], [ 20.709911858352562, 49.414926353287044 ], [ 20.690844158659587, 49.415195988276658 ], [ 20.68703962687076, 49.412954563178033 ], [ 20.671382510280189, 49.403871577649824 ], [ 20.667639557304529, 49.401664541534615 ], [ 20.651929810541979, 49.392544115638508 ], [ 20.636846726498415, 49.402104672994142 ], [ 20.633254641953975, 49.404394397931135 ], [ 20.618185941484203, 49.413938867672698 ], [ 20.61457049437519, 49.416242278526106 ], [ 20.61084366365521, 49.414041408577461 ], [ 20.610505639533972, 49.402474660307902 ], [ 20.610167086826998, 49.390907897564183 ], [ 20.594375005820996, 49.381723495092807 ], [ 20.590791508934412, 49.379604690380518 ], [ 20.574948608648231, 49.370383759021102 ], [ 20.555896898122679, 49.370631038547351 ], [ 20.54063562377824, 49.380284102405312 ], [ 20.537206447082614, 49.382465688903075 ], [ 20.521959016736396, 49.39210295577616 ], [ 20.518507030427074, 49.394298014676416 ], [ 20.503274486350868, 49.403918839831697 ], [ 20.499798642370706, 49.406128034943343 ], [ 20.480732482335778, 49.406363945369435 ], [ 20.461666079734261, 49.406597000985656 ], [ 20.442599438183851, 49.406827223061136 ], [ 20.439073565984259, 49.40473586094069 ], [ 20.423197460884541, 49.395463033099318 ], [ 20.419727740673721, 49.393403742061416 ], [ 20.403804448326323, 49.38409632503754 ], [ 20.384746079597328, 49.38431802971219 ], [ 20.36934696460477, 49.394011511266122 ], [ 20.3660089091772, 49.396128343280871 ], [ 20.346945610199096, 49.396344580017292 ], [ 20.327882092226503, 49.396558064597585 ], [ 20.324478313623448, 49.394534291294448 ], [ 20.324205812691421, 49.382966143796558 ], [ 20.323932851842557, 49.371397979276509 ], [ 20.323659452319689, 49.359829797485673 ], [ 20.32338563428598, 49.34826159818796 ], [ 20.307280577825104, 49.338814744771469 ], [ 20.291685584404931, 49.348620234729729 ], [ 20.2885416878634, 49.350612628839613 ], [ 20.285314996851383, 49.34869125827867 ], [ 20.269197251093768, 49.339227450173418 ], [ 20.253575326260293, 49.349039878099603 ], [ 20.250449001865974, 49.351019979101714 ], [ 20.247240812408339, 49.349108410847393 ], [ 20.231113098529473, 49.339629221053848 ], [ 20.212070719587743, 49.339826002253766 ], [ 20.193028142566924, 49.340020042830048 ], [ 20.189879681741118, 49.338141920124727 ], [ 20.173709719445295, 49.328621176066427 ], [ 20.170603825487525, 49.326767495068765 ], [ 20.173621114933532, 49.324894073235384 ], [ 20.189391866714953, 49.315004344576515 ], [ 20.173158973577586, 49.305441789135493 ], [ 20.154129408101678, 49.305630180916388 ], [ 20.151099936013946, 49.303820820038283 ], [ 20.134833478432828, 49.294226475270776 ], [ 20.131843378788332, 49.292439728761245 ], [ 20.1316114219699, 49.280870660370006 ], [ 20.131379123322073, 49.269301572752383 ], [ 20.115023906363962, 49.25964284759219 ], [ 20.11213835367678, 49.257917021553894 ], [ 20.111909793631547, 49.246347825949492 ], [ 20.111680916955116, 49.234778610785519 ], [ 20.111451732137684, 49.223209375976339 ], [ 20.094986370553762, 49.213471092619073 ], [ 20.092230879409385, 49.211821283824285 ], [ 20.092005476771451, 49.200251941386966 ], [ 20.091779783959584, 49.188682579050585 ], [ 20.075237835244778, 49.178886845278541 ], [ 20.056256259107325, 49.179060916965732 ], [ 20.040139617561561, 49.189159246162653 ], [ 20.037516755518176, 49.190819102300331 ], [ 20.021419718574339, 49.200897793748894 ], [ 20.018768374377903, 49.202574807156722 ], [ 20.002691815732401, 49.212633332938346 ], [ 20.000011109452778, 49.214328023520046 ], [ 19.983955897153962, 49.224365860444692 ], [ 19.98124495449342, 49.22607874230382 ], [ 19.962244785276763, 49.226238898320254 ], [ 19.943244454395035, 49.226396203861725 ], [ 19.924243964577883, 49.226550645838358 ], [ 19.905243318567585, 49.226702210750474 ], [ 19.902460715456414, 49.225031338008471 ], [ 19.902279410408362, 49.213461403354323 ], [ 19.885828252039239, 49.203675325289481 ], [ 19.883103723131214, 49.202038245297807 ], [ 19.866633691294105, 49.192233629362732 ], [ 19.847645909692975, 49.192376416195017 ], [ 19.828657983358735, 49.192516276006053 ], [ 19.812533329568168, 49.202556285148987 ], [ 19.809859098185502, 49.204240665936219 ], [ 19.807122857440973, 49.202594222084969 ], [ 19.790681707786387, 49.192787155604108 ], [ 19.774556755840553, 49.202817212867174 ], [ 19.771873674859933, 49.204505639557212 ], [ 19.755773494313434, 49.214512961414322 ], [ 19.755978927281046, 49.226082903729804 ], [ 19.756184953867205, 49.237652819061907 ], [ 19.772542309751099, 49.247409810106895 ], [ 19.775397706950617, 49.249096702724096 ], [ 19.775609455558655, 49.260666507335422 ], [ 19.791921200681024, 49.270386654647723 ], [ 19.794837069300264, 49.272107036166972 ], [ 19.811128644376129, 49.281807912029947 ], [ 19.814074453353534, 49.283544289412369 ], [ 19.811186919150973, 49.285360387555286 ], [ 19.795272736052258, 49.295246392598237 ], [ 19.795491542151794, 49.306816029512817 ], [ 19.795711010561551, 49.318385638797373 ], [ 19.795931152366798, 49.329955220374927 ], [ 19.796151979265186, 49.341524774164192 ], [ 19.796373503601728, 49.353094300079391 ], [ 19.79659573840464, 49.364663798029923 ], [ 19.796818697421891, 49.376233267920163 ], [ 19.793652534426791, 49.378220469790492 ], [ 19.777981898934005, 49.38793254425503 ], [ 19.778201810518407, 49.399502017002938 ], [ 19.778422489367554, 49.411071461504932 ], [ 19.775139991239843, 49.41312947739393 ], [ 19.771787280298589, 49.411115940764851 ], [ 19.755888700633406, 49.401664630449069 ], [ 19.752572196390744, 49.399671682127277 ], [ 19.736646376001321, 49.390197075282458 ], [ 19.733365143870202, 49.388224171788899 ], [ 19.717413011282666, 49.378726795957483 ], [ 19.701740261863712, 49.388420451756502 ], [ 19.698517125779958, 49.390437954528245 ], [ 19.682876969445324, 49.40010432194066 ], [ 19.679612256129481, 49.402146351346715 ], [ 19.660542836711183, 49.402258991673875 ], [ 19.64147330014854, 49.402368483422521 ], [ 19.625865642773434, 49.411997853570433 ], [ 19.626050598369432, 49.423567700179746 ], [ 19.64187269723045, 49.433001832544626 ], [ 19.645315349576958, 49.435032628950772 ], [ 19.641926814184835, 49.437148524844517 ], [ 19.626422868011193, 49.446707311128385 ], [ 19.622990558612909, 49.448848919285155 ], [ 19.603902814612958, 49.4489519799967 ], [ 19.584814962696971, 49.449051831733286 ], [ 19.569344624801758, 49.45857314631445 ], [ 19.569519023335666, 49.470143024641992 ], [ 19.56599403206846, 49.472337815133436 ], [ 19.550596115954516, 49.481805356191742 ], [ 19.550767633346354, 49.493375224624785 ], [ 19.550940048628185, 49.504945065582248 ], [ 19.547284652087441, 49.50721844490004 ], [ 19.53200113288414, 49.516604338899725 ], [ 19.53217079971942, 49.528174168709825 ], [ 19.532341441308549, 49.539743970827963 ], [ 19.532513086377413, 49.551313745120488 ], [ 19.528674020478338, 49.553698276604585 ], [ 19.513554731746439, 49.562969967690996 ], [ 19.513723844067119, 49.574539729450954 ], [ 19.509786618086942, 49.576982977191761 ], [ 19.490648565443667, 49.577066166064867 ], [ 19.475612534404711, 49.586273097851922 ], [ 19.471622221396796, 49.588745935396624 ], [ 19.456628714018947, 49.597919998190051 ], [ 19.456787295468509, 49.609489799682947 ], [ 19.452694201769599, 49.612024053361431 ], [ 19.448554593357219, 49.609521992758751 ], [ 19.448498731084808, 49.597951784186662 ], [ 19.43333661253104, 49.588895662934732 ], [ 19.414193689643202, 49.58896553968578 ], [ 19.410158680416053, 49.586523548277555 ], [ 19.410109603989881, 49.574953260403738 ], [ 19.394863468613682, 49.565833255620952 ], [ 19.375729473767766, 49.565896572682071 ], [ 19.371794772531981, 49.563512207239285 ], [ 19.371752572911419, 49.551941843326631 ], [ 19.371709459583485, 49.540371459191348 ], [ 19.356342237344812, 49.531162981875369 ], [ 19.33722169762903, 49.531219816989008 ], [ 19.318101097919165, 49.531273334864458 ], [ 19.298980441779875, 49.53132353809837 ], [ 19.27985973277735, 49.531370430264488 ], [ 19.276072709444993, 49.529068619009827 ], [ 19.260677311647527, 49.51981754963969 ], [ 19.256936124757139, 49.517542146359354 ], [ 19.241503928793509, 49.508262019421224 ], [ 19.237807610463207, 49.506012474314971 ], [ 19.237791681139452, 49.494441914814026 ], [ 19.237774945204777, 49.482871333747688 ], [ 19.222234595513285, 49.473514684851601 ], [ 19.218661641337551, 49.471338405242179 ], [ 19.222215053032254, 49.469194718884566 ], [ 19.237739156285983, 49.459730106701286 ], [ 19.222129756936351, 49.450327376546099 ], [ 19.20304046182406, 49.450361561661545 ], [ 19.199546151434639, 49.448231623216245 ], [ 19.199535124307825, 49.436660938520205 ], [ 19.1995234013581, 49.425090231781233 ], [ 19.199511003999639, 49.413519502960845 ], [ 19.18377785012833, 49.404023530931113 ], [ 19.164706470887729, 49.404051468203598 ], [ 19.145635063115908, 49.40407613824415 ], [ 19.126563630305284, 49.404097547745359 ], [ 19.107492175938884, 49.404115703842017 ], [ 19.091808823928272, 49.413655170357707 ], [ 19.08844152414504, 49.415721856096845 ], [ 19.085071068817189, 49.413660323519188 ], [ 19.0693492164182, 49.404142286204078 ], [ 19.050277718174989, 49.404150728403266 ], [ 19.046947204153845, 49.402111323068191 ], [ 19.031198869122431, 49.392565321303451 ], [ 19.012131846532924, 49.392567402283042 ], [ 18.993064822987435, 49.392566277207507 ], [ 18.97399780188432, 49.392561954553692 ], [ 18.958242803142461, 49.40211331383626 ], [ 18.95826535105169, 49.41368408490397 ], [ 18.973981602879583, 49.423224999025713 ], [ 18.977371157643208, 49.425260141435743 ], [ 18.977399720596573, 49.436830863058262 ], [ 18.977429026655031, 49.448401561545516 ], [ 18.973967160875162, 49.450518084766877 ], [ 18.958362740581162, 49.459966938979903 ], [ 18.958389006900031, 49.471537594998232 ], [ 18.958416091850388, 49.483108228036578 ], [ 18.958444022659702, 49.494678838105663 ], [ 18.958472827558872, 49.506249425216438 ], [ 18.954824385602915, 49.508477380811868 ], [ 18.939383170121989, 49.517811552411175 ], [ 18.93569716736485, 49.520061015547583 ], [ 18.916580642674194, 49.520046535601438 ], [ 18.912912490633353, 49.517794656370604 ], [ 18.897488370012983, 49.508434085388345 ], [ 18.878376399756679, 49.508413377634383 ], [ 18.862905957446291, 49.517746210849296 ], [ 18.85923118026891, 49.519984302270636 ], [ 18.843790002551874, 49.529292518190395 ], [ 18.843794168194822, 49.540863037247703 ], [ 18.843799340347356, 49.552433534420857 ], [ 18.840001211195247, 49.554744993747775 ], [ 18.82466830837112, 49.563976599663953 ], [ 18.82467105285664, 49.575547049351144 ], [ 18.824674911389309, 49.587117477492541 ], [ 18.824679921040531, 49.598687884145406 ], [ 18.824686119744843, 49.610258269368281 ], [ 18.820658791030734, 49.612707159822897 ], [ 18.80553378245704, 49.621798035158704 ], [ 18.805537949945311, 49.633368373592887 ], [ 18.805543426923411, 49.644938691005386 ], [ 18.805550254094094, 49.656508987465585 ], [ 18.805558472659666, 49.668079263043531 ], [ 18.801270189810584, 49.670684908311557 ], [ 18.78638598185854, 49.679615724638886 ], [ 18.782042962084962, 49.682253329615158 ], [ 18.762863068812862, 49.682213993655914 ], [ 18.758553108942309, 49.679561041812036 ], [ 18.743744203804805, 49.670566854467069 ], [ 18.728841135520693, 49.679495285244165 ], [ 18.72450341316604, 49.682126245995462 ], [ 18.709648736004443, 49.691018986522948 ], [ 18.709638889883387, 49.702589167657692 ], [ 18.705183278173912, 49.7052902286066 ], [ 18.685994437087135, 49.705238881295962 ], [ 18.666805651239173, 49.705184535545378 ], [ 18.6476169237873, 49.705127196371919 ], [ 18.632856084348454, 49.71394142842199 ], [ 18.632831489075389, 49.725511524857453 ], [ 18.628251070845177, 49.728283292188301 ], [ 18.613606871387777, 49.737019150709187 ], [ 18.613581070070044, 49.748589197078481 ], [ 18.613556944473022, 49.760159225917583 ], [ 18.613534523055687, 49.771729237322994 ], [ 18.608679819431952, 49.774664941764186 ], [ 18.594294633597908, 49.78323353728986 ], [ 18.594271179796099, 49.794803499696641 ], [ 18.58926743841101, 49.797827454125844 ], [ 18.575021637210824, 49.80630453372752 ], [ 18.574997167512223, 49.817874447128382 ], [ 18.569836442140961, 49.82099115055248 ], [ 18.555737878362454, 49.829372211086095 ], [ 18.569686817933604, 49.83785906181749 ], [ 18.574953546652029, 49.841014224174899 ], [ 18.574934406396554, 49.852584087863157 ], [ 18.588732381746659, 49.860970789818651 ], [ 18.594167887112992, 49.864222920095287 ], [ 18.588676617754505, 49.86753876928298 ], [ 18.57490146269949, 49.875723765562789 ], [ 18.574887644587438, 49.887293579522485 ], [ 18.574875578027168, 49.898863376825503 ], [ 18.574865243696436, 49.910433157401904 ], [ 18.56900997463628, 49.913964077733894 ], [ 18.555582333834025, 49.921930665145709 ], [ 18.549630468864059, 49.925517010581551 ], [ 18.543745033103498, 49.921884701325645 ], [ 18.543946528924124, 49.910315690073197 ], [ 18.530580449270097, 49.90219012183379 ], [ 18.511314020869182, 49.902111089563114 ], [ 18.492047678743983, 49.902028945547286 ], [ 18.478520673714463, 49.910039943411888 ], [ 18.47265470571562, 49.913567802014811 ], [ 18.45921448110721, 49.92152135094814 ], [ 18.453252475760895, 49.925103794181901 ], [ 18.433977156320399, 49.925011627896382 ], [ 18.420621928323158, 49.932904796017517 ], [ 18.414561134952688, 49.936540960955689 ], [ 18.395281390521166, 49.936441946965665 ], [ 18.376001755769941, 49.936339655510224 ], [ 18.356722234533343, 49.936234065315602 ], [ 18.350753114109636, 49.932534731082569 ], [ 18.337602156558276, 49.92450222648408 ], [ 18.331723504013262, 49.920856791560894 ], [ 18.318491342424085, 49.912768614045447 ], [ 18.305033405509484, 49.920699923485344 ], [ 18.299052972998684, 49.924275421075102 ], [ 18.28567737829302, 49.932152191418297 ], [ 18.285594667862529, 49.943721533031557 ], [ 18.285512681809564, 49.955290856276697 ], [ 18.27925858795151, 49.959021999441283 ], [ 18.266136562814641, 49.966739704860686 ], [ 18.259792235892871, 49.970519854128106 ], [ 18.24049959026102, 49.970391774878117 ], [ 18.22120709000194, 49.97026011792228 ], [ 18.208146055740677, 49.977928173380917 ], [ 18.208042337744232, 49.989497261494307 ], [ 18.201530174503148, 49.993363637508502 ], [ 18.182228714641049, 49.993222859759634 ], [ 18.175874828100735, 49.989273226774586 ], [ 18.163129027021053, 49.981460860999434 ], [ 18.150115369994218, 49.989087390003164 ], [ 18.143626284112866, 49.992930074657089 ], [ 18.124325322669751, 49.992778012824566 ], [ 18.111359391986685, 50.000366838755241 ], [ 18.104808901253449, 50.004236333815882 ], [ 18.091900012734577, 50.011785981497511 ], [ 18.091758604354133, 50.023354664596198 ], [ 18.091616865301962, 50.034923322483756 ], [ 18.08484203237067, 50.038913544874404 ], [ 18.072129506899259, 50.046338906937088 ], [ 18.065297628244707, 50.050356118021213 ], [ 18.052627383223378, 50.05775109829964 ], [ 18.04574400405, 50.061791888817503 ], [ 18.026416187918418, 50.061612878685608 ], [ 18.019783182302557, 50.05747836821859 ], [ 18.007328093552815, 50.049823001708489 ], [ 18.000792297167639, 50.045746654136252 ], [ 18.001096475069136, 50.034179473460391 ], [ 18.007729888010644, 50.030335000875439 ], [ 18.01425584775059, 50.034291997450339 ], [ 18.026812723589526, 50.042010943219537 ], [ 18.039677398904736, 50.034505146881045 ], [ 18.039976651359854, 50.022937825159339 ], [ 18.040276082714033, 50.011370481962274 ], [ 18.027589102259775, 50.003569439082248 ], [ 18.008284641636568, 50.003392899662209 ], [ 17.995262052315105, 50.01098943348574 ], [ 17.988736852521399, 50.014819031874772 ], [ 17.982422372127367, 50.010877542509164 ], [ 17.969676339666822, 50.003027950215589 ], [ 17.950372507358907, 50.002839526889417 ], [ 17.944172931483642, 49.998965892839728 ], [ 17.931326124824839, 49.991044182253418 ], [ 17.925211925747423, 49.987221855672779 ], [ 17.912289029378329, 49.979247249902443 ], [ 17.892995088431796, 49.979049611577402 ], [ 17.886989230274843, 49.975291461864785 ], [ 17.873972106768022, 49.967248509338837 ], [ 17.86058562224833, 49.975035123422586 ], [ 17.85440789582503, 49.978642539625156 ], [ 17.841041444810905, 49.986411526742216 ], [ 17.834834536908652, 49.99002967950981 ], [ 17.821482211435288, 49.99778448939427 ], [ 17.821247860368111, 50.009352097752881 ], [ 17.814966948915298, 50.013004620758231 ], [ 17.795660366184109, 50.012783502737484 ], [ 17.782318924322293, 50.020520069020158 ], [ 17.782070013245768, 50.032087430847717 ], [ 17.775764874357925, 50.035741968190102 ], [ 17.7624591422794, 50.043449912711296 ], [ 17.762202583515737, 50.055017121841686 ], [ 17.761945565001316, 50.066584303790975 ], [ 17.755550554236446, 50.070280676595274 ], [ 17.742306460185894, 50.077943073313293 ], [ 17.735916951994444, 50.081630794867863 ], [ 17.722653650048223, 50.089298377138483 ], [ 17.722382537502181, 50.100865282344287 ], [ 17.71596443998898, 50.104562281959431 ], [ 17.702709757348508, 50.112216992715204 ], [ 17.696307594482956, 50.115899849878943 ], [ 17.690219810523995, 50.112076757783036 ], [ 17.677280118775592, 50.104061884955954 ], [ 17.657938356567456, 50.103806829305611 ], [ 17.644506173087741, 50.111552029053811 ], [ 17.644209555723542, 50.123118476053129 ], [ 17.637939708453004, 50.126715018623486 ], [ 17.624500009627766, 50.134456554746443 ], [ 17.618255655474282, 50.138034285579486 ], [ 17.604778882689732, 50.145791160008898 ], [ 17.598562357812568, 50.149348968494557 ], [ 17.585046525311437, 50.157122291030085 ], [ 17.598098308888552, 50.165217792163553 ], [ 17.604161051898188, 50.168923473909246 ], [ 17.617132983654869, 50.176963389675741 ], [ 17.63650590140956, 50.177155578456322 ], [ 17.655879045440745, 50.177344250917926 ], [ 17.662162901387653, 50.181175879915671 ], [ 17.674932948562482, 50.189076406248503 ], [ 17.694311219779774, 50.189257507152291 ], [ 17.700760895595025, 50.19318377574438 ], [ 17.713379423480898, 50.200980577881033 ], [ 17.732762802848466, 50.20115429659004 ], [ 17.739384672634728, 50.205179033179952 ], [ 17.751845299593313, 50.212868419221834 ], [ 17.758575893347999, 50.216955339422562 ], [ 17.758315559530757, 50.228522174332312 ], [ 17.758055208316399, 50.240088986815422 ], [ 17.751029192192039, 50.244120608111459 ], [ 17.738318798065205, 50.251445951089416 ], [ 17.731322772267408, 50.255455738827052 ], [ 17.718570607237226, 50.262799442638084 ], [ 17.718298291676867, 50.274366001504596 ], [ 17.730618238021346, 50.28196206782583 ], [ 17.737519904215546, 50.286145911854369 ], [ 17.74973231940902, 50.293669976611447 ], [ 17.756754018803157, 50.297922721791238 ], [ 17.74951209239201, 50.302070366818967 ], [ 17.730089924045839, 50.301812502065616 ], [ 17.717482159305302, 50.309065554018588 ], [ 17.717210440639278, 50.320632030770597 ], [ 17.710040951756479, 50.324729531177162 ], [ 17.690609914340051, 50.324464145279947 ], [ 17.683906235720766, 50.320259779328168 ], [ 17.68426166618444, 50.30869429925982 ], [ 17.684616442397381, 50.29712878938556 ], [ 17.672147626743673, 50.289433808121686 ], [ 17.665629517586027, 50.285342813949008 ], [ 17.653058306333502, 50.277578778485505 ], [ 17.646648600120535, 50.273553750017079 ], [ 17.633978414441227, 50.265722678458317 ], [ 17.614571932223111, 50.26544973336398 ], [ 17.601385610952583, 50.273017852246234 ], [ 17.594824799116616, 50.276757782660816 ], [ 17.575414176296533, 50.276478781138607 ], [ 17.569290206663506, 50.272627166697248 ], [ 17.556354124883615, 50.264614920543629 ], [ 17.536948739387821, 50.264331507147752 ], [ 17.523465465483568, 50.272053988476628 ], [ 17.517183962767543, 50.275626530043162 ], [ 17.497774447253935, 50.275337521546064 ], [ 17.491917237513135, 50.271648873605152 ], [ 17.478734250756741, 50.263466504449518 ], [ 17.459329981632202, 50.263173378751937 ], [ 17.453620822865688, 50.259575781273213 ], [ 17.440304146531521, 50.251299854602237 ], [ 17.426458918808233, 50.259211142253967 ], [ 17.426100044779041, 50.270776118243433 ], [ 17.420139199692965, 50.274157861609304 ], [ 17.400731099308853, 50.27385717401701 ], [ 17.386796662116449, 50.281807012137193 ], [ 17.380930557602674, 50.285131071753383 ], [ 17.375408785832381, 50.281648378374243 ], [ 17.375821962450651, 50.270084285645375 ], [ 17.36231291099444, 50.261673017366782 ], [ 17.348240202382922, 50.26969551093773 ], [ 17.347859520006903, 50.281259997253926 ], [ 17.347479147414536, 50.292824466316866 ], [ 17.347099097062948, 50.304388918310238 ], [ 17.341301400311469, 50.307669620810763 ], [ 17.327237304105655, 50.315674629150145 ], [ 17.321472770103579, 50.318934361715634 ], [ 17.302047366255731, 50.318620204962265 ], [ 17.282622262582002, 50.318303831366279 ], [ 17.268402048368298, 50.326382957986851 ], [ 17.262775459623349, 50.32956010790403 ], [ 17.243346265229626, 50.329238763633455 ], [ 17.229033664434677, 50.337359783866319 ], [ 17.223485683793324, 50.340489388031791 ], [ 17.209136293286857, 50.348624898713567 ], [ 17.208720000910045, 50.360188394977875 ], [ 17.203178714733145, 50.363311527669779 ], [ 17.188809283525707, 50.371449852765657 ], [ 17.188388333443452, 50.383013187423835 ], [ 17.182852021286482, 50.386130883223046 ], [ 17.163400537097534, 50.385798166929149 ], [ 17.158244596682174, 50.382539674141668 ], [ 17.144401113945978, 50.373889490078263 ], [ 17.129900200093775, 50.382087291290809 ], [ 17.124498534853778, 50.385125946280439 ], [ 17.109966345086388, 50.393334969813729 ], [ 17.10952490605472, 50.404897743477399 ], [ 17.104124734368703, 50.407933121083886 ], [ 17.084665114500893, 50.407590420657421 ], [ 17.065205829016115, 50.407245391764143 ], [ 17.045746881516351, 50.406898006134256 ], [ 17.03107189945003, 50.415166029979773 ], [ 17.025807256378169, 50.418120569119488 ], [ 17.006344270544105, 50.417768036081362 ], [ 16.986881633607283, 50.417413075448771 ], [ 16.967419349368363, 50.417055658265859 ], [ 16.952607267226544, 50.425381326404739 ], [ 16.947457156638489, 50.428267127903922 ], [ 16.932624166403585, 50.436597970851885 ], [ 16.927485518747435, 50.439475846238174 ], [ 16.912633004912916, 50.447811069671474 ], [ 16.907504428676184, 50.450681831024717 ], [ 16.902692977704575, 50.447632278758043 ], [ 16.888544554121548, 50.438742310208795 ], [ 16.883777244784238, 50.435719519624456 ], [ 16.884308858343321, 50.424158997676479 ], [ 16.870113353531668, 50.415230742974821 ], [ 16.865404273659983, 50.412243329212494 ], [ 16.870372554312876, 50.409451473543683 ], [ 16.885369262994548, 50.401037839727856 ], [ 16.890345143750935, 50.398238758869589 ], [ 16.905323548275426, 50.38982876259093 ], [ 16.910308362653041, 50.387021722702364 ], [ 16.925267174409104, 50.37861610320973 ], [ 16.9257850553286, 50.367055108432297 ], [ 16.926302031458057, 50.355494076519257 ], [ 16.9312673747751, 50.352693145141778 ], [ 16.946224238552631, 50.344277487949505 ], [ 16.946734930639423, 50.332716243316916 ], [ 16.947244744002568, 50.321154962123494 ], [ 16.95219565877024, 50.318357434837779 ], [ 16.96714576056673, 50.309934459273215 ], [ 16.972110694772763, 50.307126232503897 ], [ 16.991529650067985, 50.307446401730985 ], [ 17.006422772380159, 50.299044579769138 ], [ 17.011431022289603, 50.296207233073012 ], [ 17.026297980586531, 50.287813585557224 ], [ 17.026786652647118, 50.276251623552128 ], [ 17.027274499199635, 50.264689626319729 ], [ 17.013114589704863, 50.255789072820285 ], [ 17.008393403375283, 50.252797187749152 ], [ 17.008884020217799, 50.24123525182722 ], [ 17.01383668875717, 50.238424950532014 ], [ 17.028733191437325, 50.230003425062108 ], [ 17.014557004611941, 50.221086701830721 ], [ 16.995174276969173, 50.22073714564619 ], [ 16.980246366272514, 50.229170471371965 ], [ 16.979765810534012, 50.240732518492656 ], [ 16.974811912368104, 50.243518339544103 ], [ 16.970154892623007, 50.240564979755817 ], [ 16.970653555155337, 50.229003276047536 ], [ 16.956409893431154, 50.220029935855337 ], [ 16.937028245235282, 50.21967223722357 ], [ 16.917646964540054, 50.219311781140199 ], [ 16.898266055167543, 50.2189485477424 ], [ 16.893723538292139, 50.216063221625156 ], [ 16.894238524434009, 50.204502000288436 ], [ 16.879910902014831, 50.195452724334721 ], [ 16.860540089407195, 50.19508435260645 ], [ 16.84540861564534, 50.203606343143385 ], [ 16.840647802517804, 50.206277442985787 ], [ 16.83617794206414, 50.203434720366616 ], [ 16.836705727448635, 50.19187389381343 ], [ 16.822325787939842, 50.182775207647758 ], [ 16.802960801423254, 50.182398464598904 ], [ 16.798542886678121, 50.17958593474259 ], [ 16.799078210705144, 50.168025330975972 ], [ 16.799612755881167, 50.156464691725319 ], [ 16.785200560031544, 50.147329983154876 ], [ 16.780815117571898, 50.144536071105634 ], [ 16.766389063667326, 50.135385765711383 ], [ 16.747043903782547, 50.135001097866059 ], [ 16.742698823614521, 50.132230245654497 ], [ 16.743244771364886, 50.120669950484206 ], [ 16.728794095384352, 50.111490375142424 ], [ 16.724472145934303, 50.108732459053108 ], [ 16.710010612100515, 50.099539153870474 ], [ 16.690680617542615, 50.099146185583514 ], [ 16.671351037845866, 50.098750231888985 ], [ 16.656000351183305, 50.107369682869539 ], [ 16.651456378889645, 50.109911756025255 ], [ 16.632122995770498, 50.109509637307966 ], [ 16.616731164894162, 50.118140982475005 ], [ 16.616158589793702, 50.12970032293768 ], [ 16.611639308789158, 50.132225440224161 ], [ 16.592297483155377, 50.131816996439809 ], [ 16.576864695802154, 50.140457748756809 ], [ 16.576282932530063, 50.152016725454473 ], [ 16.571785189986404, 50.154526812547971 ], [ 16.556332510000065, 50.163169581348491 ], [ 16.555746296829454, 50.174728357311267 ], [ 16.555160198378569, 50.186287115599441 ], [ 16.554574225497014, 50.197845856450812 ], [ 16.553988388758135, 50.209404580097519 ], [ 16.553402698436329, 50.220963286765539 ], [ 16.548884692759067, 50.223481512116514 ], [ 16.533421529595138, 50.232111664531374 ], [ 16.528909064157965, 50.234625485358428 ], [ 16.513432223729648, 50.243256470474307 ], [ 16.508924107780466, 50.245766589188932 ], [ 16.493434835098181, 50.254397702451207 ], [ 16.492836059068555, 50.265955847343214 ], [ 16.488321419810603, 50.268468093537905 ], [ 16.472826285669566, 50.277093320591661 ], [ 16.468312675473669, 50.279603803975917 ], [ 16.452808569372809, 50.288227215292103 ], [ 16.452201335385549, 50.299784979609562 ], [ 16.447675525852283, 50.302300870426762 ], [ 16.432171443215843, 50.310915110530537 ], [ 16.431560165903324, 50.322472677348472 ], [ 16.42701832399235, 50.32499616857443 ], [ 16.407600949098505, 50.324559250036138 ], [ 16.38818403581481, 50.324119411236246 ], [ 16.372659414231013, 50.332726970217102 ], [ 16.372035179854635, 50.344283998586874 ], [ 16.367488813703211, 50.346807059324384 ], [ 16.351974416180884, 50.35539978691375 ], [ 16.366499829426942, 50.364674995883938 ], [ 16.370787539202347, 50.367398015643744 ], [ 16.366208277283569, 50.369939003169158 ], [ 16.350718423570729, 50.378513434440627 ], [ 16.34612777553988, 50.381059757727492 ], [ 16.326688674868873, 50.380611066703061 ], [ 16.30725004785559, 50.380159483111903 ], [ 16.302978956757528, 50.377415552492124 ], [ 16.288471728656933, 50.368138493184205 ], [ 16.272946287751964, 50.376714813905231 ], [ 16.268374226948154, 50.379247644477275 ], [ 16.252856305170489, 50.38781300924353 ], [ 16.252206950866153, 50.399368930201064 ], [ 16.247597086490831, 50.401921664048899 ], [ 16.232105515595997, 50.41046333853425 ], [ 16.227475515911191, 50.413026320926519 ], [ 16.211996760023233, 50.421554146098941 ], [ 16.207344491684402, 50.42412855542586 ], [ 16.191880717905089, 50.432641350840782 ], [ 16.191219451332774, 50.4441966913109 ], [ 16.20561941606865, 50.453415180863999 ], [ 16.210026045900058, 50.456220703148972 ], [ 16.224410699179813, 50.465422497071465 ], [ 16.243883095506117, 50.4658853685184 ], [ 16.24831711795014, 50.468704204577811 ], [ 16.262689176857812, 50.477886148897589 ], [ 16.28216734953266, 50.478342127222859 ], [ 16.286630678768116, 50.481175437176738 ], [ 16.300988233106303, 50.490336341699972 ], [ 16.305479034950082, 50.493184618798914 ], [ 16.304845489443142, 50.504740952381923 ], [ 16.319164783566585, 50.513868612430933 ], [ 16.33447993810773, 50.505423708578135 ], [ 16.339307862067379, 50.502773019543049 ], [ 16.358797557427437, 50.503215146608653 ], [ 16.363325536047576, 50.506081026756434 ], [ 16.377648058382736, 50.515196113797373 ], [ 16.382205679337417, 50.518078228737288 ], [ 16.396508136747251, 50.527173703832354 ], [ 16.401096178507533, 50.530072506472443 ], [ 16.396198898042396, 50.532788796245065 ], [ 16.380975350632255, 50.541192192537835 ], [ 16.395236228538803, 50.55025727943417 ], [ 16.399875288207756, 50.5531867786653 ], [ 16.39926524182404, 50.564743894582911 ], [ 16.413482398075423, 50.5737724168849 ], [ 16.433002555281433, 50.574201971318047 ], [ 16.43770644365539, 50.577167156464931 ], [ 16.437105872854783, 50.588724577051586 ], [ 16.432060106710253, 50.591523500938457 ], [ 16.416970486405013, 50.599850200298626 ], [ 16.411898031886263, 50.602662801205412 ], [ 16.396827689996734, 50.610972223446502 ], [ 16.391726393195331, 50.613799673862275 ], [ 16.37667749584039, 50.622090643877748 ], [ 16.37606456027126, 50.633647511852423 ], [ 16.370899246045919, 50.636508943622388 ], [ 16.355902772304241, 50.644762145289654 ], [ 16.350703210051879, 50.647641342683087 ], [ 16.335733598321358, 50.655873169494377 ], [ 16.330497582908212, 50.658771314654736 ], [ 16.31094406339772, 50.658322899433855 ], [ 16.291391017940096, 50.65787165786243 ], [ 16.27644989401124, 50.666072644413227 ], [ 16.271167128327619, 50.668993550467938 ], [ 16.251610233478406, 50.668536641802604 ], [ 16.232053823322783, 50.668076885893782 ], [ 16.22710691380551, 50.664908291646654 ], [ 16.22782335185298, 50.65335444086989 ], [ 16.22853867972151, 50.641800544330962 ], [ 16.214553716054354, 50.632887390552021 ], [ 16.195012697554763, 50.632421907520822 ], [ 16.180017611177991, 50.640635564996735 ], [ 16.174777773080002, 50.643528856482774 ], [ 16.155232945926468, 50.643057656697167 ], [ 16.140279832931654, 50.651237476294085 ], [ 16.134984134831505, 50.654159218677826 ], [ 16.115435510982806, 50.653682268551464 ], [ 16.095887395563008, 50.653202436235262 ], [ 16.090927983200906, 50.650014985498117 ], [ 16.077058683083735, 50.641144120802181 ], [ 16.072127179801242, 50.637972521360901 ], [ 16.072882319789048, 50.626420256352652 ], [ 16.058962289157041, 50.617508333897618 ], [ 16.054094539567096, 50.614375052432706 ], [ 16.04015710575386, 50.6054452787087 ], [ 16.035315770951463, 50.602326944276086 ], [ 16.02136152309556, 50.593379679480499 ], [ 16.006323836537906, 50.601584891034101 ], [ 16.001103898346614, 50.604459762165398 ], [ 15.986109686148238, 50.612634690457476 ], [ 16.000015761960402, 50.621556095993498 ], [ 16.004929207885606, 50.624691850368436 ], [ 16.004232061775976, 50.636245307233686 ], [ 16.003535023963721, 50.647798748815227 ], [ 16.002838093815448, 50.659352175109149 ], [ 16.00214127265377, 50.670905586161872 ], [ 15.996676862778648, 50.673911734874359 ], [ 15.981900853141376, 50.681954141592982 ], [ 15.976377844824887, 50.684990726298778 ], [ 15.956818974468337, 50.684490386739789 ], [ 15.937260642744205, 50.683987100525478 ], [ 15.917702853341883, 50.683480860526224 ], [ 15.912515993771159, 50.680135280577865 ], [ 15.898909251607192, 50.671395655835063 ], [ 15.879357361425047, 50.670883587195995 ], [ 15.86466259428005, 50.678856698656908 ], [ 15.863934067736459, 50.69040869690415 ], [ 15.858259000258336, 50.693520402562498 ], [ 15.843660560222645, 50.701432631899827 ], [ 15.842927477420195, 50.712984392774871 ], [ 15.837139853715126, 50.716154828462457 ], [ 15.822641194238827, 50.724004419108837 ], [ 15.82190354620233, 50.735555941424671 ], [ 15.821165965599521, 50.747107448225499 ], [ 15.815213815682146, 50.750364016196166 ], [ 15.795630500491345, 50.749838942179672 ], [ 15.790084162783707, 50.746255203229104 ], [ 15.77684346549583, 50.737733943149671 ], [ 15.757266119150346, 50.737202918512288 ], [ 15.737689354763463, 50.736668817887377 ], [ 15.718113176427149, 50.73613163121086 ], [ 15.69853758826107, 50.735591348260989 ], [ 15.684255355119681, 50.743291078830609 ], [ 15.683484664944924, 50.754841075278875 ], [ 15.677322489956145, 50.758199897105307 ], [ 15.657738471480195, 50.757652920623904 ], [ 15.638155057763642, 50.757102799596289 ], [ 15.624023212243308, 50.764705142661818 ], [ 15.617736910165453, 50.768125194288174 ], [ 15.603671433703093, 50.775685704177533 ], [ 15.597309171481401, 50.779144203383282 ], [ 15.577717970446207, 50.778584037931033 ], [ 15.558127393257699, 50.778020670922089 ], [ 15.538537444217972, 50.777454092162593 ], [ 15.518948127641663, 50.776884291516211 ], [ 15.505035644792335, 50.784340839288021 ], [ 15.498494052433612, 50.78788584400953 ], [ 15.478901200571933, 50.78730925755638 ], [ 15.465078546175073, 50.794707764528646 ], [ 15.458433369831189, 50.798303704100434 ], [ 15.444679282196994, 50.805659530344414 ], [ 15.437955951077384, 50.809294588622983 ], [ 15.43176919234654, 50.805264897607579 ], [ 15.419241287828335, 50.797133546908228 ], [ 15.413080927740962, 50.793118562008395 ], [ 15.414012559121915, 50.781574694318749 ], [ 15.401425752715612, 50.773397272446864 ], [ 15.381840984911207, 50.772804643599272 ], [ 15.368082187714247, 50.780151805027174 ], [ 15.367233444442675, 50.791698008391442 ], [ 15.366384757915004, 50.803244197919511 ], [ 15.365536164527004, 50.814790374762957 ], [ 15.364687700775599, 50.826336540077229 ], [ 15.363839402988003, 50.837882695013171 ], [ 15.356853125331238, 50.841647785106559 ], [ 15.343399396176789, 50.848815820164781 ], [ 15.336333157537689, 50.852620666786976 ], [ 15.322950253869081, 50.859745154877331 ], [ 15.31580358022989, 50.863589941948412 ], [ 15.30249197285864, 50.870670695297513 ], [ 15.295264388462686, 50.874555606649785 ], [ 15.282024549204955, 50.881592437547482 ], [ 15.281157549405624, 50.893137557421049 ], [ 15.280290886938664, 50.904682672919144 ], [ 15.272865474488661, 50.908668278176215 ], [ 15.259804953103799, 50.915600097459205 ], [ 15.258933994293137, 50.92714495255202 ], [ 15.270770885233501, 50.934841187340318 ], [ 15.277693153739792, 50.939318000718394 ], [ 15.289501863512287, 50.946990120427799 ], [ 15.29646339524375, 50.951488255342326 ], [ 15.288816024419893, 50.955591078020412 ], [ 15.275963385804179, 50.962408209496687 ], [ 15.27509915180752, 50.973953312101955 ], [ 15.267299377214369, 50.978133073668502 ], [ 15.247631727102021, 50.977513736163893 ], [ 15.234935868429302, 50.984236682505049 ], [ 15.234062309771428, 50.99578127177098 ], [ 15.22608468245968, 51.000048729840444 ], [ 15.218801828796193, 50.995287671948141 ], [ 15.207353981089227, 50.987843023803315 ], [ 15.200114851252488, 50.983107630822325 ], [ 15.188633046730905, 50.975635262603674 ], [ 15.175990666483154, 50.982319299260247 ], [ 15.1751017910806, 50.99386311014031 ], [ 15.17421328831314, 51.005406918683526 ], [ 15.173325143973013, 51.016950724446339 ], [ 15.165147022350343, 51.02131484655019 ], [ 15.157695980747231, 51.016437095952995 ], [ 15.146424704444575, 51.009098248364438 ], [ 15.139019614415579, 51.004247537872175 ], [ 15.140039915237397, 50.992708258414794 ], [ 15.12867685448513, 50.985302534698157 ], [ 15.116145996512643, 50.991915189781309 ], [ 15.108039852915914, 50.996235455054482 ], [ 15.095586109434137, 51.002802018533338 ], [ 15.094677428902601, 51.014344763486498 ], [ 15.08641740423073, 51.018741752154469 ], [ 15.066736853181741, 51.018089871694379 ], [ 15.059214333898982, 51.013152295021875 ], [ 15.048042557631957, 51.005858253782463 ], [ 15.035697030843128, 51.012355541883139 ], [ 15.027378003996667, 51.016775764124688 ], [ 15.007699714031297, 51.016113532406962 ], [ 14.988022185914048, 51.015447845929963 ], [ 14.980446793298674, 51.010464963517805 ], [ 14.98150533588845, 50.998927936274832 ], [ 14.9825623309173, 50.987390840665086 ], [ 14.990815988612603, 50.98309318150141 ], [ 15.010478245040385, 50.983777395338493 ], [ 15.022972015365816, 50.977202289044286 ], [ 15.024016677698565, 50.965664501640198 ], [ 15.02505974159183, 50.954126644514304 ], [ 15.013660551300287, 50.94666831719934 ], [ 15.00643735599879, 50.941916888487619 ], [ 15.007481814708056, 50.930379167349614 ], [ 14.996003145265419, 50.922861651514445 ], [ 14.98887103999955, 50.918166805475622 ], [ 14.996760413396029, 50.914051079983395 ], [ 15.009565943662047, 50.907303515662335 ], [ 14.997991345661561, 50.899720078340714 ], [ 14.990961200868563, 50.895091568042538 ], [ 14.998737058580282, 50.891032465152932 ], [ 15.011643748970403, 50.884227586900913 ], [ 15.012680315235391, 50.872689519833877 ], [ 15.000968391511227, 50.865011410984749 ], [ 14.981354547875117, 50.864347776570689 ], [ 14.961741463868222, 50.863680702677996 ], [ 14.942129143564614, 50.863010186769635 ], [ 14.929224774716982, 50.869804141637978 ], [ 14.921506662450552, 50.873903658983771 ], [ 14.901891064002951, 50.873225837923499 ], [ 14.88227624219356, 50.872544566929029 ], [ 14.862662201039434, 50.871859844309107 ], [ 14.843048944543925, 50.871171668554844 ], [ 14.823436476696846, 50.87048003833366 ], [ 14.810673753100442, 50.877176301982132 ], [ 14.822159100828781, 50.88474307101766 ], [ 14.829288778347907, 50.889418135329059 ], [ 14.840749196010826, 50.896962821851758 ], [ 14.847914619780585, 50.901657241734377 ], [ 14.846937500520248, 50.913196422627948 ], [ 14.858326052007365, 50.92068665216609 ], [ 14.865579484632494, 50.925433078244225 ], [ 14.876939946553662, 50.932899224355943 ], [ 14.884232352003965, 50.937666998213324 ], [ 14.883266102957666, 50.949206733411508 ], [ 14.89454842057409, 50.956614440742861 ], [ 14.901935212045931, 50.961438191522404 ], [ 14.913186172039705, 50.96881975506394 ], [ 14.920615259308679, 50.973666904766056 ], [ 14.919659934958521, 50.985207189085422 ], [ 14.918704837146315, 50.996747467860907 ], [ 14.929818333061235, 51.004030372011655 ], [ 14.937406525417405, 51.008973980980294 ], [ 14.936456955230163, 51.020514527076131 ], [ 14.947479830057038, 51.027731119559071 ], [ 14.955174935133078, 51.032738555449086 ], [ 14.954230820087496, 51.044279364502778 ], [ 14.953286803080784, 51.05582016341917 ], [ 14.964157656445206, 51.062928932880041 ], [ 14.97202629265081, 51.068041965318507 ], [ 14.971087545694804, 51.079583018915883 ], [ 14.981858259844737, 51.086619531336652 ], [ 14.989843170646408, 51.091802312621915 ], [ 14.988909537103503, 51.103343613748962 ], [ 14.987975761720383, 51.114884896388752 ], [ 14.987041777783364, 51.126426158264898 ], [ 14.986107514701757, 51.13796739696641 ], [ 14.996590410684833, 51.144805040123309 ], [ 15.004894188916204, 51.150184938086738 ], [ 14.995702872680223, 51.155045417440093 ], [ 14.984237851469659, 51.161049794600665 ], [ 14.994596389553433, 51.167803526513502 ], [ 15.003034234244918, 51.173267836746767 ], [ 15.002103429845656, 51.184809237357847 ], [ 15.012350628498783, 51.191483921824634 ], [ 15.020915131730781, 51.197024719730251 ], [ 15.019988288315911, 51.208566325272002 ], [ 15.019060621816505, 51.220107889118268 ], [ 15.018132045088132, 51.231649408305998 ], [ 15.028140401409233, 51.238159504680297 ], [ 15.036967725897878, 51.243862783255437 ], [ 15.036042487017859, 51.255404485030191 ], [ 15.035116090213123, 51.2669461338281 ], [ 15.034188452764161, 51.278487726844375 ], [ 15.033259494791171, 51.290029261369057 ], [ 15.02320176937164, 51.295325965446175 ], [ 15.012536721712316, 51.300897423957764 ], [ 15.011599447072923, 51.31243855130861 ], [ 15.001390555893819, 51.317806264421613 ], [ 14.990857826944863, 51.323302385978806 ], [ 14.989911952146247, 51.334843094228582 ], [ 14.97955789967566, 51.340278375402889 ], [ 14.969151221278542, 51.345702582736052 ], [ 14.968196517653606, 51.357242861693749 ], [ 14.977538179594678, 51.363312120986201 ], [ 14.987064181527007, 51.369464790015563 ], [ 14.976512699909154, 51.374995403327659 ], [ 14.966281824259173, 51.380323197144051 ], [ 14.965321771201921, 51.391863251439645 ], [ 14.964359883111163, 51.403403229042929 ], [ 14.963396145604989, 51.414943129449377 ], [ 14.962430551316466, 51.426482952396235 ], [ 14.971468649230058, 51.432347642346912 ], [ 14.981319897834274, 51.438706144795773 ], [ 14.970405652240778, 51.44440997441388 ], [ 14.960493797730207, 51.449562366060363 ], [ 14.959522658161262, 51.461101957441123 ], [ 14.948495789795315, 51.466855657354238 ], [ 14.938677152822148, 51.471953792812634 ], [ 14.927596153420799, 51.477729546040699 ], [ 14.917819557643691, 51.482801603046951 ], [ 14.90668673550142, 51.488598205046273 ], [ 14.886809959834785, 51.487899936156239 ], [ 14.866933998695602, 51.487198161009751 ], [ 14.857186896407786, 51.492245257511954 ], [ 14.84600646480369, 51.498053566998856 ], [ 14.836295620859673, 51.503077672379867 ], [ 14.825069139663849, 51.508903837365338 ], [ 14.815392494728686, 51.513906048508012 ], [ 14.804122015825406, 51.519749017608497 ], [ 14.784234406854674, 51.519031687294095 ], [ 14.764347632007361, 51.518310881973335 ], [ 14.754688022116451, 51.523294734458112 ], [ 14.743382403767916, 51.529143008436883 ], [ 14.733751893605422, 51.534107670764698 ], [ 14.73270818297217, 51.545643427653907 ], [ 14.721321716830463, 51.551525165798623 ], [ 14.711753739763527, 51.556451945609645 ], [ 14.710702021490645, 51.567987275714181 ], [ 14.719249791029064, 51.573556076330625 ], [ 14.729569301377563, 51.580250341572359 ], [ 14.738081326703453, 51.585791596712284 ], [ 14.748446859767448, 51.592510584735415 ], [ 14.75692299261598, 51.598024234226145 ], [ 14.767334690478599, 51.604768000606803 ], [ 14.766294704793388, 51.616304035504704 ], [ 14.754654106516888, 51.622310360515783 ], [ 14.745310939635642, 51.627117785122813 ], [ 14.75369484005599, 51.632568042815521 ], [ 14.764212004009343, 51.639375969128892 ], [ 14.752492259741796, 51.645418914360675 ], [ 14.743215953228187, 51.650189031183551 ], [ 14.751539108801836, 51.655597551324632 ], [ 14.762126134002852, 51.662447738226689 ], [ 14.75032752438471, 51.668527297726037 ], [ 14.741118123997998, 51.673260124437569 ], [ 14.740068310561261, 51.68479561986382 ], [ 14.72819876004405, 51.690904246095393 ], [ 14.71904388508902, 51.695603640823805 ], [ 14.707143495161922, 51.701722653853437 ], [ 14.698008984258689, 51.706407628649174 ], [ 14.686078259542779, 51.712536788216141 ], [ 14.676963683191442, 51.717207581735167 ], [ 14.675896413515096, 51.728742059996122 ], [ 14.6638956530313, 51.734899977257228 ], [ 14.654835260993414, 51.739537649742587 ], [ 14.653762274104379, 51.751071782010932 ], [ 14.652689133054718, 51.762605896716195 ], [ 14.651615873680138, 51.774139995206916 ], [ 14.65054252643835, 51.785674078633129 ], [ 14.649469116157849, 51.797208147936857 ], [ 14.637226825646561, 51.803476014348178 ], [ 14.617219513829998, 51.802722397553815 ], [ 14.608347107143098, 51.807250574564478 ], [ 14.596085021525862, 51.813519569188962 ], [ 14.587234449302514, 51.818032761558712 ], [ 14.586145413315938, 51.829565878849287 ], [ 14.594016729515108, 51.834684013907989 ], [ 14.605095592620046, 51.841850846437495 ], [ 14.604011779889898, 51.853384248372436 ], [ 14.611797245219266, 51.858441588867585 ], [ 14.631830719476843, 51.859180159130467 ], [ 14.643027959512967, 51.866412291757726 ], [ 14.650753149644276, 51.871423742573775 ], [ 14.662009787530973, 51.878688747114836 ], [ 14.669685865991475, 51.883664474373596 ], [ 14.681001786369656, 51.890962342183776 ], [ 14.688628865012788, 51.895902468279623 ], [ 14.70000375003054, 51.903233065130877 ], [ 14.698944560921904, 51.914767867942146 ], [ 14.697885092176035, 51.926302648670195 ], [ 14.705382540374483, 51.931153005424534 ], [ 14.716905933117065, 51.93857101219983 ], [ 14.715850574075537, 51.950106026814709 ], [ 14.714794735833728, 51.961641012068547 ], [ 14.71373834869518, 51.973175965434905 ], [ 14.712681337918539, 51.984710884201867 ], [ 14.719964515735038, 51.989414999905243 ], [ 14.731728136298631, 51.996977326017202 ], [ 14.730674342356814, 52.008512444886094 ], [ 14.729619655774583, 52.020047519425361 ], [ 14.736773738732067, 52.024662705271737 ], [ 14.748682413274732, 52.032311474960537 ], [ 14.747630310989081, 52.043846725650887 ], [ 14.746577025829058, 52.055381921588051 ], [ 14.753607656784824, 52.059912010902075 ], [ 14.765654564530927, 52.067643340768328 ], [ 14.752220708213059, 52.074505440050537 ], [ 14.744466524061931, 52.078452135371954 ], [ 14.743409113128379, 52.089987146192804 ], [ 14.729879174543131, 52.096889586352439 ], [ 14.709737774428426, 52.096155158060355 ], [ 14.702057634930046, 52.100057467008625 ], [ 14.688481028989447, 52.106973157103425 ], [ 14.680836600613409, 52.110853988093901 ], [ 14.679760364990534, 52.122387954960949 ], [ 14.678682261155757, 52.133921841630929 ], [ 14.677602186529951, 52.145455644330653 ], [ 14.684338070543749, 52.149795932305871 ], [ 14.696689681685006, 52.157728268939913 ], [ 14.703392969935599, 52.162044166855175 ], [ 14.71578403867681, 52.169997877066614 ], [ 14.701945988045166, 52.177035071375911 ], [ 14.694528052653515, 52.180795979631263 ], [ 14.693443763852256, 52.192329690370585 ], [ 14.692357041183978, 52.203863300383183 ], [ 14.698943389839739, 52.208100319776356 ], [ 14.711460506168747, 52.216133630341552 ], [ 14.710373380595154, 52.227667311838061 ], [ 14.709283603709029, 52.239200884951082 ], [ 14.708191104943658, 52.25073434709072 ], [ 14.694121655405, 52.257868271346389 ], [ 14.673908016804504, 52.257129724183997 ], [ 14.666672224455596, 52.260788285439837 ], [ 14.652564487574663, 52.267929863695464 ], [ 14.632347479920295, 52.267183153226298 ], [ 14.625130603259578, 52.270826988595246 ], [ 14.610989464209805, 52.277973676682215 ], [ 14.590769103177596, 52.27721883075499 ], [ 14.583566253520262, 52.280850436194548 ], [ 14.582433167276202, 52.29238167639371 ], [ 14.581296893967524, 52.303912785892997 ], [ 14.580157383149391, 52.315443762771963 ], [ 14.565933541149805, 52.322610196818189 ], [ 14.558773066300857, 52.326213922230032 ], [ 14.557622038197303, 52.337744327441357 ], [ 14.556467625651266, 52.34927459395216 ], [ 14.555309799008285, 52.360804720611696 ], [ 14.55414853361531, 52.372334706456883 ], [ 14.552983809619299, 52.383864550704928 ], [ 14.538719336659478, 52.391025976621954 ], [ 14.531544282550113, 52.394628238764675 ], [ 14.537939419323118, 52.398744070657514 ], [ 14.550643929122566, 52.406923812131815 ], [ 14.549468754975132, 52.418453228574236 ], [ 14.548290086496701, 52.429982501930517 ], [ 14.554727835943135, 52.4341207367384 ], [ 14.575018824627708, 52.434884578039984 ], [ 14.587691579855031, 52.443035652266737 ], [ 14.594157331780753, 52.447186193659519 ], [ 14.606813398622913, 52.455322336913511 ], [ 14.605639783260351, 52.466852127129151 ], [ 14.612156365868577, 52.471031099656727 ], [ 14.624770460705177, 52.479135970293093 ], [ 14.631320164424162, 52.483332854918302 ], [ 14.643908353186825, 52.491416798941238 ], [ 14.642734975117827, 52.502946803981537 ], [ 14.628672020538565, 52.50999242296939 ], [ 14.621234535276905, 52.5137250381418 ], [ 14.620049113837583, 52.52525445247494 ], [ 14.61886032931791, 52.5367837302664 ], [ 14.617668202439939, 52.548312872250165 ], [ 14.624427237227392, 52.552638363978559 ], [ 14.636817570826011, 52.56059478610355 ], [ 14.635624120792393, 52.57212397860382 ], [ 14.621794866754458, 52.579031004294009 ], [ 14.614072023887145, 52.582899492519282 ], [ 14.612866800800806, 52.59442810106956 ], [ 14.61165838930499, 52.605956579357176 ], [ 14.597972545895697, 52.612777408950507 ], [ 14.590076074058381, 52.616726909447344 ], [ 14.576437369460965, 52.623516821010078 ], [ 14.55605880247742, 52.622755452786656 ], [ 14.548105665101236, 52.626727592536191 ], [ 14.534508895578908, 52.633485401058948 ], [ 14.526492703521294, 52.637485524960759 ], [ 14.512948621405604, 52.64420996895592 ], [ 14.504867060925999, 52.648239176207149 ], [ 14.491377966659332, 52.654929253652298 ], [ 14.470987219087503, 52.654152430466986 ], [ 14.462840755156865, 52.658208164215786 ], [ 14.461578429159724, 52.66973364005252 ], [ 14.448205460509795, 52.676352368950916 ], [ 14.439915794047275, 52.680474455633096 ], [ 14.438643034372305, 52.691999375963519 ], [ 14.425400491204281, 52.698543855129174 ], [ 14.416960864468614, 52.702735480227553 ], [ 14.403782108288377, 52.709241924758523 ], [ 14.395267007579507, 52.713467313285122 ], [ 14.393976764708594, 52.724991256597129 ], [ 14.380937291944878, 52.731419738662979 ], [ 14.372264130708116, 52.735718391464992 ], [ 14.359291864295875, 52.742107552607756 ], [ 14.350540258970726, 52.746441261063516 ], [ 14.337635930612267, 52.752790887863455 ], [ 14.328805309901602, 52.757159867048408 ], [ 14.315969476998843, 52.763469829470488 ], [ 14.307059437148185, 52.767874210923978 ], [ 14.294292489838618, 52.774144458166738 ], [ 14.273851563645907, 52.773334299656597 ], [ 14.264867794258759, 52.777768714992227 ], [ 14.263535497261364, 52.789290117405685 ], [ 14.250906862076661, 52.795481076351379 ], [ 14.241757697835359, 52.799991681974518 ], [ 14.229198196024955, 52.80614320315383 ], [ 14.219969509287326, 52.810688988310218 ], [ 14.207478945590605, 52.816801291328865 ], [ 14.187020441528452, 52.81597706773578 ], [ 14.177720986391643, 52.820551084142835 ], [ 14.165286200356645, 52.826627695607613 ], [ 14.144824310769152, 52.825796444556069 ], [ 14.135455887197772, 52.830397712947132 ], [ 14.134086292928624, 52.841916713553928 ], [ 14.132714953507316, 52.853435633001588 ], [ 14.141126626844475, 52.858856444644815 ], [ 14.151808569313715, 52.865793782829002 ], [ 14.150438577235004, 52.877312880353529 ], [ 14.159021288418986, 52.882838334842795 ], [ 14.169544119120854, 52.889668364037384 ], [ 14.157608520092937, 52.895488157384783 ], [ 14.147694054963548, 52.900350860992724 ], [ 14.146319670117308, 52.911869750063168 ], [ 14.14494397240475, 52.923388575855618 ], [ 14.143567043800047, 52.934907341734245 ], [ 14.142188970235816, 52.946426051227689 ], [ 14.140809841679021, 52.957944708032336 ], [ 14.149957963827577, 52.963825516723006 ], [ 14.159940860762052, 52.970302159459827 ], [ 14.169190431162777, 52.976243411316666 ], [ 14.189722315804186, 52.977087706993061 ], [ 14.199601378567722, 52.983488903599543 ], [ 14.20897226624415, 52.989499683071912 ], [ 14.22951166921114, 52.990337011337964 ], [ 14.23928760737652, 52.996662948422191 ], [ 14.248779158561041, 53.002742626018552 ], [ 14.258465299136867, 53.009005518478915 ], [ 14.268057747633522, 53.015144881013349 ], [ 14.288611174113148, 53.015971590736207 ], [ 14.298197651607735, 53.022160909758036 ], [ 14.307907405800997, 53.028366664955762 ], [ 14.317407482523558, 53.034494696818086 ], [ 14.32721481932588, 53.040757768554769 ], [ 14.336630633788769, 53.046825692437146 ], [ 14.34653345015211, 53.05314463888719 ], [ 14.355867576019852, 53.059153909283985 ], [ 14.354546328887425, 53.070676320515403 ], [ 14.364618435104815, 53.077096730917127 ], [ 14.373804327321146, 53.083002160491702 ], [ 14.372490889437666, 53.09452499032114 ], [ 14.371178582191334, 53.106047853772473 ], [ 14.369867523122068, 53.11757075547947 ], [ 14.380239547565722, 53.124172758253756 ], [ 14.389162844279852, 53.129895085385051 ], [ 14.387860921458834, 53.141418454248068 ], [ 14.377860825389188, 53.146294634616005 ], [ 14.365942923598736, 53.15213973313314 ], [ 14.3646379112226, 53.163662829524029 ], [ 14.363334636579692, 53.17518598355376 ], [ 14.374017181019504, 53.181978339346436 ], [ 14.382670242158211, 53.18751248723791 ], [ 14.381377195800795, 53.199036149574106 ], [ 14.392171486296593, 53.20589251115684 ], [ 14.400738483483922, 53.21136041348754 ], [ 14.399456020344632, 53.222884594565357 ], [ 14.410346434033858, 53.22979490012662 ], [ 14.418843448015677, 53.235206622893095 ], [ 14.429775317158494, 53.242137591680184 ], [ 14.438248487318296, 53.247525958741178 ], [ 14.449215768598712, 53.254473720024748 ], [ 14.457671184044896, 53.25984259595598 ], [ 14.448150414143278, 53.264488131540588 ], [ 14.435724727314721, 53.270576340763355 ], [ 14.426242134894423, 53.275199927994244 ], [ 14.413769092980633, 53.281305855592521 ], [ 14.412505543506654, 53.292830833083443 ], [ 14.411243913821604, 53.304355874734732 ], [ 14.409984134815842, 53.315880977945689 ], [ 14.408726125914701, 53.327406139671695 ], [ 14.407469795614293, 53.338931356444562 ], [ 14.40621504210853, 53.350456624396365 ], [ 14.396878064349693, 53.355001179523498 ], [ 14.384220092349583, 53.361179944241826 ], [ 14.395443396275979, 53.368282984703299 ], [ 14.403709811084722, 53.373507296532615 ], [ 14.394388487141985, 53.378042311836886 ], [ 14.381704062409048, 53.384229936876949 ], [ 14.380447761259534, 53.395754985583714 ], [ 14.379192418243631, 53.407280062131612 ], [ 14.377937888114591, 53.418805160933701 ], [ 14.376684021289302, 53.430330276231452 ], [ 14.375430664877245, 53.441855402134529 ], [ 14.374177663712247, 53.453380532660724 ], [ 14.364875728363197, 53.457894861138087 ], [ 14.352125599677251, 53.464096704353381 ], [ 14.350866305279768, 53.475621451969786 ], [ 14.349606918733487, 53.487146187036707 ], [ 14.348347285664538, 53.498670903561852 ], [ 14.339046567441983, 53.503175645567268 ], [ 14.326263893716604, 53.509381563575865 ], [ 14.324996851146457, 53.520905852511945 ], [ 14.32372913780557, 53.532430106418325 ], [ 14.314435417713831, 53.536923411718497 ], [ 14.30161980743963, 53.543135581631581 ], [ 14.300343921538818, 53.554659376300329 ], [ 14.311678588130253, 53.561819330546186 ], [ 14.31992059906527, 53.567002604266804 ], [ 14.318648858294283, 53.578526665512634 ], [ 14.317375806262277, 53.590050666685201 ], [ 14.316101335609794, 53.601574603580694 ], [ 14.314825346833011, 53.613098472300997 ], [ 14.305486817283127, 53.617598873292053 ], [ 14.292662415780491, 53.623800933225056 ], [ 14.291376830033549, 53.635324286053063 ], [ 14.290089491236504, 53.646847561300731 ], [ 14.288800332438136, 53.658370756328154 ], [ 14.279488482814175, 53.662846582603592 ], [ 14.266600659835371, 53.669067446165563 ], [ 14.277986899746018, 53.676248646354694 ], [ 14.286216329301293, 53.681416896822036 ], [ 14.276906232131658, 53.685887194815415 ], [ 14.264000270946656, 53.692112676396562 ], [ 14.262697104424992, 53.70363516127243 ], [ 14.261391918653235, 53.715157557815978 ], [ 14.260084694835424, 53.72667986527766 ], [ 14.271515748532979, 53.73388144708872 ], [ 14.279721385353362, 53.739030722289982 ], [ 14.270436110715957, 53.743477266973329 ], [ 14.257464094120092, 53.749724211392284 ], [ 14.268920499906457, 53.756938603994442 ], [ 14.27710904095429, 53.762075626591752 ], [ 14.275799785703494, 53.773597944428573 ], [ 14.274488492267739, 53.785120173394574 ], [ 14.273175180285028, 53.796642314260794 ], [ 14.2639452454049, 53.801050681991981 ], [ 14.250876928470555, 53.807333517489916 ], [ 14.249553523282479, 53.818855117008781 ], [ 14.248228194109021, 53.830376631933092 ], [ 14.239090728335761, 53.834731491805577 ], [ 14.225901376355585, 53.84106246860879 ], [ 14.224566194484892, 53.852583448917471 ], [ 14.22322921487552, 53.864104349442862 ], [ 14.221890482236333, 53.875625171968686 ], [ 14.220550043214912, 53.887145918357128 ], [ 14.219207946009398, 53.898666590533409 ], [ 14.210241377126028, 53.902924749774009 ], [ 14.196829764659318, 53.909345727677099 ], [ 14.208652501205806, 53.916777069827141 ], [ 14.216518975388924, 53.921707720178048 ], [ 14.228329792451476, 53.929125382669696 ], [ 14.249332329140437, 53.929934079482379 ], [ 14.27033593542952, 53.930738784725165 ], [ 14.291340603674133, 53.931539520697569 ], [ 14.304573516294282, 53.925190431604101 ], [ 14.313641640482439, 53.920799803666668 ], [ 14.326790578787641, 53.914485202128304 ], [ 14.335931239586575, 53.910056106940267 ], [ 14.356927508224945, 53.910844684540201 ], [ 14.377924807014027, 53.911629385403117 ], [ 14.386197784348708, 53.9167872857265 ], [ 14.397651827272355, 53.923947229880639 ], [ 14.418656927424502, 53.924724496837996 ], [ 14.439663031686965, 53.92549799645596 ], [ 14.448066372295211, 53.930726294642845 ], [ 14.459415205009362, 53.937805855156981 ], [ 14.467848712856501, 53.943048868043547 ], [ 14.479178981901246, 53.950110937958868 ], [ 14.487642069496358, 53.955368366091882 ], [ 14.498954362180919, 53.962413331651987 ], [ 14.519981699940573, 53.963173084794981 ], [ 14.528523550236081, 53.9684725477846 ], [ 14.539775412790881, 53.975469715169346 ], [ 14.560810425612452, 53.976222851248792 ], [ 14.569428741543229, 53.981563173797241 ], [ 14.58062244210511, 53.988514069440043 ], [ 14.601665090585437, 53.989260865463713 ], [ 14.622708654377554, 53.990004381723963 ], [ 14.631446799637242, 53.995410032196702 ], [ 14.642545626131799, 54.002287781659746 ], [ 14.663596766737042, 54.00302536242323 ], [ 14.684648793896686, 54.003759832909253 ], [ 14.693496795583604, 54.009225185429983 ], [ 14.70451064669035, 54.016036176191704 ], [ 14.725570195979083, 54.016765098091057 ], [ 14.734475410668564, 54.022260433161797 ], [ 14.745450237039085, 54.029037423058227 ], [ 14.766517277121478, 54.029761035860595 ], [ 14.77547206572982, 54.035281850540706 ], [ 14.786415491292756, 54.042029619663651 ], [ 14.80748999631672, 54.042748117680794 ], [ 14.828565334030396, 54.043463814123626 ], [ 14.849641498993392, 54.04417672991341 ], [ 14.858701119492741, 54.049752918825149 ], [ 14.869571102172282, 54.056437430817709 ], [ 14.89065469546278, 54.057145427516105 ], [ 14.911739104424688, 54.057850670031613 ], [ 14.932824326148891, 54.058553154551177 ], [ 14.9419588538324, 54.064166190030114 ], [ 14.952785314077735, 54.070806080790597 ], [ 14.973877954350348, 54.071503577159774 ], [ 14.98302163363681, 54.077117057811861 ], [ 14.993857152881271, 54.083752819075855 ], [ 15.014957221888524, 54.084445163846176 ], [ 15.036058103089813, 54.085134600723542 ], [ 15.045219661357111, 54.090751024826311 ], [ 15.056062192577341, 54.09737732668858 ], [ 15.07717052456865, 54.098061249284981 ], [ 15.09827967489424, 54.098742093182778 ], [ 15.107446936083848, 54.104353027769598 ], [ 15.11830875280717, 54.110977360137888 ], [ 15.139425385554109, 54.111652199095872 ], [ 15.160542845523127, 54.11232374611518 ], [ 15.169707911812326, 54.117923181506114 ], [ 15.180597024270158, 54.124550392797182 ], [ 15.201722002482224, 54.125215364901642 ], [ 15.210871344738287, 54.130797265541396 ], [ 15.221794688395091, 54.13743559713788 ], [ 15.24292721267385, 54.138093568587934 ], [ 15.264060580080882, 54.138747846807071 ], [ 15.273205838196027, 54.144314897718004 ], [ 15.284158567998816, 54.150957274917801 ], [ 15.305299511783698, 54.151603976495629 ], [ 15.326441303971952, 54.152246767388185 ], [ 15.3475839444347, 54.152885591630159 ], [ 15.368727432652323, 54.153520396408361 ], [ 15.389871767698997, 54.154151132331513 ], [ 15.399060290711477, 54.159718171544085 ], [ 15.410015405673221, 54.166335993540919 ], [ 15.431167338061904, 54.166958288795641 ], [ 15.452320113791773, 54.167576370916962 ], [ 15.473473730028356, 54.16819020825104 ], [ 15.494628183518547, 54.16879977332195 ], [ 15.515783470600685, 54.169405042838065 ], [ 15.525053386894587, 54.17499220908082 ], [ 15.535972859727417, 54.181562677689165 ], [ 15.557135721497694, 54.182159052196745 ], [ 15.57829940399721, 54.182751082216789 ], [ 15.587616876759961, 54.188350799162912 ], [ 15.598514291654398, 54.194894362021749 ], [ 15.619685523921545, 54.195477439338823 ], [ 15.640857559782241, 54.196056172490387 ], [ 15.662030392883658, 54.196630569072212 ], [ 15.67144207442416, 54.202266152452438 ], [ 15.682277473353736, 54.208754954752955 ], [ 15.703457807176353, 54.209320496923944 ], [ 15.724638917071564, 54.209881754973651 ], [ 15.745820795858117, 54.210438748332159 ], [ 15.755350080516708, 54.216124516194839 ], [ 15.766099974716267, 54.22254476878441 ], [ 15.787289294444497, 54.223093155721315 ], [ 15.796877964194117, 54.228803603912823 ], [ 15.807587135075909, 54.235190135946951 ], [ 15.828783863907525, 54.235730104684109 ], [ 15.849981322105362, 54.236265967691523 ], [ 15.859675272411051, 54.242024529383535 ], [ 15.870304445030772, 54.248350144544091 ], [ 15.891509263892878, 54.24887786969169 ], [ 15.912714788923395, 54.249401588599802 ], [ 15.933921013112787, 54.249921325152663 ], [ 15.955127929605464, 54.250437101806469 ], [ 15.976335531712921, 54.250948939360306 ], [ 15.997543812924395, 54.251456856751027 ], [ 16.018752766914996, 54.251960870874413 ], [ 16.028775713866708, 54.257881188135045 ], [ 16.039134103521519, 54.264013936341911 ], [ 16.060350302413894, 54.264510367958366 ], [ 16.081567155496458, 54.265002951083524 ], [ 16.091712773616546, 54.270982969858267 ], [ 16.1019735490861, 54.27704525077678 ], [ 16.123197613057162, 54.277530400775532 ], [ 16.133422337870524, 54.283548275244044 ], [ 16.143622474722402, 54.289565845662864 ], [ 16.153881438944737, 54.295598878357261 ], [ 16.164059245747143, 54.301598103828795 ], [ 16.185297054907, 54.302072383014874 ], [ 16.19563474847369, 54.308143125833361 ], [ 16.205752291717175, 54.314098028357421 ], [ 16.216123355330922, 54.320183459609936 ], [ 16.22621944772154, 54.326120611193126 ], [ 16.236623345958392, 54.332220417123111 ], [ 16.246698530090143, 54.338140159480503 ], [ 16.257134690025016, 54.344253993140207 ], [ 16.267189546820571, 54.350156689659009 ], [ 16.277657375262041, 54.356284182859767 ], [ 16.287692506600191, 54.362170208331321 ], [ 16.298191403820717, 54.368310981814567 ], [ 16.308207418652788, 54.37418071425504 ], [ 16.318736788194766, 54.380334385768187 ], [ 16.317965539452281, 54.391882253422601 ], [ 16.327982903548918, 54.397746229106566 ], [ 16.338527179809187, 54.40390241940225 ], [ 16.348527173242267, 54.409751155776071 ], [ 16.359100224710506, 54.415919181047236 ], [ 16.358338065029255, 54.427467337099174 ], [ 16.368342372296382, 54.433312057091371 ], [ 16.378927453839072, 54.439480849594283 ], [ 16.388916078496162, 54.445311343831698 ], [ 16.399528279901048, 54.451490948013202 ], [ 16.398775349774223, 54.463039390260597 ], [ 16.408771122754015, 54.46886752274208 ], [ 16.419392556799284, 54.475046227167326 ], [ 16.429374342074542, 54.480861145242855 ], [ 16.440021161812453, 54.487049638702665 ], [ 16.439277563754718, 54.498598364013233 ], [ 16.449269357271397, 54.504412580242743 ], [ 16.459922464257222, 54.510598499083244 ], [ 16.469902160006519, 54.516400619427074 ], [ 16.491256292047343, 54.516823935427922 ], [ 16.501974716247986, 54.523039262502913 ], [ 16.511907728615817, 54.528805643252888 ], [ 16.52264815048154, 54.535028911874363 ], [ 16.532571234786463, 54.540784505936664 ], [ 16.553939053254069, 54.541197275169182 ], [ 16.564741392905095, 54.547448178145821 ], [ 16.574621191016153, 54.553170124113933 ], [ 16.595996106897168, 54.553575869850967 ], [ 16.617371556909152, 54.553977859596444 ], [ 16.628273221547474, 54.560274841135126 ], [ 16.638078859406612, 54.565941860047538 ], [ 16.659461371727993, 54.566337068186186 ], [ 16.680844398896529, 54.566728617764966 ], [ 16.702227934503838, 54.567116537994004 ], [ 16.723611972123518, 54.567500859500129 ], [ 16.744996505325375, 54.567881614136368 ], [ 16.766381527689742, 54.568258834779002 ], [ 16.777526769612106, 54.574673025830535 ], [ 16.787139992630827, 54.580203418566846 ], [ 16.808531990073252, 54.580574478019948 ], [ 16.829924457795997, 54.580942122540073 ], [ 16.841142121736453, 54.58738828287548 ], [ 16.850707959055494, 54.592879797875909 ], [ 16.872107369921981, 54.593241564290992 ], [ 16.893507233463506, 54.593600025119294 ], [ 16.914907543946985, 54.593955210052783 ], [ 16.926212066245132, 54.600439267683754 ], [ 16.935722531300872, 54.605884095986973 ], [ 16.947013556828463, 54.612356894672388 ], [ 16.956549594674563, 54.617811571277947 ], [ 16.967823348771645, 54.624270961747513 ], [ 16.977388746278887, 54.629737626449639 ], [ 16.988641504081773, 54.636181467086054 ], [ 16.998239999589941, 54.641662226270952 ], [ 17.009468133413428, 54.648088409624435 ], [ 17.019103369307345, 54.653585309313229 ], [ 17.030303395684065, 54.659991789009901 ], [ 17.039978871277743, 54.66550678819614 ], [ 17.061418447260337, 54.665844608024642 ], [ 17.07260147212623, 54.672234881866451 ], [ 17.082312583063793, 54.677761894874301 ], [ 17.093459153484726, 54.684127460853887 ], [ 17.103218891365376, 54.689677254633878 ], [ 17.124671856039786, 54.69000678177305 ], [ 17.135789017654801, 54.696348591849748 ], [ 17.145596850600541, 54.701917364880849 ], [ 17.167056718922225, 54.702240887056185 ], [ 17.178138210209397, 54.708555003260592 ], [ 17.188000430548904, 54.714146248733414 ], [ 17.209467202911124, 54.714463540444484 ], [ 17.220508016691113, 54.720746700656584 ], [ 17.230429662898288, 54.726363185949367 ], [ 17.251903339720148, 54.726673995854767 ], [ 17.262899822997078, 54.732923689231228 ], [ 17.272884578638344, 54.738567403084282 ], [ 17.294365159696824, 54.738871466623408 ], [ 17.315846131295125, 54.739171950600074 ], [ 17.337327489673875, 54.739468832690143 ], [ 17.348282344539534, 54.74567890181121 ], [ 17.358340558851115, 54.751348550964082 ], [ 17.379828808384961, 54.751638259379838 ], [ 17.401317434729016, 54.751924265474017 ], [ 17.422806433761892, 54.752206549950422 ], [ 17.444295801282589, 54.752485094518754 ], [ 17.465785533009402, 54.752759881994216 ], [ 17.476699829453395, 54.75892176662466 ], [ 17.486843463243574, 54.764616819565909 ], [ 17.508340052715667, 54.764883925147004 ], [ 17.529836994155275, 54.765147200356395 ], [ 17.551334282869242, 54.765406634413253 ], [ 17.572831914089306, 54.765662218017511 ], [ 17.583708672073005, 54.77177999468001 ], [ 17.593928178181454, 54.777498358334888 ], [ 17.615432631104024, 54.777745960417747 ], [ 17.636937412413097, 54.777989671622059 ], [ 17.65844251699416, 54.77822949003923 ], [ 17.669288094552968, 54.784310228142807 ], [ 17.679570593454933, 54.790048046839644 ], [ 17.701082486296947, 54.790279743893421 ], [ 17.722594687036985, 54.790507535991253 ], [ 17.733413381054394, 54.796557726697564 ], [ 17.743748078246639, 54.802312401755913 ], [ 17.765267040501538, 54.802532027086905 ], [ 17.786786294536693, 54.802747756259997 ], [ 17.808305834847875, 54.802959599888432 ], [ 17.819111937586552, 54.808982934037253 ], [ 17.829490968168461, 54.814746417909177 ], [ 17.851017230222734, 54.814950122054817 ], [ 17.87254376185507, 54.815149973142582 ], [ 17.883338739657276, 54.821151711645236 ], [ 17.893754154256758, 54.82692307920567 ], [ 17.915287377512431, 54.827114861035959 ], [ 17.936820853417156, 54.827302838533278 ], [ 17.958354576378419, 54.827487032730133 ], [ 17.979888540816432, 54.827667465925856 ], [ 18.001422741166984, 54.827844161707255 ], [ 18.022957171884237, 54.828017144975597 ], [ 18.044491827443423, 54.828186441980208 ], [ 18.066026702343514, 54.828352080358528 ], [ 18.087561791109867, 54.82851408918291 ], [ 18.10909708829687, 54.828672499013585 ], [ 18.130632588490659, 54.82882734195784 ], [ 18.152168286311856, 54.828978651734722 ], [ 18.17370417641844, 54.829126463744899 ], [ 18.195240253508775, 54.829270815144426 ], [ 18.216776512324781, 54.829411744921821 ], [ 18.238312947655341, 54.829549293976569 ], [ 18.25984955433994, 54.829683505197785 ], [ 18.281386327272642, 54.829814423540547 ], [ 18.302923261406299, 54.82994209609776 ], [ 18.324460351757239, 54.83006657216422 ], [ 18.345997593410225, 54.830187903289527 ], [ 18.35663607908425, 54.824582794256067 ], [ 18.367715726902983, 54.818739094923714 ], [ 18.378341573053739, 54.813135551871618 ], [ 18.389421555230903, 54.807288082595996 ], [ 18.400038025752416, 54.801684393374195 ], [ 18.411115087497198, 54.795834974132063 ], [ 18.421725633785375, 54.790229322833248 ], [ 18.421877508483394, 54.778669681301743 ], [ 18.422028960831131, 54.767110015831825 ], [ 18.411614837895293, 54.76141742210033 ], [ 18.400664688365264, 54.755445925449685 ], [ 18.400820169343611, 54.743886247839363 ], [ 18.40097513481474, 54.732326545766 ], [ 18.412121736909725, 54.72643260331624 ], [ 18.422630149469992, 54.720871112617843 ], [ 18.433765472960136, 54.714979848398315 ], [ 18.444276791408775, 54.709411780635136 ], [ 18.455396985530395, 54.7035253408458 ], [ 18.465915242914335, 54.69794855341565 ], [ 18.466053613070141, 54.686388651237493 ], [ 18.466191446519481, 54.674828724707837 ], [ 18.466328716550784, 54.663268773706264 ], [ 18.466465395353506, 54.651708798107613 ], [ 18.466601454026282, 54.640148797781983 ], [ 18.477758684483458, 54.634233451615707 ], [ 18.499192693107418, 54.634345251678162 ], [ 18.509676377907361, 54.628770233855768 ], [ 18.509801941755477, 54.61721012459283 ], [ 18.509926858850072, 54.60564999067347 ], [ 18.521034529044961, 54.599753938172057 ], [ 18.531510441244674, 54.594174782406746 ], [ 18.531629457479543, 54.582614571451259 ], [ 18.542709717789187, 54.576729091741214 ], [ 18.553200353340088, 54.57113543776687 ], [ 18.55331343335904, 54.559575151125401 ], [ 18.553425756165701, 54.548014839605401 ], [ 18.553537284494496, 54.536454503066864 ], [ 18.553647980267836, 54.52489414136685 ], [ 18.553757804685731, 54.513333754359799 ], [ 18.553866718327381, 54.501773341897909 ], [ 18.56497569592398, 54.495862327255558 ], [ 18.575398735739721, 54.490290041520723 ], [ 18.565094780234599, 54.484644070800123 ], [ 18.554081653190835, 54.47865244000981 ], [ 18.554187593555124, 54.467091950280789 ], [ 18.554292461718884, 54.455531434492414 ], [ 18.56546645920583, 54.449580517763181 ], [ 18.575803273905937, 54.444047938892609 ], [ 18.586920495750579, 54.438124472519789 ], [ 18.59730649980477, 54.432560587411402 ], [ 18.597399555340392, 54.420999949661145 ], [ 18.608472837315038, 54.415095716493894 ], [ 18.629792607085928, 54.415207844390075 ], [ 18.64028980141584, 54.409574325374422 ], [ 18.651210705764768, 54.403747107845135 ], [ 18.672524712057744, 54.403854434950198 ], [ 18.68316890136407, 54.398133454521727 ], [ 18.693924970830309, 54.392389875958273 ], [ 18.704637731694085, 54.38662689675806 ], [ 18.715313288748497, 54.380923323700074 ], [ 18.726097933996641, 54.375116494685784 ], [ 18.736689677387727, 54.369454606303997 ], [ 18.757986149321262, 54.369552234778361 ], [ 18.77928272883246, 54.369646643681925 ], [ 18.800579412221083, 54.369737760002799 ], [ 18.811726679280042, 54.363719399438317 ], [ 18.821926235657582, 54.358258629182707 ], [ 18.843217130525939, 54.358343408389231 ], [ 18.854546473135887, 54.3522175856207 ], [ 18.864546164428713, 54.346858001806915 ], [ 18.885831260610423, 54.346935836791388 ], [ 18.907116440963925, 54.347009780237052 ], [ 18.928401700598929, 54.347079715722977 ], [ 18.937866321135761, 54.352289232096219 ], [ 18.949672903854996, 54.358710829594777 ], [ 18.961495171015198, 54.352299082451744 ], [ 18.970972436960846, 54.34720708013171 ], [ 18.992257902688685, 54.34726426305479 ], [ 19.01354342569115, 54.347316948791786 ], [ 19.034828999833898, 54.347365016018017 ], [ 19.05611461873627, 54.347408346703574 ], [ 19.077400275782445, 54.34744682753923 ], [ 19.098685964136916, 54.347480351288354 ], [ 19.119971676763779, 54.347508818029119 ], [ 19.141257406449419, 54.347532136256277 ], [ 19.162543145827946, 54.347550223816313 ], [ 19.183828887408712, 54.34756300865623 ], [ 19.192238107576738, 54.352152141609629 ], [ 19.205172233821497, 54.359136152574571 ], [ 19.226463936615669, 54.359138355848231 ], [ 19.247755618931773, 54.359135113168712 ], [ 19.269047273057581, 54.359126393126949 ], [ 19.290338891294084, 54.359112175400234 ], [ 19.298411494987956, 54.363497388291364 ], [ 19.311718035391909, 54.370658764438602 ], [ 19.333015543719885, 54.370633747815234 ], [ 19.35431299353456, 54.37060322843044 ], [ 19.375610377391137, 54.370567223201562 ], [ 19.383466383432317, 54.374818224189248 ], [ 19.397019272396292, 54.382092479163141 ], [ 19.41832249175938, 54.382045771640414 ], [ 19.426083341041579, 54.386236395042324 ], [ 19.439749270014154, 54.393560349545524 ], [ 19.46105830073623, 54.393503047200042 ], [ 19.468734920331297, 54.397639409353495 ], [ 19.482502954981978, 54.4050070399609 ], [ 19.503817773676147, 54.40493927988021 ], [ 19.511420629930296, 54.409027238649024 ], [ 19.525280297203143, 54.416432794960471 ], [ 19.546600881295365, 54.416354736636706 ], [ 19.55413991545484, 54.420399855417003 ], [ 19.568081267981576, 54.427837892904861 ], [ 19.57558766559481, 54.431860609996512 ], [ 19.589573643441284, 54.439315776527593 ], [ 19.597049920450118, 54.443317491430868 ], [ 19.611078013440082, 54.450788409106572 ], [ 19.618526640204568, 54.4547704938254 ], [ 19.632594383796469, 54.462255812645267 ], [ 19.646429004498643, 54.454624462720169 ], [ 19.65375398753471, 54.450587338570429 ], [ 19.675091740493624, 54.450479464516569 ], [ 19.696429329882996, 54.450366779819404 ], [ 19.717766750203996, 54.450249344424151 ], [ 19.739103996056127, 54.450127216805676 ], [ 19.76044106213002, 54.450000453789457 ], [ 19.781777943200769, 54.449869110425027 ], [ 19.80311463412173, 54.449733239905306 ], [ 19.817007007975104, 54.442030422396932 ], [ 19.824218842841457, 54.438027220048888 ], [ 19.845549128834907, 54.437882522958624 ], [ 19.866879210028522, 54.437733456362281 ], [ 19.888209081542204, 54.437580065343042 ], [ 19.909538738550797, 54.437422393229937 ], [ 19.930868176281329, 54.437260481677455 ], [ 19.952197390010738, 54.437094370755354 ], [ 19.966066958982989, 54.429369169719855 ], [ 19.973252215992314, 54.425358780886157 ], [ 19.994574965011644, 54.42518451540694 ], [ 20.015897476529812, 54.425006167949675 ], [ 20.03721974600839, 54.424823772788933 ], [ 20.058541768952757, 54.424637363132334 ], [ 20.079863540911777, 54.424446971214984 ], [ 20.101185057477679, 54.424252628388089 ], [ 20.122506314285967, 54.424054365200782 ], [ 20.136309949365447, 54.416326156783214 ], [ 20.143505355254497, 54.412287705572858 ], [ 20.164820083984672, 54.412081853475925 ], [ 20.18613454048733, 54.41187217099219 ], [ 20.207448720565235, 54.411658685744612 ], [ 20.228762620062945, 54.411441424832937 ], [ 20.250076234866082, 54.411220414855237 ], [ 20.271389560900367, 54.410995681917868 ], [ 20.292702594130265, 54.410767251633217 ], [ 20.306426469517834, 54.403043991990579 ], [ 20.313645673943608, 54.398971625533981 ], [ 20.334952120743857, 54.398736047844871 ], [ 20.356258263154984, 54.398496846267456 ], [ 20.377564097265303, 54.398254043866892 ], [ 20.398869619187913, 54.398007663028082 ], [ 20.420174825056367, 54.397757725381368 ], [ 20.433841776411612, 54.390036196620962 ], [ 20.441074399872228, 54.385941374923334 ], [ 20.462372978979637, 54.385684551794874 ], [ 20.483671230757576, 54.385424229527132 ], [ 20.504969151356306, 54.385160425562418 ], [ 20.52626673691578, 54.384893156088381 ], [ 20.54756398355768, 54.384622435913066 ], [ 20.568860887376928, 54.384348278335636 ], [ 20.590157444432656, 54.384070695014159 ], [ 20.603777383285287, 54.376335963090469 ], [ 20.611000787205366, 54.372227703239489 ], [ 20.632290661447762, 54.371943443849489 ], [ 20.653580176994872, 54.371655779808144 ], [ 20.674869329663736, 54.371364714934295 ], [ 20.69615811518754, 54.371070250818008 ], [ 20.717446529205631, 54.370772386718883 ], [ 20.73873456725369, 54.370471119476711 ], [ 20.760022224754334, 54.370166443437462 ], [ 20.781309497008202, 54.369858350396626 ], [ 20.802596379185729, 54.369546829562118 ], [ 20.816214762816848, 54.361763494596957 ], [ 20.823370584942587, 54.357670845488606 ], [ 20.844650700918965, 54.357352554069067 ], [ 20.865930411779178, 54.357030786651968 ], [ 20.887209712134517, 54.356705522670325 ], [ 20.90848859644348, 54.356376739175289 ], [ 20.929767059010636, 54.356044410942829 ], [ 20.951045093987023, 54.355708510606071 ], [ 20.972322695372135, 54.355369008812289 ], [ 20.993599857017546, 54.355025874403708 ], [ 21.0148765726322, 54.354679074620122 ], [ 21.036152835789263, 54.354328575321595 ], [ 21.057428639934571, 54.353974341228408 ], [ 21.078703978396554, 54.353616336175648 ], [ 21.099978844397526, 54.353254523379206 ], [ 21.113677102221271, 54.345356100174776 ], [ 21.120657795483449, 54.341329411725731 ], [ 21.141925736210521, 54.340960050107263 ], [ 21.163193184470995, 54.34058677755614 ], [ 21.184460133240034, 54.340209558064196 ], [ 21.205726575456662, 54.339828356332504 ], [ 21.226992504039451, 54.339443138026809 ], [ 21.240715134733538, 54.331499487208184 ], [ 21.247627155984347, 54.327495203214085 ], [ 21.26888608605902, 54.327102088261512 ], [ 21.276195225422097, 54.330835123222471 ], [ 21.290787137193938, 54.338263059795757 ], [ 21.312050940566948, 54.337861459329439 ], [ 21.333314195137643, 54.337455693029689 ], [ 21.35457689402406, 54.337045736855671 ], [ 21.375839030426381, 54.336631569045302 ], [ 21.389582118435303, 54.328641866933793 ], [ 21.396428214983462, 54.324656365598756 ], [ 21.41768326432425, 54.324234026788233 ], [ 21.438937732567531, 54.323807435648206 ], [ 21.460191613348229, 54.323376579988519 ], [ 21.481444900426087, 54.322941450103393 ], [ 21.502697587691291, 54.322502038759396 ], [ 21.523949669168939, 54.322058341163753 ], [ 21.545201139022243, 54.321610354914441 ], [ 21.566451991554565, 54.321158079933895 ], [ 21.573761598817089, 54.324851637564457 ], [ 21.588428040371866, 54.332255220111371 ], [ 21.609683573429756, 54.331793992237273 ], [ 21.630938471850374, 54.331328482529074 ], [ 21.65219273052233, 54.330858699858751 ], [ 21.673446344470619, 54.330384654912535 ], [ 21.694699308852627, 54.329906360058118 ], [ 21.715951618953447, 54.329423829207904 ], [ 21.737203270180611, 54.328937077679896 ], [ 21.758454258058318, 54.328446122057287 ], [ 21.779704578221239, 54.327950980048385 ], [ 21.78713266345088, 54.33167365645496 ], [ 21.801739854821637, 54.339001059972716 ], [ 21.822994753915232, 54.338497195159441 ], [ 21.844248972062321, 54.337989202512894 ], [ 21.865502505303038, 54.337477103353002 ], [ 21.886755349752583, 54.336960919437935 ], [ 21.908007501593804, 54.336440672843509 ], [ 21.929258957069877, 54.335916385848556 ], [ 21.950509712477061, 54.335388080826462 ], [ 21.971759764157554, 54.334855780143101 ], [ 21.993009108492515, 54.334319506061163 ], [ 22.014257741895296, 54.333779280651164 ], [ 22.035505660804866, 54.333235125709074 ], [ 22.056752861679442, 54.332687062680321 ], [ 22.064454913717285, 54.336510115172757 ], [ 22.078862573987138, 54.34367921449622 ], [ 22.1001142528497, 54.343123031917656 ], [ 22.1213652026902, 54.342563006692131 ], [ 22.142615419995206, 54.341999158294577 ], [ 22.1638649012408, 54.341431505536356 ], [ 22.185113642887838, 54.340860066526524 ], [ 22.206361641377622, 54.340284858638981 ], [ 22.227608893127769, 54.339705898484638 ], [ 22.248855394528473, 54.339123201888839 ], [ 22.27010114193908, 54.338536783873579 ], [ 22.291346131684953, 54.337946658644249 ], [ 22.312590360054667, 54.337352839581101 ], [ 22.32059291005266, 54.341294177443231 ], [ 22.334768788248734, 54.348295324836897 ], [ 22.356017407321996, 54.347693843102768 ], [ 22.377265253197084, 54.347088705474413 ], [ 22.398512321980267, 54.346479921830003 ], [ 22.419758609730408, 54.345867501228007 ], [ 22.441004112458078, 54.345251451922017 ], [ 22.449157430217937, 54.349251871628574 ], [ 22.463220025177073, 54.35617000031192 ], [ 22.484469872323416, 54.355546423471864 ], [ 22.505718921622702, 54.354919239206524 ], [ 22.526967168869671, 54.354288452523406 ], [ 22.54821460981, 54.35365406773824 ], [ 22.569461240141148, 54.353016088504397 ], [ 22.590707055513324, 54.352374517843856 ], [ 22.611952051530629, 54.35172935817895 ], [ 22.633196223752439, 54.351080611365063 ], [ 22.641558289923626, 54.355161512623425 ], [ 22.655464819241658, 54.361964001931568 ], [ 22.676713255741532, 54.361307798125729 ], [ 22.697960854106874, 54.360648008643217 ], [ 22.719207609715873, 54.359984633243052 ], [ 22.740453517911245, 54.359317671295976 ], [ 22.761698574002299, 54.358647121817881 ], [ 22.770189551251224, 54.362775830422272 ], [ 22.784004326594392, 54.369507084630506 ], [ 22.805253589136431, 54.368829062477026 ], [ 22.81378903070603, 54.372973500544852 ], [ 22.81486255895479, 54.384508738268018 ], [ 22.815936611225887, 54.396043946737606 ], [ 22.829726810989264, 54.402748590072292 ], [ 22.838296576691238, 54.406903584593245 ], [ 22.852074551151642, 54.413596077765732 ], [ 22.873344928611779, 54.412906067976309 ], [ 22.885768213637061, 54.40538336868876 ], [ 22.89352012114021, 54.400679456833139 ], [ 22.914782785350322, 54.399982525411417 ], [ 22.936044555123114, 54.399281979165394 ], [ 22.957305425530031, 54.398577815198095 ], [ 22.969651793603202, 54.391081341842714 ], [ 22.977448148912178, 54.386338357941483 ], [ 22.998701276784306, 54.385627265721958 ], [ 23.011010318416002, 54.37814241893944 ], [ 23.009887460959604, 54.366609696256354 ], [ 23.008765642990518, 54.355076927358212 ], [ 23.016571039114435, 54.350319993005982 ], [ 23.037804579601534, 54.349602609652301 ], [ 23.059037199966077, 54.348881604093386 ], [ 23.071292528446364, 54.34141030747147 ], [ 23.057649105439246, 54.334812744813647 ], [ 23.048945936037409, 54.330593037910766 ], [ 23.047815599916646, 54.319060722071725 ], [ 23.055626587295134, 54.31429200647068 ], [ 23.067883937692791, 54.306814258916731 ], [ 23.075699436968979, 54.302039074955253 ], [ 23.096906597422954, 54.301312113660771 ], [ 23.105655029746156, 54.305532541917941 ], [ 23.119265748633406, 54.31211014948282 ], [ 23.14047693502652, 54.311375612984186 ], [ 23.152666740969572, 54.303920622890573 ], [ 23.160522472500151, 54.299109483714517 ], [ 23.172697309283222, 54.291657310777744 ], [ 23.180556123051048, 54.286840534859941 ], [ 23.201752692650565, 54.286095765234698 ], [ 23.213897077234581, 54.278651300436188 ], [ 23.221767631074531, 54.27382070621087 ], [ 23.233898394224443, 54.266378271610982 ], [ 23.241770704758089, 54.261542848426657 ], [ 23.262952641220885, 54.260787840271981 ], [ 23.284133610023396, 54.26002919328986 ], [ 23.305313606251406, 54.259266905021782 ], [ 23.326492624994856, 54.25850097309317 ], [ 23.338548985529908, 54.251079549687688 ], [ 23.346456470758532, 54.246207114383502 ], [ 23.358501056330038, 54.238786652090624 ], [ 23.366408477196384, 54.233910475821325 ], [ 23.378441864451176, 54.226490630123038 ], [ 23.386348654755931, 54.221611066504074 ], [ 23.398371427279436, 54.214191487703552 ], [ 23.397152680970354, 54.20266398430968 ], [ 23.405048781658945, 54.197786423995211 ], [ 23.417066514443455, 54.190361991545366 ], [ 23.415844601904556, 54.178834695807872 ], [ 23.423728085778581, 54.173960375529589 ], [ 23.444860187672909, 54.173174960057025 ], [ 23.465991284674125, 54.172385897629169 ], [ 23.477977562210317, 54.16496379197347 ], [ 23.485872474105477, 54.160072765395832 ], [ 23.497851148933197, 54.152649106144054 ], [ 23.496610111890337, 54.14112293908363 ], [ 23.495370483472943, 54.129596710253644 ], [ 23.494132279398514, 54.118070419059869 ], [ 23.501985899477525, 54.113198949903698 ], [ 23.513981590545285, 54.105753440481465 ], [ 23.512740485776515, 54.094227352779512 ], [ 23.511500853345478, 54.082701200764781 ], [ 23.51931962212462, 54.077846218132812 ], [ 23.53133047693175, 54.070381663754873 ], [ 23.53008804775185, 54.058855712181028 ], [ 23.528847136873754, 54.047329694408326 ], [ 23.527607757601952, 54.035803609930362 ], [ 23.526369922746653, 54.024277458259675 ], [ 23.512789336530847, 54.017742755759564 ], [ 23.504094742797246, 54.013542909103862 ], [ 23.502865788074086, 54.002016292822134 ], [ 23.489248051895132, 53.995455494171324 ], [ 23.480610065399041, 53.991276947931588 ], [ 23.479390000505543, 53.97974986883542 ], [ 23.487043809862193, 53.974994320891945 ], [ 23.499188394533181, 53.967436033976426 ], [ 23.506828303117977, 53.962685670179972 ], [ 23.518975999980853, 53.955119112332639 ], [ 23.517749292452496, 53.943592478282746 ], [ 23.516524214022034, 53.932065773821762 ], [ 23.515300773330964, 53.92053899862173 ], [ 23.514078978723564, 53.90901215236611 ], [ 23.512858838310365, 53.897485234747379 ], [ 23.520365651827568, 53.892811662168278 ], [ 23.532615577494678, 53.885166503277951 ], [ 23.531393153051507, 53.873639765381235 ], [ 23.530172426645514, 53.862112954289401 ], [ 23.537605470187081, 53.857481244639501 ], [ 23.549910843926884, 53.849791642030794 ], [ 23.548687984924292, 53.838265005560359 ], [ 23.547466877188327, 53.826738293694476 ], [ 23.54624753259996, 53.815211505981473 ], [ 23.545029963538436, 53.803684641951122 ], [ 23.543814182952396, 53.792157701111762 ], [ 23.54260020442155, 53.780630682948157 ], [ 23.54138804220575, 53.769103586919499 ], [ 23.548576329814026, 53.764619605870564 ], [ 23.56109040152921, 53.756780888976358 ], [ 23.568247685981554, 53.75231357898798 ], [ 23.580782887901211, 53.744455102292534 ], [ 23.579565670527874, 53.732928394547422 ], [ 23.586652587408679, 53.728502432748762 ], [ 23.599245060386405, 53.720599749474808 ], [ 23.598026532470165, 53.709073186003664 ], [ 23.596810036349638, 53.697546535811355 ], [ 23.595595593142789, 53.686019798089937 ], [ 23.594383223700603, 53.674492972042145 ], [ 23.601266889611399, 53.67019232735597 ], [ 23.614040677780508, 53.662162122208137 ], [ 23.612827464654227, 53.650635422269751 ], [ 23.611616423415271, 53.639108629996791 ], [ 23.610407570743771, 53.62758174475163 ], [ 23.617104559881362, 53.62339708936485 ], [ 23.63004751817703, 53.615248424093132 ], [ 23.628838177950861, 53.603721651061115 ], [ 23.627631099028736, 53.592194782004121 ], [ 23.634171306986154, 53.588107761716401 ], [ 23.647257076128874, 53.5798587576747 ], [ 23.646049717303008, 53.568331992778681 ], [ 23.644844652232958, 53.556805130352416 ], [ 23.651212252285369, 53.552826214171539 ], [ 23.664457082653779, 53.544466391094275 ], [ 23.663251829494072, 53.532939629204684 ], [ 23.662048844033478, 53.521412770556999 ], [ 23.668227508115859, 53.517552628840669 ], [ 23.681647891808396, 53.509071315012179 ], [ 23.680444653915227, 53.497544559368961 ], [ 23.679243585028239, 53.486017710597174 ], [ 23.685217139461887, 53.482286760875319 ], [ 23.698829086790333, 53.473673550264223 ], [ 23.697627518316182, 53.46214681421668 ], [ 23.696427941044924, 53.450619991814818 ], [ 23.702181156500568, 53.447027876108599 ], [ 23.715999370838155, 53.438273152793791 ], [ 23.714798858151283, 53.426746460447333 ], [ 23.720393398402145, 53.423253668935608 ], [ 23.734358406339631, 53.414396760673142 ], [ 23.733156560201817, 53.402870214633417 ], [ 23.731956243294007, 53.391343600165335 ], [ 23.737308757107328, 53.388003001772937 ], [ 23.751500044498599, 53.378991300039388 ], [ 23.75029768915714, 53.367464860423105 ], [ 23.755478620153152, 53.364231395007366 ], [ 23.769828162955495, 53.355109768827695 ], [ 23.768623224330121, 53.343583526679026 ], [ 23.767419212560011, 53.332057239921241 ], [ 23.772345003737392, 53.32898354061787 ], [ 23.786931570457384, 53.319699657367238 ], [ 23.785724144294029, 53.308173602409454 ], [ 23.784517271018487, 53.296647517802015 ], [ 23.789185293160759, 53.293734735713159 ], [ 23.804009998832804, 53.284287514471409 ], [ 23.802798887274548, 53.27276169615552 ], [ 23.807289223163131, 53.269959056515333 ], [ 23.822275496271445, 53.260399036602429 ], [ 23.82105960621697, 53.248873507972547 ], [ 23.825373562525247, 53.246179993813314 ], [ 23.840519427244647, 53.236508227276644 ], [ 23.844736632672845, 53.233873827386716 ], [ 23.859967245515186, 53.224140033213139 ], [ 23.858740684779807, 53.21261514158553 ], [ 23.862785531333582, 53.210087103971411 ], [ 23.878170795202532, 53.200244379088986 ], [ 23.876938287687388, 53.188719830192831 ], [ 23.880814770000534, 53.186295511121223 ], [ 23.901446517876934, 53.185456538251238 ], [ 23.916993477259467, 53.175494218427858 ], [ 23.915749403193825, 53.163970361361507 ], [ 23.914504698049598, 53.152446523530742 ], [ 23.913259314717493, 53.140922706842986 ], [ 23.912013211570855, 53.129398912977813 ], [ 23.894054317405129, 53.120654699879573 ], [ 23.890149548349221, 53.118725782487566 ], [ 23.888907225649202, 53.107201702296962 ], [ 23.88766409532715, 53.095677648161136 ], [ 23.886420133993955, 53.084153620998855 ], [ 23.885175322555753, 53.072629621551506 ], [ 23.888367273740226, 53.070629058365469 ], [ 23.904519780330727, 53.060256696765684 ], [ 23.903267885601842, 53.048733092560319 ], [ 23.906326242206092, 53.046813996972553 ], [ 23.922592855434548, 53.03635771775037 ], [ 23.921333844639122, 53.024834512538895 ], [ 23.92426557489258, 53.022992549152804 ], [ 23.940639313931204, 53.012456698173558 ], [ 23.939373194492187, 53.000933894048941 ], [ 23.938106205147999, 52.989411118968427 ], [ 23.936838354610284, 52.97788837252309 ], [ 23.939555758810524, 52.976177462628776 ], [ 23.956111982748677, 52.965508871945978 ], [ 23.954837122399233, 52.95398652522379 ], [ 23.935968840816667, 52.944770036544611 ], [ 23.933029747513761, 52.943320299888775 ], [ 23.931758570375965, 52.931797662605604 ], [ 23.930486596823673, 52.920275051032725 ], [ 23.92921384244849, 52.908752464476358 ], [ 23.927940323225439, 52.897229902227068 ], [ 23.9266660553176, 52.885707363567938 ], [ 23.925391054888593, 52.874184847782416 ], [ 23.924115337922231, 52.862662354161721 ], [ 23.922838920049017, 52.851139882012134 ], [ 23.925149565508931, 52.849677593002554 ], [ 23.942046289868589, 52.838764418407308 ], [ 23.940763346282107, 52.827242327643781 ], [ 23.939479763587563, 52.815720255888287 ], [ 23.93819555518585, 52.804198202538757 ], [ 23.94038377029732, 52.802809519232682 ], [ 23.957372859969777, 52.791821025646193 ], [ 23.95608233607609, 52.780299347381657 ], [ 23.954791240697183, 52.768777685357875 ], [ 23.95349958269432, 52.757256039161646 ], [ 23.952207369253486, 52.745734408450033 ], [ 23.950914605746355, 52.734212792956242 ], [ 23.949621295589385, 52.722691192495297 ], [ 23.948327440100041, 52.711169606970209 ], [ 23.928923105976882, 52.701631713413924 ], [ 23.926611060194549, 52.700500479525672 ], [ 23.907227534785807, 52.690964394167231 ], [ 23.904902028609161, 52.689827229918798 ], [ 23.885542678761848, 52.680294626376124 ], [ 23.883200168832332, 52.679149868014449 ], [ 23.863868541320905, 52.669622512970697 ], [ 23.861505287454989, 52.668468404246852 ], [ 23.842205126734608, 52.658948166521888 ], [ 23.839817173165326, 52.657782849645578 ], [ 23.8205524401689, 52.648271709821593 ], [ 23.818135595778699, 52.647093215858995 ], [ 23.7989104877187, 52.637593276443738 ], [ 23.796460305335199, 52.63639951517392 ], [ 23.795194312767286, 52.6248758170291 ], [ 23.776022093312516, 52.615390623614012 ], [ 23.773528599831351, 52.614177781484742 ], [ 23.754407951270476, 52.604709780806637 ], [ 23.734049110491814, 52.605547624254754 ], [ 23.713689357718952, 52.606382766839623 ], [ 23.693328699195419, 52.607215238239689 ], [ 23.672967141214617, 52.608045069114887 ], [ 23.652604690118235, 52.608872291113151 ], [ 23.649847797205062, 52.607533428472891 ], [ 23.631023629592512, 52.598177969330514 ], [ 23.610664782193556, 52.599000359904771 ], [ 23.607790762650684, 52.597606139671718 ], [ 23.589099039734972, 52.588303159166948 ], [ 23.56874382973373, 52.589120969737607 ], [ 23.565737279712554, 52.58766401361688 ], [ 23.547193446251175, 52.578421387060075 ], [ 23.54410038601381, 52.576923902146284 ], [ 23.525653925676529, 52.567721750447049 ], [ 23.522466314623802, 52.56617987355424 ], [ 23.504125280968701, 52.557022300471203 ], [ 23.483782825488149, 52.557832281084963 ], [ 23.480421426322376, 52.556207754593686 ], [ 23.479204960475379, 52.54468012926182 ], [ 23.461100669431051, 52.535624931580202 ], [ 23.4575768524187, 52.533924444417416 ], [ 23.439604725768323, 52.524927490955228 ], [ 23.43594993343519, 52.523164903521362 ], [ 23.418119703335083, 52.514231183695017 ], [ 23.414323846697869, 52.512401519192395 ], [ 23.396645609418279, 52.503536217827481 ], [ 23.392698279246495, 52.501634302162898 ], [ 23.391482803594595, 52.490106072799307 ], [ 23.374039876449014, 52.481348376914362 ], [ 23.369857897640266, 52.479334876135624 ], [ 23.368639763358761, 52.467806592192119 ], [ 23.351458762112205, 52.459170160068048 ], [ 23.34701506976069, 52.457031429321532 ], [ 23.345793963454, 52.445503100188823 ], [ 23.328902244474889, 52.437002010461164 ], [ 23.324169404269902, 52.434723970561237 ], [ 23.32294523055301, 52.423195597470304 ], [ 23.32171778142223, 52.411667331393971 ], [ 23.305250649949489, 52.403367497645249 ], [ 23.300094182082031, 52.400884055785454 ], [ 23.283862734196056, 52.392695899916951 ], [ 23.278471757651996, 52.390096914737576 ], [ 23.277242428445753, 52.378568411358465 ], [ 23.261379490019198, 52.370556692454059 ], [ 23.255623345763642, 52.367777178376819 ], [ 23.254392748589293, 52.356248559485735 ], [ 23.238920321530731, 52.348424841605819 ], [ 23.232779558348955, 52.345453141710891 ], [ 23.231549203317321, 52.333924351563901 ], [ 23.216484948668718, 52.326298040835773 ], [ 23.209945256413029, 52.323124629743909 ], [ 23.208717147029713, 52.311595595870919 ], [ 23.194073026728415, 52.304173241752629 ], [ 23.187126518294132, 52.300791427901075 ], [ 23.185903102966886, 52.289262063205051 ], [ 23.192275757798193, 52.285175254381649 ], [ 23.205028023148998, 52.277008580804448 ], [ 23.203797948691577, 52.265479560548812 ], [ 23.202568375009186, 52.253950508234809 ], [ 23.201339748314815, 52.242421407937663 ], [ 23.200112534139961, 52.230892243056054 ], [ 23.207004180221684, 52.226459226582229 ], [ 23.227212118487415, 52.225800585080627 ], [ 23.247419296566822, 52.225138882396365 ], [ 23.259819344451312, 52.217175624039477 ], [ 23.266510484705172, 52.212858639852016 ], [ 23.27375248107095, 52.21667099582524 ], [ 23.287831336265103, 52.223806067904412 ], [ 23.300439516267797, 52.215699824296721 ], [ 23.306910241989076, 52.211517651291175 ], [ 23.327108945447481, 52.210842417566582 ], [ 23.347306852764916, 52.210163944470281 ], [ 23.367503954119702, 52.209482170441333 ], [ 23.380383587963415, 52.201180574078656 ], [ 23.386553731992301, 52.197177182697367 ], [ 23.399387680058226, 52.188898541556085 ], [ 23.405592808522275, 52.184867533829994 ], [ 23.418378151127857, 52.176613778338371 ], [ 23.424621196757602, 52.172553298404246 ], [ 23.431398632990028, 52.176124482098864 ], [ 23.445960006693387, 52.183478560711386 ], [ 23.458947831503849, 52.175084439449634 ], [ 23.464976115493627, 52.171156644829054 ], [ 23.471519828905542, 52.174607665104176 ], [ 23.48632387311574, 52.18207609418895 ], [ 23.506504530982653, 52.181369642320114 ], [ 23.519796190420891, 52.17276431062654 ], [ 23.504871667499774, 52.165240480157969 ], [ 23.498186616587322, 52.162017781861763 ], [ 23.496858958263772, 52.150494382885753 ], [ 23.50297630839485, 52.146499259652884 ], [ 23.515794541674524, 52.138195277060831 ], [ 23.521960421849037, 52.134163965271185 ], [ 23.54211821177547, 52.133449299126646 ], [ 23.554971627863761, 52.125111226473003 ], [ 23.561085541416716, 52.121105874293349 ], [ 23.581236348670018, 52.120384206979345 ], [ 23.601386313311092, 52.119659340137211 ], [ 23.61436680807163, 52.111222568251321 ], [ 23.61300249457684, 52.099701444492219 ], [ 23.619126855480449, 52.095677168748097 ], [ 23.631871781675841, 52.087385343888279 ], [ 23.638056218029352, 52.083317601105286 ], [ 23.650728632122661, 52.075066528437809 ], [ 23.649356576798027, 52.063545979653561 ], [ 23.655763272104775, 52.059328416409834 ], [ 23.668197062118775, 52.051224752757335 ], [ 23.666825045465838, 52.039704331786993 ], [ 23.665458203363954, 52.028183692765154 ], [ 23.664097474991721, 52.01666279851549 ], [ 23.671025515011006, 52.01210170488055 ], [ 23.68291875578603, 52.004339562275376 ], [ 23.681563698662089, 51.99281857009673 ], [ 23.68021706888624, 51.981297229889776 ], [ 23.678879593203561, 51.969775512873888 ], [ 23.665934376237786, 51.963246857124638 ], [ 23.657414614769955, 51.959053350058682 ], [ 23.644680172652201, 51.952625474344408 ], [ 23.635980013044758, 51.948326208302127 ], [ 23.643710239337693, 51.94325563228184 ], [ 23.654809757557366, 51.936006778321477 ], [ 23.642307115576354, 51.929691954596059 ], [ 23.63341578624361, 51.925277721882978 ], [ 23.621071737232416, 51.919037651031239 ], [ 23.612052128451264, 51.914543717686584 ], [ 23.62006982927354, 51.909297363432437 ], [ 23.63089483383321, 51.902227481603433 ], [ 23.629650371328776, 51.890701712693335 ], [ 23.62841626549644, 51.879175524097946 ], [ 23.616348123068505, 51.873067308904467 ], [ 23.607129402478851, 51.86843791696036 ], [ 23.615324134122556, 51.863085525996233 ], [ 23.625977649332899, 51.856121946662306 ], [ 23.613987725312789, 51.850049539933401 ], [ 23.604725434822413, 51.845382696359792 ], [ 23.603536144951221, 51.833854571455809 ], [ 23.611778408258711, 51.828477010892421 ], [ 23.622386495583051, 51.821538866652048 ], [ 23.630607376038459, 51.816172959673438 ], [ 23.641229528848029, 51.809220249897699 ], [ 23.640047954264652, 51.797692038821857 ], [ 23.63887279806529, 51.786163563283715 ], [ 23.62690516988118, 51.78009442754486 ], [ 23.617698808183544, 51.775423982799644 ], [ 23.605737530769108, 51.769352896521504 ], [ 23.596541557128052, 51.764680058578868 ], [ 23.584579490838046, 51.758603399412713 ], [ 23.564597250404717, 51.759391127406687 ], [ 23.555404388327862, 51.754710091167503 ], [ 23.543453009962878, 51.74863040172918 ], [ 23.534280792287362, 51.743953950185499 ], [ 23.533155973770391, 51.732422851904474 ], [ 23.541292841794608, 51.727130573317332 ], [ 23.552013510404908, 51.720117784342733 ], [ 23.550887675051563, 51.70858682063286 ], [ 23.549763395441751, 51.697055785674785 ], [ 23.548640314201638, 51.685524693336909 ], [ 23.547518104498916, 51.673993556294434 ], [ 23.546396469264277, 51.662462386060483 ], [ 23.545275140132212, 51.650931193028022 ], [ 23.544153876172029, 51.63939998651994 ], [ 23.543032462470357, 51.62786877484475 ], [ 23.541910708617468, 51.616337565356055 ], [ 23.540788447141281, 51.604806364513884 ], [ 23.548540968353588, 51.599750702511805 ], [ 23.559592306904662, 51.592501247645053 ], [ 23.5584641125402, 51.580970373338573 ], [ 23.557335041459325, 51.569439522128313 ], [ 23.564985567848368, 51.564442687008423 ], [ 23.57611672328909, 51.557132302796269 ], [ 23.574981133514168, 51.545601803181619 ], [ 23.573844427572418, 51.534071336148436 ], [ 23.581405421842657, 51.529124802903155 ], [ 23.60128807257389, 51.52835491115507 ], [ 23.612498240929643, 51.520979870025016 ], [ 23.611350110961663, 51.509450071459334 ], [ 23.618834182678011, 51.504544415566542 ], [ 23.630085135602517, 51.497135389280089 ], [ 23.637533291541164, 51.49224848925595 ], [ 23.657398293670731, 51.491469104239926 ], [ 23.668684937851836, 51.484026728621046 ], [ 23.676081342657479, 51.479166147822006 ], [ 23.68738988457217, 51.471703646896401 ], [ 23.6746509171175, 51.465203237385417 ], [ 23.666352280665343, 51.460969238089426 ], [ 23.653623865627274, 51.45446873328806 ], [ 23.645320986702249, 51.45023092349259 ], [ 23.652697946269594, 51.445379904186865 ], [ 23.672542231493619, 51.444598961699704 ], [ 23.683871109663521, 51.437118529072322 ], [ 23.682695527495564, 51.425590241403647 ], [ 23.690019582145627, 51.420764209060195 ], [ 23.701364614672283, 51.413265904964433 ], [ 23.700181794242877, 51.401738013051634 ], [ 23.687399942332632, 51.395207169907849 ], [ 23.679161058748612, 51.391005622506988 ], [ 23.677980425391151, 51.379477493526167 ], [ 23.676798613652945, 51.367949400712618 ], [ 23.664055971140868, 51.361429110017397 ], [ 23.655791489119942, 51.357212536940899 ], [ 23.65461216041809, 51.345684194694293 ], [ 23.653431802896623, 51.334155882208812 ], [ 23.64074886439597, 51.327656705822179 ], [ 23.632438825447153, 51.323414527556842 ], [ 23.639826343704328, 51.318534557749629 ], [ 23.651068211956545, 51.311099337953699 ], [ 23.649885090536564, 51.299571101636268 ], [ 23.648701163954698, 51.288042885998088 ], [ 23.65610525401431, 51.283143281143701 ], [ 23.664399035575279, 51.287417265888323 ], [ 23.677054215815673, 51.293904135438218 ], [ 23.688291014668089, 51.286461007550962 ], [ 23.695653030875828, 51.281583104203854 ], [ 23.70688450595895, 51.274137874227023 ], [ 23.714241776464384, 51.269258224605515 ], [ 23.725466114793957, 51.261812100128139 ], [ 23.724260927372743, 51.250285228108964 ], [ 23.731633207620053, 51.245388972594633 ], [ 23.742825296403637, 51.237957157413653 ], [ 23.74161418391224, 51.226430636392159 ], [ 23.740402626587752, 51.21490412236188 ], [ 23.747816882730223, 51.209971773638927 ], [ 23.758944760147529, 51.202574090050859 ], [ 23.766362925580069, 51.197634398113458 ], [ 23.77747534517254, 51.190241423875158 ], [ 23.784898963987679, 51.185293395135552 ], [ 23.804627529560765, 51.184492202317415 ], [ 23.815734207291928, 51.177093376819471 ], [ 23.814502157433143, 51.165568198226502 ], [ 23.821941070086186, 51.160600677648624 ], [ 23.830320242739241, 51.164914601661394 ], [ 23.842869519280629, 51.171336148051424 ], [ 23.853967439769541, 51.163933486059861 ], [ 23.861373907325596, 51.158981408314794 ], [ 23.872451097497922, 51.151587020081386 ], [ 23.871204323919372, 51.140062843760255 ], [ 23.858709252998011, 51.133669352417307 ], [ 23.85024188563634, 51.129359927172395 ], [ 23.84900028495354, 51.117835375733421 ], [ 23.856515725126929, 51.112804889749214 ], [ 23.867464913188243, 51.105490213198387 ], [ 23.866219045538024, 51.09396595657293 ], [ 23.873776981949852, 51.088901382358671 ], [ 23.884668307189099, 51.081618481132935 ], [ 23.892240958704349, 51.076539704229639 ], [ 23.9119199097664, 51.075719613070113 ], [ 23.922793699445837, 51.068438962777847 ], [ 23.921534728076537, 51.056915643710092 ], [ 23.920276481958588, 51.045392283581563 ], [ 23.919019051768423, 51.033868878551999 ], [ 23.917762526857931, 51.022345424839642 ], [ 23.916506994877288, 51.010821918737108 ], [ 23.924231709587872, 51.005628809843941 ], [ 23.943879612554287, 51.004803320620987 ], [ 23.954563021663247, 50.997633867177385 ], [ 23.953299933429825, 50.986110942447084 ], [ 23.961058376614069, 50.980887114316495 ], [ 23.971681378093692, 50.973751497738164 ], [ 23.97041599044875, 50.962228792152501 ], [ 23.969152023639509, 50.950706015690407 ], [ 23.97698425981363, 50.945427306852885 ], [ 23.987516729776978, 50.938344490254238 ], [ 23.99536518269516, 50.93305102379616 ], [ 24.00587181675952, 50.925980322248478 ], [ 24.013736361557722, 50.920672218808861 ], [ 24.024217376268101, 50.91361351184576 ], [ 24.032097809285144, 50.908290944288339 ], [ 24.042553498162125, 50.901244059239936 ], [ 24.050449538707415, 50.895907251532819 ], [ 24.070047211668669, 50.895059474265274 ], [ 24.080480804367017, 50.888018383713757 ], [ 24.088383448765843, 50.882670170582792 ], [ 24.107974351860882, 50.881815600389267 ], [ 24.118384863621845, 50.874781002132849 ], [ 24.126295109385339, 50.869420751626905 ], [ 24.136680646358421, 50.862397825416629 ], [ 24.135387051611392, 50.850877549632116 ], [ 24.123594512090168, 50.844846734824515 ], [ 24.114518655526457, 50.840219096870541 ], [ 24.102761658974611, 50.834201466452285 ], [ 24.083191240624007, 50.835061040199179 ], [ 24.063619898438834, 50.83591763318632 ], [ 24.04404763652343, 50.836771253209896 ], [ 24.024474458992326, 50.837621908279459 ], [ 24.004900369969807, 50.838469606617899 ], [ 23.995770728744159, 50.833799396760504 ], [ 23.984096183893357, 50.827803343687144 ], [ 23.974938972601752, 50.82311483274615 ], [ 23.973691665845276, 50.811591363147656 ], [ 23.972446343171267, 50.800067798540063 ], [ 23.971203003349569, 50.788544138988911 ], [ 23.969961638669783, 50.77702038483659 ], [ 23.978098547132205, 50.771528077362895 ], [ 23.99764652179719, 50.770695313335494 ], [ 24.017193525585739, 50.769858896023052 ], [ 24.027381701455376, 50.76297647278254 ], [ 24.026130694812878, 50.751453533986911 ], [ 24.024881717048352, 50.73993049761912 ], [ 24.023634740295208, 50.728407364896732 ], [ 24.031780980858997, 50.722898372767986 ], [ 24.05130705425734, 50.722056649289449 ], [ 24.070832146996338, 50.721211265405927 ], [ 24.080980885265397, 50.714338965497191 ], [ 24.079724574491561, 50.702816642072129 ], [ 24.078470271685621, 50.691294221333848 ], [ 24.066958593237469, 50.685375619108996 ], [ 24.057702333217495, 50.680622330024612 ], [ 24.065849936386776, 50.675105510140135 ], [ 24.085355155351127, 50.674258714052641 ], [ 24.095477113043756, 50.667395576453799 ], [ 24.094224259655565, 50.655873205065589 ], [ 24.082724463399053, 50.649958388118755 ], [ 24.073472152086186, 50.645203608644238 ], [ 24.081613647447355, 50.639687382042581 ], [ 24.091724012083858, 50.632828194561434 ], [ 24.090476492225577, 50.62130556096912 ], [ 24.089230620601981, 50.609782845668363 ], [ 24.097356057273107, 50.604273923130748 ], [ 24.10746911227173, 50.597405260055794 ], [ 24.095971345254224, 50.591485564188105 ], [ 24.086743549491999, 50.586737181897718 ], [ 24.085502211756424, 50.575214239487075 ], [ 24.084262246840812, 50.563691227439101 ], [ 24.083023586055955, 50.552168148759463 ], [ 24.081786161779174, 50.540645006405221 ], [ 24.080549907901112, 50.529121803265362 ], [ 24.079314760235608, 50.517598542142842 ], [ 24.078080656889693, 50.506075225738527 ], [ 24.066585786260514, 50.500139573715423 ], [ 24.057398137045102, 50.495400640980222 ], [ 24.0561697261261, 50.483876916944759 ], [ 24.054942174729433, 50.472353145711537 ], [ 24.053715435803174, 50.460829329318067 ], [ 24.042233362317617, 50.454890044333553 ], [ 24.033053203062671, 50.450149845328241 ], [ 24.021595838063725, 50.444218490844236 ], [ 24.012397273951898, 50.43946652313646 ], [ 24.011180187790746, 50.427941979895721 ], [ 24.00996376219457, 50.416417398047535 ], [ 23.998534638939503, 50.410492257562645 ], [ 23.979137588253071, 50.411342775033511 ], [ 23.95973967117321, 50.412190640021585 ], [ 23.940340890519717, 50.413035852564285 ], [ 23.920941249083349, 50.413878412417695 ], [ 23.901540749627618, 50.414718319068932 ], [ 23.892169405074632, 50.409865593402941 ], [ 23.880952411773841, 50.404030651072524 ], [ 23.861554929337974, 50.404865443673728 ], [ 23.842156596709692, 50.405697575291867 ], [ 23.8227574165311, 50.406527044113346 ], [ 23.803357391428499, 50.407353848136935 ], [ 23.793796342610534, 50.402393767502666 ], [ 23.78279391934479, 50.39665394569893 ], [ 23.763396930755331, 50.397475567687195 ], [ 23.75374669178402, 50.392464653546384 ], [ 23.742846683541583, 50.38677069378128 ], [ 23.723452735035163, 50.387587078562611 ], [ 23.713706546362385, 50.382521501558465 ], [ 23.702915693092873, 50.376877065824651 ], [ 23.693114797036756, 50.371779879959924 ], [ 23.691964755469993, 50.360250285566543 ], [ 23.690815733718264, 50.348720638015976 ], [ 23.689667771384347, 50.337190935702615 ], [ 23.678981830690649, 50.331591847734799 ], [ 23.669099111573185, 50.326444398280806 ], [ 23.658479606911953, 50.320875604612397 ], [ 23.639110491127798, 50.32168123110602 ], [ 23.62911791536802, 50.316470493399265 ], [ 23.627986454339378, 50.304939697483597 ], [ 23.617502816769903, 50.299433232335275 ], [ 23.607443140117301, 50.294181513711479 ], [ 23.606319172629814, 50.282650264576525 ], [ 23.595915699312297, 50.277179863223111 ], [ 23.585791392566875, 50.271887783005269 ], [ 23.575455543154266, 50.266448541576992 ], [ 23.565273580970423, 50.261121371978525 ], [ 23.555004483569011, 50.255712888000566 ], [ 23.544766291735428, 50.250351014081609 ], [ 23.534562485594563, 50.244972573613545 ], [ 23.524270146946009, 50.239576689627384 ], [ 23.514129511007884, 50.234227228569594 ], [ 23.503785843563815, 50.228798376455416 ], [ 23.493705518038599, 50.223476438020846 ], [ 23.474371497109267, 50.224255358683472 ], [ 23.463927624479322, 50.218763952144371 ], [ 23.462855959226129, 50.207229681955162 ], [ 23.452884290720721, 50.201956614242064 ], [ 23.442412196241133, 50.196439242632806 ], [ 23.432486953245093, 50.191186496203571 ], [ 23.421983914986178, 50.185644698588455 ], [ 23.41209839111966, 50.180408760308381 ], [ 23.40157224790174, 50.174846014000053 ], [ 23.391718543034774, 50.169622729418172 ], [ 23.381178408627044, 50.164043150762446 ], [ 23.371347344437368, 50.158827677278573 ], [ 23.360803679580265, 50.153236069023706 ], [ 23.359792021732641, 50.141698840340304 ], [ 23.349934314922997, 50.136463507549429 ], [ 23.339451442376888, 50.130886857552319 ], [ 23.329585063045645, 50.125642713274658 ], [ 23.319133495459823, 50.120070547914345 ], [ 23.309244210724422, 50.114810013296093 ], [ 23.298839496171244, 50.109249873513306 ], [ 23.288911693987707, 50.103964617316578 ], [ 23.278570674592974, 50.098424800479528 ], [ 23.277626462184482, 50.086884552358008 ], [ 23.267556466873796, 50.081517751407191 ], [ 23.257400952986345, 50.076054308106052 ], [ 23.256481939184678, 50.064513002856231 ], [ 23.246219072871746, 50.059037455857784 ], [ 23.236301567903389, 50.053677545810523 ], [ 23.225920537716522, 50.048134530154947 ], [ 23.216149272118813, 50.042837633524194 ], [ 23.215273558777756, 50.03129451033589 ], [ 23.204613651323044, 50.025596403410802 ], [ 23.195166333588531, 50.020449433063803 ], [ 23.194315246182256, 50.008905297518019 ], [ 23.183324560576473, 50.003024004996945 ], [ 23.174250678684476, 49.998055168068028 ], [ 23.163059980442323, 49.992062077059451 ], [ 23.154210485551665, 49.987200767006897 ], [ 23.153395742683717, 49.975655106681863 ], [ 23.141802132306804, 49.969439519710782 ], [ 23.133390599354584, 49.964795965914576 ], [ 23.12155930077007, 49.958447907797982 ], [ 23.113404090585345, 49.953932783979518 ], [ 23.112615620642909, 49.94238597986412 ], [ 23.10033390814554, 49.935789136871577 ], [ 23.092653304386591, 49.931518473848577 ], [ 23.091873721341898, 49.919971247691386 ], [ 23.079128184156971, 49.913117887981379 ], [ 23.071928341976815, 49.909099684920811 ], [ 23.058922237108618, 49.902100673713953 ], [ 23.051990469298612, 49.898224497034356 ], [ 23.051217700175808, 49.886676830560639 ], [ 23.037751363237522, 49.879422352314585 ], [ 23.031286345026896, 49.87579796094932 ], [ 23.017569418455192, 49.868402639920653 ], [ 23.011357072793295, 49.864915659393766 ], [ 23.010581533320099, 49.853367887034381 ], [ 22.996434564260404, 49.84573251747382 ], [ 22.990651455197561, 49.842482157763079 ], [ 22.976277185444282, 49.834717980349261 ], [ 22.970720184480637, 49.831593107937451 ], [ 22.969935977644106, 49.820045427583764 ], [ 22.96914641618142, 49.808497917194458 ], [ 22.954229549917446, 49.800429734591582 ], [ 22.949207872197022, 49.797605555466767 ], [ 22.934102566439186, 49.789429006667078 ], [ 22.929266871609393, 49.786709910199932 ], [ 22.913985210859511, 49.778431379302553 ], [ 22.909323515559297, 49.775810975893144 ], [ 22.908520271530087, 49.764263614310799 ], [ 22.907711819107909, 49.752716414342942 ], [ 22.892014560142837, 49.744201243781831 ], [ 22.887761685888595, 49.74181413016791 ], [ 22.871927429699515, 49.733217884949191 ], [ 22.867810419932635, 49.730908509543305 ], [ 22.866993193880933, 49.719361379296423 ], [ 22.850930626446374, 49.710631874636221 ], [ 22.847040011921429, 49.70845234006223 ], [ 22.830867907379176, 49.699656399554705 ], [ 22.827087173742623, 49.697539911988549 ], [ 22.810814589871541, 49.688682370819187 ], [ 22.807135255911092, 49.686624075458859 ], [ 22.79077063584279, 49.677709445591248 ], [ 22.787184824956341, 49.675704811581475 ], [ 22.786361256986826, 49.664157443667804 ], [ 22.785534529962678, 49.652610163796645 ], [ 22.768943116844731, 49.643559834645806 ], [ 22.765587253230116, 49.641687197832681 ], [ 22.748928395526658, 49.632592960022727 ], [ 22.745643201097845, 49.630760747808331 ], [ 22.744815651671516, 49.61921325739069 ], [ 22.728038102951107, 49.610044495181938 ], [ 22.724876802462575, 49.608283148740227 ], [ 22.724048628517394, 49.596735550922538 ], [ 22.70716816120655, 49.58750075545494 ], [ 22.704116132886476, 49.585801747553489 ], [ 22.703288114974061, 49.574254016404218 ], [ 22.686318436648925, 49.564960575560043 ], [ 22.683362978527953, 49.563316487793784 ], [ 22.682535801132126, 49.551768600867831 ], [ 22.665488808796109, 49.542422933873254 ], [ 22.662618892775988, 49.540827321654902 ], [ 22.645540522684634, 49.531457150168819 ], [ 22.642707931943413, 49.529882479989432 ], [ 22.64529665516374, 49.528182137717344 ], [ 22.660966218578519, 49.517731219202098 ], [ 22.660138192249317, 49.506183197024598 ], [ 22.662653243318726, 49.504528638699831 ], [ 22.681724508188093, 49.503924769856553 ], [ 22.697451113085613, 49.493420757111721 ], [ 22.699924819982208, 49.491790790771581 ], [ 22.715677895616039, 49.481261559526878 ], [ 22.714834365348285, 49.469714279633664 ], [ 22.713990027659285, 49.458167009500066 ], [ 22.713144957230394, 49.446619746697088 ], [ 22.712299224269451, 49.435072488941074 ], [ 22.714624092105851, 49.433536146745837 ], [ 22.730495860573772, 49.42291162561034 ], [ 22.729644711540661, 49.411364610829729 ], [ 22.731914898378939, 49.409862258828369 ], [ 22.747826538374444, 49.399201346996783 ], [ 22.74697017745768, 49.38765457035295 ], [ 22.746113428730823, 49.376107790080766 ], [ 22.745256342336265, 49.364561004531609 ], [ 22.74439896538016, 49.353014212156388 ], [ 22.743541342122437, 49.341467411499366 ], [ 22.745678418724342, 49.340048882483053 ], [ 22.761690224265877, 49.329302691437185 ], [ 22.760827901326522, 49.317756114275433 ], [ 22.759965444477629, 49.306209525223785 ], [ 22.759102888902898, 49.294662923118182 ], [ 22.758240267691676, 49.28311630686359 ], [ 22.757377611973848, 49.271569675429468 ], [ 22.756514951046089, 49.260023027845683 ], [ 22.755652312489996, 49.248476363198577 ], [ 22.738001304807792, 49.238753922372844 ], [ 22.719033972458295, 49.239370241883897 ], [ 22.716844974888261, 49.238158478460953 ], [ 22.715991172275388, 49.226611287246364 ], [ 22.717975653091543, 49.2252900365852 ], [ 22.736938121266988, 49.224680675476129 ], [ 22.753064783406806, 49.213836258513346 ], [ 22.735384021486862, 49.204089364986878 ], [ 22.733243583188646, 49.202904731945772 ], [ 22.732385775432903, 49.191357724265636 ], [ 22.734326470663696, 49.190063659915012 ], [ 22.7532751176606, 49.189451914633082 ], [ 22.769427691053053, 49.178578150272855 ], [ 22.75171223664254, 49.168808895759739 ], [ 22.749616473405915, 49.167649166437499 ], [ 22.748754834159801, 49.156102338075662 ], [ 22.750655165086204, 49.154833315971906 ], [ 22.769590014952204, 49.154219190749501 ], [ 22.771656334269636, 49.155355521591929 ], [ 22.78940574655844, 49.165141128523977 ], [ 22.805574502796283, 49.154241065617363 ], [ 22.804700019352804, 49.142694958559382 ], [ 22.806572392508123, 49.141442197538325 ], [ 22.822755391041163, 49.130522712308412 ], [ 22.824611717014033, 49.129279652237365 ], [ 22.840801540035564, 49.118347850514816 ], [ 22.842642192958099, 49.11711426547253 ], [ 22.858838491069452, 49.106170376404386 ], [ 22.860663827198671, 49.104946051446014 ], [ 22.879577240862417, 49.10431401435185 ], [ 22.895779790826264, 49.093352570327617 ], [ 22.894884893616702, 49.081807604218774 ], [ 22.8770556567952, 49.071987925901979 ], [ 22.875085432400443, 49.070899824608489 ], [ 22.874195471303466, 49.059354550848177 ], [ 22.873305830185664, 49.047809250247866 ], [ 22.875079783706152, 49.046617096877299 ], [ 22.891308392340019, 49.035627475462739 ], [ 22.89041509564381, 49.024082375221624 ], [ 22.889522150959376, 49.012537247043774 ], [ 22.871665009855004, 49.002685914976858 ], [ 22.852790404598608, 49.003321755027457 ], [ 22.836552273096096, 49.014313267319444 ], [ 22.834803429410183, 49.015505121101896 ], [ 22.815923167333565, 49.016135151387211 ] ] ], [ [ [ 18.788135232662317, 54.618016982515336 ], [ 18.777910546742888, 54.623542683324011 ], [ 18.766723573030486, 54.629538136150025 ], [ 18.766661294574583, 54.641098502471444 ], [ 18.75634281397474, 54.646665065244022 ], [ 18.745226116943673, 54.652615783670811 ], [ 18.734825895423597, 54.658218489808426 ], [ 18.723773953014415, 54.66412922406176 ], [ 18.723698047858765, 54.675689483693134 ], [ 18.713215326410985, 54.681326462610592 ], [ 18.702221673676462, 54.687199029858164 ], [ 18.713132137180782, 54.693124419859615 ], [ 18.724125822479166, 54.687250868730175 ], [ 18.734673215373395, 54.681648043380839 ], [ 18.745725778782127, 54.675737707237786 ], [ 18.756202128295591, 54.670170548402972 ], [ 18.767318607288068, 54.664220672645932 ], [ 18.777718888560845, 54.658691856150014 ], [ 18.788904156402385, 54.65269976683954 ], [ 18.799223508748529, 54.647211856883324 ], [ 18.810482217299903, 54.641174991724817 ], [ 18.810540845112225, 54.629614608048577 ], [ 18.820766824107494, 54.624172956577482 ], [ 18.832105611722, 54.618085929832723 ], [ 18.832158323366041, 54.606525487666801 ], [ 18.820871235442247, 54.600403246275022 ], [ 18.809530545383058, 54.606492005581039 ], [ 18.799396977231591, 54.611976033727856 ], [ 18.788135232662317, 54.618016982515336 ] ] ], [ [ [ 18.637792640794817, 54.710144421700605 ], [ 18.648535815714833, 54.715986414732768 ], [ 18.659379503772129, 54.710206996141871 ], [ 18.670107281116898, 54.70451370446677 ], [ 18.68099528800046, 54.698705421380815 ], [ 18.670201987567999, 54.69283910308021 ], [ 18.659314017378357, 54.698646422347679 ], [ 18.64863629009405, 54.704365958414627 ], [ 18.637792640794817, 54.710144421700605 ] ] ], [ [ [ 18.583984382178052, 54.727349109769726 ], [ 18.573250621163176, 54.733055195276464 ], [ 18.58386669251259, 54.738835469290009 ], [ 18.594600498425351, 54.733128449615286 ], [ 18.583984382178052, 54.727349109769726 ] ] ], [ [ [ 18.454462219775078, 54.773151941564166 ], [ 18.443838279804371, 54.778772332889922 ], [ 18.454309640773875, 54.784488498734838 ], [ 18.464933638252003, 54.77886719593107 ], [ 18.454462219775078, 54.773151941564166 ] ] ] ] } },
{ "type": "Feature", "properties": { "cykl": 4, "typ_martwego_drewna": "wszystkie", "prog_zasobnosci_m3ha": 10, "srednia_krajowa_m3ha": 11.148837381277966, "max_zasobnosci_m3ha": 51.562012639400123, "n_traktow": 10535, "wiarygodne": true }, "geometry": { "type": "MultiPolygon", "coordinates": [ [ [ [ 23.538143363194973, 50.285337439856981 ], [ 23.536231570681387, 50.296987885945299 ], [ 23.53393205181801, 50.308653432135515 ], [ 23.531266289797745, 50.32033321277099 ], [ 23.528251468314579, 50.332026528581011 ], [ 23.524901056554352, 50.343732823848185 ], [ 23.524610864091631, 50.344661515138625 ], [ 23.521236596367107, 50.355451227097902 ], [ 23.517262575367027, 50.367181530880629 ], [ 23.512983591068767, 50.378923521630533 ], [ 23.509303420324422, 50.388378071455421 ], [ 23.508407326488364, 50.390676864251539 ], [ 23.503555266865845, 50.402440687234666 ], [ 23.498410877597006, 50.41421559385077 ], [ 23.493321288523315, 50.425250580999325 ], [ 23.492974326961793, 50.426001535813974 ], [ 23.487281189356068, 50.437797094569312 ], [ 23.481295494340451, 50.449603617724442 ], [ 23.476913695183377, 50.457868696547862 ], [ 23.475027266039902, 50.461420670883179 ], [ 23.468499115636575, 50.473247335627981 ], [ 23.461668708955902, 50.485085191391192 ], [ 23.460206350248026, 50.487533647994169 ], [ 23.454584397199881, 50.49693232791752 ], [ 23.447205873620543, 50.508790238905782 ], [ 23.443263493479286, 50.514904975043912 ], [ 23.439549889121942, 50.520658225315834 ], [ 23.431619141262658, 50.532536126589399 ], [ 23.426132472629735, 50.540468370475388 ], [ 23.423394084503247, 50.544424627547933 ], [ 23.414906699231359, 50.556322447961975 ], [ 23.40884411789213, 50.5645378488246 ], [ 23.406118464936082, 50.568230987756777 ], [ 23.397071332515132, 50.580148588896407 ], [ 23.391422677241565, 50.587360136506071 ], [ 23.387730619476944, 50.59207649715632 ], [ 23.378123623582002, 50.604013610906527 ], [ 23.373887634502438, 50.609133428464155 ], [ 23.368247441623218, 50.615959970454035 ], [ 23.35808523327173, 50.627916135505806 ], [ 23.356254953837666, 50.630020210937538 ], [ 23.347698357912382, 50.639879734481738 ], [ 23.33853681574606, 50.650143926153824 ], [ 23.337015361010284, 50.651853369124289 ], [ 23.32612848034665, 50.663833524657889 ], [ 23.320744218492273, 50.669616681464802 ], [ 23.314989755936509, 50.67582192056809 ], [ 23.303601504339817, 50.687818396259381 ], [ 23.30288852177825, 50.688555957902004 ], [ 23.292056406276785, 50.699819457438338 ], [ 23.28497578216307, 50.707022723165956 ], [ 23.280279749872751, 50.711827803803118 ], [ 23.268310811262253, 50.723841922319139 ], [ 23.267015900811622, 50.725120995656951 ], [ 23.256222141393511, 50.735859098851833 ], [ 23.249013840003517, 50.742901766202962 ], [ 23.243956703200826, 50.74788137439937 ], [ 23.2315454628617, 50.759907565821408 ], [ 23.23097763482567, 50.760450745893188 ], [ 23.219083763094037, 50.771934170230544 ], [ 23.21291119128098, 50.777809001541229 ], [ 23.20650875011814, 50.783963441666991 ], [ 23.19482183846187, 50.795056363702628 ], [ 23.193843888034657, 50.795994497377436 ], [ 23.1811867802713, 50.808023803289501 ], [ 23.176713206213222, 50.812232435270779 ], [ 23.168500704820165, 50.820052676408913 ], [ 23.158591413057128, 50.829405369397506 ], [ 23.155792572343298, 50.832080860602517 ], [ 23.143129423007544, 50.844105964452673 ], [ 23.140460825296607, 50.84662458493132 ], [ 23.130534491411812, 50.856127179583325 ], [ 23.122326292226713, 50.86394571932243 ], [ 23.117981886720329, 50.868145444012981 ], [ 23.105513702170025, 50.880159289111781 ], [ 23.104192947407501, 50.881428490637738 ], [ 23.093197689064848, 50.892166363581808 ], [ 23.086065125990427, 50.899124425708941 ], [ 23.080979304310898, 50.904168627127873 ], [ 23.068890177356746, 50.916165007607233 ], [ 23.067948390713571, 50.91709990090515 ], [ 23.057009430667058, 50.928152793313764 ], [ 23.0498472688469, 50.935410411080412 ], [ 23.045268343408797, 50.940134434610066 ], [ 23.033707848796777, 50.952108559275437 ], [ 23.031767433193252, 50.95412552069277 ], [ 23.022375307311719, 50.964073589447459 ], [ 23.013714052044467, 50.973310014699763 ], [ 23.011209499092299, 50.976031699629786 ], [ 23.000280486408755, 50.98798053668218 ], [ 22.995692723552867, 50.993034660222378 ], [ 22.989561422215278, 50.999921087896169 ], [ 22.979039340603919, 51.011853855623215 ], [ 22.97770919501836, 51.013373032101292 ], [ 22.968776447323581, 51.023776779270563 ], [ 22.959769099967144, 51.034398470083318 ], [ 22.958692444762384, 51.035692654176771 ], [ 22.94886919782752, 51.047598758414445 ], [ 22.94187809800567, 51.05618569979594 ], [ 22.939232222797465, 51.059497674593764 ], [ 22.929830814321008, 51.071387791089919 ], [ 22.924041633714285, 51.078807991139264 ], [ 22.92062352431773, 51.083270559355341 ], [ 22.911633087729118, 51.095145265537653 ], [ 22.906264665160514, 51.102333890052662 ], [ 22.902831420134085, 51.107012900742639 ], [ 22.894233140851934, 51.118873022001345 ], [ 22.888551443686978, 51.126824486176574 ], [ 22.885808861058134, 51.130726654223068 ], [ 22.877578146473905, 51.142573187190457 ], [ 22.870905218094467, 51.152329719395567 ], [ 22.869501156739865, 51.154413983654656 ], [ 22.861609672026425, 51.16624802642864 ], [ 22.853852959112697, 51.178077028596142 ], [ 22.853327986841879, 51.178885185005278 ], [ 22.846267375771774, 51.189899821407913 ], [ 22.838809785422942, 51.201717857088568 ], [ 22.835820428644567, 51.206511021839539 ], [ 22.83149191646314, 51.213530776850284 ], [ 22.824302484265061, 51.225338977577934 ], [ 22.818381153031897, 51.235202583482895 ], [ 22.817227055123336, 51.237142955626005 ], [ 22.810275784728283, 51.24894240176274 ], [ 22.803425429580944, 51.260738095573814 ], [ 22.801008027911031, 51.264946067732069 ], [ 22.796679478157252, 51.272529942490323 ], [ 22.790030183399278, 51.284318212706253 ], [ 22.78369612876055, 51.295693450348161 ], [ 22.783468891696604, 51.296103203628689 ], [ 22.776995044198159, 51.307884948965075 ], [ 22.770601611450878, 51.319663690694348 ], [ 22.766441977628755, 51.327413576655658 ], [ 22.764283069758715, 51.331439620532684 ], [ 22.75803513884745, 51.343212888833946 ], [ 22.751857433230551, 51.354983519946366 ], [ 22.749238322787061, 51.360028621463023 ], [ 22.745739873728429, 51.366751848330424 ], [ 22.739682181533816, 51.37851789290098 ], [ 22.733686181873107, 51.390281605290468 ], [ 22.732078921384737, 51.393472008665249 ], [ 22.727736160389878, 51.402043496068011 ], [ 22.721839070873759, 51.413803351573563 ], [ 22.715996793283466, 51.425561120629631 ], [ 22.714957822825529, 51.427679806156455 ], [ 22.710188543543872, 51.437317470620783 ], [ 22.704428471941139, 51.44907195924003 ], [ 22.698718068608617, 51.460824546981677 ], [ 22.697869844569919, 51.46259667210628 ], [ 22.693033222692755, 51.47257600190764 ], [ 22.687393033994361, 51.484325726652507 ], [ 22.681799377368353, 51.496073669153766 ], [ 22.680811234026461, 51.498184224392269 ], [ 22.676227349820305, 51.507820618014151 ], [ 22.670697429612144, 51.519565934908307 ], [ 22.665213462974513, 51.531309505875221 ], [ 22.663780711939033, 51.534434318837185 ], [ 22.659752774226536, 51.5430520459972 ], [ 22.654333059211702, 51.554793006946447 ], [ 22.648962215067343, 51.566532148923976 ], [ 22.646781177274548, 51.571390843249439 ], [ 22.643623052142217, 51.578270013437823 ], [ 22.638326353827473, 51.590006270432916 ], [ 22.633086399157264, 51.601740483573906 ], [ 22.629822543294775, 51.609186100937009 ], [ 22.627894753127539, 51.613472921984439 ], [ 22.622751771470156, 51.625203581538649 ], [ 22.61768050014981, 51.636931758177319 ], [ 22.612926626825747, 51.648103685542353 ], [ 22.612684230781028, 51.648657360481195 ], [ 22.607750676777147, 51.660380776627242 ], [ 22.602913857434181, 51.672100970299759 ], [ 22.598182232203868, 51.683817694920158 ], [ 22.596162360039742, 51.689024690031836 ], [ 22.593557016544253, 51.69553092696669 ], [ 22.589058752713015, 51.707240051727211 ], [ 22.584710100121015, 51.718944392853707 ], [ 22.580527248686675, 51.730643474475123 ], [ 22.579636310518037, 51.733316945131413 ], [ 22.576524288910406, 51.74233688653311 ], [ 22.572732969103093, 51.754023682890853 ], [ 22.56917930944504, 51.765703094998244 ], [ 22.56589004380012, 51.777374334754199 ], [ 22.563731510102304, 51.785868050099118 ], [ 22.562895658273572, 51.789036501861084 ], [ 22.560233742060863, 51.800688482096199 ], [ 22.557939337718729, 51.812329239618791 ], [ 22.55604945337355, 51.823957679002639 ], [ 22.554602956656638, 51.83557264744617 ], [ 22.553639768733966, 51.847172957920179 ], [ 22.553199718597053, 51.858757422316224 ], [ 22.553321001968655, 51.870324896332896 ], [ 22.554038203989307, 51.881874337454619 ], [ 22.555379873807134, 51.893404876584114 ], [ 22.557365685761592, 51.904915902572711 ], [ 22.56000328771599, 51.91640715698194 ], [ 22.563285020300153, 51.92787883393742 ], [ 22.567184783705418, 51.939331677095318 ], [ 22.5716554163109, 51.950767062948621 ], [ 22.576627009705856, 51.962187057602186 ], [ 22.577937393649378, 51.964980453323541 ], [ 22.58202250408036, 51.97359394893261 ], [ 22.587708696603588, 51.984991745273611 ], [ 22.593542150489721, 51.996384788825459 ], [ 22.599373130983594, 52.007777640161329 ], [ 22.601932503038629, 52.012891716243097 ], [ 22.605044362207281, 52.019175118649102 ], [ 22.610390884564822, 52.030582307423465 ], [ 22.615271423672951, 52.042003587998408 ], [ 22.619567037849077, 52.053442672194031 ], [ 22.623184395933123, 52.064902491716936 ], [ 22.626058582268353, 52.076385102542154 ], [ 22.62815347948494, 52.087891665327433 ], [ 22.628244076319014, 52.088681934740762 ], [ 22.6294543442006, 52.099422668897596 ], [ 22.629904130491958, 52.10911028063871 ], [ 22.629992836210715, 52.110977156154149 ], [ 22.629785896220401, 52.122554608169409 ], [ 22.628887774358006, 52.134153342389773 ], [ 22.627357000920735, 52.145771533917511 ], [ 22.62525787491747, 52.15740717323505 ], [ 22.622656935849609, 52.169058178439073 ], [ 22.619620176141268, 52.180722484139238 ], [ 22.616388458514592, 52.191746156816933 ], [ 22.616204018539847, 52.192398320899656 ], [ 22.612334662959654, 52.204087913924873 ], [ 22.608187975761734, 52.215785830605682 ], [ 22.603815444901539, 52.227490464837324 ], [ 22.599847528912399, 52.237605540101427 ], [ 22.599238657683365, 52.239201130165803 ], [ 22.59434813988408, 52.250921138001971 ], [ 22.589341829774988, 52.26264442139933 ], [ 22.584252847199021, 52.274369957868942 ], [ 22.582796526757583, 52.277542986198732 ], [ 22.578945789347681, 52.28610184451572 ], [ 22.573537535167777, 52.297836509005293 ], [ 22.568113799728316, 52.30957134399663 ], [ 22.565518425084424, 52.315017794178836 ], [ 22.56256272009265, 52.321309724873039 ], [ 22.556908515336058, 52.333050902337831 ], [ 22.551284127254817, 52.344790860129663 ], [ 22.548116435927113, 52.351292602752579 ], [ 22.545585897469273, 52.356532716789076 ], [ 22.539788113702713, 52.368277231932787 ], [ 22.534050373128306, 52.380019612345187 ], [ 22.530637361305629, 52.386941418363911 ], [ 22.528268501739159, 52.391762980515814 ], [ 22.522393577369975, 52.403508788890093 ], [ 22.516598918723158, 52.415251861740536 ], [ 22.513108074159739, 52.422296068468022 ], [ 22.510776002229036, 52.426995437626914 ], [ 22.504867122972964, 52.438741224305652 ], [ 22.49905223431854, 52.450483878123443 ], [ 22.495544945972469, 52.457560809389705 ], [ 22.493218275010818, 52.462226756775493 ], [ 22.487303960522457, 52.473971665947538 ], [ 22.481493184423631, 52.48571317538098 ], [ 22.47795866284779, 52.492870978914183 ], [ 22.475670980675837, 52.497454682339573 ], [ 22.469770675935326, 52.50919814219597 ], [ 22.463980759065368, 52.520938019558805 ], [ 22.460356834382683, 52.528324876968675 ], [ 22.458189292079108, 52.532677605965027 ], [ 22.452316867674174, 52.54441921962237 ], [ 22.446559880182679, 52.556157124044063 ], [ 22.442745448438249, 52.564001632043933 ], [ 22.440816324870479, 52.567894304883943 ], [ 22.434982136309056, 52.579633786325239 ], [ 22.429267131886807, 52.591369472055561 ], [ 22.425129659796127, 52.599970939868875 ], [ 22.423587885689113, 52.603103794666545 ], [ 22.417799827021433, 52.614840935601215 ], [ 22.412133617552382, 52.626574227348691 ], [ 22.407514137685357, 52.636297352241357 ], [ 22.406534573898536, 52.638305262592702 ], [ 22.400798402042504, 52.650039921217008 ], [ 22.395185679314523, 52.661770708905429 ], [ 22.38990305906875, 52.673040091369145 ], [ 22.389681857975891, 52.673498060982574 ], [ 22.384000953268174, 52.685230167131451 ], [ 22.378443893016897, 52.696958415522758 ], [ 22.37300750026608, 52.708682915333618 ], [ 22.372297479015213, 52.71021887772573 ], [ 22.367423117076626, 52.720411322260325 ], [ 22.361920535944829, 52.732137092907067 ], [ 22.356536813677867, 52.743859189703102 ], [ 22.354701419787407, 52.74789235208474 ], [ 22.351069492645081, 52.755583355818139 ], [ 22.345615588190245, 52.767306840050921 ], [ 22.340276764018256, 52.779026779297823 ], [ 22.337114916754004, 52.786068038920064 ], [ 22.334928572772547, 52.790746691567662 ], [ 22.329511255956181, 52.802468253850783 ], [ 22.324202744094276, 52.814186467489797 ], [ 22.319532570281005, 52.824682366607469 ], [ 22.318966164250568, 52.825902380265887 ], [ 22.313564991457728, 52.837622611324882 ], [ 22.308263223502948, 52.849339773267317 ], [ 22.303053675789556, 52.861054080492714 ], [ 22.301941847904398, 52.863576938081096 ], [ 22.297701031253364, 52.872772087386515 ], [ 22.292370924157929, 52.884489177165641 ], [ 22.287118434799368, 52.896203827345829 ], [ 22.284323371538797, 52.902500458656711 ], [ 22.281800587969318, 52.907920002775533 ], [ 22.276392723466781, 52.919638374749255 ], [ 22.271043062108319, 52.931354845875269 ], [ 22.266647435473846, 52.941060680924515 ], [ 22.265691013189109, 52.943071091309974 ], [ 22.260138667098033, 52.954792544883595 ], [ 22.25461952160369, 52.966512777235444 ], [ 22.249121255692302, 52.978232130421141 ], [ 22.248876478615809, 52.978754379405345 ], [ 22.24335074035405, 52.989958611988733 ], [ 22.237568903597587, 53.001685068625299 ], [ 22.231774741357878, 53.013411525903763 ], [ 22.230970296188385, 53.015034495530486 ], [ 22.225692354659746, 53.025145472051584 ], [ 22.219531399909044, 53.036881180181211 ], [ 22.213318081168186, 53.048617928869035 ], [ 22.212893828035423, 53.049413350827251 ], [ 22.20673980619512, 53.060364142754992 ], [ 22.200058664858233, 53.072112703020444 ], [ 22.194622962009994, 53.081541648137176 ], [ 22.193211479945674, 53.083865288101748 ], [ 22.185977178501226, 53.095627791048365 ], [ 22.178610063912867, 53.107393340779609 ], [ 22.176148305620796, 53.111262182055547 ], [ 22.170847739200418, 53.119168906821905 ], [ 22.162796178418368, 53.13095159033805 ], [ 22.157472905019731, 53.138582950567638 ], [ 22.154416930138407, 53.142742349280539 ], [ 22.145574701940497, 53.154544687910168 ], [ 22.138608265939606, 53.16362665112878 ], [ 22.136404819374793, 53.166354931922143 ], [ 22.126658275350763, 53.178179544205271 ], [ 22.11956967021888, 53.186569271079087 ], [ 22.116506691160996, 53.190013884174014 ], [ 22.105736083745292, 53.201863426855823 ], [ 22.100374723615353, 53.207621640783564 ], [ 22.094395376839906, 53.213726726683696 ], [ 22.082476421948858, 53.225603826141068 ], [ 22.08104138820557, 53.227003279135523 ], [ 22.069723995099938, 53.237501124748768 ], [ 22.061582818484251, 53.244870632084172 ], [ 22.056307297654609, 53.249414005144132 ], [ 22.042128840628219, 53.261344726065957 ], [ 22.042016044136538, 53.261437730180134 ], [ 22.026902202979016, 53.27330028521763 ], [ 22.022349124849903, 53.276796140033696 ], [ 22.010747394434109, 53.285277238338168 ], [ 22.002595362213263, 53.291113948876124 ], [ 21.993554502975343, 53.297277959932785 ], [ 21.982763147583814, 53.30449265626492 ], [ 21.975205228621256, 53.309304943773469 ], [ 21.962859886680654, 53.317021828997859 ], [ 21.955572018676797, 53.321360807251253 ], [ 21.942892108778366, 53.328780376172929 ], [ 21.934517059650055, 53.333448295848619 ], [ 21.922865567890824, 53.339837739728715 ], [ 21.911891123467193, 53.345570287048865 ], [ 21.902785335067449, 53.350254987426915 ], [ 21.887532269514164, 53.357729792758711 ], [ 21.88265588159922, 53.360085803802271 ], [ 21.862480809578805, 53.369372256010237 ], [ 21.861206145551925, 53.369931356671522 ], [ 21.842262274733464, 53.378135761865011 ], [ 21.832440669151513, 53.382184867438312 ], [ 21.822004973338693, 53.386436638947224 ], [ 21.80171159836372, 53.39430633411552 ], [ 21.801217027158099, 53.394488979102633 ], [ 21.781382239725204, 53.401737238521903 ], [ 21.766633381106114, 53.406862651308188 ], [ 21.761021681284241, 53.408793910829687 ], [ 21.740630005186308, 53.415469642708821 ], [ 21.728277413702187, 53.419312357244905 ], [ 21.720210040650869, 53.421800499842256 ], [ 21.69976251951109, 53.427790493117485 ], [ 21.685131969867466, 53.431857309651768 ], [ 21.679289765864578, 53.433469019174318 ], [ 21.65879181531983, 53.438829693423862 ], [ 21.63827159627737, 53.443912570767736 ], [ 21.635649373742417, 53.44452644759464 ], [ 21.617728138330822, 53.448695539714137 ], [ 21.597164019491039, 53.453213903673699 ], [ 21.577103213691213, 53.457370705519153 ], [ 21.576580268962964, 53.457478481681896 ], [ 21.555976015539986, 53.461468795389187 ], [ 21.535353700975243, 53.465219259566794 ], [ 21.51471397018928, 53.468735002188623 ], [ 21.503601142468799, 53.470500332715453 ], [ 21.494056825032992, 53.4720103416794 ], [ 21.473382823123679, 53.475048946365305 ], [ 21.452693181163209, 53.47786601447288 ], [ 21.431988390919219, 53.480464573308659 ], [ 21.411268913149168, 53.48284719445752 ], [ 21.398005530800965, 53.48423283621176 ], [ 21.390534908042223, 53.485011183100404 ], [ 21.369786663687201, 53.48695603290227 ], [ 21.349025046643963, 53.488691672476186 ], [ 21.328250422376382, 53.490219227220067 ], [ 21.30746313829075, 53.491539520559172 ], [ 21.286663526108885, 53.492653104855776 ], [ 21.265851904169722, 53.493560292608755 ], [ 21.245028579667252, 53.494261188124185 ], [ 21.224193850830464, 53.494755719806491 ], [ 21.203348009048799, 53.495043673190636 ], [ 21.182491340945038, 53.495124724813678 ], [ 21.161624130396181, 53.494998477004181 ], [ 21.140746660501861, 53.494664493651975 ], [ 21.119859215498874, 53.494122337009721 ], [ 21.098962082619963, 53.493371605568463 ], [ 21.078055553894377, 53.492411973043033 ], [ 21.05713992788759, 53.491243228500792 ], [ 21.049204426576367, 53.490725039992853 ], [ 21.036215087097666, 53.489856462997523 ], [ 21.015281449644608, 53.488253684571774 ], [ 20.99433960749213, 53.486440685127221 ], [ 20.973389905964527, 53.484418186671668 ], [ 20.952432704866855, 53.482187253107696 ], [ 20.941768378721175, 53.480954717156607 ], [ 20.931467842168885, 53.479737504719061 ], [ 20.910495643608392, 53.477068952969205 ], [ 20.889517084729629, 53.474196229390131 ], [ 20.868532601638865, 53.471122348904423 ], [ 20.865211376135463, 53.470609957327987 ], [ 20.847541453969406, 53.467823378584015 ], [ 20.826545063708309, 53.464324629616172 ], [ 20.805544164294151, 53.46063637846126 ], [ 20.802133209255739, 53.460013772495032 ], [ 20.784537868379694, 53.456730744049779 ], [ 20.76352786117452, 53.452640580476277 ], [ 20.746866523792022, 53.449270471559281 ], [ 20.742514604325592, 53.448370459457152 ], [ 20.721497565983487, 53.443900610998583 ], [ 20.700478936342506, 53.439278434386004 ], [ 20.696699354391882, 53.438429415878247 ], [ 20.679457592073359, 53.434469714403207 ], [ 20.658435649474203, 53.429521684575271 ], [ 20.650069054878887, 53.4275186056976 ], [ 20.637412772202808, 53.42442022855785 ], [ 20.61639024079728, 53.419193112623617 ], [ 20.605905786955788, 53.416556556701863 ], [ 20.595368475831297, 53.413846618576436 ], [ 20.574348337945558, 53.408399288614412 ], [ 20.563426360506728, 53.405556248898726 ], [ 20.553330604831288, 53.402868411173131 ], [ 20.5323160779873, 53.397272904305694 ], [ 20.521971904145122, 53.394527869411881 ], [ 20.511305555948613, 53.391632674302961 ], [ 20.49030004516619, 53.385974722504457 ], [ 20.480925921660717, 53.383480127201999 ], [ 20.469300136735736, 53.380315555932178 ], [ 20.448307155825898, 53.374694288236903 ], [ 20.439631643644141, 53.372421360979843 ], [ 20.427321423545234, 53.369122334319577 ], [ 20.406344482140707, 53.363648875245232 ], [ 20.397282688404694, 53.36136075330537 ], [ 20.38537655705704, 53.35828551043727 ], [ 20.36441901586263, 53.35308031215385 ], [ 20.352741105633356, 53.350310085921585 ], [ 20.343472483209091, 53.348060751883736 ], [ 20.322537387849053, 53.343249716672567 ], [ 20.304177879517763, 53.339286911979727 ], [ 20.301615663765876, 53.338720992061411 ], [ 20.280705575914222, 53.334430742298849 ], [ 20.259810195440554, 53.330495277691931 ], [ 20.247129066195505, 53.328333075192461 ], [ 20.238928647514577, 53.326902599647255 ], [ 20.218060754874259, 53.323664332310251 ], [ 20.19720802532693, 53.320853077766472 ], [ 20.176370258166841, 53.318484447877765 ], [ 20.166592185355906, 53.317584077740534 ], [ 20.155546384359841, 53.316542990080301 ], [ 20.13473645802986, 53.315054408626494 ], [ 20.113940677519523, 53.314051825932296 ], [ 20.093158466870491, 53.313540535425368 ], [ 20.072389185355124, 53.313523606526537 ], [ 20.051632138801946, 53.314002128712161 ], [ 20.030886590908725, 53.31497548561596 ], [ 20.01015177424933, 53.316441650762634 ], [ 19.989426900718609, 53.318397496751608 ], [ 19.982280966007021, 53.319244058146815 ], [ 19.968710350339315, 53.320802865279482 ], [ 19.94800148020974, 53.323658157327017 ], [ 19.927299950358755, 53.326977759832559 ], [ 19.906604987751024, 53.330756924844664 ], [ 19.903330602922956, 53.331431379719092 ], [ 19.885914230669538, 53.334913784965295 ], [ 19.865228085454454, 53.339495439880956 ], [ 19.84919171807605, 53.343392299703645 ], [ 19.844545708044897, 53.344490295239311 ], [ 19.823865166094656, 53.349829161125747 ], [ 19.804349173032772, 53.355266246825401 ], [ 19.803187269649904, 53.355581650915489 ], [ 19.782509470187811, 53.361641369926076 ], [ 19.765115332795624, 53.367087427025517 ], [ 19.761832791032145, 53.368090692367332 ], [ 19.74115518491017, 53.37484425666878 ], [ 19.729538034423619, 53.378873336408859 ], [ 19.720476962492597, 53.381946695430848 ], [ 19.699797268703556, 53.389376816624271 ], [ 19.696489889940743, 53.390633839180033 ], [ 19.679115136723851, 53.39710388453409 ], [ 19.665682734141697, 53.402372651770605 ], [ 19.658430693219348, 53.405164193747396 ], [ 19.637743191848276, 53.413540383137295 ], [ 19.636439437674035, 53.414095127122735 ], [ 19.617051780377942, 53.422205516758858 ], [ 19.608847071534985, 53.42580197629205 ], [ 19.596356502463113, 53.431193005658287 ], [ 19.582400069577464, 53.437496815087997 ], [ 19.57565684915669, 53.44050018635599 ], [ 19.557010860417439, 53.449180816981631 ], [ 19.554952351850254, 53.450127155493853 ], [ 19.534242486259409, 53.460069654033468 ], [ 19.532674191253644, 53.460854683762292 ], [ 19.513526887601948, 53.470336027356367 ], [ 19.509292617394518, 53.472519477610767 ], [ 19.492805252250196, 53.480941365767528 ], [ 19.486717734981312, 53.484176366912457 ], [ 19.47207716630712, 53.491893542048253 ], [ 19.464899079542587, 53.495826007960424 ], [ 19.451342219496325, 53.503202301817055 ], [ 19.443789991619987, 53.50746899073981 ], [ 19.430599998881181, 53.514879099586018 ], [ 19.423347093216027, 53.519105847163537 ], [ 19.409850083117711, 53.52693694260072 ], [ 19.403529929507876, 53.530737057716024 ], [ 19.389092037183971, 53.539390239148339 ], [ 19.384300738824678, 53.542363056913509 ], [ 19.368325407548429, 53.552254648774216 ], [ 19.365624319762453, 53.553984237890681 ], [ 19.347549717754163, 53.565546932416403 ], [ 19.347467969297035, 53.565600956346607 ], [ 19.329891004813394, 53.577213287179177 ], [ 19.326764427267442, 53.579279984714674 ], [ 19.312781352527495, 53.588821780372328 ], [ 19.305969047533758, 53.593477620558282 ], [ 19.296107996944862, 53.600426714546096 ], [ 19.285163012249171, 53.60815929600426 ], [ 19.279845202356373, 53.612028333548018 ], [ 19.264345716617289, 53.623344728540971 ], [ 19.263970002869186, 53.623626856603387 ], [ 19.248578040686191, 53.635222240513208 ], [ 19.243516510008686, 53.639052775809141 ], [ 19.233534166868132, 53.646814936499226 ], [ 19.222674722021402, 53.655306031255371 ], [ 19.218811733077892, 53.658405125456191 ], [ 19.20444940972429, 53.669992860859558 ], [ 19.201819631402753, 53.672126295923633 ], [ 19.19045105463162, 53.681578267036862 ], [ 19.180950471737031, 53.689535526496684 ], [ 19.176719490623693, 53.693161615851665 ], [ 19.163302430699879, 53.70474293478572 ], [ 19.160066430184926, 53.707555693737632 ], [ 19.150196866351724, 53.716322334022188 ], [ 19.139166646792471, 53.726208694368253 ], [ 19.137317010445628, 53.727900014807759 ], [ 19.124752442312623, 53.739475957350002 ], [ 19.118250230355226, 53.745522075298581 ], [ 19.112414009359121, 53.751050345088629 ], [ 19.100312355643489, 53.76262323952588 ], [ 19.097316208040059, 53.76551347872487 ], [ 19.088468006827235, 53.774194697778761 ], [ 19.07680660270157, 53.785764844285126 ], [ 19.076363581254206, 53.786208148706095 ], [ 19.065413492733754, 53.79733368638712 ], [ 19.055391308716327, 53.807640761590129 ], [ 19.054181814637442, 53.808901349349668 ], [ 19.043190381129907, 53.820467850615373 ], [ 19.034398266733671, 53.82983632749923 ], [ 19.0323600606634, 53.832033278023381 ], [ 19.021744641633234, 53.843597665873361 ], [ 19.013383277693212, 53.852825932607523 ], [ 19.011287635926386, 53.85516107691604 ], [ 19.00102869477923, 53.866723552596731 ], [ 18.992345094158143, 53.876646945378212 ], [ 18.990922312010692, 53.878285140622573 ], [ 18.981001627815942, 53.889845885110631 ], [ 18.971282383121888, 53.901341828454655 ], [ 18.971228568879241, 53.901405823297353 ], [ 18.961629280231755, 53.912964999892708 ], [ 18.952179141312509, 53.924523447056259 ], [ 18.950193678622487, 53.926986380905049 ], [ 18.942884239913834, 53.936081203167319 ], [ 18.9337419399472, 53.947638303072331 ], [ 18.929077400091881, 53.953628557815804 ], [ 18.924745782188193, 53.959194777815284 ], [ 18.915897355846035, 53.970750661574129 ], [ 18.907931818559259, 53.981335095175645 ], [ 18.907199775742029, 53.982305989614673 ], [ 18.898632483586574, 53.993860777564315 ], [ 18.890220792840474, 54.005415076608791 ], [ 18.886754807909874, 54.010264978217883 ], [ 18.881940870339136, 54.016968896198918 ], [ 18.873801212088264, 54.02852227266002 ], [ 18.865820400145239, 54.040075255380728 ], [ 18.865544206951693, 54.040483483362131 ], [ 18.857944256159861, 54.051627812161463 ], [ 18.850227284783617, 54.063180031602776 ], [ 18.84429697638797, 54.072250818550437 ], [ 18.84265715766006, 54.074731928345201 ], [ 18.835194302128503, 54.086283476038737 ], [ 18.82789575856728, 54.097834776366675 ], [ 18.823009837866167, 54.105753243037682 ], [ 18.820735919496023, 54.1093858211824 ], [ 18.813684370373426, 54.120936588267476 ], [ 18.806799781574824, 54.132487190927797 ], [ 18.801678506789692, 54.141302252565971 ], [ 18.800060224523833, 54.144037621458089 ], [ 18.793415505852519, 54.155587818183704 ], [ 18.786939523539179, 54.167137927644838 ], [ 18.78063330092678, 54.178687978955764 ], [ 18.780297417381572, 54.179323499547912 ], [ 18.774395724202073, 54.190237809490853 ], [ 18.768321731473993, 54.201787612586521 ], [ 18.762417724523242, 54.213337425612238 ], [ 18.758858424951928, 54.220526033165136 ], [ 18.75663991078169, 54.224887185127429 ], [ 18.750959892042928, 54.236436850632195 ], [ 18.745448661572393, 54.247986585911661 ], [ 18.740106271699315, 54.259536414196646 ], [ 18.737351247918706, 54.26571182390088 ], [ 18.734874951092038, 54.271086230887789 ], [ 18.729745733677049, 54.282636030352627 ], [ 18.724782126334723, 54.294185970543545 ], [ 18.719983467281491, 54.305736070309564 ], [ 18.715759762882119, 54.316272320386084 ], [ 18.715337642450763, 54.317286320686343 ], [ 18.710739692601329, 54.328836487711186 ], [ 18.706301450431571, 54.34038684909423 ], [ 18.702021498235151, 54.351937418873248 ], [ 18.69789824836743, 54.363488209825299 ], [ 18.694056746887018, 54.374674671895427 ], [ 18.693925858892843, 54.375039223104181 ], [ 18.689984548229514, 54.386590166044876 ], [ 18.693967916211953, 54.386618661928019 ], [ 18.694001841703908, 54.386600413004309 ], [ 18.715352925019449, 54.375194198185618 ], [ 18.71554258341979, 54.375092087557199 ], [ 18.736726042122044, 54.363769228170888 ], [ 18.758019261152551, 54.363919905944527 ], [ 18.779312639722161, 54.364067902109809 ], [ 18.800606175320663, 54.364213070663489 ], [ 18.801550819240486, 54.363703100547646 ], [ 18.821949914207423, 54.352782412771816 ], [ 18.843237767795749, 54.352922434772786 ], [ 18.844564453533341, 54.35220514416261 ], [ 18.864563822992043, 54.341486797210088 ], [ 18.885845989704144, 54.341620452131366 ], [ 18.907128298537426, 54.341750078420901 ], [ 18.928410744593481, 54.341875443245769 ], [ 18.947339991363791, 54.352293736957755 ], [ 18.949679191141396, 54.353565935539855 ], [ 18.952021497372691, 54.352295688576191 ], [ 18.970976026398343, 54.342112423160764 ], [ 18.992258849914219, 54.342223546260001 ], [ 19.013541786169515, 54.342329429459234 ], [ 19.034824827778536, 54.342429830108728 ], [ 19.056107966863003, 54.342524512146305 ], [ 19.077391195074455, 54.342613248949405 ], [ 19.098674503625105, 54.342695826038629 ], [ 19.119957883326418, 54.342772043562377 ], [ 19.14124132463445, 54.342841718500352 ], [ 19.162524817700717, 54.342904686533792 ], [ 19.183808352427167, 54.342960803543107 ], [ 19.200626780145647, 54.352138489997159 ], [ 19.205149536607237, 54.354580478742726 ], [ 19.226439105430718, 54.354622957524256 ], [ 19.247728685252699, 54.354658300353833 ], [ 19.269018265536332, 54.354686444392051 ], [ 19.290307835771042, 54.354707348970535 ], [ 19.306453025035715, 54.363477242337709 ], [ 19.3116849732729, 54.366292827482162 ], [ 19.332980480392806, 54.366299670096716 ], [ 19.354275946950274, 54.366299264609175 ], [ 19.375571362947159, 54.366291644823569 ], [ 19.391283352976377, 54.374793143773807 ], [ 19.396978332419465, 54.377849637617793 ], [ 19.418279611489265, 54.377828158392347 ], [ 19.433801286151841, 54.386208914902596 ], [ 19.439704491522775, 54.389372426734589 ], [ 19.461011601080681, 54.38933730925234 ], [ 19.476364814562459, 54.397609554455848 ], [ 19.482454376260623, 54.400868051642838 ], [ 19.503767285294352, 54.400819576309601 ], [ 19.518972970313374, 54.408995024500115 ], [ 19.525227941369796, 54.412337020351664 ], [ 19.546546620544095, 54.412275512372013 ], [ 19.561624659603972, 54.420365289015216 ], [ 19.568025144505757, 54.423779908478878 ], [ 19.583037909617662, 54.431824886047721 ], [ 19.589515656602206, 54.435277631847484 ], [ 19.604468179647995, 54.443280609015105 ], [ 19.611018160809948, 54.446768730487761 ], [ 19.625915382506218, 54.454732450944434 ], [ 19.632532661214551, 54.458253253216519 ], [ 19.639040310756162, 54.454663759711416 ], [ 19.65369031028645, 54.446589960407898 ], [ 19.675026140618325, 54.446491549705414 ], [ 19.696361799552502, 54.446387285577011 ], [ 19.717697281011844, 54.446277287851615 ], [ 19.739032579115555, 54.446161673415574 ], [ 19.760367688164855, 54.446040555854616 ], [ 19.781702602629586, 54.445914045200524 ], [ 19.803037317135836, 54.445782247770083 ], [ 19.809715763258001, 54.442079504375329 ], [ 19.824139474193863, 54.434073536923464 ], [ 19.845467762301208, 54.433931558699328 ], [ 19.866795835719181, 54.43378460718214 ], [ 19.888123689601048, 54.433632772461564 ], [ 19.909451319209644, 54.433476141117062 ], [ 19.930778719911839, 54.433314796377012 ], [ 19.952105887174035, 54.43314881829852 ], [ 19.95878801561004, 54.429427159450555 ], [ 19.973158578191661, 54.421406817569938 ], [ 19.99447926225719, 54.421231987286923 ], [ 20.015799700398297, 54.421052756594904 ], [ 20.037119888444572, 54.420869193952988 ], [ 20.058439822312824, 54.420681365684516 ], [ 20.079759498006503, 54.420489336165836 ], [ 20.101078911615382, 54.420293168003631 ], [ 20.122398059315444, 54.42009292219845 ], [ 20.129004029121077, 54.416394669616203 ], [ 20.14339489843131, 54.408318206224926 ], [ 20.164707508135297, 54.408110222110963 ], [ 20.186019841446093, 54.407898338403577 ], [ 20.207331894867909, 54.407682610243498 ], [ 20.228643664988105, 54.407463091723102 ], [ 20.249955148475781, 54.407239835929531 ], [ 20.27126634207977, 54.407012894964531 ], [ 20.292577242625974, 54.406782319940113 ], [ 20.299079623752704, 54.403123251094797 ], [ 20.313518099455823, 54.394978962144464 ], [ 20.334822416748352, 54.394741514202799 ], [ 20.356126432207724, 54.394500577178199 ], [ 20.377430142901062, 54.394256197080658 ], [ 20.398733545944598, 54.394008418557632 ], [ 20.420036638495006, 54.39375728474576 ], [ 20.426468688282306, 54.390123534340674 ], [ 20.440934009056782, 54.381934338097281 ], [ 20.462230489736339, 54.381676841076299 ], [ 20.48352665171624, 54.38141610212984 ], [ 20.504822492179997, 54.381152156010856 ], [ 20.526118008290027, 54.380885034961153 ], [ 20.547413197171725, 54.380614768461434 ], [ 20.568708055896465, 54.380341382972638 ], [ 20.590002581463551, 54.380064901671624 ], [ 20.59639690762754, 54.37643379740431 ], [ 20.610843798165401, 54.368217725740138 ], [ 20.632131670317182, 54.367935282060095 ], [ 20.653419199729335, 54.367649782736088 ], [ 20.674706382910312, 54.367361235258933 ], [ 20.695993216200392, 54.367069642660283 ], [ 20.717279695751639, 54.366775003308788 ], [ 20.738565817508309, 54.366477310731618 ], [ 20.759851577187998, 54.366176553466431 ], [ 20.781136970263844, 54.365872714948019 ], [ 20.802421991948069, 54.365565773434071 ], [ 20.808882482172717, 54.361873623073784 ], [ 20.8231942187588, 54.353688767023378 ], [ 20.844472509001811, 54.353375652073716 ], [ 20.865750411979814, 54.353059335649185 ], [ 20.887027921779964, 54.352739776450264 ], [ 20.908305032183303, 54.352416928411827 ], [ 20.929581736662474, 54.35209074091653 ], [ 20.95085802838247, 54.351761159059329 ], [ 20.972133900204664, 54.351428123961718 ], [ 20.993409344694001, 54.351091573133083 ], [ 21.014684354129585, 54.350751440876159 ], [ 21.035958920518354, 54.350407658732237 ], [ 21.057233035611997, 54.350060155961224 ], [ 21.078506690926766, 54.34970886005074 ], [ 21.099779877766043, 54.34935369724807 ], [ 21.10649547572487, 54.345481711996165 ], [ 21.120456965272606, 54.337428759180199 ], [ 21.141723227572676, 54.337065836295658 ], [ 21.162988995489286, 54.33669883799346 ], [ 21.184254259824218, 54.336327692065424 ], [ 21.20551901130629, 54.335952327719966 ], [ 21.226783240622648, 54.335572676092994 ], [ 21.23359182500602, 54.331631611047428 ], [ 21.247415974974533, 54.323623460261352 ], [ 21.268673183494112, 54.323235338011713 ], [ 21.283291353944321, 54.33070099393219 ], [ 21.290572702485331, 54.334407347798582 ], [ 21.31183475027575, 54.334009913322483 ], [ 21.333096229802536, 54.333607892039694 ], [ 21.354357132147271, 54.333201235661662 ], [ 21.375617448554962, 54.332789900455452 ], [ 21.382512297158119, 54.32878174069117 ], [ 21.396204603201898, 54.320811148886321 ], [ 21.41745778597711, 54.320390780405013 ], [ 21.438710359589013, 54.319965649491991 ], [ 21.459962316144232, 54.319535731550829 ], [ 21.481213647998132, 54.319101006952032 ], [ 21.502464347766136, 54.318661461008858 ], [ 21.523714408332605, 54.318217083914021 ], [ 21.544963822857252, 54.317767870639933 ], [ 21.566212584779212, 54.317313820805936 ], [ 21.580831677998074, 54.324700525275169 ], [ 21.588186616423044, 54.328413103907366 ], [ 21.609439974992977, 54.327948823147089 ], [ 21.630692661389318, 54.327479720511349 ], [ 21.651944670222644, 54.327005813511015 ], [ 21.673195996375405, 54.326527123283455 ], [ 21.694446634993906, 54.326043674327124 ], [ 21.715696581478934, 54.325555494228112 ], [ 21.736945831475214, 54.325062613381711 ], [ 21.758194380859877, 54.324565064711756 ], [ 21.779442225730033, 54.324062883390532 ], [ 21.79429826145623, 54.331507814434772 ], [ 21.801474952280703, 54.335107686105317 ], [ 21.82272729007957, 54.334595748302831 ], [ 21.843978911994405, 54.334079295787198 ], [ 21.865229814934018, 54.333558370946221 ], [ 21.886479995956343, 54.333033017042226 ], [ 21.907729452253658, 54.332503277970986 ], [ 21.928978181137939, 54.331969198032439 ], [ 21.950226180026306, 54.331430821713774 ], [ 21.971473446426792, 54.330888193485201 ], [ 21.992719977924381, 54.330341357608802 ], [ 22.013965772167435, 54.329790357960441 ], [ 22.035210826854534, 54.329235237864893 ], [ 22.056455139721791, 54.328676039944099 ], [ 22.071859085805354, 54.336321694889328 ], [ 22.078561712417528, 54.339656689700455 ], [ 22.099810447176807, 54.339088958794179 ], [ 22.121058433271397, 54.338517281698422 ], [ 22.142305668494622, 54.337941697086443 ], [ 22.163552150617775, 54.337362242302333 ], [ 22.18479787738071, 54.336778953283854 ], [ 22.206042846483079, 54.336191864496477 ], [ 22.227287055576166, 54.335601008877937 ], [ 22.248530502255374, 54.335006417792862 ], [ 22.269773184053342, 54.334408120997303 ], [ 22.291015098433697, 54.333806146612382 ], [ 22.312256242785423, 54.333200521106946 ], [ 22.32826115915859, 54.341082714430364 ], [ 22.33443122445383, 54.344129820230656 ], [ 22.355676737312216, 54.343516590843876 ], [ 22.376921471659035, 54.342899786902017 ], [ 22.398165424518979, 54.342279427862046 ], [ 22.419408592820783, 54.341655531539722 ], [ 22.44065097339552, 54.341028114139142 ], [ 22.456957411514662, 54.349028454641193 ], [ 22.462863371094095, 54.351933760997603 ], [ 22.484110087093033, 54.351299019094682 ], [ 22.50535600489923, 54.3506607993221 ], [ 22.526601120912183, 54.350019111384029 ], [ 22.547845431432215, 54.349373963599206 ], [ 22.569088932662055, 54.348725362959939 ], [ 22.590331620708767, 54.348073315193702 ], [ 22.611573491586107, 54.347417824826891 ], [ 22.632814541217179, 54.34675889525019 ], [ 22.649538455290788, 54.354920175839972 ], [ 22.655079591463643, 54.35763052937714 ], [ 22.6763249071305, 54.356964428134454 ], [ 22.697569388081369, 54.356294891224849 ], [ 22.718813029876873, 54.355621917838491 ], [ 22.740055828005488, 54.354945506387153 ], [ 22.761297777887652, 54.354265654571023 ], [ 22.778279500047351, 54.362522535631754 ], [ 22.783599990720564, 54.365114814388079 ], [ 22.804846150945352, 54.364427768296046 ], [ 22.821916796801666, 54.372716103390232 ], [ 22.822995180190489, 54.384251150113052 ], [ 22.82407385789304, 54.395786174848354 ], [ 22.829315011777087, 54.398334235693262 ], [ 22.846454302498259, 54.406643679951287 ], [ 22.851659243223903, 54.409171790589944 ], [ 22.872926514223398, 54.40847312514741 ], [ 22.87759495315019, 54.405646444180803 ], [ 22.893099014115165, 54.396239167186835 ], [ 22.914358582682645, 54.395533847995864 ], [ 22.93561726012766, 54.394825037409284 ], [ 22.956875041401918, 54.394112729283712 ], [ 22.961422152030472, 54.391352019049037 ], [ 22.977015117333522, 54.381866605490174 ], [ 22.99826516676448, 54.381147618321016 ], [ 23.002756452847859, 54.378416775110999 ], [ 23.001638694962836, 54.366883843809951 ], [ 23.000522221588316, 54.355350858214699 ], [ 23.016133271767291, 54.345837545780505 ], [ 23.037363754358985, 54.345112546257987 ], [ 23.058593319763503, 54.344384032185111 ], [ 23.063013076896112, 54.341689790036412 ], [ 23.058092726288912, 54.339310329155879 ], [ 23.040686125706127, 54.330870356786264 ], [ 23.039562050523671, 54.319337791255684 ], [ 23.055184286233619, 54.309800917859839 ], [ 23.059623403394117, 54.307092983725823 ], [ 23.075254664590613, 54.297543174599141 ], [ 23.096458796741231, 54.2968089909035 ], [ 23.113955395031905, 54.305249283197931 ], [ 23.118814346379637, 54.307597332034085 ], [ 23.140022504289401, 54.306855749684658 ], [ 23.144353868136186, 54.304206993969522 ], [ 23.160065602703234, 54.294585281389814 ], [ 23.164378945512837, 54.291945301206113 ], [ 23.180096846176568, 54.282312315935854 ], [ 23.201290405153589, 54.281560812978761 ], [ 23.205561592631295, 54.2789427903624 ], [ 23.221302977219416, 54.269282170824141 ], [ 23.225558819010526, 54.266671337615229 ], [ 23.241303718524307, 54.257001060762335 ], [ 23.262482661327038, 54.256239605044577 ], [ 23.283660637931867, 54.255474586565803 ], [ 23.304837643247179, 54.254706000031511 ], [ 23.326013672188317, 54.253933840313302 ], [ 23.330159990209964, 54.251381726753017 ], [ 23.345975249322773, 54.241637432339381 ], [ 23.350109890837736, 54.239090347965963 ], [ 23.365925022652714, 54.229338571964426 ], [ 23.370049131464686, 54.226795823304258 ], [ 23.38586300354126, 54.217037272862868 ], [ 23.389977737334689, 54.214498156089697 ], [ 23.388769312678065, 54.20297023208996 ], [ 23.404561806013753, 54.193215687093108 ], [ 23.408683292806316, 54.190669672066079 ], [ 23.407472656925446, 54.179141918872048 ], [ 23.423239916971461, 54.169393852501152 ], [ 23.444369075401088, 54.168602698316676 ], [ 23.465497229054989, 54.167807950804459 ], [ 23.469586295856736, 54.165276128459915 ], [ 23.4853764173704, 54.15549465211592 ], [ 23.489462085820403, 54.152962798581441 ], [ 23.4882339305552, 54.141436105483479 ], [ 23.487007714205738, 54.129909330972758 ], [ 23.485783469037894, 54.118382473846459 ], [ 23.50149100476418, 54.108640106797452 ], [ 23.505637333378274, 54.106066754519425 ], [ 23.504411346013299, 54.094540055050423 ], [ 23.50318742427903, 54.083013269208188 ], [ 23.518825255873598, 54.073303870570122 ], [ 23.523023530264936, 54.070694911254726 ], [ 23.521798058119128, 54.059168276260579 ], [ 23.520574742005675, 54.047641551260725 ], [ 23.519353609364348, 54.03611473522723 ], [ 23.518134686645201, 54.024587827170016 ], [ 23.5132783228125, 54.02225092723792 ], [ 23.495888848428674, 54.013850681476271 ], [ 23.494680151983538, 54.002323262448371 ], [ 23.489731409943214, 53.999938922941311 ], [ 23.472455155084987, 53.991581284679562 ], [ 23.47125672263903, 53.98005335594533 ], [ 23.486564620281555, 53.970542803081933 ], [ 23.491067772591943, 53.967740438092797 ], [ 23.506347868993114, 53.958240251873619 ], [ 23.510868912258626, 53.95542439575501 ], [ 23.509666114956563, 53.943896819038642 ], [ 23.508465703537553, 53.932369143737127 ], [ 23.507267696104524, 53.920841369178667 ], [ 23.506072110164851, 53.909313494714134 ], [ 23.50487896275737, 53.897785519712436 ], [ 23.519892859888092, 53.888438897709982 ], [ 23.524654403293678, 53.885467445221899 ], [ 23.523460684530036, 53.873939580914055 ], [ 23.522269490478259, 53.862411612540775 ], [ 23.537135843299268, 53.853148706529765 ], [ 23.542029607333895, 53.850090826774036 ], [ 23.540838128990057, 53.838562958194885 ], [ 23.539649280324632, 53.827034981285856 ], [ 23.538463085917343, 53.815506895127442 ], [ 23.537279571343408, 53.803978698762933 ], [ 23.536098763315845, 53.792450391192922 ], [ 23.534920689808722, 53.780921971370717 ], [ 23.533745380155366, 53.769393438198662 ], [ 23.548122203970259, 53.760425956617013 ], [ 23.553478802220372, 53.757070861706794 ], [ 23.567793618695532, 53.748136718381843 ], [ 23.573203995706301, 53.744745122736546 ], [ 23.57202734314415, 53.733216823858349 ], [ 23.586201420554133, 53.724365367875372 ], [ 23.59174265747092, 53.720888084662178 ], [ 23.590567313160438, 53.709359823133575 ], [ 23.589395156829724, 53.697831431003692 ], [ 23.588226231531838, 53.68630290664003 ], [ 23.587060579784819, 53.674774248431383 ], [ 23.600828141834882, 53.66617340056451 ], [ 23.606762674085598, 53.662442925633989 ], [ 23.60559924427686, 53.65091426807416 ], [ 23.604439282827574, 53.639385468787481 ], [ 23.603282823913116, 53.627856526480656 ], [ 23.616677020528169, 53.619487633869433 ], [ 23.622975669610824, 53.615522372066096 ], [ 23.621822127215005, 53.603993402081443 ], [ 23.620672231402565, 53.592464283099794 ], [ 23.633752856084676, 53.584290641578399 ], [ 23.640358065832917, 53.580127117421348 ], [ 23.639211486471698, 53.568597953961643 ], [ 23.638068617184029, 53.557068638616506 ], [ 23.650804015653868, 53.549111184745328 ], [ 23.657748234988496, 53.544728430834311 ], [ 23.656608850466892, 53.533199063051924 ], [ 23.655473122502816, 53.521669545042208 ], [ 23.667830637853644, 53.513949618175943 ], [ 23.675146799234259, 53.509326284098854 ], [ 23.674014412091896, 53.497796717859472 ], [ 23.672885482729146, 53.486267008757082 ], [ 23.684832766932246, 53.478805442784797 ], [ 23.692552839290201, 53.473920709287462 ], [ 23.691426741235986, 53.462390970649722 ], [ 23.690303743973416, 53.45086110279486 ], [ 23.701810337857268, 53.443677180876165 ], [ 23.709963676238811, 53.438511808619104 ], [ 23.708842623479025, 53.426981945132205 ], [ 23.720031858545614, 53.419996654920105 ], [ 23.728494774716712, 53.414629583944311 ], [ 23.727374857469648, 53.403099756441364 ], [ 23.726257113525516, 53.391569835785724 ], [ 23.736962282919951, 53.384888907170833 ], [ 23.745898400158644, 53.379214620647417 ], [ 23.744780366715936, 53.36768479229999 ], [ 23.755142361930556, 53.361218112853322 ], [ 23.764410915070965, 53.355326634679486 ], [ 23.763291489592579, 53.34379694299033 ], [ 23.762173029172935, 53.332267206000367 ], [ 23.772024732211758, 53.326120034754155 ], [ 23.781787885268496, 53.319906397355517 ], [ 23.780666355657676, 53.30837686494035 ], [ 23.779545041852199, 53.296847317242573 ], [ 23.788881194769267, 53.291021957367434 ], [ 23.799141125809086, 53.284483989635518 ], [ 23.79801508015991, 53.272954714766485 ], [ 23.806995852781895, 53.267349624635095 ], [ 23.817594739865072, 53.260588693778914 ], [ 23.816462869245736, 53.249059737683446 ], [ 23.825090875248975, 53.243672884043562 ], [ 23.836024739236819, 53.236691087057054 ], [ 23.844459239703426, 53.231422454296634 ], [ 23.855573757701677, 53.224319522766422 ], [ 23.854428870215177, 53.212791272428298 ], [ 23.862518646041849, 53.207735350933838 ], [ 23.873958215566031, 53.200417172109987 ], [ 23.872805130751107, 53.188889344031843 ], [ 23.880558171622372, 53.184040847172611 ], [ 23.901189989828318, 53.183211958496841 ], [ 23.91297520534188, 53.175660405978377 ], [ 23.911808153926849, 53.164133342667647 ], [ 23.910638934100813, 53.152606362887163 ], [ 23.90946745247777, 53.141079470435628 ], [ 23.908293626636105, 53.129552668656579 ], [ 23.894291144900073, 53.12273469092473 ], [ 23.886481544514279, 53.118876744900902 ], [ 23.885308008606067, 53.10734981443359 ], [ 23.88413195905466, 53.095822980870942 ], [ 23.882953349906334, 53.084296246036146 ], [ 23.881772143796937, 53.07276961139798 ], [ 23.888156097855369, 53.068768580919965 ], [ 23.901198096940533, 53.06039389668009 ], [ 23.900006379015093, 53.048867789000788 ], [ 23.90612313987063, 53.04502968591607 ], [ 23.919408934792088, 53.036489748634622 ], [ 23.918206627102105, 53.024964174652197 ], [ 23.924070131574062, 53.021280328879243 ], [ 23.937585733662093, 53.012583823317534 ], [ 23.936372838691881, 53.001058786456099 ], [ 23.935157301888058, 52.989533852916345 ], [ 23.933939141499302, 52.97800902186637 ], [ 23.939373987811585, 52.974587271723017 ], [ 23.953279127584608, 52.965627238090264 ], [ 23.952050561231832, 52.954102940996293 ], [ 23.936147372387218, 52.946334669721949 ], [ 23.930269150417054, 52.943435133295331 ], [ 23.929040740269325, 52.931910701305725 ], [ 23.927809840205768, 52.920386365884738 ], [ 23.92657648222858, 52.908862125630094 ], [ 23.92534069910575, 52.897337979108123 ], [ 23.924102523980331, 52.88581392487005 ], [ 23.922861989995337, 52.874289961467632 ], [ 23.92161912993317, 52.862766087468074 ], [ 23.920373975868504, 52.851242301468439 ], [ 23.924995294149003, 52.848317773853481 ], [ 23.939630944289753, 52.838865183513953 ], [ 23.938376330425932, 52.827341896532182 ], [ 23.937119544973672, 52.815818692763727 ], [ 23.935860615547412, 52.80429557098816 ], [ 23.940237070416643, 52.801518249619711 ], [ 23.955081762520155, 52.791916950952221 ], [ 23.953813777603372, 52.780394315139212 ], [ 23.952543755984049, 52.768871757125872 ], [ 23.951271716196384, 52.757349276068766 ], [ 23.949997673422928, 52.745826871264867 ], [ 23.948721639216615, 52.734304542163201 ], [ 23.947443621218824, 52.722782288376422 ], [ 23.946163622871929, 52.711260109692752 ], [ 23.929061093471795, 52.70285352668742 ], [ 23.924436980342264, 52.700591019660237 ], [ 23.907365543906494, 52.692192303754481 ], [ 23.902714509848551, 52.689917935511581 ], [ 23.885680904759521, 52.681530429577229 ], [ 23.880995862991689, 52.679240872486695 ], [ 23.864007187496917, 52.670868105536556 ], [ 23.859280657583685, 52.668559846964911 ], [ 23.842344405302963, 52.660205552297271 ], [ 23.83756847563717, 52.657874876516892 ], [ 23.820692573157377, 52.649543010968245 ], [ 23.815858861425166, 52.647185979951338 ], [ 23.799051707904677, 52.638880744224586 ], [ 23.794151319676125, 52.636493177354083 ], [ 23.792882783349327, 52.624969567910632 ], [ 23.776164742607012, 52.616698434569564 ], [ 23.771177731508409, 52.614272704340962 ], [ 23.754552348214364, 52.606040175203511 ], [ 23.734195111014703, 52.606898562830466 ], [ 23.71383702776415, 52.60775503977414 ], [ 23.693478106826781, 52.608609665774225 ], [ 23.673118356665238, 52.609462502531734 ], [ 23.652757785837554, 52.610313613722177 ], [ 23.647243971307194, 52.60763583201156 ], [ 23.631179382208554, 52.599651739160137 ], [ 23.610822626838292, 52.600500502903962 ], [ 23.605074556873205, 52.597712001013662 ], [ 23.589260016524786, 52.589840885556768 ], [ 23.56890712763138, 52.590687800281366 ], [ 23.562893994139866, 52.587773820714219 ], [ 23.547360387670338, 52.580031423321117 ], [ 23.541174231996571, 52.577036382171109 ], [ 23.525824891329613, 52.569379119189776 ], [ 23.519449632054123, 52.566295289584431 ], [ 23.504300669298516, 52.558731364575962 ], [ 23.483961122304436, 52.559577548683727 ], [ 23.477238283060288, 52.556328411259479 ], [ 23.475982581179913, 52.544802252735892 ], [ 23.461286167842289, 52.53745142838288 ], [ 23.454238489162456, 52.534050361148374 ], [ 23.439795944330193, 52.526820194481289 ], [ 23.432486311896415, 52.52329491958173 ], [ 23.41831710501069, 52.516195385746869 ], [ 23.410725340495564, 52.512535948745708 ], [ 23.396849669264686, 52.505577413789553 ], [ 23.388954953812295, 52.50177346557448 ], [ 23.38767611944278, 52.490247566737359 ], [ 23.374254564517599, 52.48350875788028 ], [ 23.365890545436145, 52.479481624986434 ], [ 23.364599556406446, 52.467956009029734 ], [ 23.351685373430662, 52.461464237113034 ], [ 23.34279791975133, 52.457186627178885 ], [ 23.341494165396142, 52.44566131062011 ], [ 23.32914209134135, 52.439444727556975 ], [ 23.319676333138098, 52.434888479206322 ], [ 23.318359638778741, 52.423363462249107 ], [ 23.317035627947778, 52.411838698692975 ], [ 23.305510277900957, 52.406029480851593 ], [ 23.295197250374788, 52.401062396839713 ], [ 23.284132880437181, 52.395480674970621 ], [ 23.273350827472175, 52.390282485541675 ], [ 23.272010259918204, 52.378757976351757 ], [ 23.261666526611059, 52.373533618431821 ], [ 23.250154124765128, 52.367974340329603 ], [ 23.248804264192156, 52.356449981025165 ], [ 23.239225195860591, 52.35160611094085 ], [ 23.226943541059388, 52.345662426482974 ], [ 23.225587423680242, 52.334138103490957 ], [ 23.216808366863571, 52.329693529246086 ], [ 23.203728837245901, 52.323346383998683 ], [ 23.202370486049603, 52.311821950386211 ], [ 23.194415388902264, 52.307789766407126 ], [ 23.180522208880159, 52.301025773984335 ], [ 23.179166536649713, 52.289501053671273 ], [ 23.191912022523884, 52.281327815193038 ], [ 23.198281395953746, 52.277249053335936 ], [ 23.196916153485983, 52.265724800812485 ], [ 23.195551173969676, 52.254200522701929 ], [ 23.194187350505324, 52.242676187194405 ], [ 23.192825614831165, 52.231151761133418 ], [ 23.206609114028051, 52.222286172029925 ], [ 23.226821294090776, 52.221692052577815 ], [ 23.247032809932314, 52.221095261639654 ], [ 23.252738305145481, 52.217431449274308 ], [ 23.266120784105617, 52.20879789997602 ], [ 23.280604584797448, 52.216422219807548 ], [ 23.287453793270164, 52.219893212801246 ], [ 23.293587701599726, 52.215949749430735 ], [ 23.306529340733238, 52.207585795750035 ], [ 23.32673257388814, 52.206975437076309 ], [ 23.346935090263795, 52.206362047419603 ], [ 23.367136874238351, 52.205745503312642 ], [ 23.373842450810347, 52.201423663880121 ], [ 23.386182913305724, 52.193417238613954 ], [ 23.392807623176967, 52.18914416989103 ], [ 23.405218057443278, 52.181082516213358 ], [ 23.411756052967696, 52.176862074566451 ], [ 23.424242324663215, 52.168741481121792 ], [ 23.437797022807313, 52.175883506713518 ], [ 23.44559460559578, 52.17982145097136 ], [ 23.452549740040599, 52.175326559282446 ], [ 23.464606478101906, 52.16747131204572 ], [ 23.477693740836209, 52.17437303441924 ], [ 23.485968082223813, 52.178547170288788 ], [ 23.506153626856971, 52.177904756108354 ], [ 23.513734715955209, 52.172996851047508 ], [ 23.505222312214816, 52.168705379955426 ], [ 23.49185204994928, 52.162259647717875 ], [ 23.490362756855468, 52.150742367993097 ], [ 23.502597634034252, 52.142752474122311 ], [ 23.509245019009683, 52.138446381893587 ], [ 23.521576959985591, 52.130384116732223 ], [ 23.541739301776804, 52.129730874890527 ], [ 23.548473601325608, 52.125362559988623 ], [ 23.560701607860853, 52.117352208418296 ], [ 23.580856984745211, 52.116691511750638 ], [ 23.601011598269515, 52.116027849323466 ], [ 23.60802268960326, 52.111471199764225 ], [ 23.606487915519811, 52.099956702221348 ], [ 23.61873682007888, 52.091908505317107 ], [ 23.625291558238864, 52.087644260382177 ], [ 23.63766061817735, 52.079509136593416 ], [ 23.644080758115308, 52.075329204134938 ], [ 23.642538389443608, 52.063815327682299 ], [ 23.655351981767634, 52.055380589666242 ], [ 23.661309616735711, 52.05149797293425 ], [ 23.659770851024053, 52.039984107688475 ], [ 23.658241625502303, 52.02846984887897 ], [ 23.656723819288619, 52.016955122290575 ], [ 23.670580135595902, 52.007833389536657 ], [ 23.675480013935623, 52.004635692801713 ], [ 23.673977060519796, 51.993120526272079 ], [ 23.672490152512697, 51.981604706893904 ], [ 23.671020744164206, 51.970088177241365 ], [ 23.666404051394551, 51.967759736558392 ], [ 23.649364255807857, 51.959372179938271 ], [ 23.645159024810809, 51.957249435680112 ], [ 23.627758421784744, 51.948650337732886 ], [ 23.643219164960907, 51.938509751194481 ], [ 23.646551373566879, 51.936333721588596 ], [ 23.642797938304859, 51.934437848963661 ], [ 23.625014982484842, 51.925608792674772 ], [ 23.621568659982582, 51.923866548715068 ], [ 23.603529137264342, 51.914878073789914 ], [ 23.619564848759694, 51.904385973266074 ], [ 23.622354899811121, 51.902563913779879 ], [ 23.621055690601221, 51.89104024202117 ], [ 23.619776398824392, 51.879515774349677 ], [ 23.616858344344777, 51.878038745231315 ], [ 23.59842058314533, 51.86877932614307 ], [ 23.614810368650854, 51.858075179294929 ], [ 23.617274621320806, 51.856464568695884 ], [ 23.614501251519709, 51.855059899311293 ], [ 23.595976347002136, 51.845725570991497 ], [ 23.594778431804716, 51.834197728738957 ], [ 23.611263283380087, 51.82344325006121 ], [ 23.613649543981918, 51.821882656841652 ], [ 23.63009162949739, 51.811151482318095 ], [ 23.632516292387788, 51.809564549292091 ], [ 23.631341578748511, 51.798036013273112 ], [ 23.630178908088027, 51.786506991308663 ], [ 23.627419105758154, 51.785107344081382 ], [ 23.609006060705127, 51.775765821402331 ], [ 23.606248962454778, 51.774366353470853 ], [ 23.587856695380058, 51.765020045454577 ], [ 23.585088025874114, 51.763613506843512 ], [ 23.565104439253915, 51.764409796715903 ], [ 23.546718397927247, 51.755047091809509 ], [ 23.543956960115267, 51.753642272128197 ], [ 23.525612210246745, 51.744288739049829 ], [ 23.524521009371604, 51.732756293116402 ], [ 23.540795055220464, 51.722172361229077 ], [ 23.543427104070982, 51.720450773362785 ], [ 23.542337368298181, 51.708918360865297 ], [ 23.541249968927652, 51.697385847339312 ], [ 23.540164191880535, 51.685853260453996 ], [ 23.539079384161667, 51.674320625497408 ], [ 23.53799495230237, 51.662787965438504 ], [ 23.536910360242072, 51.651255301010814 ], [ 23.535825126790222, 51.639722650812189 ], [ 23.534738822791191, 51.62819003141599 ], [ 23.533651068096894, 51.616657457489673 ], [ 23.532561528434659, 51.605124941917175 ], [ 23.548066852119454, 51.595014186067203 ], [ 23.551413013900572, 51.59281933332575 ], [ 23.550315078058993, 51.581287234803206 ], [ 23.549214617777928, 51.569755223604723 ], [ 23.564515945572545, 51.559762107022586 ], [ 23.568040346204675, 51.557447626097613 ], [ 23.566930304896147, 51.545916081339932 ], [ 23.565817258977653, 51.534384642966586 ], [ 23.580939517249707, 51.524492117602449 ], [ 23.600821153929562, 51.52373216421686 ], [ 23.604528024073463, 51.52129363230231 ], [ 23.603400558205198, 51.509762972216038 ], [ 23.618368968383603, 51.499952191169001 ], [ 23.622171708937671, 51.497448172907603 ], [ 23.637068286237739, 51.487674898797358 ], [ 23.656932276320369, 51.486905069246433 ], [ 23.660822361942706, 51.484340142118789 ], [ 23.675615435792434, 51.474619499698662 ], [ 23.679559389126752, 51.472017071369478 ], [ 23.675116571256144, 51.469749899105352 ], [ 23.658519035406201, 51.461281385149711 ], [ 23.654087509524803, 51.459018067072783 ], [ 23.6374814896385, 51.450541931207326 ], [ 23.65223567020012, 51.440840408900577 ], [ 23.672079016157994, 51.440069521220195 ], [ 23.676076189363549, 51.437430382858508 ], [ 23.674908235889532, 51.425901740668209 ], [ 23.689556605284327, 51.416250185453478 ], [ 23.693600301610527, 51.413577761683548 ], [ 23.692421253670425, 51.402049668471946 ], [ 23.687862249581425, 51.399720157487216 ], [ 23.671384223139626, 51.391316554446185 ], [ 23.670203031013013, 51.379788397680528 ], [ 23.669018699770383, 51.368260355234334 ], [ 23.664516897247097, 51.365956722344968 ], [ 23.647987673762525, 51.357523064232758 ], [ 23.646801809806139, 51.345994931276124 ], [ 23.645613111143675, 51.334466899636972 ], [ 23.641209546175567, 51.332210259404924 ], [ 23.624589207405979, 51.323725384700388 ], [ 23.639364505505188, 51.313965963218578 ], [ 23.643227633539542, 51.311411123139791 ], [ 23.642031079951089, 51.299883369168668 ], [ 23.640832141683891, 51.288355698316217 ], [ 23.65564058566245, 51.278557009404352 ], [ 23.672227885886745, 51.287104463455918 ], [ 23.676589528986394, 51.289340080941358 ], [ 23.680462453389811, 51.286774881134221 ], [ 23.695186749220881, 51.277019589824896 ], [ 23.699058982048729, 51.274452907750934 ], [ 23.713773787344799, 51.264694123501961 ], [ 23.717641694885071, 51.262128370140147 ], [ 23.716417552457091, 51.250602211090197 ], [ 23.731162379461523, 51.240810217461082 ], [ 23.734979846604851, 51.238275507657498 ], [ 23.733747186443917, 51.226749807111879 ], [ 23.732512850267636, 51.21522416306555 ], [ 23.747341633179754, 51.205359989258035 ], [ 23.751048819096539, 51.202895671187129 ], [ 23.765885422093266, 51.193016811778008 ], [ 23.769571597579098, 51.190564614010043 ], [ 23.784419108960275, 51.180669082042634 ], [ 23.804146665071478, 51.179877147148332 ], [ 23.807837057524036, 51.177418930982014 ], [ 23.806578128800222, 51.165894804679979 ], [ 23.821456231428204, 51.155960291753253 ], [ 23.838214300042221, 51.164587615578171 ], [ 23.842385106526791, 51.166721749045387 ], [ 23.846073678082323, 51.164261532173427 ], [ 23.860886890699454, 51.154357900810481 ], [ 23.864543881478742, 51.151916914759248 ], [ 23.863268535440568, 51.140393873778372 ], [ 23.859197571511395, 51.138310745187205 ], [ 23.842262555467716, 51.129691358896103 ], [ 23.840991081782242, 51.118167991086437 ], [ 23.856022247464661, 51.108107558874003 ], [ 23.8594394970468, 51.105824809327245 ], [ 23.858162751668836, 51.094301782178661 ], [ 23.873278914196192, 51.084173179927689 ], [ 23.876594337178616, 51.081956358120756 ], [ 23.891739932284267, 51.071799352899525 ], [ 23.911417637591313, 51.070986469378148 ], [ 23.914713605772636, 51.068779784448886 ], [ 23.913422798859319, 51.057257749110626 ], [ 23.912132634003679, 51.045735675732899 ], [ 23.910843293260783, 51.034213556630633 ], [ 23.909554956035759, 51.022691384235834 ], [ 23.908267798329451, 51.011169151129167 ], [ 23.923717533697388, 51.000783504827965 ], [ 23.943364068982753, 50.999964388485374 ], [ 23.946315008586804, 50.997984211964507 ], [ 23.94502078393328, 50.986462548990005 ], [ 23.96053798147803, 50.976015469787534 ], [ 23.963381899141293, 50.974105315443076 ], [ 23.962086275897999, 50.962583837499402 ], [ 23.960792682070622, 50.951062262349915 ], [ 23.976457472510784, 50.940505433079281 ], [ 23.97913809763784, 50.938702918822926 ], [ 23.994835324174154, 50.928116577038971 ], [ 23.997474025727275, 50.92634093290129 ], [ 24.013203438631507, 50.915725319869701 ], [ 24.015800642208895, 50.913976301070782 ], [ 24.031561834151876, 50.903331762494581 ], [ 24.034118119311685, 50.901609019862427 ], [ 24.049910528898781, 50.890936003641485 ], [ 24.069506551207763, 50.890092227793197 ], [ 24.07203411974157, 50.888386634568164 ], [ 24.087839740360888, 50.877690809070813 ], [ 24.107428930192231, 50.876839656366229 ], [ 24.109925805462694, 50.875152596707636 ], [ 24.125746632229976, 50.864432698185063 ], [ 24.128203266366633, 50.862771597687392 ], [ 24.126887039661671, 50.851252255699272 ], [ 24.124143974591188, 50.849849360587889 ], [ 24.105991922925071, 50.840593472259108 ], [ 24.103310512949257, 50.839220970639602 ], [ 24.083738358586899, 50.840083879427915 ], [ 24.064165308995516, 50.840944098215346 ], [ 24.04459136879851, 50.8418016429709 ], [ 24.025016542638586, 50.84265653008886 ], [ 24.005440835176849, 50.843508776388845 ], [ 23.987181217275868, 50.834167734878477 ], [ 23.984636106632031, 50.832860501918717 ], [ 23.966321347830323, 50.823482854068452 ], [ 23.96505616086278, 50.811960085409616 ], [ 23.96379413576879, 50.800437171318499 ], [ 23.962535270780197, 50.788914111909868 ], [ 23.961279551167241, 50.777390907851071 ], [ 23.97755371003667, 50.76640692841567 ], [ 23.997100127460719, 50.765579566039271 ], [ 24.016645537210511, 50.764748163500329 ], [ 24.018714386289922, 50.763350703176016 ], [ 24.017452061599812, 50.751828190028917 ], [ 24.016192982577309, 50.740305526747818 ], [ 24.014937094183832, 50.728782715746732 ], [ 24.031229921857868, 50.717765369365573 ], [ 24.050754385839547, 50.716928504027294 ], [ 24.0702778300675, 50.716087577897213 ], [ 24.072300667853803, 50.714717905413231 ], [ 24.071038733143286, 50.703195764261139 ], [ 24.069779995845554, 50.691673473924787 ], [ 24.067512854452097, 50.690507792132493 ], [ 24.048999985738931, 50.681000575251474 ], [ 24.065295540988657, 50.669967574177981 ], [ 24.084799163230521, 50.669125693280542 ], [ 24.086789828124694, 50.667776040856332 ], [ 24.085536271883871, 50.656253637239892 ], [ 24.083280030568403, 50.655093104021084 ], [ 24.064775058621144, 50.645582907026416 ], [ 24.081058398639268, 50.634551091866498 ], [ 24.083037622128913, 50.633208431067793 ], [ 24.081792278657726, 50.621685639504605 ], [ 24.080549414950156, 50.610162729956286 ], [ 24.096800637116367, 50.599145520712817 ], [ 24.09880262663297, 50.597785901376753 ], [ 24.096526524169654, 50.596613980000903 ], [ 24.078070584467149, 50.58711658070375 ], [ 24.076834342578742, 50.575593353061365 ], [ 24.075600032395347, 50.564070031462798 ], [ 24.074367517229241, 50.552546621891175 ], [ 24.073136662524998, 50.541023130232581 ], [ 24.071907336753139, 50.529499562237156 ], [ 24.07067941222979, 50.517975923483355 ], [ 24.069452765856838, 50.506452219345839 ], [ 24.067134568095799, 50.505255105343998 ], [ 24.048758926708519, 50.495776609629097 ], [ 24.047537358257152, 50.484252526084227 ], [ 24.046316703440887, 50.472728393076878 ], [ 24.045096868838602, 50.461204214657492 ], [ 24.042778547169103, 50.460004968847365 ], [ 24.024417888032403, 50.450523940904993 ], [ 24.022139751618059, 50.449344517910795 ], [ 24.003742282767718, 50.439839949588539 ], [ 24.002529995363961, 50.428315137632438 ], [ 24.001318233106687, 50.416790292948406 ], [ 23.999076418805728, 50.415628025317574 ], [ 23.97967903286272, 50.416495302853797 ], [ 23.960280826537119, 50.417360499541928 ], [ 23.940881801989139, 50.418223615818498 ], [ 23.921481961319852, 50.419084651556005 ], [ 23.902081306574818, 50.419943606087557 ], [ 23.883338271991398, 50.410237495363269 ], [ 23.881492692392019, 50.409277400279919 ], [ 23.862095193585347, 50.410132909556538 ], [ 23.842696885149014, 50.410986321832553 ], [ 23.823297768884526, 50.41183763383399 ], [ 23.803897846560691, 50.412686841910173 ], [ 23.784775396067307, 50.402765992290234 ], [ 23.783334606163539, 50.402014312883587 ], [ 23.763937841665566, 50.402859933990648 ], [ 23.744637007076918, 50.392837403591457 ], [ 23.743388031513849, 50.392184928848536 ], [ 23.723994418084786, 50.393026848669606 ], [ 23.704501679836756, 50.382894977636539 ], [ 23.703457994818404, 50.382349022860986 ], [ 23.683855839252846, 50.372153925547146 ], [ 23.682697523861204, 50.360624601877518 ], [ 23.681540504842381, 50.349095213787116 ], [ 23.680384862033911, 50.337565758056364 ], [ 23.679525579536818, 50.337115498256793 ], [ 23.659759773652873, 50.326819860832209 ], [ 23.659024169665297, 50.326434094982766 ], [ 23.639655681190327, 50.327269296749861 ], [ 23.619670156758666, 50.316847065413114 ], [ 23.61853133651022, 50.305316498856037 ], [ 23.618049091749803, 50.305063189297606 ], [ 23.597929362154293, 50.294558985359316 ], [ 23.596799419968136, 50.283027909285686 ], [ 23.5964629505518, 50.282850975907692 ], [ 23.576213957553716, 50.272266038321824 ], [ 23.57600356429819, 50.272155312864854 ], [ 23.555639257625057, 50.261500187150112 ], [ 23.555553200668125, 50.261454860572783 ], [ 23.54067670031678, 50.262086909795876 ], [ 23.539635226143115, 50.273703376970943 ], [ 23.538293153081057, 50.284166170670865 ], [ 23.538143363194973, 50.285337439856981 ] ] ], [ [ [ 22.816009974799339, 49.017269102723972 ], [ 22.801544918354217, 49.027048713942975 ], [ 22.798009482585922, 49.029455543489391 ], [ 22.783563195262438, 49.039215602258849 ], [ 22.780000216660927, 49.041639723125684 ], [ 22.765573272577967, 49.051379860120704 ], [ 22.761982171826368, 49.053821656455497 ], [ 22.758018436774655, 49.051626459692216 ], [ 22.742217398287565, 49.042886425981195 ], [ 22.723325035026903, 49.043505357573395 ], [ 22.704432040277474, 49.044121349186113 ], [ 22.700452480554059, 49.041914282284061 ], [ 22.684683386278202, 49.033176610846716 ], [ 22.670278133572399, 49.042879189039382 ], [ 22.666644170090372, 49.045344534107755 ], [ 22.647749301583769, 49.045951739081779 ], [ 22.633372608173445, 49.055623325970906 ], [ 22.634232866115351, 49.067170950802911 ], [ 22.630539392115999, 49.069673769570571 ], [ 22.616198124232596, 49.079312848828714 ], [ 22.612473820366208, 49.08183512042369 ], [ 22.598155353523662, 49.091452085604786 ], [ 22.594399453553564, 49.093994321090406 ], [ 22.575484660745989, 49.094590861462834 ], [ 22.571338054569836, 49.092285955490304 ], [ 22.555742565044159, 49.083624033838291 ], [ 22.5414515122227, 49.093207888756147 ], [ 22.537653264533365, 49.095775305361634 ], [ 22.533477875280944, 49.09345254435231 ], [ 22.517918718040747, 49.084802255615308 ], [ 22.499005902336005, 49.085387077273467 ], [ 22.480092496694116, 49.085969052571699 ], [ 22.465842994974984, 49.095505544148807 ], [ 22.461983330976519, 49.098109900546092 ], [ 22.443064381198354, 49.09868646405517 ], [ 22.424144852271425, 49.099260215840417 ], [ 22.405224747937904, 49.099831168094084 ], [ 22.391038504082996, 49.109304089545759 ], [ 22.391846276802912, 49.12085458119067 ], [ 22.387880294448461, 49.123525615783365 ], [ 22.373739043416897, 49.13295994204708 ], [ 22.374544603466731, 49.14451056190277 ], [ 22.370519848886016, 49.147219544088607 ], [ 22.351580504437941, 49.147783201506243 ], [ 22.347147052194419, 49.145308918818039 ], [ 22.331864332727562, 49.136779431301434 ], [ 22.312928258409332, 49.137337367664074 ], [ 22.293991630667382, 49.137892594932637 ], [ 22.275054453375613, 49.138445129480488 ], [ 22.261022456801154, 49.147776064186139 ], [ 22.256875438075987, 49.150560726487335 ], [ 22.237932783065592, 49.151108193336633 ], [ 22.223954625418305, 49.160391982961649 ], [ 22.224727831636507, 49.1719442692333 ], [ 22.22550216760898, 49.18349650537612 ], [ 22.22124240306718, 49.186353956285977 ], [ 22.216578268328231, 49.183745654229973 ], [ 22.201538440422432, 49.175329357676048 ], [ 22.182585391566708, 49.175869509021759 ], [ 22.168705210831074, 49.185070421516336 ], [ 22.164370060719776, 49.1879752505521 ], [ 22.145411561169446, 49.188510541060474 ], [ 22.131596139423412, 49.197657331522286 ], [ 22.127182480456565, 49.200612417546907 ], [ 22.108218541590031, 49.201142933980464 ], [ 22.089254090489611, 49.201670953895729 ], [ 22.075534077088744, 49.2107388292224 ], [ 22.071006344154313, 49.213766893966465 ], [ 22.052036472084346, 49.214290267774551 ], [ 22.038393442786916, 49.223296226877977 ], [ 22.039129748809476, 49.234850348795611 ], [ 22.039867340651305, 49.246404417742639 ], [ 22.040606256169202, 49.257958432714766 ], [ 22.035904542199365, 49.261099807161379 ], [ 22.022388255611158, 49.270010320438779 ], [ 22.023125686505168, 49.281564426786957 ], [ 22.018329320988379, 49.284767577974478 ], [ 22.004898432248865, 49.293613669028623 ], [ 22.000034408028736, 49.296860734400994 ], [ 21.986664874382644, 49.305660114087225 ], [ 21.981730633238456, 49.308952781464491 ], [ 21.968425117960745, 49.317703756657735 ], [ 21.969155945449327, 49.32925822774385 ], [ 21.969888434196452, 49.340812636764269 ], [ 21.964809629281007, 49.344200256786742 ], [ 21.94578810676645, 49.344712748477484 ], [ 21.926766099822284, 49.345222919151013 ], [ 21.907743611348319, 49.345730777896918 ], [ 21.894687102760596, 49.354295131998228 ], [ 21.889399427702372, 49.357817094713099 ], [ 21.876420335880237, 49.366324556285804 ], [ 21.871046362344494, 49.369902656640377 ], [ 21.852013551870094, 49.370404330889741 ], [ 21.839159583875169, 49.378819402446453 ], [ 21.839870122122605, 49.390374905613236 ], [ 21.834313570193956, 49.394071795692106 ], [ 21.828243487333406, 49.390660127909634 ], [ 21.81460847336853, 49.382984739202328 ], [ 21.808531795164342, 49.379568092384162 ], [ 21.794912295324899, 49.371895548040861 ], [ 21.788826725476984, 49.368472570047985 ], [ 21.775225026853366, 49.360804171899623 ], [ 21.762522704875508, 49.369104616418824 ], [ 21.763214751040021, 49.380660932683305 ], [ 21.75749105484222, 49.384463181512032 ], [ 21.744920558716743, 49.39266988122904 ], [ 21.739095603404444, 49.396537763325995 ], [ 21.726621024639833, 49.404675980118697 ], [ 21.720691247533569, 49.40861178066924 ], [ 21.708316237303507, 49.416679225158511 ], [ 21.702277981675021, 49.420685284377264 ], [ 21.695692214493899, 49.416974420277207 ], [ 21.682590957996478, 49.409577510956858 ], [ 21.663540116979497, 49.410056620985799 ], [ 21.651335577093477, 49.418000681887705 ], [ 21.652011720409199, 49.429557795605319 ], [ 21.645735800524886, 49.433715748440015 ], [ 21.633689705975893, 49.441549391249218 ], [ 21.62729483109505, 49.445784108211988 ], [ 21.620330622672885, 49.441853050179759 ], [ 21.607613937626105, 49.434662656589502 ], [ 21.588552304759251, 49.435131986690941 ], [ 21.569490202308213, 49.435598456595798 ], [ 21.550427628480531, 49.436061974001625 ], [ 21.531364581260004, 49.436522439481024 ], [ 21.524120127636444, 49.432421855189197 ], [ 21.523583573903512, 49.420861127789387 ], [ 21.511116563347819, 49.413790443166519 ], [ 21.499398288739791, 49.421386725980724 ], [ 21.4926490532713, 49.42583800582009 ], [ 21.485330778137072, 49.421690111331621 ], [ 21.473005938096946, 49.414693035225881 ], [ 21.453949902245082, 49.415139087969997 ], [ 21.434893380748871, 49.415581474047734 ], [ 21.415836371011505, 49.416020060511457 ], [ 21.404419854732307, 49.423401769053648 ], [ 21.397344119367251, 49.428052024938665 ], [ 21.378281663065636, 49.428483194457613 ], [ 21.367035609237981, 49.435745697771083 ], [ 21.359775455001483, 49.440509922800395 ], [ 21.348644245154169, 49.447693057917434 ], [ 21.341260237768072, 49.452534866807603 ], [ 21.322187354618748, 49.452954310531254 ], [ 21.30311397114091, 49.453369183701341 ], [ 21.284040086473347, 49.453779360440635 ], [ 21.275940344523089, 49.449147388103945 ], [ 21.264430881680813, 49.442580443886278 ], [ 21.256358656782506, 49.437959193328417 ], [ 21.24483051972604, 49.431376565493068 ], [ 21.225764069742024, 49.431770605493845 ], [ 21.217685171031807, 49.427135589375325 ], [ 21.21723053552347, 49.415572250966342 ], [ 21.216774282990826, 49.40400892308903 ], [ 21.205136441695746, 49.397351764321769 ], [ 21.186082382003072, 49.397733366100084 ], [ 21.175088872827015, 49.404800965306087 ], [ 21.167538751627617, 49.409712498447576 ], [ 21.156632618719264, 49.416718841631003 ], [ 21.148986091527362, 49.421688824363109 ], [ 21.138167532426007, 49.428633866616273 ], [ 21.130424396078066, 49.433662351405452 ], [ 21.122215401572578, 49.428927842378982 ], [ 21.110856717610606, 49.422417412096209 ], [ 21.091791315869798, 49.422773595523587 ], [ 21.072725445582996, 49.423124372700933 ], [ 21.053659113458959, 49.423469761587882 ], [ 21.045493237443335, 49.418739079582679 ], [ 21.045085378998699, 49.407174419519158 ], [ 21.052775480346032, 49.402293662774667 ], [ 21.063734011063826, 49.395271029314578 ], [ 21.071349164576763, 49.39043482526484 ], [ 21.090402926654274, 49.390096896687353 ], [ 21.101432891195746, 49.383019722432913 ], [ 21.101004671442102, 49.371455506823544 ], [ 21.089327738037618, 49.364750617062327 ], [ 21.070284167654361, 49.36509796454154 ], [ 21.051240141366883, 49.365439978088908 ], [ 21.043439682531293, 49.360915822962326 ], [ 21.031717385072387, 49.354173004995779 ], [ 21.023991517858946, 49.349686152458574 ], [ 21.012203437208942, 49.342900343059995 ], [ 21.004555797241736, 49.338453011904676 ], [ 20.992698298397595, 49.331622058915038 ], [ 20.985132375419088, 49.327216409356858 ], [ 20.992335409067902, 49.322633055236032 ], [ 21.003742537766204, 49.315323150818188 ], [ 20.991761900902496, 49.308417703887734 ], [ 20.972738380588787, 49.308735796648072 ], [ 20.965323548748561, 49.304411143301564 ], [ 20.95325563324463, 49.297446630863512 ], [ 20.93423575278641, 49.297754445823792 ], [ 20.91521548644981, 49.298057603404601 ], [ 20.903666396131403, 49.305443630676152 ], [ 20.904176434887038, 49.317007134066557 ], [ 20.897086131551418, 49.321565031589166 ], [ 20.885632453085453, 49.328883153919129 ], [ 20.878497885865119, 49.333466232729641 ], [ 20.867079869355781, 49.34075627500021 ], [ 20.859900679041679, 49.34536479823106 ], [ 20.852439208585476, 49.340991917642377 ], [ 20.840428082605577, 49.334044657690725 ], [ 20.82139266042125, 49.334327594316633 ], [ 20.809880713465031, 49.341666357494411 ], [ 20.802781035142324, 49.346215007852095 ], [ 20.791301802091468, 49.353527598218925 ], [ 20.78416045325686, 49.358100043255817 ], [ 20.772714839069067, 49.36538591561078 ], [ 20.765530910830524, 49.369982766943941 ], [ 20.754119934856586, 49.377241304582391 ], [ 20.754608155046554, 49.388805527945827 ], [ 20.755098196180178, 49.40036970143094 ], [ 20.747716535289573, 49.40508991467496 ], [ 20.736490820353339, 49.412222307082679 ], [ 20.729060686283393, 49.416970663410751 ], [ 20.709992016915546, 49.417233009590099 ], [ 20.690923052384399, 49.417491843092883 ], [ 20.683313967480714, 49.413008873911281 ], [ 20.671459246099385, 49.406131562134085 ], [ 20.663973319735195, 49.401717374674881 ], [ 20.652004430349738, 49.394768569207464 ], [ 20.640513043063411, 49.402052699672936 ], [ 20.633328893785741, 49.406632264805538 ], [ 20.621875259648423, 49.413887167189401 ], [ 20.614644385268168, 49.418494105600807 ], [ 20.607190704245312, 49.414092251307146 ], [ 20.606893991616616, 49.402524921349475 ], [ 20.606595978068718, 49.390957587780058 ], [ 20.594445144178437, 49.383890707200699 ], [ 20.587278132523963, 49.379652991933362 ], [ 20.575016760227115, 49.372516428195631 ], [ 20.555963886502301, 49.372752971125628 ], [ 20.544131403691548, 49.380237454571713 ], [ 20.537273067250197, 49.384600732377109 ], [ 20.525477246949389, 49.39205657979258 ], [ 20.518573291296757, 49.396446803748979 ], [ 20.506816223805387, 49.403872729379685 ], [ 20.49986455283338, 49.408291227177472 ], [ 20.480797258738317, 49.408517287001246 ], [ 20.461729738237153, 49.408740779825976 ], [ 20.442661995240048, 49.408961748293002 ], [ 20.435610235122475, 49.404778921196922 ], [ 20.423258188431234, 49.397564241349734 ], [ 20.416318732989339, 49.393445559611713 ], [ 20.403863398379681, 49.386165055290952 ], [ 20.384804000215546, 49.386378604403994 ], [ 20.372742612476024, 49.39397123822804 ], [ 20.366066515856996, 49.398205001158971 ], [ 20.34700220975888, 49.398413804872796 ], [ 20.327937700920614, 49.398620246313108 ], [ 20.321130130206132, 49.394572603558551 ], [ 20.320896907989709, 49.383004001776975 ], [ 20.320662565639463, 49.371435390611261 ], [ 20.320427145807376, 49.359866769566928 ], [ 20.320190688985893, 49.348298138174393 ], [ 20.307331990820927, 49.340755363871537 ], [ 20.294880586912772, 49.348584482442241 ], [ 20.288592805717673, 49.352569358247806 ], [ 20.282139411913331, 49.348726530610243 ], [ 20.269246863640177, 49.341156292517148 ], [ 20.256750966516908, 49.349005390321615 ], [ 20.250498329130327, 49.352965678855817 ], [ 20.244081938907357, 49.349142456736004 ], [ 20.231160968915002, 49.341547896272075 ], [ 20.212117739499256, 49.341740193945057 ], [ 20.19307432501973, 49.341930146668915 ], [ 20.186777392970523, 49.338173818676616 ], [ 20.173754532136918, 49.330505904183624 ], [ 20.167542734265581, 49.326798461778935 ], [ 20.173577322903871, 49.323051698550337 ], [ 20.186360715609055, 49.315035503720686 ], [ 20.173202722833732, 49.307284169739212 ], [ 20.154172372334404, 49.307469331126363 ], [ 20.148113418845188, 49.303850532820228 ], [ 20.134875167838732, 49.296042140912192 ], [ 20.128894959627115, 49.29246857327788 ], [ 20.128696549492012, 49.280899173042144 ], [ 20.128497285397284, 49.269329758652923 ], [ 20.11506341148662, 49.261396107092658 ], [ 20.109292297949118, 49.257944385478105 ], [ 20.109095730545981, 49.246374878765245 ], [ 20.108898362846976, 49.23480535720325 ], [ 20.108700211970589, 49.223235820622669 ], [ 20.095023385397521, 49.215146641445287 ], [ 20.089512395801172, 49.211846960395839 ], [ 20.089317046778746, 49.200277330748833 ], [ 20.08912095376223, 49.188707685546291 ], [ 20.075272939547641, 49.180507087618622 ], [ 20.056290720300485, 49.180680056604025 ], [ 20.042796688429821, 49.189135283610547 ], [ 20.03755097096435, 49.192455056522263 ], [ 20.024105023418485, 49.200874013098542 ], [ 20.018802341668579, 49.204228101843242 ], [ 20.005406231378739, 49.212609735868703 ], [ 20.000044825484665, 49.215999180308202 ], [ 19.986700294085399, 49.22434244912067 ], [ 19.981278415451996, 49.227768277517526 ], [ 19.962277604580709, 49.227928752670678 ], [ 19.943276637009504, 49.228086651461282 ], [ 19.924275514909834, 49.228241947775601 ], [ 19.905274240478267, 49.228394614679289 ], [ 19.899709028078128, 49.225052804168179 ], [ 19.899557710190798, 49.213482632962517 ], [ 19.885857866300828, 49.20533304244799 ], [ 19.880408802689619, 49.202058820084552 ], [ 19.866662373721383, 49.193875416987318 ], [ 19.847673995697537, 49.194020073824042 ], [ 19.828685474744539, 49.194161997783752 ], [ 19.815234755906868, 49.202537248510218 ], [ 19.809886298494515, 49.205906072767263 ], [ 19.804413811655472, 49.202613122025369 ], [ 19.790708013519083, 49.194437529383158 ], [ 19.777265832304163, 49.202799013148635 ], [ 19.771899675474728, 49.206175929568161 ], [ 19.758515915275265, 49.21449498445466 ], [ 19.758750960714512, 49.226064728483607 ], [ 19.758987080629691, 49.237634442269893 ], [ 19.772515694755914, 49.245703964961606 ], [ 19.778226483660934, 49.249077681456214 ], [ 19.778469378910991, 49.260647272191143 ], [ 19.791893345668147, 49.268646440899794 ], [ 19.797725077036684, 49.272087132298523 ], [ 19.811099828580922, 49.280051019285864 ], [ 19.816991440402727, 49.283523700970875 ], [ 19.811216378256393, 49.287155970312071 ], [ 19.798225726914715, 49.295226031437856 ], [ 19.7984778187943, 49.306795434044055 ], [ 19.798731116158415, 49.318364805145983 ], [ 19.798985641078815, 49.329934144587128 ], [ 19.799241416851853, 49.341503452202296 ], [ 19.79949846806851, 49.353072727817171 ], [ 19.799756820686053, 49.364641971247771 ], [ 19.800016502101137, 49.376211182299947 ], [ 19.793684183481012, 49.380185673798096 ], [ 19.781219974012039, 49.387910709034422 ], [ 19.781477798154604, 49.39947992076732 ], [ 19.781737039775603, 49.411049099716728 ], [ 19.775172051258341, 49.415165225760717 ], [ 19.768466621657691, 49.411138057886212 ], [ 19.75591962357619, 49.403679010723515 ], [ 19.749286607724891, 49.399693021444669 ], [ 19.736676188250311, 49.392190648527922 ], [ 19.730113716960354, 49.388244750815197 ], [ 19.71744173823102, 49.380700103455958 ], [ 19.704991720585426, 49.388400670596511 ], [ 19.698545455127483, 49.392435766866377 ], [ 19.686169592603161, 49.400084828286069 ], [ 19.67964017266732, 49.404168980131644 ], [ 19.660569998590177, 49.404283753870722 ], [ 19.64149970565601, 49.404395375021267 ], [ 19.629207005024533, 49.411979719571526 ], [ 19.629430550121388, 49.423549351956318 ], [ 19.641845950562722, 49.430952024482735 ], [ 19.648731248586969, 49.435013517146714 ], [ 19.641954184614075, 49.439245409048091 ], [ 19.629882074614134, 49.446688522762642 ], [ 19.623017462598231, 49.450971841739417 ], [ 19.603928916723579, 49.451076725790934 ], [ 19.584840260805269, 49.451178341704924 ], [ 19.572853558056497, 49.45855582015944 ], [ 19.573069098263876, 49.470125490491945 ], [ 19.566019122220982, 49.474515179592302 ], [ 19.554190677406822, 49.48178819084805 ], [ 19.554404785074592, 49.493357850965545 ], [ 19.554620605472824, 49.50492747956077 ], [ 19.547309819142679, 49.509474354386889 ], [ 19.535728026494017, 49.516587142004916 ], [ 19.535942693904509, 49.528156759047612 ], [ 19.536159230471593, 49.539726344103414 ], [ 19.53637769357989, 49.551295896899717 ], [ 19.528699568978908, 49.556065087938329 ], [ 19.517468574086465, 49.562952533643156 ], [ 19.517686332591303, 49.574522073257874 ], [ 19.509811887930969, 49.579408703363548 ], [ 19.490672891484277, 49.579492374439845 ], [ 19.479626524082974, 49.586256534241308 ], [ 19.471645905000258, 49.5912023474704 ], [ 19.460693649281986, 49.597903891274377 ], [ 19.460903705241289, 49.609473483339492 ], [ 19.452717524846697, 49.614542135958025 ], [ 19.444438301086123, 49.609537869499604 ], [ 19.444433683478213, 49.597967463259842 ], [ 19.433358374230657, 49.591352149282592 ], [ 19.41421448831581, 49.591421824437823 ], [ 19.406144463831065, 49.586537703463279 ], [ 19.406144229509067, 49.574967243444149 ], [ 19.39488280526967, 49.568230646075847 ], [ 19.375747870532521, 49.568293584799974 ], [ 19.367878462858474, 49.563524722395087 ], [ 19.367882817053044, 49.551954209897922 ], [ 19.367885286641975, 49.540383680228111 ], [ 19.356359057419681, 49.533476651386017 ], [ 19.337237611991995, 49.533533022227658 ], [ 19.318116105902384, 49.533585917837648 ], [ 19.298994542916674, 49.533635343432358 ], [ 19.279872926803723, 49.533681306181009 ], [ 19.272298876548884, 49.52907756152154 ], [ 19.260689452023517, 49.522101293111142 ], [ 19.25320707497978, 49.517550367274119 ], [ 19.241515040809098, 49.510519197209923 ], [ 19.23412240119838, 49.506019990501272 ], [ 19.23414747450504, 49.494449348002703 ], [ 19.234170897938341, 49.482878685605307 ], [ 19.22224447298235, 49.475697754014064 ], [ 19.215098562096063, 49.471345085871519 ], [ 19.222205387969723, 49.467057822114732 ], [ 19.234213000873694, 49.459737300698038 ], [ 19.222139413008598, 49.452464279540827 ], [ 19.203049284365825, 49.452497565440638 ], [ 19.196060661373284, 49.448237584305062 ], [ 19.196086374430173, 49.436666837373096 ], [ 19.196110665118709, 49.425096069596115 ], [ 19.196133576292826, 49.41352528090124 ], [ 19.183785496730419, 49.40607224284954 ], [ 19.164713321298191, 49.406099380606442 ], [ 19.145641117591591, 49.406123129219374 ], [ 19.126568889262174, 49.406143502084355 ], [ 19.107496639942692, 49.406160513480543 ], [ 19.095179831739681, 49.413652444801578 ], [ 19.088445233100185, 49.417785913810746 ], [ 19.081704321555495, 49.413662751372797 ], [ 19.069352092759082, 49.406184512662712 ], [ 19.050279802050397, 49.406191532328627 ], [ 19.043618773521814, 49.402112626571459 ], [ 19.031200148181789, 49.394584782788961 ], [ 19.012132343534592, 49.39458537219933 ], [ 18.993064539094899, 49.394582693592071 ], [ 18.973996738328776, 49.394576763920988 ], [ 18.961563566458267, 49.402114465392899 ], [ 18.961619257379166, 49.413685246744741 ], [ 18.973982678508211, 49.421190569077659 ], [ 18.98076178828218, 49.425260755204363 ], [ 18.98082503478906, 49.436831481705788 ], [ 18.980889771445263, 49.448402185144886 ], [ 18.973966039623512, 49.452635334361936 ], [ 18.961856485067678, 49.459968143897193 ], [ 18.961919646946175, 49.471538811196289 ], [ 18.961984452932388, 49.483109455731245 ], [ 18.962050957486952, 49.494680077518616 ], [ 18.96211921707738, 49.506250676575348 ], [ 18.954822332645033, 49.510706701826543 ], [ 18.943066221248859, 49.517813423347953 ], [ 18.935694214968816, 49.522312465978708 ], [ 18.916576816439093, 49.522295708382501 ], [ 18.90924051340161, 49.51779183426514 ], [ 18.89748372549256, 49.510656702993167 ], [ 18.878370894773447, 49.510633798568421 ], [ 18.866574298781334, 49.517750499256358 ], [ 18.859224742735069, 49.52222679752871 ], [ 18.847495692418889, 49.529297461580818 ], [ 18.847541779206761, 49.540868035418171 ], [ 18.847589903354326, 49.552438588669759 ], [ 18.83999364299298, 49.557061630548993 ], [ 18.828499250036955, 49.563982340018477 ], [ 18.828547090449081, 49.575552856046052 ], [ 18.82859718627461, 49.587123352150762 ], [ 18.828649611679193, 49.598693828440325 ], [ 18.82870444255483, 49.610264285024726 ], [ 18.820649782529809, 49.61516220436679 ], [ 18.809598447036187, 49.621804791403399 ], [ 18.809653807720053, 49.633375213412883 ], [ 18.809711817746962, 49.644945616516829 ], [ 18.809772558547895, 49.656516000845706 ], [ 18.809836112552972, 49.668086366531234 ], [ 18.801259543587271, 49.673297813891068 ], [ 18.790717177752491, 49.679623632613328 ], [ 18.782031134526729, 49.684899003329647 ], [ 18.762850208503366, 49.684858012524501 ], [ 18.754230292835455, 49.679551948698062 ], [ 18.743730502426104, 49.673174703568399 ], [ 18.733163938067314, 49.679505326039084 ], [ 18.724488488714876, 49.68476740768071 ], [ 18.714027801393016, 49.691029881926305 ], [ 18.714078092205288, 49.702600211157879 ], [ 18.705166863540949, 49.708002501911238 ], [ 18.685976960016973, 49.707950233646862 ], [ 18.666787111230089, 49.707895147097815 ], [ 18.647597320088803, 49.707837252275297 ], [ 18.637351508153476, 49.713955589915777 ], [ 18.637390633795924, 49.725525885815479 ], [ 18.62822979034198, 49.73106959855204 ], [ 18.618230988886939, 49.737034481412557 ], [ 18.618272383134105, 49.748604749174582 ], [ 18.618317188983781, 49.76017500501375 ], [ 18.618365463404562, 49.771745249112996 ], [ 18.608656047881489, 49.77761685787943 ], [ 18.599198292831463, 49.783250601635295 ], [ 18.599249201254953, 49.794820821023308 ], [ 18.589241709254921, 49.800868942091846 ], [ 18.580076512299492, 49.806322959186325 ], [ 18.580130099702952, 49.817893155160974 ], [ 18.5698086386762, 49.824126787599994 ], [ 18.560951725684614, 49.829392077225329 ], [ 18.569714642775288, 49.834723432288712 ], [ 18.580248110850185, 49.84103351690554 ], [ 18.580312556518287, 49.852603682741375 ], [ 18.588759822256712, 49.857737909263037 ], [ 18.599630843807677, 49.864241914234668 ], [ 18.588648293950719, 49.870873868074597 ], [ 18.580452321253436, 49.875743984279289 ], [ 18.580527611092005, 49.887314119860044 ], [ 18.580606470774573, 49.898884245177364 ], [ 18.580688861713003, 49.910454360083222 ], [ 18.568978310320968, 49.917516490975849 ], [ 18.561500582437162, 49.921953192446033 ], [ 18.5495968381701, 49.929126183032984 ], [ 18.537825981178624, 49.921861264723447 ], [ 18.538121235551042, 49.910292635541438 ], [ 18.530546509262326, 49.905687577699119 ], [ 18.511278682343512, 49.905609094538896 ], [ 18.492010940342041, 49.905527588288408 ], [ 18.484347895195231, 49.910066000534329 ], [ 18.472615942919088, 49.917122008318522 ], [ 18.465135664852887, 49.921548809697462 ], [ 18.453211636732014, 49.928713996167765 ], [ 18.433934874160542, 49.928622121620784 ], [ 18.426638313204489, 49.932934693837581 ], [ 18.414516707193947, 49.940207333416367 ], [ 18.39523550109358, 49.940108209397849 ], [ 18.375954405723011, 49.940005734524718 ], [ 18.356673425288818, 49.939899866205394 ], [ 18.34955435552828, 49.944097838563465 ], [ 18.337232345436842, 49.951468552668821 ], [ 18.325117558729808, 49.943958228996848 ], [ 18.337433496724834, 49.936805837771381 ], [ 18.344735205838358, 49.93250088788561 ], [ 18.337552662685411, 49.928113650908323 ], [ 18.325795378965445, 49.920822480366581 ], [ 18.318441188971928, 49.916327024960772 ], [ 18.310961490008637, 49.920735295838362 ], [ 18.299000602582314, 49.927886591702908 ], [ 18.291694794519813, 49.932189096289548 ], [ 18.291701877357418, 49.943758987913547 ], [ 18.291710520903564, 49.955328866210571 ], [ 18.279202308018871, 49.962791481146233 ], [ 18.272422316249724, 49.966779298826538 ], [ 18.259733635827299, 49.974339935332303 ], [ 18.240439516341198, 49.97420846433976 ], [ 18.22114555093367, 49.974073045536379 ], [ 18.214505742853174, 49.977971407563849 ], [ 18.214489768049045, 49.989541092326554 ], [ 18.201465411430696, 49.997274199883009 ], [ 18.182162494022748, 49.997127063988493 ], [ 18.169454751881112, 49.989227445517834 ], [ 18.163062259576343, 49.985309067197115 ], [ 18.156535395946218, 49.98913424125012 ], [ 18.143557192157751, 49.996819963063253 ], [ 18.124254819197251, 49.996659888954468 ], [ 18.117837117400864, 50.000416270167626 ], [ 18.104736101881326, 50.008155619131607 ], [ 18.098441725744831, 50.011836993053947 ], [ 18.098378557579156, 50.023406288339544 ], [ 18.098314870797267, 50.034975557012615 ], [ 18.084765167760473, 50.042956385382055 ], [ 18.078882331001864, 50.046392697616433 ], [ 18.065218535125432, 50.054427509650189 ], [ 18.059429523062473, 50.05780641956725 ], [ 18.045662724790493, 50.065888396156048 ], [ 18.026333637558764, 50.065690865949939 ], [ 18.013067666639106, 50.05742145952609 ], [ 18.007245165467022, 50.053842550971765 ], [ 17.994173612606723, 50.045689481352319 ], [ 17.994543470235758, 50.034122882919597 ], [ 18.007810257752155, 50.02643430496795 ], [ 18.020862215660024, 50.034347924851168 ], [ 18.026892701073113, 50.038054793366705 ], [ 18.033070972462252, 50.034450290343457 ], [ 18.033440409788462, 50.022883566279376 ], [ 18.033810353659682, 50.011316823170112 ], [ 18.027510942153185, 50.007443217730561 ], [ 18.008205201006472, 50.007253513169921 ], [ 18.001705726393421, 50.011045051098456 ], [ 17.988655288830518, 50.018704602920003 ], [ 17.976026365974715, 50.010821274417495 ], [ 17.969594417573592, 50.006859995060935 ], [ 17.950289386412578, 50.006656154767903 ], [ 17.937890272629208, 49.99890854916962 ], [ 17.93124267354732, 49.994809254797524 ], [ 17.919014312993156, 49.987164273193933 ], [ 17.912205255638458, 49.982962267909663 ], [ 17.892910176646538, 49.982749480303454 ], [ 17.880898497928293, 49.97523286365292 ], [ 17.873886892060344, 49.970900370348481 ], [ 17.866676287204498, 49.97509478784945 ], [ 17.854320795993601, 49.98230993750478 ], [ 17.847159476942455, 49.986472485250481 ], [ 17.834745621795967, 49.993709110870704 ], [ 17.827621777711794, 49.997846692876038 ], [ 17.827437418203509, 50.009414814347465 ], [ 17.814875554385402, 50.016720187927262 ], [ 17.795568041682806, 50.016476721345043 ], [ 17.788484427845592, 50.020584607230248 ], [ 17.788280589571592, 50.03215244824225 ], [ 17.775670269297624, 50.039461852676425 ], [ 17.768672144384254, 50.043516000998068 ], [ 17.76845803455652, 50.055083669476183 ], [ 17.768243199599222, 50.066651308075102 ], [ 17.755453133694054, 50.074044392673258 ], [ 17.748597216965653, 50.078011064459325 ], [ 17.735818155627406, 50.08538684579193 ], [ 17.728933090342945, 50.089367304821813 ], [ 17.728699958188667, 50.100934635526997 ], [ 17.715863717135665, 50.108328975804568 ], [ 17.709010020536592, 50.112287220903774 ], [ 17.696205648344275, 50.11965327440133 ], [ 17.684030126251709, 50.11200676292944 ], [ 17.67717818383521, 50.107762454968636 ], [ 17.657835856290561, 50.107474311999908 ], [ 17.650640405834309, 50.111623487594549 ], [ 17.650375301724651, 50.123190311285036 ], [ 17.637835560722984, 50.130383721231013 ], [ 17.630639235607635, 50.134529118976815 ], [ 17.618150480582166, 50.141684902632917 ], [ 17.61088929930796, 50.145864417349387 ], [ 17.598456202619641, 50.152980353268497 ], [ 17.591126198764076, 50.157196208717856 ], [ 17.598204537219402, 50.161586415636698 ], [ 17.610330070702219, 50.168997454035015 ], [ 17.617239326871264, 50.173279562338166 ], [ 17.636611804436189, 50.173434876881821 ], [ 17.655984486458614, 50.17358638892356 ], [ 17.668552247137907, 50.181249298192036 ], [ 17.675038502435566, 50.185261995430174 ], [ 17.694416276024871, 50.185404735447925 ], [ 17.707315677513677, 50.193256905623521 ], [ 17.7134845850874, 50.197068392279959 ], [ 17.732867422409441, 50.197202744607253 ], [ 17.746111212925275, 50.20525183130524 ], [ 17.751950006925682, 50.208854735478162 ], [ 17.765411246239843, 50.217028176813564 ], [ 17.765192519259163, 50.228595463714342 ], [ 17.764973954346281, 50.240162730187265 ], [ 17.750921868426783, 50.248226381515479 ], [ 17.745206374164962, 50.251520527836902 ], [ 17.731214268550509, 50.259540508339441 ], [ 17.725424590274415, 50.262874816164164 ], [ 17.725192086321325, 50.274441822022716 ], [ 17.730727483530643, 50.277854583311928 ], [ 17.744530871345933, 50.286221851720022 ], [ 17.74984176643887, 50.289493717700054 ], [ 17.763885221701443, 50.297998773917023 ], [ 17.749401311793807, 50.306294498041581 ], [ 17.729978683912289, 50.305989306385001 ], [ 17.724497425743937, 50.309142738360762 ], [ 17.724266931267195, 50.320709677935177 ], [ 17.709927895849312, 50.328905103695497 ], [ 17.690496480322548, 50.328591534488147 ], [ 17.677089179199911, 50.320182406131273 ], [ 17.677482386293747, 50.308617370730332 ], [ 17.677874492140326, 50.297052300239791 ], [ 17.67203586323329, 50.293448874253365 ], [ 17.658999698691812, 50.285266510855173 ], [ 17.65294684061903, 50.281528049539546 ], [ 17.640127480943384, 50.273477629726507 ], [ 17.633867242106692, 50.269608165955027 ], [ 17.614460435519685, 50.26929199369809 ], [ 17.607834066031831, 50.273095277036276 ], [ 17.59471238993935, 50.280575492802264 ], [ 17.575301489855836, 50.280253782497148 ], [ 17.563053601580872, 50.27255022173545 ], [ 17.556241761521235, 50.268330957030201 ], [ 17.536836114665768, 50.268006804611474 ], [ 17.529633578821077, 50.272132192530982 ], [ 17.517070522774453, 50.279277600385392 ], [ 17.497660774365624, 50.278948837017936 ], [ 17.48594640412194, 50.271571236962018 ], [ 17.478620891982597, 50.267024254997722 ], [ 17.459216387519863, 50.266693632722159 ], [ 17.447798117969366, 50.259498148484113 ], [ 17.440190826583322, 50.254770225830363 ], [ 17.432281529660845, 50.259289843734557 ], [ 17.43194636703258, 50.270855151651489 ], [ 17.420024628395673, 50.277618930075292 ], [ 17.400616301879577, 50.277283007167831 ], [ 17.392547288753484, 50.281886694379601 ], [ 17.380815031655704, 50.288535095799261 ], [ 17.369771535350424, 50.281569437955234 ], [ 17.370205656979316, 50.27000565299425 ], [ 17.362198122912513, 50.265019629439671 ], [ 17.353856409799295, 50.26977520454335 ], [ 17.353496672271692, 50.281339999912014 ], [ 17.353137816358373, 50.292904786187243 ], [ 17.352779867196787, 50.304469563734948 ], [ 17.341184425613356, 50.311031244055243 ], [ 17.332884186845131, 50.315755753711557 ], [ 17.340847406359401, 50.32071293996492 ], [ 17.352066782625002, 50.327599094012314 ], [ 17.340377249009997, 50.334210488662919 ], [ 17.329385444122305, 50.327275355677195 ], [ 17.321355070752059, 50.322275490859987 ], [ 17.301929447481047, 50.32192928538857 ], [ 17.28250411351133, 50.321581890303982 ], [ 17.273909804743106, 50.326464870695361 ], [ 17.262656579876847, 50.332819429269286 ], [ 17.243227140345155, 50.332468699711448 ], [ 17.234461824942656, 50.337442348081396 ], [ 17.22336581658039, 50.343701807695396 ], [ 17.214536303224463, 50.348707953971768 ], [ 17.214140211372637, 50.360271773405017 ], [ 17.203057591519393, 50.366518289292067 ], [ 17.194202388914029, 50.37153373266532 ], [ 17.193802275369467, 50.383097403955773 ], [ 17.18272960310766, 50.389333045433794 ], [ 17.163277858415682, 50.388973173995822 ], [ 17.152966024526034, 50.382455950950394 ], [ 17.144278666492145, 50.377027377960815 ], [ 17.135178662456788, 50.382172060706083 ], [ 17.124375284908417, 50.388249608195082 ], [ 17.115222129756226, 50.393420270683222 ], [ 17.114800530410459, 50.404983379226344 ], [ 17.10400013948616, 50.411054371650827 ], [ 17.0845402042691, 50.410687795755656 ], [ 17.065080585350611, 50.410319816139562 ], [ 17.045621286365282, 50.40995037612192 ], [ 17.036210107558517, 50.415252900876951 ], [ 17.025680774399468, 50.421162204127214 ], [ 17.006217405698052, 50.420789110498418 ], [ 16.986754367735394, 50.420414415646704 ], [ 16.967291664542142, 50.420038061513431 ], [ 16.957628783530279, 50.425469611360974 ], [ 16.947328515622758, 50.431241429184453 ], [ 16.937633233869441, 50.436686891761667 ], [ 16.927355891586366, 50.44244285627223 ], [ 16.917630983101489, 50.447900646848971 ], [ 16.907373783395343, 50.453642382324759 ], [ 16.897750928238896, 50.447543069795238 ], [ 16.888413971800777, 50.441676090567277 ], [ 16.87887939947424, 50.435630305096026 ], [ 16.879428351076989, 50.424070114653233 ], [ 16.869983314951384, 50.418129434140454 ], [ 16.860565200813557, 50.412154407161204 ], [ 16.870501716788304, 50.406570895299367 ], [ 16.880521617261589, 50.400949586243755 ], [ 16.890473333703277, 50.395351624730608 ], [ 16.900466025163837, 50.389741156711011 ], [ 16.910435609086846, 50.384127277974194 ], [ 16.920398509357998, 50.378529125351356 ], [ 16.920931110610013, 50.3669684087413 ], [ 16.921462230769048, 50.355407644579238 ], [ 16.931392873343327, 50.349805981449691 ], [ 16.941371352399571, 50.344191647941905 ], [ 16.941895270608367, 50.3326306521883 ], [ 16.942417755951102, 50.321069609962883 ], [ 16.952319542103968, 50.315474754010175 ], [ 16.962303929269208, 50.309849667741609 ], [ 16.972233754452787, 50.304233414065024 ], [ 16.991652250899449, 50.304536513173844 ], [ 17.001536368272991, 50.298960653383844 ], [ 17.011552824908634, 50.293286163575843 ], [ 17.021393965519678, 50.287730189477735 ], [ 17.021894245732547, 50.276168439340019 ], [ 17.022393185911795, 50.264606645130648 ], [ 17.012993548547897, 50.258698048619429 ], [ 17.003551218396709, 50.252714078515396 ], [ 17.004051633543451, 50.241152325085309 ], [ 17.013956928456412, 50.235531921675147 ], [ 17.023882174862813, 50.229921001679848 ], [ 17.01443686274877, 50.223979738968069 ], [ 16.99505366088971, 50.223613536084549 ], [ 16.985069322629876, 50.229254232201086 ], [ 16.984598083006926, 50.240816454557347 ], [ 16.9746902441073, 50.246388295845044 ], [ 16.965376246786477, 50.240481381515174 ], [ 16.96588370000255, 50.228919845932353 ], [ 16.956288301249984, 50.222874629417923 ], [ 16.936906151830122, 50.222501835289869 ], [ 16.917524361556083, 50.222126757178728 ], [ 16.898142934554098, 50.221749355208402 ], [ 16.889057942470135, 50.215978517318014 ], [ 16.889579975784439, 50.204417438351072 ], [ 16.879787742273827, 50.198232469932272 ], [ 16.860416392312121, 50.197850962644722 ], [ 16.850044996957156, 50.203692268661854 ], [ 16.84052332890829, 50.209034651710489 ], [ 16.831583649483516, 50.203349026449132 ], [ 16.832117595736815, 50.191788329355191 ], [ 16.822201215309835, 50.185513663199266 ], [ 16.802835671166658, 50.185124947141652 ], [ 16.793999882916118, 50.179499711386946 ], [ 16.794540254805533, 50.16793921800722 ], [ 16.795079413972548, 50.156378680857379 ], [ 16.785075439340876, 50.150037753592201 ], [ 16.776304595369432, 50.144449755926601 ], [ 16.766263536301572, 50.138080581523042 ], [ 16.74691779874377, 50.137685083245252 ], [ 16.738227679319142, 50.132143208270044 ], [ 16.738776720115698, 50.120582987943884 ], [ 16.728667699094093, 50.114161155305588 ], [ 16.720023840994454, 50.108645154293242 ], [ 16.70988375479201, 50.102198797120032 ], [ 16.690553168158335, 50.101795889586867 ], [ 16.67122299324912, 50.101390226987697 ], [ 16.660415597419632, 50.107458778587379 ], [ 16.651327611638017, 50.112543091231203 ], [ 16.631993627190752, 50.112131689557906 ], [ 16.621117393853471, 50.118230972899873 ], [ 16.620547651770725, 50.129790386421035 ], [ 16.611509048340363, 50.134840785324066 ], [ 16.592166612845112, 50.134423491860467 ], [ 16.581226945085394, 50.140548734841239 ], [ 16.580648885346392, 50.152107803829587 ], [ 16.571653358562774, 50.157128140585328 ], [ 16.560688190389751, 50.16326118852659 ], [ 16.560106653489363, 50.17482007792335 ], [ 16.55952573066569, 50.186378960151707 ], [ 16.558945443944175, 50.197937835689046 ], [ 16.558365814798144, 50.209496705001449 ], [ 16.557786864103424, 50.221055568542681 ], [ 16.548750810240968, 50.226092183093179 ], [ 16.537799205491559, 50.232204557185632 ], [ 16.528774231873349, 50.23723236218521 ], [ 16.517804564713852, 50.243349996677857 ], [ 16.508788289813918, 50.248370397036254 ], [ 16.497803055068282, 50.254491886736957 ], [ 16.497213530384926, 50.266050246321022 ], [ 16.488184208380204, 50.271074901991049 ], [ 16.477201635203407, 50.277188421520606 ], [ 16.46817437100011, 50.282209551392796 ], [ 16.457183166480792, 50.288323047618483 ], [ 16.45658730020039, 50.29988107632763 ], [ 16.44753563671809, 50.304913021826465 ], [ 16.43655889479167, 50.311011990016212 ], [ 16.435960446797711, 50.322569855565398 ], [ 16.426876717873515, 50.327617002921151 ], [ 16.407458568091215, 50.327174702542294 ], [ 16.388040866834842, 50.326729801151423 ], [ 16.377045929673216, 50.332826064461649 ], [ 16.376436491053571, 50.344383442776191 ], [ 16.367343712530356, 50.349429729186681 ], [ 16.356383682659651, 50.355500165413282 ], [ 16.366645055581422, 50.362052334708657 ], [ 16.375220521756283, 50.367498206915457 ], [ 16.366061950978473, 50.372580349257632 ], [ 16.355161264211478, 50.378614608961286 ], [ 16.345979920616799, 50.383707423551051 ], [ 16.326539922831937, 50.383255442492526 ], [ 16.307100381446613, 50.382800921638392 ], [ 16.298558247202958, 50.377312894071885 ], [ 16.288321836548661, 50.370766694278998 ], [ 16.277366848059625, 50.376818444801458 ], [ 16.268222677976681, 50.381884272252819 ], [ 16.257292082185653, 50.387917756587107 ], [ 16.256662790956376, 50.399474167634011 ], [ 16.247443012535957, 50.404579804267918 ], [ 16.236579633471866, 50.410569774140406 ], [ 16.227319583630702, 50.415695909231019 ], [ 16.216491204706156, 50.421661835376092 ], [ 16.207186616699552, 50.426810825865729 ], [ 16.196397576906275, 50.43275035126856 ], [ 16.195760392856126, 50.444306289650541 ], [ 16.205778333119863, 50.450719280292354 ], [ 16.214591645312733, 50.456330147550609 ], [ 16.224569430344964, 50.46271265014812 ], [ 16.244040729277962, 50.46317525803488 ], [ 16.252908826567282, 50.46881275080748 ], [ 16.262846638885168, 50.475161528826796 ], [ 16.282323739714748, 50.475616674495434 ], [ 16.291250450488658, 50.481283112857547 ], [ 16.301144465427662, 50.487595797034672 ], [ 16.31012612167191, 50.493292167540552 ], [ 16.309518167231591, 50.504849109731659 ], [ 16.319321792212595, 50.511098072970967 ], [ 16.329807108158136, 50.50531655221625 ], [ 16.339462903539939, 50.500015359876656 ], [ 16.358951576627046, 50.500455469114613 ], [ 16.368007586066522, 50.506187042936375 ], [ 16.377801947862437, 50.512420097066936 ], [ 16.386917242253343, 50.518184138121974 ], [ 16.396661907288504, 50.524380902633837 ], [ 16.40583804358484, 50.530178316659978 ], [ 16.396043429351892, 50.535611087423348 ], [ 16.385738995241489, 50.541299304841921 ], [ 16.395391826296098, 50.547434997200099 ], [ 16.404669999627316, 50.553293800151771 ], [ 16.404087401063983, 50.564851544788439 ], [ 16.413638854819006, 50.570916901943058 ], [ 16.43315797374003, 50.571343850535243 ], [ 16.442565805141069, 50.577274020026486 ], [ 16.441993456917675, 50.58883207721663 ], [ 16.431901868725738, 50.594430128075558 ], [ 16.421882625589127, 50.599959082297083 ], [ 16.411737659613813, 50.605584489216504 ], [ 16.401766455130485, 50.611082542101215 ], [ 16.391563803493501, 50.61673765024274 ], [ 16.381644974830007, 50.622202455462116 ], [ 16.381063889851855, 50.633760056835591 ], [ 16.370733201414527, 50.639483132757682 ], [ 16.360933918350774, 50.64487626920112 ], [ 16.350534732597154, 50.65063487905546 ], [ 16.340798676392865, 50.655988931747764 ], [ 16.330326582985439, 50.661785440019678 ], [ 16.310771733443843, 50.661338396768144 ], [ 16.291217330907962, 50.66088897802824 ], [ 16.281556328616556, 50.666191945574646 ], [ 16.270990732171089, 50.672033979162684 ], [ 16.251432404772121, 50.671579967938776 ], [ 16.23187453436017, 50.671123540172047 ], [ 16.221980781866961, 50.664786128495173 ], [ 16.222734086629487, 50.653233178520097 ], [ 16.223485616682378, 50.641680166592081 ], [ 16.214377030214067, 50.635874674046335 ], [ 16.194834559868045, 50.635412771930461 ], [ 16.185076515700079, 50.640757974190151 ], [ 16.17459677334293, 50.646544774525672 ], [ 16.155050416743403, 50.646078179705277 ], [ 16.145390062470636, 50.651362863716436 ], [ 16.134798597767261, 50.657206570242572 ], [ 16.115248365689467, 50.656735220136149 ], [ 16.09569861318948, 50.656261380798327 ], [ 16.085779858834176, 50.649886254265326 ], [ 16.076869749821999, 50.644187067183125 ], [ 16.067006813305266, 50.637843645653419 ], [ 16.067800186581778, 50.626292366362236 ], [ 16.058774684861262, 50.620513790485411 ], [ 16.049039254358231, 50.614247010506467 ], [ 16.039969329815261, 50.608435627684159 ], [ 16.030286728596099, 50.602198744009144 ], [ 16.021173566238449, 50.59635527077819 ], [ 16.011352703946386, 50.601714124584859 ], [ 16.000912758102128, 50.607464081602764 ], [ 15.991188304352672, 50.612766074839051 ], [ 16.000207055071854, 50.618551786324851 ], [ 16.01003401757503, 50.624823073757774 ], [ 16.009375734087101, 50.636377548822033 ], [ 16.008718149922167, 50.647932024045431 ], [ 16.008061264227916, 50.659486499424055 ], [ 16.007405080064558, 50.671040975054453 ], [ 15.996476184004887, 50.677053507654868 ], [ 15.987219713873214, 50.682091860571767 ], [ 15.976173618774302, 50.688165270073348 ], [ 15.956612843819611, 50.687673960202709 ], [ 15.937052578491077, 50.687180034416215 ], [ 15.917492826548854, 50.686683478228332 ], [ 15.907119189469872, 50.679992071155432 ], [ 15.898699005074382, 50.674583534482935 ], [ 15.87914511386295, 50.674081661230773 ], [ 15.870076409796715, 50.679002337977678 ], [ 15.869391302532406, 50.690555525353673 ], [ 15.858041081676836, 50.696779189324396 ], [ 15.849179822888743, 50.701582078734496 ], [ 15.848491409713018, 50.71313507069793 ], [ 15.836916072377475, 50.719476204648394 ], [ 15.828269186616136, 50.72415780039691 ], [ 15.827577463352153, 50.735710596348937 ], [ 15.826886389692756, 50.747263392964534 ], [ 15.81498199409663, 50.753776806378518 ], [ 15.795396446723633, 50.753263555201961 ], [ 15.784303869236586, 50.746095793960166 ], [ 15.776609172431908, 50.741143509906856 ], [ 15.757029559741843, 50.740624702274125 ], [ 15.737450504576779, 50.740103024405862 ], [ 15.717872011493647, 50.739578455932232 ], [ 15.698294085105506, 50.739050976166723 ], [ 15.69012003928407, 50.74345786434229 ], [ 15.689396880572225, 50.755009236513132 ], [ 15.677072423837371, 50.761727176434448 ], [ 15.657485996667791, 50.761193329025062 ], [ 15.637900153422542, 50.760656475711926 ], [ 15.63005009725611, 50.764879633259682 ], [ 15.617477380158324, 50.77172004431533 ], [ 15.609769587413261, 50.775863309938735 ], [ 15.597044946630353, 50.782780623434881 ], [ 15.577451236401814, 50.782233998124156 ], [ 15.557858132656897, 50.781684254555849 ], [ 15.538265640367127, 50.781131372086953 ], [ 15.518673764529908, 50.780575330187979 ], [ 15.511298134534144, 50.784528529808703 ], [ 15.498214823560579, 50.791618871439042 ], [ 15.478619374336313, 50.791056067087503 ], [ 15.471437079008487, 50.794900502568922 ], [ 15.458146594668799, 50.802092724104995 ], [ 15.451110964350434, 50.805855596953933 ], [ 15.437664166624568, 50.813126063780494 ], [ 15.425290785963968, 50.805066326312875 ], [ 15.418949238948178, 50.800950059701734 ], [ 15.406628655152277, 50.792919737315025 ], [ 15.407609015075181, 50.781377407319155 ], [ 15.401135737322734, 50.777171605068361 ], [ 15.381548318082015, 50.776592889862087 ], [ 15.374509028074215, 50.780351997302169 ], [ 15.373708860278857, 50.791899742796296 ], [ 15.37290939573875, 50.803447494972055 ], [ 15.372110707754491, 50.814995256135262 ], [ 15.371312869829559, 50.826543028599247 ], [ 15.370515955128694, 50.838090814668021 ], [ 15.356543250468693, 50.845621372133586 ], [ 15.350150646609841, 50.849027436448381 ], [ 15.336018015754091, 50.856637515409147 ], [ 15.329776615954581, 50.859960307029077 ], [ 15.31548311077163, 50.867650275464946 ], [ 15.309393861288736, 50.870889422825613 ], [ 15.29493853016764, 50.878659648542587 ], [ 15.289002379265078, 50.881814780206511 ], [ 15.288190351010966, 50.893361683363644 ], [ 15.287379604437747, 50.904908612645002 ], [ 15.272528607207162, 50.912880248156064 ], [ 15.266971548691339, 50.915829761185009 ], [ 15.266158264597497, 50.927376496993624 ], [ 15.27111080506754, 50.930596391740082 ], [ 15.284955520475023, 50.939549572382873 ], [ 15.289841912810557, 50.942724063472546 ], [ 15.303765155696874, 50.951719882348591 ], [ 15.288470231876195, 50.959925978501467 ], [ 15.283346617620552, 50.962643700473137 ], [ 15.282544381136331, 50.974190813295806 ], [ 15.266944641411847, 50.982550805010597 ], [ 15.24727419468261, 50.981942987949147 ], [ 15.242483367683466, 50.9844800300393 ], [ 15.241673420408269, 50.996026704033305 ], [ 15.225717964439296, 51.004562109732049 ], [ 15.21115245997521, 50.995039499390039 ], [ 15.206987678733887, 50.992330922065129 ], [ 15.192509620532707, 50.982859647219804 ], [ 15.188267118687559, 50.980098441781493 ], [ 15.183595662760876, 50.982568356367068 ], [ 15.18276965223731, 50.994114260744247 ], [ 15.181945014659199, 51.005660196013501 ], [ 15.181121722154701, 51.017206161295789 ], [ 15.164765264214457, 51.025934919044097 ], [ 15.149863397231449, 51.016178899492019 ], [ 15.146043468192278, 51.013691534285755 ], [ 15.131233502789717, 51.00398960105904 ], [ 15.132316877796374, 50.992452458721537 ], [ 15.128299341914321, 50.989833907758879 ], [ 15.12386879719541, 50.992172056502554 ], [ 15.10765629630836, 51.000813090921866 ], [ 15.103389597173294, 51.003062924473241 ], [ 15.102544675909288, 51.014607837582851 ], [ 15.086024403535649, 51.023402337698982 ], [ 15.066341049237202, 51.022760248837542 ], [ 15.051296237297905, 51.01288456589964 ], [ 15.047647306066589, 51.010502018201407 ], [ 15.043614888343663, 51.012624326068632 ], [ 15.026976605382506, 51.021465299993039 ], [ 15.007295524806953, 51.020812430199605 ], [ 14.987615211086938, 51.020155957485493 ], [ 14.972464660763004, 51.01018965458848 ], [ 14.97358501608238, 50.998654809761035 ], [ 14.974702933115479, 50.98711986499049 ], [ 14.991210024186321, 50.978525068585306 ], [ 15.010869504740226, 50.979219148062306 ], [ 15.015205762411011, 50.976937207083836 ], [ 15.016310021045902, 50.965401502330124 ], [ 15.017411731597605, 50.953865694620738 ], [ 15.013275775135185, 50.951159417069874 ], [ 14.998829596263375, 50.941656070578127 ], [ 14.99993055401726, 50.930120333847498 ], [ 14.99562167812468, 50.9272982144984 ], [ 14.981357674916909, 50.917908045357365 ], [ 14.997136217151334, 50.909677071590252 ], [ 15.002124842862083, 50.907048551356901 ], [ 14.997615755239794, 50.904094098798893 ], [ 14.983555666871959, 50.89483661465394 ], [ 14.999107183707151, 50.886718872569915 ], [ 15.004309081027483, 50.883976361063901 ], [ 15.005397499659828, 50.872440115408814 ], [ 15.000601247557277, 50.86929558660627 ], [ 14.980984660692993, 50.868642928296453 ], [ 14.961368837419059, 50.86798667959993 ], [ 14.941753782247854, 50.867326835142052 ], [ 14.936562219686031, 50.870060232089386 ], [ 14.921125793421586, 50.878259721759456 ], [ 14.901507467935678, 50.877592123777482 ], [ 14.881889924856678, 50.876920914622673 ], [ 14.862273168583425, 50.87624609060596 ], [ 14.842657203488265, 50.875567648401727 ], [ 14.823042033917364, 50.874885585035436 ], [ 14.818163499464868, 50.877445335018216 ], [ 14.82255376529363, 50.880337536749877 ], [ 14.836813334981843, 50.889687186962625 ], [ 14.841143992238775, 50.892537981312564 ], [ 14.855475055514557, 50.901926338105547 ], [ 14.854550935286898, 50.913467444494948 ], [ 14.858723950178176, 50.916211845490828 ], [ 14.873231035462425, 50.925704203015634 ], [ 14.87733810171685, 50.928403204194574 ], [ 14.891923133912934, 50.937938252204702 ], [ 14.891013118446955, 50.94948000977822 ], [ 14.894949949402701, 50.952064665973829 ], [ 14.909723758335474, 50.961711655097993 ], [ 14.913588083430323, 50.964246800196243 ], [ 14.928446485402315, 50.973940581547105 ], [ 14.927550648295037, 50.985482983696386 ], [ 14.926655933219394, 50.997025412090437 ], [ 14.930227158479337, 50.999365547127859 ], [ 14.945403779414113, 51.009252224916537 ], [ 14.944516602001542, 51.020794981022419 ], [ 14.947892569393895, 51.023005045404759 ], [ 14.963283021314503, 51.033019362022266 ], [ 14.962403225526915, 51.04456243794948 ], [ 14.961524291302011, 51.056105530717204 ], [ 14.964577967678233, 51.058102275284561 ], [ 14.980315491760681, 51.068327760034435 ], [ 14.979443555838381, 51.079871156802049 ], [ 14.982282882652145, 51.08172595479467 ], [ 14.998252962184273, 51.092090920303839 ], [ 14.997387700148225, 51.103634607622311 ], [ 14.996522816401114, 51.115178294882675 ], [ 14.995658178088355, 51.126721977550822 ], [ 14.994793644601813, 51.138265650824358 ], [ 14.997030541172846, 51.139724592994504 ], [ 15.013638375551897, 51.150483743677164 ], [ 14.995255461021362, 51.160205347400101 ], [ 14.993064295132664, 51.161352948780511 ], [ 14.99504399602244, 51.162643607444302 ], [ 15.011919972591075, 51.173571561723911 ], [ 15.011060109991323, 51.185115428649233 ], [ 15.012802968211444, 51.186250579654072 ], [ 15.029932269160243, 51.197331489512585 ], [ 15.029076742848206, 51.208875563047741 ], [ 15.028220231057592, 51.220419590024392 ], [ 15.027362560071515, 51.231963564541253 ], [ 15.02860501890536, 51.232771676670737 ], [ 15.046259979526223, 51.244177505591985 ], [ 15.04540538309681, 51.255721642748426 ], [ 15.044549130561704, 51.267265710745185 ], [ 15.0436910570536, 51.27880970399837 ], [ 15.04283100338532, 51.290353617113574 ], [ 15.022715216968772, 51.300947797405328 ], [ 15.022182726764852, 51.301225988118951 ], [ 15.021312304862917, 51.312769437674781 ], [ 15.000894175114865, 51.323505658832012 ], [ 15.000641719048923, 51.323637401505721 ], [ 14.999760376568178, 51.335180365666993 ], [ 14.99891940710644, 51.346161189881464 ], [ 15.012271434126674, 51.34718067883211 ], [ 15.01866509243291, 51.347673973771776 ], [ 15.038407821646738, 51.349234852881899 ], [ 15.058149045475126, 51.350827670706167 ], [ 15.077888725059587, 51.35245336720115 ], [ 15.097626818121572, 51.354112941325852 ], [ 15.117363278716764, 51.355807455423808 ], [ 15.13709805697985, 51.357538039849921 ], [ 15.156831098860337, 51.359305897844088 ], [ 15.176562345850147, 51.361112310651627 ], [ 15.196291734703831, 51.362958642888799 ], [ 15.216019197152519, 51.364846348148532 ], [ 15.226266475634263, 51.365852316471411 ], [ 15.235743032220682, 51.36679679578517 ], [ 15.255462891852535, 51.368815236583899 ], [ 15.275180459574733, 51.370882028068699 ], [ 15.294895637167565, 51.372999157606422 ], [ 15.314608319628144, 51.375168738842426 ], [ 15.334318394878196, 51.37739301868173 ], [ 15.354025743481284, 51.379674384370418 ], [ 15.3737302383733, 51.382015370633084 ], [ 15.374514090387764, 51.382111495984752 ], [ 15.39342708889223, 51.384477820209241 ], [ 15.413120418987326, 51.387011037004363 ], [ 15.432810261088981, 51.389615771120916 ], [ 15.452496444831487, 51.392295407693609 ], [ 15.472178790924421, 51.395053521868235 ], [ 15.486283522946092, 51.397092050144998 ], [ 15.491855338301109, 51.397917031447143 ], [ 15.511522890330028, 51.400929672833918 ], [ 15.531185730090444, 51.404037407844818 ], [ 15.550843629134354, 51.407244881631662 ], [ 15.570496350155464, 51.410556961595155 ], [ 15.574651354420816, 51.411282550726547 ], [ 15.590137163113969, 51.414065796884032 ], [ 15.60977018735465, 51.417719136207502 ], [ 15.62939688834415, 51.421499570879 ], [ 15.646626132006418, 51.424937321060561 ], [ 15.649015769784397, 51.425429740521274 ], [ 15.668618553445699, 51.429625957925019 ], [ 15.688213673782363, 51.433976338564179 ], [ 15.706593469922826, 51.438210256766503 ], [ 15.707800070144506, 51.438498329091992 ], [ 15.727366262226772, 51.443355403597785 ], [ 15.74692326956475, 51.448398566943467 ], [ 15.757369695730663, 51.451197972215063 ], [ 15.76646389874524, 51.453732843876899 ], [ 15.785986145953814, 51.459391918920623 ], [ 15.801185240368104, 51.463973464963701 ], [ 15.805493745088141, 51.465328174542222 ], [ 15.824976027947905, 51.471700123834495 ], [ 15.839315037184267, 51.476579030417923 ], [ 15.844440744772815, 51.478403394674579 ], [ 15.863877244255896, 51.485599093987588 ], [ 15.872838127358285, 51.489049086645494 ], [ 15.883287354909296, 51.493269334663637 ], [ 15.902662891735346, 51.5014116495067 ], [ 15.902671567980184, 51.501415482495361 ], [ 15.922013168497696, 51.510294007194418 ], [ 15.929105092012193, 51.513677854693768 ], [ 15.9413185812849, 51.519822381394555 ], [ 15.952885589202481, 51.525868766789642 ], [ 15.960580648697446, 51.530119822043709 ], [ 15.974305404245184, 51.537993801144431 ], [ 15.979790909463929, 51.541328025412838 ], [ 15.993634228330812, 51.55006118961677 ], [ 15.99893928098853, 51.553616613614295 ], [ 16.011111112324954, 51.562078079135695 ], [ 16.018013576785613, 51.567191265813989 ], [ 16.026946066563305, 51.574050638727797 ], [ 16.036998787691054, 51.582305725600236 ], [ 16.041322434576173, 51.585984173200643 ], [ 16.054356931733555, 51.597882162527213 ], [ 16.055870395771144, 51.599366370326621 ], [ 16.066084801478301, 51.609745946690353 ], [ 16.074583947520068, 51.619098397313593 ], [ 16.076763119898668, 51.621582334287105 ], [ 16.086321954627913, 51.633389883687535 ], [ 16.093077573996375, 51.642514869114777 ], [ 16.094976923550053, 51.645174215701118 ], [ 16.102651758994114, 51.65693365441777 ], [ 16.109561314710088, 51.668673691335556 ], [ 16.111216827805155, 51.671789683024286 ], [ 16.11561563500775, 51.680392256932812 ], [ 16.120940210580141, 51.692092567890178 ], [ 16.125612306479216, 51.703776620757729 ], [ 16.128653833223012, 51.712506292822468 ], [ 16.129635380842512, 51.715444582837755 ], [ 16.132996278903519, 51.727096204463081 ], [ 16.135812208967138, 51.738734406091133 ], [ 16.138114701889727, 51.750359999250428 ], [ 16.139935087095683, 51.761973780748676 ], [ 16.141304456185708, 51.773576533143597 ], [ 16.142253609851103, 51.785169024713881 ], [ 16.142812992179696, 51.796752009029021 ], [ 16.142935214352828, 51.803648261189096 ], [ 16.143003206944329, 51.808325995436618 ], [ 16.14285720827419, 51.819891789609649 ], [ 16.142417362899497, 51.831450422843204 ], [ 16.141711390704014, 51.843002568053969 ], [ 16.140766241347045, 51.854548877887062 ], [ 16.139608039482791, 51.866089983950275 ], [ 16.138262041428103, 51.877626496239941 ], [ 16.13822887880989, 51.877877992104899 ], [ 16.136732154604694, 51.889158504833141 ], [ 16.13505796161893, 51.900686968233124 ], [ 16.13326311147787, 51.912212457797359 ], [ 16.131369880886592, 51.923735512209461 ], [ 16.129399652071534, 51.935256649259117 ], [ 16.127372941542987, 51.94677636664251 ], [ 16.125309440354822, 51.95829514299988 ], [ 16.123228064792727, 51.969813439171347 ], [ 16.121147016346324, 51.981331699648614 ], [ 16.11908384980514, 51.992850354200371 ], [ 16.117055548350613, 52.004369819647643 ], [ 16.115078604587687, 52.015890501767714 ], [ 16.11316910656199, 52.027412797305665 ], [ 16.111342827929686, 52.0389370960755 ], [ 16.109615321583888, 52.050463783134589 ], [ 16.108002016183129, 52.061993241018605 ], [ 16.106518315173243, 52.073525852025853 ], [ 16.10517969803557, 52.085062000543672 ], [ 16.104100881478001, 52.095630044272013 ], [ 16.104000931686443, 52.096602053483259 ], [ 16.102993612541464, 52.108146299615214 ], [ 16.102184166114967, 52.119695391982461 ], [ 16.101589576319871, 52.131249750928184 ], [ 16.101403176284535, 52.137206957504226 ], [ 16.101223178708693, 52.14280970609947 ], [ 16.10109769347703, 52.154375570752713 ], [ 16.101236749448944, 52.165947924901509 ], [ 16.101660362146472, 52.177527257677589 ], [ 16.102389654011525, 52.189114082945586 ], [ 16.103446990657485, 52.200708942085512 ], [ 16.104856124313702, 52.212312406856967 ], [ 16.106642345571302, 52.223925082355144 ], [ 16.10883264466824, 52.235547610068593 ], [ 16.111455883696145, 52.247180671049229 ], [ 16.113906651589016, 52.256448879532691 ], [ 16.114530379213278, 52.258824680974158 ], [ 16.118048278902428, 52.270479409161467 ], [ 16.122096009377422, 52.282146920319775 ], [ 16.126712319763708, 52.293828099126266 ], [ 16.13112888255819, 52.303738852337233 ], [ 16.131927558542369, 52.305523611775754 ], [ 16.137732222662923, 52.317233143608973 ], [ 16.144240463287467, 52.328959364385753 ], [ 16.14927873920151, 52.337160002871478 ], [ 16.151482614553224, 52.340702883918645 ], [ 16.159485964279259, 52.352464217655196 ], [ 16.167899241078292, 52.363640222672807 ], [ 16.168363649647684, 52.364245917544324 ], [ 16.178124859812343, 52.376047998856997 ], [ 16.186826298899618, 52.385642169120793 ], [ 16.188899024602161, 52.387873315729045 ], [ 16.200737685425274, 52.39972280407985 ], [ 16.20596568525778, 52.404576567280216 ], [ 16.213754933618951, 52.411598825908534 ], [ 16.225263738640489, 52.421240853690726 ], [ 16.228054630666978, 52.423503418638205 ], [ 16.243755873008705, 52.435438884079034 ], [ 16.244688167191118, 52.436109133846038 ], [ 16.261006712935863, 52.447408083403744 ], [ 16.264216387548515, 52.449510544854753 ], [ 16.279961847905355, 52.459413885479982 ], [ 16.283829081071481, 52.46172948569005 ], [ 16.300800182762593, 52.471459541630594 ], [ 16.303513548920922, 52.4729495255214 ], [ 16.323259865749201, 52.483313410853611 ], [ 16.323727846984116, 52.483548706915442 ], [ 16.34306019533561, 52.49293308393473 ], [ 16.349021444892806, 52.49568635058894 ], [ 16.362907341046792, 52.501912863854621 ], [ 16.376910182808899, 52.507876019589986 ], [ 16.382796317869555, 52.510322781518525 ], [ 16.402722690929529, 52.518225515928265 ], [ 16.407737322479935, 52.520123381035731 ], [ 16.422682125317046, 52.525683834552218 ], [ 16.441857180685496, 52.532433777002254 ], [ 16.442672894362001, 52.532717471413413 ], [ 16.462689720019487, 52.53940827378517 ], [ 16.479802629247743, 52.544815684826823 ], [ 16.482733276558761, 52.545736598198253 ], [ 16.502798406476572, 52.551784823011495 ], [ 16.522053633913231, 52.557275446200002 ], [ 16.522886977986584, 52.557513230354552 ], [ 16.542992826546168, 52.563024485743867 ], [ 16.563119382457018, 52.568251541873764 ], [ 16.569464713706335, 52.569825969220091 ], [ 16.583261726284846, 52.573276928697659 ], [ 16.603420812930132, 52.578078212717273 ], [ 16.622881209302022, 52.582477993706341 ], [ 16.62359706505692, 52.582642035985188 ], [ 16.643784685312362, 52.58707049277195 ], [ 16.663988106975019, 52.591276854160803 ], [ 16.684155508142659, 52.595259596824505 ], [ 16.68420656827055, 52.595269882001084 ], [ 16.704434420576348, 52.599152068256039 ], [ 16.724676359923379, 52.602829956845376 ], [ 16.744931882643698, 52.606307957059634 ], [ 16.756764596746478, 52.608224446104899 ], [ 16.765198632803632, 52.609626991068914 ], [ 16.785475794753566, 52.612798936525536 ], [ 16.805765781638073, 52.615771546433614 ], [ 16.82606836337893, 52.618543968377516 ], [ 16.846383370488233, 52.621114073479255 ], [ 16.849867465351394, 52.621518256865919 ], [ 16.866707934920818, 52.623535119967457 ], [ 16.887044586572138, 52.625750357666547 ], [ 16.907393907087123, 52.627741664140494 ], [ 16.9277559595313, 52.629501171622437 ], [ 16.948130858570835, 52.631019587073347 ], [ 16.968518768382573, 52.632286165258378 ], [ 16.988919900288554, 52.633288685872394 ], [ 17.009334510001128, 52.634013437495717 ], [ 17.029762894356043, 52.634445211590311 ], [ 17.050205387402318, 52.634567310206101 ], [ 17.070662355710891, 52.634361571542449 ], [ 17.091134192759355, 52.633808417975985 ], [ 17.111621312249646, 52.632886931593745 ], [ 17.13212414022027, 52.631574962615964 ], [ 17.152643105826883, 52.629849276305215 ], [ 17.173178630686632, 52.627685743974759 ], [ 17.178405084917028, 52.627027213686169 ], [ 17.193728441969885, 52.62512453226303 ], [ 17.21429430833695, 52.622108373536648 ], [ 17.234877515067897, 52.618589293933979 ], [ 17.245724277551329, 52.616477621815264 ], [ 17.255476207413025, 52.614595977441162 ], [ 17.276090123025355, 52.610117933201401 ], [ 17.294493559952379, 52.605624232811209 ], [ 17.296721380355759, 52.605082778001581 ], [ 17.317366057516928, 52.599572096607453 ], [ 17.334131602011325, 52.594622768032558 ], [ 17.338027740887625, 52.593473192197152 ], [ 17.358703200675205, 52.586849973146016 ], [ 17.368246349529638, 52.58353213568644 ], [ 17.379393888612945, 52.579642734605507 ], [ 17.398649423539105, 52.57238160309678 ], [ 17.400099713876447, 52.571830968777284 ], [ 17.420818955723654, 52.563438420024731 ], [ 17.426041141275821, 52.561183326071841 ], [ 17.441552672441315, 52.55441169012969 ], [ 17.451182904289368, 52.549949346403061 ], [ 17.462300899146406, 52.54472368225295 ], [ 17.474468292002591, 52.538686160892482 ], [ 17.483063698848316, 52.534344950703868 ], [ 17.496157245775315, 52.527398159941924 ], [ 17.503841492096555, 52.523233831423852 ], [ 17.516450892361526, 52.51608873553068 ], [ 17.524635094452531, 52.511334434066264 ], [ 17.535505008148551, 52.504760527225059 ], [ 17.545445769451245, 52.498573982227384 ], [ 17.553439844438188, 52.493415598489626 ], [ 17.56627530111907, 52.484859306395499 ], [ 17.570347398742815, 52.482055565062353 ], [ 17.586291372755301, 52.470681624107669 ], [ 17.587126317233064, 52.470065177828438 ], [ 17.601312411167576, 52.459294641625277 ], [ 17.608003798016245, 52.453983949798683 ], [ 17.615488984556045, 52.44789588391744 ], [ 17.628847246397864, 52.436485954259162 ], [ 17.628911672632164, 52.436428610434149 ], [ 17.64141924157882, 52.42506549469266 ], [ 17.649861890811888, 52.416937397721505 ], [ 17.653232929896429, 52.413635071234872 ], [ 17.664321450575141, 52.402195282526691 ], [ 17.670866613456518, 52.395010820285925 ], [ 17.674698698787264, 52.390746485482531 ], [ 17.684402466648223, 52.37928928529449 ], [ 17.691949816839141, 52.369715301423462 ], [ 17.693425912393881, 52.367823769546135 ], [ 17.701845753174677, 52.356350934327828 ], [ 17.709618775987298, 52.344870434392675 ], [ 17.713159177297793, 52.339235278440043 ], [ 17.716813810171832, 52.333383142627625 ], [ 17.723454734138318, 52.321889420541581 ], [ 17.729525421054394, 52.310389186079576 ], [ 17.734592688483119, 52.299857679516933 ], [ 17.735060720605127, 52.298882898385422 ], [ 17.740155142145134, 52.287371639178218 ], [ 17.744761470282306, 52.275854961998263 ], [ 17.748908487247064, 52.264333227265531 ], [ 17.752624998569686, 52.252806786163156 ], [ 17.755939481337023, 52.241275978006833 ], [ 17.756595851738499, 52.23873023003744 ], [ 17.758921167985115, 52.229741563321333 ], [ 17.76156157322464, 52.218203477142119 ], [ 17.763874813377868, 52.206661889098619 ], [ 17.765885636606377, 52.195117076192631 ], [ 17.767617552489511, 52.183569298460668 ], [ 17.76909273492025, 52.172018798637517 ], [ 17.770331956039964, 52.160465802061168 ], [ 17.771354546719508, 52.148910516774528 ], [ 17.772178379411447, 52.137353133785659 ], [ 17.772819869584861, 52.125793827452632 ], [ 17.773293992371567, 52.114232755965283 ], [ 17.773614311481552, 52.102670061899445 ], [ 17.77379301786468, 52.091105872825061 ], [ 17.773840975993384, 52.079540301951653 ], [ 17.773767776010708, 52.067973448799755 ], [ 17.773581790322943, 52.056405399888085 ], [ 17.773290233515684, 52.04483622943053 ], [ 17.772899224736808, 52.033266000037273 ], [ 17.772413851918021, 52.021694763418111 ], [ 17.771838237405493, 52.010122561085986 ], [ 17.771175604734729, 51.998549425060951 ], [ 17.770428346425817, 51.986975378575494 ], [ 17.769598092786936, 51.975400436783112 ], [ 17.768685781805129, 51.963824607472468 ], [ 17.76769173027056, 51.952247891790307 ], [ 17.766615706328668, 51.940670284976378 ], [ 17.765457003681565, 51.929091777113868 ], [ 17.765230490619366, 51.926974189223166 ], [ 17.764230926699003, 51.917512526190627 ], [ 17.762922545887363, 51.905932372949962 ], [ 17.761526157099237, 51.894351254349566 ], [ 17.760039741465771, 51.882769145700074 ], [ 17.758461213457366, 51.871186021294008 ], [ 17.756788509812953, 51.859601855324804 ], [ 17.755019681253664, 51.8480166228426 ], [ 17.753152986721876, 51.83643030074623 ], [ 17.751186989720882, 51.824842868808432 ], [ 17.749120656145255, 51.813254310730215 ], [ 17.748379693111886, 51.809261321536674 ], [ 17.746960895215029, 51.801664694533017 ], [ 17.744701957995403, 51.790073953383953 ], [ 17.742340071328499, 51.778482040879098 ], [ 17.739876707163738, 51.766888966260893 ], [ 17.737314250828117, 51.755294748447362 ], [ 17.734656087271777, 51.74369941708165 ], [ 17.731906678290152, 51.732103013507455 ], [ 17.730624240064746, 51.72681606554972 ], [ 17.729069680752783, 51.720505570577146 ], [ 17.726149768009662, 51.708907132330282 ], [ 17.723156039409016, 51.697307791214847 ], [ 17.720098008370623, 51.685707645004491 ], [ 17.716986487393946, 51.674106806577335 ], [ 17.713833559622692, 51.662505403834587 ], [ 17.712550526203067, 51.657787527724075 ], [ 17.710642453013595, 51.650903468741369 ], [ 17.707429484849698, 51.639301177683329 ], [ 17.704217040100612, 51.627698775850689 ], [ 17.701021994657463, 51.61609645001618 ], [ 17.69786197899689, 51.6044943972285 ], [ 17.694755185273245, 51.592892822734257 ], [ 17.694445506537182, 51.591697713413005 ], [ 17.691700199815934, 51.581291715163175 ], [ 17.688734366904772, 51.569691496023893 ], [ 17.685879007065811, 51.558092411143633 ], [ 17.683152753111948, 51.546494678075931 ], [ 17.680573573996995, 51.534898508333896 ], [ 17.67815853061423, 51.523304104346707 ], [ 17.676680630610981, 51.515624050120799 ], [ 17.675918051374847, 51.511711594506657 ], [ 17.673863803078646, 51.500121121303373 ], [ 17.672020196216501, 51.488532971559472 ], [ 17.67039863157968, 51.476947285166538 ], [ 17.669008648255915, 51.46536418034286 ], [ 17.667857854602278, 51.453783752525894 ], [ 17.666951899045749, 51.442206073762648 ], [ 17.666294479786821, 51.430631192596422 ], [ 17.665887391274747, 51.419059134431812 ], [ 17.665730604283663, 51.40748990234394 ], [ 17.665822375581229, 51.395923478285745 ], [ 17.666159382573365, 51.384359824636384 ], [ 17.666736877930592, 51.372798886027937 ], [ 17.667548859050257, 51.361240591383364 ], [ 17.668588247261422, 51.34968485609874 ], [ 17.669847071909384, 51.338131584304371 ], [ 17.671316654830104, 51.326580671144015 ], [ 17.67298779120274, 51.315032005017713 ], [ 17.674850923319884, 51.303485469740373 ], [ 17.676896304398859, 51.291940946576837 ], [ 17.679114150152728, 51.280398316121918 ], [ 17.681494776413466, 51.268857460001946 ], [ 17.684028721640487, 51.257318262382135 ], [ 17.6841226734171, 51.256917443473817 ], [ 17.686718006648128, 51.245780736416542 ], [ 17.689546162257567, 51.234244687420635 ], [ 17.69250469099412, 51.222710010765155 ], [ 17.695585992019421, 51.211176612181532 ], [ 17.698783043477334, 51.199644404202921 ], [ 17.702089435876101, 51.188113306533388 ], [ 17.705499392410687, 51.176583246254275 ], [ 17.706276438720124, 51.174052609474273 ], [ 17.709028310966367, 51.165054384515479 ], [ 17.712660257587533, 51.153526535466597 ], [ 17.716385815962028, 51.141999586405525 ], [ 17.720201707272825, 51.130473492720007 ], [ 17.724105224528795, 51.118948216234386 ], [ 17.727885880591192, 51.108032322715637 ], [ 17.728096207312369, 51.107423746622665 ], [ 17.732209874194098, 51.095900457054228 ], [ 17.7364099066397, 51.084377942284 ], [ 17.740695483819355, 51.072856184340324 ], [ 17.745066145941976, 51.061335169052391 ], [ 17.749199213742529, 51.050657890369855 ], [ 17.749525494883784, 51.049814925586439 ], [ 17.754120651357315, 51.038295946366432 ], [ 17.758805209546235, 51.026777722734664 ], [ 17.763579631939326, 51.015260249004037 ], [ 17.768444493268294, 51.003743520385633 ], [ 17.770294989323126, 50.999474228499736 ], [ 17.773442336039238, 50.992227972452383 ], [ 17.778560643078855, 50.980713457520558 ], [ 17.783775606214792, 50.969199712072808 ], [ 17.789087784420779, 50.957686729127943 ], [ 17.791216329379253, 50.953187447651928 ], [ 17.794546659179101, 50.946175006387733 ], [ 17.800139321436546, 50.934664390921178 ], [ 17.805834712335965, 50.923154546093663 ], [ 17.811632825025487, 50.911645456968422 ], [ 17.811992184326911, 50.910951548258566 ], [ 17.817623853659487, 50.900138021980943 ], [ 17.823727506448218, 50.888631402726247 ], [ 17.829937357942995, 50.877125517297436 ], [ 17.832642063694504, 50.872226905613651 ], [ 17.836315236766314, 50.865620965407381 ], [ 17.842848600975, 50.854117595446063 ], [ 17.849489775244002, 50.842614911502572 ], [ 17.853187632543182, 50.836339510051232 ], [ 17.856293307700206, 50.831113430015492 ], [ 17.863273600971464, 50.819613263176812 ], [ 17.870361512996269, 50.808113710047593 ], [ 17.873642460778104, 50.802895969009782 ], [ 17.877630827020813, 50.796615461077764 ], [ 17.885071499919849, 50.785118386639162 ], [ 17.892618223383, 50.77362183411595 ], [ 17.894018620487781, 50.771532917681242 ], [ 17.900395918175938, 50.762126960948542 ], [ 17.908308213940078, 50.750632819132832 ], [ 17.914324268092425, 50.742025466539829 ], [ 17.916366659322232, 50.739139488738275 ], [ 17.924657888856746, 50.727647738695261 ], [ 17.933053465133121, 50.716156344314996 ], [ 17.934567715843283, 50.71412222778973 ], [ 17.941705608173827, 50.704666665110274 ], [ 17.950496472895217, 50.693177583345275 ], [ 17.954753941713424, 50.687700137729223 ], [ 17.959497229659878, 50.681689703109562 ], [ 17.968702569685039, 50.670202929046518 ], [ 17.974888674548374, 50.662590462576006 ], [ 17.978088706942792, 50.658717004322028 ], [ 17.987732310766734, 50.647232551462217 ], [ 17.99497527825168, 50.638720343013233 ], [ 17.997549310362036, 50.635748783581782 ], [ 18.007661145366633, 50.624266691376448 ], [ 18.015016784323453, 50.616025891612175 ], [ 18.017965617728542, 50.612785336990036 ], [ 18.02858376231455, 50.601305678814256 ], [ 18.0350159343445, 50.594451204702231 ], [ 18.039446480242106, 50.589827061624483 ], [ 18.050619511235762, 50.578349953066379 ], [ 18.054975238102241, 50.573946437232664 ], [ 18.062129247834104, 50.566874476680155 ], [ 18.073919223222347, 50.555400083936007 ], [ 18.074897039596522, 50.554465196465543 ], [ 18.086187646569428, 50.543928245559151 ], [ 18.0947820838586, 50.536039893172159 ], [ 18.098785566426383, 50.532457658064942 ], [ 18.111841851017722, 50.520989197878194 ], [ 18.114633403337749, 50.518583166614995 ], [ 18.125436931475644, 50.509523315475477 ], [ 18.134452005713932, 50.502109712132984 ], [ 18.139521068481084, 50.498059454970353 ], [ 18.154169240033831, 50.486597984111967 ], [ 18.154240537533614, 50.486543387445259 ], [ 18.169600648710528, 50.475140254563584 ], [ 18.173999063566939, 50.471948332111943 ], [ 18.185761617963244, 50.46368558004815 ], [ 18.193730597973687, 50.458221219110371 ], [ 18.202764737427593, 50.452234428628813 ], [ 18.213436615508773, 50.445340627818183 ], [ 18.220742302305066, 50.440787317899982 ], [ 18.233118659110815, 50.433278338299246 ], [ 18.239849891767147, 50.429344813544951 ], [ 18.252778316767827, 50.421999928926347 ], [ 18.260270639968589, 50.417907524292453 ], [ 18.272417197673374, 50.411465524386799 ], [ 18.282220339574458, 50.406476091343521 ], [ 18.29203690850715, 50.401630665434276 ], [ 18.305953545080598, 50.395051169466917 ], [ 18.311639030651765, 50.392447266653484 ], [ 18.331225010116196, 50.383870951995739 ], [ 18.331791633216433, 50.383633514958298 ], [ 18.35079521178092, 50.375930960107766 ], [ 18.360385490048252, 50.372225307697221 ], [ 18.370352070526028, 50.368503596316785 ], [ 18.389896655498958, 50.361555546576128 ], [ 18.392047056959225, 50.360826148145648 ], [ 18.4094289745656, 50.355134470937827 ], [ 18.427763747064454, 50.349438395420187 ], [ 18.428951579455834, 50.349082365457811 ], [ 18.448463680299216, 50.343507142119577 ], [ 18.46796786874355, 50.338229797047042 ], [ 18.468613680278754, 50.33806324698017 ], [ 18.487463154943033, 50.333376756290427 ], [ 18.506951717828482, 50.328788229765586 ], [ 18.516274829744287, 50.326702287903906 ], [ 18.526433413101756, 50.324511734909201 ], [ 18.545908870476932, 50.320521678934533 ], [ 18.565379142323948, 50.316741453987603 ], [ 18.57288257308544, 50.315355008910842 ], [ 18.584844019312339, 50.313224883482867 ], [ 18.604304178447197, 50.309929568462415 ], [ 18.62376032181848, 50.306801095912249 ], [ 18.641955450030622, 50.30401923362313 ], [ 18.643212696795146, 50.30383390842271 ], [ 18.662661038893205, 50.301093509800417 ], [ 18.6821062665529, 50.298483931435257 ], [ 18.701548600061233, 50.295995719547655 ], [ 18.7209882407588, 50.293620002423083 ], [ 18.728966574550157, 50.292685634540682 ], [ 18.740425143947082, 50.291390454684965 ], [ 18.759859605279388, 50.289284016972587 ], [ 18.779291943897256, 50.287264399708427 ], [ 18.79872229420512, 50.28532507112228 ], [ 18.818150778020968, 50.283459995076448 ], [ 18.837577505649367, 50.281663615064502 ], [ 18.841375318543015, 50.281324349457641 ], [ 18.857002445532977, 50.279974693270972 ], [ 18.876425831695567, 50.278353767263134 ], [ 18.895847779944102, 50.276786088168883 ], [ 18.915268362413034, 50.275267969481362 ], [ 18.934687644679052, 50.273796115016737 ], [ 18.954105686574611, 50.27236760225292 ], [ 18.973522542960353, 50.270979865263861 ], [ 18.989594009501989, 50.26986308820824 ], [ 18.992938263383692, 50.26963792376754 ], [ 19.012352910606399, 50.268366384744361 ], [ 19.031766546858272, 50.267128930427376 ], [ 19.051179212848869, 50.265924283470952 ], [ 19.070590947575258, 50.264751420808537 ], [ 19.090001788800109, 50.263609552610369 ], [ 19.10941177347609, 50.2624981003258 ], [ 19.128820938114057, 50.261416673780559 ], [ 19.14822931909222, 50.260365047317848 ], [ 19.167636952903731, 50.259343134990225 ], [ 19.187043876340077, 50.258350964831003 ], [ 19.191366962577707, 50.258136969970145 ], [ 19.206450225339406, 50.257411497921161 ], [ 19.225855984272116, 50.256507749101381 ], [ 19.245261164665177, 50.255633398833723 ], [ 19.264665803906478, 50.254788649837089 ], [ 19.284069939550662, 50.25397367857385 ], [ 19.303473609085003, 50.253188606735016 ], [ 19.322876849625491, 50.252433472675371 ], [ 19.342279697544463, 50.251708203000646 ], [ 19.361682188031875, 50.251012584525434 ], [ 19.381084354593145, 50.250346236835895 ], [ 19.400486228487313, 50.249708585701796 ], [ 19.419887838110171, 50.249098837591276 ], [ 19.439289208327853, 50.248515955545926 ], [ 19.458690359767257, 50.247958636674184 ], [ 19.478091308070372, 50.247425291518212 ], [ 19.497492063120458, 50.246914025540462 ], [ 19.516892628248605, 50.246422622965532 ], [ 19.536292999429875, 50.245948533195502 ], [ 19.555693164478523, 50.245488859998112 ], [ 19.560733130692668, 50.245372717722084 ], [ 19.575093207959313, 50.245049137932597 ], [ 19.594493035501678, 50.24461979494383 ], [ 19.613892571498567, 50.244193929321014 ], [ 19.633291765202063, 50.2437673607904 ], [ 19.65269055446306, 50.243335571035686 ], [ 19.672088865167542, 50.242893712316416 ], [ 19.691486610740945, 50.242436619325616 ], [ 19.710883691729208, 50.241958824234686 ], [ 19.730279995464283, 50.241454574840795 ], [ 19.749675395821214, 50.24091785570095 ], [ 19.769069753073051, 50.240342412107729 ], [ 19.788462913848853, 50.239721776733703 ], [ 19.807854711199202, 50.239049298747773 ], [ 19.827244964772465, 50.238318175184276 ], [ 19.846633481104124, 50.23752148432763 ], [ 19.866020054020389, 50.236652220860968 ], [ 19.885404465156267, 50.235703332515818 ], [ 19.904786484587305, 50.234667757954824 ], [ 19.924165871573276, 50.233538465616896 ], [ 19.943542375411219, 50.232308493258152 ], [ 19.959700690673753, 50.231193400829611 ], [ 19.962915877967077, 50.230978017416639 ], [ 19.982286788877921, 50.229572887334207 ], [ 20.001654153892893, 50.228051846574232 ], [ 20.021017706134195, 50.226408950439428 ], [ 20.04037717518262, 50.224638528256385 ], [ 20.059732288501383, 50.222735221870941 ], [ 20.079082772937735, 50.220694023447578 ], [ 20.098428356297987, 50.218510312482422 ], [ 20.099467654563366, 50.21838544501928 ], [ 20.117770489946086, 50.216253540497284 ], [ 20.137107499889353, 50.213856964080861 ], [ 20.156439047054906, 50.211313505172797 ], [ 20.175764895860251, 50.208620753257449 ], [ 20.194395026003168, 50.205878740577994 ], [ 20.195084905579961, 50.205780243433964 ], [ 20.214401252577893, 50.202884717304933 ], [ 20.233711526779626, 50.199843209578979 ], [ 20.253015559562158, 50.196655947370161 ], [ 20.27134025464639, 50.19349247118241 ], [ 20.272313348576652, 50.193329392477992 ], [ 20.291607602232087, 50.189970099371678 ], [ 20.310895509058994, 50.186476767360062 ], [ 20.330176996643889, 50.18285253252354 ], [ 20.338875388917227, 50.18116391598312 ], [ 20.34945392221212, 50.179168833878769 ], [ 20.368726166087221, 50.175423930385733 ], [ 20.387992223016205, 50.171568349782561 ], [ 20.401188491211272, 50.168859055684962 ], [ 20.407253319588232, 50.167648313717415 ], [ 20.426511118289945, 50.163722210580829 ], [ 20.445763241407754, 50.15971141386165 ], [ 20.460634666730858, 50.156556705502105 ], [ 20.465010731953143, 50.155653309749233 ], [ 20.484256074078804, 50.151629910596583 ], [ 20.5034965341633, 50.1475526763031 ], [ 20.518981721246529, 50.144238157455938 ], [ 20.522733146094513, 50.143456140159806 ], [ 20.54196875637502, 50.139429508333116 ], [ 20.561200543900082, 50.135383504708081 ], [ 20.577810401811583, 50.131883593307812 ], [ 20.580429397681879, 50.131345771909835 ], [ 20.599658645865137, 50.127415797645504 ], [ 20.618885358147121, 50.123502884792778 ], [ 20.638109966705986, 50.119619061917049 ], [ 20.638870508650054, 50.119467582079935 ], [ 20.657336571691655, 50.115882036595558 ], [ 20.676562241461362, 50.112202835244076 ], [ 20.695787319639159, 50.108589206226497 ], [ 20.704718717337297, 50.106949066273046 ], [ 20.715014161941554, 50.105104889188055 ], [ 20.734243033547294, 50.101752939057249 ], [ 20.753472881129337, 50.098500164983101 ], [ 20.772704229586758, 50.095357565504081 ], [ 20.779744482064572, 50.094252642402104 ], [ 20.791939449973238, 50.092385162210149 ], [ 20.811178214962382, 50.089568874970617 ], [ 20.830419981138832, 50.086889537360854 ], [ 20.84966524179298, 50.084355704088601 ], [ 20.86891447579875, 50.081975208592709 ], [ 20.875918006515892, 50.081167584098992 ], [ 20.888169449441705, 50.079788332331084 ], [ 20.907429897879467, 50.077782562006043 ], [ 20.926695478564493, 50.075943939858597 ], [ 20.945966556719075, 50.074276536595832 ], [ 20.965243463959588, 50.072783439070925 ], [ 20.984526495312938, 50.071466725051359 ], [ 21.003815906704848, 50.070327450859459 ], [ 21.023111912970428, 50.069365652244123 ], [ 21.042414686423676, 50.068580358488589 ], [ 21.061724356007662, 50.067969619402497 ], [ 21.081041007031214, 50.067530544505054 ], [ 21.100364681482638, 50.067259353393204 ], [ 21.119695378895663, 50.067151436018179 ], [ 21.139033057729595, 50.067201421377121 ], [ 21.158377637213771, 50.067403252969115 ], [ 21.177728999597225, 50.067750269271933 ], [ 21.197086992737358, 50.068235287466813 ], [ 21.216451432957488, 50.068850688669556 ], [ 21.23582210810142, 50.069588503013293 ], [ 21.255198780714103, 50.070440493060033 ], [ 21.274581191280411, 50.071398234188024 ], [ 21.293969061459155, 50.072453190797688 ], [ 21.30919520127031, 50.073354303883015 ], [ 21.313362544863537, 50.073606086131171 ], [ 21.332762679556243, 50.074875836911211 ], [ 21.35216750053587, 50.076219378430842 ], [ 21.371576676199016, 50.077628157026069 ], [ 21.390989870508033, 50.079093808247933 ], [ 21.410406745337951, 50.080608196352813 ], [ 21.429826962579565, 50.082163447024712 ], [ 21.432698119943147, 50.08240174477401 ], [ 21.449252828513231, 50.083803802139627 ], [ 21.468681928615194, 50.085480242560216 ], [ 21.488113466203654, 50.087176523704763 ], [ 21.50754711127308, 50.088885846968651 ], [ 21.526982541111799, 50.090601763164109 ], [ 21.539232745548823, 50.091690476591118 ], [ 21.546420796994347, 50.092343743996921 ], [ 21.565862601210704, 50.094124695891381 ], [ 21.585305328295576, 50.095894958916212 ], [ 21.604748683710717, 50.097649333262886 ], [ 21.624192382903843, 50.099382957487457 ], [ 21.642161170471464, 50.100963728059696 ], [ 21.643636460031647, 50.101096901812163 ], [ 21.663084142050462, 50.102849752784095 ], [ 21.682531395797181, 50.104568481492898 ], [ 21.701977971037351, 50.106249375243678 ], [ 21.72142362757614, 50.107889005643052 ], [ 21.740868135025568, 50.109484214312246 ], [ 21.748185278190249, 50.110072553501674 ], [ 21.760313951740336, 50.111078672027084 ], [ 21.779759795525106, 50.112650252263734 ], [ 21.799203841150938, 50.114168141876497 ], [ 21.818645890941045, 50.115630087147089 ], [ 21.838085755992548, 50.117034044915222 ], [ 21.857523255894442, 50.118378170563993 ], [ 21.864370131519355, 50.118834266648719 ], [ 21.876960973418704, 50.119706738131491 ], [ 21.89639744086902, 50.12099574973896 ], [ 21.915831003322872, 50.122218773275073 ], [ 21.935261508690044, 50.12337463604414 ], [ 21.954688812302074, 50.124462316595796 ], [ 21.974112776694742, 50.125480936186847 ], [ 21.993533271407237, 50.126429750849987 ], [ 22.00356750440756, 50.126886344028399 ], [ 22.012952025421129, 50.127337626910808 ], [ 22.032368952076947, 50.128203978045292 ], [ 22.051781970051824, 50.128996896109818 ], [ 22.071190971475847, 50.129716090882923 ], [ 22.090595854574957, 50.130361373468034 ], [ 22.109996523519921, 50.130932650750978 ], [ 22.12939288828515, 50.131429920220199 ], [ 22.148784864516298, 50.131853265118295 ], [ 22.168172373405909, 50.132202849898121 ], [ 22.187555341576331, 50.132478915959787 ], [ 22.206933700969504, 50.132681777649815 ], [ 22.216623146173557, 50.132747273930207 ], [ 22.226308541642613, 50.132828946890193 ], [ 22.245679621966289, 50.132917849537968 ], [ 22.26504574723285, 50.132931980988751 ], [ 22.284406862263353, 50.132871855674225 ], [ 22.303762916393975, 50.132738040623316 ], [ 22.32311386340967, 50.132531152966799 ], [ 22.34245966149367, 50.132251857758639 ], [ 22.36180027319531, 50.131900866138764 ], [ 22.381135665419404, 50.131478933866546 ], [ 22.400465809440572, 50.130986860260492 ], [ 22.419790680946811, 50.130425487585903 ], [ 22.439110260116841, 50.129795700938665 ], [ 22.458424531736735, 50.129098428679065 ], [ 22.477733485361668, 50.128334643477444 ], [ 22.49703711552959, 50.127505364039486 ], [ 22.516335422034214, 50.126611657587318 ], [ 22.535628410265669, 50.125654643179992 ], [ 22.554916091628016, 50.124635495966061 ], [ 22.574198484043745, 50.123555452469809 ], [ 22.593475612556613, 50.122415817023402 ], [ 22.612747510045278, 50.121217969468233 ], [ 22.616701181974996, 50.12096247626318 ], [ 22.632016704638186, 50.11999619588866 ], [ 22.651281751898097, 50.118731901421064 ], [ 22.670542103014313, 50.117418577497801 ], [ 22.689797840696883, 50.116058056135287 ], [ 22.70904906036143, 50.114652295263717 ], [ 22.72829587166656, 50.113203395321527 ], [ 22.747538400273612, 50.11171361819175 ], [ 22.766776789854838, 50.110185408730466 ], [ 22.786011204379335, 50.108621419168337 ], [ 22.805241830709686, 50.107024536699484 ], [ 22.824468881546522, 50.105397914613164 ], [ 22.843692598762843, 50.103745007368744 ], [ 22.862913257175759, 50.102069610068263 ], [ 22.874402428980723, 50.101064287127343 ], [ 22.882133697648513, 50.100407147526553 ], [ 22.901355630581882, 50.098778453547382 ], [ 22.920575843408439, 50.097143723260544 ], [ 22.939794763326695, 50.095508239900802 ], [ 22.95901287172515, 50.093877841644343 ], [ 22.978230711083963, 50.092258991580159 ], [ 22.997448892759163, 50.090658856253036 ], [ 23.016668105766517, 50.089085393885341 ], [ 23.035889126700322, 50.087547453551238 ], [ 23.055112830942978, 50.08605488677243 ], [ 23.074340205345624, 50.084618673230501 ], [ 23.093572362589029, 50.083251062557665 ], [ 23.112810557467135, 50.08196573447821 ], [ 23.132056205375761, 50.080777979937309 ], [ 23.141577880713264, 50.080251560234586 ], [ 23.151312365583085, 50.079721810092529 ], [ 23.170579800444784, 50.078804178203512 ], [ 23.189858977030159, 50.078028524935164 ], [ 23.209151941887715, 50.077416233605256 ], [ 23.228461001264076, 50.076991241167661 ], [ 23.23340078992932, 50.076933589794436 ], [ 23.247792072595828, 50.07681784239611 ], [ 23.24776261666976, 50.07640802297071 ], [ 23.24695006315347, 50.064862764956366 ], [ 23.246723564252918, 50.064741914394141 ], [ 23.226888210629713, 50.054021341982924 ], [ 23.226416285358269, 50.053769340933201 ], [ 23.206873421390053, 50.04317481711599 ], [ 23.206136294476497, 50.031626616609365 ], [ 23.205092262513254, 50.031068514390952 ], [ 23.186197316428061, 50.020773890599486 ], [ 23.185503541701067, 50.009224028390193 ], [ 23.183783617958792, 50.008303622930683 ], [ 23.165635568024229, 49.998365318754132 ], [ 23.163506540175526, 49.997225078004732 ], [ 23.145807278892402, 49.987501858162844 ], [ 23.14517507882822, 49.975949626957636 ], [ 23.142225917721738, 49.974368442625931 ], [ 23.125402606899264, 49.965080793041906 ], [ 23.121969003541089, 49.963238415637072 ], [ 23.105658353576228, 49.95420765834394 ], [ 23.105067622120156, 49.942653811142449 ], [ 23.100718910718658, 49.940317897863224 ], [ 23.085357499974418, 49.931776119595916 ], [ 23.084778700356519, 49.920221779043217 ], [ 23.079488079506909, 49.917376860682658 ], [ 23.065088217028105, 49.909340057011711 ], [ 23.059267420154949, 49.906207571689933 ], [ 23.045403720019841, 49.898454849650463 ], [ 23.044827530411023, 49.886900286857212 ], [ 23.038072041228737, 49.883260888831359 ], [ 23.025141862218774, 49.87601178521605 ], [ 23.017876169098983, 49.872094432187225 ], [ 23.005451346670931, 49.865120174666082 ], [ 23.004858635782146, 49.853566050967395 ], [ 22.996718662286241, 49.849172617600452 ], [ 22.985152331081778, 49.842671641079754 ], [ 22.976548747796159, 49.838024317935506 ], [ 22.965434641969139, 49.831774335563637 ], [ 22.964813653097298, 49.820221039965688 ], [ 22.964181343034124, 49.808668119681023 ], [ 22.954473248844888, 49.80341708832777 ], [ 22.944429809095634, 49.797768535898044 ], [ 22.934335849912173, 49.792304492952667 ], [ 22.924664382505117, 49.786866119819479 ], [ 22.91420873212428, 49.781201831025427 ], [ 22.904885269680634, 49.775960856613466 ], [ 22.904209560999501, 49.764409170548497 ], [ 22.903522834915439, 49.752857842941161 ], [ 22.892216749468499, 49.746724568902856 ], [ 22.883710941629385, 49.741950202023347 ], [ 22.872121902133543, 49.735658490387713 ], [ 22.863887827332483, 49.731039608599794 ], [ 22.863172714906472, 49.71948904891368 ], [ 22.851112984366655, 49.712934815483756 ], [ 22.843331706312636, 49.708575629249893 ], [ 22.831043957014671, 49.701892228955472 ], [ 22.823482443748375, 49.697659143168949 ], [ 22.810984795699216, 49.690856243194453 ], [ 22.80362608448527, 49.68673954759192 ], [ 22.790935428364396, 49.679826168599753 ], [ 22.783763765722828, 49.675816800883624 ], [ 22.783014981013416, 49.664266969511822 ], [ 22.782259299460964, 49.652717349031029 ], [ 22.76909595685963, 49.645536835685469 ], [ 22.762384194129844, 49.641791474635106 ], [ 22.749077047107793, 49.634526833271721 ], [ 22.742506624435084, 49.630862324997651 ], [ 22.741738569731314, 49.619312893239567 ], [ 22.728180062012612, 49.611903171222146 ], [ 22.721857429942848, 49.608380400624313 ], [ 22.721082492006161, 49.596831073854986 ], [ 22.70730418771441, 49.589293247421892 ], [ 22.701200102294628, 49.585895159116802 ], [ 22.700419855084579, 49.574345883774448 ], [ 22.686449188542905, 49.566694722477898 ], [ 22.680538245497985, 49.563406478896894 ], [ 22.679754070809143, 49.551857208383417 ], [ 22.665614855110423, 49.544105544326577 ], [ 22.659874997966337, 49.540914255666472 ], [ 22.645664155791675, 49.533117248534843 ], [ 22.639998949996851, 49.529967845568017 ], [ 22.645176420133609, 49.5265672236699 ], [ 22.658298262562674, 49.51781572097444 ], [ 22.657505683182734, 49.506266563027971 ], [ 22.662535807813676, 49.502957505541197 ], [ 22.68160663673169, 49.502355961838411 ], [ 22.694860623101174, 49.493503637826826 ], [ 22.699808058901002, 49.490243762433003 ], [ 22.713124007579282, 49.481343679283341 ], [ 22.71231214373573, 49.469795368296587 ], [ 22.711498103027029, 49.458247111365175 ], [ 22.710682035282915, 49.446698903627961 ], [ 22.709864081385479, 49.435150740514089 ], [ 22.71451383659528, 49.43207810675711 ], [ 22.728091758086016, 49.422989265167701 ], [ 22.727266298179536, 49.41144140836586 ], [ 22.731806690584694, 49.408436752667903 ], [ 22.745477221421634, 49.399277581428805 ], [ 22.744644653866878, 49.387730020444295 ], [ 22.743810746264895, 49.37618248694038 ], [ 22.742975599367959, 49.36463497761433 ], [ 22.74213930785524, 49.353087489362231 ], [ 22.741301960712924, 49.341540019266695 ], [ 22.74557613058909, 49.338703004068897 ], [ 22.759475307913334, 49.329374860249708 ], [ 22.758631859980131, 49.317827656288308 ], [ 22.757787579781475, 49.306280463364168 ], [ 22.756942538151129, 49.294733279142562 ], [ 22.75609680173357, 49.283186101426558 ], [ 22.755250433253789, 49.271638928148178 ], [ 22.754403491769835, 49.26009175736008 ], [ 22.753556032908982, 49.248544587227819 ], [ 22.738097735553129, 49.240029820542034 ], [ 22.719130163652476, 49.24064945194155 ], [ 22.714752153871743, 49.238225887674254 ], [ 22.713912441977374, 49.226678231406247 ], [ 22.717881417872682, 49.22403576701624 ], [ 22.73684366272402, 49.223429804318428 ], [ 22.751011061408342, 49.213903063965084 ], [ 22.735478378872163, 49.205340242433316 ], [ 22.731197488232119, 49.20297094057716 ], [ 22.730352494929299, 49.191423507189512 ], [ 22.734233899097351, 49.188835413827313 ], [ 22.753182332609327, 49.188227042527096 ], [ 22.767418096648651, 49.178643818786057 ], [ 22.751804921986128, 49.170033774064585 ], [ 22.7476133820055, 49.167714281129513 ], [ 22.746763441445733, 49.156167061560225 ], [ 22.750564116503408, 49.153629051254605 ], [ 22.76949876169931, 49.153018273094574 ], [ 22.773631387206258, 49.155290901437297 ], [ 22.789313714906623, 49.163936784342383 ], [ 22.803599564590591, 49.154306231096058 ], [ 22.802736518185231, 49.142759735715629 ], [ 22.806481277525904, 49.14025424662892 ], [ 22.820808272979807, 49.13058725901773 ], [ 22.824520937799818, 49.128101171283411 ], [ 22.838870420869604, 49.118412174239801 ], [ 22.842551739437905, 49.11594503603267 ], [ 22.856923005052057, 49.10623448417649 ], [ 22.860573689887175, 49.10378586562318 ], [ 22.879486896648604, 49.103156825973812 ], [ 22.893884523748667, 49.093416615060782 ], [ 22.892999645944446, 49.081871299549555 ], [ 22.877145389359324, 49.073139272003033 ], [ 22.873204928287088, 49.070963039191213 ], [ 22.872324410927288, 49.059417437261658 ], [ 22.87144395987211, 49.047871817116111 ], [ 22.874991878837527, 49.045487540013795 ], [ 22.889460540975005, 49.035689864775009 ], [ 22.888575982123207, 49.024144458911017 ], [ 22.887691552296349, 49.012599032729455 ], [ 22.871751928356776, 49.003805453813115 ], [ 22.852877140504322, 49.004444406378688 ], [ 22.838388094285552, 49.014252123184072 ], [ 22.834890418542972, 49.016635859562754 ], [ 22.816009974799339, 49.017269102723972 ] ] ], [ [ [ 20.644824535057758, 51.984510920700963 ], [ 20.624735100368127, 51.986170927426571 ], [ 20.60465161153282, 51.988037449985271 ], [ 20.584573559399569, 51.990103903107375 ], [ 20.564500468139148, 51.992364317160011 ], [ 20.544431893853517, 51.994813338485407 ], [ 20.544261928552444, 51.994835740132359 ], [ 20.524367911258164, 51.997460596867278 ], [ 20.504307587317918, 52.000286172332565 ], [ 20.48425055574749, 52.003286204997451 ], [ 20.464196483002713, 52.00645762729738 ], [ 20.457927879740609, 52.007502673919014 ], [ 20.444145483403521, 52.009811112315774 ], [ 20.424096977651903, 52.013336085355462 ], [ 20.404050496981579, 52.017024903450675 ], [ 20.389078234914109, 52.019901165839357 ], [ 20.384006001219177, 52.020883370407695 ], [ 20.363963607145088, 52.024922787823677 ], [ 20.343922508971541, 52.029124356220429 ], [ 20.330019486030231, 52.032149080549274 ], [ 20.323882828645679, 52.03349955722917 ], [ 20.303844726487554, 52.038061892201348 ], [ 20.283807390094051, 52.042791753289265 ], [ 20.277632620381141, 52.044295058936285 ], [ 20.263771499949481, 52.047721221197619 ], [ 20.243736460574279, 52.052838477592147 ], [ 20.230366629473739, 52.05636424040766 ], [ 20.223702313205099, 52.0581542419608 ], [ 20.203669423308998, 52.063692003144219 ], [ 20.187286370778242, 52.068372238053264 ], [ 20.183637119042807, 52.069437599607362 ], [ 20.163606424777623, 52.075441146538154 ], [ 20.147824143167686, 52.080329192634402 ], [ 20.143576374251378, 52.081678351882552 ], [ 20.12354812784438, 52.088207886697887 ], [ 20.111549100883142, 52.092242818680511 ], [ 20.103521088271776, 52.095021404302216 ], [ 20.083495765011005, 52.102155627096614 ], [ 20.078129005411299, 52.104119111680163 ], [ 20.063472889350816, 52.109659337199531 ], [ 20.047321995191265, 52.115962660445902 ], [ 20.043451863998932, 52.117528123850597 ], [ 20.023434113755002, 52.125845509753269 ], [ 20.018909255229634, 52.127777414829417 ], [ 20.003420137381916, 52.134660379732949 ], [ 19.992703204295175, 52.139566693967858 ], [ 19.983410088733418, 52.14400989171574 ], [ 19.968527132585209, 52.151333428324321 ], [ 19.963405003618195, 52.153975109327597 ], [ 19.946232963307516, 52.163080061336849 ], [ 19.943406191962353, 52.164656830916428 ], [ 19.92568282312337, 52.174808748380443 ], [ 19.92341529672499, 52.176180524906002 ], [ 19.906749330719116, 52.186521385603044 ], [ 19.903434370839232, 52.18870278875854 ], [ 19.889315698146348, 52.1982196366436 ], [ 19.883465978862141, 52.202419898764333 ], [ 19.873275671308786, 52.209904957176256 ], [ 19.863513333114888, 52.21757927596925 ], [ 19.858533333205749, 52.221578617310996 ], [ 19.845003139813183, 52.233241719440862 ], [ 19.843581624371247, 52.23455551299066 ], [ 19.832605163649117, 52.244895247490781 ], [ 19.82368099623357, 52.25402578297561 ], [ 19.82126643708645, 52.256540068811837 ], [ 19.810924054964584, 52.268176923384011 ], [ 19.803824991139454, 52.276919893123775 ], [ 19.801516699604552, 52.279806491742598 ], [ 19.792993131248739, 52.291429343714562 ], [ 19.785303620142997, 52.303046003425251 ], [ 19.784042852660189, 52.305146737931089 ], [ 19.778404459917102, 52.314656923745709 ], [ 19.772257388150003, 52.326262495095293 ], [ 19.766824533096404, 52.337863082367711 ], [ 19.764414137771436, 52.34371992897232 ], [ 19.762074132405676, 52.349458990515551 ], [ 19.757979016419096, 52.361050477599903 ], [ 19.75451109363576, 52.372637792485691 ], [ 19.751646252667808, 52.384221145038609 ], [ 19.749363297278091, 52.395800714739266 ], [ 19.747643731200352, 52.407376653478302 ], [ 19.746471573522815, 52.418949087895271 ], [ 19.745833199878451, 52.430518121328994 ], [ 19.745732946585175, 52.440514424566878 ], [ 19.745717363411366, 52.442083834438819 ], [ 19.745800365696585, 52.444506941499085 ], [ 19.74611428412905, 52.45364629152872 ], [ 19.747017125774867, 52.465205531665582 ], [ 19.748420319220582, 52.47676157954497 ], [ 19.750320267050721, 52.488314441219785 ], [ 19.752715103745111, 52.499864105670618 ], [ 19.755604616122238, 52.511410545262443 ], [ 19.758990162944052, 52.522953716110898 ], [ 19.762874590759782, 52.534493558384789 ], [ 19.767262142974012, 52.546029996571548 ], [ 19.767952827047363, 52.547670256840192 ], [ 19.772205573178297, 52.557562631802313 ], [ 19.777685468949603, 52.569091523212307 ], [ 19.783704042331472, 52.580616582930375 ], [ 19.789119688365727, 52.590138155369267 ], [ 19.790289249312156, 52.592137543565812 ], [ 19.79753295522254, 52.603653693461865 ], [ 19.805371653706462, 52.615165345193432 ], [ 19.810126326189199, 52.621687463570638 ], [ 19.813892429392549, 52.626671783935251 ], [ 19.823155868788845, 52.638172443378842 ], [ 19.831051725660778, 52.647343286871433 ], [ 19.833138963058204, 52.649667313053129 ], [ 19.844026711939403, 52.661154895631917 ], [ 19.85192406361945, 52.669001066912791 ], [ 19.855766113624281, 52.672635326926518 ], [ 19.86853272131038, 52.684107070138737 ], [ 19.87275875157178, 52.687727354159996 ], [ 19.882444566037304, 52.695568917787938 ], [ 19.893564000507713, 52.704133277023793 ], [ 19.897553967059185, 52.707020073969346 ], [ 19.914081467028605, 52.718458384532951 ], [ 19.914345137809086, 52.718634730471138 ], [ 19.932404245620948, 52.729880295861967 ], [ 19.935105198880819, 52.731502497398523 ], [ 19.952730061493313, 52.741283312556114 ], [ 19.955846705255762, 52.742959738763375 ], [ 19.975540233126999, 52.752662453494032 ], [ 19.976570991500225, 52.753157132250713 ], [ 19.997279190601979, 52.762223716369625 ], [ 20.001805486987152, 52.764008099564727 ], [ 20.017971896173066, 52.77025467697888 ], [ 20.032724631911911, 52.775307537621693 ], [ 20.03864895859218, 52.7773062265248 ], [ 20.059311050701066, 52.783463935676323 ], [ 20.071214928798554, 52.786530842378305 ], [ 20.07995777165311, 52.788763335727516 ], [ 20.100589434094353, 52.793265470603473 ], [ 20.121204836570591, 52.79696791855693 ], [ 20.12548527444423, 52.797593095378069 ], [ 20.141805515425048, 52.79997289066344 ], [ 20.162390183359467, 52.802269367546913 ], [ 20.18295850513152, 52.803882116886669 ], [ 20.203510490194986, 52.804846625167414 ], [ 20.224046119527898, 52.805194912696869 ], [ 20.244565344823155, 52.804955797047505 ], [ 20.265068087744439, 52.804155132018458 ], [ 20.285554239191736, 52.802816023060593 ], [ 20.306023658527646, 52.800959020212936 ], [ 20.326476172722277, 52.798602289663911 ], [ 20.346911575380002, 52.795761765085189 ], [ 20.350033821514778, 52.795250778112958 ], [ 20.367331620145777, 52.792514880243708 ], [ 20.387734869965577, 52.788834239657078 ], [ 20.40812067862413, 52.784718470606769 ], [ 20.416163819982604, 52.782914934970293 ], [ 20.42849060375676, 52.780233524176623 ], [ 20.44884408677342, 52.775377917293781 ], [ 20.466784867754409, 52.770734794326778 ], [ 20.469179933583952, 52.770131333751443 ], [ 20.489500681341369, 52.764583836970203 ], [ 20.509803031275577, 52.758651942460403 ], [ 20.509876458465421, 52.758628965250388 ], [ 20.530090331434806, 52.752446160559252 ], [ 20.548192549035509, 52.746569764555687 ], [ 20.550359149651605, 52.745880285356264 ], [ 20.570612074285471, 52.73903989299432 ], [ 20.583234485034954, 52.734541803504989 ], [ 20.590846867970697, 52.73187370612569 ], [ 20.611064224609567, 52.724412458705366 ], [ 20.615907590782435, 52.722535662013115 ], [ 20.631264054237704, 52.716664350012543 ], [ 20.646543833289325, 52.710548696971266 ], [ 20.651445167735535, 52.708608048660864 ], [ 20.671608023634693, 52.700266310586592 ], [ 20.675525701873191, 52.698577089138745 ], [ 20.691752101342175, 52.691635474034882 ], [ 20.703025531053104, 52.686619582005257 ], [ 20.711876524719187, 52.682702920613494 ], [ 20.729357820479169, 52.674672623623451 ], [ 20.731981002901041, 52.673471362709087 ], [ 20.752065240074643, 52.663943231153134 ], [ 20.754525075967464, 52.662736959500421 ], [ 20.772128465561245, 52.654109072275681 ], [ 20.778648077957904, 52.650811523298785 ], [ 20.79216996089551, 52.643961081758363 ], [ 20.80187866308977, 52.638894647470941 ], [ 20.812189101309482, 52.633494016580833 ], [ 20.824273651943589, 52.626985985350579 ], [ 20.832185168632058, 52.622700577523538 ], [ 20.845885228290985, 52.615085200859504 ], [ 20.85215735291272, 52.611571551937395 ], [ 20.866761112200312, 52.603191973749148 ], [ 20.872104753459752, 52.600095932897837 ], [ 20.886944708517294, 52.591306004389708 ], [ 20.892026379369415, 52.588261018210339 ], [ 20.906475239205609, 52.579427018083187 ], [ 20.911921149596715, 52.576052491845651 ], [ 20.925387863765462, 52.56755476892333 ], [ 20.931787892595853, 52.563454489643171 ], [ 20.943713788929863, 52.555689043258177 ], [ 20.951625345536709, 52.550449650469993 ], [ 20.961480366753644, 52.543829662836934 ], [ 20.971432153080993, 52.537019153406916 ], [ 20.978711178790807, 52.531976487738298 ], [ 20.991206865675775, 52.523142740896439 ], [ 20.995426103093763, 52.520129419190283 ], [ 21.010947937290382, 52.508798727081889 ], [ 21.01164136008466, 52.508288402399032 ], [ 21.027351431007581, 52.496453739769848 ], [ 21.030650956381034, 52.493903964739133 ], [ 21.0425905357056, 52.484625044048848 ], [ 21.050315156647589, 52.478456621066854 ], [ 21.057371129903942, 52.472802282882178 ], [ 21.069938949406687, 52.462437295797393 ], [ 21.071696838243945, 52.460985566956957 ], [ 21.085564136029749, 52.449175126080711 ], [ 21.089514623730945, 52.445697829034785 ], [ 21.098987806989218, 52.437370861429528 ], [ 21.109040662731321, 52.428224790060355 ], [ 21.11196608734776, 52.425572957961926 ], [ 21.124497173934731, 52.413781597171528 ], [ 21.128508261137966, 52.40985369774009 ], [ 21.136584547263908, 52.401996860797325 ], [ 21.147913049475836, 52.390516736724862 ], [ 21.148209276430862, 52.390219231605066 ], [ 21.159390570623959, 52.378448497645955 ], [ 21.167233588296874, 52.369799458339983 ], [ 21.170091947415631, 52.366685457503458 ], [ 21.180322572088343, 52.354930075189117 ], [ 21.18645741575795, 52.347482327238438 ], [ 21.190054228410819, 52.343182998974939 ], [ 21.199283442806752, 52.331444419833154 ], [ 21.205551564843802, 52.322939989389504 ], [ 21.207974207950571, 52.319715131856775 ], [ 21.216133018949517, 52.307995135262004 ], [ 21.223688945682728, 52.296285879622019 ], [ 21.224453642510351, 52.294978347609543 ], [ 21.230678524976494, 52.284586793931922 ], [ 21.237016002336201, 52.272899607624908 ], [ 21.242665992358614, 52.261225102202417 ], [ 21.242999562206165, 52.260422274840778 ], [ 21.247648136636272, 52.249563006527147 ], [ 21.251868108804477, 52.237915209602228 ], [ 21.255281732747314, 52.226282642404911 ], [ 21.257843616606838, 52.214666248709023 ], [ 21.259502794336395, 52.203067065559651 ], [ 21.259965255248673, 52.195301074209581 ], [ 21.260206849720916, 52.191486141084653 ], [ 21.259885072683552, 52.179924853246938 ], [ 21.258698460488603, 52.170316418371399 ], [ 21.258457851525552, 52.168384724666602 ], [ 21.255862456776857, 52.15686692200935 ], [ 21.252001695075133, 52.145373231659512 ], [ 21.246774816763178, 52.133905456955858 ], [ 21.240068620086234, 52.122465575403865 ], [ 21.235763833365723, 52.116470660553851 ], [ 21.231778193802338, 52.111055329463078 ], [ 21.221766664902866, 52.099676974072928 ], [ 21.214367233411977, 52.092545212539449 ], [ 21.209853797857551, 52.088333460064391 ], [ 21.195854588735312, 52.077027668721051 ], [ 21.19331745851002, 52.075218287150932 ], [ 21.179507152976662, 52.065763712056054 ], [ 21.172458484024315, 52.061480993522473 ], [ 21.160488979072881, 52.054546539405521 ], [ 21.151719717634204, 52.049974728142111 ], [ 21.138360217635068, 52.043382855678587 ], [ 21.131069786217253, 52.040108379759076 ], [ 21.112505093937592, 52.032281968009485 ], [ 21.110488359420501, 52.031500499736559 ], [ 21.089966800215723, 52.024004436407601 ], [ 21.081868616473106, 52.021260092755249 ], [ 21.069491674714463, 52.017363328556861 ], [ 21.049055875070113, 52.011448012755856 ], [ 21.044922855767684, 52.010340060728005 ], [ 21.028658104378877, 52.006252329577222 ], [ 21.008290280688556, 52.001618189129488 ], [ 20.998375130909846, 51.999571884589706 ], [ 20.987951335774188, 51.997539104800168 ], [ 20.967638592099448, 51.993971543967184 ], [ 20.947347967134121, 51.990837689887947 ], [ 20.934329389318439, 51.989074195612908 ], [ 20.927078901069759, 51.988138402171231 ], [ 20.90683027703874, 51.985861420676009 ], [ 20.886599149924685, 51.983950412973329 ], [ 20.866384363224682, 51.982389573525374 ], [ 20.846184819903193, 51.981163818405975 ], [ 20.825999480103416, 51.980258773833228 ], [ 20.805827358906662, 51.979660764555575 ], [ 20.802164012082322, 51.979604223347948 ], [ 20.785667756140228, 51.979362635384689 ], [ 20.765519452281488, 51.979343678517552 ], [ 20.745381590802804, 51.979591551341692 ], [ 20.725253414371689, 51.980095903100541 ], [ 20.705134207258709, 51.980846978434336 ], [ 20.699359723815423, 51.981132875165315 ], [ 20.685023453965247, 51.981839881435199 ], [ 20.664920459524357, 51.983064631740412 ], [ 20.644824535057758, 51.984510920700963 ] ] ], [ [ [ 18.798329738007201, 54.61803438966988 ], [ 18.777880344711235, 54.62908664440485 ], [ 18.777001843428074, 54.629557497449674 ], [ 18.776946379328347, 54.64111787884827 ], [ 18.756309394127108, 54.652251872500464 ], [ 18.755589729896872, 54.652637135599427 ], [ 18.734789260300118, 54.663843429168296 ], [ 18.734211272171844, 54.664152569604539 ], [ 18.734140887813687, 54.675712844550148 ], [ 18.734709899615712, 54.676021743511058 ], [ 18.735282922535209, 54.675715344715201 ], [ 18.756235595979831, 54.664581921765425 ], [ 18.756948629874334, 54.664200314246081 ], [ 18.777749169386954, 54.653143563660734 ], [ 18.778611952959992, 54.652681395433284 ], [ 18.799250637120611, 54.641706444869826 ], [ 18.800272466270446, 54.641158587188094 ], [ 18.800338869039543, 54.629598218936593 ], [ 18.82079080898103, 54.618715770413203 ], [ 18.821991064427174, 54.618071483764624 ], [ 18.822051778493794, 54.606511055712232 ], [ 18.820847289705767, 54.605857677017134 ], [ 18.8196370787545, 54.606507482706313 ], [ 18.799369923443312, 54.617476377571258 ], [ 18.798329738007201, 54.61803438966988 ] ] ], [ [ [ 18.713615142000204, 54.687226487965383 ], [ 18.713175415724486, 54.686987696958248 ], [ 18.712732336717234, 54.68722439869768 ], [ 18.71317206294006, 54.687463191302982 ], [ 18.713615142000204, 54.687226487965383 ] ] ], [ [ [ 18.670155571365456, 54.698561946577996 ], [ 18.669942075503169, 54.698675827992119 ], [ 18.670153714324986, 54.69879086665258 ], [ 18.670367210201388, 54.698676984867873 ], [ 18.670155571365456, 54.698561946577996 ] ] ], [ [ [ 18.648586583806242, 54.710115826458477 ], [ 18.648473928051263, 54.710175864294399 ], [ 18.648585539969773, 54.710236552324432 ], [ 18.648698195728933, 54.710176514385367 ], [ 18.648586583806242, 54.710115826458477 ] ] ], [ [ [ 14.475312056427184, 53.00727216955007 ], [ 14.454615785725045, 53.007822043867598 ], [ 14.433908506955863, 53.008469444585543 ], [ 14.413190369584655, 53.0092116234906 ], [ 14.392461491908414, 53.010046172321594 ], [ 14.371721961878578, 53.010971007524567 ], [ 14.350971837862003, 53.011984355961872 ], [ 14.343578824292555, 53.012375912263444 ], [ 14.330211884452453, 53.013077946702381 ], [ 14.309442083207832, 53.014250860844534 ], [ 14.308415908345895, 53.022565294917655 ], [ 14.308530339071895, 53.02263842365565 ], [ 14.327530944663129, 53.034893638619316 ], [ 14.327829524803471, 53.03508429732657 ], [ 14.346661595815759, 53.047219311809165 ], [ 14.347140110188878, 53.047524621623779 ], [ 14.365808794312031, 53.059542344016499 ], [ 14.364411468698169, 53.071061850714479 ], [ 14.365212927675566, 53.071572690017398 ], [ 14.383585128971561, 53.083382757090753 ], [ 14.382199665140256, 53.094902850419423 ], [ 14.380817313963536, 53.106423053280771 ], [ 14.379438311305854, 53.11794337494706 ], [ 14.380814710313127, 53.118819403410221 ], [ 14.398661695404325, 53.130263310889099 ], [ 14.39729719164818, 53.141784316693197 ], [ 14.377296617680001, 53.151537414564828 ], [ 14.375323579547132, 53.15250513883791 ], [ 14.373960086794417, 53.164026019118104 ], [ 14.372600925605695, 53.175547057012203 ], [ 14.374575225666206, 53.176802282516668 ], [ 14.391881716439267, 53.187869876407341 ], [ 14.390539227457339, 53.199391679930599 ], [ 14.392721251130316, 53.2007775495779 ], [ 14.409855604815391, 53.211712666754643 ], [ 14.40853048518783, 53.223235257587902 ], [ 14.410888958285293, 53.224731656845385 ], [ 14.427883337825891, 53.235554426591854 ], [ 14.430313563944262, 53.237095098095637 ], [ 14.44726025198713, 53.247871160655755 ], [ 14.449750135117833, 53.249448368231178 ], [ 14.466661310401467, 53.26018545177908 ], [ 14.447619428385355, 53.269477191375167 ], [ 14.444676232934372, 53.270919344640539 ], [ 14.425710707078846, 53.280167181674216 ], [ 14.422683720311012, 53.28164906094127 ], [ 14.421396024323968, 53.293173163079501 ], [ 14.420113021409957, 53.304697435560456 ], [ 14.418834574133969, 53.316221873212335 ], [ 14.41756052213155, 53.327746469976745 ], [ 14.416290683180495, 53.339271218949328 ], [ 14.415024854454876, 53.350796112427432 ], [ 14.396350565896167, 53.359885863843452 ], [ 14.393003032695479, 53.361519988205266 ], [ 14.395971159695229, 53.363398313519319 ], [ 14.412504322036009, 53.373846298429378 ], [ 14.393861341937249, 53.382916967815213 ], [ 14.390473737913322, 53.384569570705324 ], [ 14.389213813146506, 53.396094530416413 ], [ 14.38795666902646, 53.407619588314624 ], [ 14.386702015854002, 53.419144733264247 ], [ 14.3854495552581, 53.430669953786825 ], [ 14.384198982253777, 53.442195238140663 ], [ 14.38294998730572, 53.453720574400613 ], [ 14.364345783554457, 53.462749866321779 ], [ 14.360876423524859, 53.464437500008231 ], [ 14.359622170203282, 53.475962494408165 ], [ 14.358368606367481, 53.487487506666241 ], [ 14.357115424074257, 53.499012524837234 ], [ 14.338513652907753, 53.508022642855714 ], [ 14.335009659554101, 53.50972390083772 ], [ 14.333749014800443, 53.521248490676022 ], [ 14.332487909350622, 53.532773053747448 ], [ 14.313900133340724, 53.541760296728029 ], [ 14.310354317070912, 53.543479165765127 ], [ 14.309084246150837, 53.555003239835244 ], [ 14.312214729613508, 53.55698056291785 ], [ 14.328699088770303, 53.567346475347726 ], [ 14.32743345998035, 53.578870826636425 ], [ 14.326166093589439, 53.590395101251033 ], [ 14.324896775697734, 53.60191929081698 ], [ 14.323625308118, 53.613443387570094 ], [ 14.304947909383776, 53.622444827348673 ], [ 14.301430098464984, 53.624146178561517 ], [ 14.300146855050272, 53.635669674749181 ], [ 14.298860998436304, 53.647193059585746 ], [ 14.297572395550155, 53.658716327818709 ], [ 14.278948357001058, 53.667668613778119 ], [ 14.27533447208595, 53.6694131016733 ], [ 14.278527304568108, 53.671426628808121 ], [ 14.294986503214099, 53.681762496776585 ], [ 14.276365969572542, 53.690703725744314 ], [ 14.272728917861118, 53.69245823067687 ], [ 14.271421547599642, 53.703980600866316 ], [ 14.270111040628047, 53.715502838531364 ], [ 14.268797360195929, 53.727024942193147 ], [ 14.27205598669959, 53.729077715163577 ], [ 14.288467598782788, 53.739375636459371 ], [ 14.269896711700355, 53.74826935496705 ], [ 14.266160404440109, 53.750068744456129 ], [ 14.269460180933443, 53.752146529724648 ], [ 14.285837600415666, 53.762419948512189 ], [ 14.284517787862001, 53.773941901969486 ], [ 14.283194801885942, 53.785463721744904 ], [ 14.281868682609558, 53.796985409394765 ], [ 14.263408478741152, 53.805802766053411 ], [ 14.259512542552651, 53.807675905761855 ], [ 14.258173750891901, 53.819196947429717 ], [ 14.256832021526629, 53.830717864208552 ], [ 14.238556761053173, 53.839428192133369 ], [ 14.234443248717565, 53.841402805687565 ], [ 14.233089351752989, 53.852923092477184 ], [ 14.231732776081524, 53.864443264223887 ], [ 14.230373611982891, 53.875963324506209 ], [ 14.229011953615416, 53.887483277059502 ], [ 14.227647898239683, 53.899003125744983 ], [ 14.209714442086076, 53.907520028978524 ], [ 14.205200899048011, 53.909681051848054 ], [ 14.209179731424529, 53.912181804882394 ], [ 14.224912996612041, 53.922042527412231 ], [ 14.228856365149646, 53.924518924818628 ], [ 14.249859522674269, 53.925301841130356 ], [ 14.270863760878356, 53.926080437857507 ], [ 14.291869069060105, 53.926854760010237 ], [ 14.296035958822193, 53.924855607824057 ], [ 14.314171882740018, 53.916074950119388 ], [ 14.318182175707239, 53.914149159679255 ], [ 14.336463169095394, 53.905291577563702 ], [ 14.357460036390632, 53.906053262647475 ], [ 14.378457930362616, 53.906810856798302 ], [ 14.395004221131348, 53.917126020640261 ], [ 14.398184539140251, 53.919113880738706 ], [ 14.419190235139983, 53.919863595369733 ], [ 14.440196918542506, 53.920609440588535 ], [ 14.45700394133029, 53.931065381012544 ], [ 14.459948654679698, 53.932902182115583 ], [ 14.476816012785306, 53.94338754761354 ], [ 14.47971194952223, 53.945192412806058 ], [ 14.496638467908419, 53.955706604551601 ], [ 14.499486793350453, 53.957480310688439 ], [ 14.520514626713457, 53.958212335809939 ], [ 14.537598673455046, 53.968810585594937 ], [ 14.540307699075147, 53.970495099184745 ], [ 14.561343116140979, 53.971220906189004 ], [ 14.578580096882032, 53.981900863692914 ], [ 14.581154351008735, 53.983499250247128 ], [ 14.602197283725889, 53.984219400647667 ], [ 14.623241063050299, 53.984936667952127 ], [ 14.64071770678621, 53.995747263192911 ], [ 14.643076994700067, 53.997209148044213 ], [ 14.664128191135905, 53.997921577653059 ], [ 14.685180189646186, 53.998631465814157 ], [ 14.702876549666179, 54.009561448456928 ], [ 14.705040670320034, 54.010899630368478 ], [ 14.726099995825148, 54.011605464425237 ], [ 14.74391078285656, 54.022595403592987 ], [ 14.745978389144716, 54.023872046569309 ], [ 14.767044989923392, 54.024574312972078 ], [ 14.784954925144469, 54.035615204001452 ], [ 14.786941257664152, 54.03683987995025 ], [ 14.808015093010255, 54.037538974787687 ], [ 14.829089652536899, 54.03823615280325 ], [ 14.850164930022228, 54.038931456204843 ], [ 14.868284529833192, 54.050083079898485 ], [ 14.870092013744829, 54.051194497675617 ], [ 14.891174480497561, 54.051887032896303 ], [ 14.912257655163287, 54.052577749070679 ], [ 14.933341536590527, 54.053266638930921 ], [ 14.951610948995128, 54.064491944854623 ], [ 14.95329944578816, 54.065527412648727 ], [ 14.974390524999919, 54.066213408166341 ], [ 14.992678237542506, 54.077439603745589 ], [ 14.994366370930633, 54.078473339974813 ], [ 15.015464679514723, 54.079156121678807 ], [ 15.036563715373262, 54.079836782129497 ], [ 15.054887181431173, 54.091068862862457 ], [ 15.056564131398217, 54.092093624004583 ], [ 15.077670460522761, 54.092770354938303 ], [ 15.098777542409442, 54.093444625593364 ], [ 15.117112408854465, 54.104665727603191 ], [ 15.118802725320041, 54.105696516618622 ], [ 15.139917183613617, 54.106365886079821 ], [ 15.161032425686528, 54.107032371354094 ], [ 15.179362896211211, 54.118230476618713 ], [ 15.181082602338895, 54.119277014199987 ], [ 15.202205312439503, 54.119937467951083 ], [ 15.220504329793155, 54.131100507219095 ], [ 15.222273997323825, 54.132175876021336 ], [ 15.243404242576144, 54.13282945415542 ], [ 15.264535325301454, 54.13347935029168 ], [ 15.282826168029942, 54.144612692082923 ], [ 15.284629404093536, 54.145706185812934 ], [ 15.305768102750012, 54.146348063947634 ], [ 15.326907662774239, 54.146985827711596 ], [ 15.348048088628266, 54.147619365498024 ], [ 15.369189383994087, 54.148248572002693 ], [ 15.39033155174268, 54.148873348763352 ], [ 15.408708914894726, 54.160006662537533 ], [ 15.410471677430357, 54.161071429579984 ], [ 15.43162154931688, 54.161686476438184 ], [ 15.45277230002031, 54.162296807502095 ], [ 15.47392392860457, 54.162902359777284 ], [ 15.495076433297669, 54.163503078623357 ], [ 15.516229811511884, 54.164098917766673 ], [ 15.534769954119065, 54.175272474651202 ], [ 15.536416266881357, 54.176263009147753 ], [ 15.557577350562459, 54.176848225759286 ], [ 15.578739295514284, 54.177428467279505 ], [ 15.597374547868384, 54.18862711897625 ], [ 15.598951588842429, 54.189574001929763 ], [ 15.620121210086499, 54.190143515005907 ], [ 15.641291671843298, 54.190708056097712 ], [ 15.662462966161092, 54.191267640694164 ], [ 15.681286633647801, 54.202538011211182 ], [ 15.682707849101849, 54.203389035368367 ], [ 15.703886751190868, 54.203938099712467 ], [ 15.725066457063962, 54.204482314901604 ], [ 15.746246957121871, 54.205021720086364 ], [ 15.765305829710419, 54.216392441429662 ], [ 15.76652426338139, 54.217120073542993 ], [ 15.787712281394823, 54.217649466019246 ], [ 15.806889923596138, 54.229069538829648 ], [ 15.808008400195432, 54.22973649614557 ], [ 15.829203884670084, 54.230256259623012 ], [ 15.850400106744505, 54.23077153557324 ], [ 15.86978831006115, 54.242287818668132 ], [ 15.870721654296183, 54.242843219806296 ], [ 15.891925267071899, 54.243349436821383 ], [ 15.913129584719359, 54.243851367690638 ], [ 15.934334598005577, 54.244349060456869 ], [ 15.955540298006406, 54.244842560304932 ], [ 15.976746676132766, 54.245331909103534 ], [ 15.997953724151929, 54.245817144995215 ], [ 16.019161434203824, 54.246298302038333 ], [ 16.039207632768036, 54.25813804225654 ], [ 16.03954128551575, 54.258335565535774 ], [ 16.06075622060639, 54.258808794237268 ], [ 16.081971794289519, 54.259278056001904 ], [ 16.102263335590468, 54.271237178802515 ], [ 16.102376671244905, 54.271304133766343 ], [ 16.123599423393202, 54.271765775245001 ], [ 16.131442653196391, 54.271935412502508 ], [ 16.125699992163106, 54.260232766653672 ], [ 16.124565876284329, 54.257892096474137 ], [ 16.120041516787822, 54.248531805052217 ], [ 16.114432366594734, 54.236831705147971 ], [ 16.108851517699055, 54.225131969530089 ], [ 16.106029323091754, 54.219192296836589 ], [ 16.103283024060655, 54.213432218739669 ], [ 16.097700650772484, 54.201731822099752 ], [ 16.092080891156233, 54.190030209616843 ], [ 16.087517728354889, 54.180610631117538 ], [ 16.086399571467272, 54.178326790414125 ], [ 16.080615599396687, 54.166620558197636 ], [ 16.07471573708083, 54.154911175222232 ], [ 16.068923014668989, 54.143672801915514 ], [ 16.068673610473223, 54.143197980568758 ], [ 16.062410010313556, 54.131479016884079 ], [ 16.055935199767038, 54.119754498469611 ], [ 16.050154085797939, 54.109634991852843 ], [ 16.049207184094186, 54.108023358495267 ], [ 16.04211565808502, 54.096282838221889 ], [ 16.034694113643337, 54.084533695597898 ], [ 16.031161484242507, 54.079143985086446 ], [ 16.026823799180391, 54.072772928714492 ], [ 16.018452603589452, 54.060999151854723 ], [ 16.011935904729629, 54.052272294975658 ], [ 16.009542190714864, 54.049211300947483 ], [ 15.999911788468728, 54.037404736550869 ], [ 15.992489785051992, 54.028787910066342 ], [ 15.989570775858841, 54.025579512731369 ], [ 15.978280184967417, 54.013729426749308 ], [ 15.972846556490527, 54.008310870553231 ], [ 15.965942698323886, 54.001851741809233 ], [ 15.953032393747238, 53.9904308856283 ], [ 15.952440692928572, 53.989943138405472 ], [ 15.937302089552869, 53.977991169151338 ], [ 15.933068764954859, 53.974810133597494 ], [ 15.920347457706093, 53.965990593164292 ], [ 15.912977484906097, 53.961113255550131 ], [ 15.901122127089174, 53.953928881832155 ], [ 15.892775504064156, 53.949077679130788 ], [ 15.878970995721112, 53.941787881660375 ], [ 15.872477126068619, 53.938482076021451 ], [ 15.852991760933559, 53.929542275133478 ], [ 15.852094169851402, 53.929143147632544 ], [ 15.831637586567568, 53.920893268140624 ], [ 15.82116987969815, 53.917136165584743 ], [ 15.811115300180029, 53.913608423409819 ], [ 15.790534725496888, 53.907174133554278 ], [ 15.780889725087057, 53.904494659491824 ], [ 15.76990280881737, 53.901484687305484 ], [ 15.749225132952597, 53.896454434997935 ], [ 15.7285049537301, 53.892029529152111 ], [ 15.725313570226186, 53.891422605751991 ], [ 15.707750798986158, 53.888090371713922 ], [ 15.686964044295683, 53.884610617580378 ], [ 15.666148148496351, 53.881538377217375 ], [ 15.645307004875074, 53.878817580322298 ], [ 15.632025216765081, 53.877270945374065 ], [ 15.624445691895602, 53.876378802335843 ], [ 15.603568666789302, 53.874161948040026 ], [ 15.582677264134164, 53.872146627480504 ], [ 15.561775030157266, 53.870285999785324 ], [ 15.54086553845991, 53.868534010815907 ], [ 15.519952432486495, 53.866844861733888 ], [ 15.499039468471771, 53.865172489545564 ], [ 15.478130559167216, 53.86347005554687 ], [ 15.457229818570019, 53.861689438614818 ], [ 15.440610274851906, 53.860172160610617 ], [ 15.436342589247767, 53.859769195589863 ], [ 15.4154773348376, 53.857612825628074 ], [ 15.394635793914908, 53.855204169430458 ], [ 15.373823773512575, 53.852480416158421 ], [ 15.353047595692246, 53.849374232326831 ], [ 15.332314155698542, 53.845813207998852 ], [ 15.329431232051231, 53.845249695026759 ], [ 15.31164694718937, 53.841537884200044 ], [ 15.291045838134973, 53.836561370853673 ], [ 15.274666051188655, 53.831990211552274 ], [ 15.270525164907257, 53.830733746011177 ], [ 15.250122963564984, 53.823643080652602 ], [ 15.239296848523486, 53.819315632082336 ], [ 15.229855959201959, 53.81512282226447 ], [ 15.213776601562994, 53.806942017832483 ], [ 15.209774745748549, 53.804634425252964 ], [ 15.194716929914859, 53.794768187642255 ], [ 15.189974694646569, 53.791155849126554 ], [ 15.180172027177919, 53.782735258021965 ], [ 15.170625473792564, 53.77286775658726 ], [ 15.168842586579045, 53.77080336393837 ], [ 15.160489029953215, 53.758965777288338 ], [ 15.154158897500567, 53.747192559121665 ], [ 15.152384909807211, 53.742643990767796 ], [ 15.149890526987019, 53.735485290348507 ], [ 15.147332894007514, 53.723832916205339 ], [ 15.146216247606848, 53.712226879208167 ], [ 15.146416072909137, 53.700663226635967 ], [ 15.147813475495949, 53.689138139001095 ], [ 15.150294934489926, 53.677647934726785 ], [ 15.153752059903395, 53.666189073026956 ], [ 15.158081362327259, 53.654758155469167 ], [ 15.1609906564813, 53.648306690586445 ], [ 15.163266322104276, 53.643354567311327 ], [ 15.169259290002449, 53.631976680049505 ], [ 15.175848797145415, 53.620617615395155 ], [ 15.182943035562564, 53.609274348969009 ], [ 15.18585481695467, 53.604937030502427 ], [ 15.190620338821306, 53.59794929363639 ], [ 15.19873282146702, 53.586637638347796 ], [ 15.207089987000376, 53.575333251054062 ], [ 15.209743446606142, 53.571866886739492 ], [ 15.21581312513721, 53.564039925298452 ], [ 15.224705791212017, 53.552751375323439 ], [ 15.233323690582045, 53.541829284158744 ], [ 15.233616158119096, 53.541462776517882 ], [ 15.242736080643274, 53.530180161683646 ], [ 15.251715784468386, 53.518892504484569 ], [ 15.256816222684677, 53.512392512606453 ], [ 15.260610372794945, 53.507601560667219 ], [ 15.269388705429174, 53.496306374749309 ], [ 15.27784852846645, 53.485000663509084 ], [ 15.280404505968148, 53.48147655462558 ], [ 15.286097748872404, 53.473687849025112 ], [ 15.293991634090547, 53.462363477413156 ], [ 15.301425561562523, 53.451024371915324 ], [ 15.30432478582714, 53.446331051411384 ], [ 15.308467040182558, 53.439672702239946 ], [ 15.315035495342261, 53.428306044295738 ], [ 15.321033390598414, 53.41692146236803 ], [ 15.326437947361756, 53.405518334481798 ], [ 15.32927193544751, 53.398796266426466 ], [ 15.331266456866235, 53.394097266677228 ], [ 15.335494824700069, 53.382657581965766 ], [ 15.339045238716706, 53.371196948016362 ], [ 15.341898920416412, 53.359714841579596 ], [ 15.344036737353296, 53.348210718071478 ], [ 15.345438867253831, 53.336684000165533 ], [ 15.346084459932383, 53.325134066256616 ], [ 15.345951294469312, 53.313560238670128 ], [ 15.345015428803414, 53.301961771477067 ], [ 15.343250838445444, 53.290337837755423 ], [ 15.340629040429407, 53.278687516114118 ], [ 15.339815744252547, 53.275989005564554 ], [ 15.337169570062809, 53.267011341023284 ], [ 15.332808323009283, 53.255307255511354 ], [ 15.327488883156795, 53.243573409741082 ], [ 15.322618440794706, 53.234503598426308 ], [ 15.321184300884914, 53.231808831190733 ], [ 15.313888669795071, 53.220013168754221 ], [ 15.305480490769954, 53.208182456531389 ], [ 15.304275929031188, 53.20667929199351 ], [ 15.295951104379947, 53.196316175670816 ], [ 15.28544924740376, 53.184715579004127 ], [ 15.285170322560585, 53.184409978206197 ], [ 15.27307180328464, 53.17246142993713 ], [ 15.266320494212653, 53.166442033469153 ], [ 15.259504465979205, 53.160465361117481 ], [ 15.247003474659092, 53.150505716407601 ], [ 15.244321524603917, 53.148416614856067 ], [ 15.227534763142073, 53.136457493785024 ], [ 15.227318960914911, 53.136308078469767 ], [ 15.208216332599864, 53.124130003461786 ], [ 15.207941104264997, 53.123967457292174 ], [ 15.18824648578863, 53.112742615201569 ], [ 15.186651544306324, 53.111869733982751 ], [ 15.16846596179133, 53.102595655200574 ], [ 15.162121080243125, 53.099509638339185 ], [ 15.14861378758834, 53.093351593255996 ], [ 15.133970858304231, 53.087026561108331 ], [ 15.128700476948747, 53.084880317127713 ], [ 15.108726721888507, 53.077162901914598 ], [ 15.101094961391915, 53.074381592548818 ], [ 15.08870100356317, 53.070094870282929 ], [ 15.068630273790232, 53.063590478959043 ], [ 15.061814204869957, 53.061515084912159 ], [ 15.048514178891068, 53.057645325846615 ], [ 15.028359452371266, 53.052178088611868 ], [ 15.013016220452634, 53.048316152069965 ], [ 15.008169739597866, 53.047142363696118 ], [ 14.987942460327091, 53.042559569304323 ], [ 14.967685898219491, 53.038334426406408 ], [ 14.947884108810879, 53.034540496574202 ], [ 14.947401087235104, 53.034450686515171 ], [ 14.92708487143164, 53.030936798698015 ], [ 14.906743619963162, 53.027720198860344 ], [ 14.886378383599029, 53.024785524102839 ], [ 14.865990182555411, 53.022118015870902 ], [ 14.845580002458393, 53.019703549213425 ], [ 14.841842339732551, 53.019302800075522 ], [ 14.825147587567011, 53.017541099777901 ], [ 14.804695169386232, 53.015604054107655 ], [ 14.7842238533432, 53.013877835150176 ], [ 14.763734411925679, 53.012351531571746 ], [ 14.74322757494021, 53.011014866917073 ], [ 14.722704029344788, 53.009858187167339 ], [ 14.702164419368453, 53.008872445643767 ], [ 14.681609346866336, 53.008049185867876 ], [ 14.661039371864616, 53.007380522910154 ], [ 14.640455013255092, 53.006859123684933 ], [ 14.619856749604187, 53.006478186582626 ], [ 14.5992450200457, 53.006231420769858 ], [ 14.578620225230889, 53.006113025434914 ], [ 14.557982728313291, 53.0061176692071 ], [ 14.537332855948893, 53.006240469938184 ], [ 14.516670899295526, 53.006476974996083 ], [ 14.498541354870216, 53.006781038363997 ], [ 14.495997137548571, 53.006822925992552 ], [ 14.475312056427184, 53.00727216955007 ] ] ] ] } },
{ "type": "Feature", "properties": { "cykl": 4, "typ_martwego_drewna": "wszystkie", "prog_zasobnosci_m3ha": 15, "srednia_krajowa_m3ha": 11.148837381277966, "max_zasobnosci_m3ha": 51.562012639400123, "n_traktow": 10535, "wiarygodne": true }, "geometry": { "type": "MultiPolygon", "coordinates": [ [ [ [ 23.13392778587539, 52.312451450726094 ], [ 23.130899722026673, 52.314347266192762 ], [ 23.114749725505703, 52.32463021087213 ], [ 23.111710154363614, 52.32659039341894 ], [ 23.095595482970694, 52.337177355818056 ], [ 23.093141325195749, 52.338808691415423 ], [ 23.0764670790896, 52.350119645168704 ], [ 23.075178766184898, 52.351002962260281 ], [ 23.057793523000448, 52.363174487481459 ], [ 23.057366123798165, 52.363479804848026 ], [ 23.040923897392577, 52.375325643394547 ], [ 23.038293138060116, 52.377269016203137 ], [ 23.024606272456957, 52.387455417799636 ], [ 23.019253068728009, 52.391547281254752 ], [ 23.008831933820165, 52.399564343375907 ], [ 23.000249170997659, 52.406356932397117 ], [ 22.993593417145167, 52.411652897987445 ], [ 22.981285038673345, 52.42174474995501 ], [ 22.97888453957178, 52.423721504837069 ], [ 22.964617423095312, 52.43577331969643 ], [ 22.962361738286678, 52.437730147403308 ], [ 22.950768698160122, 52.447809290495492 ], [ 22.943483251696474, 52.454365418962396 ], [ 22.937421098239064, 52.459826811912059 ], [ 22.924657484840719, 52.471747745652515 ], [ 22.92457359957907, 52.471826094425417 ], [ 22.912001168602973, 52.483814759767533 ], [ 22.905883650194991, 52.489877905779963 ], [ 22.899909885847855, 52.495786097291315 ], [ 22.888265429029513, 52.507741390238941 ], [ 22.887172951941064, 52.508892347609233 ], [ 22.876883514893898, 52.51968682193381 ], [ 22.86852855312987, 52.528838331695482 ], [ 22.865979496653104, 52.531615427859272 ], [ 22.855360763282032, 52.543533628382015 ], [ 22.849960058734101, 52.54983730824631 ], [ 22.845125142217583, 52.555438322222237 ], [ 22.835233171030914, 52.567330893647394 ], [ 22.831477029746011, 52.572012092338404 ], [ 22.825643145686026, 52.579212782329627 ], [ 22.816414262461766, 52.591082155175108 ], [ 22.813091331793888, 52.595513841164099 ], [ 22.807455285832379, 52.602942038013353 ], [ 22.798836873768309, 52.614790226377885 ], [ 22.7948185643112, 52.620539040865602 ], [ 22.790501956333852, 52.626628627250966 ], [ 22.782450970120685, 52.638457289962282 ], [ 22.776678840522475, 52.64733931771179 ], [ 22.77474013536996, 52.650274482504564 ], [ 22.767221852905994, 52.662084973666438 ], [ 22.760090135672471, 52.67388263937594 ], [ 22.758701084474847, 52.676272309902892 ], [ 22.753128671457272, 52.685674412198807 ], [ 22.746483881002096, 52.697455690848294 ], [ 22.740925604994651, 52.70783340631489 ], [ 22.740163163918016, 52.709226298543548 ], [ 22.733987776134331, 52.720991927050513 ], [ 22.728150933967623, 52.732746518811723 ], [ 22.723417625774008, 52.742816236432724 ], [ 22.722610142291789, 52.74449146324563 ], [ 22.717220429150604, 52.756231354327745 ], [ 22.712147365489354, 52.767961026834236 ], [ 22.707379946906254, 52.779680869291923 ], [ 22.706285710844949, 52.782533319353831 ], [ 22.702783551871189, 52.791395128395386 ], [ 22.698447111994426, 52.803101050849101 ], [ 22.69440284075322, 52.81479766406359 ], [ 22.690642721567656, 52.826485250746643 ], [ 22.689740058422728, 52.829509019766896 ], [ 22.687063256757398, 52.838167059695607 ], [ 22.68373261036734, 52.849840991666966 ], [ 22.680678640277861, 52.861506205737513 ], [ 22.677895511100171, 52.873162907266369 ], [ 22.675377948595546, 52.884811281701083 ], [ 22.674326377573689, 52.890251915107989 ], [ 22.673074001741909, 52.896452957357269 ], [ 22.670995126107613, 52.9080875945617 ], [ 22.669179076739223, 52.919714040146438 ], [ 22.667621858959009, 52.931332432490215 ], [ 22.666319818489665, 52.9429428974736 ], [ 22.665269598867042, 52.954545549902861 ], [ 22.664468099922797, 52.966140494886233 ], [ 22.66391243741905, 52.977727829162014 ], [ 22.663599903959831, 52.989307642376836 ], [ 22.663527931344834, 53.000880018311243 ], [ 22.663619503567261, 53.007063405903757 ], [ 22.663685535665035, 53.012445298825931 ], [ 22.664075058769573, 53.024003413260928 ], [ 22.664703574630462, 53.035554143636752 ], [ 22.66556823883468, 53.047097576512179 ], [ 22.666666187826049, 53.058633797662466 ], [ 22.66799451492507, 53.07016289287737 ], [ 22.669550249908792, 53.081684948650278 ], [ 22.670468759798013, 53.087652919639496 ], [ 22.671323560052695, 53.093200262228002 ], [ 22.67330799044954, 53.104709025707194 ], [ 22.675508218917788, 53.116211086229917 ], [ 22.677921409732484, 53.127706521903697 ], [ 22.680544635171351, 53.139195412725726 ], [ 22.683374887116379, 53.150677840283855 ], [ 22.686409095845779, 53.162153887234872 ], [ 22.689644156668709, 53.17362363653826 ], [ 22.693076965102492, 53.185087170421347 ], [ 22.696704461346261, 53.196544569050118 ], [ 22.700523684868536, 53.207995908877045 ], [ 22.701808652416659, 53.211721370070443 ], [ 22.704513783884074, 53.219441822630678 ], [ 22.708684094675089, 53.230882004200147 ], [ 22.713042129110494, 53.24231620242282 ], [ 22.717586691862554, 53.2537444361637 ], [ 22.722317168470248, 53.265166705426303 ], [ 22.727233666892673, 53.276582986832082 ], [ 22.728415649987383, 53.279283651075737 ], [ 22.732327488586609, 53.287993532094923 ], [ 22.737613152305435, 53.299397864985657 ], [ 22.743098405633436, 53.310795718790068 ], [ 22.748788889261139, 53.322186890807401 ], [ 22.753797251143801, 53.331893002671691 ], [ 22.754693111954445, 53.333571085941863 ], [ 22.760831096523003, 53.344947643072963 ], [ 22.767214126513988, 53.356316172191953 ], [ 22.773858510091625, 53.367676120511192 ], [ 22.778425275421395, 53.375256599175074 ], [ 22.78079650035923, 53.379026424531652 ], [ 22.788073954807931, 53.390365579484168 ], [ 22.795701645687164, 53.401693184282564 ], [ 22.802450571910985, 53.411284369636995 ], [ 22.803727464878726, 53.413007648290879 ], [ 22.812257680998147, 53.424305499101642 ], [ 22.821293534105379, 53.435586594606129 ], [ 22.825968622616525, 53.441203092810852 ], [ 22.830964084945691, 53.446846681290175 ], [ 22.84136936356542, 53.458082391502558 ], [ 22.849048722707828, 53.465908614320931 ], [ 22.852607678946928, 53.469290367325463 ], [ 22.864897705070543, 53.480463300925535 ], [ 22.871767630040942, 53.48634928811574 ], [ 22.878399368621348, 53.491595682287929 ], [ 22.893352035629512, 53.502679306317731 ], [ 22.894186307340522, 53.503273106101631 ], [ 22.910230247971779, 53.513698100549355 ], [ 22.916369169690427, 53.51744420900588 ], [ 22.9293933346923, 53.524639442969871 ], [ 22.938353813908545, 53.529317862856715 ], [ 22.951512497243844, 53.535480045986958 ], [ 22.960177807845856, 53.539337164769165 ], [ 22.977519170939566, 53.546187274955436 ], [ 22.98186882505869, 53.547828954109676 ], [ 23.003451669628625, 53.555081797206299 ], [ 23.008922123270263, 53.556707988892917 ], [ 23.024944087191496, 53.561303234820777 ], [ 23.046354338035759, 53.566596797545557 ], [ 23.047999054076968, 53.566960801603784 ], [ 23.067704101693192, 53.571203205993683 ], [ 23.088992474975377, 53.57512422342635 ], [ 23.099291171350881, 53.576782469896266 ], [ 23.110232851286007, 53.578508645787196 ], [ 23.131431716293996, 53.58143135173772 ], [ 23.152590011331373, 53.583909150738329 ], [ 23.171981733294277, 53.585836933434564 ], [ 23.173713492929988, 53.586007261821464 ], [ 23.194812678137662, 53.587837528968755 ], [ 23.215883919369311, 53.589367445167241 ], [ 23.236930340291682, 53.590632715837266 ], [ 23.257954623526544, 53.591663940396728 ], [ 23.278959083998139, 53.592487468079455 ], [ 23.296008987316682, 53.59301215028708 ], [ 23.299946603729708, 53.593134696133312 ], [ 23.320921524917992, 53.593650686038295 ], [ 23.341881593905292, 53.594015404825562 ], [ 23.362828159028126, 53.594244101628853 ], [ 23.383762407025969, 53.594350171206727 ], [ 23.404685385323383, 53.594345413009442 ], [ 23.425598020750662, 53.594240248604358 ], [ 23.446501135354008, 53.594043905085904 ], [ 23.467395459813428, 53.593764570536777 ], [ 23.488281644883006, 53.593409526395455 ], [ 23.509160271187909, 53.592985260640923 ], [ 23.530031857648805, 53.592497564962422 ], [ 23.550896868754386, 53.591951618494825 ], [ 23.571755720862551, 53.591352060232389 ], [ 23.592608787679112, 53.590703051860366 ], [ 23.613456405036878, 53.590008332442288 ], [ 23.633334501139739, 53.580473516732596 ], [ 23.633458944391364, 53.580395080262186 ], [ 23.632373146484319, 53.568863525152537 ], [ 23.631292474994588, 53.557331763902582 ], [ 23.65039587006606, 53.545396150845846 ], [ 23.651039281862381, 53.54499009511111 ], [ 23.649965768077006, 53.533458128726558 ], [ 23.648897299728457, 53.521925958727358 ], [ 23.667433853368646, 53.510346603290543 ], [ 23.668645607293776, 53.509580900488984 ], [ 23.667584073091234, 53.498048531256316 ], [ 23.666527285455018, 53.486515969481133 ], [ 23.684448474614182, 53.475324120741668 ], [ 23.68627649886507, 53.474167539470621 ], [ 23.68522587348458, 53.462634806063917 ], [ 23.684179458488028, 53.451101900597699 ], [ 23.701439593639421, 53.440326481970871 ], [ 23.703927895411688, 53.438750160219698 ], [ 23.70288630486429, 53.427217133513437 ], [ 23.719670389188931, 53.41673963742214 ], [ 23.722631061410311, 53.414862120021937 ], [ 23.721593075348839, 53.403329018991045 ], [ 23.720557906647134, 53.391795800034245 ], [ 23.736615873283192, 53.381774809375372 ], [ 23.740296681022567, 53.37943767905923 ], [ 23.739262971739123, 53.367904469783923 ], [ 23.754806164297644, 53.358204827698955 ], [ 23.758993596976438, 53.355543255256315 ], [ 23.757959686868123, 53.344010121680157 ], [ 23.756926779986447, 53.3324769419945 ], [ 23.771704515487176, 53.323256526172706 ], [ 23.776644136572429, 53.320112916137617 ], [ 23.775608505639148, 53.308579913565495 ], [ 23.774572753383815, 53.297046909928191 ], [ 23.788577145637056, 53.288309176575162 ], [ 23.794272195695964, 53.284680266529456 ], [ 23.793231217952741, 53.273147541951779 ], [ 23.806702528089623, 53.264740190483373 ], [ 23.81291393050455, 53.26077816766842 ], [ 23.81186608122238, 53.249245790607056 ], [ 23.824808230251058, 53.241165772169744 ], [ 23.831530002225414, 53.236873777794429 ], [ 23.844181887288098, 53.228971079187261 ], [ 23.851180222882164, 53.224498850785935 ], [ 23.850117010391966, 53.212967247668537 ], [ 23.862251798164273, 53.205383596031439 ], [ 23.869745592561024, 53.200589816592547 ], [ 23.868671932081035, 53.189058714863563 ], [ 23.880301607714539, 53.181786181504101 ], [ 23.90093349608588, 53.180967377030647 ], [ 23.908956893656878, 53.175826458348652 ], [ 23.907866866415997, 53.164296193910722 ], [ 23.90677313337218, 53.152766077100061 ], [ 23.905675554863631, 53.141236113609466 ], [ 23.90457400767481, 53.129706308449691 ], [ 23.89452800171162, 53.124814680503199 ], [ 23.882813507741314, 53.119027594605548 ], [ 23.881708759860089, 53.107497818036379 ], [ 23.880599792261005, 53.095968209042503 ], [ 23.879486536427102, 53.084438770355916 ], [ 23.878368936725323, 53.07290950417736 ], [ 23.887944945324424, 53.066908102303351 ], [ 23.897876386472866, 53.060531004111027 ], [ 23.896744846332517, 53.049002396267916 ], [ 23.905920059066322, 53.043245373778753 ], [ 23.916224989184776, 53.036621694528854 ], [ 23.915079385490277, 53.025093754766147 ], [ 23.923874708128086, 53.019568107607036 ], [ 23.934532130350625, 53.012710870270354 ], [ 23.933372460653583, 53.001183603365334 ], [ 23.932208377154129, 52.989656513925027 ], [ 23.931039907639519, 52.978129600699624 ], [ 23.939192233961563, 52.972997079953714 ], [ 23.950446252535151, 52.965745536908415 ], [ 23.949263980830711, 52.954219291617612 ], [ 23.936325920522407, 52.947899302064165 ], [ 23.927508534528879, 52.94354990275086 ], [ 23.92632289195565, 52.932023678013792 ], [ 23.925133065933483, 52.92049762059731 ], [ 23.923939104876467, 52.908971728394881 ], [ 23.922741058346766, 52.897445999252646 ], [ 23.921538976468586, 52.885920430993806 ], [ 23.920332909365456, 52.874395021442105 ], [ 23.919122906619407, 52.862869768444185 ], [ 23.917909016750318, 52.85134466989129 ], [ 23.924841035203421, 52.846957954075876 ], [ 23.937215584313751, 52.838965899615346 ], [ 23.93598930051359, 52.827441417552699 ], [ 23.93475931262256, 52.815917082834666 ], [ 23.933525662469471, 52.804392893625085 ], [ 23.940090381735406, 52.800226979438584 ], [ 23.952790652081998, 52.792012832145645 ], [ 23.951545206401189, 52.780489239642911 ], [ 23.950296258781545, 52.768965786435096 ], [ 23.949043837430775, 52.7574424712504 ], [ 23.947787965528551, 52.745919293027448 ], [ 23.946528660809498, 52.734396250932619 ], [ 23.945265935140387, 52.722873344377483 ], [ 23.943999794088839, 52.711350573036768 ], [ 23.929199090915432, 52.704075339454043 ], [ 23.922262888877892, 52.700681520036817 ], [ 23.907503563024985, 52.693420212832145 ], [ 23.900526979385248, 52.690008600848273 ], [ 23.885819140832954, 52.682766232264534 ], [ 23.878791545322244, 52.679331836077445 ], [ 23.864145843857205, 52.672113697582823 ], [ 23.857056015719611, 52.668651248038898 ], [ 23.842483694196716, 52.661462937545572 ], [ 23.835319765911706, 52.657966860832857 ], [ 23.820832716647335, 52.650814311578529 ], [ 23.813582114626016, 52.647278700415072 ], [ 23.799192938805909, 52.640168211457841 ], [ 23.791842321275709, 52.636586794655194 ], [ 23.790571241166838, 52.625063273809182 ], [ 23.776307402891387, 52.618006244962864 ], [ 23.768826850044281, 52.614367580664279 ], [ 23.75469675647248, 52.607370569021164 ], [ 23.734341123154337, 52.608249500811404 ], [ 23.713984709744686, 52.609127312097471 ], [ 23.693627526729092, 52.610004092680271 ], [ 23.673269584740414, 52.61087993530186 ], [ 23.652910894554054, 52.611754935665246 ], [ 23.644640129709657, 52.607738178453452 ], [ 23.631335148342156, 52.601125508296597 ], [ 23.610980485427547, 52.602000645187921 ], [ 23.602358334169047, 52.597817800215303 ], [ 23.589421007889037, 52.591378611198451 ], [ 23.569070440593702, 52.592254630051606 ], [ 23.560050690192085, 52.587883559711308 ], [ 23.547527344911657, 52.581641458769035 ], [ 23.538248058612687, 52.57714879005929 ], [ 23.525995873659102, 52.571036487074714 ], [ 23.516432929002093, 52.566410628935984 ], [ 23.504476075266062, 52.560440427772654 ], [ 23.484139437431082, 52.561322815339437 ], [ 23.474055117209215, 52.55644898253918 ], [ 23.472760178744434, 52.544924288696308 ], [ 23.461471686181405, 52.539277924157631 ], [ 23.450900101194311, 52.5341761839409 ], [ 23.43998718417463, 52.528712896908452 ], [ 23.429022663889874, 52.523424834509683 ], [ 23.418514529482263, 52.518159586620506 ], [ 23.407126805867836, 52.512670269122978 ], [ 23.39705375359457, 52.507618608484847 ], [ 23.385211597774504, 52.501912510831275 ], [ 23.383869403655634, 52.4903889384737 ], [ 23.374469279837118, 52.485669137433959 ], [ 23.361923159044945, 52.479628241086111 ], [ 23.360559314014651, 52.468105288180858 ], [ 23.351912015280437, 52.463758312573155 ], [ 23.338580731328193, 52.457341675007235 ], [ 23.337194327420843, 52.445819365067265 ], [ 23.329381972601325, 52.441887442864434 ], [ 23.315183218644357, 52.435052817508605 ], [ 23.313774001857514, 52.423531149578281 ], [ 23.312353427425037, 52.412009880970309 ], [ 23.305769946398001, 52.408691461944855 ], [ 23.290300267470869, 52.401240535483922 ], [ 23.28440307080357, 52.398265447721919 ], [ 23.268229841596817, 52.390467834967872 ], [ 23.266778033274367, 52.378947310220106 ], [ 23.261953613300751, 52.376510541790893 ], [ 23.244684840597991, 52.368171249709469 ], [ 23.243215713870264, 52.356651138827857 ], [ 23.239530127030022, 52.35478737729936 ], [ 23.221107452254845, 52.345871423602681 ], [ 23.219625569445668, 52.334351555202431 ], [ 23.217131849388277, 52.333089014281349 ], [ 23.197512337402788, 52.323567811805397 ], [ 23.196023741014823, 52.312047964594754 ], [ 23.19475782357641, 52.311406287250712 ], [ 23.1739178089334, 52.301259751525798 ], [ 23.172429876179283, 52.289739660646326 ], [ 23.172348521019067, 52.289107454231718 ], [ 23.171206241309434, 52.289782959274831 ], [ 23.153127894474036, 52.300617435047158 ], [ 23.150725943041245, 52.302078437223969 ], [ 23.13392778587539, 52.312451450726094 ] ] ], [ [ [ 23.636834173821079, 52.07155016121807 ], [ 23.625473500965096, 52.076062418072432 ], [ 23.637265106136542, 52.07570066747563 ], [ 23.637432782400335, 52.07559150582987 ], [ 23.636834173821079, 52.07155016121807 ] ] ], [ [ [ 23.559198390583564, 52.102647502919169 ], [ 23.539789217934349, 52.11058093618427 ], [ 23.53048067718618, 52.114482334674761 ], [ 23.520387996518739, 52.118658972232645 ], [ 23.500996948853484, 52.126905423296058 ], [ 23.500272971152281, 52.127215618765867 ], [ 23.481596816377525, 52.135130860696485 ], [ 23.470607219185879, 52.139920273382465 ], [ 23.462208914893804, 52.143547923725656 ], [ 23.442830020191018, 52.152126682743166 ], [ 23.441804619334896, 52.152584600886918 ], [ 23.423445838869188, 52.16072528680111 ], [ 23.413567552071953, 52.165220408035808 ], [ 23.423863536886373, 52.164929659413659 ], [ 23.44419532251861, 52.17564218511572 ], [ 23.44522928253441, 52.176164337139681 ], [ 23.446151558177014, 52.17556833292879 ], [ 23.464236920241238, 52.163785975092104 ], [ 23.483867568116427, 52.174138081396983 ], [ 23.485612364650887, 52.175018242547971 ], [ 23.50580279373029, 52.174439866179071 ], [ 23.507673159233722, 52.173229080764052 ], [ 23.505573027878278, 52.172170276036447 ], [ 23.4855173939238, 52.162501174201758 ], [ 23.483866461482325, 52.150989996150862 ], [ 23.502219042467903, 52.139005684249533 ], [ 23.502695400440032, 52.138697123860247 ], [ 23.521193582682653, 52.126604263757905 ], [ 23.541360473976138, 52.126012446344703 ], [ 23.541975479573015, 52.125613536294843 ], [ 23.560317758361936, 52.113598538135371 ], [ 23.580477702526903, 52.112998812238857 ], [ 23.600636962594649, 52.112396354350764 ], [ 23.601678479197339, 52.111719490767953 ], [ 23.599973239562271, 52.100211600859858 ], [ 23.618346870369187, 52.088139837392347 ], [ 23.618711235546019, 52.087902810479584 ], [ 23.617422402666069, 52.079201994105631 ], [ 23.59801280181518, 52.086937603030705 ], [ 23.593154870056495, 52.08890344421507 ], [ 23.578599099180536, 52.094696894139673 ], [ 23.561518349587374, 52.101708826252924 ], [ 23.559198390583564, 52.102647502919169 ] ] ], [ [ [ 23.40513385885551, 52.177109999932362 ], [ 23.404073629252224, 52.169518486026334 ], [ 23.386191043127653, 52.177817124033453 ], [ 23.404843389198213, 52.177297494249011 ], [ 23.40513385885551, 52.177109999932362 ] ] ], [ [ [ 23.346563410342966, 52.202560146031942 ], [ 23.366769874497322, 52.202008831977615 ], [ 23.367301220821247, 52.201666391898257 ], [ 23.385812176060465, 52.189657290255973 ], [ 23.386227471954665, 52.189389432091154 ], [ 23.384712627930515, 52.178500993102297 ], [ 23.365350777659543, 52.187552331912165 ], [ 23.359414949849079, 52.190384994345024 ], [ 23.345998365185519, 52.196778691464893 ], [ 23.333405349159381, 52.202918329858598 ], [ 23.346563410342966, 52.202560146031942 ] ] ], [ [ [ 22.816096787701518, 49.018403053722302 ], [ 22.803399690870357, 49.026987507611892 ], [ 22.798096554860113, 49.030597796051445 ], [ 22.785432005864049, 49.039154228834576 ], [ 22.780087555791031, 49.042790454924962 ], [ 22.767456418911852, 49.051318314418339 ], [ 22.762069785806041, 49.054981054400265 ], [ 22.756124165109476, 49.051688213230697 ], [ 22.742304378854183, 49.044043986397149 ], [ 22.723411840260955, 49.04466643749516 ], [ 22.704518672962731, 49.045286022204905 ], [ 22.698549315376429, 49.041975375383515 ], [ 22.684769415254877, 49.034339834098617 ], [ 22.672181393810412, 49.04281856134601 ], [ 22.666730466528353, 49.046516625420061 ], [ 22.647835434592984, 49.047127661675802 ], [ 22.635297142723552, 49.055562642296373 ], [ 22.636166444275077, 49.067109971012634 ], [ 22.630626251619763, 49.070864247127282 ], [ 22.618147413929766, 49.079251683008302 ], [ 22.612560976685131, 49.08303513914619 ], [ 22.600120748909408, 49.091390726531095 ], [ 22.594486917727568, 49.095204129313366 ], [ 22.575571967389429, 49.095804870281846 ], [ 22.56935203919889, 49.092347460713853 ], [ 22.555829255661326, 49.084836657473708 ], [ 22.543437622108598, 49.093146862767682 ], [ 22.537740269446026, 49.096998038287424 ], [ 22.531477166566987, 49.093513845407166 ], [ 22.518005120247128, 49.08602382159372 ], [ 22.499092167557993, 49.086613289968888 ], [ 22.480178630038338, 49.08720003573886 ], [ 22.467859268378795, 49.095444917372149 ], [ 22.462069791419022, 49.099351504138809 ], [ 22.443150719116318, 49.099933111865475 ], [ 22.424231073591518, 49.100512049922564 ], [ 22.405310858850356, 49.101088336716408 ], [ 22.393098242763084, 49.10924349926205 ], [ 22.393916185289541, 49.120793680754893 ], [ 22.387967231407604, 49.124800287631111 ], [ 22.375828461148167, 49.132898800114596 ], [ 22.376644773752748, 49.144449094208184 ], [ 22.370607662017424, 49.148512624089548 ], [ 22.351668222202555, 49.14908216704417 ], [ 22.345018023457467, 49.145370684829246 ], [ 22.331951471206978, 49.13807797740359 ], [ 22.313015318457726, 49.138642151313448 ], [ 22.294078620516675, 49.139203812185798 ], [ 22.275141381581058, 49.139762984694435 ], [ 22.263183308240535, 49.147714952550423 ], [ 22.256962800763535, 49.151892005939331 ], [ 22.238020101327674, 49.152446570751891 ], [ 22.226149688271448, 49.160330614416573 ], [ 22.226934540315035, 49.171882563892794 ], [ 22.227720847080576, 49.183434454020222 ], [ 22.221331221779295, 49.187720693567186 ], [ 22.214334997931815, 49.18380817587822 ], [ 22.201626707287136, 49.176696513585838 ], [ 22.182673642464959, 49.177244548282779 ], [ 22.170961532742851, 49.185008430630951 ], [ 22.164458829439663, 49.189365739537351 ], [ 22.145500335183467, 49.189909484681472 ], [ 22.133892273323827, 49.197594990577976 ], [ 22.127271807261582, 49.202027687295868 ], [ 22.108307896452068, 49.202567275926938 ], [ 22.089343485571771, 49.203104674735215 ], [ 22.077887917451513, 49.210676071157344 ], [ 22.071096341171206, 49.215218239403598 ], [ 22.052126534026424, 49.215751677385285 ], [ 22.040793354349809, 49.223233018063524 ], [ 22.041543709894455, 49.234786758266956 ], [ 22.042295767331328, 49.246340434382105 ], [ 22.043049583258096, 49.257894044903381 ], [ 22.035997036964382, 49.262606183201989 ], [ 22.024864365019585, 49.269945464095237 ], [ 22.02561771178086, 49.281499141487387 ], [ 22.018423189028898, 49.28630394797564 ], [ 22.007425059851901, 49.293547880775485 ], [ 22.00012904961109, 49.298418560768013 ], [ 21.989227417447097, 49.305593800022294 ], [ 21.981826082415353, 49.310532885366143 ], [ 21.971024945212484, 49.317636893122192 ], [ 21.971774136451025, 49.329190879333126 ], [ 21.972525596903562, 49.340744787628402 ], [ 21.964907417660424, 49.345826306906297 ], [ 21.945886037926119, 49.346351676290034 ], [ 21.926864187732885, 49.346875127604413 ], [ 21.907841869788246, 49.347396674586051 ], [ 21.897430138018841, 49.354226352065609 ], [ 21.88949865511972, 49.359509392700552 ], [ 21.879207528213136, 49.366255114735068 ], [ 21.871146598380687, 49.371622364960942 ], [ 21.85211399820426, 49.372139135408318 ], [ 21.842017513652657, 49.378749125894132 ], [ 21.842750742235072, 49.390304057577566 ], [ 21.834415946503803, 49.395849499179896 ], [ 21.825310789491642, 49.390731887099349 ], [ 21.814710216227976, 49.384764531135367 ], [ 21.805595166357069, 49.379639450193075 ], [ 21.795013443701659, 49.373678130106789 ], [ 21.785885056497772, 49.368543552010088 ], [ 21.775325617301988, 49.36259021869747 ], [ 21.765464465573505, 49.369034228347431 ], [ 21.766179074843375, 49.380589991163369 ], [ 21.757593563688069, 49.386293477193284 ], [ 21.747936654466088, 49.392598183137302 ], [ 21.739199255592386, 49.398400123040474 ], [ 21.729690712001474, 49.404603499101519 ], [ 21.720796081436696, 49.410507320867907 ], [ 21.711441383242221, 49.416605934625693 ], [ 21.702384035942504, 49.422615148800396 ], [ 21.692505348344195, 49.417048722255963 ], [ 21.68269636787964, 49.411510507963719 ], [ 21.66364581875807, 49.412008820786333 ], [ 21.654554222829947, 49.417926787337677 ], [ 21.655257544026259, 49.429483262476701 ], [ 21.645843702391797, 49.435720326949372 ], [ 21.636996305140041, 49.44147399170037 ], [ 21.627404032192906, 49.447826207472446 ], [ 21.616957679435313, 49.441929474354851 ], [ 21.607722421075071, 49.436707474233721 ], [ 21.588661070966161, 49.437197216323632 ], [ 21.569599242721672, 49.437684237845225 ], [ 21.550536931995186, 49.438168400435146 ], [ 21.531474134104375, 49.438649555041927 ], [ 21.520607411749932, 49.432498520139326 ], [ 21.520100069794243, 49.420937144320632 ], [ 21.511224417946401, 49.415903195221276 ], [ 21.502881879969241, 49.421311332569552 ], [ 21.492758068187609, 49.427988408143698 ], [ 21.481780613328102, 49.421766404528036 ], [ 21.473114188023388, 49.416846179948848 ], [ 21.45405831294682, 49.417312160822284 ], [ 21.435001923677827, 49.41777421077002 ], [ 21.415945014664118, 49.418232130456175 ], [ 21.408067354013181, 49.42332582784352 ], [ 21.397453794604697, 49.430301382527183 ], [ 21.378391370669757, 49.430751235499713 ], [ 21.370776345251457, 49.435669030517673 ], [ 21.359886159071909, 49.44281554776655 ], [ 21.352447900587919, 49.447615711142696 ], [ 21.34137193585558, 49.454878610274037 ], [ 21.322298964775843, 49.455315428911149 ], [ 21.303225446378537, 49.455746963285051 ], [ 21.2841513777092, 49.456173024661027 ], [ 21.272001717068306, 49.449224866872171 ], [ 21.264540883815187, 49.444967839888605 ], [ 21.252432499453487, 49.438035766010429 ], [ 21.244939205216578, 49.43375694884849 ], [ 21.22587240682104, 49.434163670211795 ], [ 21.213754012396198, 49.427210947465923 ], [ 21.213333601043605, 49.415646943024022 ], [ 21.212910596110532, 49.404082967919656 ], [ 21.205241451030123, 49.399695903068363 ], [ 21.186186920812144, 49.40008732898999 ], [ 21.178968857833887, 49.404727879146833 ], [ 21.167643720488719, 49.412095372305721 ], [ 21.160561215668075, 49.416645471760212 ], [ 21.149091470066359, 49.424100644177237 ], [ 21.142144822691751, 49.428560227382427 ], [ 21.130530164084703, 49.436103157826061 ], [ 21.118216626301191, 49.429001188806637 ], [ 21.110960787009809, 49.424842270610746 ], [ 21.091894650770296, 49.425203273899797 ], [ 21.072827994474416, 49.425557738399405 ], [ 21.053760826525995, 49.425905691121962 ], [ 21.041511968442208, 49.418809464400518 ], [ 21.041141436472614, 49.407244135615208 ], [ 21.052676630986483, 49.399923200484437 ], [ 21.059827625182887, 49.39534071756826 ], [ 21.071250397509147, 49.388086607695605 ], [ 21.090303361701057, 49.387751276808089 ], [ 21.09756841407977, 49.38308993016549 ], [ 21.097173570073004, 49.371525098967894 ], [ 21.089426340114272, 49.367076534683839 ], [ 21.070381968897355, 49.367426202610119 ], [ 21.051337094179456, 49.367769437118639 ], [ 21.03963636579175, 49.360983018462164 ], [ 21.031812555439853, 49.356482551784488 ], [ 21.020223715590628, 49.34975209045438 ], [ 21.012296796698955, 49.345188849293443 ], [ 21.000825298840272, 49.338517673618313 ], [ 20.992789821209357, 49.333888427667041 ], [ 20.981440899967676, 49.327279778097896 ], [ 20.992245486628043, 49.320404922199749 ], [ 21.000076700392423, 49.31538667492395 ], [ 20.991851763545352, 49.310645842223238 ], [ 20.972827219977159, 49.310959797489026 ], [ 20.961704937222962, 49.304472649063619 ], [ 20.953342607459639, 49.29964655474695 ], [ 20.934321642246744, 49.299948287602852 ], [ 20.915300266167641, 49.300244598551899 ], [ 20.907263855068891, 49.305384293836717 ], [ 20.907806837973851, 49.316947241031244 ], [ 20.897171416795661, 49.323784256845009 ], [ 20.889284675581656, 49.32882349106147 ], [ 20.878582858654223, 49.335698280845413 ], [ 20.870754085650468, 49.340696846742574 ], [ 20.859985334158225, 49.34760980522379 ], [ 20.848793094888769, 49.341050313375327 ], [ 20.840510697463699, 49.336259645171722 ], [ 20.821474077041227, 49.33653326311029 ], [ 20.813511573464961, 49.341609430054788 ], [ 20.802862088132041, 49.348432575167053 ], [ 20.794953133770527, 49.353470940618827 ], [ 20.784241142705127, 49.360329779661349 ], [ 20.776387097903566, 49.365329527650296 ], [ 20.765611237770425, 49.37222497810226 ], [ 20.757813634462661, 49.377185185397643 ], [ 20.75834089969484, 49.3887488027394 ], [ 20.758870764520431, 49.400312358038676 ], [ 20.74779830688102, 49.407392860932106 ], [ 20.740287289352455, 49.412165215268345 ], [ 20.729142122017379, 49.419287935107249 ], [ 20.710072185756804, 49.419539664871913 ], [ 20.691001956177978, 49.419787696899547 ], [ 20.679588296856547, 49.413063064649762 ], [ 20.671535991557125, 49.408391545642118 ], [ 20.660307071413619, 49.401770091609329 ], [ 20.652079059381172, 49.396993021832621 ], [ 20.644179349027404, 49.402000610140654 ], [ 20.633403154852846, 49.408870130726626 ], [ 20.625564567198861, 49.413835349039061 ], [ 20.614718285410724, 49.420745931712183 ], [ 20.603537734523986, 49.414142978676381 ], [ 20.603282333622868, 49.402575069617839 ], [ 20.603024859462046, 49.391007167733171 ], [ 20.594515290980993, 49.386057918418139 ], [ 20.583764746696819, 49.379701186752278 ], [ 20.57508491987959, 49.374649096509586 ], [ 20.556030882777794, 49.374874902853634 ], [ 20.54762717453578, 49.380190701069765 ], [ 20.537339695320302, 49.386735774991983 ], [ 20.528995468086308, 49.392010096785221 ], [ 20.51863956007848, 49.398595591952912 ], [ 20.510357952173539, 49.403826510475213 ], [ 20.499930471220544, 49.410454418532979 ], [ 20.48086204289357, 49.41067062776402 ], [ 20.461793404325149, 49.410884557806575 ], [ 20.442724559717959, 49.411096272674122 ], [ 20.432146895982818, 49.404821877746592 ], [ 20.423318923068802, 49.399665448777249 ], [ 20.412909717393518, 49.393487276676304 ], [ 20.403922355208699, 49.388233784748145 ], [ 20.384861927464883, 49.38843917830723 ], [ 20.37613825273932, 49.393930865489502 ], [ 20.366124129184737, 49.400281658237553 ], [ 20.347058815827015, 49.400483028935838 ], [ 20.327993315987399, 49.400682427242913 ], [ 20.317781939670191, 49.394610818888133 ], [ 20.317587996337515, 49.383041765077841 ], [ 20.317392272649233, 49.371472709457727 ], [ 20.317194832666672, 49.35990365128994 ], [ 20.316995737211741, 49.34833458987378 ], [ 20.307383409356017, 49.342695982276929 ], [ 20.298075583070482, 49.348548641864305 ], [ 20.288643929126213, 49.354526086950926 ], [ 20.278963820763813, 49.348761715720613 ], [ 20.269296481499467, 49.343085134176874 ], [ 20.259926600684889, 49.348970815319134 ], [ 20.250547661724212, 49.354911377915023 ], [ 20.240923059442586, 49.349176416318159 ], [ 20.23120884439987, 49.343466570815643 ], [ 20.212164764407813, 49.34365438496588 ], [ 20.193120512370115, 49.343840249841215 ], [ 20.183675098713561, 49.338205633979925 ], [ 20.173799349516848, 49.332390631652821 ], [ 20.164481637789269, 49.326829347431392 ], [ 20.173533535351773, 49.32120932324608 ], [ 20.183329559268685, 49.315066583380428 ], [ 20.173246476562394, 49.309126549723679 ], [ 20.154215340951701, 49.309308480720205 ], [ 20.145126896759436, 49.303880168435782 ], [ 20.134916861443994, 49.297857805953988 ], [ 20.125946535754391, 49.292497342579303 ], [ 20.1257816724106, 49.280927612196351 ], [ 20.125615442974091, 49.269357872688005 ], [ 20.115102920449672, 49.263149366034781 ], [ 20.106446237909278, 49.257971679305754 ], [ 20.10628166324592, 49.246401863047289 ], [ 20.106115804619446, 49.234832036609276 ], [ 20.105948687776703, 49.223262199739686 ], [ 20.095060403677511, 49.21682218976224 ], [ 20.086793908330808, 49.211872572998033 ], [ 20.086628613009978, 49.2003026575441 ], [ 20.086462119872628, 49.188732730841835 ], [ 20.075308047000036, 49.182127329483137 ], [ 20.056325184583375, 49.182299195768067 ], [ 20.045453755767578, 49.189111259938748 ], [ 20.037585189510672, 49.194091010260699 ], [ 20.026790324720896, 49.20085017002625 ], [ 20.018836312070132, 49.205881396036631 ], [ 20.008120643471774, 49.212586075020006 ], [ 20.000078544638384, 49.217670336593173 ], [ 19.989444687451741, 49.224318972604635 ], [ 19.981311879543458, 49.229457812217603 ], [ 19.962310426958048, 49.22961860650797 ], [ 19.943308822638805, 49.229777098547949 ], [ 19.924307068198893, 49.229933249200052 ], [ 19.90530516528905, 49.230087018095219 ], [ 19.89695733743179, 49.225074204787752 ], [ 19.896836006776962, 49.213503798447348 ], [ 19.88588748328193, 49.206990759114987 ], [ 19.877713879181442, 49.202079331999549 ], [ 19.866691058756803, 49.19551720413034 ], [ 19.84770208425893, 49.195663730970914 ], [ 19.828712968636189, 49.195807719078665 ], [ 19.817936179392294, 49.202518148695155 ], [ 19.809913501312977, 49.207571479104409 ], [ 19.801704763038657, 49.202631958432349 ], [ 19.790734321656338, 49.196087902677704 ], [ 19.779974906031971, 49.202780749895091 ], [ 19.771925678495339, 49.207846219083365 ], [ 19.761258333500816, 49.2144769423901 ], [ 19.761522991351068, 49.226046486723 ], [ 19.761789204532967, 49.237615997515654 ], [ 19.772489082277193, 49.243998119299299 ], [ 19.781055257383144, 49.24905859093171 ], [ 19.781329299207719, 49.26062796626109 ], [ 19.791865493343028, 49.266906226613301 ], [ 19.800613081579709, 49.272067156251936 ], [ 19.811071015593352, 49.278294125992282 ], [ 19.81990842411501, 49.283503038900292 ], [ 19.811245840295975, 49.288951552494915 ], [ 19.801178714435515, 49.29520559482404 ], [ 19.801464092017881, 49.306774761416072 ], [ 19.801751218256907, 49.318343892582277 ], [ 19.802040126210759, 49.329912988085063 ], [ 19.802330850774418, 49.341482047673729 ], [ 19.802623428784756, 49.353051071083755 ], [ 19.802917899128005, 49.364620058036017 ], [ 19.803214302849426, 49.376189008235961 ], [ 19.793715835990554, 49.38215087711913 ], [ 19.784458045153702, 49.387888783133924 ], [ 19.784753781759871, 49.39945773172186 ], [ 19.785051586055374, 49.411026642926906 ], [ 19.77520411490476, 49.417200973391601 ], [ 19.765145958943624, 49.411160079655069 ], [ 19.755950549980831, 49.405693390278138 ], [ 19.746001015171473, 49.399714267406729 ], [ 19.736706003801721, 49.394184221069025 ], [ 19.726862286341255, 49.388265238411279 ], [ 19.717470468328628, 49.382673410264957 ], [ 19.708243175725464, 49.388380798004391 ], [ 19.698573787619843, 49.394433578498507 ], [ 19.689462212185667, 49.4000652408753 ], [ 19.67966809234327, 49.406191608193602 ], [ 19.660597163525686, 49.406308515343738 ], [ 19.641526114138006, 49.406422265895294 ], [ 19.63254836389892, 49.411961489025671 ], [ 19.632810498416525, 49.423530904949331 ], [ 19.641819206942994, 49.42890221567972 ], [ 19.65214714395751, 49.434994304453468 ], [ 19.641981558234839, 49.441342292476129 ], [ 19.633341277592734, 49.446669630939709 ], [ 19.623044369760258, 49.453094763399484 ], [ 19.603955021918878, 49.453201470790255 ], [ 19.584865561905715, 49.453304850880976 ], [ 19.576362487919173, 49.458538387557567 ], [ 19.576619169718267, 49.470107847391297 ], [ 19.566044215413193, 49.476692543217801 ], [ 19.557785235414595, 49.481770913813079 ], [ 19.558041933274392, 49.49334036296009 ], [ 19.558301158702442, 49.504909776455243 ], [ 19.547334989358745, 49.511730262979967 ], [ 19.539454916523095, 49.516569825067037 ], [ 19.539714584419873, 49.528139226433936 ], [ 19.539977015873067, 49.539708591425466 ], [ 19.540242296925932, 49.551277919625967 ], [ 19.528725120848556, 49.558431898289207 ], [ 19.521382412610123, 49.562934967241574 ], [ 19.52164881720153, 49.574504281409489 ], [ 19.509837161191605, 49.581834428503754 ], [ 19.490697220814539, 49.581918581783533 ], [ 19.483640510039699, 49.586239831434881 ], [ 19.471669591847011, 49.593658758487827 ], [ 19.464758580878613, 49.597887641616381 ], [ 19.465020111252031, 49.609457020625499 ], [ 19.452740851199174, 49.617060217445371 ], [ 19.440322005187593, 49.609553599877799 ], [ 19.440368632334412, 49.597982999582356 ], [ 19.433380138910469, 49.593808634575304 ], [ 19.414235289836505, 49.593878108135506 ], [ 19.402130244094344, 49.586551719436336 ], [ 19.402178851953142, 49.574981090629912 ], [ 19.39490214450905, 49.570628035526788 ], [ 19.37576626975471, 49.57069059591479 ], [ 19.363962150468442, 49.56353710502821 ], [ 19.364013058542628, 49.551966447069887 ], [ 19.36406111111085, 49.540395774887713 ], [ 19.356375879661996, 49.535790319962395 ], [ 19.337253528405288, 49.535846226532854 ], [ 19.318131115818634, 49.535898499878293 ], [ 19.299008645869094, 49.53594714783484 ], [ 19.279886122528239, 49.535992181167117 ], [ 19.26852504178639, 49.529086380952528 ], [ 19.260701593943399, 49.5243850356742 ], [ 19.249478023508043, 49.517558468003948 ], [ 19.241526154221095, 49.512776374111489 ], [ 19.230437190403698, 49.506027389304151 ], [ 19.230503266374651, 49.494456666398008 ], [ 19.23056684920876, 49.482885925178351 ], [ 19.222254351651234, 49.477880822346805 ], [ 19.211535481541144, 49.471351656747252 ], [ 19.222195724056082, 49.464920924549837 ], [ 19.230686844060919, 49.459744387197283 ], [ 19.222149070228529, 49.454601181740465 ], [ 19.203058107955762, 49.45463356842555 ], [ 19.192575170166613, 49.448243440354531 ], [ 19.192637623431207, 49.436672633382791 ], [ 19.192697927781314, 49.425101806697974 ], [ 19.192756147510618, 49.413530960195459 ], [ 19.183793144203175, 49.408120954037344 ], [ 19.164720172488366, 49.408147292279402 ], [ 19.145647172756082, 49.408170119465531 ], [ 19.126574148817063, 49.408189455695187 ], [ 19.107501104453817, 49.408205322391836 ], [ 19.098550839031201, 49.413649620973693 ], [ 19.088448942480895, 49.419849970783794 ], [ 19.078337573848643, 49.413665081202858 ], [ 19.069354969426442, 49.40822673839611 ], [ 19.050281886162168, 49.40823233552981 ], [ 19.040290342657539, 49.402113834263496 ], [ 19.031201427384676, 49.396604243565335 ], [ 19.012132840591988, 49.396603341407584 ], [ 18.993064255170552, 49.39659910926968 ], [ 18.973995674654159, 49.396591572582444 ], [ 18.964884329977778, 49.402115521579233 ], [ 18.964973163914156, 49.413686311308219 ], [ 18.973983754015201, 49.419156138410059 ], [ 18.984152419027478, 49.425261269560096 ], [ 18.984250349089713, 49.436831998902719 ], [ 18.984350516345547, 49.448402705190716 ], [ 18.973964918239822, 49.454752583177815 ], [ 18.965350229778103, 49.459969243283496 ], [ 18.96545028722063, 49.471539919629663 ], [ 18.965552814247236, 49.483110573353379 ], [ 18.965657892551718, 49.494681204473743 ], [ 18.965765606838225, 49.506251813010238 ], [ 18.954820279432354, 49.51293602197758 ], [ 18.946749272747375, 49.517815177045833 ], [ 18.935691262202639, 49.524563915528951 ], [ 18.916572989724777, 49.524544880284374 ], [ 18.905568536758746, 49.51778889562484 ], [ 18.897479080397407, 49.512879319739262 ], [ 18.878365389109685, 49.512854218645295 ], [ 18.870242640980379, 49.517754671359313 ], [ 18.859218304397359, 49.524469291912389 ], [ 18.851201383293787, 49.529302286294666 ], [ 18.851289391249338, 49.540872912219761 ], [ 18.851380467415485, 49.552443518759993 ], [ 18.839986073813836, 49.559378266417035 ], [ 18.832330192914597, 49.563987953563512 ], [ 18.832423129281835, 49.575558532937052 ], [ 18.832519462429772, 49.587129093898568 ], [ 18.83261930361838, 49.598699636601005 ], [ 18.832722766697131, 49.610270161200297 ], [ 18.820640772795432, 49.617617247862768 ], [ 18.813663113130808, 49.621811404941155 ], [ 18.813769667048415, 49.633381906918437 ], [ 18.813880210163763, 49.644952391965084 ], [ 18.813994864636115, 49.656522860266136 ], [ 18.814113754123465, 49.668093312008054 ], [ 18.801248895811035, 49.675910718283625 ], [ 18.795048375538993, 49.679631378606622 ], [ 18.782019305221279, 49.687544675826985 ], [ 18.762837346295274, 49.68750203017705 ], [ 18.749907478942518, 49.679542694229546 ], [ 18.743716799052702, 49.675782551486279 ], [ 18.737486743017602, 49.679515205480463 ], [ 18.724473562062776, 49.687408568151689 ], [ 18.718406869425468, 49.691040611760066 ], [ 18.718517297244041, 49.702611084521379 ], [ 18.705150446421143, 49.710714773935003 ], [ 18.685959480299907, 49.710661584717236 ], [ 18.66676856841389, 49.710605757369841 ], [ 18.647577713422745, 49.71054730689815 ], [ 18.641846935492698, 49.713969576948863 ], [ 18.641949782151624, 49.725540067344205 ], [ 18.628208506525468, 49.733855903561718 ], [ 18.622855110323702, 49.737049627548998 ], [ 18.622963700251109, 49.748620111313741 ], [ 18.623077437667487, 49.76019058854321 ], [ 18.623196408051246, 49.771761059498253 ], [ 18.608632272406787, 49.780568772474425 ], [ 18.604101956716171, 49.783267458481632 ], [ 18.604227227507089, 49.794837928524736 ], [ 18.589215975720823, 49.803910428443267 ], [ 18.585131392567689, 49.806341164182271 ], [ 18.585263037234402, 49.817911635885267 ], [ 18.569780830332107, 49.827262422930616 ], [ 18.56616557876962, 49.82941170885001 ], [ 18.569742462733874, 49.831587801043163 ], [ 18.58554268073053, 49.841052567820846 ], [ 18.585690712502863, 49.852623028126395 ], [ 18.588787257799847, 49.854505026883793 ], [ 18.605093806273832, 49.864260650968184 ], [ 18.588619964855905, 49.874208964925586 ], [ 18.586003186052306, 49.875763937258853 ], [ 18.586167584043253, 49.887334385879839 ], [ 18.586337370177766, 49.898904830315267 ], [ 18.586512486601993, 49.910475270332533 ], [ 18.568946639700147, 49.921068902015264 ], [ 18.567418838463613, 49.921975417755405 ], [ 18.549563200670701, 49.932735353209701 ], [ 18.53190693707996, 49.921837526049728 ], [ 18.532295949752406, 49.910269288411172 ], [ 18.530512562601782, 49.909185031426752 ], [ 18.511243336889859, 49.909107097374864 ], [ 18.491974194736372, 49.90902622888747 ], [ 18.490175125137934, 49.910091764865243 ], [ 18.472577172399642, 49.920676212410157 ], [ 18.471056857662258, 49.92157596615889 ], [ 18.45317078943674, 49.932324195869732 ], [ 18.433892583441502, 49.932232613059149 ], [ 18.432654708118104, 49.932964279594785 ], [ 18.414472270300681, 49.943873703517966 ], [ 18.395189602231245, 49.943774469469126 ], [ 18.375907045941542, 49.943671811176536 ], [ 18.356624606010531, 49.943565664730826 ], [ 18.355664335635179, 49.944131940778774 ], [ 18.337181286858687, 49.95518849101169 ], [ 18.319009140979603, 49.943922526673816 ], [ 18.337483014722647, 49.933194418875502 ], [ 18.338717309038277, 49.932466732471902 ], [ 18.337503158790994, 49.931725073035615 ], [ 18.319867265369417, 49.920787866181271 ], [ 18.318391025515751, 49.919885433643906 ], [ 18.316889586211452, 49.92077036520395 ], [ 18.298948221562732, 49.93149776002975 ], [ 18.297712223144412, 49.932225688996105 ], [ 18.297809099624338, 49.943796121267958 ], [ 18.297908373152961, 49.955366545027026 ], [ 18.279146016184832, 49.966560960342029 ], [ 18.278708083586299, 49.966818552240156 ], [ 18.259675023200863, 49.978160013957051 ], [ 18.240379429556061, 49.97802515122391 ], [ 18.221083998699338, 49.977885970575315 ], [ 18.220865445330865, 49.978014293164236 ], [ 18.220925178604407, 49.987720488657828 ], [ 18.24023991427481, 49.986883941335947 ], [ 18.259552297012029, 49.986156035241159 ], [ 18.27886263734559, 49.985524767460305 ], [ 18.298171211782005, 49.98497914776447 ], [ 18.317478266268846, 49.984509098265526 ], [ 18.336784019264357, 49.98410536395518 ], [ 18.356088664457655, 49.98375943309626 ], [ 18.375392373179928, 49.983463466522565 ], [ 18.39469529654297, 49.983210234984782 ], [ 18.413997567337503, 49.982993063758016 ], [ 18.433299301720371, 49.982805783797495 ], [ 18.452600600716512, 49.982642688795671 ], [ 18.471901551558904, 49.982498497554808 ], [ 18.491202228887111, 49.982368321143831 ], [ 18.510502695822876, 49.982247634358508 ], [ 18.529803004939151, 49.982132251048064 ], [ 18.549103199137193, 49.982018302911428 ], [ 18.568403312444847, 49.981902221400688 ], [ 18.587703370747413, 49.981780722400003 ], [ 18.607003392461589, 49.981650793375067 ], [ 18.626303389161574, 49.981509682710374 ], [ 18.645603366165354, 49.981354890971502 ], [ 18.664903323088346, 49.981184163845718 ], [ 18.684203254370704, 49.980995486528293 ], [ 18.703503149783526, 49.980787079333126 ], [ 18.722802994918833, 49.980557394315774 ], [ 18.73957881399539, 49.980338224189893 ], [ 18.742102768505696, 49.980305704093979 ], [ 18.761402432200644, 49.980034498200368 ], [ 18.780701985037279, 49.979738920022086 ], [ 18.800001400793342, 49.979418330860568 ], [ 18.819300651400727, 49.979072312388531 ], [ 18.838599707390262, 49.978700665535499 ], [ 18.857898538334744, 49.978303409046603 ], [ 18.877197113289775, 49.977880777547 ], [ 18.896495401231263, 49.977433218951035 ], [ 18.915793371488107, 49.976961391061728 ], [ 18.935090994167876, 49.976466157214425 ], [ 18.954388240573056, 49.975948580828039 ], [ 18.973685083604735, 49.975409918738698 ], [ 18.992981498150417, 49.974851613203747 ], [ 19.012277461452189, 49.974275282479049 ], [ 19.031572953451175, 49.973682709889403 ], [ 19.050867957104018, 49.973075831330839 ], [ 19.070162458666946, 49.972456721164555 ], [ 19.089456447942897, 49.971827576484877 ], [ 19.108749918487174, 49.971190699767426 ], [ 19.128042867767174, 49.970548479930585 ], [ 19.147335297272026, 49.969903371868426 ], [ 19.166627212568095, 49.969257874542883 ], [ 19.176579528405945, 49.968926487714491 ], [ 19.185918636204072, 49.968617858464683 ], [ 19.205209586167658, 49.967985914451226 ], [ 19.224500067339086, 49.96736092524462 ], [ 19.243790100660465, 49.966745307472294 ], [ 19.263079710489997, 49.966141396184291 ], [ 19.282368924280266, 49.965551417803361 ], [ 19.301657772191248, 49.964977462992188 ], [ 19.320946286639685, 49.96442145971271 ], [ 19.340234501787315, 49.963885146762763 ], [ 19.359522452971536, 49.96337004808111 ], [ 19.378810176082929, 49.962877448114277 ], [ 19.398097706894944, 49.962408368534007 ], [ 19.417385080352002, 49.961963546586745 ], [ 19.436672329822983, 49.961543415342355 ], [ 19.4559594863277, 49.961148086092294 ], [ 19.47524657774466, 49.960777333124504 ], [ 19.494533628008721, 49.96043058107719 ], [ 19.513820656307793, 49.960106895044014 ], [ 19.533107676287685, 49.959804973572417 ], [ 19.552394695274533, 49.959523144663791 ], [ 19.571681713524004, 49.959259364850055 ], [ 19.590968723506439, 49.959011221388025 ], [ 19.610255709236686, 49.958775937579759 ], [ 19.629542645657164, 49.958550381195607 ], [ 19.648829498082055, 49.958331075947314 ], [ 19.668116221710179, 49.958114215932078 ], [ 19.687402761213363, 49.95789568294434 ], [ 19.70668905040657, 49.95767106653151 ], [ 19.725975012005431, 49.957435686652431 ], [ 19.745260557476076, 49.957184618783224 ], [ 19.764545586981548, 49.956912721303439 ], [ 19.783829989428355, 49.956614664986404 ], [ 19.803113642616161, 49.956284964411893 ], [ 19.822396413492715, 49.955918011112793 ], [ 19.841678158515709, 49.955508108264709 ], [ 19.860958724122405, 49.955049506724023 ], [ 19.880237947307204, 49.954536442216927 ], [ 19.897682680058889, 49.95401778168285 ], [ 19.899515664492878, 49.953963612909668 ], [ 19.91879178117431, 49.953329790748683 ], [ 19.938066036753622, 49.952625297773025 ], [ 19.957338240690838, 49.951844767160345 ], [ 19.976608197564527, 49.950983012348935 ], [ 19.995875708250235, 49.950035066368805 ], [ 20.015140571186368, 49.948996220836825 ], [ 20.034402583721612, 49.947862064393163 ], [ 20.053661543537295, 49.946628520356647 ], [ 20.072917250137436, 49.945291883378374 ], [ 20.092169506398513, 49.943848854877452 ], [ 20.11141812017058, 49.942296577051664 ], [ 20.130662905920815, 49.940632665266413 ], [ 20.133352570738271, 49.940384369462251 ], [ 20.149904039500047, 49.938870072449077 ], [ 20.169141103572951, 49.936996386118103 ], [ 20.188373888660969, 49.93500844152517 ], [ 20.207602254765895, 49.932906050541867 ], [ 20.226826076876645, 49.930689622681491 ], [ 20.246045246645316, 49.928360184058654 ], [ 20.252089011351945, 49.927593080131416 ], [ 20.265260095413229, 49.925935489310909 ], [ 20.284470374362382, 49.923410401138668 ], [ 20.303675846199194, 49.920780506844487 ], [ 20.322876485974994, 49.918049404189141 ], [ 20.342072292973747, 49.915221355101131 ], [ 20.343533228829997, 49.914999406089265 ], [ 20.361263998954723, 49.912326396216379 ], [ 20.380451055644933, 49.909348062909011 ], [ 20.399633484951906, 49.906290485703849 ], [ 20.418811394996101, 49.903160509246803 ], [ 20.422887483442587, 49.902482413610784 ], [ 20.437985585002203, 49.899987860990805 ], [ 20.45715577777155, 49.89676497692443 ], [ 20.476321996092231, 49.893494512491543 ], [ 20.495484470622088, 49.89018571239626 ], [ 20.496649370760295, 49.889983251782823 ], [ 20.514644274494248, 49.88687427369959 ], [ 20.533800968800673, 49.88354641231107 ], [ 20.552954827634551, 49.880211241813853 ], [ 20.568784762083045, 49.877458998026512 ], [ 20.572106352621635, 49.876884441785144 ], [ 20.591256472442602, 49.873593937371837 ], [ 20.610404933739364, 49.870330797147837 ], [ 20.629552187750523, 49.867107445072897 ], [ 20.643144386160426, 49.864858156873531 ], [ 20.648698928048393, 49.863942852457548 ], [ 20.667845954206502, 49.86085820640502 ], [ 20.686993284444497, 49.857851305312089 ], [ 20.706141478367229, 49.854935418812119 ], [ 20.725291119087146, 49.852123893146427 ], [ 20.725531416050256, 49.852090167829161 ], [ 20.744443344247831, 49.849444896577445 ], [ 20.763598206974368, 49.846895583858988 ], [ 20.782756330387457, 49.844488725307613 ], [ 20.801918354120826, 49.842236995288921 ], [ 20.821084922823516, 49.840152670309934 ], [ 20.834195690557383, 49.838850432337573 ], [ 20.84025677419876, 49.838249967500644 ], [ 20.859434610323731, 49.836541589254281 ], [ 20.878618851745156, 49.835032453283766 ], [ 20.897810108641295, 49.833732118834746 ], [ 20.917008968244989, 49.832649178195304 ], [ 20.936215988492762, 49.831791144137782 ], [ 20.955431691704725, 49.831164344812699 ], [ 20.974656558425032, 49.830773828825983 ], [ 20.993891021559342, 49.830623283186164 ], [ 21.013135460948064, 49.830714966654142 ], [ 21.03239019851129, 49.831049660762595 ], [ 21.051655494092937, 49.831626640398781 ], [ 21.070931542118007, 49.832443665372416 ], [ 21.090218469158014, 49.833496993837507 ], [ 21.102214774658179, 49.83429790433749 ], [ 21.109516385863195, 49.834782644554281 ], [ 21.128825313962214, 49.836294745830749 ], [ 21.148145069329484, 49.838022983117995 ], [ 21.167475497443149, 49.839958063873269 ], [ 21.186816379567304, 49.842089594051252 ], [ 21.202756903066994, 49.844001364458805 ], [ 21.206167477436026, 49.844407109226289 ], [ 21.225528600966435, 49.846901552845516 ], [ 21.244899151804184, 49.849555365651049 ], [ 21.264278695693719, 49.852355099564996 ], [ 21.276123629310447, 49.854154737108999 ], [ 21.283666897861693, 49.855289872208076 ], [ 21.303063323690857, 49.85834706728577 ], [ 21.322467210598127, 49.861507652844956 ], [ 21.340037071119102, 49.864453068905171 ], [ 21.341878055582868, 49.864758599201338 ], [ 21.361295718440815, 49.868094745913879 ], [ 21.380719136367379, 49.871492342668077 ], [ 21.399416147259661, 49.874810239932195 ], [ 21.400147759601595, 49.874938762906098 ], [ 21.419581692722367, 49.878434877081574 ], [ 21.439019654175624, 49.881954028574519 ], [ 21.456761648942329, 49.885180224011854 ], [ 21.458461168452409, 49.885486278308683 ], [ 21.477906490981464, 49.889036272543038 ], [ 21.497354204507864, 49.892576116331725 ], [ 21.513645676547227, 49.895531950100796 ], [ 21.516803990654015, 49.896099905514419 ], [ 21.536256179961569, 49.899614291418395 ], [ 21.555709275323345, 49.90309114695804 ], [ 21.571243729476734, 49.90584002548195 ], [ 21.575163113999501, 49.906528257492923 ], [ 21.594618139456287, 49.909934768729499 ], [ 21.61407276164374, 49.913281956587326 ], [ 21.630615957168128, 49.916079331591014 ], [ 21.633526838134156, 49.916568521623141 ], [ 21.652981187280691, 49.919810700489762 ], [ 21.672433995227411, 49.922976668919631 ], [ 21.691884920345505, 49.926061955211544 ], [ 21.692899198232674, 49.926220739772198 ], [ 21.711335456062628, 49.929094905691898 ], [ 21.730783564999317, 49.93204060825412 ], [ 21.750228852749316, 49.934893999644025 ], [ 21.759538788450858, 49.936225162205552 ], [ 21.769672132011696, 49.937671202857729 ], [ 21.789113030867792, 49.94036738076538 ], [ 21.808550288774235, 49.942962559718289 ], [ 21.827983663139726, 49.945454696380651 ], [ 21.832643061913178, 49.946033587260274 ], [ 21.847414598079869, 49.947870391280141 ], [ 21.866841695463975, 49.950187671795305 ], [ 21.886264213723472, 49.952396140799607 ], [ 21.905681949140792, 49.954494612912065 ], [ 21.915847890363995, 49.955542381989666 ], [ 21.925095769790765, 49.956499610791631 ], [ 21.94450555007511, 49.958410936179419 ], [ 21.963909942275663, 49.960208506324861 ], [ 21.983308772406161, 49.961891742217716 ], [ 22.002701872998355, 49.963460183519807 ], [ 22.016900494983791, 49.964528406323865 ], [ 22.022089644424781, 49.96492244211553 ], [ 22.041472840022728, 49.966292503340881 ], [ 22.060849780894017, 49.967545676941661 ], [ 22.080220321547767, 49.968681902181039 ], [ 22.099584321587702, 49.96970119757674 ], [ 22.118941645518113, 49.970603655350253 ], [ 22.138292162572398, 49.971389436436887 ], [ 22.157635746557595, 49.972058765930605 ], [ 22.162854955166626, 49.972209827746092 ], [ 22.176973353987954, 49.972628290890533 ], [ 22.196304085511564, 49.973086261781646 ], [ 22.215627429607899, 49.973427025348137 ], [ 22.234943271604379, 49.973650975591198 ], [ 22.254251499923704, 49.973758540991739 ], [ 22.273552005812807, 49.973750179458015 ], [ 22.292844683041945, 49.97362637301849 ], [ 22.312129427568646, 49.973387622191865 ], [ 22.331406137161512, 49.973034439975294 ], [ 22.350674710979312, 49.972567345399987 ], [ 22.369935049101375, 49.971986856612354 ], [ 22.389187052005536, 49.971293483446921 ], [ 22.408430619990661, 49.970487719466647 ], [ 22.427665652540984, 49.969570033452804 ], [ 22.446892047630232, 49.968540860335509 ], [ 22.466109700963848, 49.967400591562274 ], [ 22.485318505158205, 49.966149564908548 ], [ 22.504518348855928, 49.964788053740065 ], [ 22.523709115777205, 49.963316255741539 ], [ 22.542890683706936, 49.961734281130298 ], [ 22.551938768848654, 49.96093671291105 ], [ 22.562064217524053, 49.960059657666307 ], [ 22.581229795632705, 49.958294910084433 ], [ 22.60038618039906, 49.956424881718675 ], [ 22.619533246474191, 49.95444955085177 ], [ 22.638670858554992, 49.952368761873842 ], [ 22.657798870066539, 49.950182211318165 ], [ 22.676917121788662, 49.947889433582063 ], [ 22.696025440428031, 49.945489786356887 ], [ 22.702438571236438, 49.944650858149849 ], [ 22.715126965828034, 49.94302565855903 ], [ 22.734220384825438, 49.94048105190241 ], [ 22.753303895204652, 49.937834000696292 ], [ 22.772377298037952, 49.935083482106805 ], [ 22.791440374820812, 49.932228241820049 ], [ 22.808019500474963, 49.929653766548846 ], [ 22.810493771347126, 49.929277994050736 ], [ 22.829542782349144, 49.926300852903196 ], [ 22.848581473146734, 49.923222766795917 ], [ 22.867609584385526, 49.920041950609949 ], [ 22.886626831127352, 49.916756333060512 ], [ 22.89557503331357, 49.915167368923655 ], [ 22.905637592083323, 49.913421534954288 ], [ 22.924641746816746, 49.910036762627982 ], [ 22.94363498793453, 49.906549962337117 ], [ 22.962616973516166, 49.902958388725033 ], [ 22.972889646426076, 49.900965945235377 ], [ 22.981592174133333, 49.899317730917865 ], [ 23.000561856582493, 49.895643956062585 ], [ 23.019520178924797, 49.891867286016051 ], [ 23.038466730634124, 49.887984208376444 ], [ 23.038437280713602, 49.887123391713118 ], [ 23.038392788182396, 49.887099421278194 ], [ 23.018997305875846, 49.876225284519059 ], [ 23.018182983176001, 49.875786220703525 ], [ 22.999545552958811, 49.865324389712804 ], [ 22.99913567479188, 49.853763932956106 ], [ 22.997002815034108, 49.852612714484131 ], [ 22.979653148674913, 49.842860864047864 ], [ 22.976820360411963, 49.841330652537479 ], [ 22.960149045880215, 49.831955322651659 ], [ 22.959691278245128, 49.820396426420125 ], [ 22.959216222636194, 49.808838109884071 ], [ 22.954716988503126, 49.806404439638399 ], [ 22.939651702459845, 49.797931319719495 ], [ 22.934569170907974, 49.795179976999464 ], [ 22.920061853214879, 49.787022146997607 ], [ 22.914432288021821, 49.783972280677915 ], [ 22.900446986626271, 49.776110567666962 ], [ 22.899898815409518, 49.764554566719212 ], [ 22.899333817625607, 49.75299912037439 ], [ 22.892418967310576, 49.74924789231379 ], [ 22.879660166582465, 49.742086132514537 ], [ 22.872316401091492, 49.738099094232439 ], [ 22.859965206013044, 49.731170575084114 ], [ 22.859352208696976, 49.71961659276262 ], [ 22.851295365746644, 49.715237754917908 ], [ 22.83962337517983, 49.7086987999364 ], [ 22.831220028634228, 49.704128057029017 ], [ 22.819877689763782, 49.697778262366143 ], [ 22.811155022188384, 49.693030114319676 ], [ 22.800116890445278, 49.686854913591532 ], [ 22.791100240360851, 49.681942890427486 ], [ 22.780342685111616, 49.67592868930695 ], [ 22.779668684593336, 49.66437639883268 ], [ 22.778984049377947, 49.652824441791111 ], [ 22.769248813734883, 49.647513835699435 ], [ 22.759181116402637, 49.641895662986535 ], [ 22.749225714726553, 49.636460705542916 ], [ 22.739370030007343, 49.630963817362712 ], [ 22.738661470699334, 49.619412447446138 ], [ 22.728322035788608, 49.613761846362635 ], [ 22.718838041056056, 49.608477573893325 ], [ 22.718116339705205, 49.596926520915076 ], [ 22.70744022781464, 49.591085738555357 ], [ 22.69828405652558, 49.585988497343557 ], [ 22.697551580516031, 49.574437680186556 ], [ 22.686579953072165, 49.568428868618668 ], [ 22.677713498309476, 49.56349640117363 ], [ 22.676972326760083, 49.551945749147833 ], [ 22.665740913238867, 49.545788154051166 ], [ 22.657131089875378, 49.541001124725156 ], [ 22.645787800329536, 49.534777346194069 ], [ 22.637289955176843, 49.53005314783104 ], [ 22.645056195915391, 49.524952308953694 ], [ 22.655630293999064, 49.517900161331319 ], [ 22.654873161903772, 49.506349869233105 ], [ 22.662418382578519, 49.501386371747742 ], [ 22.681488775567939, 49.500787153185179 ], [ 22.692270121171646, 49.493586460635321 ], [ 22.699691307871948, 49.488696733474882 ], [ 22.710570107876602, 49.48142574275515 ], [ 22.709789910748672, 49.469876402058453 ], [ 22.70900616729573, 49.458327159636774 ], [ 22.708219102497001, 49.446778008202209 ], [ 22.707428927909852, 49.435228940901588 ], [ 22.714403590022254, 49.430620066216889 ], [ 22.725687645225413, 49.423066854833692 ], [ 22.724887874669577, 49.411518157068016 ], [ 22.731698491362955, 49.407011245978772 ], [ 22.743127894519581, 49.399353768212052 ], [ 22.742319120530741, 49.387805423844163 ], [ 22.741508054247468, 49.37625713801831 ], [ 22.740694847032561, 49.364708905780766 ], [ 22.739879641138838, 49.353160722475671 ], [ 22.739062570279302, 49.341612583726622 ], [ 22.745473850096001, 49.337357125182599 ], [ 22.757260382690955, 49.32944698669391 ], [ 22.756435809917484, 49.317899156649268 ], [ 22.755609706515767, 49.306351360536745 ], [ 22.754782178970039, 49.294803594852901 ], [ 22.753953327480311, 49.283255856300727 ], [ 22.753123246367043, 49.271708141776529 ], [ 22.752292024449972, 49.260160448357354 ], [ 22.751459745402393, 49.248612773289423 ], [ 22.738194173117947, 49.241305718287819 ], [ 22.719226361666923, 49.241928661575038 ], [ 22.712659325038548, 49.238293259041633 ], [ 22.711833703970314, 49.226745138225823 ], [ 22.717787189202912, 49.222781497039634 ], [ 22.736749210727815, 49.222178932753906 ], [ 22.748957331810871, 49.213969832968438 ], [ 22.735572742795778, 49.20659111947311 ], [ 22.729151385773779, 49.203037113027605 ], [ 22.728319207020164, 49.191489254382063 ], [ 22.734141333827417, 49.187607167347672 ], [ 22.753089553851588, 49.18700217003002 ], [ 22.765408494939187, 49.178709452394521 ], [ 22.751897613615089, 49.171258651978512 ], [ 22.745610283386345, 49.167779361139708 ], [ 22.744772041599521, 49.156231750764782 ], [ 22.750473073989063, 49.152424786159536 ], [ 22.769407514511553, 49.151817355062697 ], [ 22.775606433076959, 49.155226247563895 ], [ 22.78922168939021, 49.162732439780342 ], [ 22.801624619263553, 49.154371362860473 ], [ 22.80077300998105, 49.142824479544956 ], [ 22.806390168533017, 49.139066295348307 ], [ 22.818861147966714, 49.130651772952511 ], [ 22.824430164504129, 49.126922689963017 ], [ 22.836939294834167, 49.118476465725202 ], [ 22.842461291767563, 49.114775806230945 ], [ 22.855007512244988, 49.106298560227472 ], [ 22.860483558358872, 49.102625679442959 ], [ 22.879396558216214, 49.101999637239032 ], [ 22.891989249961014, 49.093480628738121 ], [ 22.891114391635245, 49.081934964150172 ], [ 22.877235127634354, 49.074290617751181 ], [ 22.871324417604605, 49.071026223195922 ], [ 22.870453344050109, 49.059480293401691 ], [ 22.869582083123525, 49.047934354005797 ], [ 22.874903979454835, 49.044357982810823 ], [ 22.887612683242772, 49.035752224557214 ], [ 22.886736862297688, 49.024206513347259 ], [ 22.885860947388863, 49.012660789430534 ], [ 22.871838852231573, 49.004924992316234 ], [ 22.852963881786735, 49.005567057396021 ], [ 22.840223909274684, 49.014190949897475 ], [ 22.83497741310806, 49.017766597685956 ], [ 22.816096787701518, 49.018403053722302 ] ] ], [ [ [ 21.354910741701559, 54.317759678321544 ], [ 21.353497551787349, 54.318155085737558 ], [ 21.332595786898938, 54.324770004989865 ], [ 21.317428318585435, 54.33004990081443 ], [ 21.332878315665472, 54.329760087984639 ], [ 21.354137421845785, 54.329356731396942 ], [ 21.375395918647207, 54.32894822878842 ], [ 21.375442415602528, 54.328921200481744 ], [ 21.395981043894754, 54.316965929080204 ], [ 21.417232360514813, 54.316547530920104 ], [ 21.438483039918964, 54.316123860225161 ], [ 21.459733072686227, 54.315694879992705 ], [ 21.480982449768227, 54.315260560669401 ], [ 21.502231162506227, 54.314820880115278 ], [ 21.523479202644378, 54.314375823508499 ], [ 21.544726562339392, 54.313925383195816 ], [ 21.565973234166581, 54.31346955849358 ], [ 21.58790169187558, 54.324548999017843 ], [ 21.587945249092282, 54.32457098451016 ], [ 21.609196433729029, 54.324103650846489 ], [ 21.630446908673562, 54.323630955265024 ], [ 21.634783400354497, 54.323533709251471 ], [ 21.630291815502527, 54.32120155382372 ], [ 21.609991175789677, 54.312507999166172 ], [ 21.608424887335257, 54.311916041137778 ], [ 21.586738621333996, 54.305350142860789 ], [ 21.570791276726311, 54.301785420729097 ], [ 21.565176645838637, 54.300668858019201 ], [ 21.543726363048009, 54.297716983858756 ], [ 21.522359287486125, 54.296073531892141 ], [ 21.501065234247793, 54.295604383603887 ], [ 21.479835550351616, 54.296195988650595 ], [ 21.458662843079885, 54.297751792757609 ], [ 21.437540759964303, 54.300189324186064 ], [ 21.416463808783959, 54.303437789371785 ], [ 21.407513120579768, 54.305156594030713 ], [ 21.395434330611046, 54.307558644936776 ], [ 21.374448338058404, 54.312505503499835 ], [ 21.354910741701559, 54.317759678321544 ] ] ], [ [ [ 18.162995477712045, 49.989157270763123 ], [ 18.162955438714132, 49.989180737297524 ], [ 18.162962357582888, 49.991065458725274 ], [ 18.163034692219991, 49.989181309057059 ], [ 18.162995477712045, 49.989157270763123 ] ] ], [ [ [ 17.834656688320173, 49.997388539769631 ], [ 17.833761365367607, 49.99790857155844 ], [ 17.833626997773919, 50.009477200855692 ], [ 17.814784140787463, 50.020435752581911 ], [ 17.795475698035382, 50.020169937464374 ], [ 17.794649953654638, 50.02064881794135 ], [ 17.794491188516812, 50.032217133356141 ], [ 17.775575644468848, 50.043181734634473 ], [ 17.774885169495423, 50.043581756770365 ], [ 17.774713508926023, 50.055149880061705 ], [ 17.774540857848617, 50.066717970774235 ], [ 17.755355692542789, 50.077808106158926 ], [ 17.754887997724712, 50.07807871479271 ], [ 17.735719338398976, 50.089142894129921 ], [ 17.735212554909317, 50.089435892944181 ], [ 17.735017403448854, 50.101003645054135 ], [ 17.715762972945502, 50.112095667044599 ], [ 17.715310308546773, 50.112357107327817 ], [ 17.696103680681517, 50.123406696332495 ], [ 17.67784046640131, 50.111936438207636 ], [ 17.677076227680541, 50.111463022458125 ], [ 17.657733334872571, 50.111141792211519 ], [ 17.656774663176066, 50.111694622151205 ], [ 17.656541072582272, 50.123261819219799 ], [ 17.637731391496487, 50.134052421349807 ], [ 17.636778486594199, 50.134601358745279 ], [ 17.618045284084392, 50.145335517217596 ], [ 17.616999741059221, 50.1459373532916 ], [ 17.598350025730362, 50.15661173559517 ], [ 17.597205897454682, 50.157269808258718 ], [ 17.598310743840209, 50.157955036662599 ], [ 17.616499115140364, 50.169071106617181 ], [ 17.617345648035819, 50.169595732486798 ], [ 17.636717685282395, 50.169714172747625 ], [ 17.656089905172234, 50.169828524322831 ], [ 17.674941619237003, 50.18132236513155 ], [ 17.675144033640009, 50.181447581931266 ], [ 17.694521309481267, 50.181551961013582 ], [ 17.69585716056827, 50.181559089418855 ], [ 17.706551807314415, 50.170108928897847 ], [ 17.714428796897199, 50.161903364277137 ], [ 17.71764081851552, 50.15866213430207 ], [ 17.7292802536602, 50.147220301118324 ], [ 17.73431544103444, 50.142419314843501 ], [ 17.741537886764554, 50.135783999361152 ], [ 17.754141721268599, 50.12463149868104 ], [ 17.75446901388306, 50.124353627533218 ], [ 17.768373933258164, 50.112932147789238 ], [ 17.773908995178171, 50.108573341950546 ], [ 17.783308655140786, 50.101519799031635 ], [ 17.793622569683237, 50.094122415257871 ], [ 17.799511734121257, 50.090118652862337 ], [ 17.813286731685746, 50.081188431801209 ], [ 17.817308053597923, 50.078731491001925 ], [ 17.83290606959995, 50.069661752216788 ], [ 17.837129527592921, 50.067361911413315 ], [ 17.85248535612531, 50.059416746328829 ], [ 17.85955599978135, 50.056014579068403 ], [ 17.872029351112953, 50.05031893207353 ], [ 17.885375162958166, 50.044695556083177 ], [ 17.891542636162665, 50.042231505460876 ], [ 17.911028531320493, 50.03506315369129 ], [ 17.915899356680686, 50.03341485061663 ], [ 17.930489968198579, 50.028733048562451 ], [ 17.949931451067954, 50.02308194792522 ], [ 17.953282431209423, 50.022188205457674 ], [ 17.969353575626929, 50.018120998358867 ], [ 17.969630380089569, 50.010764653843864 ], [ 17.969512477855702, 50.01069203726346 ], [ 17.950206247655686, 50.01047278002109 ], [ 17.931607634056181, 49.998850865377875 ], [ 17.931159204633577, 49.998574324783036 ], [ 17.912816720323221, 49.987106359716705 ], [ 17.912121464433135, 49.986677283422175 ], [ 17.892825247230821, 49.986449346551439 ], [ 17.874807785660877, 49.975173945740195 ], [ 17.873801659892436, 49.974552228940247 ], [ 17.872766972494702, 49.975154132581416 ], [ 17.854233678236277, 49.985977332942241 ], [ 17.853277529947157, 49.986533121209057 ], [ 17.834656688320173, 49.997388539769631 ] ] ], [ [ [ 17.620215878307285, 50.273242938388229 ], [ 17.614348914656279, 50.273134251297748 ], [ 17.614282549201747, 50.273172344181084 ], [ 17.614115732317231, 50.281165445480667 ], [ 17.620215878307285, 50.273242938388229 ] ] ], [ [ [ 16.625503644992634, 50.11832079776233 ], [ 16.624936735964351, 50.129880284140349 ], [ 16.611378768723998, 50.137456128991992 ], [ 16.592035723342846, 50.137029985854817 ], [ 16.585589216680283, 50.140639557195854 ], [ 16.585014860520396, 50.152198718208972 ], [ 16.571521507836994, 50.159729467197707 ], [ 16.565043893218537, 50.163352632493449 ], [ 16.564467032644739, 50.174911634985804 ], [ 16.563891285509879, 50.186470640778161 ], [ 16.563316685015394, 50.198029650586527 ], [ 16.562743263534731, 50.209588665109983 ], [ 16.562171052545253, 50.221147685029088 ], [ 16.548616908026592, 50.228702852629645 ], [ 16.542176904284158, 50.232297285052091 ], [ 16.52863937977774, 50.239839237571694 ], [ 16.522176928726921, 50.243443358508983 ], [ 16.508652451911214, 50.250974203442347 ], [ 16.502171298212083, 50.254585906973986 ], [ 16.501591024981618, 50.26614448056705 ], [ 16.488046976777966, 50.273681708995092 ], [ 16.481577008184022, 50.277283357891513 ], [ 16.468036046198367, 50.28481529735739 ], [ 16.461557787216538, 50.288418715457524 ], [ 16.460973288774465, 50.299977007715086 ], [ 16.44739572696415, 50.30752517176208 ], [ 16.440946370333169, 50.311108704073419 ], [ 16.440360751806754, 50.322666867397814 ], [ 16.426735090804193, 50.330237835789319 ], [ 16.407316166062213, 50.329790153571579 ], [ 16.387897676757905, 50.329340189591043 ], [ 16.381432469633516, 50.332924993378491 ], [ 16.380837826945086, 50.344482720533513 ], [ 16.367198589866732, 50.352052397554644 ], [ 16.360792974112993, 50.355600376893179 ], [ 16.366790260225134, 50.359429672038836 ], [ 16.379653529377265, 50.367598229377506 ], [ 16.365915602838012, 50.375221693830035 ], [ 16.359604130226604, 50.378715613935483 ], [ 16.345832043573154, 50.386355087846468 ], [ 16.32639114856806, 50.385899816752996 ], [ 16.306950692699079, 50.385442358634599 ], [ 16.294137563308389, 50.377210067796788 ], [ 16.288171922184951, 50.373394893854339 ], [ 16.281787434227294, 50.376921907853998 ], [ 16.268071106427229, 50.384520898494252 ], [ 16.26172788543456, 50.388022334944331 ], [ 16.26111865752754, 50.399579234561813 ], [ 16.247288915430456, 50.407237942922443 ], [ 16.241053778245327, 50.410676037854905 ], [ 16.227163627814878, 50.418365495952358 ], [ 16.220985676732493, 50.421769351211523 ], [ 16.207028717768281, 50.429493094702131 ], [ 16.200914463727258, 50.432859176535899 ], [ 16.200301362506593, 50.444415710970901 ], [ 16.205937225937642, 50.448023378100395 ], [ 16.21198176841316, 50.444696351086655 ], [ 16.226075844141985, 50.436974481262524 ], [ 16.239231029391089, 50.445346486835142 ], [ 16.225129271308639, 50.453151754680995 ], [ 16.219157272971213, 50.456439413017591 ], [ 16.224728137174701, 50.460002801592559 ], [ 16.244198338880096, 50.460465145923891 ], [ 16.257500563364328, 50.46892111606082 ], [ 16.263004076634793, 50.47243690711597 ], [ 16.282480105776798, 50.472891220132063 ], [ 16.295870250339632, 50.481390605354065 ], [ 16.30130067351482, 50.484855250720123 ], [ 16.314773236662784, 50.493399530938227 ], [ 16.314190873611285, 50.504957079705399 ], [ 16.319478776227275, 50.508327531830219 ], [ 16.325134306585507, 50.505209208466567 ], [ 16.339617920807555, 50.497257698550392 ], [ 16.359105571763525, 50.497695789963338 ], [ 16.372689664166977, 50.506292870982513 ], [ 16.37795581315185, 50.509644078664472 ], [ 16.39162883340493, 50.518289857007034 ], [ 16.396815653506913, 50.521588099747916 ], [ 16.410579937058429, 50.530283933903299 ], [ 16.395887935801419, 50.538433376878196 ], [ 16.390502668734236, 50.541406222442724 ], [ 16.395547399171647, 50.544612713242394 ], [ 16.409464740099878, 50.553400624401135 ], [ 16.408909589700741, 50.56495899550827 ], [ 16.413795286238404, 50.568061385241663 ], [ 16.433313367019363, 50.568485727994997 ], [ 16.44742519603971, 50.577380681025069 ], [ 16.446881070746507, 50.588939372475551 ], [ 16.431743604655207, 50.597336753394622 ], [ 16.426794795079307, 50.600067757344021 ], [ 16.411577260761252, 50.608506175384925 ], [ 16.406705251142768, 50.611192651573688 ], [ 16.391401186688462, 50.619675624754016 ], [ 16.386612485304241, 50.622314055444001 ], [ 16.38606325133312, 50.633872387511516 ], [ 16.370567128751517, 50.642457319971093 ], [ 16.365965096957861, 50.644990176088669 ], [ 16.350366226509404, 50.653628413474614 ], [ 16.345863787721679, 50.656104474060037 ], [ 16.330155553795251, 50.664799563398091 ], [ 16.310599373981717, 50.664353892107904 ], [ 16.29104361411747, 50.663906296190909 ], [ 16.286662797782444, 50.666311023213304 ], [ 16.270814305554531, 50.675074405816837 ], [ 16.251254545329409, 50.674623292023995 ], [ 16.231695214375094, 50.674170192388388 ], [ 16.21685468551955, 50.664663740102988 ], [ 16.2176448564732, 50.65311169413954 ], [ 16.218432588199711, 50.641559569952051 ], [ 16.214200314416292, 50.638861955552898 ], [ 16.19465639194172, 50.638403634341259 ], [ 16.190135455338623, 50.640880163977272 ], [ 16.17441574261689, 50.649560690529334 ], [ 16.154867856262047, 50.649098700661369 ], [ 16.150500328352368, 50.651488027280763 ], [ 16.134613028600029, 50.66025391971165 ], [ 16.115061187955636, 50.659788169610628 ], [ 16.095509798027713, 50.659320323236052 ], [ 16.080631772121592, 50.649757295852531 ], [ 16.076680783924434, 50.647230011454404 ], [ 16.06188648429405, 50.637714545193106 ], [ 16.062718090287021, 50.626164254944776 ], [ 16.05858704857193, 50.623519245009163 ], [ 16.043984005902285, 50.614118749470975 ], [ 16.039781522021624, 50.611425974609965 ], [ 16.025257722839928, 50.602070326886562 ], [ 16.020985577659768, 50.599330860040091 ], [ 16.016381608185615, 50.601843141294111 ], [ 16.000721585280935, 50.610468398957693 ], [ 15.996266960378552, 50.612897238087783 ], [ 16.000398315579787, 50.615547474573425 ], [ 16.015138865242101, 50.624954073743332 ], [ 16.014519444969572, 50.636509563610616 ], [ 16.013901315059382, 50.648065069002094 ], [ 16.013284474440525, 50.659620589912663 ], [ 16.012668927911065, 50.671176126487659 ], [ 15.996275469419622, 50.680195278155708 ], [ 15.992538616174897, 50.682229337120589 ], [ 15.975969355891738, 50.6913398115123 ], [ 15.956406675889991, 50.690857531308893 ], [ 15.936844476497019, 50.690372965928461 ], [ 15.917282761543694, 50.689886093529488 ], [ 15.901722429104057, 50.679848612160789 ], [ 15.898488720473706, 50.677771410744384 ], [ 15.878932827748098, 50.677279732855744 ], [ 15.875490270057099, 50.679147726151548 ], [ 15.874848582808216, 50.690702098632691 ], [ 15.857823122744703, 50.700037973574766 ], [ 15.854699132380887, 50.701731264589462 ], [ 15.854055389609179, 50.713285483421679 ], [ 15.836692248790648, 50.722797578215548 ], [ 15.833897228018182, 50.724310910369248 ], [ 15.833251430347079, 50.735864975534369 ], [ 15.83260686446885, 50.747419057449243 ], [ 15.814750127511733, 50.757189593784965 ], [ 15.79516234736626, 50.756688165419519 ], [ 15.778523628133089, 50.745936098552136 ], [ 15.776374833942059, 50.744553073874918 ], [ 15.756792954304077, 50.744046483217176 ], [ 15.737211607746785, 50.743537228075304 ], [ 15.71763079929219, 50.74302527777369 ], [ 15.698050534046846, 50.742510601161086 ], [ 15.695984779018726, 50.743624355309649 ], [ 15.695309152693511, 50.755177098434231 ], [ 15.676822307542048, 50.765254452725451 ], [ 15.657233471007419, 50.764733734354785 ], [ 15.637645197552265, 50.764210148722242 ], [ 15.636077042036689, 50.765053812858021 ], [ 15.617217797068516, 50.775314891153002 ], [ 15.615867802689378, 50.776040597332056 ], [ 15.596780667100559, 50.786417040210658 ], [ 15.577184446954414, 50.78588395500541 ], [ 15.557588815920075, 50.785347834841204 ], [ 15.537993779638734, 50.784808648625905 ], [ 15.518399343790794, 50.784266365436885 ], [ 15.517560691101544, 50.784715884619402 ], [ 15.497935535359208, 50.795351895354116 ], [ 15.478337488, 50.794802873065606 ], [ 15.477795681529731, 50.795092894560653 ], [ 15.457859757649068, 50.805881740462219 ], [ 15.457542718224452, 50.806051309541196 ], [ 15.437372318516056, 50.81695753519422 ], [ 15.418812452876349, 50.804867395847502 ], [ 15.418657126617306, 50.804766568768251 ], [ 15.400176455639523, 50.79272055631747 ], [ 15.401205542976285, 50.781179769347283 ], [ 15.40084565964389, 50.780945934033525 ], [ 15.381255588166331, 50.780381132428353 ], [ 15.380935941576871, 50.780551836046172 ], [ 15.380184350393103, 50.79210111833585 ], [ 15.379434109000016, 50.8036504277134 ], [ 15.379319894664075, 50.805410479110229 ], [ 15.398486921839023, 50.811606318728238 ], [ 15.413032320700649, 50.816262120330428 ], [ 15.417664352063747, 50.81773115504803 ], [ 15.436851951675395, 50.82378698816153 ], [ 15.453826001813441, 50.829083072205769 ], [ 15.456049881242556, 50.829770657605735 ], [ 15.475257912031569, 50.835684096266988 ], [ 15.494476169778927, 50.84152455064271 ], [ 15.495799985505959, 50.841924963538169 ], [ 15.513704482716351, 50.847293193080155 ], [ 15.532942881643024, 50.852988489651295 ], [ 15.539075232968399, 50.854790102091279 ], [ 15.552191290552646, 50.858610317710102 ], [ 15.571449642436592, 50.864158427056338 ], [ 15.583814926804031, 50.867681810974574 ], [ 15.590717898805607, 50.869632169151394 ], [ 15.609995983133988, 50.875031402520918 ], [ 15.629283804079986, 50.880356185305878 ], [ 15.630184892232377, 50.880603186135531 ], [ 15.648581358463829, 50.885605347187955 ], [ 15.667888482972122, 50.890779931091245 ], [ 15.678373328810077, 50.893557631408086 ], [ 15.687205145669108, 50.895879151427273 ], [ 15.706531261330918, 50.900902956904652 ], [ 15.72586666976574, 50.90585236031567 ], [ 15.728616683524148, 50.906549511509759 ], [ 15.745211398473826, 50.910725707137679 ], [ 15.764565240047094, 50.915524686291903 ], [ 15.781182580347517, 50.919583540906117 ], [ 15.783928091843745, 50.920249505763003 ], [ 15.803299955393804, 50.92489885768655 ], [ 15.822680592756393, 50.929474912319897 ], [ 15.836394643871806, 50.932665338973742 ], [ 15.842069933340957, 50.933977420988633 ], [ 15.861467922588934, 50.93840588891085 ], [ 15.880874354224099, 50.942762072320505 ], [ 15.894625678556393, 50.945801051944699 ], [ 15.900289145597101, 50.947045911147775 ], [ 15.91971222808186, 50.951257129780174 ], [ 15.939143426560756, 50.955397063234372 ], [ 15.956339557202188, 50.958998237383163 ], [ 15.958582641636109, 50.959465919057976 ], [ 15.978029801332159, 50.963463485705773 ], [ 15.997484780883257, 50.967390362385501 ], [ 16.016947494834412, 50.971246548508617 ], [ 16.02218965554404, 50.972268016431968 ], [ 16.036417830108771, 50.975032475103632 ], [ 16.055895739800448, 50.978747536976847 ], [ 16.075381182358775, 50.982391026012174 ], [ 16.093027626104835, 50.985624570105685 ], [ 16.094874102694231, 50.985962430214769 ], [ 16.114374347782995, 50.989462800157888 ], [ 16.133882045127201, 50.99288866192434 ], [ 16.153397206821442, 50.996238330722697 ], [ 16.170459439184441, 50.999097715730144 ], [ 16.172919831908391, 50.999510288530757 ], [ 16.192449769329077, 51.00270545859356 ], [ 16.211987334898691, 51.005817005035389 ], [ 16.231532639320399, 51.008841342469943 ], [ 16.251085823070088, 51.011774279290762 ], [ 16.257839945058862, 51.012753119810277 ], [ 16.270646802598115, 51.014615316379128 ], [ 16.290215901529233, 51.017356957057615 ], [ 16.309793492147886, 51.019990646142922 ], [ 16.329379852727619, 51.022509212467995 ], [ 16.348975299344957, 51.024904609460719 ], [ 16.365396781943424, 51.026799552012278 ], [ 16.368580114270667, 51.02716914615236 ], [ 16.388194412542909, 51.029297872206186 ], [ 16.407818994421266, 51.031273409064852 ], [ 16.4274543374041, 51.033083672900148 ], [ 16.447100958187196, 51.034715491997417 ], [ 16.466759411626203, 51.036154582606557 ], [ 16.48643028925995, 51.037385531539165 ], [ 16.506114217406584, 51.038391785635838 ], [ 16.525811854860144, 51.039155647947211 ], [ 16.545523890231216, 51.039658280157632 ], [ 16.565251038991875, 51.039879710438491 ], [ 16.584994040300757, 51.039798845567454 ], [ 16.604753653697994, 51.039393485805455 ], [ 16.624530655771157, 51.038640340704504 ], [ 16.644325836901015, 51.03751504374528 ], [ 16.664139998199623, 51.035992163492729 ], [ 16.683973948751738, 51.034045208824111 ], [ 16.687523838315308, 51.033621812926278 ], [ 16.703827604131067, 51.031664812012529 ], [ 16.723702238461968, 51.028813527123468 ], [ 16.743598829325869, 51.025458648175928 ], [ 16.754438892929798, 51.023358010345504 ], [ 16.763517422789391, 51.021585607209154 ], [ 16.783458374394165, 51.017172781897891 ], [ 16.801413861731355, 51.012682366413884 ], [ 16.803423082375144, 51.012175652325617 ], [ 16.823410437040639, 51.006601556206213 ], [ 16.838882845101828, 51.001812418538258 ], [ 16.843422290549857, 51.000394210444426 ], [ 16.863457740443931, 50.993555093059314 ], [ 16.870792146398319, 50.990829298196594 ], [ 16.88351741951551, 50.98605195080394 ], [ 16.898954678191785, 50.979770173630449 ], [ 16.903601612579003, 50.977858941108678 ], [ 16.92370996441872, 50.968963495076693 ], [ 16.924362762765703, 50.968655384089558 ], [ 16.943841912544823, 50.959357185829738 ], [ 16.947504670211952, 50.95749530029267 ], [ 16.963997687980147, 50.949013042640175 ], [ 16.968974528452549, 50.946301597408834 ], [ 16.984176806502539, 50.937919468838516 ], [ 16.989061095588887, 50.9350801649475 ], [ 17.00437868885686, 50.926066559617915 ], [ 17.007990435725564, 50.923835568742071 ], [ 17.02460264372025, 50.913446596414758 ], [ 17.025941185567213, 50.912571387845922 ], [ 17.043010639165217, 50.901289700652534 ], [ 17.044847544141948, 50.900061891226407 ], [ 17.059320254014008, 50.889992909575277 ], [ 17.065112348343842, 50.885912773006595 ], [ 17.075005004388704, 50.878683556288181 ], [ 17.085396180181355, 50.870995519952473 ], [ 17.090143477089146, 50.867363176085064 ], [ 17.104783050840133, 50.856032748546355 ], [ 17.105697640562212, 50.855319128428228 ], [ 17.118912890136311, 50.844692284311378 ], [ 17.126014538769251, 50.83891275140445 ], [ 17.132671448477478, 50.833344182516655 ], [ 17.146089705700529, 50.82198906503303 ], [ 17.146346116976368, 50.821770708771538 ], [ 17.15911534765949, 50.810626221886189 ], [ 17.16668955184381, 50.803939819826113 ], [ 17.171876389960119, 50.799257789432588 ], [ 17.184362218053181, 50.787883687865225 ], [ 17.187043791264689, 50.785423355114311 ], [ 17.196574698127371, 50.776504033025518 ], [ 17.207406549836186, 50.766257024075983 ], [ 17.208587217145723, 50.765120036938079 ], [ 17.220350834282883, 50.753731013269878 ], [ 17.227775749942829, 50.746472800978893 ], [ 17.231939597272635, 50.7423381591273 ], [ 17.243335859022643, 50.730941259744576 ], [ 17.248149811431713, 50.726090935906001 ], [ 17.254562441688773, 50.719540712297643 ], [ 17.265635197375282, 50.708136800766944 ], [ 17.268526866657439, 50.705140533311265 ], [ 17.276548357834294, 50.696729482828438 ], [ 17.287333455539596, 50.685319265864493 ], [ 17.28890521586526, 50.683647600622237 ], [ 17.297971677744282, 50.673905909893826 ], [ 17.308498369941599, 50.662489967458399 ], [ 17.309283342389893, 50.661634429838521 ], [ 17.318891928548524, 50.651071156392852 ], [ 17.329184098742271, 50.63964996687654 ], [ 17.329659915636672, 50.639119274401864 ], [ 17.339356760052276, 50.628226166839845 ], [ 17.349434009276365, 50.616800128375075 ], [ 17.350033780404591, 50.616116390128902 ], [ 17.359404452877307, 50.605371715172318 ], [ 17.369283075844997, 50.593941163863171 ], [ 17.370403932012501, 50.592636490203176 ], [ 17.379066100635757, 50.582508444671809 ], [ 17.388759975415983, 50.571073670347261 ], [ 17.390769477097489, 50.568687657562108 ], [ 17.398367539136981, 50.559636901666472 ], [ 17.407888950540123, 50.548198161642475 ], [ 17.411129579965969, 50.544276762260139 ], [ 17.41733108204425, 50.536757564323665 ], [ 17.426691496854136, 50.525315095577575 ], [ 17.431483394171632, 50.519411442683499 ], [ 17.435977114024993, 50.513870867594434 ], [ 17.445187925496171, 50.502424897703868 ], [ 17.451829978806025, 50.494102721603682 ], [ 17.454325588339085, 50.490977225215055 ], [ 17.463398847885678, 50.47952798238336 ], [ 17.472168199107045, 50.46836833208009 ], [ 17.472397475641408, 50.46807704958151 ], [ 17.481346631488684, 50.456624772063662 ], [ 17.490224302366727, 50.44517087523483 ], [ 17.492497262560946, 50.442216329132876 ], [ 17.4990568808382, 50.433715715540551 ], [ 17.507831147216336, 50.422259133341996 ], [ 17.512814821085193, 50.415704985427155 ], [ 17.516560009269135, 50.410801306070098 ], [ 17.525251184040997, 50.399342341457128 ], [ 17.533118283281947, 50.388903986386197 ], [ 17.533892985397365, 50.387882100329264 ], [ 17.542525756324604, 50.376421098957962 ], [ 17.551115224045486, 50.364958912111696 ], [ 17.553405087767132, 50.361886282626934 ], [ 17.55970595618783, 50.353496101119383 ], [ 17.568280182027454, 50.342032446685373 ], [ 17.573670534497527, 50.334800736816042 ], [ 17.576855361004583, 50.330568165943085 ], [ 17.585455212466162, 50.319103547107318 ], [ 17.593909241375986, 50.307828547676785 ], [ 17.59405355525076, 50.307638267922464 ], [ 17.602729579335968, 50.296173280500625 ], [ 17.611426440679949, 50.284707888350461 ], [ 17.594599956555292, 50.284393200239066 ], [ 17.575188779420273, 50.284028781206231 ], [ 17.556817023618635, 50.272472942248662 ], [ 17.556129374611412, 50.272046990944503 ], [ 17.536723466600407, 50.271682099554177 ], [ 17.535801719303926, 50.272210069367766 ], [ 17.516957059419518, 50.28292866823486 ], [ 17.497547078322562, 50.282560150046187 ], [ 17.479975596923165, 50.271493293704395 ], [ 17.478507510464915, 50.270582003169544 ], [ 17.459102770857136, 50.270213884361127 ], [ 17.441975438606594, 50.259420224086206 ], [ 17.440077484462538, 50.258240594788212 ], [ 17.438104166301709, 50.259368253614525 ], [ 17.437792715293625, 50.270933891101564 ], [ 17.419910034732201, 50.281079996278486 ], [ 17.400501482268272, 50.280708838097063 ], [ 17.39829794118921, 50.281966092233652 ], [ 17.380699483523724, 50.29193911764709 ], [ 17.364134310011064, 50.281490224255357 ], [ 17.364589376454358, 50.269926749068439 ], [ 17.362083313167929, 50.268366239383575 ], [ 17.359472642411717, 50.269854626882712 ], [ 17.35913384992951, 50.281419729297674 ], [ 17.358796510898205, 50.2929848307162 ], [ 17.358460663135752, 50.304549931684534 ], [ 17.341067428723189, 50.314392865146857 ], [ 17.338531095394053, 50.315836604121166 ], [ 17.340964444987026, 50.317351322920871 ], [ 17.357793582109412, 50.327680134307023 ], [ 17.340259208426531, 50.337597645918549 ], [ 17.323771573251012, 50.327194543315272 ], [ 17.321237349202818, 50.325616617872967 ], [ 17.301811506680735, 50.325238363719635 ], [ 17.282385942579051, 50.324859947180968 ], [ 17.279417586543264, 50.326546522619608 ], [ 17.262537678255015, 50.336078748592726 ], [ 17.243107993738018, 50.335698633779728 ], [ 17.239890010714142, 50.337524659018058 ], [ 17.223245927623733, 50.346914225366447 ], [ 17.219936338449628, 50.348790758592784 ], [ 17.219560447321143, 50.36035489933591 ], [ 17.202936446364063, 50.36972504892411 ], [ 17.199595519818956, 50.371617362608838 ], [ 17.199216243018522, 50.383181368616022 ], [ 17.182607162775671, 50.392535205655271 ], [ 17.163155157721942, 50.392148179102236 ], [ 17.147687477375484, 50.38237198833113 ], [ 17.144156197329313, 50.380165263924219 ], [ 17.14045715006548, 50.382256590702546 ], [ 17.124252013206597, 50.391373268203331 ], [ 17.120477939726374, 50.393505334206843 ], [ 17.120076180266746, 50.405068775852868 ], [ 17.103875522617976, 50.414175620309571 ], [ 17.084415272164772, 50.4137851689702 ], [ 17.064955319916841, 50.413394238654568 ], [ 17.045495669541602, 50.413002744271253 ], [ 17.041348340868357, 50.415339544970628 ], [ 17.025554270667627, 50.424203837304887 ], [ 17.006090519180653, 50.423810183105552 ], [ 16.986627080265823, 50.42341575405375 ], [ 16.96716395818401, 50.423020462988191 ], [ 16.962650324870378, 50.42555767972172 ], [ 16.947199852968566, 50.434215728697154 ], [ 16.942642326494809, 50.436775597167141 ], [ 16.927226242670152, 50.445409864542469 ], [ 16.922628986584485, 50.447990009493822 ], [ 16.907243116231921, 50.456602931863976 ], [ 16.892808903740669, 50.447453651078028 ], [ 16.88828336781031, 50.444609869192234 ], [ 16.873981578904239, 50.435540884533999 ], [ 16.87454786836641, 50.423981027036369 ], [ 16.86985325505854, 50.421028123609545 ], [ 16.855726152319551, 50.412065283961184 ], [ 16.870630858234716, 50.403690315379762 ], [ 16.875673995736342, 50.400861130880187 ], [ 16.890601502741543, 50.392464488913213 ], [ 16.895608526126889, 50.389653348110706 ], [ 16.910562834712017, 50.381232831563587 ], [ 16.915529868259419, 50.378441943824114 ], [ 16.916077189690277, 50.366881506595348 ], [ 16.916622453731435, 50.355321011346781 ], [ 16.93151835145261, 50.346918816088234 ], [ 16.936518489795173, 50.3441056055347 ], [ 16.937055633988923, 50.332544859746228 ], [ 16.937590791180014, 50.320984057526168 ], [ 16.952443405285468, 50.312592071522928 ], [ 16.957462121166095, 50.309764674683265 ], [ 16.972356794048089, 50.301340593959125 ], [ 16.991774831602914, 50.301626622934201 ], [ 16.996649987331345, 50.298876521725468 ], [ 17.011674607457799, 50.290365092387511 ], [ 17.016489973550822, 50.287646586625499 ], [ 17.017001861798086, 50.276085049317111 ], [ 17.017511895491364, 50.264523459047425 ], [ 17.012872487537759, 50.261607022741671 ], [ 16.998709056132071, 50.252630767645236 ], [ 16.999219269482733, 50.241069197506903 ], [ 17.014077148553103, 50.232638891159858 ], [ 17.019031180847314, 50.229838375892726 ], [ 17.014316701299677, 50.226872774447074 ], [ 16.994933025260291, 50.22648992487953 ], [ 16.989892301724403, 50.229337792961239 ], [ 16.989430378313109, 50.240900189794644 ], [ 16.974568556162367, 50.249258250505655 ], [ 16.960597623492092, 50.240397586883105 ], [ 16.961113867300654, 50.228836220132791 ], [ 16.956166689578083, 50.225719321365048 ], [ 16.936784038957885, 50.225331431753709 ], [ 16.91740173912493, 50.224941731627297 ], [ 16.898019794509793, 50.224550161096346 ], [ 16.884392368937192, 50.21589362577906 ], [ 16.88492144934839, 50.204332689732979 ], [ 16.879664563249801, 50.201012213971559 ], [ 16.86029267594154, 50.200617571135425 ], [ 16.854681400684196, 50.203778009273172 ], [ 16.840398835964454, 50.211791858893974 ], [ 16.826989379101889, 50.203263150969519 ], [ 16.827529486156291, 50.191702583807789 ], [ 16.822076623469535, 50.188252117226661 ], [ 16.80271052169828, 50.18785142816958 ], [ 16.789456901231173, 50.17941331047647 ], [ 16.790002320925812, 50.167852927864708 ], [ 16.790546094030962, 50.156292493162532 ], [ 16.784950299583269, 50.152745522531788 ], [ 16.771794095095938, 50.144363265684738 ], [ 16.766137989902347, 50.140775395847356 ], [ 16.746791674660912, 50.140369067145109 ], [ 16.733756556937976, 50.13205599885616 ], [ 16.734308690742388, 50.120495853599294 ], [ 16.728541283817357, 50.116831934000167 ], [ 16.715575557914747, 50.10855767923313 ], [ 16.709756878511136, 50.104858438909396 ], [ 16.690425699784509, 50.104445592136969 ], [ 16.67109492964418, 50.104030220639821 ], [ 16.664830865756002, 50.107547706529616 ], [ 16.651198825329985, 50.115174424995949 ], [ 16.631864239533297, 50.114753740372791 ], [ 16.625503644992634, 50.11832079776233 ] ] ] ] } },
{ "type": "Feature", "properties": { "cykl": 4, "typ_martwego_drewna": "wszystkie", "prog_zasobnosci_m3ha": 20, "srednia_krajowa_m3ha": 11.148837381277966, "max_zasobnosci_m3ha": 51.562012639400123, "n_traktow": 10535, "wiarygodne": true }, "geometry": { "type": "MultiPolygon", "coordinates": [ [ [ [ 23.244790679386995, 52.409575665960169 ], [ 23.237630460970475, 52.414716500670295 ], [ 23.225767456246764, 52.4234838647481 ], [ 23.221183763372498, 52.426878671721973 ], [ 23.206778820301814, 52.437876760641913 ], [ 23.205284892246642, 52.439018888944233 ], [ 23.189870592988118, 52.451139626342318 ], [ 23.187828132895959, 52.452795736713732 ], [ 23.174941284494036, 52.463241065961064 ], [ 23.16891988478314, 52.468294749039707 ], [ 23.160537319310492, 52.475321977192465 ], [ 23.150058852027161, 52.48443161336548 ], [ 23.146657803933977, 52.487382591058513 ], [ 23.13324650508628, 52.499425067301004 ], [ 23.131251016969813, 52.501277875234187 ], [ 23.120254473541543, 52.511451278970675 ], [ 23.112503849145796, 52.518922066615417 ], [ 23.107777052746414, 52.523458055690021 ], [ 23.095763697196894, 52.535447319283477 ], [ 23.093824775687441, 52.537453596364308 ], [ 23.084132189875074, 52.547422058604795 ], [ 23.075225825195645, 52.557012768901238 ], [ 23.073014228261179, 52.559377853677304 ], [ 23.062264910973369, 52.571319835360114 ], [ 23.056721346965197, 52.577767050822779 ], [ 23.051970360814341, 52.58324515761619 ], [ 23.04209602433815, 52.595155126284496 ], [ 23.03832805953536, 52.599912035216164 ], [ 23.032614918758952, 52.607050772134656 ], [ 23.023567676493879, 52.618930812551255 ], [ 23.020072170019795, 52.623749432144983 ], [ 23.014897709016704, 52.630797273259503 ], [ 23.006641075591492, 52.6426490207702 ], [ 23.001990227503335, 52.649698166022617 ], [ 22.998787096608623, 52.654486507722304 ], [ 22.991294689246462, 52.666311204983259 ], [ 22.984265067525641, 52.67811977832833 ], [ 22.984134253798707, 52.678352424003307 ], [ 22.977522831945944, 52.689918210214394 ], [ 22.971226500426702, 52.701701235534308 ], [ 22.966614171338271, 52.7109511204984 ], [ 22.965334570472912, 52.713470320904797 ], [ 22.959767120541457, 52.72522820436842 ], [ 22.954628644501216, 52.736971446052024 ], [ 22.949909554653289, 52.748700426672244 ], [ 22.949609544141424, 52.749516233526215 ], [ 22.945508027522976, 52.760418593133359 ], [ 22.941519358214357, 52.772122813913448 ], [ 22.937945413419271, 52.783813073525643 ], [ 22.934782337019094, 52.795489542412717 ], [ 22.933671993081088, 52.800206192380891 ], [ 22.931988826732624, 52.807153628706018 ], [ 22.92958737913542, 52.818804616937577 ], [ 22.927605005671456, 52.830441640446267 ], [ 22.926042699475943, 52.842064692212645 ], [ 22.924902761328386, 52.85367371752119 ], [ 22.924188757526821, 52.865268615386256 ], [ 22.923905482512691, 52.876849239748445 ], [ 22.924058926261729, 52.888415400442653 ], [ 22.924656246564229, 52.899966863935063 ], [ 22.925705746426914, 52.91150335382153 ], [ 22.927216856937882, 52.923024551075777 ], [ 22.929200126045778, 52.934530094030698 ], [ 22.931667213815302, 52.94601957807194 ], [ 22.93463089483329, 52.957492555018035 ], [ 22.938105068553046, 52.968948532156169 ], [ 22.942104778481635, 52.980386970897356 ], [ 22.946646241234532, 52.991807285009742 ], [ 22.951746886608344, 53.003208838381696 ], [ 22.952216372222228, 53.004166417694393 ], [ 22.957400659922278, 53.014591767089527 ], [ 22.963651954493766, 53.025954516798109 ], [ 22.970525474365424, 53.037296174108697 ], [ 22.976767885205881, 53.046729985355938 ], [ 22.978041518310071, 53.048615958287591 ], [ 22.986214262664447, 53.059913279004817 ], [ 22.99509194424488, 53.071186386234352 ], [ 23.000257068322377, 53.077305583205359 ], [ 23.004702166003362, 53.082434199680563 ], [ 23.015083360432534, 53.093655251440964 ], [ 23.023217696690953, 53.101854681709561 ], [ 23.026280537474502, 53.104847823424407 ], [ 23.038346207406015, 53.116009910226062 ], [ 23.045840969557872, 53.122528447737764 ], [ 23.051333899676408, 53.127139432875239 ], [ 23.065308009664278, 53.138233897597082 ], [ 23.068226018410506, 53.140447411732737 ], [ 23.080357582735513, 53.149289911831431 ], [ 23.090428897549639, 53.156250663291388 ], [ 23.096551490592489, 53.160304706570379 ], [ 23.112486976838792, 53.170366100710275 ], [ 23.113992760551771, 53.171274262956146 ], [ 23.132817788140947, 53.182193306453712 ], [ 23.134426222527935, 53.183092729278187 ], [ 23.153163727128497, 53.193056406280959 ], [ 23.156265449546787, 53.194648546085034 ], [ 23.175187672600799, 53.203857284749162 ], [ 23.178018243994362, 53.205192730824777 ], [ 23.199086301604318, 53.214588086006088 ], [ 23.199695421324414, 53.214852478047042 ], [ 23.221307912513964, 53.223753240803141 ], [ 23.225134344910533, 53.225237944076895 ], [ 23.242861893373476, 53.231969651433381 ], [ 23.25360263140702, 53.235795788005987 ], [ 23.264362044839569, 53.239559661862693 ], [ 23.2848106928978, 53.246248399791135 ], [ 23.285812166611262, 53.24657113632972 ], [ 23.307223420582186, 53.253124048268532 ], [ 23.319314439155981, 53.25657347524249 ], [ 23.32859252175307, 53.259193024679249 ], [ 23.349925199698639, 53.26484184653026 ], [ 23.357595925880425, 53.266750529524998 ], [ 23.371225969373786, 53.270121083132999 ], [ 23.392493821371581, 53.275026477971721 ], [ 23.400429988511362, 53.276747306539235 ], [ 23.413735178317832, 53.279625838126982 ], [ 23.434948944035998, 53.283913133606703 ], [ 23.448785558579676, 53.286522718210477 ], [ 23.456137032525906, 53.287911314455705 ], [ 23.477305191706357, 53.291679464747396 ], [ 23.498447145194543, 53.295161298416524 ], [ 23.503974798642485, 53.296020434702918 ], [ 23.519573382640811, 53.298460094500101 ], [ 23.540679649241877, 53.301538435822174 ], [ 23.561764484972244, 53.304385779752259 ], [ 23.567847349070359, 53.305160033452083 ], [ 23.582836855025029, 53.307088928383386 ], [ 23.603893221760398, 53.309617083636262 ], [ 23.624931745728116, 53.311955696621879 ], [ 23.643042640592217, 53.313824662151774 ], [ 23.645954881818287, 53.314129946245501 ], [ 23.666970260327894, 53.316211884398015 ], [ 23.687970534352111, 53.318135869883911 ], [ 23.708956591824858, 53.31991209429107 ], [ 23.729929247617967, 53.321549902751258 ], [ 23.733716728766467, 53.32182770349548 ], [ 23.750895883232584, 53.323117455218998 ], [ 23.771384353551088, 53.320393014873822 ], [ 23.771500324436122, 53.320319213707357 ], [ 23.770550594302069, 53.308782748279036 ], [ 23.769600405673778, 53.297246295853299 ], [ 23.788273145753436, 53.285596393336554 ], [ 23.789403208550176, 53.284876345147985 ], [ 23.788447300706853, 53.273340177706444 ], [ 23.806409249076765, 53.262130754060358 ], [ 23.808233068240277, 53.260967458266286 ], [ 23.807269242194618, 53.24943166673895 ], [ 23.824525627523045, 53.23865865819208 ], [ 23.827035216255048, 53.237056299484621 ], [ 23.843904575418915, 53.226519702058788 ], [ 23.84678664109828, 53.224678017267749 ], [ 23.845805105349541, 53.213143067302589 ], [ 23.861984987693837, 53.203031839264334 ], [ 23.865532926224205, 53.200762312533207 ], [ 23.864538691711825, 53.189227942684724 ], [ 23.880045078270836, 53.179531514115823 ], [ 23.900677036643469, 53.178722793852778 ], [ 23.904938542236302, 53.175992375535678 ], [ 23.903925540691308, 53.164458915087884 ], [ 23.902907295892042, 53.152925666166738 ], [ 23.901883621901813, 53.141392636361942 ], [ 23.900854354712212, 53.129859832354768 ], [ 23.894764887844627, 53.126894668614874 ], [ 23.879145438054536, 53.119178331599194 ], [ 23.878109479434134, 53.107645713103146 ], [ 23.877067594967802, 53.096113332673738 ], [ 23.876019693576691, 53.084581193956232 ], [ 23.874965701360235, 53.073049299887806 ], [ 23.887733816143943, 53.065047622515664 ], [ 23.894554648945689, 53.06066801905677 ], [ 23.893483287571119, 53.049136914360076 ], [ 23.905716999790123, 53.041461060560643 ], [ 23.913041018628434, 53.036753555431545 ], [ 23.911952119818615, 53.025223252879329 ], [ 23.923679304551957, 53.01785588533626 ], [ 23.931478504010741, 53.012837839030688 ], [ 23.930372060390518, 53.00130834477536 ], [ 23.929259430958783, 52.9897791019933 ], [ 23.928140653042867, 52.978250109021722 ], [ 23.939010497258291, 52.971406887320931 ], [ 23.947613357611431, 52.965863768399373 ], [ 23.946477381206467, 52.954335577086717 ], [ 23.93650448522429, 52.949463933571195 ], [ 23.924747899859533, 52.943664608254387 ], [ 23.923605025444754, 52.932136592728817 ], [ 23.922456274016199, 52.920608815169523 ], [ 23.921301710401121, 52.909081272769882 ], [ 23.920141400957089, 52.897553962659821 ], [ 23.918975412790608, 52.88602688193842 ], [ 23.917803813006856, 52.874500027705054 ], [ 23.916626667988556, 52.862973397089355 ], [ 23.915444042701779, 52.851446987280021 ], [ 23.924686788670851, 52.845598133669768 ], [ 23.934800209947465, 52.839066566710791 ], [ 23.933602256551719, 52.827540890704704 ], [ 23.932399066540661, 52.816015426100492 ], [ 23.931190695958254, 52.804490170448936 ], [ 23.939943704252453, 52.798935708689299 ], [ 23.950499528661176, 52.792108669225883 ], [ 23.949276622475246, 52.780584120892222 ], [ 23.948048749095218, 52.769059773285015 ], [ 23.9468159464029, 52.757535624706044 ], [ 23.945578245575614, 52.746011673737279 ], [ 23.944335670530158, 52.734487919263984 ], [ 23.943088237359113, 52.72296436049804 ], [ 23.941835953755714, 52.711440997001766 ], [ 23.929337098308757, 52.705297151713808 ], [ 23.920088785806453, 52.700771980654928 ], [ 23.907641592142248, 52.694648121400213 ], [ 23.898339437224358, 52.690099225928357 ], [ 23.885957386983108, 52.684002034438009 ], [ 23.876587215829225, 52.679422758786224 ], [ 23.864284510402758, 52.673359289109442 ], [ 23.854831361868154, 52.66874260746831 ], [ 23.842622993416885, 52.66272032226675 ], [ 23.83307104399448, 52.658058802592926 ], [ 23.820972870639817, 52.652085611652424 ], [ 23.81130535538701, 52.647371377249648 ], [ 23.799334180423489, 52.641455678143451 ], [ 23.789533310139959, 52.636680367076707 ], [ 23.78825968622585, 52.625156934724174 ], [ 23.77645007416676, 52.619314054793868 ], [ 23.766475955445308, 52.614462410454088 ], [ 23.754841176046003, 52.608700962259547 ], [ 23.734487146911931, 52.609600438197496 ], [ 23.714132403661843, 52.610499583809563 ], [ 23.693776958903701, 52.611398518957785 ], [ 23.673420825441543, 52.612297367425214 ], [ 23.653064016269198, 52.613196256942317 ], [ 23.642036272421084, 52.607840467797743 ], [ 23.631490927994879, 52.602599276739895 ], [ 23.611138357962957, 52.603500786756626 ], [ 23.599642094548013, 52.597923537275804 ], [ 23.589582013829482, 52.592916336091939 ], [ 23.569233768622546, 52.593821459048257 ], [ 23.557207367880441, 52.587993230607154 ], [ 23.547694317977118, 52.583251493403772 ], [ 23.535321865874419, 52.577261125809741 ], [ 23.526166872667176, 52.572693854101814 ], [ 23.513416205481132, 52.566525891607689 ], [ 23.504651498873692, 52.562149490061238 ], [ 23.484317770870597, 52.563068081052023 ], [ 23.470871928784955, 52.556569468431412 ], [ 23.469537753185296, 52.545046237141626 ], [ 23.461657224451248, 52.541104418904425 ], [ 23.447561688532463, 52.534301912793431 ], [ 23.440178445304792, 52.530605598236662 ], [ 23.425558989435899, 52.52355464830346 ], [ 23.418711976753315, 52.520123786315843 ], [ 23.403528242837471, 52.512804480322217 ], [ 23.397257862411841, 52.509659801913301 ], [ 23.381468211158786, 52.502051437931073 ], [ 23.380062656260144, 52.490530188005977 ], [ 23.374684022412168, 52.487829515575299 ], [ 23.357955738497211, 52.479774724432012 ], [ 23.356519036215634, 52.468254429642712 ], [ 23.352138687667011, 52.466052386448304 ], [ 23.33436350452796, 52.457496572803464 ], [ 23.332894449566989, 52.445977263526942 ], [ 23.329621888261389, 52.44433015638338 ], [ 23.310690060833039, 52.435216985464301 ], [ 23.309188319836483, 52.423698659453827 ], [ 23.307671179904194, 52.412180878221712 ], [ 23.306029655449048, 52.411353440924891 ], [ 23.285403233427708, 52.401418471713207 ], [ 23.284673305304814, 52.401050218170631 ], [ 23.263845349361034, 52.396113705739744 ], [ 23.254629993576149, 52.402531958093192 ], [ 23.244790679386995, 52.409575665960169 ] ] ], [ [ [ 22.835064413105872, 49.018897335471479 ], [ 22.816183606040543, 49.019537004382158 ], [ 22.805254457114497, 49.026926271525475 ], [ 22.798183632628387, 49.031740048271139 ], [ 22.787300810127675, 49.039092825204143 ], [ 22.780174900474044, 49.04394118637785 ], [ 22.769339558839945, 49.051256738045936 ], [ 22.762157405399154, 49.056140451994466 ], [ 22.754229886982074, 49.051749935735188 ], [ 22.742391364983845, 49.045201546464909 ], [ 22.723498651063778, 49.045827517067757 ], [ 22.704605311222942, 49.046450694873535 ], [ 22.696646143776697, 49.042036437153634 ], [ 22.684855449759795, 49.035503057002508 ], [ 22.674084647671592, 49.042757902319693 ], [ 22.666816768555137, 49.047688716380073 ], [ 22.647921573198705, 49.048303583916407 ], [ 22.637221670818235, 49.055501926585485 ], [ 22.638100015916191, 49.067048958886112 ], [ 22.630713116839264, 49.072054724322797 ], [ 22.620096697033993, 49.07919048432543 ], [ 22.612648138786419, 49.084235157502789 ], [ 22.60208613762541, 49.091329334051167 ], [ 22.594574387752846, 49.096413937165579 ], [ 22.575659279893934, 49.097018878728768 ], [ 22.567366017075763, 49.092408931825446 ], [ 22.555915952090551, 49.086049280739211 ], [ 22.54542372529081, 49.09308580266358 ], [ 22.53782728024159, 49.098220770838232 ], [ 22.529476451073375, 49.093575111842476 ], [ 22.518091528289052, 49.087245387199168 ], [ 22.499178438628498, 49.087839502289704 ], [ 22.480264769244904, 49.088431018529739 ], [ 22.469875535021313, 49.095384255433757 ], [ 22.462156257798068, 49.100593107349873 ], [ 22.443237062986551, 49.101179759292272 ], [ 22.424317300880624, 49.101763883619235 ], [ 22.405396975749635, 49.102345504951238 ], [ 22.395157974538655, 49.109182872284428 ], [ 22.39598608680074, 49.120732743264149 ], [ 22.388054174497498, 49.126074959081599 ], [ 22.377917871808936, 49.132837620427111 ], [ 22.378744936892673, 49.144387588371288 ], [ 22.370695481433206, 49.149805703682823 ], [ 22.35175594627335, 49.150381132172008 ], [ 22.342888987445509, 49.145432411641572 ], [ 22.332038615947791, 49.139376523097326 ], [ 22.313102384791993, 49.139946934551794 ], [ 22.294165616677805, 49.140515029025167 ], [ 22.275228316125855, 49.141080839491742 ], [ 22.265344152369408, 49.147653800533213 ], [ 22.257050169888277, 49.153223284967424 ], [ 22.23810742605804, 49.153784947740064 ], [ 22.228344743665531, 49.160269204202628 ], [ 22.229141241452361, 49.171820816442604 ], [ 22.229939518926106, 49.183372360099128 ], [ 22.221420047214092, 49.18908743040415 ], [ 22.21209171977166, 49.183870654011798 ], [ 22.201714980833611, 49.178063669052619 ], [ 22.182761900082351, 49.17861958709706 ], [ 22.173217846906443, 49.184946395722079 ], [ 22.164547604995395, 49.190756228067109 ], [ 22.145589116075371, 49.191308427842877 ], [ 22.136188399293122, 49.197532604044504 ], [ 22.127361141069454, 49.203442956575813 ], [ 22.108397258364128, 49.203991617399829 ], [ 22.089432887753627, 49.204538395096378 ], [ 22.080241749627575, 49.210613265183994 ], [ 22.071186345424888, 49.216669584351997 ], [ 22.052216603260796, 49.217213086501992 ], [ 22.04319325750399, 49.223169759448851 ], [ 22.043957662468813, 49.234723117356396 ], [ 22.044724185395211, 49.246276400037154 ], [ 22.045492901621518, 49.257829605483195 ], [ 22.036089539454995, 49.264112558718949 ], [ 22.027340465519309, 49.269880554751339 ], [ 22.028109728029584, 49.281433802507273 ], [ 22.018517065068917, 49.287840317433577 ], [ 22.009951678230223, 49.29348203734348 ], [ 22.000223699373123, 49.299976386578173 ], [ 21.991789951078996, 49.305527429201518 ], [ 21.981921539961352, 49.312112988696548 ], [ 21.973624762813152, 49.31756997117018 ], [ 21.974392317661138, 49.329123471681491 ], [ 21.975162749672904, 49.340676878393751 ], [ 21.965005214868466, 49.347452356422409 ], [ 21.945983977997397, 49.347990603491425 ], [ 21.926962284641775, 49.348527335438632 ], [ 21.907940137316864, 49.34906257064759 ], [ 21.90017316279592, 49.354157507112944 ], [ 21.889597891862699, 49.361201690042229 ], [ 21.881994709791478, 49.366185606057535 ], [ 21.871246843991791, 49.373342072616531 ], [ 21.852214454217741, 49.373873939252206 ], [ 21.844875432267553, 49.378678778767366 ], [ 21.845631351002631, 49.390233137846934 ], [ 21.834518332926834, 49.397627201961114 ], [ 21.822378079963176, 49.39080357197701 ], [ 21.814811969148003, 49.386544322362404 ], [ 21.802658525915046, 49.37971073348502 ], [ 21.795114602094078, 49.375460711466708 ], [ 21.782943375927388, 49.368614459193651 ], [ 21.775426217728583, 49.364376264788753 ], [ 21.768406214764731, 49.368963765492531 ], [ 21.769143386958287, 49.380518973713194 ], [ 21.757696082958152, 49.388123772134485 ], [ 21.750952738193494, 49.39252640644407 ], [ 21.739302918507626, 49.400262481990914 ], [ 21.732760386991362, 49.404530936669076 ], [ 21.720900926384921, 49.412402860277254 ], [ 21.714566516442307, 49.416532559713744 ], [ 21.702490101588268, 49.424545012407648 ], [ 21.689318469040217, 49.417122936488155 ], [ 21.682801789088231, 49.413443504154522 ], [ 21.663751532006355, 49.413961019756904 ], [ 21.657772855337868, 49.417852803281164 ], [ 21.658503354185157, 49.429408638329512 ], [ 21.645951616285995, 49.437724904585927 ], [ 21.640302890431709, 49.441398497697612 ], [ 21.627513245693176, 49.449868305829646 ], [ 21.613584721872648, 49.44200580024583 ], [ 21.607830916859097, 49.438752290974968 ], [ 21.588769849663848, 49.439262445037855 ], [ 21.569708295782114, 49.439770018160459 ], [ 21.550646248312933, 49.440274825918586 ], [ 21.531583699907188, 49.440776669636705 ], [ 21.517094680900808, 49.432575078478621 ], [ 21.516616550975005, 49.421013056000128 ], [ 21.511332285211669, 49.418015946325774 ], [ 21.506365456588686, 49.421235834301342 ], [ 21.492867096137626, 49.430138809485499 ], [ 21.478230433473257, 49.421842588819231 ], [ 21.473222450906217, 49.418999323690322 ], [ 21.454166736744391, 49.419485232677594 ], [ 21.435110479837338, 49.419966946479981 ], [ 21.41605367167644, 49.420444199373435 ], [ 21.41171483788402, 49.423249771671308 ], [ 21.397563483558766, 49.432550739056062 ], [ 21.378501092108625, 49.433019275467444 ], [ 21.374517065306154, 49.435592242355284 ], [ 21.359996877336911, 49.445121171625281 ], [ 21.356251539647097, 49.447538239364278 ], [ 21.341483648504795, 49.457222352599047 ], [ 21.322410589591165, 49.457676546135751 ], [ 21.303336936360097, 49.458124741700203 ], [ 21.284262683763096, 49.458566687700262 ], [ 21.268063072656844, 49.449302211601534 ], [ 21.264650900554908, 49.447355234719133 ], [ 21.248506325422305, 49.438112205491244 ], [ 21.245047905092612, 49.436137331042133 ], [ 21.225980758315934, 49.436556733758565 ], [ 21.209822837305609, 49.427286172004848 ], [ 21.20943665039913, 49.415721503836863 ], [ 21.20904689334532, 49.40415688372714 ], [ 21.205346474044131, 49.402040040694281 ], [ 21.186291473296709, 49.402441290752719 ], [ 21.182848827067499, 49.40465466287268 ], [ 21.167748703252979, 49.414478245011637 ], [ 21.164489796580568, 49.416571968501074 ], [ 21.149196862735121, 49.426512462813918 ], [ 21.146122096659312, 49.42848645144079 ], [ 21.130635946446617, 49.438543963043614 ], [ 21.114217834739044, 49.429074397042953 ], [ 21.111064870438845, 49.427267127940894 ], [ 21.091997999629388, 49.427632951089848 ], [ 21.07293055723936, 49.427991102911072 ], [ 21.053862553368056, 49.428341619469606 ], [ 21.037530683879645, 49.418879712221084 ], [ 21.037197478680216, 49.407313717262213 ], [ 21.052577794647046, 49.39755273707086 ], [ 21.055921224189731, 49.39541027391396 ], [ 21.071151643326239, 49.385738389021391 ], [ 21.090203809722198, 49.385405655823583 ], [ 21.093703921904872, 49.383160008799095 ], [ 21.093342453908619, 49.371594564225553 ], [ 21.089524954929221, 49.36940245121874 ], [ 21.070479782787867, 49.369754439592548 ], [ 21.051434059536476, 49.370098895063727 ], [ 21.03583303487278, 49.361050088898118 ], [ 21.031907738013629, 49.358792097509664 ], [ 21.016455899540691, 49.349817905702295 ], [ 21.012390168051727, 49.347477354485171 ], [ 20.997094787060195, 49.338582214994091 ], [ 20.992881355535875, 49.336154795399878 ], [ 20.977749411544689, 49.327343028997177 ], [ 20.992155575306889, 49.318176788178455 ], [ 20.996410850107882, 49.315450082812774 ], [ 20.991941637299149, 49.312873979573759 ], [ 20.972916070329617, 49.313183797350973 ], [ 20.958086313360134, 49.304534041574961 ], [ 20.953429592290369, 49.301846477674772 ], [ 20.934407542161466, 49.302142128433701 ], [ 20.915385056172632, 49.302431592759092 ], [ 20.91086130215157, 49.305324845065009 ], [ 20.91143722898277, 49.316887234011332 ], [ 20.897256712544948, 49.326003481134954 ], [ 20.892936885971547, 49.328763712851334 ], [ 20.878667841972408, 49.337930327986228 ], [ 20.874428289811288, 49.340637301745424 ], [ 20.860069999827438, 49.349854811232369 ], [ 20.84514696938335, 49.341108594146014 ], [ 20.840593322480572, 49.338474631696918 ], [ 20.821555503630542, 49.33873893095825 ], [ 20.817142421978399, 49.341552388611973 ], [ 20.802943151102042, 49.350650141528163 ], [ 20.79860445395067, 49.353414167732801 ], [ 20.784321842145392, 49.362559515104586 ], [ 20.780059345225869, 49.365273023085159 ], [ 20.765691574715035, 49.37446718828955 ], [ 20.761507322542084, 49.377128948249329 ], [ 20.76207363256648, 49.388691957069945 ], [ 20.762643320826278, 49.400254891607176 ], [ 20.747880088939024, 49.409695806166994 ], [ 20.74408374629148, 49.412107998857955 ], [ 20.729223568241814, 49.421605205770916 ], [ 20.710152364878056, 49.421846319132484 ], [ 20.691080870041983, 49.42208354969663 ], [ 20.675862615023064, 49.413117135392554 ], [ 20.671612746654976, 49.410651528173929 ], [ 20.656640812363435, 49.401822692337127 ], [ 20.652153697637758, 49.399217473513964 ], [ 20.647845644366761, 49.401948404398091 ], [ 20.633477425156766, 49.411107995694415 ], [ 20.629253864111433, 49.413783413222482 ], [ 20.614792194804352, 49.422997756860269 ], [ 20.599884754514616, 49.414193590684363 ], [ 20.599670665575324, 49.4026251051123 ], [ 20.599453731028831, 49.3910566374228 ], [ 20.594585446229978, 49.388225128745134 ], [ 20.580251351473773, 49.37974927483662 ], [ 20.575153087606889, 49.376781763962967 ], [ 20.556097886950351, 49.376996833731383 ], [ 20.551122936290444, 49.380143841900107 ], [ 20.537406331294136, 49.388870816747676 ], [ 20.532513680126254, 49.391963506754749 ], [ 20.518705836773471, 49.400744379288234 ], [ 20.513899671434, 49.403780183118954 ], [ 20.49999639753344, 49.412617609009843 ], [ 20.48092683480272, 49.412823967657758 ], [ 20.461857077999419, 49.413028334927439 ], [ 20.442787131618719, 49.413230796204466 ], [ 20.428683548585212, 49.40486473058909 ], [ 20.423379664798315, 49.401766655381863 ], [ 20.409500693905265, 49.393528893254604 ], [ 20.403981318814388, 49.390302513409083 ], [ 20.384919861346315, 49.390499751421892 ], [ 20.379533885375871, 49.393890393051045 ], [ 20.366181749161406, 49.402358314516569 ], [ 20.347115428404482, 49.402552252206434 ], [ 20.328048937427805, 49.402744607386964 ], [ 20.314433742033632, 49.394648937282682 ], [ 20.314279077752218, 49.38307943369869 ], [ 20.314121972888657, 49.371509935815446 ], [ 20.313962512913793, 49.35994044265427 ], [ 20.313800778979164, 49.348370953285688 ], [ 20.307434833431156, 49.344636599987645 ], [ 20.301270572862425, 49.348512712996339 ], [ 20.288695058089807, 49.356482814948954 ], [ 20.275788223418193, 49.348796813609383 ], [ 20.26934610467238, 49.345013975152568 ], [ 20.263102228748874, 49.348936153092581 ], [ 20.250596999648373, 49.356857076279326 ], [ 20.237764174029152, 49.349210289593437 ], [ 20.231256724984764, 49.34538524468455 ], [ 20.212211794314104, 49.345568575316243 ], [ 20.193166704618751, 49.345750352346947 ], [ 20.180572798984567, 49.338237366034264 ], [ 20.173844171585717, 49.334275358474024 ], [ 20.161420536072352, 49.326860152025809 ], [ 20.173489752276648, 49.319366947322614 ], [ 20.18029839770719, 49.315097583555385 ], [ 20.173290234764149, 49.310968929088929 ], [ 20.154258313954145, 49.311147629697899 ], [ 20.142140369769475, 49.303909726884648 ], [ 20.134958559249164, 49.299673470396165 ], [ 20.122998107182436, 49.292526036665251 ], [ 20.122866790737543, 49.280955977832349 ], [ 20.122733596063966, 49.269385914857345 ], [ 20.115142433253602, 49.264902624418582 ], [ 20.103600173568324, 49.257998903036608 ], [ 20.103467591742053, 49.246428778795341 ], [ 20.103333242282851, 49.234858649003364 ], [ 20.103197159566022, 49.223288513327212 ], [ 20.095097425394147, 49.218497737569955 ], [ 20.084075417007927, 49.211898121630668 ], [ 20.083940175474446, 49.200327921772562 ], [ 20.083803282299783, 49.188757714937005 ], [ 20.07534315760233, 49.1837475708721 ], [ 20.05635965195636, 49.183918334457843 ], [ 20.048110819565856, 49.189087175147485 ], [ 20.037619411157511, 49.195726963515654 ], [ 20.029475622472297, 49.200826264532196 ], [ 20.018870285582938, 49.207534689736889 ], [ 20.010835052001926, 49.21256235039246 ], [ 20.000112266914304, 49.219341492374973 ], [ 19.992189077243079, 49.224295430896802 ], [ 19.981345346768176, 49.231147346404036 ], [ 19.962343252409152, 49.231308459832078 ], [ 19.943341011283302, 49.231467545121696 ], [ 19.924338624445411, 49.231624550111718 ], [ 19.905336093000287, 49.231779420998322 ], [ 19.894205643527389, 49.225095539866999 ], [ 19.894114300176515, 49.213524899808625 ], [ 19.885917102982873, 49.208648475290502 ], [ 19.87501895261606, 49.202099781042584 ], [ 19.866719746400683, 49.19715899079182 ], [ 19.847730175377453, 49.197307387635675 ], [ 19.828740465033977, 49.197453439890751 ], [ 19.82063760001499, 49.202498985703961 ], [ 19.809940706641189, 49.209236884947686 ], [ 19.798995711600057, 49.202650731305738 ], [ 19.790760632198442, 49.197738275487744 ], [ 19.782683977014436, 49.202762423106691 ], [ 19.771951683922047, 49.209516508102823 ], [ 19.764000748980198, 49.214458835220796 ], [ 19.764295019180498, 49.226028178448132 ], [ 19.764591325566467, 49.237597484799331 ], [ 19.772462472314619, 49.242292273119993 ], [ 19.783884028106392, 49.249039431150742 ], [ 19.784189216437621, 49.260608589545441 ], [ 19.791837643705346, 49.265166011788217 ], [ 19.803501082917787, 49.272047108027422 ], [ 19.81104220541307, 49.276537232149195 ], [ 19.822825404478479, 49.283482303200792 ], [ 19.81127530527009, 49.290747134103796 ], [ 19.804131698602294, 49.295185082756987 ], [ 19.804450361809749, 49.306754011629089 ], [ 19.804771316843802, 49.318322901106477 ], [ 19.805094607748941, 49.329891750868946 ], [ 19.805420281018716, 49.341460560578724 ], [ 19.805748385735807, 49.353029329879377 ], [ 19.806078973715326, 49.364598058394876 ], [ 19.806412099651055, 49.376166745728433 ], [ 19.793747491955898, 49.384116079753603 ], [ 19.787696112342683, 49.387866766553785 ], [ 19.788029761317325, 49.39943544986685 ], [ 19.788366128189384, 49.411004091135759 ], [ 19.775236182179622, 49.419236720286634 ], [ 19.761825292173981, 49.411182006071108 ], [ 19.755981479847836, 49.40770776911296 ], [ 19.742715418747526, 49.399735420013187 ], [ 19.736735822656026, 49.396177792905782 ], [ 19.72361085202941, 49.388285634576924 ], [ 19.71749920157594, 49.384646716384495 ], [ 19.711494627267307, 49.3883608339804 ], [ 19.698602123257501, 49.396431389424635 ], [ 19.692754828175701, 49.400045559708595 ], [ 19.679696015157795, 49.408214235532625 ], [ 19.660624331518147, 49.408333276092918 ], [ 19.641552525594964, 49.408449156044597 ], [ 19.635889719378671, 49.411943161933102 ], [ 19.636190443236284, 49.423512359159062 ], [ 19.641792466370831, 49.426852406135566 ], [ 19.655563035669431, 49.434974990871297 ], [ 19.64200893504761, 49.44343917512866 ], [ 19.636800476927089, 49.44665063565985 ], [ 19.623071280099474, 49.455217684265378 ], [ 19.603981130199319, 49.455326214994656 ], [ 19.584890865998766, 49.455431359261432 ], [ 19.579871414369016, 49.45852084850906 ], [ 19.580169237677335, 49.470090095340318 ], [ 19.566069311645577, 49.47886990600994 ], [ 19.56137978995551, 49.48175352508715 ], [ 19.561679077922602, 49.493322760608663 ], [ 19.561981708293054, 49.504891956265951 ], [ 19.547360162736148, 49.513986170679296 ], [ 19.543181802946471, 49.516552388086339 ], [ 19.543486471239689, 49.528121570869104 ], [ 19.543794797486203, 49.539690712794403 ], [ 19.544106896387749, 49.551259813299502 ], [ 19.52875067608786, 49.560798707657227 ], [ 19.525296247288555, 49.562917268486572 ], [ 19.52561129786784, 49.574486353906131 ], [ 19.509862437869451, 49.584260152612401 ], [ 19.490721553435041, 49.584344788095976 ], [ 19.487654492243738, 49.586222989432997 ], [ 19.471693281937622, 49.596115168448897 ], [ 19.468823508776481, 49.597871249216389 ], [ 19.469136513467145, 49.6094404115413 ], [ 19.452764180827621, 49.619578297823487 ], [ 19.436205705695212, 49.609569183893015 ], [ 19.436303577685763, 49.597998393153908 ], [ 19.433401906571, 49.596265118812923 ], [ 19.414256094205776, 49.596334390778843 ], [ 19.398116021237048, 49.586565596196429 ], [ 19.398213471352129, 49.57499480196077 ], [ 19.394921486332265, 49.573025423973789 ], [ 19.375784671434758, 49.573087606026483 ], [ 19.360045835390785, 49.563549355138434 ], [ 19.360143297408076, 49.551978554842336 ], [ 19.360236933017024, 49.540407743169972 ], [ 19.356392704072121, 49.538103987604508 ], [ 19.337269446869247, 49.538159429904596 ], [ 19.318146127668246, 49.538211080986422 ], [ 19.299022750637445, 49.538258951305799 ], [ 19.279899319951184, 49.538303055222862 ], [ 19.264751205183362, 49.529095077302642 ], [ 19.260713737407421, 49.526668777328879 ], [ 19.24574897036689, 49.51756644854872 ], [ 19.241537269029727, 49.515033550125906 ], [ 19.226751978103248, 49.506034670723487 ], [ 19.226859056771573, 49.494463869999819 ], [ 19.226962799038557, 49.482893052466707 ], [ 19.222264231520136, 49.480063889849824 ], [ 19.207972399694558, 49.471358117869336 ], [ 19.222186061291147, 49.462784026189901 ], [ 19.227160685868743, 49.459751366198915 ], [ 19.22215872859632, 49.456738083145005 ], [ 19.203066932594034, 49.456769570616245 ], [ 19.189089677834978, 49.448249191364596 ], [ 19.189188871330657, 49.436678326549178 ], [ 19.189285189365012, 49.425107443086738 ], [ 19.189378717671527, 49.413536540843459 ], [ 19.18380079254673, 49.410169664494553 ], [ 19.164727024458365, 49.410195203222514 ], [ 19.145653228609479, 49.410217108982636 ], [ 19.126579408970041, 49.410235408577833 ], [ 19.107505569472337, 49.410250130575882 ], [ 19.101921845784425, 49.413646698874111 ], [ 19.088452652287231, 49.421914027015958 ], [ 19.074970825714978, 49.413667313009327 ], [ 19.069357846420324, 49.41026896340427 ], [ 19.050283970510336, 49.410273138006843 ], [ 19.036961911578739, 49.402114946144309 ], [ 19.031202706731118, 49.398623703632623 ], [ 19.012133337705126, 49.398621309907789 ], [ 18.99306397121439, 49.398615524240334 ], [ 18.973994610860451, 49.398606380538062 ], [ 18.968205093683398, 49.402116482395236 ], [ 18.968327070638537, 49.413687278594402 ], [ 18.973984829400575, 49.417121707022901 ], [ 18.987543049860353, 49.425261684502928 ], [ 18.987675663479209, 49.436832414649018 ], [ 18.987811261335956, 49.448403121682986 ], [ 18.973963796724068, 49.456869831214483 ], [ 18.968843974691922, 49.459970237138798 ], [ 18.96898092770223, 49.471540920298345 ], [ 18.969121175773068, 49.483111580902978 ], [ 18.969264827831434, 49.494682218971043 ], [ 18.969411996818089, 49.506252834521085 ], [ 18.954818225964821, 49.515165341264975 ], [ 18.950432324593489, 49.517816813504808 ], [ 18.935688309066254, 49.52681536419832 ], [ 18.916569162531164, 49.52679405130705 ], [ 18.901896560728584, 49.517785840449733 ], [ 18.897474434727442, 49.515101935626667 ], [ 18.878359882765292, 49.515074637865041 ], [ 18.873910984019677, 49.517758727158068 ], [ 18.859211865255642, 49.526711785421682 ], [ 18.854907075152077, 49.529306992331861 ], [ 18.855037004297213, 49.540877667652417 ], [ 18.855171032504622, 49.552448324691454 ], [ 18.839978503657655, 49.561694901351942 ], [ 18.836161136976969, 49.563993440298965 ], [ 18.836299169326857, 49.575564080024023 ], [ 18.836441739825741, 49.587134702735845 ], [ 18.836588996827949, 49.598705308627331 ], [ 18.836741092140496, 49.610275897894873 ], [ 18.820631761827389, 49.62007229031083 ], [ 18.817727780708537, 49.621817875771875 ], [ 18.817885527896813, 49.633388454109429 ], [ 18.818048604138912, 49.644959017350047 ], [ 18.818217172322473, 49.656529565726721 ], [ 18.818391397333418, 49.668100099473847 ], [ 18.801238246481578, 49.678523621489262 ], [ 18.799379575178882, 49.679638962618618 ], [ 18.782007474168278, 49.690190347107134 ], [ 18.762824482188229, 49.69014604661357 ], [ 18.745584667302435, 49.679533278406694 ], [ 18.743703093684228, 49.678390398220685 ], [ 18.741809550332626, 49.679524923568124 ], [ 18.724458633209313, 49.690049727408429 ], [ 18.722785940061311, 49.691051176024004 ], [ 18.72295650495747, 49.702621787747944 ], [ 18.705134026814001, 49.713427044677928 ], [ 18.685941997935416, 49.713372934507085 ], [ 18.666750022790016, 49.713316366361489 ], [ 18.647558103788548, 49.713257360240561 ], [ 18.646342366322315, 49.713983389520891 ], [ 18.64650893409679, 49.725554069443291 ], [ 18.628187219394952, 49.736642207217365 ], [ 18.627479235650373, 49.737064589118113 ], [ 18.62765502137125, 49.748635283495574 ], [ 18.627837690472102, 49.760205976505567 ], [ 18.627952850002597, 49.767290418285484 ], [ 18.647166289417999, 49.767320039954811 ], [ 18.666380140773743, 49.767292100391387 ], [ 18.685594332034341, 49.76720723863501 ], [ 18.70480879137266, 49.767066225416713 ], [ 18.724023447372709, 49.766869973487324 ], [ 18.743238229260669, 49.766619547228927 ], [ 18.762453067162692, 49.766316171439065 ], [ 18.781667892387741, 49.765961239169641 ], [ 18.800882637733277, 49.765556318497836 ], [ 18.82009723781136, 49.76510315810183 ], [ 18.839311629392181, 49.764603691511567 ], [ 18.8585257517618, 49.764060039905196 ], [ 18.8777395470903, 49.763474513322819 ], [ 18.896952960806274, 49.762849610174207 ], [ 18.916165941973127, 49.762188014923019 ], [ 18.93537844366217, 49.761492593840799 ], [ 18.953850187998007, 49.760794482499378 ], [ 18.954590423256384, 49.760766454090323 ], [ 18.973801842130818, 49.760014419233528 ], [ 18.993012669732792, 49.759238226395965 ], [ 19.012222878706996, 49.758441392406652 ], [ 19.031432447342826, 49.757627562544123 ], [ 19.050641359808804, 49.756800493096989 ], [ 19.069849606342352, 49.755964031763646 ], [ 19.089057183389237, 49.755122095965561 ], [ 19.108264093687122, 49.754278649181181 ], [ 19.127470346288209, 49.753437675440281 ], [ 19.146675956516397, 49.752603152152346 ], [ 19.165880945855143, 49.751779021475521 ], [ 19.185085341762949, 49.750969160464408 ], [ 19.20428917741425, 49.750177350264849 ], [ 19.22349249136445, 49.74940724465057 ], [ 19.234077739458858, 49.74899714498946 ], [ 19.242695331266091, 49.748663165413376 ], [ 19.261897747090874, 49.747948598767692 ], [ 19.281099786207378, 49.747265628964541 ], [ 19.300301503784276, 49.746617071661909 ], [ 19.319502957563039, 49.746005458311366 ], [ 19.338704207102563, 49.745433008190197 ], [ 19.357905312971109, 49.744901602250323 ], [ 19.377106335893203, 49.744412759110311 ], [ 19.396307335859657, 49.743967613492877 ], [ 19.415508371209938, 49.743566897380362 ], [ 19.43470949769636, 49.743210924125492 ], [ 19.453910767540101, 49.742899575715867 ], [ 19.473112228489192, 49.742632293347981 ], [ 19.492313922888759, 49.742408071421821 ], [ 19.511515886773534, 49.742225455021178 ], [ 19.530718148992488, 49.742082540899339 ], [ 19.549920730374946, 49.74197698194471 ], [ 19.569123642946963, 49.74190599505944 ], [ 19.58832688920614, 49.74186637234461 ], [ 19.607530461462236, 49.741854495450887 ], [ 19.626734341250135, 49.741866352924141 ], [ 19.645938498820886, 49.741897560349862 ], [ 19.6651428927157, 49.741943383082294 ], [ 19.684347469426783, 49.741998761329882 ], [ 19.703552163148323, 49.742058337361222 ], [ 19.722756895619906, 49.742116484592437 ], [ 19.741961576064096, 49.742167338319064 ], [ 19.761166101219157, 49.742204827861364 ], [ 19.780370355467376, 49.742222709900595 ], [ 19.799574211058928, 49.742214602795841 ], [ 19.818777528430694, 49.742174021684086 ], [ 19.837980156619199, 49.742094414180116 ], [ 19.857181933766377, 49.74196919650695 ], [ 19.876382687716575, 49.741791789901939 ], [ 19.895582236703074, 49.741555657154905 ], [ 19.914780390121898, 49.741254339147346 ], [ 19.933976949390686, 49.740881491269811 ], [ 19.953171708889958, 49.740430919603014 ], [ 19.972364456983872, 49.739896616753711 ], [ 19.991554977117374, 49.739272797240069 ], [ 20.01074304898621, 49.738553932325317 ], [ 20.029928449776087, 49.737734784199162 ], [ 20.049110955466823, 49.736810439409197 ], [ 20.068290342197205, 49.735776341445934 ], [ 20.087466387685883, 49.734628322387891 ], [ 20.106638872703392, 49.733362633517174 ], [ 20.122346651799106, 49.732226498644266 ], [ 20.125807606391572, 49.731977003688279 ], [ 20.144972479169809, 49.730472764341478 ], [ 20.164133183282949, 49.728842870074104 ], [ 20.183289527167503, 49.727085505448478 ], [ 20.202441330073114, 49.725199403330613 ], [ 20.221588423722579, 49.723183867862666 ], [ 20.240730653989434, 49.721038796081835 ], [ 20.255454908743769, 49.719289667012667 ], [ 20.259867935038894, 49.718766725085949 ], [ 20.279000281425134, 49.716373857329245 ], [ 20.298127415091447, 49.713855050072361 ], [ 20.317249253781721, 49.711212691176399 ], [ 20.336365737663026, 49.708449844461875 ], [ 20.348140402284699, 49.70667720318027 ], [ 20.355476935890579, 49.705574031837486 ], [ 20.374582907194917, 49.702591985237262 ], [ 20.393683496328713, 49.699502585432676 ], [ 20.412778747163049, 49.696311635834711 ], [ 20.425150435460115, 49.694184340661842 ], [ 20.431868832182865, 49.693029005190255 ], [ 20.45095393644036, 49.689664465186532 ], [ 20.470034012470968, 49.686219571522095 ], [ 20.489109233067047, 49.682703007737651 ], [ 20.494241474522717, 49.681742552831828 ], [ 20.508179988014241, 49.679130033426262 ], [ 20.527246391567726, 49.675506354337365 ], [ 20.546308659024533, 49.671840582052894 ], [ 20.559359778942213, 49.66931294760581 ], [ 20.565367177266403, 49.668146257110394 ], [ 20.58442236188279, 49.664437157775652 ], [ 20.603474480278123, 49.660721905242653 ], [ 20.622523988493398, 49.657014391966968 ], [ 20.623310647835005, 49.65686292950609 ], [ 20.641571473402688, 49.653331761329532 ], [ 20.66061735461162, 49.649685463357905 ], [ 20.679662223535228, 49.646091427251328 ], [ 20.689092740975788, 49.644350710109862 ], [ 20.698706719202516, 49.642566244379914 ], [ 20.717751491538635, 49.63912608855523 ], [ 20.736797274169067, 49.635788785228762 ], [ 20.755844857613326, 49.632572977052185 ], [ 20.761249402602193, 49.631704102768431 ], [ 20.774894978318411, 49.629495026813011 ], [ 20.793948532691452, 49.626574963422833 ], [ 20.813006479078286, 49.623833649203313 ], [ 20.832069784740302, 49.621291321705286 ], [ 20.85113945196494, 49.618968312838668 ], [ 20.853710181293053, 49.618688864896647 ], [ 20.87021632072026, 49.616879886874798 ], [ 20.889301590961683, 49.615049999123386 ], [ 20.908396369493911, 49.613499259703318 ], [ 20.927501744649195, 49.612246988041512 ], [ 20.946618802137021, 49.611311670277807 ], [ 20.965748613775197, 49.610710715829448 ], [ 20.984892225265789, 49.610460204364799 ], [ 21.004050643183909, 49.610574628064739 ], [ 21.02322482139979, 49.611066634962619 ], [ 21.042415647205036, 49.611946779950514 ], [ 21.061623927460243, 49.61322329065537 ], [ 21.080144420971383, 49.614840179790001 ], [ 21.080850350489523, 49.614901277509986 ], [ 21.100094712558406, 49.61696488219502 ], [ 21.11935807730967, 49.619428006232582 ], [ 21.138640777852444, 49.622287330511554 ], [ 21.154999244685641, 49.625041974089811 ], [ 21.157942790677424, 49.625531552882435 ], [ 21.177262907245929, 49.629123169810278 ], [ 21.196602198993702, 49.63307666000874 ], [ 21.208004156959035, 49.635614418967286 ], [ 21.215959561945247, 49.637358040661738 ], [ 21.235333951667318, 49.641935799561303 ], [ 21.252755745570656, 49.64632362514687 ], [ 21.254725793376824, 49.646811309129227 ], [ 21.274132229362163, 49.651915445307615 ], [ 21.292947901490571, 49.657106024427868 ], [ 21.293554577236119, 49.657270249949072 ], [ 21.312989168533104, 49.66279186794921 ], [ 21.33043940600864, 49.667928945216396 ], [ 21.33243740650423, 49.668505307360206 ], [ 21.351895721203583, 49.674331644832513 ], [ 21.366338924027527, 49.678772345821805 ], [ 21.371364937786122, 49.680284928990964 ], [ 21.390842303714891, 49.6863058228952 ], [ 21.401361258911813, 49.68962287776376 ], [ 21.410327605128074, 49.692388260341872 ], [ 21.42981937762719, 49.69850130774168 ], [ 21.436004446410177, 49.700470856738292 ], [ 21.449316135871058, 49.704614625426636 ], [ 21.468817909469546, 49.710728729324373 ], [ 21.470645590822091, 49.711308576013728 ], [ 21.488321931691541, 49.71678942676489 ], [ 21.505552350773605, 49.722130246501202 ], [ 21.507829351335907, 49.722820228308535 ], [ 21.527337306131635, 49.728766694501729 ], [ 21.541051762021311, 49.732928452895912 ], [ 21.546846693988012, 49.734647907696591 ], [ 21.566355591620905, 49.740428901891427 ], [ 21.57746049187708, 49.743695604274855 ], [ 21.585864094159021, 49.746113743478539 ], [ 21.605371141822285, 49.751684829705702 ], [ 21.615064668614597, 49.754424385163354 ], [ 21.624876397523902, 49.757138475895047 ], [ 21.6443792596462, 49.762466249928309 ], [ 21.65418355378376, 49.765106318243205 ], [ 21.663879329994526, 49.767663683497048 ], [ 21.683376079668385, 49.772724076696854 ], [ 21.695189309095312, 49.775731212791761 ], [ 21.702869367951401, 49.777647902177065 ], [ 21.722358428551736, 49.782424463099112 ], [ 21.738530753962507, 49.786286458178147 ], [ 21.74184359577605, 49.787062858672854 ], [ 21.761323680598508, 49.791545151849149 ], [ 21.780799373992739, 49.795886724838532 ], [ 21.784785116027599, 49.796755560597568 ], [ 21.800269619219893, 49.800072241913888 ], [ 21.819734673747107, 49.804109408374963 ], [ 21.834727221093011, 49.807116075500737 ], [ 21.839194309685787, 49.807997421688533 ], [ 21.858647932679986, 49.811729284140881 ], [ 21.878095786232535, 49.815312305522646 ], [ 21.889487302813901, 49.817335048637098 ], [ 21.897537502884028, 49.818743371868358 ], [ 21.916972812847, 49.822021075789031 ], [ 21.936401711427667, 49.825148422155245 ], [ 21.950793722177487, 49.827361633721665 ], [ 21.955823986724404, 49.828124936613577 ], [ 21.97523942233941, 49.830950082649025 ], [ 21.99464789525846, 49.833624847140577 ], [ 22.014049236323302, 49.836149447657156 ], [ 22.021782954955537, 49.837103654279908 ], [ 22.033443383302235, 49.838525801828133 ], [ 22.052830147991493, 49.840753777153665 ], [ 22.072209315334614, 49.842832819188402 ], [ 22.091580740346995, 49.844763483149627 ], [ 22.10898640959153, 49.846368167062671 ], [ 22.11094431876252, 49.846546941882863 ], [ 22.130300193986187, 49.848188167862745 ], [ 22.149647925028454, 49.849683023747808 ], [ 22.168987387312246, 49.851032306220802 ], [ 22.188318460741584, 49.852236858004332 ], [ 22.207641029765483, 49.853297567375989 ], [ 22.226954983471149, 49.85421536814686 ], [ 22.234237432985463, 49.854510861116516 ], [ 22.246260472399239, 49.854995067854993 ], [ 22.26555728043461, 49.855635921986774 ], [ 22.284845159938865, 49.856136736495358 ], [ 22.304124017919399, 49.856498608087428 ], [ 22.323393765853211, 49.856722670206352 ], [ 22.342654319657161, 49.856810091527315 ], [ 22.361905599616012, 49.856762073902495 ], [ 22.381147530260215, 49.856579849663831 ], [ 22.400380040186185, 49.856264678204262 ], [ 22.41960306181231, 49.855817841770566 ], [ 22.438816531064781, 49.855240640415062 ], [ 22.458020386988078, 49.854534386064735 ], [ 22.477214571275656, 49.853700395680065 ], [ 22.496399027717185, 49.852739983486842 ], [ 22.515573701559557, 49.851654452275952 ], [ 22.534738538779518, 49.850445083776897 ], [ 22.553893485266681, 49.849113128120358 ], [ 22.573038485916253, 49.847659792414206 ], [ 22.592173483631658, 49.846086228465211 ], [ 22.611298418237656, 49.844393519685369 ], [ 22.627502000051024, 49.842858219304674 ], [ 22.63041339414605, 49.842584918931223 ], [ 22.649519299839664, 49.840674011111062 ], [ 22.668615195686051, 49.83864996955721 ], [ 22.687701026478138, 49.836513800505969 ], [ 22.706776729318641, 49.834266386493155 ], [ 22.72584223209665, 49.831908469694021 ], [ 22.744897451891227, 49.829440634809636 ], [ 22.763311070254787, 49.826948715783949 ], [ 22.763942369976547, 49.826864278238034 ], [ 22.782979312626903, 49.824210794359963 ], [ 22.802006082593987, 49.821453316849997 ], [ 22.821022579069162, 49.818592086216718 ], [ 22.840028683891312, 49.81562711671868 ], [ 22.859024259642954, 49.812558177894203 ], [ 22.861536120040586, 49.812138877445015 ], [ 22.878012380506348, 49.809425176830352 ], [ 22.89699068521405, 49.80619965300459 ], [ 22.915958553536896, 49.802875236047157 ], [ 22.934915805379802, 49.799451095938032 ], [ 22.934873552341688, 49.798093906926809 ], [ 22.93480252943441, 49.798055458807312 ], [ 22.915459283785172, 49.787177991730474 ], [ 22.914655878559088, 49.786742728259902 ], [ 22.896008666437904, 49.776260109050185 ], [ 22.895588034798337, 49.764699802819798 ], [ 22.895144767273479, 49.753140246639738 ], [ 22.892621213674285, 49.751771214014539 ], [ 22.875609360779521, 49.742221921638887 ], [ 22.872510926578041, 49.740539696483282 ], [ 22.8560425560031, 49.731301408993893 ], [ 22.855531675279028, 49.719744010841112 ], [ 22.851477770590247, 49.717540692938599 ], [ 22.835915018547325, 49.708821852119797 ], [ 22.831396122241411, 49.706363883775268 ], [ 22.816272911811179, 49.697897269578341 ], [ 22.811325269342301, 49.695203984194826 ], [ 22.79660767381171, 49.686970173456018 ], [ 22.791265071835145, 49.684059611074417 ], [ 22.776921583141803, 49.676040476849906 ], [ 22.776322367744445, 49.664485731628929 ], [ 22.775708779730376, 49.652931442075563 ], [ 22.7694016874729, 49.649490834687668 ], [ 22.755978020064155, 49.641999762885732 ], [ 22.749374398385182, 49.638394576836262 ], [ 22.736233417829332, 49.631065224902365 ], [ 22.735584354589463, 49.619511920009295 ], [ 22.72846402428106, 49.615620520603407 ], [ 22.715818635815321, 49.608574668546233 ], [ 22.715150171626956, 49.597021892101814 ], [ 22.707576281508999, 49.592878228855305 ], [ 22.695367995591152, 49.586081762232816 ], [ 22.694683291279663, 49.574529405639645 ], [ 22.686710730238282, 49.570163013982352 ], [ 22.674888736973166, 49.563586254623146 ], [ 22.674190568995208, 49.552034223160319 ], [ 22.665866983182866, 49.547470763047009 ], [ 22.654387168512965, 49.541087928830194 ], [ 22.645911456299579, 49.536437443146482 ], [ 22.634580947492854, 49.530138386777764 ], [ 22.644935982507839, 49.52333739356876 ], [ 22.652962312896726, 49.517984540272046 ], [ 22.652240628421126, 49.506433115639318 ], [ 22.662300967612094, 49.499815237319481 ], [ 22.681370924695695, 49.499218343896892 ], [ 22.689679607305312, 49.493669225536543 ], [ 22.699574566893936, 49.487149703897266 ], [ 22.708016196515921, 49.481507749941706 ], [ 22.707267666394749, 49.469957380918636 ], [ 22.706514220472744, 49.458407154314301 ], [ 22.705756158879748, 49.446857060419276 ], [ 22.704993763849437, 49.435307090103024 ], [ 22.714293352385827, 49.429162025125187 ], [ 22.72328352199856, 49.423144394607768 ], [ 22.722509441017184, 49.4115948569357 ], [ 22.731590300712845, 49.40558573876099 ], [ 22.740778557674457, 49.399429907346033 ], [ 22.739993577455248, 49.387880780552067 ], [ 22.739205352684337, 49.37633174331409 ], [ 22.738414085335709, 49.36478278903045 ], [ 22.737619965236444, 49.353233911496261 ], [ 22.736823170826909, 49.341685104878749 ], [ 22.745371577244349, 49.336011245824153 ], [ 22.755045448603894, 49.329519070769372 ], [ 22.754239751143611, 49.317970615357929 ], [ 22.753431824685418, 49.30642221674114 ], [ 22.752621811364428, 49.294873870248793 ], [ 22.751809844936577, 49.283325571485712 ], [ 22.750996051318165, 49.271777316314136 ], [ 22.750180549090967, 49.26022910083713 ], [ 22.749363449974599, 49.248680921383013 ], [ 22.738290617502869, 49.24258161561017 ], [ 22.71932256650226, 49.243207870784317 ], [ 22.710566488393038, 49.238360592562728 ], [ 22.709754958258468, 49.226812007704751 ], [ 22.717692967081643, 49.221527226655375 ], [ 22.73665476527778, 49.220928060782569 ], [ 22.746903594618516, 49.21403656552306 ], [ 22.735667113258295, 49.207841996106218 ], [ 22.727105275817689, 49.203103249296802 ], [ 22.726285911709496, 49.191554965842961 ], [ 22.734048774853338, 49.18637892047613 ], [ 22.75299678138683, 49.185777297141854 ], [ 22.763398885928506, 49.178775051097915 ], [ 22.75199031152998, 49.172483529501484 ], [ 22.743607177552271, 49.167844406467765 ], [ 22.742780634624911, 49.156296405689083 ], [ 22.750382037542657, 49.151220520686735 ], [ 22.769316273388409, 49.15061643665392 ], [ 22.77758147187809, 49.155161559972022 ], [ 22.789129670008677, 49.16152809483787 ], [ 22.79964966681883, 49.154436460910333 ], [ 22.798809494743846, 49.142889190047072 ], [ 22.80629906552895, 49.137878343696464 ], [ 22.816914016005388, 49.130716254112457 ], [ 22.824339397126472, 49.125744208276139 ], [ 22.83500816193267, 49.118540724970735 ], [ 22.84237084994659, 49.113606576067369 ], [ 22.853092012651565, 49.106362604557098 ], [ 22.860393432613275, 49.101465492905334 ], [ 22.879306225564783, 49.100842448147489 ], [ 22.89009396946653, 49.093544611359334 ], [ 22.889229130692271, 49.081998598020355 ], [ 22.877324871620754, 49.075441963146403 ], [ 22.869443900356146, 49.071089376622361 ], [ 22.86858227067502, 49.059543119268021 ], [ 22.86772019994298, 49.04799686091669 ], [ 22.87481608555764, 49.043228425268381 ], [ 22.885764819146296, 49.0358145548091 ], [ 22.884897736170203, 49.024268538530102 ], [ 22.884030336239832, 49.012722517146798 ], [ 22.87192578147981, 49.006044530486193 ], [ 22.853050628446262, 49.006689708079463 ], [ 22.842059718060579, 49.014129747459911 ], [ 22.835064413105872, 49.018897335471479 ] ] ], [ [ [ 16.651070019961882, 50.117805757319445 ], [ 16.631734832794461, 50.117375789752607 ], [ 16.629889918270955, 50.118410457060371 ], [ 16.629325842333792, 50.129970016093615 ], [ 16.611248469936395, 50.140071471227905 ], [ 16.591904814644916, 50.139636478422823 ], [ 16.589951510546797, 50.140730215818628 ], [ 16.589380858011939, 50.152289468590631 ], [ 16.571389637805378, 50.162330792385099 ], [ 16.569399618446557, 50.16344391324705 ], [ 16.568827434255578, 50.175003028496612 ], [ 16.568256862870999, 50.186562157476779 ], [ 16.567687948670372, 50.198121301141235 ], [ 16.567120734927403, 50.209680460421048 ], [ 16.566555263721149, 50.221239636222684 ], [ 16.548482986112155, 50.231313520725855 ], [ 16.546554625932437, 50.232389848128705 ], [ 16.528504507867353, 50.242446111517836 ], [ 16.526549315728509, 50.243536555965626 ], [ 16.508516594068535, 50.253578008407182 ], [ 16.506539564489348, 50.254679763160198 ], [ 16.505968542818152, 50.266238550079201 ], [ 16.487909725000016, 50.276288514550053 ], [ 16.485952404570973, 50.277378129702278 ], [ 16.467897701064555, 50.287421041869614 ], [ 16.46593243153962, 50.28851421880713 ], [ 16.465359301067028, 50.300072773769784 ], [ 16.447255796586489, 50.310137320233579 ], [ 16.445333869799551, 50.311205252700006 ], [ 16.4447610808893, 50.322763712843539 ], [ 16.426593442780341, 50.332858667178904 ], [ 16.407173743007455, 50.332405603123959 ], [ 16.387754465579942, 50.331950576555059 ], [ 16.385819034071158, 50.333023756965467 ], [ 16.38523918748799, 50.344581831856608 ], [ 16.367053445708187, 50.354675064428214 ], [ 16.365202290499504, 50.355700421351187 ], [ 16.366935443362241, 50.356807007874508 ], [ 16.38408656202321, 50.367698083027634 ], [ 16.365769232857929, 50.377863036886311 ], [ 16.364047021573736, 50.37881644936089 ], [ 16.345684144404625, 50.389002750613699 ], [ 16.326242352072899, 50.388544189484406 ], [ 16.306800981608635, 50.388083794100524 ], [ 16.28971690511554, 50.377107073669158 ], [ 16.288021985561475, 50.376023091910234 ], [ 16.286208046213243, 50.377025203060526 ], [ 16.267919512295414, 50.387157523201523 ], [ 16.266163714875059, 50.388126744312835 ], [ 16.265574550536922, 50.399684130982081 ], [ 16.247134795169796, 50.409896080012388 ], [ 16.245527949873114, 50.410782129675312 ], [ 16.227007648459075, 50.421035081090487 ], [ 16.225480176058383, 50.421876693602734 ], [ 16.206870794885848, 50.432175361935002 ], [ 16.205431378323528, 50.432967826640215 ], [ 16.204842360238938, 50.444524955269372 ], [ 16.206096094526803, 50.445327474288213 ], [ 16.207440726621993, 50.444587385107084 ], [ 16.226232724111988, 50.434291909537457 ], [ 16.243773074189932, 50.445454232621557 ], [ 16.224970625981978, 50.45586160736287 ], [ 16.223722928829503, 50.456548499547289 ], [ 16.224886819673895, 50.45729295140486 ], [ 16.24435592431735, 50.457755032185545 ], [ 16.262092328294493, 50.469029300335194 ], [ 16.26316149011156, 50.469712283765183 ], [ 16.282636447723664, 50.470165764132794 ], [ 16.300490078273352, 50.481497914663635 ], [ 16.301456857372685, 50.482114702756412 ], [ 16.31942037987416, 50.493506708989244 ], [ 16.318863608532872, 50.505064862300401 ], [ 16.31963573561567, 50.505556989008731 ], [ 16.320461533439204, 50.505101677331787 ], [ 16.339772913875162, 50.494500035564293 ], [ 16.359259542841787, 50.494936109154878 ], [ 16.37737177029928, 50.506398510892168 ], [ 16.378109654255947, 50.506868058590015 ], [ 16.396340452741569, 50.518395385389766 ], [ 16.396969375407505, 50.518795295174641 ], [ 16.415321858876702, 50.530389358199628 ], [ 16.395732417385773, 50.541255664609579 ], [ 16.395266371058163, 50.541512945337452 ], [ 16.395702947170641, 50.541790427561104 ], [ 16.414259509572076, 50.553507251410551 ], [ 16.413731807680019, 50.565066246739491 ], [ 16.413951692338991, 50.565205866780772 ], [ 16.433468735124766, 50.565627603697337 ], [ 16.452284616295731, 50.577487139457787 ], [ 16.451882426083255, 50.586497003148253 ], [ 16.471532653112213, 50.584602016868196 ], [ 16.491203148003059, 50.582294945745204 ], [ 16.510894363584953, 50.579557334465818 ], [ 16.51532116445193, 50.578849706860623 ], [ 16.530608983090683, 50.576327472771879 ], [ 16.550346229108442, 50.572608293704043 ], [ 16.569925533417898, 50.568431942166427 ], [ 16.570105868000478, 50.568392229643194 ], [ 16.589892601296778, 50.563574728054746 ], [ 16.609702739968036, 50.558213460266586 ], [ 16.611376345874334, 50.557719505795205 ], [ 16.629541774931557, 50.552185074414602 ], [ 16.64558273335113, 50.546846085867976 ], [ 16.649406760361281, 50.545531506678905 ], [ 16.669301863080324, 50.538151867285499 ], [ 16.675029089871455, 50.535867697846271 ], [ 16.689227436536775, 50.530019655320856 ], [ 16.701036701461639, 50.524814044056093 ], [ 16.709184007066149, 50.521103785379253 ], [ 16.724456685458303, 50.513704061710868 ], [ 16.729173517878291, 50.511342452429702 ], [ 16.74576833715011, 50.502548588146865 ], [ 16.749197974534091, 50.500670184219672 ], [ 16.765340363921716, 50.491355854437238 ], [ 16.769259406554113, 50.489018464565305 ], [ 16.783460348683583, 50.480132209947136 ], [ 16.789359822261279, 50.476316534434879 ], [ 16.800355416107251, 50.468882621192321 ], [ 16.809501156877474, 50.462492383004829 ], [ 16.816207010485904, 50.457611022628555 ], [ 16.829685214146096, 50.447473936681114 ], [ 16.831161644023556, 50.446320567944916 ], [ 16.845189959590204, 50.43501105511379 ], [ 16.849919038263213, 50.431070467424597 ], [ 16.858483775256399, 50.423686347268742 ], [ 16.850887128232824, 50.411975959614878 ], [ 16.870759978656572, 50.400809733784875 ], [ 16.870826398473952, 50.400772473639584 ], [ 16.890729650870185, 50.389577351417408 ], [ 16.890751051220072, 50.389565336792423 ], [ 16.905495810115521, 50.378261622700101 ], [ 16.910952040065098, 50.372375265291936 ], [ 16.911223292624761, 50.366794401996827 ], [ 16.911782700400078, 50.355234176824226 ], [ 16.93164380910731, 50.344031649057413 ], [ 16.931665650794752, 50.344019360730208 ], [ 16.932216020835948, 50.332458865992997 ], [ 16.932763849743722, 50.320898304815664 ], [ 16.952567248319006, 50.309709387376053 ], [ 16.952620336312314, 50.309679480100456 ], [ 16.969668829678991, 50.298408268200355 ], [ 16.97266940354066, 50.2939886083484 ], [ 16.977347706946485, 50.286971866511728 ], [ 16.984706083837832, 50.275529398703107 ], [ 16.991813666218114, 50.264082129116737 ], [ 16.993471393167081, 50.261303379142682 ], [ 16.993866916636268, 50.252547255140961 ], [ 16.994386928090201, 50.240985869094274 ], [ 17.011301075607808, 50.229706291870336 ], [ 16.994812370076779, 50.229366312031097 ], [ 16.99471530350187, 50.229421153650172 ], [ 16.994262696398003, 50.240983724202302 ], [ 16.974446848529144, 50.25212820352592 ], [ 16.955819022792596, 50.240313595861835 ], [ 16.956344057102104, 50.228752398651039 ], [ 16.956045058411391, 50.22856401169669 ], [ 16.936661906614518, 50.228161026615105 ], [ 16.917279097242581, 50.227756704485849 ], [ 16.897896635030641, 50.227350965406202 ], [ 16.879726817742387, 50.215808547010433 ], [ 16.88026294517471, 50.204247754436288 ], [ 16.879541364938813, 50.203791956452584 ], [ 16.860168940291544, 50.203384178078537 ], [ 16.859317826778319, 50.203863564975194 ], [ 16.840274323682383, 50.214549064536214 ], [ 16.822395130966093, 50.203177093929909 ], [ 16.822941398753709, 50.191616657173341 ], [ 16.821952012415089, 50.190990569729912 ], [ 16.802585353014283, 50.190577907682652 ], [ 16.784913941668549, 50.17932673201323 ], [ 16.785464409111096, 50.167766460550482 ], [ 16.786012796101375, 50.156206128642836 ], [ 16.78482514075494, 50.155453289973572 ], [ 16.767283616795723, 50.144276600382128 ], [ 16.766012424465892, 50.143470208684342 ], [ 16.746665531530226, 50.143053049565573 ], [ 16.729285456514159, 50.13196861741487 ], [ 16.729840683287975, 50.120408547452449 ], [ 16.728414849550433, 50.119502711226161 ], [ 16.711127296737647, 50.108470033874774 ], [ 16.709629983254203, 50.107518079238559 ], [ 16.690298212417449, 50.107095293233776 ], [ 16.670966847027383, 50.106670212845316 ], [ 16.669246156150916, 50.107636466694245 ], [ 16.651070019961882, 50.117805757319445 ] ] ] ] } }
]
}
