{
"type": "FeatureCollection",
"name": "martwe_drewno_cykl1_prog5_10_15_20",
"crs": { "type": "name", "properties": { "name": "urn:ogc:def:crs:OGC:1.3:CRS84" } },
"features": [
{ "type": "Feature", "properties": { "cykl": 1, "typ_martwego_drewna": "wszystkie", "prog_zasobnosci_m3ha": 5, "srednia_krajowa_m3ha": 2.6112319670759905, "max_zasobnosci_m3ha": 30.992271232819288, "n_traktow": 8780 }, "geometry": { "type": "MultiPolygon", "coordinates": [ [ [ [ 23.39722465323926, 52.547759585587805 ], [ 23.384175224028819, 52.559817841371455 ], [ 23.382059176758258, 52.561859017810356 ], [ 23.371551948116025, 52.57185877006463 ], [ 23.363431214127843, 52.579948415374865 ], [ 23.359429119906782, 52.583879774478746 ], [ 23.347760506395414, 52.595882716159267 ], [ 23.344882616884455, 52.598988288879184 ], [ 23.33652744404943, 52.607868420663628 ], [ 23.326429540082643, 52.619152736116639 ], [ 23.325810174018052, 52.619834082939647 ], [ 23.315488299910001, 52.631784243879181 ], [ 23.308106311614569, 52.640802810061444 ], [ 23.305682248628635, 52.643714628676129 ], [ 23.296306232481225, 52.655628488538376 ], [ 23.289937640672768, 52.664206298058154 ], [ 23.287429821582521, 52.667523410417722 ], [ 23.278991904313219, 52.679401723619534 ], [ 23.271976643565694, 52.689924772082946 ], [ 23.271068575465979, 52.691260781408602 ], [ 23.263570787580704, 52.703103902001722 ], [ 23.256596665024954, 52.714927643228187 ], [ 23.254331434612688, 52.719090749578534 ], [ 23.250082112875408, 52.726734405725921 ], [ 23.244061084929278, 52.738523054226121 ], [ 23.238560505370124, 52.750292706640423 ], [ 23.237180767442087, 52.753576048995541 ], [ 23.233535583590086, 52.76204504347686 ], [ 23.229024719334895, 52.773778760227636 ], [ 23.225046601002123, 52.785493255570699 ], [ 23.221604842598801, 52.797188461140991 ], [ 23.221092704096513, 52.799284052937807 ], [ 23.21868131607792, 52.808865075941952 ], [ 23.216312095915235, 52.820521861186315 ], [ 23.214512472286426, 52.832158313260322 ], [ 23.213294431028597, 52.84377403909626 ], [ 23.212672382418933, 52.85536855167242 ], [ 23.212663190738088, 52.866941268421733 ], [ 23.213286217236131, 52.878491508959691 ], [ 23.214563376830554, 52.890018492103692 ], [ 23.216519208965824, 52.901521332148349 ], [ 23.219180963154979, 52.912999034353327 ], [ 23.222578699802494, 52.924450489592019 ], [ 23.226745406973336, 52.935874468101488 ], [ 23.231717133823345, 52.947269612265828 ], [ 23.236411433966165, 52.956481350830657 ], [ 23.237533911824769, 52.958634400842421 ], [ 23.244245144529796, 52.969966952641556 ], [ 23.251897356231023, 52.98126545970122 ], [ 23.260542006249665, 52.992527903948783 ], [ 23.260577731546164, 52.992570449817229 ], [ 23.270262297986839, 53.003751087064884 ], [ 23.281103190521595, 53.014933136096509 ], [ 23.28366533679171, 53.017364517777736 ], [ 23.29316870134101, 53.026069995892712 ], [ 23.306260806645597, 53.036952654708479 ], [ 23.306518765817671, 53.037159133504751 ], [ 23.321294686518915, 53.04819498857502 ], [ 23.328541534643136, 53.053194296522825 ], [ 23.337578184915145, 53.059174060378894 ], [ 23.350614733268049, 53.067208578755036 ], [ 23.355501326534931, 53.070090902961539 ], [ 23.37252982390622, 53.07951935340369 ], [ 23.375215136130571, 53.080939229700427 ], [ 23.394320934229054, 53.090488677860129 ], [ 23.396889101311746, 53.091711895717324 ], [ 23.416012496163784, 53.100376055377126 ], [ 23.420712010967549, 53.102400824708958 ], [ 23.437622275488206, 53.109370701470645 ], [ 23.446892974250961, 53.112996920617988 ], [ 23.459163328709884, 53.117612354961132 ], [ 23.475662655026415, 53.123489961113911 ], [ 23.4806453025578, 53.12520508326547 ], [ 23.502075818169907, 53.132231443474012 ], [ 23.507315657586201, 53.133866918133144 ], [ 23.523461862623606, 53.138766268205998 ], [ 23.542156720321465, 53.144113868989656 ], [ 23.544807366284175, 53.144853975640345 ], [ 23.566118665990881, 53.150560721128151 ], [ 23.580571657740386, 53.154213170599441 ], [ 23.587397213306271, 53.155905619263116 ], [ 23.60864791389875, 53.160939577652591 ], [ 23.622953226950624, 53.164146113501303 ], [ 23.629871623747515, 53.165674968427659 ], [ 23.651072900366213, 53.170158074120209 ], [ 23.669781536775353, 53.173889626392089 ], [ 23.672250085304722, 53.17437720675472 ], [ 23.693410601349829, 53.178403903812892 ], [ 23.714549487579003, 53.182195688930392 ], [ 23.721643228121422, 53.183415186846943 ], [ 23.735673402148432, 53.185816098143519 ], [ 23.756781002365567, 53.189255366045792 ], [ 23.777870770205791, 53.192502328623334 ], [ 23.779145125611269, 53.192691845911199 ], [ 23.798951501681302, 53.195638163061787 ], [ 23.820016860274666, 53.198608000319815 ], [ 23.841067219747455, 53.201417363247231 ], [ 23.843093616212659, 53.201678601658955 ], [ 23.861751087114083, 53.200969888525393 ], [ 23.861839352169309, 53.200913429541679 ], [ 23.860869398912808, 53.189378053774654 ], [ 23.879815581831707, 53.177514184805922 ], [ 23.900448671159836, 53.176723840376781 ], [ 23.901359897054061, 53.176140022126503 ], [ 23.900374553004642, 53.164605408075495 ], [ 23.899384458552763, 53.153070985236006 ], [ 23.898389273263376, 53.14153676757212 ], [ 23.897388693444718, 53.130002767527387 ], [ 23.894985622957485, 53.128832609009137 ], [ 23.875670958125781, 53.119321007952401 ], [ 23.874662819102777, 53.107787234033204 ], [ 23.873648620809234, 53.096253703665724 ], [ 23.872628179516877, 53.084720424298133 ], [ 23.871601336916079, 53.073187402331456 ], [ 23.887524369570468, 53.063201765463425 ], [ 23.891258994483, 53.060803865627364 ], [ 23.890214771075073, 53.049271628874173 ], [ 23.905513049141547, 53.039668723206212 ], [ 23.909842706453972, 53.036885923671079 ], [ 23.908780576388562, 53.025354499738818 ], [ 23.923480928819977, 53.01611744044714 ], [ 23.928378089776775, 53.012966672237717 ], [ 23.927297727205293, 53.001436080669976 ], [ 23.926210400988616, 52.989905772923159 ], [ 23.925116104393062, 52.978375749159639 ], [ 23.938821046028714, 52.969749032088252 ], [ 23.944659903669859, 52.965986958878361 ], [ 23.943547256591476, 52.954457780750765 ], [ 23.936692263519362, 52.951109139549054 ], [ 23.921791456676676, 52.943787377899845 ], [ 23.920669377202945, 52.932258484769605 ], [ 23.919540406495713, 52.920729871727808 ], [ 23.918404573991861, 52.909201537427037 ], [ 23.917261910969835, 52.897673480442442 ], [ 23.916112449497817, 52.886145699315492 ], [ 23.914956221422329, 52.874618192595946 ], [ 23.913793257391188, 52.863090958882403 ], [ 23.912623585904701, 52.851563996861636 ], [ 23.924510902395891, 52.844047405376209 ], [ 23.932045720185531, 52.839181306793179 ], [ 23.930858827461922, 52.827655155330774 ], [ 23.929665375567286, 52.81612927030497 ], [ 23.928465381556073, 52.804603650871016 ], [ 23.939773285391489, 52.797435306915887 ], [ 23.947837325511831, 52.792219972381076 ], [ 23.946620671037994, 52.780695147759687 ], [ 23.945397590221472, 52.769170584771103 ], [ 23.944168075599027, 52.757646283588478 ], [ 23.942932109848648, 52.746122244795181 ], [ 23.941689664852625, 52.734598469423759 ], [ 23.940440700723432, 52.723074958996165 ], [ 23.939185164785222, 52.711551715566053 ], [ 23.929506175316888, 52.70679390990518 ], [ 23.917369918398233, 52.700885051332747 ], [ 23.907814220208465, 52.696183696701844 ], [ 23.895546919615597, 52.690214854616251 ], [ 23.886133879349948, 52.685579593382215 ], [ 23.873714921605984, 52.679541171184589 ], [ 23.864465210407491, 52.67498231395777 ], [ 23.851872545874137, 52.668864051302684 ], [ 23.842808277870624, 52.664392647541646 ], [ 23.830018270809674, 52.658183550079386 ], [ 23.82116315357851, 52.653811464913851 ], [ 23.808150419534666, 52.647499727829903 ], [ 23.799529917270281, 52.64323972549245 ], [ 23.786267147109058, 52.636812650450622 ], [ 23.784960492045762, 52.625290534560563 ], [ 23.776653721112158, 52.621180628401348 ], [ 23.763049651105941, 52.61460053556835 ], [ 23.75505167874546, 52.610639925585865 ], [ 23.734702464174998, 52.611592246610741 ], [ 23.714352660987227, 52.61254585834314 ], [ 23.694002285794078, 52.613500939031816 ], [ 23.673651355429868, 52.614457672106262 ], [ 23.653299886935869, 52.615416246144981 ], [ 23.637942671443522, 52.608001163208911 ], [ 23.631735859230087, 52.604916212308062 ], [ 23.611389119989507, 52.605883312010675 ], [ 23.595238175537386, 52.59809483842492 ], [ 23.589843086335176, 52.59540947266229 ], [ 23.569501225833914, 52.596386900307216 ], [ 23.55245365565267, 52.588176434210212 ], [ 23.547973510935545, 52.585943263572382 ], [ 23.530324623007225, 52.577452800108937 ], [ 23.526458934353503, 52.575524216413548 ], [ 23.508151630169511, 52.566726854432503 ], [ 23.504957675319705, 52.56513199634044 ], [ 23.48463197447661, 52.566142606023483 ], [ 23.465139044838359, 52.556786244545123 ], [ 23.463656938239478, 52.545268560982109 ], [ 23.461995873318127, 52.544437672100727 ], [ 23.441326274094905, 52.534536492326716 ], [ 23.440535731908604, 52.534140704140491 ], [ 23.419515911868732, 52.528118955959599 ], [ 23.410727971384901, 52.535682819739492 ], [ 23.400758301014164, 52.544627725396644 ], [ 23.39722465323926, 52.547759585587805 ] ] ], [ [ [ 22.815980200430378, 49.016880173185342 ], [ 22.800908755669166, 49.027069700012326 ], [ 22.797979255251963, 49.029058991034674 ], [ 22.782914404444412, 49.039236902021706 ], [ 22.779969532592155, 49.041235429453501 ], [ 22.764911653822519, 49.051401476065308 ], [ 22.761951026938785, 49.053409497412581 ], [ 22.75868807791111, 49.051604621816495 ], [ 22.742186651177658, 49.042477217505571 ], [ 22.723294257573414, 49.04309366991891 ], [ 22.704401233279473, 49.043707167730688 ], [ 22.701125766385566, 49.041892661727609 ], [ 22.684652952921784, 49.032765094446674 ], [ 22.66960481104628, 49.042900629942665 ], [ 22.666613306453655, 49.044925320997471 ], [ 22.647718410884458, 49.045529988090571 ], [ 22.632682362028604, 49.055645082688635 ], [ 22.633533801370913, 49.067192989392112 ], [ 22.630507654998731, 49.069238767880094 ], [ 22.615485850330273, 49.079335190678179 ], [ 22.612441639427853, 49.081392014391888 ], [ 22.597429631187268, 49.091474733947877 ], [ 22.594366823658422, 49.093542962151005 ], [ 22.57545202054478, 49.094136974722787 ], [ 22.572076271441798, 49.092263084785763 ], [ 22.555710342895246, 49.083173291353745 ], [ 22.540713256788326, 49.093230563931215 ], [ 22.537620605842903, 49.095316311494166 ], [ 22.534224580921837, 49.093429656613125 ], [ 22.517886472380521, 49.084346340911239 ], [ 22.498973646239932, 49.084928553154434 ], [ 22.480060231115335, 49.085507904209031 ], [ 22.46508766123009, 49.095528246968009 ], [ 22.461950645067407, 49.097640496625061 ], [ 22.44303169086345, 49.098214420245071 ], [ 22.424112158615479, 49.098785518917985 ], [ 22.405192052161063, 49.099353806007343 ], [ 22.390256394825283, 49.109327086790366 ], [ 22.391054554536886, 49.12087786523427 ], [ 22.387846760319537, 49.123033913425068 ], [ 22.372933052593797, 49.132983517340747 ], [ 22.373728420691677, 49.144534439557162 ], [ 22.370485437899408, 49.14671280456411 ], [ 22.351546107042953, 49.147273803249398 ], [ 22.347976340748179, 49.145284849367293 ], [ 22.331830392599521, 49.136273626850098 ], [ 22.31289433207278, 49.136828882308265 ], [ 22.293957720016628, 49.137381426303492 ], [ 22.275020560531566, 49.13793127860243 ], [ 22.260179907662941, 49.147799881552352 ], [ 22.256841134224974, 49.150037959085111 ], [ 22.237898504644075, 49.150582760963559 ], [ 22.223092865841352, 49.160416064187039 ], [ 22.223855327753771, 49.171968655047102 ], [ 22.224618591945386, 49.183521205042403 ], [ 22.221206795910572, 49.185806006215444 ], [ 22.217470478298868, 49.183720775505691 ], [ 22.201503336049154, 49.174785600951807 ], [ 22.18255032756753, 49.17532314686455 ], [ 22.167808675278803, 49.185095040930527 ], [ 22.164334583256672, 49.187419495196252 ], [ 22.145376135134303, 49.187952250171548 ], [ 22.130679795534938, 49.19768219783419 ], [ 22.12714664443736, 49.200044610031306 ], [ 22.108182770142516, 49.200572695288386 ], [ 22.089218389849844, 49.201098354082134 ], [ 22.074593997626177, 49.210763880161707 ], [ 22.070970248604137, 49.213184762722335 ], [ 22.052000464655769, 49.213705952185684 ], [ 22.037433883719601, 49.223321485723709 ], [ 22.038157679025051, 49.234875941557178 ], [ 22.038882382470597, 49.246430354488027 ], [ 22.039608019230304, 49.257984723851742 ], [ 22.035866615530654, 49.260482094328573 ], [ 22.021372886262313, 49.270036900457718 ], [ 22.022096210612712, 49.28159138093725 ], [ 22.018290415808195, 49.284130765180002 ], [ 22.003851163340503, 49.293640921538774 ], [ 21.999995066903576, 49.296213128925878 ], [ 21.985599594673047, 49.305687664861729 ], [ 21.981690857069601, 49.308294269768986 ], [ 21.967341631798789, 49.317731604927012 ], [ 21.968056531899837, 49.32928649050961 ], [ 21.968772612051101, 49.34084132655591 ], [ 21.964768169856423, 49.343510814401895 ], [ 21.94574683706233, 49.344022034118581 ], [ 21.926725035704489, 49.344531183391055 ], [ 21.907702770417792, 49.345038305640976 ], [ 21.893546887732377, 49.354323702984892 ], [ 21.889358191109473, 49.357113768295022 ], [ 21.875261963752699, 49.366353396742547 ], [ 21.871004740270429, 49.369188515423332 ], [ 21.851972225136777, 49.369690529839254 ], [ 21.83798365983629, 49.37884829786978 ], [ 21.838675666053799, 49.390404261812307 ], [ 21.834271216611754, 49.393336299468928 ], [ 21.829434488977, 49.390630964394894 ], [ 21.814567157203065, 49.382261943412686 ], [ 21.809701168176503, 49.379539656701319 ], [ 21.794872020461934, 49.371185717193207 ], [ 21.789973908532087, 49.368444868376919 ], [ 21.775185801494967, 49.360107652741434 ], [ 21.761375479791859, 49.369132045949705 ], [ 21.76204944036056, 49.380688799764052 ], [ 21.757450997814072, 49.383747912404672 ], [ 21.743741882776906, 49.392697879065572 ], [ 21.739055379249674, 49.395814987966553 ], [ 21.725429686608926, 49.40470408781259 ], [ 21.72065088978335, 49.407882003956836 ], [ 21.707113063398388, 49.416707419266849 ], [ 21.70223752782065, 49.419949092761819 ], [ 21.69687497794688, 49.416946821670884 ], [ 21.68255183927538, 49.408860102303848 ], [ 21.663501697122189, 49.409346994252658 ], [ 21.650165592960548, 49.418027520447154 ], [ 21.650821481116761, 49.429585103921291 ], [ 21.645696767310795, 49.432990542233995 ], [ 21.632493458307909, 49.441576645639167 ], [ 21.627255920687489, 49.445056413529144 ], [ 21.621490765699118, 49.441826740858247 ], [ 21.607576626870411, 49.433959327703178 ], [ 21.588515958025237, 49.434441789551563 ], [ 21.569454893488601, 49.434922999238516 ], [ 21.550393435447994, 49.435402977199224 ], [ 21.531331585779579, 49.435881738438624 ], [ 21.52512275373185, 49.43239995327837 ], [ 21.524565742378599, 49.420839676041624 ], [ 21.511086156120797, 49.41319475427985 ], [ 21.498416090402465, 49.421407964141217 ], [ 21.492619367201353, 49.425252380754237 ], [ 21.486235651682666, 49.421670648091506 ], [ 21.472978349124169, 49.414144235508651 ], [ 21.453923863782713, 49.414617112471184 ], [ 21.434868990565455, 49.41508871732681 ], [ 21.415813728953111, 49.415559016070638 ], [ 21.403659633254499, 49.423417582404397 ], [ 21.397322707701154, 49.42761285464011 ], [ 21.378262208497947, 49.428080970327301 ], [ 21.366372209583151, 49.435759281644266 ], [ 21.359757445338328, 49.440134808899941 ], [ 21.348025407652418, 49.447705630032473 ], [ 21.341243783657987, 49.452189586878696 ], [ 21.322173181126626, 49.452654447334204 ], [ 21.30310217949528, 49.453117648089766 ], [ 21.28403077539059, 49.453579082141395 ], [ 21.276160906436107, 49.449143045343916 ], [ 21.264424722013267, 49.44244675011344 ], [ 21.256464979610275, 49.437957117834721 ], [ 21.244827576647705, 49.431312103046636 ], [ 21.225763853636185, 49.43176583159871 ], [ 21.217570346713536, 49.427137792390589 ], [ 21.217096001327231, 49.41557483175896 ], [ 21.216620054173863, 49.404011881253574 ], [ 21.205140633154638, 49.397445336744745 ], [ 21.186089406010979, 49.397891539572235 ], [ 21.175349587100929, 49.404796058393536 ], [ 21.167548159143735, 49.409926069218663 ], [ 21.156984729196829, 49.416712271124133 ], [ 21.148997964600809, 49.421960582006442 ], [ 21.138615683963614, 49.428625575973051 ], [ 21.130438815039913, 49.433995117105432 ], [ 21.121526433271605, 49.428940489464154 ], [ 21.110874647259909, 49.422835203468608 ], [ 21.091812310157717, 49.423267253737215 ], [ 21.072749513970219, 49.423695517153789 ], [ 21.053686253924933, 49.424119781869145 ], [ 21.044275119558183, 49.418760629252311 ], [ 21.043852863378007, 49.407196220864719 ], [ 21.052747188942423, 49.401615251285499 ], [ 21.062616029200598, 49.395290987133983 ], [ 21.071323457237664, 49.38982365492835 ], [ 21.090380198439551, 49.389561476742166 ], [ 21.100550772398279, 49.383035759685747 ], [ 21.100105284643824, 49.371471855650405 ], [ 21.089350884685416, 49.365296648834764 ], [ 21.070310268401911, 49.365719343606393 ], [ 21.05126918358317, 49.366137799303743 ], [ 21.04214793538597, 49.360938659094295 ], [ 21.031749707123048, 49.35495741365942 ], [ 21.022558310496191, 49.34971124863501 ], [ 21.012238948200196, 49.343770852692117 ], [ 21.002982709165739, 49.338480293357016 ], [ 20.992736890655394, 49.332577749399313 ], [ 20.983421700910387, 49.327245789879228 ], [ 20.992296164545401, 49.32166067326547 ], [ 21.002142727066289, 49.315350887738063 ], [ 20.991801116595152, 49.309390088413195 ], [ 20.972780211259103, 49.30978301788543 ], [ 20.96346715052707, 49.304442710788905 ], [ 20.953300250942032, 49.298575223579569 ], [ 20.934282786711819, 49.298955848661421 ], [ 20.91526484047974, 49.299330782562571 ], [ 20.905760690892709, 49.305409100811175 ], [ 20.906262310010412, 49.316972736032845 ], [ 20.897137423591005, 49.322899745402289 ], [ 20.887829019024792, 49.32884728457654 ], [ 20.87855126655651, 49.334868458393288 ], [ 20.869388100566137, 49.340718954392493 ], [ 20.859956118918657, 49.346835064919091 ], [ 20.849902161848515, 49.341032562873949 ], [ 20.840485566808603, 49.335585895942671 ], [ 20.821452015562045, 49.335935619326072 ], [ 20.81252776358588, 49.341624866267118 ], [ 20.802842207093153, 49.347888665723524 ], [ 20.794057561522262, 49.353484847872615 ], [ 20.784223402770774, 49.359839585947476 ], [ 20.77557977543465, 49.365341934195236 ], [ 20.765595598022536, 49.371788438969787 ], [ 20.757094503852475, 49.377196120567362 ], [ 20.757589569112618, 49.388760230143426 ], [ 20.7580868830849, 49.400324283251784 ], [ 20.747783383406063, 49.406972590810746 ], [ 20.739594463498818, 49.41217564338497 ], [ 20.729129296322029, 49.418922997000074 ], [ 20.710062004723998, 49.419246747899678 ], [ 20.690994283361682, 49.419564454828404 ], [ 20.679821931743714, 49.41305966990771 ], [ 20.671531178612469, 49.408249823468275 ], [ 20.660414367551802, 49.401768550452495 ], [ 20.652076875165815, 49.396927921281069 ], [ 20.644072051505582, 49.402002136237414 ], [ 20.633402584033742, 49.408852930091413 ], [ 20.625536210559854, 49.413835747771387 ], [ 20.614719278748353, 49.420776197976537 ], [ 20.603378008938058, 49.41414519408783 ], [ 20.603106497737567, 49.402577508236007 ], [ 20.602832944031402, 49.391009829082762 ], [ 20.594519060972917, 49.386174386288985 ], [ 20.583474369269691, 49.379705165219363 ], [ 20.575090553552073, 49.374825358877565 ], [ 20.55603794836756, 49.375098672294349 ], [ 20.547995822464515, 49.38018576449403 ], [ 20.537347869559397, 49.386997694372972 ], [ 20.529427070325777, 49.392004387045148 ], [ 20.518648796373494, 49.398895061578287 ], [ 20.510851550731626, 49.403820060484748 ], [ 20.499940723820124, 49.410790846501456 ], [ 20.480873379021453, 49.41104739927782 ], [ 20.461805721772645, 49.411299283916939 ], [ 20.442737761177206, 49.411546636949438 ], [ 20.431346538022911, 49.404831789993871 ], [ 20.423332959485979, 49.400151025022325 ], [ 20.412056968452138, 49.393497696273428 ], [ 20.403937104015604, 49.388751266650509 ], [ 20.384877261823561, 49.388984608734042 ], [ 20.377037071915122, 49.393920162203329 ], [ 20.366139980812701, 49.400852983776581 ], [ 20.347075124091401, 49.40107913014814 ], [ 20.328010014419043, 49.401301551078468 ], [ 20.316728523186832, 49.394622822231938 ], [ 20.316536482670987, 49.383053745746714 ], [ 20.316342290587286, 49.371484671664362 ], [ 20.316146036026648, 49.359915598961635 ], [ 20.315947803330737, 49.34834652666958 ], [ 20.30740027565362, 49.343332497851002 ], [ 20.299123528716166, 49.348536867057476 ], [ 20.288661049070306, 49.355181298520847 ], [ 20.277858778465895, 49.348773938963738 ], [ 20.26931374874702, 49.343756331508544 ], [ 20.261031655067551, 49.348958763467536 ], [ 20.250565106401151, 49.355599353122479 ], [ 20.239768826033689, 49.349188803376734 ], [ 20.231226339031203, 49.344167640578959 ], [ 20.212182315998113, 49.34436878586795 ], [ 20.19313808720057, 49.344567013206849 ], [ 20.182462868672975, 49.33821804326184 ], [ 20.173816863284262, 49.333127093031777 ], [ 20.163255042434706, 49.326841700691091 ], [ 20.173516101862518, 49.320475750985132 ], [ 20.182122652966164, 49.315078936134434 ], [ 20.173263899075554, 49.309860123503398 ], [ 20.154232722900034, 49.310052412148679 ], [ 20.143889432329804, 49.303892425317777 ], [ 20.134934138385965, 49.298610125108397 ], [ 20.124696383662503, 49.292509518240941 ], [ 20.124533391467661, 49.28093976861922 ], [ 20.124368756576693, 49.269370012550205 ], [ 20.115120013216885, 49.263907825664369 ], [ 20.105186985637115, 49.257983733202813 ], [ 20.105023519163399, 49.246413905293046 ], [ 20.10485854344439, 49.234844069344291 ], [ 20.104692100822106, 49.223274224945534 ], [ 20.095077310591716, 49.217587390902693 ], [ 20.085524464038897, 49.211884511318594 ], [ 20.085359446376369, 49.200314592166933 ], [ 20.085193066577084, 49.188744663296241 ], [ 20.075324804773182, 49.18290066501762 ], [ 20.056341814939199, 49.183080441245409 ], [ 20.046735807544611, 49.189099646493901 ], [ 20.037601688592002, 49.194879761347472 ], [ 20.028085002351435, 49.200838652133342 ], [ 20.018852669938283, 49.206677457507872 ], [ 20.009427632433798, 49.212574659566201 ], [ 20.000094751671405, 49.218473518750663 ], [ 19.990763682073279, 49.224307666249658 ], [ 19.981327926447921, 49.230267931870252 ], [ 19.962326296024443, 49.230435565434796 ], [ 19.943324507258545, 49.230600825391157 ], [ 19.924322562505157, 49.230763707962048 ], [ 19.905320464080372, 49.230924206925437 ], [ 19.895570197063471, 49.225084968085291 ], [ 19.895447829507976, 49.213514568985723 ], [ 19.885902590157272, 49.207836259779576 ], [ 19.876312558841274, 49.202089973036557 ], [ 19.866705975568628, 49.196370908220054 ], [ 19.84771680053861, 49.196524822958267 ], [ 19.828727481123689, 49.196676342617579 ], [ 19.819362009308104, 49.202508042200861 ], [ 19.809927790765109, 49.20844624377294 ], [ 19.800253327364853, 49.202642024328007 ], [ 19.790748417829576, 49.196972127568678 ], [ 19.781426352869172, 49.202770938801891 ], [ 19.771939541763174, 49.208736654994972 ], [ 19.762720323373006, 49.214467297508811 ], [ 19.762982332872319, 49.226036856575675 ], [ 19.763246056667779, 49.237606381044287 ], [ 19.772475247167772, 49.243111232250037 ], [ 19.782497633770703, 49.249048830109096 ], [ 19.782769857243288, 49.260618214939619 ], [ 19.791851464975757, 49.266029669920378 ], [ 19.802040801993666, 49.272057254179494 ], [ 19.811056772565259, 49.277425583353995 ], [ 19.821324407275622, 49.283492982415488 ], [ 19.811260067038695, 49.289818545878703 ], [ 19.802604557885946, 49.295195700030341 ], [ 19.802889403701702, 49.306764867413108 ], [ 19.803176297942034, 49.318333997269342 ], [ 19.803465296377752, 49.329903089201338 ], [ 19.803756457667276, 49.341472142790714 ], [ 19.804049843513003, 49.353041157597367 ], [ 19.804345518824871, 49.364610133158202 ], [ 19.804643551891559, 49.376179068986012 ], [ 19.793729906890839, 49.383024425318247 ], [ 19.78589739211894, 49.38787900778523 ], [ 19.786195348320891, 49.399447938221407 ], [ 19.786495881817789, 49.4110168277751 ], [ 19.775218011862957, 49.418083231067477 ], [ 19.763686335094285, 49.411169729323021 ], [ 19.75596414501274, 49.40657882591244 ], [ 19.744534882292456, 49.399723717879539 ], [ 19.736719309476062, 49.395073813726391 ], [ 19.7253880067388, 49.388274497862653 ], [ 19.717483496297323, 49.383568155740704 ], [ 19.70971746404388, 49.388371757156087 ], [ 19.698586561658182, 49.395334242674835 ], [ 19.690946607847252, 49.400056379709802 ], [ 19.679680609292333, 49.407098318759488 ], [ 19.660609410650817, 49.407221290440802 ], [ 19.641538091385979, 49.407341462273422 ], [ 19.634063671677595, 49.411953189638631 ], [ 19.634326007320972, 49.423522601555817 ], [ 19.641807216558647, 49.427983116821828 ], [ 19.653653595300419, 49.434985799358188 ], [ 19.641993568076458, 49.442262197050539 ], [ 19.634858832187696, 49.446661310429512 ], [ 19.623056115947744, 49.454021435431208 ], [ 19.603966484852233, 49.454134378306357 ], [ 19.584876741932998, 49.454244430454935 ], [ 19.577912877375596, 49.458530651205315 ], [ 19.578170884836993, 49.470100101473122 ], [ 19.566055139122192, 49.477640322684081 ], [ 19.559349901422063, 49.481763358441086 ], [ 19.559608893249084, 49.493332793511051 ], [ 19.559871165129632, 49.504902189246209 ], [ 19.547345690581178, 49.512689285838398 ], [ 19.541039276495837, 49.516562426994049 ], [ 19.541303210121029, 49.528131805334496 ], [ 19.541570800778562, 49.539701143064825 ], [ 19.541842188459452, 49.55127043950985 ], [ 19.528735676298457, 49.559409533728619 ], [ 19.522999063354444, 49.562927672630003 ], [ 19.523273198915838, 49.574496948606836 ], [ 19.509847508621661, 49.582827478937517 ], [ 19.49070724445783, 49.582918079419009 ], [ 19.485294106564833, 49.586232910080682 ], [ 19.47167934739289, 49.594670345510735 ], [ 19.466432580317051, 49.59788090826504 ], [ 19.466704076023412, 49.609450243765806 ], [ 19.452750401456324, 49.61809106607987 ], [ 19.438613209963567, 49.609560087024093 ], [ 19.438668977309266, 49.597989453212357 ], [ 19.433389239907122, 49.594835724664868 ], [ 19.414244062768798, 49.594913931762804 ], [ 19.40040772628323, 49.586557691058296 ], [ 19.400462337744084, 49.574987042599631 ], [ 19.394910516785799, 49.571665805448134 ], [ 19.375774317051334, 49.571738879469841 ], [ 19.36221398421608, 49.563542589613093 ], [ 19.362268103763373, 49.551971922733287 ], [ 19.362318406082526, 49.540401244592864 ], [ 19.356383546397311, 49.536844674992295 ], [ 19.337260869316466, 49.536913013617877 ], [ 19.31813812536458, 49.536978360266957 ], [ 19.299015317750019, 49.53704072144086 ], [ 19.279892449678659, 49.5371001049757 ], [ 19.266668931992665, 49.529090673514652 ], [ 19.260707566347445, 49.525508262948584 ], [ 19.247594689706663, 49.517562513547738 ], [ 19.241531767508246, 49.513916346271621 ], [ 19.228524367810063, 49.506031183402847 ], [ 19.228587473671897, 49.494460467705792 ], [ 19.22864737313115, 49.482889735067282 ], [ 19.22225961340801, 49.479043499449091 ], [ 19.209582536615663, 49.47135521171662 ], [ 19.222190438366081, 49.463752037867778 ], [ 19.228758030125743, 49.459748218040673 ], [ 19.222154353228753, 49.455770070284942 ], [ 19.203063010390011, 49.455820233228394 ], [ 19.190580792487573, 49.448246743904207 ], [ 19.190636682624447, 49.436675949041337 ], [ 19.190689901114144, 49.42510513529777 ], [ 19.190740546050709, 49.413534302514734 ], [ 19.183797708519908, 49.409343595081033 ], [ 19.164724327869493, 49.409389276945276 ], [ 19.145650905646754, 49.409431932594046 ], [ 19.126577445065372, 49.409471569040548 ], [ 19.107503949330106, 49.409508194172226 ], [ 19.100698712582766, 49.413647770485831 ], [ 19.088451312453017, 49.421168599562328 ], [ 19.076119082693989, 49.413666562848299 ], [ 19.069356865161382, 49.409572445976991 ], [ 19.050283283077121, 49.409600092140749 ], [ 19.037989164702111, 49.402114613206713 ], [ 19.031202311871333, 49.398000438101015 ], [ 19.012133190172207, 49.398022442183382 ], [ 18.993064052055654, 49.398041481465413 ], [ 18.973994900638868, 49.398057567358876 ], [ 18.967300551318012, 49.4021162301296 ], [ 18.967379792961701, 49.413687015251504 ], [ 18.973984525680972, 49.417696312044491 ], [ 18.986511172549502, 49.425261568746109 ], [ 18.986600619882214, 49.43683229508963 ], [ 18.986692874086764, 49.448402998412874 ], [ 18.973964156286748, 49.45619105980375 ], [ 18.967723910125283, 49.459969930010338 ], [ 18.967817269147588, 49.471540602395287 ], [ 18.967913792863602, 49.483111252311794 ], [ 18.968013606098317, 49.494681879787855 ], [ 18.96811683874154, 49.506252484852062 ], [ 18.954818948696541, 49.514380748988799 ], [ 18.949136101797901, 49.517816250935084 ], [ 18.935689338131585, 49.526030844776216 ], [ 18.916570451733467, 49.52603644247894 ], [ 18.903059816690913, 49.517786820918701 ], [ 18.897475906505029, 49.514397826729692 ], [ 18.878361560515479, 49.514398118582399 ], [ 18.872793309795394, 49.51775750375311 ], [ 18.859213802336157, 49.526037207898739 ], [ 18.853792344164642, 49.529305589161609 ], [ 18.853879072937449, 49.540876211283532 ], [ 18.853969938005648, 49.5524468153016 ], [ 18.839980868381108, 49.560971275977344 ], [ 18.834964500871166, 49.563991740077803 ], [ 18.835059770158626, 49.575562320409581 ], [ 18.835159712122632, 49.587132884064388 ], [ 18.83526450748769, 49.598703431287454 ], [ 18.835374342599309, 49.610273962330787 ], [ 18.820634775067138, 49.619251369260546 ], [ 18.816368630257223, 49.621815727925963 ], [ 18.816484979692685, 49.633386242649728 ], [ 18.816606996158594, 49.644956742985158 ], [ 18.816734887810068, 49.656527229243487 ], [ 18.816868867580133, 49.668097701741637 ], [ 18.801241959214408, 49.677612714443768 ], [ 18.79786963734956, 49.679636337081142 ], [ 18.782011506627487, 49.689288648797898 ], [ 18.762828709721557, 49.689277186310484 ], [ 18.746932939542241, 49.67953623248939 ], [ 18.743707368563239, 49.677577018472036 ], [ 18.740461278946281, 49.679521909839281 ], [ 18.724463165539422, 49.689247925109413 ], [ 18.721456542685161, 49.691047986429879 ], [ 18.721591371084685, 49.702618514434974 ], [ 18.705138924569667, 49.712618052661092 ], [ 18.685946985561294, 49.712599442784118 ], [ 18.666755069211646, 49.712578827422576 ], [ 18.647563177531488, 49.712556207937823 ], [ 18.645179295809633, 49.713979832623963 ], [ 18.645315110962109, 49.725550420307052 ], [ 18.628192562092632, 49.735942934604857 ], [ 18.626318728326936, 49.737060851592503 ], [ 18.626467077265801, 49.748631459532298 ], [ 18.626623618985519, 49.760202070485754 ], [ 18.626788549605177, 49.77177268504731 ], [ 18.608614282165643, 49.782802079411276 ], [ 18.607811888081439, 49.783280073861611 ], [ 18.607991110131078, 49.794850721528164 ], [ 18.58919614911585, 49.806253411660691 ], [ 18.589025382036628, 49.806355037922621 ], [ 18.589137968169794, 49.813127091185983 ], [ 18.60834509881828, 49.816185099080862 ], [ 18.620270277355882, 49.818031614468559 ], [ 18.627555312845001, 49.819155714664404 ], [ 18.646768536468624, 49.822034973089693 ], [ 18.665984673583264, 49.824821230088425 ], [ 18.685203626726135, 49.827512637719181 ], [ 18.702449793330956, 49.829841670831229 ], [ 18.704425294064624, 49.83010757267963 ], [ 18.723649576129535, 49.832603532700332 ], [ 18.742876357946731, 49.835000178431578 ], [ 18.762105524818409, 49.83729698988958 ], [ 18.781336960025072, 49.839493697254149 ], [ 18.800570545376075, 49.84159026818854 ], [ 18.800879798833126, 49.841622462655913 ], [ 18.819806165128021, 49.843585981070994 ], [ 18.839043697175853, 49.845481667330134 ], [ 18.858283020972713, 49.847278057022443 ], [ 18.877524016619706, 49.848976061081288 ], [ 18.896766565224052, 49.850576773495241 ], [ 18.916010549279921, 49.852081463456898 ], [ 18.933237651065042, 49.853344132412801 ], [ 18.935255853088997, 49.853491523863944 ], [ 18.954502363340218, 49.854808119594281 ], [ 18.973749968051738, 49.856033311900823 ], [ 18.992998558500855, 49.857169047036095 ], [ 19.012248029060554, 49.85821739811167 ], [ 19.031498277449046, 49.859180555807853 ], [ 19.050749204956411, 49.860060818533526 ], [ 19.070000716646746, 49.860860582006296 ], [ 19.089252721534248, 49.861582328242747 ], [ 19.108505132731473, 49.862228613969087 ], [ 19.127757867568349, 49.862802058481577 ], [ 19.147010847680455, 49.863305331004099 ], [ 19.166263999065414, 49.863741137608017 ], [ 19.18551725210655, 49.864112207775577 ], [ 19.204770541563104, 49.864421280703056 ], [ 19.224023806526944, 49.864671091454056 ], [ 19.22780690992677, 49.864709404332132 ], [ 19.243276990375371, 49.864864362959388 ], [ 19.262530040640481, 49.865003786175706 ], [ 19.281782908825953, 49.865091999368289 ], [ 19.301035550259577, 49.865131581124089 ], [ 19.320287923892245, 49.865125037810181 ], [ 19.339539992073547, 49.865074791977477 ], [ 19.358791720305799, 49.864983171602411 ], [ 19.378043076980095, 49.864852400321574 ], [ 19.397294033098333, 49.86468458880946 ], [ 19.416544561985759, 49.864481727444669 ], [ 19.435794638998754, 49.864245680401559 ], [ 19.448864468673637, 49.864064300579088 ], [ 19.455044241601811, 49.863978220543231 ], [ 19.474293349190276, 49.863681029856352 ], [ 19.493541940944347, 49.86335550654109 ], [ 19.512789997634997, 49.86300298888677 ], [ 19.532037500725178, 49.862624684278344 ], [ 19.551284432163868, 49.86222167395794 ], [ 19.570530774215094, 49.861794919786441 ], [ 19.589776509327429, 49.861345273009761 ], [ 19.609021620049461, 49.860873485012895 ], [ 19.628266088996163, 49.860380220024538 ], [ 19.647509898870879, 49.859866069714023 ], [ 19.666753032547039, 49.859331569601942 ], [ 19.685995473213289, 49.858777217186869 ], [ 19.70523720458511, 49.858203491671937 ], [ 19.724478211185293, 49.857610875157363 ], [ 19.743718478695129, 49.856999875149832 ], [ 19.762957994377309, 49.85637104822451 ], [ 19.78219674757084, 49.85572502466254 ], [ 19.801434730257611, 49.855062533875326 ], [ 19.820671937699387, 49.854384430417014 ], [ 19.839908369143153, 49.85369172037732 ], [ 19.859144028592187, 49.852985587939678 ], [ 19.878378925639151, 49.852267421883411 ], [ 19.897613076356901, 49.85153884180243 ], [ 19.916846504241764, 49.85080172380885 ], [ 19.936079241203323, 49.850058225484318 ], [ 19.951516323226677, 49.849458296617847 ], [ 19.955311332634945, 49.849311014851757 ], [ 19.97454284334561, 49.848563515108957 ], [ 19.993773820394779, 49.847818019101545 ], [ 20.013004339509294, 49.847078017408357 ], [ 20.032234490156927, 49.846347386044968 ], [ 20.051464376645445, 49.845630401953763 ], [ 20.070694119203722, 49.844931756006183 ], [ 20.089923855031699, 49.84425656323338 ], [ 20.109153739304915, 49.843610369988795 ], [ 20.128383946117939, 49.84299915773309 ], [ 20.147614669349935, 49.842429343117317 ], [ 20.166846123434137, 49.841907774024811 ], [ 20.186078544011487, 49.841441721218594 ], [ 20.205312188447525, 49.841038865227212 ], [ 20.224547336189893, 49.840707278091813 ], [ 20.243784288942788, 49.8404553995912 ], [ 20.263023370633164, 49.840292007561253 ], [ 20.282264927142727, 49.840226181934305 ], [ 20.301509325778966, 49.840267262142923 ], [ 20.320756954458187, 49.840424797565866 ], [ 20.340008220573832, 49.840708490744227 ], [ 20.359263549524357, 49.841128133164055 ], [ 20.378523382876832, 49.84169353349386 ], [ 20.397788176145152, 49.842414438281324 ], [ 20.417058396165977, 49.843300445256283 ], [ 20.436334518060711, 49.844360909557359 ], [ 20.437673904252865, 49.844447803669915 ], [ 20.455616978098547, 49.84560338904268 ], [ 20.474906266062849, 49.84703679587718 ], [ 20.494202853939754, 49.848668994595194 ], [ 20.513507202323229, 49.850507072771762 ], [ 20.532819757914233, 49.852557309705389 ], [ 20.549963367131319, 49.854571080610917 ], [ 20.552140930918682, 49.85482452009618 ], [ 20.571470958719441, 49.857307940806351 ], [ 20.590810317857635, 49.860014115945916 ], [ 20.610159333399587, 49.862944703284739 ], [ 20.623556205727112, 49.865134189667764 ], [ 20.629518200323133, 49.866097401368414 ], [ 20.648886970034809, 49.869465787801815 ], [ 20.668265990086081, 49.873052322297021 ], [ 20.682567553548662, 49.875863243970031 ], [ 20.687655278727441, 49.876849890720145 ], [ 20.707054629384725, 49.880845317545678 ], [ 20.726464279707685, 49.885038465678214 ], [ 20.733685456771216, 49.886680657055351 ], [ 20.745883867843705, 49.889412576632836 ], [ 20.765313267638142, 49.893958086992093 ], [ 20.780082232061179, 49.897548189482677 ], [ 20.784752325000181, 49.898665087802065 ], [ 20.8042004733799, 49.903513037791186 ], [ 20.823453821727011, 49.90844483967949 ], [ 20.823657670356756, 49.908496173647691 ], [ 20.843123145209233, 49.913589869097294 ], [ 20.862596765413695, 49.918787099210633 ], [ 20.864676143621267, 49.919359914093107 ], [ 20.882077843402563, 49.924066877984288 ], [ 20.901565990492074, 49.929416684345128 ], [ 20.904636363244528, 49.930281132240744 ], [ 20.921060673121669, 49.934820868186314 ], [ 20.94056130428223, 49.940263087266388 ], [ 20.943855701356153, 49.941201061412457 ], [ 20.960067525181561, 49.945733282350439 ], [ 20.979578565380265, 49.951211758468986 ], [ 20.982740586204354, 49.952113504994621 ], [ 20.999094296160585, 49.956695097818205 ], [ 21.018613740733485, 49.962159743737168 ], [ 21.021626537780147, 49.963012952071381 ], [ 21.038137066062355, 49.967610135184543 ], [ 21.057663059880941, 49.973018207441761 ], [ 21.060802290712992, 49.973894273292238 ], [ 21.077192221153602, 49.978396703829027 ], [ 21.096723110730235, 49.983713314369716 ], [ 21.10052766077029, 49.984752472554327 ], [ 21.11625651920918, 49.988987740872503 ], [ 21.135790878255172, 49.994185716713616 ], [ 21.141047450356009, 49.995582470003718 ], [ 21.155327102242936, 49.999329753515028 ], [ 21.174863734256178, 50.004389007206541 ], [ 21.18260310667916, 50.006378894327142 ], [ 21.194401466853169, 50.009380941005261 ], [ 21.213939390038693, 50.014287528361791 ], [ 21.225443523754354, 50.01713586237652 ], [ 21.233477404438865, 50.019108864602401 ], [ 21.253015824761487, 50.023853891550146 ], [ 21.269836226039541, 50.02784672207877 ], [ 21.272552923261745, 50.028487975958413 ], [ 21.292091201005906, 50.033066484863291 ], [ 21.311627126874534, 50.037517308103943 ], [ 21.316013397389245, 50.038505062783834 ], [ 21.331163776681883, 50.041907159937097 ], [ 21.350698592436778, 50.046185205221704 ], [ 21.364344814140928, 50.049101225243568 ], [ 21.370231819479891, 50.05035920303105 ], [ 21.38976513174395, 50.054465402408333 ], [ 21.409295073372533, 50.058436480980717 ], [ 21.415246266392209, 50.05962387001987 ], [ 21.42882498334971, 50.062341816125205 ], [ 21.448352718350126, 50.06614089898595 ], [ 21.467876596928306, 50.069803521305481 ], [ 21.469257487983441, 50.070058137682295 ], [ 21.487401425897577, 50.073425788368674 ], [ 21.506922460246731, 50.076917688210749 ], [ 21.526439210401541, 50.080272958349909 ], [ 21.527098536901125, 50.080384014263338 ], [ 21.545956886506023, 50.083593070849894 ], [ 21.565470168077315, 50.086779209138761 ], [ 21.584978775565443, 50.08982923949992 ], [ 21.589867156066134, 50.090571285723868 ], [ 21.60448681431583, 50.092821936383011 ], [ 21.623991305603404, 50.095704073457959 ], [ 21.643490757533726, 50.098451020825912 ], [ 21.659260367585944, 50.100573086518331 ], [ 21.662986163844902, 50.101083685714642 ], [ 21.682480801692247, 50.103663215954363 ], [ 21.70197005068303, 50.106108691568636 ], [ 21.721453847418253, 50.108421896993526 ], [ 21.738239220638615, 50.11030770439919 ], [ 21.740932870942565, 50.11061756177034 ], [ 21.760410802788083, 50.112762181754391 ], [ 21.779882949742767, 50.114775831636251 ], [ 21.799349258446206, 50.116660348717453 ], [ 21.818809677018375, 50.118417542732509 ], [ 21.832918027892749, 50.119606458328903 ], [ 21.838265470713928, 50.120071430990656 ], [ 21.857718577146219, 50.121656653650717 ], [ 21.877165468001699, 50.123115792959126 ], [ 21.896606096162269, 50.124450621593674 ], [ 21.91604041476312, 50.125662867074787 ], [ 21.93546837699386, 50.126754210037802 ], [ 21.954889935898617, 50.127726282555457 ], [ 21.960746616942942, 50.127986957883699 ], [ 21.974307521374303, 50.128620600298134 ], [ 21.993719464091857, 50.129411943361468 ], [ 22.013124646474147, 50.130084523950259 ], [ 22.032523015794396, 50.130639793556291 ], [ 22.051914517334158, 50.131079133461789 ], [ 22.071299094061025, 50.13140385194562 ], [ 22.090676686282777, 50.131615181226543 ], [ 22.110047231275317, 50.131714274111992 ], [ 22.129410662881661, 50.131702200323765 ], [ 22.148766911079335, 50.131579942473557 ], [ 22.168115901513527, 50.131348391662506 ], [ 22.18745755499339, 50.131008342680296 ], [ 22.20679178694872, 50.130560488779132 ], [ 22.226118506844276, 50.13000541599893 ], [ 22.245437617548891, 50.129343597018767 ], [ 22.264749014656349, 50.128575384509155 ], [ 22.284052585754822, 50.127701003958151 ], [ 22.303348209641591, 50.126720545942298 ], [ 22.322635755479201, 50.125633957810791 ], [ 22.34191508188928, 50.124441034747349 ], [ 22.361186035979443, 50.12314141017135 ], [ 22.380448452298634, 50.121734545433604 ], [ 22.399702151715434, 50.120219718757149 ], [ 22.418946940213402, 50.11859601336684 ], [ 22.438182607596779, 50.116862304743059 ], [ 22.457408926098989, 50.11501724692662 ], [ 22.468141341992599, 50.113926958406005 ], [ 22.476628012661987, 50.113091864722719 ], [ 22.495840790087122, 50.111100122611369 ], [ 22.515044101647, 50.109000015497401 ], [ 22.534237678782819, 50.106789637401469 ], [ 22.553421230156051, 50.104466812810699 ], [ 22.572594439752354, 50.102029078160783 ], [ 22.591756964835675, 50.099473661862582 ], [ 22.599940752691214, 50.09833714976368 ], [ 22.610913516663725, 50.096865003721028 ], [ 22.630063163929709, 50.094191614041897 ], [ 22.649201863904143, 50.091401322653347 ], [ 22.668329210059554, 50.088490601150738 ], [ 22.687444761429742, 50.085455541437732 ], [ 22.698303790047962, 50.083667854645583 ], [ 22.706553060353194, 50.082356848323855 ], [ 22.725656025465732, 50.079220194305819 ], [ 22.744746802882691, 50.075958263635584 ], [ 22.763824868129731, 50.072566222153213 ], [ 22.780787106927921, 50.069433358753187 ], [ 22.782891189739559, 50.069058280331184 ], [ 22.801956781036345, 50.065575255659084 ], [ 22.821009152982008, 50.061959774286805 ], [ 22.840047680787126, 50.058205933783064 ], [ 22.853494744297677, 50.055464980932534 ], [ 22.85907648820319, 50.05436705915352 ], [ 22.878102583455966, 50.050531190572265 ], [ 22.897114189959954, 50.046553050776488 ], [ 22.916110562869964, 50.042425502074146 ], [ 22.919477866688013, 50.041678082326747 ], [ 22.935106478900185, 50.038331139347449 ], [ 22.954090382881795, 50.034128989449883 ], [ 22.973058243903804, 50.029771756313728 ], [ 22.980482289638651, 50.028024267297454 ], [ 22.992021824578174, 50.025403265766073 ], [ 23.010977119693301, 50.020975629344626 ], [ 23.02991545513013, 50.016386101742583 ], [ 23.037627000110206, 50.014472463659324 ], [ 23.048849293916554, 50.011784957116802 ], [ 23.067774937548279, 50.00712858543762 ], [ 23.086682586612167, 50.002302313773342 ], [ 23.09168167707265, 50.001001241085312 ], [ 23.105589259871707, 49.997507913661636 ], [ 23.124484060067314, 49.992617753205721 ], [ 23.143188462287583, 49.987595566530047 ], [ 23.143359933694704, 49.987551113509888 ], [ 23.143195326670401, 49.976020467619115 ], [ 23.142327992865038, 49.975555443766915 ], [ 23.124068378514114, 49.965128313566957 ], [ 23.122037445980389, 49.964038562481591 ], [ 23.104905076915518, 49.954234362246027 ], [ 23.104666386810404, 49.942668034642992 ], [ 23.100739379199378, 49.940558634958855 ], [ 23.085426428213278, 49.931773687608235 ], [ 23.085124782240005, 49.920209568721454 ], [ 23.079470522607405, 49.917169117446399 ], [ 23.065798161881037, 49.90931512737675 ], [ 23.059231589709814, 49.905781314565012 ], [ 23.046419425603439, 49.898419352810194 ], [ 23.046014012049163, 49.886858823848264 ], [ 23.038012495092286, 49.88254818039227 ], [ 23.026547839229057, 49.875962886967947 ], [ 23.017805973321675, 49.87124968264272 ], [ 23.007033148349212, 49.865065426546948 ], [ 23.006529953305744, 49.853508208458166 ], [ 22.996635688842829, 49.848167973521285 ], [ 22.986938194629484, 49.842610134346209 ], [ 22.976460551592265, 49.836950575153267 ], [ 22.967305880612493, 49.831710203329244 ], [ 22.96671918694253, 49.820155737753041 ], [ 22.966110490836751, 49.808602013989294 ], [ 22.954378556604073, 49.802256374574476 ], [ 22.946392317650034, 49.79770161841661 ], [ 22.934240028390725, 49.791123439069182 ], [ 22.926644945376484, 49.786798921554698 ], [ 22.914112541488699, 49.780009641565968 ], [ 22.906871592856707, 49.775893799092024 ], [ 22.906182684777448, 49.764342565703423 ], [ 22.905478576719837, 49.752791832084839 ], [ 22.892122348503928, 49.745546488273277 ], [ 22.885652209238597, 49.741885009088215 ], [ 22.872028700570752, 49.734488863821646 ], [ 22.865809370008765, 49.730975404383152 ], [ 22.865066446618286, 49.719425781581826 ], [ 22.851022590581103, 49.711793297987036 ], [ 22.845199587410423, 49.708513543152456 ], [ 22.830955277858134, 49.700766039216944 ], [ 22.825322243090501, 49.697598303479545 ], [ 22.81089792279473, 49.689746733774889 ], [ 22.805436291495361, 49.686679994607694 ], [ 22.790850417799401, 49.678734258326401 ], [ 22.785543435592626, 49.675758555584139 ], [ 22.784761235299278, 49.664209825570381 ], [ 22.783972143123133, 49.652661306102686 ], [ 22.769016024297674, 49.644502927247821 ], [ 22.764065897609409, 49.641736737245466 ], [ 22.748998998613317, 49.633511492503359 ], [ 22.744157404340331, 49.630808875580982 ], [ 22.743356555443285, 49.619260513143089 ], [ 22.728105415617328, 49.610925846917013 ], [ 22.72344530101342, 49.608329266270232 ], [ 22.722638497669411, 49.596780973000762 ], [ 22.707232827959075, 49.588352925288255 ], [ 22.702727141454194, 49.585846251445098 ], [ 22.701916167339494, 49.574297967366562 ], [ 22.686380976473338, 49.565790054864181 ], [ 22.68200693348215, 49.563359697686728 ], [ 22.681193289341365, 49.551811372795648 ], [ 22.665549639558563, 49.543234992285903 ], [ 22.661288034768166, 49.540869495001765 ], [ 22.645600486498928, 49.532262340729773 ], [ 22.641386607520278, 49.529924125593041 ], [ 22.645237591090495, 49.527388848029368 ], [ 22.659655647475002, 49.517772736449089 ], [ 22.658836222580547, 49.50622443517701 ], [ 22.662594723057104, 49.503745731544853 ], [ 22.681665737153377, 49.503142575036442 ], [ 22.696159517373232, 49.493462087999411 ], [ 22.699866149996087, 49.491013458314185 ], [ 22.714394649566096, 49.481302829127948 ], [ 22.713557758012051, 49.469755329081167 ], [ 22.712719321210628, 49.458207862563413 ], [ 22.711879481768811, 49.446660424952171 ], [ 22.711038372417914, 49.435113011945134 ], [ 22.714566528523346, 49.432774929720502 ], [ 22.729240722143782, 49.422952166085139 ], [ 22.728393263084222, 49.411405025475645 ], [ 22.731857481194826, 49.409105871349617 ], [ 22.746579969005669, 49.399241803667579 ], [ 22.745726516350988, 49.387694925971338 ], [ 22.744872290801784, 49.376148057157558 ], [ 22.744017382309767, 49.364601194280887 ], [ 22.743161874561853, 49.353054334600998 ], [ 22.742305845410225, 49.341507475568605 ], [ 22.745621510931784, 49.339300118278523 ], [ 22.760457981651108, 49.329342846970135 ], [ 22.759596835240533, 49.317796224762645 ], [ 22.758735357454107, 49.306249597100695 ], [ 22.757873607787825, 49.294702962025681 ], [ 22.757011641549198, 49.28315631771666 ], [ 22.756149510143121, 49.271609662480927 ], [ 22.755287261338104, 49.26006299474529 ], [ 22.754424939514223, 49.248516313047858 ], [ 22.738057764284896, 49.239500962167519 ], [ 22.71909023990089, 49.240118532235066 ], [ 22.715613564083807, 49.23819814649174 ], [ 22.714759935364583, 49.226650942970281 ], [ 22.717919416694517, 49.224541541390892 ], [ 22.736881692916839, 49.223933431193274 ], [ 22.751837933647291, 49.213876171079619 ], [ 22.73544038783394, 49.204836613124314 ], [ 22.732014744702202, 49.202944499725326 ], [ 22.731156987657258, 49.191397483657816 ], [ 22.734270117332919, 49.189315969933475 ], [ 22.753218567173896, 49.188705391448217 ], [ 22.768202903717171, 49.17861817743853 ], [ 22.751768724863375, 49.169555422815698 ], [ 22.748389758427827, 49.167689047527631 ], [ 22.747528113011533, 49.156142212579084 ], [ 22.750598681158305, 49.154086234197258 ], [ 22.769533328321796, 49.153473188694342 ], [ 22.772877724394558, 49.155315563925129 ], [ 22.789348832689583, 49.164396352031844 ], [ 22.804353185295881, 49.154281368473548 ], [ 22.803478650810337, 49.142735256231802 ], [ 22.806515309559646, 49.140697963138514 ], [ 22.821535549927852, 49.13056315374353 ], [ 22.824554439725738, 49.128536096810429 ], [ 22.839583112812996, 49.118388438935732 ], [ 22.842584717150611, 49.116371324678603 ], [ 22.857621371644885, 49.106211114839702 ], [ 22.860606148946623, 49.104203665053411 ], [ 22.879519337282506, 49.103572355607994 ], [ 22.894565087489418, 49.093393621097952 ], [ 22.893670098144646, 49.081848651072718 ], [ 22.877113477074669, 49.072729818334935 ], [ 22.873869378808763, 49.07094070669779 ], [ 22.872979371131287, 49.059395427491879 ], [ 22.872089703530264, 49.047850120765787 ], [ 22.875021983641638, 49.045874387633624 ], [ 22.890093388833115, 49.035668501176843 ], [ 22.889200092773276, 49.024123393861643 ], [ 22.888307173224042, 49.01257825777892 ], [ 22.871722697544566, 49.003428959116341 ], [ 22.852847862198697, 49.004065455458452 ], [ 22.837768413546019, 49.014272765645906 ], [ 22.834860686085474, 49.016249386701887 ], [ 22.815980200430378, 49.016880173185342 ] ] ], [ [ [ 16.632022995375191, 50.111536487001487 ], [ 16.620121723249213, 50.118210559708089 ], [ 16.619593035068409, 50.129770811845866 ], [ 16.61153658632356, 50.13428791500651 ], [ 16.592194692093525, 50.133864280210844 ], [ 16.580291042406913, 50.140529227984985 ], [ 16.579752919630018, 50.152089126452928 ], [ 16.571679592813673, 50.156610510764978 ], [ 16.559821465711, 50.163242972914787 ], [ 16.559279477007813, 50.174802690775799 ], [ 16.558738315983664, 50.186362406225768 ], [ 16.558198017511447, 50.197922120013274 ], [ 16.557658617883877, 50.209481832917156 ], [ 16.557120154909839, 50.221041545748527 ], [ 16.548770413564746, 50.225709947950101 ], [ 16.537158256969406, 50.232190966823985 ], [ 16.528793215160498, 50.236865358418783 ], [ 16.517189012184822, 50.243336839722922 ], [ 16.508806654371071, 50.248018346911991 ], [ 16.497212444558052, 50.25447916205561 ], [ 16.496661587068722, 50.26603835291705 ], [ 16.488200775385398, 50.270760174510734 ], [ 16.476673385298664, 50.277176948443589 ], [ 16.468190343414996, 50.28190864020462 ], [ 16.456677987553636, 50.288311989318636 ], [ 16.456119662910581, 50.299870838269101 ], [ 16.447549856613666, 50.304647511198922 ], [ 16.436112933591051, 50.31100215030694 ], [ 16.435551671880802, 50.322560834988721 ], [ 16.426889210930391, 50.327385798109674 ], [ 16.407471687359489, 50.326933725774367 ], [ 16.38805459390688, 50.326479533149339 ], [ 16.376625376595854, 50.332816571082809 ], [ 16.376050771833732, 50.344374734427618 ], [ 16.367355804402131, 50.349211186315706 ], [ 16.356016264509247, 50.355491807410658 ], [ 16.366632954937458, 50.362270876969902 ], [ 16.374905750162302, 50.367491098247307 ], [ 16.366071753895831, 50.37240340849354 ], [ 16.354863642507404, 50.378607836692062 ], [ 16.345989260067135, 50.383540192027105 ], [ 16.326549959758211, 50.383077027801022 ], [ 16.307111106532275, 50.382611649478868 ], [ 16.298926012274364, 50.377321440794809 ], [ 16.288334307166668, 50.370548049994518 ], [ 16.276999093439578, 50.376809829978662 ], [ 16.268234761716638, 50.381674055503829 ], [ 16.256938419290694, 50.387909411341525 ], [ 16.256340184934015, 50.399466554114724 ], [ 16.247453691525838, 50.404395579359708 ], [ 16.236269549571055, 50.410562403062286 ], [ 16.227329946181904, 50.415518513062224 ], [ 16.216192544514861, 50.421654684719627 ], [ 16.207196694603912, 50.426639616104616 ], [ 16.196109264144727, 50.432743398984883 ], [ 16.195503009976491, 50.444300082311344 ], [ 16.205769326294647, 50.450872084907225 ], [ 16.214388950082821, 50.456325292445904 ], [ 16.224562383822711, 50.462832956712283 ], [ 16.244034527866756, 50.463281883360956 ], [ 16.252788710410154, 50.468809913621278 ], [ 16.262842520100939, 50.475232802950913 ], [ 16.282320498366989, 50.475673166596046 ], [ 16.291220357894321, 50.481282412066975 ], [ 16.301143447832068, 50.48761364853879 ], [ 16.310165558431191, 50.493293079439859 ], [ 16.309601382962732, 50.504851034201991 ], [ 16.319324588148028, 50.511048732564866 ], [ 16.329723890233467, 50.505314642175939 ], [ 16.339465195169137, 50.49997459635776 ], [ 16.358954851599766, 50.500396784272461 ], [ 16.368185519782052, 50.506191068186077 ], [ 16.377807795687097, 50.512314599350091 ], [ 16.387179896490405, 50.518190036599584 ], [ 16.396670478750789, 50.5242252135359 ], [ 16.40619168579336, 50.530186200091208 ], [ 16.396031342041312, 50.535830494685499 ], [ 16.386109326265593, 50.541307623687693 ], [ 16.39540392155665, 50.547215590488861 ], [ 16.405138763071811, 50.553304252677748 ], [ 16.404617307203132, 50.564863362243408 ], [ 16.41365604621744, 50.570603110917418 ], [ 16.43317647597123, 50.571003566475049 ], [ 16.443254478505022, 50.577289148392609 ], [ 16.442752345556176, 50.588848750187111 ], [ 16.4318767409186, 50.594891649150121 ], [ 16.422662589642805, 50.599976351803591 ], [ 16.411711588545263, 50.606059410236604 ], [ 16.402569255687943, 50.611100454664239 ], [ 16.391536714096677, 50.617227104618799 ], [ 16.382472539081842, 50.622221062241316 ], [ 16.38196967003638, 50.633780424764531 ], [ 16.370702348094088, 50.640035721487081 ], [ 16.36186868282379, 50.64489744892628 ], [ 16.350502587071887, 50.651205988265808 ], [ 16.341765000103727, 50.656010991986768 ], [ 16.330293034564164, 50.662376719574929 ], [ 16.310739656668812, 50.661899631587723 ], [ 16.291186694125383, 50.661421151503482 ], [ 16.282456969180163, 50.666212963885187 ], [ 16.270958575223009, 50.672588191296285 ], [ 16.251401665653809, 50.672105977752921 ], [ 16.231845191720993, 50.671622108752608 ], [ 16.221263253343729, 50.664769010712469 ], [ 16.222093246440927, 50.653217893368485 ], [ 16.222917284329487, 50.641666613619478 ], [ 16.214357155906121, 50.636210663459167 ], [ 16.194815977469926, 50.635724734015874 ], [ 16.185604186909082, 50.640770729448633 ], [ 16.174576980724972, 50.646874538669941 ], [ 16.155031929904965, 50.646384073960704 ], [ 16.145907587602917, 50.651375549466806 ], [ 16.134778812133561, 50.657531507944995 ], [ 16.1152299066772, 50.657036318192937 ], [ 16.095681485028223, 50.656538891420645 ], [ 16.085419131308416, 50.649877225554299 ], [ 16.076856510049971, 50.644400286275534 ], [ 16.066748845866858, 50.637837146838507 ], [ 16.067602628661831, 50.626287390400861 ], [ 16.058767391440252, 50.620630622090346 ], [ 16.048934270081158, 50.614244349097902 ], [ 16.039965429876837, 50.608497729161492 ], [ 16.030269276910818, 50.602198298751873 ], [ 16.021172913936603, 50.596365596651559 ], [ 16.011370155152427, 50.601714572672705 ], [ 16.000911509337481, 50.607483707845589 ], [ 15.991221481451419, 50.612766932403815 ], [ 16.000208304620838, 50.618532160132162 ], [ 16.010158257555108, 50.624826264653159 ], [ 16.009558750336286, 50.636382249893892 ], [ 16.008963845905715, 50.647938335956432 ], [ 16.008373791102937, 50.659494529233747 ], [ 16.007788845771003, 50.671050836455123 ], [ 15.996460365843312, 50.677301128597257 ], [ 15.987638925404346, 50.682102704683736 ], [ 15.976156207929964, 50.688435882256542 ], [ 15.956596890397105, 50.687920327859139 ], [ 15.937038103266319, 50.687402148181391 ], [ 15.91747985222872, 50.686881299456047 ], [ 15.906902505339438, 50.679986315996658 ], [ 15.89869056275055, 50.674711529742417 ], [ 15.879138221263565, 50.674185506795453 ], [ 15.870252204147311, 50.679007062865104 ], [ 15.869643629300786, 50.690562308075435 ], [ 15.858029547942934, 50.696951649610014 ], [ 15.849471912652628, 50.701589980435649 ], [ 15.848870418070362, 50.71314532500169 ], [ 15.836899024100072, 50.719729210407621 ], [ 15.828697901006374, 50.724169473097326 ], [ 15.828104729267707, 50.735724954054234 ], [ 15.827518706986254, 50.747280613308789 ], [ 15.814953957560906, 50.754189504628094 ], [ 15.795370029417548, 50.753650044198139 ], [ 15.783803876689721, 50.746081991622859 ], [ 15.77658890396291, 50.741438437074997 ], [ 15.757010978321723, 50.740893450422426 ], [ 15.737433638753663, 50.740345497066734 ], [ 15.717856890313271, 50.739794551230595 ], [ 15.69828073795583, 50.739240589154797 ], [ 15.690441468747748, 50.743466996901958 ], [ 15.689828144968692, 50.755021491196842 ], [ 15.677051402897844, 50.762023652536904 ], [ 15.657466768708606, 50.761462929862176 ], [ 15.637882746363672, 50.760899124943094 ], [ 15.630461622504995, 50.764891536348152 ], [ 15.617456541362708, 50.772008658473602 ], [ 15.610259183344425, 50.775877555298202 ], [ 15.597020311859698, 50.783119623337043 ], [ 15.577428451245247, 50.782545752481496 ], [ 15.557837222135644, 50.781968732869586 ], [ 15.538246628829882, 50.781388553450697 ], [ 15.518656675535437, 50.780805204650903 ], [ 15.511688158987043, 50.78454020790106 ], [ 15.498193522650107, 50.791903611880954 ], [ 15.478600008163754, 50.791313506058884 ], [ 15.471873969264005, 50.794913732679554 ], [ 15.458122574421727, 50.802410054632354 ], [ 15.451649621441451, 50.805872001480182 ], [ 15.437635034846272, 50.813508552415065 ], [ 15.42484441544025, 50.805052631186435 ], [ 15.41892911394714, 50.801213023788875 ], [ 15.406376223255682, 50.792911951419399 ], [ 15.407496058441611, 50.781373924064454 ], [ 15.40113062094828, 50.777238183533285 ], [ 15.381545258571334, 50.776632487490041 ], [ 15.374576206711883, 50.780354087997978 ], [ 15.373915527428649, 50.791906175334823 ], [ 15.373264065140766, 50.803458535383875 ], [ 15.372622288067536, 50.815011182815454 ], [ 15.371990684437904, 50.826564132925583 ], [ 15.371369762881191, 50.83811740164802 ], [ 15.356497604751757, 50.846206619903839 ], [ 15.351145008600923, 50.849058571321237 ], [ 15.33596511523568, 50.857311703540084 ], [ 15.330922361902688, 50.859996379136874 ], [ 15.315422348487875, 50.868420024418413 ], [ 15.310702316393684, 50.870930842786066 ], [ 15.294869265860022, 50.879531877754992 ], [ 15.290485385064912, 50.881861980916646 ], [ 15.289905040984207, 50.893416263664228 ], [ 15.289338775989181, 50.904970981306164 ], [ 15.27242649435842, 50.914156800246374 ], [ 15.26914360055021, 50.915899280363178 ], [ 15.268602091242192, 50.927454722175817 ], [ 15.271225773523208, 50.929160473610636 ], [ 15.287731121434758, 50.939637956768607 ], [ 15.289971853062029, 50.941093634536855 ], [ 15.306888599925085, 50.951818824382528 ], [ 15.288311166831006, 50.96191967688047 ], [ 15.286742334303522, 50.96275185066208 ], [ 15.286275050104392, 50.974309641451342 ], [ 15.266754365801262, 50.984919956629433 ], [ 15.247085080974838, 50.984285347678295 ], [ 15.246474823278579, 50.984608524961004 ], [ 15.246035426102519, 50.99616713910757 ], [ 15.245958844056718, 50.998228386217441 ], [ 15.265646690272101, 50.998705408568334 ], [ 15.285335110886837, 50.999179156986372 ], [ 15.305024083983024, 50.999649860857382 ], [ 15.324713590194749, 51.000117722220899 ], [ 15.344403612957967, 51.0005829118588 ], [ 15.364094138769735, 51.001045565137417 ], [ 15.383785157456428, 51.001505777598162 ], [ 15.403476662450471, 51.001963600293401 ], [ 15.423168651075073, 51.002419034864175 ], [ 15.442861124836377, 51.002872028357629 ], [ 15.462554089722333, 51.003322467782802 ], [ 15.482247556507584, 51.003770174404274 ], [ 15.501941541063527, 51.004214897774048 ], [ 15.514684339022759, 51.004500875077476 ], [ 15.521636023312697, 51.004656861894212 ], [ 15.541330995166492, 51.005096134834702 ], [ 15.561026564952295, 51.005531213603547 ], [ 15.580722771596855, 51.005961503492337 ], [ 15.600419660626756, 51.006386305822872 ], [ 15.620117284481241, 51.00680481061648 ], [ 15.639815702822276, 51.00721608904351 ], [ 15.659514982840413, 51.00761908566249 ], [ 15.679215199555136, 51.008012610459502 ], [ 15.698916436108203, 51.008395330699194 ], [ 15.718618784048545, 51.008765762600142 ], [ 15.738322343607205, 51.009122262848202 ], [ 15.758027223960749, 51.009463019962247 ], [ 15.777733543481673, 51.009786045527989 ], [ 15.797441429974199, 51.010089165315762 ], [ 15.817151020893919, 51.010370010299333 ], [ 15.836862463549808, 51.010626007592691 ], [ 15.856575915287129, 51.010854371321876 ], [ 15.876291543649771, 51.011052093449223 ], [ 15.896009526520821, 51.011215934565641 ], [ 15.915730052240145, 51.011342414666181 ], [ 15.935453319697981, 51.011427803921435 ], [ 15.955179538403863, 51.011468113454633 ], [ 15.974908928530342, 51.011459086130316 ], [ 15.994641720931405, 51.011396187355246 ], [ 16.014378157135905, 51.01127459588534 ], [ 16.034118489316793, 51.011089194624404 ], [ 16.053862980237572, 51.010834561389998 ], [ 16.073611903178019, 51.010504959609634 ], [ 16.093365541842026, 51.010094328895967 ], [ 16.113124190251298, 51.009596275433012 ], [ 16.119212261895619, 51.009414959310519 ], [ 16.132887544194176, 51.009013922957038 ], [ 16.152656165032667, 51.008336355238356 ], [ 16.172430636010471, 51.007551988503828 ], [ 16.192211281388275, 51.006653195967331 ], [ 16.211998434379769, 51.005631982243962 ], [ 16.231792437040465, 51.004479971576295 ], [ 16.251593640197338, 51.003188394809321 ], [ 16.271402403432099, 51.001748074826914 ], [ 16.273794986684557, 51.00155645293254 ], [ 16.291217646299035, 51.000174273873014 ], [ 16.311040828109572, 50.998438796406639 ], [ 16.330872515109618, 50.996528154457089 ], [ 16.350713086162102, 50.994431737312631 ], [ 16.370079256194394, 50.992194830941948 ], [ 16.37056287727404, 50.992139364564579 ], [ 16.390420095241645, 50.989678483449751 ], [ 16.410287148676016, 50.987001927201497 ], [ 16.43016443366708, 50.984097474343884 ], [ 16.442061058612492, 50.982224076066665 ], [ 16.450051281223267, 50.98097194318207 ], [ 16.469947341485248, 50.977626496210753 ], [ 16.489854580793001, 50.974019390246141 ], [ 16.500664791666129, 50.971923470395303 ], [ 16.509772000049765, 50.970162940717685 ], [ 16.529699482091861, 50.966053243604279 ], [ 16.549639083729417, 50.961644955199702 ], [ 16.550632791199995, 50.96141271717913 ], [ 16.569587846987069, 50.956987285169653 ], [ 16.589549059034479, 50.952010437738934 ], [ 16.594330792293896, 50.950751652365696 ], [ 16.609520440996917, 50.946750689715579 ], [ 16.629504053229574, 50.941160275886844 ], [ 16.63350688034344, 50.939982746736575 ], [ 16.649497990289049, 50.935268387605369 ], [ 16.669148884242489, 50.929130265451867 ], [ 16.669504670230264, 50.929018761931623 ], [ 16.689521171232855, 50.922460883852196 ], [ 16.70183756833746, 50.918208867962022 ], [ 16.709550109033529, 50.915533259773753 ], [ 16.729590612591739, 50.908243796809209 ], [ 16.732254221784128, 50.907234263407197 ], [ 16.749641751005822, 50.900601927081958 ], [ 16.76064242836113, 50.896212892255065 ], [ 16.769704851120444, 50.892570176791807 ], [ 16.787391546681345, 50.885153609134036 ], [ 16.7897796269271, 50.884143731729004 ], [ 16.809865193093469, 50.875330370180876 ], [ 16.812658352369262, 50.874060472496573 ], [ 16.829961721473328, 50.866115402632332 ], [ 16.836641011667158, 50.862938112875085 ], [ 16.850069505094051, 50.856480931853525 ], [ 16.859507370172466, 50.851790395658043 ], [ 16.870188315679798, 50.846419799109299 ], [ 16.881373824854844, 50.840620085765941 ], [ 16.890317936168625, 50.835924309890117 ], [ 16.902341129275737, 50.829429552449312 ], [ 16.910458154240082, 50.824986352525784 ], [ 16.922496459859921, 50.818220828897964 ], [ 16.930608756748029, 50.813597503521976 ], [ 16.941915175060426, 50.806995661823194 ], [ 16.950769525240208, 50.801749114555115 ], [ 16.960662317417373, 50.79575555288239 ], [ 16.970940232709403, 50.789432376482637 ], [ 16.978793899022424, 50.784501793421398 ], [ 16.991120641676076, 50.77663835637329 ], [ 16.996358003402065, 50.77323549370896 ], [ 17.01131050365208, 50.763358004403521 ], [ 17.013395730873015, 50.761957607601694 ], [ 17.029952115565287, 50.750669124174379 ], [ 17.031509138422553, 50.749592176759712 ], [ 17.046072056677762, 50.739370998599533 ], [ 17.051715950733371, 50.735339726337862 ], [ 17.061771835743819, 50.728063680381716 ], [ 17.071931186714618, 50.720578966999732 ], [ 17.077073293954779, 50.716747697450984 ], [ 17.091995873793234, 50.705423522919538 ], [ 17.09215450326462, 50.705301770399934 ], [ 17.10661793979838, 50.694092573600223 ], [ 17.112383960998315, 50.689539418948769 ], [ 17.120906546567461, 50.682754429698718 ], [ 17.132620676593415, 50.673247638383998 ], [ 17.134870747319741, 50.671409357064704 ], [ 17.148577662115478, 50.660058537275368 ], [ 17.152862943449229, 50.656452082787688 ], [ 17.162022840425404, 50.648701989518095 ], [ 17.173110879201932, 50.639132586711192 ], [ 17.175180493966963, 50.637339399047832 ], [ 17.188136230136756, 50.625972193466708 ], [ 17.193363071810531, 50.621307963721478 ], [ 17.200859606569963, 50.61459996877484 ], [ 17.213322414183409, 50.603222367139345 ], [ 17.213619992479089, 50.602948227490515 ], [ 17.225656665122376, 50.591841482337152 ], [ 17.233879345650923, 50.5840959083352 ], [ 17.237742640539725, 50.580455542673178 ], [ 17.249658531049988, 50.569065799636462 ], [ 17.254141782248723, 50.564715942016711 ], [ 17.261406340607031, 50.557672334422421 ], [ 17.272938532720385, 50.546274491806585 ], [ 17.274406584164435, 50.54480905207032 ], [ 17.284375758924394, 50.534874112959308 ], [ 17.294672640278435, 50.524386937302651 ], [ 17.295576398697435, 50.523469151638615 ], [ 17.306707410167476, 50.51206210403253 ], [ 17.314939265977642, 50.503449952870064 ], [ 17.317625046082266, 50.500650911767934 ], [ 17.328448572803033, 50.48923734699575 ], [ 17.335206422991046, 50.481980122057919 ], [ 17.339098628184324, 50.477820302672207 ], [ 17.349638657466969, 50.466400725449731 ], [ 17.355473592995082, 50.459972411692746 ], [ 17.36003297039111, 50.454978141537566 ], [ 17.370310421712624, 50.44355299343696 ], [ 17.375740354455687, 50.437418743369577 ], [ 17.380457729393999, 50.432125126568479 ], [ 17.390491050835958, 50.42069479787159 ], [ 17.396006382986535, 50.414307780719675 ], [ 17.400397399717395, 50.409261857634498 ], [ 17.410203120685484, 50.397826697755733 ], [ 17.416271445657742, 50.390624881032728 ], [ 17.419872208765359, 50.386388853941391 ], [ 17.429465455260203, 50.374949180629557 ], [ 17.436535387633359, 50.366352276584315 ], [ 17.438898911264136, 50.363506569123082 ], [ 17.448293889466783, 50.352062676622126 ], [ 17.45679810920371, 50.341469567974698 ], [ 17.457491491946229, 50.340615404082634 ], [ 17.466701945665172, 50.329167570410199 ], [ 17.475700153911568, 50.317716220993816 ], [ 17.477059057352125, 50.315969452607291 ], [ 17.484701431648457, 50.306264211349323 ], [ 17.493531823234861, 50.294809286041989 ], [ 17.497318273817552, 50.289825402249186 ], [ 17.502302967612025, 50.283352922017031 ], [ 17.49752673309105, 50.283206295219934 ], [ 17.479438845535057, 50.271486271883816 ], [ 17.478497316786807, 50.270901830973166 ], [ 17.459099377179303, 50.270319021886941 ], [ 17.442301356530141, 50.259424593530092 ], [ 17.440083829259244, 50.258046344448857 ], [ 17.437778249413533, 50.259363872404911 ], [ 17.437624230109993, 50.270931626037751 ], [ 17.419916769506791, 50.280876604994809 ], [ 17.400514648201831, 50.2803160446418 ], [ 17.397638590564174, 50.281957003192879 ], [ 17.380715885528058, 50.29145595824653 ], [ 17.365382202430666, 50.281507783091094 ], [ 17.365979576269698, 50.269946305480111 ], [ 17.362111734128099, 50.267537850704905 ], [ 17.358082449786458, 50.269834992674383 ], [ 17.357885963709766, 50.28140210340915 ], [ 17.357694087434584, 50.292969258113395 ], [ 17.357506891733678, 50.3045364577981 ], [ 17.341089959728123, 50.313745541262939 ], [ 17.337443707389649, 50.315821056631762 ], [ 17.340941909396708, 50.317998646360117 ], [ 17.357146812240124, 50.327670995968049 ], [ 17.340275463577488, 50.337131245326148 ], [ 17.324984094211878, 50.327212020674331 ], [ 17.32126277740683, 50.324894978052178 ], [ 17.301842751108378, 50.324361795671528 ], [ 17.282422815279858, 50.323837165272472 ], [ 17.277699108206821, 50.326521074502296 ], [ 17.26257711569696, 50.334997760086793 ], [ 17.243152756641148, 50.334485229789102 ], [ 17.237850776175446, 50.337493766591436 ], [ 17.223293044006912, 50.345651814337394 ], [ 17.217814237377983, 50.348758248046629 ], [ 17.217567492221132, 50.360324364335462 ], [ 17.202982987173918, 50.368493164435897 ], [ 17.197523732095441, 50.371585265524523 ], [ 17.197274541693066, 50.383151283986095 ], [ 17.182652998696398, 50.391336535062152 ], [ 17.16320598338439, 50.390833082798245 ], [ 17.150202362819158, 50.382412020986408 ], [ 17.144214548724591, 50.378670263113364 ], [ 17.137942286722215, 50.382216347451404 ], [ 17.124312273356075, 50.38984636709646 ], [ 17.117908801871586, 50.393463783276012 ], [ 17.117623226873146, 50.405029099838934 ], [ 17.103934934787553, 50.412687606950094 ], [ 17.084479134737979, 50.412201927175346 ], [ 17.065023463920717, 50.411721828934191 ], [ 17.045567931065918, 50.411246923213092 ], [ 17.038392659133404, 50.415289732182991 ], [ 17.025628079091135, 50.422429264514719 ], [ 17.006168214674734, 50.42196037325472 ], [ 16.986708513760867, 50.421495675193981 ], [ 16.967248986473997, 50.421034803615072 ], [ 16.959307019147573, 50.425499068593879 ], [ 16.947286183470968, 50.432220078578567 ], [ 16.939281398828282, 50.436716102750097 ], [ 16.927313838655444, 50.443405290022255 ], [ 16.919252224977345, 50.447929657673889 ], [ 16.907331944358411, 50.454590391105363 ], [ 16.896372222401101, 50.447518145267459 ], [ 16.888377538678238, 50.442494542844443 ], [ 16.877702238080591, 50.435608832257479 ], [ 16.878340135332095, 50.424050268284638 ], [ 16.869954317013431, 50.418775762434656 ], [ 16.859657389177649, 50.412137702898171 ], [ 16.870526146368643, 50.406026014481654 ], [ 16.879604655389453, 50.40093286980219 ], [ 16.890497826020162, 50.394799947324934 ], [ 16.899537846289309, 50.389724393800563 ], [ 16.910460216146372, 50.383567492153205 ], [ 16.919456912271958, 50.378512280329232 ], [ 16.920074266888353, 50.366953082990335 ], [ 16.920688223332743, 50.355393803200641 ], [ 16.931413234132432, 50.349337525740999 ], [ 16.940583951582003, 50.344177700922529 ], [ 16.941190055218502, 50.332618163361261 ], [ 16.941792972122105, 50.3210585476902 ], [ 16.952335869265024, 50.31509479698569 ], [ 16.961665744766766, 50.309838476610281 ], [ 16.972250323857086, 50.303843873535648 ], [ 16.991671240785987, 50.304085751862978 ], [ 17.000779433731875, 50.29894763426455 ], [ 17.01157219321156, 50.292821628563765 ], [ 17.020614086875092, 50.287716908023739 ], [ 17.021199768824129, 50.276156614632725 ], [ 17.021782337355297, 50.264596246395449 ], [ 17.012978399994953, 50.25906207929448 ], [ 17.003120557750332, 50.252706677053411 ], [ 17.003698497288177, 50.241146257159137 ], [ 17.013966098218475, 50.235311273067865 ], [ 17.023512193401441, 50.229914707020107 ], [ 17.014427698840159, 50.22420038807077 ], [ 16.995046730160254, 50.223778802356073 ], [ 16.985346431826621, 50.229259038698068 ], [ 16.984951212698597, 50.24082258049323 ], [ 16.974681671526426, 50.246590491509906 ], [ 16.96519454872724, 50.240478198982657 ], [ 16.965773093492697, 50.22891790897436 ], [ 16.956285481453254, 50.222940594165728 ], [ 16.936905221027608, 50.222523405535199 ], [ 16.917525215946419, 50.2221071418465 ], [ 16.898145475478895, 50.221691557500307 ], [ 16.889275753306865, 50.215982475868522 ], [ 16.889858413229657, 50.204422497802113 ], [ 16.87979510398387, 50.198066326600845 ], [ 16.860425191175416, 50.19765418150228 ], [ 16.849715223448815, 50.203686163129511 ], [ 16.84053194673228, 50.208843772567391 ], [ 16.832004533273782, 50.203356884452823 ], [ 16.832593343564856, 50.191797210051227 ], [ 16.822214133287218, 50.185229709544082 ], [ 16.802849767047213, 50.184817830811738 ], [ 16.794601467149224, 50.179511139300821 ], [ 16.795192602803414, 50.167951607995782 ], [ 16.795781936924794, 50.156392021395334 ], [ 16.785094830332721, 50.149618135048748 ], [ 16.777084563605783, 50.144464694263348 ], [ 16.7662852441414, 50.137614587923103 ], [ 16.746940405474422, 50.137203957656347 ], [ 16.739101791616925, 50.132160237710579 ], [ 16.73969625680067, 50.120600899138509 ], [ 16.728693713384743, 50.11361150078389 ], [ 16.721006348671533, 50.108664452193189 ], [ 16.709911775752964, 50.101611354400589 ], [ 16.690581887096378, 50.101198850391526 ], [ 16.671252366250112, 50.10078465573055 ], [ 16.659402810713942, 50.10743835632595 ], [ 16.65135639315827, 50.111954980049333 ], [ 16.632022995375191, 50.111536487001487 ] ] ], [ [ [ 15.186899004290625, 50.996775046936861 ], [ 15.206584973824189, 50.99726348722541 ], [ 15.206881100132115, 50.994900702317558 ], [ 15.206783094664528, 50.994836961829861 ], [ 15.188652820828478, 50.982733698412616 ], [ 15.188081509944233, 50.982361851940674 ], [ 15.187452426067118, 50.982694471839714 ], [ 15.186996275899602, 50.994252481873943 ], [ 15.186899004290625, 50.996775046936861 ] ] ], [ [ [ 15.128221424264225, 50.992316602278301 ], [ 15.128099108691467, 50.992236876558884 ], [ 15.127964216933513, 50.992308065249617 ], [ 15.127845319671295, 50.995282084339237 ], [ 15.128221424264225, 50.992316602278301 ] ] ], [ [ [ 14.901459782560913, 50.87813482670196 ], [ 14.881843684101426, 50.877444673734999 ], [ 14.862228344151383, 50.87675140437694 ], [ 14.842613765685307, 50.876055023925517 ], [ 14.822999951686594, 50.875355537477276 ], [ 14.818962459762613, 50.877474005266606 ], [ 14.822595859476076, 50.879867584978399 ], [ 14.8378836181704, 50.889725416867428 ], [ 14.841200138960525, 50.891908602783623 ], [ 14.856830736382765, 50.901974538362971 ], [ 14.856174963450735, 50.913525191747397 ], [ 14.858808812234042, 50.915257328931034 ], [ 14.875169692115383, 50.925772817194691 ], [ 14.877438964224931, 50.927264067553267 ], [ 14.894192667084083, 50.938018201285857 ], [ 14.893596387660613, 50.949571019773593 ], [ 14.895083816013504, 50.950547542246852 ], [ 14.912671689751178, 50.96181502356611 ], [ 14.9137401761646, 50.962515973439082 ], [ 14.931777742461637, 50.974056838389693 ], [ 14.931248114702514, 50.9856120322845 ], [ 14.931055866576038, 50.989905896556714 ], [ 14.950730272752198, 50.990477140101696 ], [ 14.970405785964388, 50.991040054372192 ], [ 14.970931406542929, 50.986989641739264 ], [ 14.991384281958275, 50.976504490436156 ], [ 15.011044848930929, 50.977175969135736 ], [ 15.011724675294456, 50.9768182201638 ], [ 15.013178146292123, 50.965294477026738 ], [ 15.014611662097412, 50.953770030351755 ], [ 15.013134875787129, 50.952803702201571 ], [ 14.996382497326071, 50.94157207037167 ], [ 14.997782554782722, 50.930046617448049 ], [ 14.99551314894854, 50.928560231157839 ], [ 14.979530303793087, 50.917845037212324 ], [ 14.997216732126798, 50.908739809050864 ], [ 15.000530379002512, 50.906993856067096 ], [ 14.997535261593043, 50.90503136254452 ], [ 14.982253340041625, 50.8947917300504 ], [ 14.999162481687332, 50.886074315314829 ], [ 15.003213110285285, 50.883938782246744 ], [ 15.004531719078271, 50.872410435831675 ], [ 15.000557595201895, 50.869804892803742 ], [ 14.980942623596288, 50.869130998688718 ], [ 14.961328394714092, 50.868453961392873 ], [ 14.941714911510051, 50.867773786959482 ], [ 14.937321955635621, 50.87008672177236 ], [ 14.921076636563106, 50.878821857786576 ], [ 14.901459782560913, 50.87813482670196 ] ] ] ] } },
{ "type": "Feature", "properties": { "cykl": 1, "typ_martwego_drewna": "wszystkie", "prog_zasobnosci_m3ha": 10, "srednia_krajowa_m3ha": 2.6112319670759905, "max_zasobnosci_m3ha": 30.992271232819288, "n_traktow": 8780 }, "geometry": { "type": "MultiPolygon", "coordinates": [ [ [ [ 22.816124050483293, 49.018759145729405 ], [ 22.803982139610458, 49.026968280986509 ], [ 22.798123170993325, 49.030946943795904 ], [ 22.786003236528099, 49.039135463035642 ], [ 22.780113525218326, 49.043132599477559 ], [ 22.768016329539648, 49.051300009251356 ], [ 22.762095108351371, 49.055316134362833 ], [ 22.755569177586285, 49.051706299988595 ], [ 22.742329863593032, 49.044383129962483 ], [ 22.723437088958935, 49.045004142210082 ], [ 22.704543690001863, 49.045622332416499 ], [ 22.697992723724866, 49.041993236453457 ], [ 22.684794575916033, 49.034680024651358 ], [ 22.672738010843961, 49.042800824543775 ], [ 22.666755034001174, 49.046850290618458 ], [ 22.647859784491278, 49.04746008239556 ], [ 22.635841186958103, 49.055545481860136 ], [ 22.636701895001007, 49.067093078601154 ], [ 22.630649635013906, 49.071184721421567 ], [ 22.618672157984093, 49.07923521166861 ], [ 22.612583769157744, 49.0833489459297 ], [ 22.600634701893132, 49.091374675523603 ], [ 22.594509120045142, 49.095511219788463 ], [ 22.575593991545759, 49.096111105753131 ], [ 22.568842459927481, 49.092363236421889 ], [ 22.555851499954382, 49.085147796269069 ], [ 22.543947223461753, 49.093131199024405 ], [ 22.53776195485645, 49.097302783613522 ], [ 22.530969871533426, 49.093529383224727 ], [ 22.518027029069838, 49.086333558295898 ], [ 22.499113918506456, 49.086922454559542 ], [ 22.480200230125675, 49.087508722315427 ], [ 22.468364876712826, 49.095429708826586 ], [ 22.462090877851022, 49.09965430003043 ], [ 22.443171674155035, 49.100235672197968 ], [ 22.424251905373414, 49.100814490303591 ], [ 22.405331575966262, 49.101390781310464 ], [ 22.393593765513067, 49.109228917215667 ], [ 22.394402651918714, 49.12077936262304 ], [ 22.38798709769242, 49.125091554918846 ], [ 22.376305900018689, 49.132884823652262 ], [ 22.377112581370191, 49.144435397211936 ], [ 22.370626650574312, 49.148792225210236 ], [ 22.351687142561371, 49.149362336238475 ], [ 22.344547574785995, 49.145384327866971 ], [ 22.331970726886276, 49.138364914769035 ], [ 22.313034523275146, 49.138929964418509 ], [ 22.294097786493307, 49.139492692349215 ], [ 22.275160521514572, 49.140053138322081 ], [ 22.263659064381546, 49.147701492107799 ], [ 22.256981553068059, 49.152177750763457 ], [ 22.238038860054683, 49.152734083598773 ], [ 22.226621235073342, 49.160317425666278 ], [ 22.227396244432637, 49.171869648085647 ], [ 22.228172378535408, 49.183421820486252 ], [ 22.221348823200739, 49.187991530904085 ], [ 22.213876150838448, 49.18382095890766 ], [ 22.201644762514185, 49.176976156238887 ], [ 22.182691762465879, 49.177526863422145 ], [ 22.171424786891102, 49.184995697569789 ], [ 22.164476640232781, 49.189644718010847 ], [ 22.145518254121452, 49.190191846725497 ], [ 22.134355722911259, 49.197582402182611 ], [ 22.12728945892033, 49.202307342221793 ], [ 22.108325705309415, 49.202851140698179 ], [ 22.089361476264902, 49.203393196157059 ], [ 22.078361602472487, 49.210663435955688 ], [ 22.071114143878457, 49.215505322569243 ], [ 22.052144577907022, 49.216044456035412 ], [ 22.041274151470581, 49.223220348825713 ], [ 22.042013535225518, 49.234774375862294 ], [ 22.04275428159211, 49.246328347856753 ], [ 22.043496440543628, 49.257882263483154 ], [ 22.036013674745014, 49.262877133824176 ], [ 22.025309739933036, 49.269933792811621 ], [ 22.026050789617337, 49.281487790350333 ], [ 22.018439242820374, 49.286566692651981 ], [ 22.007857154119517, 49.293536624368805 ], [ 22.000145004935266, 49.298681176457698 ], [ 21.989659405710984, 49.305582615318578 ], [ 21.981841975126265, 49.310795966158629 ], [ 21.971457804897661, 49.317625754943791 ], [ 21.972193505278177, 49.329180086271464 ], [ 21.972931120418281, 49.340734348932514 ], [ 21.964922282633662, 49.34607347256761 ], [ 21.945901425149529, 49.346609175695306 ], [ 21.926880142914587, 49.347143864847112 ], [ 21.907858441914907, 49.34767762707078 ], [ 21.897892748351119, 49.354214745960896 ], [ 21.889515404785104, 49.359795038168087 ], [ 21.879677981552746, 49.366243386969444 ], [ 21.871163585590725, 49.371913791172368 ], [ 21.852131786459765, 49.372446338147405 ], [ 21.84252360066689, 49.3787366738201 ], [ 21.843242455726063, 49.390291956832066 ], [ 21.834433610757472, 49.396156210563113 ], [ 21.824760100312517, 49.390745353407311 ], [ 21.814729322133971, 49.385098731813507 ], [ 21.80499728863148, 49.37965396899488 ], [ 21.795034038003728, 49.374041050784008 ], [ 21.785237758360807, 49.368559161126655 ], [ 21.775347752965015, 49.362983227467076 ], [ 21.766111780792158, 49.369018729836981 ], [ 21.766812782167474, 49.380574815536995 ], [ 21.757615954199473, 49.386693234963531 ], [ 21.748595403265011, 49.392582512981441 ], [ 21.739222455161485, 49.398816932343045 ], [ 21.730377728266419, 49.404587266182418 ], [ 21.7208201955129, 49.410943307950987 ], [ 21.712160186355579, 49.416589065366601 ], [ 21.702409178173895, 49.423072630302975 ], [ 21.691684013668077, 49.417067857453034 ], [ 21.682723536393414, 49.41200868794752 ], [ 21.663674677130814, 49.412541767387673 ], [ 21.655432904552899, 49.417906598716399 ], [ 21.656122893525108, 49.429463376227979 ], [ 21.645873534027867, 49.436274493322628 ], [ 21.637910413348976, 49.4414531307998 ], [ 21.62743540877533, 49.448412917636738 ], [ 21.615905025944979, 49.441953305196783 ], [ 21.607756279836693, 49.437345634337817 ], [ 21.588697140893849, 49.437882051884273 ], [ 21.569637663087388, 49.438419104558044 ], [ 21.550577847479659, 49.438956833409726 ], [ 21.531517694509816, 49.439495268628256 ], [ 21.519099948960221, 49.432531387690211 ], [ 21.518580903350031, 49.420970262420646 ], [ 21.511271457479531, 49.416824569548595 ], [ 21.50440107522536, 49.421278420544368 ], [ 21.492807710766762, 49.428967560350479 ], [ 21.480040194930542, 49.42180376629603 ], [ 21.473167260593289, 49.417901725192735 ], [ 21.454114647993016, 49.418441282580346 ], [ 21.435061688246144, 49.418981433896981 ], [ 21.41600837700242, 49.419522111303742 ], [ 21.410194407103344, 49.423281489221587 ], [ 21.397520650037418, 49.431672399246047 ], [ 21.378462173594514, 49.432214827935205 ], [ 21.37319027681313, 49.435619492069129 ], [ 21.359960849148955, 49.444370944515732 ], [ 21.355013874864429, 49.447563461635582 ], [ 21.341450732019904, 49.45653179338909 ], [ 21.322382235397054, 49.457076820309908 ], [ 21.303313346995118, 49.45762167095846 ], [ 21.284244056742057, 49.458166131488802 ], [ 21.268504200228257, 49.449293555685735 ], [ 21.264638577994052, 49.447087847432257 ], [ 21.24871897287488, 49.438108068834886 ], [ 21.245042017388212, 49.436008406274254 ], [ 21.225980325989283, 49.436547185977609 ], [ 21.209593186732583, 49.427290562317864 ], [ 21.209167579755274, 49.415726647141717 ], [ 21.208738433149861, 49.404162779249447 ], [ 21.205354859167958, 49.402227185359507 ], [ 21.186305525049974, 49.402757637388952 ], [ 21.183370251304222, 49.404644813488098 ], [ 21.167767523381375, 49.414905386131515 ], [ 21.16519401165699, 49.416558778594855 ], [ 21.149220615429925, 49.427055977554929 ], [ 21.147018392180669, 49.428469806803236 ], [ 21.130664792465744, 49.439209493765148 ], [ 21.112839886429111, 49.429099591872102 ], [ 21.111100739823254, 49.428102709834285 ], [ 21.092040000126126, 49.428620266504169 ], [ 21.07297870780376, 49.429133390637176 ], [ 21.053916849984731, 49.429641658681263 ], [ 21.035094427617079, 49.418922631071034 ], [ 21.034732426873962, 49.407357138756275 ], [ 21.052521227810782, 49.396195912714525 ], [ 21.053685241933067, 49.39545002774328 ], [ 21.071100242934381, 49.384516047123185 ], [ 21.090158365814712, 49.384334814866492 ], [ 21.09193966978032, 49.383191958703463 ], [ 21.091543665608125, 49.371627135734549 ], [ 21.089571260888992, 49.370494513683362 ], [ 21.070531998686224, 49.370997196485376 ], [ 21.051492160126823, 49.371494536096385 ], [ 21.033249519693161, 49.361095576829513 ], [ 21.031972400106639, 49.360360913269403 ], [ 21.013589461864434, 49.349867893529115 ], [ 21.012461209801216, 49.349218372013688 ], [ 20.993948585978227, 49.338636553522015 ], [ 20.992958561522457, 49.338066174468132 ], [ 20.97432803571478, 49.327401546297082 ], [ 20.992077107787658, 49.316232022330226 ], [ 20.993211203726982, 49.315505331644346 ], [ 20.992020090197514, 49.314818746717684 ], [ 20.972999754753303, 49.31527823776463 ], [ 20.954373488374454, 49.304596914346064 ], [ 20.953518852264693, 49.304103660894313 ], [ 20.934501636049578, 49.3045449317476 ], [ 20.915483791675911, 49.304977948567213 ], [ 20.915049860023871, 49.305255486751719 ], [ 20.915608947457635, 49.316818138354293 ], [ 20.897359325698485, 49.328672906088066 ], [ 20.897329984316222, 49.32869165493517 ], [ 20.897471631908701, 49.331594035743464 ], [ 20.906560363634814, 49.340111578911937 ], [ 20.917237647319769, 49.350149228835008 ], [ 20.918562031828138, 49.35148478376847 ], [ 20.929903026275827, 49.362867780949706 ], [ 20.937071437610545, 49.370043965011249 ], [ 20.941016877487876, 49.374253482687287 ], [ 20.951775605076357, 49.385644115520151 ], [ 20.95696741576285, 49.391093453806249 ], [ 20.962312020182541, 49.397037523045285 ], [ 20.972677951276388, 49.408432881126714 ], [ 20.976916358237833, 49.413029950493907 ], [ 20.982864828263697, 49.419830382382699 ], [ 20.99299330720325, 49.431227993751264 ], [ 20.996907384847173, 49.435556129439725 ], [ 21.003003257730501, 49.442626772483592 ], [ 21.013026569068238, 49.454024452903774 ], [ 21.016928877625936, 49.458369223981187 ], [ 21.022995169763565, 49.465422222876342 ], [ 21.033030416482223, 49.476817962916556 ], [ 21.036969389366288, 49.48118335465935 ], [ 21.043068884327269, 49.488212776755816 ], [ 21.053223851937862, 49.499604652586676 ], [ 21.057018411301623, 49.503747042951652 ], [ 21.063428179899919, 49.510994758278144 ], [ 21.073805928244962, 49.52238085672424 ], [ 21.077066917758685, 49.525854318419718 ], [ 21.084263755763192, 49.533764584132889 ], [ 21.094966428226861, 49.545142935226949 ], [ 21.097107661567865, 49.54734928034604 ], [ 21.105762474204909, 49.556518600593726 ], [ 21.116894664280583, 49.567887112442193 ], [ 21.117135240780684, 49.568125073007252 ], [ 21.12811528278063, 49.579252932124447 ], [ 21.137143115398899, 49.588053132529758 ], [ 21.139710550943718, 49.590610741448444 ], [ 21.151524465879728, 49.601963330325795 ], [ 21.157130807963483, 49.607147353934415 ], [ 21.163672493520597, 49.613308473801936 ], [ 21.17621072544031, 49.624645013252795 ], [ 21.177097731124025, 49.625418608466731 ], [ 21.189020323719902, 49.635975071485724 ], [ 21.197038923247725, 49.642780164489977 ], [ 21.202291740394738, 49.647294935669947 ], [ 21.216016230968538, 49.65860461632581 ], [ 21.216958687135058, 49.659352410967045 ], [ 21.23013310494553, 49.669905123614043 ], [ 21.236852553912478, 49.675059990418106 ], [ 21.244790941730038, 49.681193434437688 ], [ 21.256724978292585, 49.690022983153206 ], [ 21.260015047246931, 49.69246885156258 ], [ 21.275822824218903, 49.703730811906631 ], [ 21.276575230684813, 49.704246107344723 ], [ 21.292222015901384, 49.714978925609401 ], [ 21.296402233294927, 49.717726503056753 ], [ 21.309319868966842, 49.726210804893164 ], [ 21.316209038866894, 49.730548139097188 ], [ 21.327165282062253, 49.737425160471652 ], [ 21.335996263290987, 49.742741233985143 ], [ 21.345815022578368, 49.748620499926837 ], [ 21.3557646642927, 49.754337844727274 ], [ 21.365334467110685, 49.759795102750964 ], [ 21.375515091867687, 49.765370776820866 ], [ 21.385798485163669, 49.770946990517494 ], [ 21.395248444825768, 49.775872675049321 ], [ 21.407292496267022, 49.782073891076905 ], [ 21.414965633109809, 49.785875277051346 ], [ 21.429913739186407, 49.793173195358285 ], [ 21.434667545395904, 49.795408809827549 ], [ 21.453772802525844, 49.804241904949905 ], [ 21.454355021396076, 49.804501509113031 ], [ 21.474027313252076, 49.813149541770443 ], [ 21.478965568727599, 49.8152772082383 ], [ 21.493686459543962, 49.821403368884468 ], [ 21.505666750033672, 49.826274461677826 ], [ 21.513333345984158, 49.829289569492389 ], [ 21.532968293995658, 49.836823065252808 ], [ 21.534046420485346, 49.837228908362647 ], [ 21.552590283815579, 49.843992841365917 ], [ 21.564291324879271, 49.848135188328826 ], [ 21.572201739931302, 49.850853078317016 ], [ 21.591802204623271, 49.857402409254732 ], [ 21.596666404123727, 49.858985910581772 ], [ 21.611391655947131, 49.863647583354791 ], [ 21.630971555105312, 49.869622422077875 ], [ 21.631475022986958, 49.869772408192787 ], [ 21.650540488511801, 49.875307229691202 ], [ 21.669136679077255, 49.88048283443095 ], [ 21.670100454275882, 49.880744717162145 ], [ 21.689650134523241, 49.885916680194882 ], [ 21.709190977032716, 49.890854819645099 ], [ 21.710197408305319, 49.891101647660854 ], [ 21.728722105134267, 49.895548712064326 ], [ 21.748244336948751, 49.900018047431786 ], [ 21.755456374655939, 49.901606245711484 ], [ 21.767757470798895, 49.904264133424967 ], [ 21.787261594258975, 49.908293252392404 ], [ 21.805997375394735, 49.911965484635225 ], [ 21.806756817826024, 49.912111899516233 ], [ 21.826243240771685, 49.915726191807508 ], [ 21.845720711553742, 49.919137814272219 ], [ 21.863794389039885, 49.922123703523319 ], [ 21.865189235327456, 49.922351043654196 ], [ 21.884649247014007, 49.925377231395828 ], [ 21.904100205030812, 49.928211177981964 ], [ 21.92354207081712, 49.93085612956812 ], [ 21.932357805431536, 49.931981290591523 ], [ 21.942975276744633, 49.933322967899436 ], [ 21.962399691489328, 49.935613095259804 ], [ 21.981814888110662, 49.937723087905468 ], [ 22.001220825219619, 49.939655809485274 ], [ 22.019514379191129, 49.941315487130396 ], [ 22.020617519805377, 49.941414978503659 ], [ 22.040005810682313, 49.943017261296568 ], [ 22.059384695766891, 49.944449855160542 ], [ 22.078754133460034, 49.945715334529602 ], [ 22.09811408235517, 49.946816208371644 ], [ 22.117464501413135, 49.947754925005839 ], [ 22.136805350110425, 49.948533876328796 ], [ 22.156136588553696, 49.949155401365637 ], [ 22.157915292713064, 49.949199176665033 ], [ 22.175458852816476, 49.949632048934582 ], [ 22.194771430452871, 49.949955694780371 ], [ 22.214074211135813, 49.950127445589267 ], [ 22.233367151001502, 49.950149369735087 ], [ 22.252650205595078, 49.950023474136103 ], [ 22.271923329590255, 49.949751701989683 ], [ 22.291186476442334, 49.949335929604892 ], [ 22.310439597971857, 49.948777962331448 ], [ 22.329682643876968, 49.948079529591602 ], [ 22.348915561172863, 49.947242279027847 ], [ 22.368138293557454, 49.946267769786409 ], [ 22.387350780702519, 49.945157464960921 ], [ 22.406552957470286, 49.943912723225978 ], [ 22.425744753055536, 49.942534789692786 ], [ 22.444926090053805, 49.941024786022098 ], [ 22.444987523068487, 49.941019524380977 ], [ 22.464098267764314, 49.939402983550792 ], [ 22.483260098288074, 49.93765474971498 ], [ 22.502411501016876, 49.935781023946227 ], [ 22.521552390438949, 49.933782654942014 ], [ 22.540682670618484, 49.931660327839516 ], [ 22.559802233894452, 49.929414550910259 ], [ 22.578910959514516, 49.927045641782023 ], [ 22.595591410101857, 49.924869384880452 ], [ 22.598009081387683, 49.924558666740637 ], [ 22.617098962012058, 49.921986995233766 ], [ 22.636178032315655, 49.919297818586863 ], [ 22.655246145107405, 49.916490994532481 ], [ 22.674303134550559, 49.913566135384855 ], [ 22.693348814498158, 49.910522592417905 ], [ 22.695612465234824, 49.910147326409572 ], [ 22.712386983364603, 49.907411569675865 ], [ 22.731414542875843, 49.904193959844768 ], [ 22.750430768734958, 49.900862012150796 ], [ 22.769435427478744, 49.897414417430831 ], [ 22.777326045479168, 49.895936780186709 ], [ 22.788431557314755, 49.893891619701108 ], [ 22.807418544651643, 49.890286918908799 ], [ 22.826393894079388, 49.886569972839823 ], [ 22.845357310933412, 49.882738686427444 ], [ 22.848889998783513, 49.882005828598501 ], [ 22.864314063459275, 49.878860597125964 ], [ 22.883260293586066, 49.874888321497679 ], [ 22.902194448587995, 49.870803939537879 ], [ 22.913687829390177, 49.868259073860528 ], [ 22.921119180515337, 49.866641727740941 ], [ 22.94003646242723, 49.862426983864218 ], [ 22.958941477929077, 49.858101569249875 ], [ 22.973692527973963, 49.854640237382071 ], [ 22.977835686697642, 49.853684754596152 ], [ 22.977725704652595, 49.842927123938118 ], [ 22.976915570892587, 49.842489502152567 ], [ 22.958605942660004, 49.83200811521381 ], [ 22.958379988672625, 49.820441287440374 ], [ 22.958109416894683, 49.808875974297479 ], [ 22.9547713272568, 49.807070364420426 ], [ 22.938798633576102, 49.79796036181596 ], [ 22.934610831066252, 49.795693354340962 ], [ 22.919420471208856, 49.787043875455943 ], [ 22.914463444080642, 49.784358352521465 ], [ 22.899981371850199, 49.776126263761945 ], [ 22.899534339157508, 49.764566852663663 ], [ 22.899056305438943, 49.753008474281742 ], [ 22.892432364700689, 49.749415055576321 ], [ 22.879491947910239, 49.742091774292248 ], [ 22.872324478694043, 49.738200446040416 ], [ 22.859885690706058, 49.731173228519879 ], [ 22.859319185980521, 49.719617694641386 ], [ 22.851296942264877, 49.715257660400326 ], [ 22.839650825665551, 49.708697888618325 ], [ 22.831218725208423, 49.704111506635655 ], [ 22.819952553197993, 49.697775789648595 ], [ 22.811151486730616, 49.692984967582106 ], [ 22.800228128452876, 49.686851258242804 ], [ 22.791095015699668, 49.681875792649969 ], [ 22.780480961557984, 49.675924168865521 ], [ 22.77981491340795, 49.664371618944031 ], [ 22.779134502641792, 49.652819524373534 ], [ 22.769241791687758, 49.647423019677525 ], [ 22.759341460989546, 49.641890449483434 ], [ 22.749218272133628, 49.636363897083562 ], [ 22.739535010101054, 49.630958481146564 ], [ 22.738820357220547, 49.619407308960611 ], [ 22.728314704608021, 49.613665873636748 ], [ 22.718994407844278, 49.608472543469823 ], [ 22.718262211726493, 49.596921828722202 ], [ 22.707433537215209, 49.590997586107648 ], [ 22.698422101526116, 49.585984080395953 ], [ 22.697675942412811, 49.574433701583125 ], [ 22.686574283169797, 49.568353680165025 ], [ 22.677826138547964, 49.563492816739377 ], [ 22.677069030780228, 49.551942672260829 ], [ 22.665736530790308, 49.545729660278724 ], [ 22.65721326594138, 49.540998524072499 ], [ 22.645784097197666, 49.534727628804859 ], [ 22.637356285528387, 49.530051059946814 ], [ 22.645058305218459, 49.524980643475516 ], [ 22.655677104999004, 49.517898680310807 ], [ 22.654901728777034, 49.506348965556654 ], [ 22.662418780075829, 49.501391690440911 ], [ 22.681489107484769, 49.500791571407021 ], [ 22.69227741679445, 49.493586227463538 ], [ 22.699690731568584, 49.488689096739215 ], [ 22.710557500809561, 49.481426147712625 ], [ 22.709758914634111, 49.469877397551222 ], [ 22.7089566759233, 49.458328748898182 ], [ 22.70815107035974, 49.446780192513103 ], [ 22.707342363873963, 49.435231719794913 ], [ 22.714398721198744, 49.430555671980272 ], [ 22.725581467567032, 49.423070280423637 ], [ 22.724763387776218, 49.411522172747866 ], [ 22.731691867727434, 49.406923977000552 ], [ 22.74298406932396, 49.399358430789256 ], [ 22.742157318442391, 49.387810668387345 ], [ 22.741328457334941, 49.376262958441217 ], [ 22.740497666373372, 49.364715295058836 ], [ 22.739665113399184, 49.353167672757607 ], [ 22.73883095458379, 49.341620086436365 ], [ 22.745462325872641, 49.337205474988323 ], [ 22.757010810068813, 49.329455111059822 ], [ 22.756169715296274, 49.317907817474577 ], [ 22.755327393319892, 49.306360547770325 ], [ 22.754483963598528, 49.294813298025581 ], [ 22.753639537213441, 49.283266064593832 ], [ 22.752794217440091, 49.271718844084745 ], [ 22.751948100280533, 49.260171633346708 ], [ 22.751101274959407, 49.248624429450452 ], [ 22.738210664830742, 49.241523899490439 ], [ 22.719242708850615, 49.242146032002488 ], [ 22.712289320357812, 49.238305166096168 ], [ 22.711449956318937, 49.226757485520722 ], [ 22.717768955227353, 49.222538775995929 ], [ 22.736730816181826, 49.221935315121478 ], [ 22.748557350098434, 49.213982832543593 ], [ 22.735591121711277, 49.206834738077234 ], [ 22.728739799542428, 49.203050419627118 ], [ 22.727894907722373, 49.19150296973632 ], [ 22.73412120243491, 49.187340033241824 ], [ 22.753069241645125, 49.18673399553537 ], [ 22.764968510358905, 49.178723817605082 ], [ 22.751917908424019, 49.171526827554771 ], [ 22.745159940500251, 49.167793987823359 ], [ 22.744309987655768, 49.156246755325043 ], [ 22.750451158512348, 49.152134887091236 ], [ 22.769385398314157, 49.151526268370475 ], [ 22.776074156014641, 49.155210931504719 ], [ 22.789199897103629, 49.162447230742089 ], [ 22.801156918058581, 49.154386782216733 ], [ 22.800293769623586, 49.142840276704206 ], [ 22.806367121484122, 49.138765777218453 ], [ 22.818368579314456, 49.130668087958881 ], [ 22.824406393047845, 49.126614059821215 ], [ 22.836433555021348, 49.118493297564633 ], [ 22.842436797618891, 49.114459153838872 ], [ 22.854488754833238, 49.106315907927936 ], [ 22.860458343152178, 49.102301092234256 ], [ 22.879371099274408, 49.101673507882246 ], [ 22.89145510571764, 49.093498664036332 ], [ 22.890570043691426, 49.081953340894721 ], [ 22.877261039649387, 49.074623056267598 ], [ 22.870772809860785, 49.07104475103548 ], [ 22.869892199386108, 49.059499138407752 ], [ 22.869011695409643, 49.047953506199491 ], [ 22.874876288294498, 49.044002120933264 ], [ 22.887030522835406, 49.035771864602914 ], [ 22.886145965299885, 49.024226444771436 ], [ 22.885261585786211, 49.0126810029574 ], [ 22.871867313234976, 49.005291541503112 ], [ 22.852992065187621, 49.005931806651787 ], [ 22.840820364249453, 49.014171068421817 ], [ 22.835004941398289, 49.018124390171941 ], [ 22.816124050483293, 49.018759145729405 ] ] ], [ [ [ 20.037720871608872, 49.200576369237545 ], [ 20.037435551393941, 49.200755035410374 ], [ 20.018970967391933, 49.212433397061474 ], [ 20.018877825084115, 49.212491679851333 ], [ 20.019098636569417, 49.218643266519059 ], [ 20.038121112441406, 49.219693551481356 ], [ 20.05714073052625, 49.220571266721556 ], [ 20.076157403206501, 49.221281527685086 ], [ 20.076099522679261, 49.211972710447185 ], [ 20.076024944417284, 49.200401940608316 ], [ 20.075947478214179, 49.18883117522644 ], [ 20.075446913544621, 49.188534721822123 ], [ 20.056461866353121, 49.188719099885944 ], [ 20.055989028938473, 49.189015404145955 ], [ 20.037720871608872, 49.200576369237545 ] ] ], [ [ [ 19.866830355459076, 49.203487717792306 ], [ 19.866826439366505, 49.202161559430834 ], [ 19.866806971984069, 49.202149969216833 ], [ 19.858204714782524, 49.202225946716347 ], [ 19.866830355459076, 49.203487717792306 ] ] ], [ [ [ 16.631793585505378, 50.116185385868853 ], [ 16.627898558095179, 50.118369772476925 ], [ 16.627416590679989, 50.129931003316884 ], [ 16.611303561256413, 50.138965731739674 ], [ 16.591960988731064, 50.138518056281953 ], [ 16.588079687096766, 50.140691335081009 ], [ 16.587588909194672, 50.15225224155045 ], [ 16.571442120908767, 50.161295533822184 ], [ 16.567666152142937, 50.163407605469814 ], [ 16.567173065057023, 50.174968372420757 ], [ 16.566682017990267, 50.186529162562536 ], [ 16.566193081015676, 50.198089977387092 ], [ 16.565706327046367, 50.209650818446548 ], [ 16.565221832028207, 50.221211687357147 ], [ 16.54852220387453, 50.230549051252289 ], [ 16.545272715990158, 50.23236276038201 ], [ 16.528542485207051, 50.241712104767501 ], [ 16.525318198178226, 50.243510331362245 ], [ 16.508553333602123, 50.252873908911788 ], [ 16.505358331378552, 50.25465439952098 ], [ 16.504864644832406, 50.266214843735398 ], [ 16.487942868459641, 50.275659060268154 ], [ 16.484895893797319, 50.277355260620759 ], [ 16.467929655014814, 50.286819220144721 ], [ 16.464922063102861, 50.288492175994634 ], [ 16.464424016640141, 50.300052366284916 ], [ 16.447284244549586, 50.309606299558652 ], [ 16.444441937916952, 50.311185638832633 ], [ 16.443943522316747, 50.322745732081671 ], [ 16.426618436125189, 50.33239625806619 ], [ 16.407199989114318, 50.331923650119862 ], [ 16.387781927622097, 50.331450041103203 ], [ 16.384977918753389, 50.333004832091305 ], [ 16.384467740595209, 50.344564472224427 ], [ 16.367077636466941, 50.354237979173973 ], [ 16.364467446060416, 50.355683759856845 ], [ 16.366911249093516, 50.357244092884784 ], [ 16.383457011853061, 50.367683912787172 ], [ 16.365788844446623, 50.377509155757586 ], [ 16.363451771490851, 50.378802949493085 ], [ 16.34570282880679, 50.388668287945805 ], [ 16.32626243182392, 50.388187360507104 ], [ 16.306822438069101, 50.387705250212228 ], [ 16.290452426884396, 50.377124221809069 ], [ 16.288046934050652, 50.375585803836373 ], [ 16.285472528559534, 50.377008028106786 ], [ 16.267943686833611, 50.386737090183054 ], [ 16.265456380897888, 50.388110106640923 ], [ 16.264929330973565, 50.399668952429053 ], [ 16.247156159457436, 50.409527630622165 ], [ 16.244907774755216, 50.410767434346532 ], [ 16.227028379714472, 50.420680289166761 ], [ 16.224882848539465, 50.421862437625904 ], [ 16.206890956712151, 50.43183294281566 ], [ 16.204854745821457, 50.432953966081904 ], [ 16.204327588202702, 50.444512580156875 ], [ 16.206078086291715, 50.445633083880125 ], [ 16.207955500836107, 50.444599746461968 ], [ 16.226214141338392, 50.434609687324105 ], [ 16.24334582755365, 50.445444105107569 ], [ 16.224984713421101, 50.455620993858503 ], [ 16.223317533417141, 50.456538820761615 ], [ 16.224872730902185, 50.457533564819812 ], [ 16.244343525260469, 50.45796828309129 ], [ 16.261852093055623, 50.469023644776065 ], [ 16.263153255066342, 50.469854832183898 ], [ 16.282629967017193, 50.470278748468949 ], [ 16.300429892354156, 50.481496517847702 ], [ 16.301454822811767, 50.482150405807552 ], [ 16.319499254352692, 50.49350852648287 ], [ 16.319030042037369, 50.505068697833572 ], [ 16.319641325724454, 50.505458308076271 ], [ 16.320295099623902, 50.505097843843231 ], [ 16.33977749569738, 50.494418508427984 ], [ 16.359266090729953, 50.494818739328835 ], [ 16.377727642031811, 50.506406532520643 ], [ 16.378121346193875, 50.506657062899734 ], [ 16.396865767587688, 50.518407139273542 ], [ 16.396986512834012, 50.518483916597297 ], [ 16.416387241819255, 50.520679896395109 ], [ 16.422914673632665, 50.518987001820186 ], [ 16.436189691455223, 50.515497897176623 ], [ 16.456005330119279, 50.509988378574143 ], [ 16.461851803046002, 50.508272161018155 ], [ 16.47583563952799, 50.50411569370587 ], [ 16.495679095480689, 50.497899838145798 ], [ 16.497004546157562, 50.497463029029639 ], [ 16.51553823592532, 50.491284046736524 ], [ 16.528985324725163, 50.486576029719508 ], [ 16.535410822429782, 50.484301434542687 ], [ 16.555297945538996, 50.476921714671441 ], [ 16.558619801593974, 50.475631096159304 ], [ 16.57520015843134, 50.469124063819983 ], [ 16.586145449640586, 50.464634938978882 ], [ 16.595116309915685, 50.4609205253876 ], [ 16.61206226880601, 50.453599311660902 ], [ 16.615046509956887, 50.452298478553665 ], [ 16.634991151905027, 50.443239168653363 ], [ 16.636495437474537, 50.442527825843783 ], [ 16.654950232964811, 50.433731183017933 ], [ 16.659605607322302, 50.43142464255903 ], [ 16.674922945468346, 50.423779121714119 ], [ 16.681645486685074, 50.420295582361781 ], [ 16.694909091608068, 50.413375181284451 ], [ 16.70273036203319, 50.409143526157713 ], [ 16.714908404046259, 50.402512711642707 ], [ 16.72296103849153, 50.397970962833547 ], [ 16.734920553137488, 50.391186118292509 ], [ 16.74242582720051, 50.386780048765509 ], [ 16.754945155499463, 50.379390730837073 ], [ 16.761202236144559, 50.375572657349416 ], [ 16.774981783664863, 50.367122641222174 ], [ 16.779358409650982, 50.36435042033844 ], [ 16.795029976544104, 50.354378515457476 ], [ 16.796954354443155, 50.353114762428639 ], [ 16.814007404873252, 50.341866261149846 ], [ 16.815089530069187, 50.341149289942742 ], [ 16.830521527333474, 50.330605226721822 ], [ 16.835160316100961, 50.327423877124716 ], [ 16.84660706513467, 50.319333930699329 ], [ 16.855241317876416, 50.313210497345686 ], [ 16.8623025133185, 50.308053256906625 ], [ 16.875332042740748, 50.298505941378707 ], [ 16.877641919756911, 50.296763983190992 ], [ 16.892567837866462, 50.285465206777296 ], [ 16.895432796192317, 50.283288783881808 ], [ 16.907117324831592, 50.274157752432743 ], [ 16.915543112889065, 50.267554382928807 ], [ 16.921389622141945, 50.262843535239114 ], [ 16.935398876481464, 50.251522907247171 ], [ 16.935662032647684, 50.251309361754821 ], [ 16.948990654015429, 50.240193235607819 ], [ 16.955790923019656, 50.234506213153416 ], [ 16.956122846181881, 50.228748506479377 ], [ 16.956039416999204, 50.228695941041593 ], [ 16.936660044414634, 50.228204167056845 ], [ 16.91728080656447, 50.227717473865638 ], [ 16.897901718476191, 50.227235370119615 ], [ 16.88016243529346, 50.215816498666378 ], [ 16.880819814822775, 50.204257917302066 ], [ 16.879556092901026, 50.203459670156718 ], [ 16.8601865434057, 50.20299061622611 ], [ 16.858658273510454, 50.203851405583329 ], [ 16.8402915645927, 50.214167306669417 ], [ 16.823236890582667, 50.203192874944733 ], [ 16.82389288545107, 50.191634491726987 ], [ 16.821977856132495, 50.190422663035321 ], [ 16.802613553189392, 50.189963675686137 ], [ 16.786117098807178, 50.179349678773988 ], [ 16.786769092877766, 50.167791338743008 ], [ 16.787417828892909, 50.156232915081432 ], [ 16.784863934101818, 50.154614053779135 ], [ 16.768843538730547, 50.144306592908755 ], [ 16.766055852743818, 50.142538222468787 ], [ 16.746710758037018, 50.142090799400947 ], [ 16.731033664782817, 50.132002804247378 ], [ 16.73167973954747, 50.120444503994989 ], [ 16.728466892959926, 50.118403403329538 ], [ 16.713092293815318, 50.108508771823956 ], [ 16.709686041015043, 50.106343195018518 ], [ 16.690355666447172, 50.105901216079133 ], [ 16.671025609472522, 50.105459071582224 ], [ 16.667220563654674, 50.107595767284849 ], [ 16.651127599089687, 50.116629536172184 ], [ 16.631793585505378, 50.116185385868853 ] ] ] ] } },
{ "type": "Feature", "properties": { "cykl": 1, "typ_martwego_drewna": "wszystkie", "prog_zasobnosci_m3ha": 15, "srednia_krajowa_m3ha": 2.6112319670759905, "max_zasobnosci_m3ha": 30.992271232819288, "n_traktow": 8780 }, "geometry": { "type": "Polygon", "coordinates": [ [ [ 22.853136283037891, 49.007798156922306 ], [ 22.843872297806097, 49.014069290632264 ], [ 22.835149211649675, 49.019999392713494 ], [ 22.816267915464501, 49.020638117344156 ], [ 22.807055506328133, 49.026866780261834 ], [ 22.798267101744113, 49.032834895621804 ], [ 22.789092051294755, 49.039033941530917 ], [ 22.780257532938201, 49.045029768560042 ], [ 22.771120987842682, 49.051198459073632 ], [ 22.762239204945303, 49.057222770365016 ], [ 22.75245025974538, 49.051807894029473 ], [ 22.74247309108981, 49.046289041475482 ], [ 22.723579935421871, 49.046914613555963 ], [ 22.704686161799202, 49.047537496155492 ], [ 22.69485966366247, 49.042093726274508 ], [ 22.684936213892549, 49.036594953912839 ], [ 22.675871193357423, 49.042700934230822 ], [ 22.66689677662357, 49.048775259289258 ], [ 22.648001173175505, 49.049390175748428 ], [ 22.638999994494043, 49.055445794725458 ], [ 22.639869971128959, 49.06699308100189 ], [ 22.630791630301395, 49.073130673997959 ], [ 22.621858448019623, 49.079135144853559 ], [ 22.612725914265301, 49.085305876494473 ], [ 22.60383975485933, 49.091274528260676 ], [ 22.594651431919708, 49.097479476444605 ], [ 22.575735978045419, 49.098085235799523 ], [ 22.565608630513399, 49.092463297615716 ], [ 22.555992672423553, 49.087122300203532 ], [ 22.54718117235894, 49.093031743665883 ], [ 22.53790331939755, 49.099289254743098 ], [ 22.527715144205832, 49.093629018218664 ], [ 22.518167601202734, 49.088320774693507 ], [ 22.499254206237303, 49.088916354974195 ], [ 22.4803402446239, 49.089509539427702 ], [ 22.471642074330536, 49.095331077792679 ], [ 22.462231126252117, 49.10166810243178 ], [ 22.443311673094136, 49.102256923142711 ], [ 22.424391667812227, 49.102843460676581 ], [ 22.40547111548922, 49.10342775559625 ], [ 22.396931118071588, 49.109130651307382 ], [ 22.397750731047889, 49.120680763063753 ], [ 22.388127451041218, 49.127149195377456 ], [ 22.379678729016618, 49.132786031581631 ], [ 22.380496723491135, 49.144336255829408 ], [ 22.370767879501141, 49.150871644802109 ], [ 22.351828194382598, 49.151450868167444 ], [ 22.341118789957537, 49.145483704697888 ], [ 22.332111077413305, 49.140456201628687 ], [ 22.313174730777359, 49.141031045462924 ], [ 22.294237869334417, 49.141603957322168 ], [ 22.275300498931895, 49.142174996961643 ], [ 22.267138202145819, 49.147602997979355 ], [ 22.257121988541819, 49.154317541346629 ], [ 22.238179232178183, 49.154885405130472 ], [ 22.230149585030048, 49.160218679482881 ], [ 22.230937141691761, 49.171770532700982 ], [ 22.231726145557094, 49.183322326723939 ], [ 22.22149086768156, 49.190177054456775 ], [ 22.210281803449206, 49.183921030595322 ], [ 22.201786206133487, 49.1791667103886 ], [ 22.182833214622761, 49.17973057883227 ], [ 22.175040878599237, 49.184896241134503 ], [ 22.164618714715932, 49.191869939658922 ], [ 22.145660390736587, 49.192431442101487 ], [ 22.138031629957574, 49.197482489688831 ], [ 22.127432291304064, 49.204570073213397 ], [ 22.108468658516792, 49.205129584896127 ], [ 22.089504580869654, 49.205688037006453 ], [ 22.082129186341376, 49.210562869009607 ], [ 22.071258057653939, 49.217825881166654 ], [ 22.052288709830911, 49.218382958620154 ], [ 22.045114397687321, 49.223119084412289 ], [ 22.045869369708534, 49.234672681622548 ], [ 22.046626158806973, 49.24622621161668 ], [ 22.04738483975477, 49.257779672405356 ], [ 22.036160753489234, 49.26527217199606 ], [ 22.029246571080243, 49.269830551186601 ], [ 22.030005345886735, 49.281384064583712 ], [ 22.018588089942366, 49.289002618758389 ], [ 22.011863121705797, 49.293432188488403 ], [ 22.000294963498106, 49.301149222591796 ], [ 21.993719193070088, 49.305477423320021 ], [ 21.981993114161938, 49.313297661116316 ], [ 21.975573953800964, 49.317519758529741 ], [ 21.976330454206661, 49.329073534128113 ], [ 21.977089604071146, 49.340627221869461 ], [ 21.965076417339656, 49.348636129234578 ], [ 21.946056035443476, 49.349196315749161 ], [ 21.927035272626178, 49.349756544754811 ], [ 21.908014136225869, 49.35031694692524 ], [ 21.902238582657095, 49.3541056257313 ], [ 21.889672641871435, 49.362476306420007 ], [ 21.884093972351145, 49.36613320868755 ], [ 21.871322454957696, 49.374639065251394 ], [ 21.852291372208672, 49.375202144753025 ], [ 21.847063513324123, 49.37862487167876 ], [ 21.847809216879934, 49.390179471658975 ], [ 21.834596030350944, 49.398976119879435 ], [ 21.820085681963981, 49.39085955363128 ], [ 21.814891512624186, 49.387935518420775 ], [ 21.800293379240905, 49.379768090096043 ], [ 21.795196081243898, 49.376896382563331 ], [ 21.780501578150172, 49.36867326003722 ], [ 21.775509730300396, 49.365858800361174 ], [ 21.770848051958023, 49.368905219873056 ], [ 21.771576093786877, 49.380460635251367 ], [ 21.75778093757965, 49.389638555606048 ], [ 21.753448892614383, 49.392466943355757 ], [ 21.73938955894614, 49.401818874734353 ], [ 21.735325737771173, 49.404470233016852 ], [ 21.720989530051568, 49.414004609886405 ], [ 21.717207276078668, 49.416470491386157 ], [ 21.702580858334976, 49.426196165706813 ], [ 21.686493014499028, 49.417188660426056 ], [ 21.682895263561072, 49.41515727142604 ], [ 21.663847687857992, 49.415736538299996 ], [ 21.660700180705813, 49.417785437276386 ], [ 21.661424270019811, 49.429341405727172 ], [ 21.646050333024846, 49.4395584420689 ], [ 21.643327331146505, 49.441329362467492 ], [ 21.627614930370935, 49.45176941930405 ], [ 21.610319246920287, 49.442079599992304 ], [ 21.607935966633175, 49.44073193849605 ], [ 21.588878358424747, 49.441322311668308 ], [ 21.569820468219959, 49.441915207252926 ], [ 21.550762295957053, 49.44251068691581 ], [ 21.531703840639096, 49.44310879602974 ], [ 21.51307710022833, 49.432662508690903 ], [ 21.51259602092809, 49.421100539307453 ], [ 21.511456796228977, 49.42045438201248 ], [ 21.510386016897872, 49.421148567442444 ], [ 21.492996093238368, 49.432682737016194 ], [ 21.473844692389171, 49.421936552835191 ], [ 21.473356211523217, 49.421659211887771 ], [ 21.454305472762954, 49.422265449601937 ], [ 21.446099666195931, 49.422527124162322 ], [ 21.453187560852928, 49.433949235200821 ], [ 21.455031562575403, 49.436808980624612 ], [ 21.460547759721756, 49.445365114775207 ], [ 21.468221421375151, 49.456773833212779 ], [ 21.47565714820303, 49.467352628459217 ], [ 21.476236120868627, 49.468174738770202 ], [ 21.484572022808891, 49.479568188304185 ], [ 21.493290365520433, 49.490952793108384 ], [ 21.496137557145037, 49.49452367784496 ], [ 21.502387655276976, 49.502328543958605 ], [ 21.51189973073495, 49.513694574519079 ], [ 21.516501114823917, 49.518964681712013 ], [ 21.52184856779758, 49.525050304987182 ], [ 21.532261916861962, 49.53639501689986 ], [ 21.536765916145239, 49.541096865060929 ], [ 21.543171763347953, 49.547727883455792 ], [ 21.554611030734957, 49.55904803913009 ], [ 21.556946941550947, 49.561266514577071 ], [ 21.566617269022526, 49.570354495928974 ], [ 21.577054460602941, 49.579718222687703 ], [ 21.579229843856421, 49.581646202027862 ], [ 21.592496317299016, 49.592921895838053 ], [ 21.597097534834251, 49.596665293100592 ], [ 21.606468177322281, 49.604180195210311 ], [ 21.617085531890268, 49.612319438291195 ], [ 21.621195293640973, 49.615419717798979 ], [ 21.636740614845671, 49.626638743930286 ], [ 21.637025151773049, 49.626835907917474 ], [ 21.653193441133645, 49.63783489968494 ], [ 21.656917394928193, 49.640260157673019 ], [ 21.670621563520328, 49.649006237299552 ], [ 21.67677036016973, 49.652765423585585 ], [ 21.689119611568628, 49.660150121298265 ], [ 21.69658723906295, 49.66443071918453 ], [ 21.708797835063219, 49.671263462589643 ], [ 21.716370995758531, 49.675328470507758 ], [ 21.729784695224168, 49.682342634169302 ], [ 21.736124369510968, 49.68552483368709 ], [ 21.752230155476468, 49.693383363580779 ], [ 21.755849877235168, 49.695079994450992 ], [ 21.775549343015221, 49.704040153371793 ], [ 21.776319425551694, 49.704380365789042 ], [ 21.795222294534895, 49.712410133299841 ], [ 21.802327869612331, 49.715325954699424 ], [ 21.814873193113716, 49.720279858136088 ], [ 21.830471767250682, 49.726213555952555 ], [ 21.834503825241271, 49.727690730525268 ], [ 21.854112610506498, 49.73462558645091 ], [ 21.861184841483436, 49.737030900732343 ], [ 21.87370193898494, 49.741134897415229 ], [ 21.893274490973432, 49.747272577322128 ], [ 21.89490603275917, 49.747764977949231 ], [ 21.9128265253492, 49.752983902996192 ], [ 21.932364583822164, 49.758386008767772 ], [ 21.932394481509121, 49.758393942994353 ], [ 21.951882848664848, 49.763389443769483 ], [ 21.971388002615306, 49.768111475346984 ], [ 21.974744881385742, 49.768886025573622 ], [ 21.990875544016077, 49.77248463790113 ], [ 22.010349252274128, 49.776576801566904 ], [ 22.023580900454146, 49.779193512086813 ], [ 22.0298086303704, 49.780385524350123 ], [ 22.049252236734546, 49.783893385102189 ], [ 22.068683139147236, 49.787154718102265 ], [ 22.081952911312609, 49.789227051486975 ], [ 22.088100241316052, 49.790157023863955 ], [ 22.107502453348367, 49.792888213994445 ], [ 22.126892131389241, 49.795389962910811 ], [ 22.146269269022575, 49.797666467964213 ], [ 22.156738228878233, 49.798784927548823 ], [ 22.165632803664991, 49.799705633055616 ], [ 22.184982722465843, 49.801511639255295 ], [ 22.204320283010048, 49.803107786886599 ], [ 22.22364549004093, 49.804497957436141 ], [ 22.242958351886163, 49.805685986911669 ], [ 22.262258881101854, 49.806675676957674 ], [ 22.273105937844917, 49.807126512040178 ], [ 22.281546649506385, 49.807464221191239 ], [ 22.300821706471215, 49.808055888521686 ], [ 22.320084661425131, 49.808463021335136 ], [ 22.339335544334549, 49.808689257273926 ], [ 22.358574389880506, 49.808738213295612 ], [ 22.377801237397495, 49.808613485579222 ], [ 22.397016130697676, 49.808318647800405 ], [ 22.416219117779814, 49.807857247830931 ], [ 22.435410250423452, 49.807232802930777 ], [ 22.454589583670021, 49.806448793513646 ], [ 22.473757175193544, 49.805508655576645 ], [ 22.492913084564407, 49.804415771893197 ], [ 22.512057372410695, 49.80317346207503 ], [ 22.531190099482099, 49.801784971613301 ], [ 22.550311325621934, 49.800253460011817 ], [ 22.569421108653447, 49.798581988126095 ], [ 22.572744627971908, 49.798266212474651 ], [ 22.588519100746669, 49.79676806611009 ], [ 22.607605714969328, 49.794819481527725 ], [ 22.626681117043237, 49.792740547920779 ], [ 22.645745373392458, 49.79053416481883 ], [ 22.664798543506304, 49.788203076841604 ], [ 22.683840678446398, 49.78574985815213 ], [ 22.702871819312385, 49.783176896824934 ], [ 22.708104482590972, 49.782434439844941 ], [ 22.721891645525364, 49.780481814584967 ], [ 22.74090057661795, 49.77767187751374 ], [ 22.759898817575316, 49.774751434868108 ], [ 22.778886393435275, 49.77172243588511 ], [ 22.79786331284669, 49.768586579172023 ], [ 22.802464888667878, 49.767797886174243 ], [ 22.816829352949942, 49.765342583027362 ], [ 22.835784941940631, 49.761997427714832 ], [ 22.854730184833684, 49.758553885666259 ], [ 22.873665054385761, 49.755013015749569 ], [ 22.880902558291982, 49.753618918025843 ], [ 22.873331615454806, 49.742298212553813 ], [ 22.872620318171073, 49.741912024572954 ], [ 22.853961945975726, 49.731370750319073 ], [ 22.853571863771005, 49.719809323084355 ], [ 22.851571347046512, 49.71872201961498 ], [ 22.834102006828754, 49.708881968766384 ], [ 22.831482221786946, 49.707456971082642 ], [ 22.814582810120498, 49.697953027327941 ], [ 22.81140509652051, 49.696223198615449 ], [ 22.795019915642026, 49.6870222880939 ], [ 22.791339656503609, 49.685017324372545 ], [ 22.775418440751, 49.676089561241255 ], [ 22.774868546879404, 49.664533201418365 ], [ 22.774296819476294, 49.652977540897531 ], [ 22.769467595865795, 49.650343109869489 ], [ 22.754616983878456, 49.642043969290377 ], [ 22.749437580549024, 49.639216299536415 ], [ 22.734912577310165, 49.631107902488928 ], [ 22.734284121882343, 49.619553927349649 ], [ 22.728524025580505, 49.616405898401162 ], [ 22.714543479136715, 49.60861564983756 ], [ 22.713885891437677, 49.597062519279909 ], [ 22.707634276063352, 49.593642245112605 ], [ 22.694117028543094, 49.58612174950413 ], [ 22.693435685429524, 49.574569280723573 ], [ 22.686767617483117, 49.570917303767537 ], [ 22.673645312620906, 49.563625785020335 ], [ 22.67294474206879, 49.552073824994849 ], [ 22.665923447994391, 49.548224326669633 ], [ 22.653138467846375, 49.541127409900916 ], [ 22.645967733107724, 49.537192915321192 ], [ 22.633325935062572, 49.530177854154971 ], [ 22.644879043386776, 49.522572437434576 ], [ 22.651698534639561, 49.518024487597842 ], [ 22.65096720771329, 49.50647336236036 ], [ 22.662242860147092, 49.499037647911898 ], [ 22.681312500928584, 49.49844056635137 ], [ 22.688395289408188, 49.493710236880837 ], [ 22.699515335830384, 49.486364733765768 ], [ 22.706720325736228, 49.481549339238335 ], [ 22.705960045470974, 49.469999341478406 ], [ 22.705194005348496, 49.458449513044336 ], [ 22.704422634129777, 49.446899840091028 ], [ 22.703646330947059, 49.435350309730531 ], [ 22.714230934577788, 49.428336412962437 ], [ 22.721922188975121, 49.42318827917574 ], [ 22.721133488845293, 49.411639206275026 ], [ 22.731526274341238, 49.404742081412955 ], [ 22.739388146348841, 49.399474946279753 ], [ 22.738588097593002, 49.387926300816879 ], [ 22.737784601260056, 49.376377751289219 ], [ 22.736977928143364, 49.364829288865266 ], [ 22.736168330240428, 49.353280905326763 ], [ 22.735356042043147, 49.341732593026784 ], [ 22.745303159322301, 49.335110830554562 ], [ 22.753563617015985, 49.329567272524251 ], [ 22.752742574137972, 49.318019308745349 ], [ 22.751919408215482, 49.306471398123378 ], [ 22.751094298671159, 49.294923534778356 ], [ 22.750267412360891, 49.283375713242236 ], [ 22.749438904431464, 49.271827928430788 ], [ 22.748608919119231, 49.260280175617332 ], [ 22.747777590494039, 49.248732450408411 ], [ 22.738363582521309, 49.243546835748937 ], [ 22.719395194935405, 49.244173530704302 ], [ 22.708965056923208, 49.238412090213963 ], [ 22.70813995774035, 49.226863933396473 ], [ 22.717618510456198, 49.220536009561599 ], [ 22.736579956149871, 49.219937198011678 ], [ 22.745276747172344, 49.214089401004088 ], [ 22.735741872273699, 49.208832861992484 ], [ 22.725464835176645, 49.203156246837793 ], [ 22.724632808738807, 49.191608363844971 ], [ 22.715050870756134, 49.186320347481377 ], [ 22.704830910327605, 49.180671421271754 ], [ 22.71416016396083, 49.174435798677379 ], [ 22.724330012301085, 49.180043374951971 ], [ 22.733972303830665, 49.185364095535867 ], [ 22.752919932417342, 49.184762598609453 ], [ 22.761734098089807, 49.178829367353593 ], [ 22.752067108268001, 49.173498231281123 ], [ 22.74193010381704, 49.167898837949856 ], [ 22.741091843686508, 49.156351208548045 ], [ 22.750303651797903, 49.150183538993403 ], [ 22.769237484245629, 49.149579347056012 ], [ 22.779270569115518, 49.155106210767549 ], [ 22.789050977586104, 49.160498108455855 ], [ 22.797960632180573, 49.154492107652992 ], [ 22.797108869935247, 49.142945209492453 ], [ 22.806218949251424, 49.136833590316371 ], [ 22.815201590322136, 49.130772935469658 ], [ 22.824258362111443, 49.124692021857221 ], [ 22.833283978968506, 49.118598070435993 ], [ 22.842288893731361, 49.112546982031368 ], [ 22.851356119873447, 49.106420616174994 ], [ 22.860310552908388, 49.100398518454007 ], [ 22.879222876831747, 49.099774659195944 ], [ 22.888345105889492, 49.093603623352813 ], [ 22.887469971303279, 49.082057947622928 ], [ 22.877408617667751, 49.076516293245966 ], [ 22.867676223111655, 49.071148712459888 ], [ 22.866805009953925, 49.059602766907986 ], [ 22.865933669713094, 49.048056809701251 ], [ 22.874730608017718, 49.042129853300274 ], [ 22.883967639355291, 49.035875146897737 ], [ 22.88309182044987, 49.024329415007564 ], [ 22.882215981074914, 49.012783667908074 ], [ 22.87201194379902, 49.007154122967712 ], [ 22.853136283037891, 49.007798156922306 ] ] ] } },
{ "type": "Feature", "properties": { "cykl": 1, "typ_martwego_drewna": "wszystkie", "prog_zasobnosci_m3ha": 20, "srednia_krajowa_m3ha": 2.6112319670759905, "max_zasobnosci_m3ha": 30.992271232819288, "n_traktow": 8780 }, "geometry": { "type": "MultiPolygon", "coordinates": [ [ [ [ 22.846924214202492, 49.013967432278321 ], [ 22.835293496841629, 49.021874394326531 ], [ 22.816411795375998, 49.022517088029552 ], [ 22.810128855808454, 49.026765197839417 ], [ 22.798411047506324, 49.034722846512352 ], [ 22.792180848730428, 49.038932337508633 ], [ 22.780401555753812, 49.046926936700942 ], [ 22.774225628717453, 49.051096825533243 ], [ 22.762383316722627, 49.059129405419121 ], [ 22.749331324402764, 49.051909403937984 ], [ 22.742616333670028, 49.048194952044483 ], [ 22.723722796964264, 49.048825083956494 ], [ 22.704828648673544, 49.049452658947644 ], [ 22.691726586212944, 49.042194131189646 ], [ 22.685077866853366, 49.038509882231075 ], [ 22.67900435857208, 49.042600959004957 ], [ 22.667038534322895, 49.050700227009806 ], [ 22.648142576939204, 49.051320268149155 ], [ 22.642158784621486, 49.055346021285722 ], [ 22.643038029739699, 49.06689299659547 ], [ 22.630933640863301, 49.075076625609199 ], [ 22.625044720421513, 49.079034990234256 ], [ 22.612868074752672, 49.087262806086194 ], [ 22.607044790070251, 49.091174292160304 ], [ 22.594793759284272, 49.099447732119387 ], [ 22.575877980045938, 49.100059364861949 ], [ 22.562374783215599, 49.092563268366 ], [ 22.556133860304922, 49.089096803157098 ], [ 22.550415103463852, 49.092932197856868 ], [ 22.538044699468387, 49.101275724882882 ], [ 22.52446039895543, 49.0937285615937 ], [ 22.518308188781401, 49.090307990104023 ], [ 22.499394509434662, 49.090910254398338 ], [ 22.480480274612216, 49.09151035554585 ], [ 22.474919254066517, 49.095232353867559 ], [ 22.462371390272935, 49.103681903829084 ], [ 22.443451687682991, 49.104278173079209 ], [ 22.424531445934175, 49.104872430036927 ], [ 22.405610670732226, 49.105464728864654 ], [ 22.400268452483179, 49.109032289066782 ], [ 22.401098791906577, 49.120582066557702 ], [ 22.388267820368259, 49.129206834800847 ], [ 22.383051539569358, 49.13268714113017 ], [ 22.383880847036099, 49.144237015410916 ], [ 22.370909124682289, 49.152951063339678 ], [ 22.351969262509069, 49.153539399036283 ], [ 22.337689986281962, 49.145582979858688 ], [ 22.332251444183029, 49.14254748742902 ], [ 22.313314954581863, 49.14313212544149 ], [ 22.294377968542427, 49.143715221222351 ], [ 22.275440492786011, 49.144296854521052 ], [ 22.270617320935742, 49.14750439916844 ], [ 22.257262440648791, 49.156457330834591 ], [ 22.238319621017148, 49.157036725558626 ], [ 22.233677915690581, 49.160119825638247 ], [ 22.234478019510028, 49.171671308894581 ], [ 22.23527989298908, 49.183222723756913 ], [ 22.221632929355703, 49.192362576873514 ], [ 22.206687436153228, 49.184020990567149 ], [ 22.201927666909743, 49.181357263400898 ], [ 22.182974684040886, 49.181934293094919 ], [ 22.178656950380695, 49.184796671626152 ], [ 22.164760806708905, 49.194095160140428 ], [ 22.14580254498253, 49.194671036299503 ], [ 22.141707516650246, 49.197382460354433 ], [ 22.12757514159145, 49.206832803006066 ], [ 22.108611629767573, 49.207408027882231 ], [ 22.089647703667083, 49.207982876630318 ], [ 22.085896749207375, 49.210462179325134 ], [ 22.071401989933644, 49.220146438514547 ], [ 22.052432860430553, 49.220721459939881 ], [ 22.04895462234283, 49.223017692485179 ], [ 22.049725182446792, 49.234570858839696 ], [ 22.050498014087541, 49.246123945769632 ], [ 22.05127321683571, 49.257676950620159 ], [ 22.036307851766658, 49.267667208844209 ], [ 22.033183379674853, 49.269727175584521 ], [ 22.033959879391418, 49.281280203639263 ], [ 22.018736957177673, 49.291438543499204 ], [ 22.015869066068703, 49.293327613899542 ], [ 22.000444942595717, 49.303617267328093 ], [ 21.997778956718456, 49.305372088868069 ], [ 21.982144274180378, 49.315799354641996 ], [ 21.979690078475439, 49.317413615686959 ], [ 21.980467378651511, 49.328966834081676 ], [ 21.981248062975386, 49.340519945368925 ], [ 21.965230573978435, 49.351198784402754 ], [ 21.946210667948293, 49.351783454280103 ], [ 21.927190424843474, 49.352369223114088 ], [ 21.90816985335498, 49.352956265204327 ], [ 21.906584390611119, 49.353996342298508 ], [ 21.889829902372963, 49.365157573050723 ], [ 21.888509936106772, 49.36602286189936 ], [ 21.871481348376037, 49.377364337660332 ], [ 21.852450982388323, 49.377957949656057 ], [ 21.851603397763299, 49.378512891448459 ], [ 21.852375949469927, 49.390066806295749 ], [ 21.834758475397319, 49.401796027417845 ], [ 21.815411233980175, 49.390973565063909 ], [ 21.815053728678908, 49.390772303234364 ], [ 21.795589440054499, 49.379882020001865 ], [ 21.795358150187703, 49.37975171253116 ], [ 21.777373010365693, 49.380321413184816 ], [ 21.7866081904738, 49.391671899913874 ], [ 21.796207092123396, 49.403012855354426 ], [ 21.796712205310406, 49.403589694893107 ], [ 21.806329417477741, 49.414340311834316 ], [ 21.816868547746818, 49.42565673342493 ], [ 21.817062133026162, 49.425857522809643 ], [ 21.828008465144471, 49.436957505624733 ], [ 21.837309174251764, 49.446015893726887 ], [ 21.839652577003189, 49.448244831031786 ], [ 21.851948015261662, 49.459514928902138 ], [ 21.857468921111124, 49.464381531201688 ], [ 21.864897238973434, 49.470767533440956 ], [ 21.877554472497167, 49.481218533864549 ], [ 21.878528208448266, 49.482001731635577 ], [ 21.893004675893931, 49.493213187133769 ], [ 21.897568663647487, 49.496609054341967 ], [ 21.908337259577856, 49.504401319024581 ], [ 21.917523331630271, 49.510783795201021 ], [ 21.92460712702179, 49.515563737176265 ], [ 21.937424362164506, 49.523867284621673 ], [ 21.941928862076242, 49.526697134340417 ], [ 21.957275961651504, 49.535952520605953 ], [ 21.960436158858219, 49.537797619168884 ], [ 21.977082083994475, 49.547125594372091 ], [ 21.980285880616485, 49.548860584351331 ], [ 21.996846456225338, 49.557466383929672 ], [ 22.001663387137672, 49.55988053260991 ], [ 22.0165725968963, 49.567049095501943 ], [ 22.024789574145053, 49.570850845030314 ], [ 22.036263827868453, 49.575942671296602 ], [ 22.049930250853009, 49.581763469441576 ], [ 22.05592328017444, 49.584211081589977 ], [ 22.075552449745039, 49.59189056012648 ], [ 22.077463146708691, 49.592607048785226 ], [ 22.095149480452761, 49.59896343314189 ], [ 22.108010699399642, 49.603363157594877 ], [ 22.114722115481204, 49.605562979366248 ], [ 22.134267972262105, 49.611661233345274 ], [ 22.142206937015452, 49.614012193839429 ], [ 22.153788890887324, 49.617296289147397 ], [ 22.173287543914743, 49.622518051465235 ], [ 22.181204812115343, 49.624519226655117 ], [ 22.192762629684466, 49.627314399565883 ], [ 22.212216525294973, 49.631729376332288 ], [ 22.226845829903951, 49.63482805137712 ], [ 22.231651285710967, 49.635801053705002 ], [ 22.25106283005433, 49.6394744922613 ], [ 22.270457898100378, 49.642857441681059 ], [ 22.282730366799058, 49.644828690251451 ], [ 22.289833937154256, 49.645917294294449 ], [ 22.309189516244281, 49.648638738792947 ], [ 22.328529145885966, 49.651093844582327 ], [ 22.347852879058092, 49.653288064683089 ], [ 22.357436540433788, 49.654257625555289 ], [ 22.367158342970786, 49.655191596894689 ], [ 22.386446056556526, 49.656816941509284 ], [ 22.405718514847866, 49.658204582807585 ], [ 22.4249758139037, 49.659359936418859 ], [ 22.444218060879805, 49.660288445066783 ], [ 22.463445374477381, 49.660995584511539 ], [ 22.482657885216838, 49.661486866861573 ], [ 22.496924487090489, 49.661697902979689 ], [ 22.501855313406949, 49.661761966909609 ], [ 22.521037387360515, 49.66182067019615 ], [ 22.540205499780598, 49.661685670115567 ], [ 22.559359819128989, 49.661362402839465 ], [ 22.578500522823873, 49.660856304168995 ], [ 22.597627796499399, 49.660172799918151 ], [ 22.616741833135109, 49.659317294849671 ], [ 22.635842832065055, 49.658295160344174 ], [ 22.654930997876761, 49.657111720983401 ], [ 22.662649401878014, 49.656567918699018 ], [ 22.674005699011669, 49.655761094737628 ], [ 22.693067143393993, 49.654248594237608 ], [ 22.712116148326075, 49.652587420054445 ], [ 22.731152950691264, 49.650782918472672 ], [ 22.750177787514996, 49.648840325962546 ], [ 22.749892466326415, 49.642197296662324 ], [ 22.749656923866688, 49.642068699861795 ], [ 22.730290106014746, 49.631257139604394 ], [ 22.72974784947316, 49.619700368306674 ], [ 22.728733378541101, 49.619145921210169 ], [ 22.710092514932764, 49.60875858537014 ], [ 22.709509536842898, 49.597203044670728 ], [ 22.707835044509132, 49.596286902303007 ], [ 22.689811922543161, 49.586259258766624 ], [ 22.689195396425966, 49.57470470478507 ], [ 22.686960979418402, 49.573480925671674 ], [ 22.66946445573581, 49.563758602526917 ], [ 22.668820423240469, 49.55220483099508 ], [ 22.666110391175479, 49.550718991458524 ], [ 22.649063640515386, 49.541256152484515 ], [ 22.646151394233581, 49.539658200278701 ], [ 22.62929555615402, 49.53030450821511 ], [ 22.64469980559128, 49.520164229906619 ], [ 22.647719936426665, 49.518150158307854 ], [ 22.647032659418333, 49.506597625585862 ], [ 22.662066963267002, 49.496683603957877 ], [ 22.681135917480923, 49.496089559869581 ], [ 22.684513135242319, 49.493834116249126 ], [ 22.699339962777692, 49.484040369393917 ], [ 22.702883124372985, 49.481672403702973 ], [ 22.70216115054874, 49.470121160860643 ], [ 22.701431309511566, 49.45857015499989 ], [ 22.700694173103582, 49.447019367683993 ], [ 22.69995027366123, 49.435468781750124 ], [ 22.714063168657184, 49.426117152667075 ], [ 22.718262886391351, 49.423306162339628 ], [ 22.717503566314196, 49.411756126055302 ], [ 22.731360701033097, 49.402560184586918 ], [ 22.735792200102413, 49.399591350137321 ], [ 22.735018853824425, 49.388041823258227 ], [ 22.734240722598294, 49.376492435699873 ], [ 22.733458167640492, 49.3649431756985 ], [ 22.732671525105907, 49.353394032306845 ], [ 22.731881107808235, 49.341844995338249 ], [ 22.745144011277986, 49.333016184977268 ], [ 22.750116402512099, 49.329679331361895 ], [ 22.74931541178475, 49.318130698573448 ], [ 22.748511402159671, 49.306582148158348 ], [ 22.747704613024226, 49.295033672282521 ], [ 22.746895267009759, 49.283485263660424 ], [ 22.746083571135191, 49.271936915517593 ], [ 22.745269717871878, 49.260388621555762 ], [ 22.744453886135553, 49.248840375920352 ], [ 22.738516517359084, 49.245569770943 ], [ 22.719547698157747, 49.246201028340458 ], [ 22.705640773797438, 49.238518918843766 ], [ 22.704829939646043, 49.226970286596156 ], [ 22.717468082378666, 49.218533242088007 ], [ 22.736429112818598, 49.217939079863946 ], [ 22.741996124885787, 49.21419587645979 ], [ 22.735892639523584, 49.210830984870022 ], [ 22.722189851621525, 49.203261981356079 ], [ 22.721370690723035, 49.191713665982448 ], [ 22.715199904240574, 49.188308108694372 ], [ 22.701573219754728, 49.180776025672003 ], [ 22.714012294697966, 49.1724620436515 ], [ 22.727572022594504, 49.179938632338029 ], [ 22.73382342151789, 49.183388156815617 ], [ 22.752770639488265, 49.182791200670536 ], [ 22.758499666925911, 49.178934826682749 ], [ 22.752216324397605, 49.175469633994702 ], [ 22.738700248394174, 49.168003597905823 ], [ 22.737873681119552, 49.156455572246827 ], [ 22.750156161012761, 49.148232189903815 ], [ 22.769089586113999, 49.14763242475096 ], [ 22.782466963681703, 49.155001401714841 ], [ 22.788902074134779, 49.158548985173212 ], [ 22.794764327677328, 49.154597344781081 ], [ 22.793923951760622, 49.143050054595285 ], [ 22.806070792859369, 49.134901402432313 ], [ 22.812034582965961, 49.130877696274638 ], [ 22.824110346914392, 49.122769982918548 ], [ 22.830134384669268, 49.118702757548611 ], [ 22.842141005485889, 49.110634809256091 ], [ 22.848223466780077, 49.106525239579653 ], [ 22.860162778213152, 49.09849594371272 ], [ 22.879074669952423, 49.097875809549123 ], [ 22.885235088019222, 49.093708499046222 ], [ 22.884369880994321, 49.082162471256161 ], [ 22.877556211131832, 49.07840952926999 ], [ 22.864579618575426, 49.071252590969877 ], [ 22.863717802848658, 49.059706312991423 ], [ 22.862855626454415, 49.04816003126998 ], [ 22.874584942809296, 49.040257584734718 ], [ 22.880904738406372, 49.035978348060191 ], [ 22.880037658236713, 49.024432304568904 ], [ 22.879170359103533, 49.012886252629833 ], [ 22.87215658923866, 49.009016703510085 ], [ 22.853280515751482, 49.009664506269992 ], [ 22.846924214202492, 49.013967432278321 ] ] ], [ [ [ 21.775584293238715, 49.368791516060902 ], [ 21.776243861174716, 49.378885999355738 ], [ 21.775765367950925, 49.36878716510563 ], [ 21.775671733506439, 49.368734371423677 ], [ 21.775584293238715, 49.368791516060902 ] ] ] ] } }
]
}
