{
"type": "FeatureCollection",
"name": "zasieg_uszkodzenia_cykl_2_epsg4326",
"crs": { "type": "name", "properties": { "name": "urn:ogc:def:crs:OGC:1.3:CRS84" } },
"features": [
{ "type": "Feature", "properties": { "typ": "uszkodzenia", "nasil_uszk_prog": 6, "gatunek_pan": "wszystkie", "cykl": 2, "pokrycie": 0.95, "prog_kde": 1.0472601779951762e-12 }, "geometry": { "type": "MultiPolygon", "coordinates": [ [ [ [ 19.999841397720921, 49.224229443884425 ], [ 19.981432760869826, 49.235559545652634 ], [ 19.962429108575581, 49.235727582391775 ], [ 19.943425315766262, 49.235894199132154 ], [ 19.924421383661112, 49.236059390034029 ], [ 19.905417313522488, 49.23622315112717 ], [ 19.886467647205173, 49.225155184488948 ], [ 19.886046276703937, 49.215876114099174 ], [ 19.867068518135696, 49.217107138547931 ], [ 19.848091407133339, 49.21843027316617 ], [ 19.82911481888182, 49.219844392956873 ], [ 19.810138632426774, 49.221348504294859 ], [ 19.791162730532083, 49.222941751913893 ], [ 19.772186999514329, 49.224623425425769 ], [ 19.772169942642012, 49.225975804351421 ], [ 19.77203353161044, 49.237547986485076 ], [ 19.772391810494071, 49.237761673074573 ], [ 19.790881687969101, 49.248991737068373 ], [ 19.790779095911063, 49.260563671775259 ], [ 19.791773482118025, 49.261156164187639 ], [ 19.809675222691588, 49.27200400557895 ], [ 19.810980622615343, 49.272781232345721 ], [ 19.828598626121536, 49.283441046432642 ], [ 19.811329325133663, 49.294038613153155 ], [ 19.809544804951255, 49.295147286161068 ], [ 19.809496918544557, 49.306718770724217 ], [ 19.809460010258327, 49.318290155504691 ], [ 19.809433678459257, 49.329861443341663 ], [ 19.809417540882752, 49.341432636934677 ], [ 19.809411233507753, 49.35300373885196 ], [ 19.809414409489033, 49.364574751538235 ], [ 19.809426738143017, 49.376145677322171 ], [ 19.793773937501378, 49.385757654473061 ], [ 19.790400935179072, 49.387848306130145 ], [ 19.790424653785887, 49.399419102059504 ], [ 19.79045663334395, 49.410989818692819 ], [ 19.775253317876352, 49.420324461719694 ], [ 19.75972643872133, 49.411195815639545 ], [ 19.756001031079272, 49.40898097140493 ], [ 19.740301901992044, 49.399750898695977 ], [ 19.736757728920981, 49.397642218854656 ], [ 19.720872683854402, 49.388302740098965 ], [ 19.717523401457772, 49.386308517340836 ], [ 19.714232804297026, 49.388343950541426 ], [ 19.698623073173341, 49.397908325220946 ], [ 19.695188982086755, 49.400030949593067 ], [ 19.679713895591302, 49.409509309457029 ], [ 19.660641823365374, 49.409636777626751 ], [ 19.64156964008686, 49.409762448424836 ], [ 19.638054698223261, 49.411931235627122 ], [ 19.638045444313303, 49.423502138757257 ], [ 19.641777791737038, 49.425727416462365 ], [ 19.657099770233685, 49.434966269205319 ], [ 19.642018826058177, 49.444196700756102 ], [ 19.638050156262075, 49.446643747932136 ], [ 19.623078704903946, 49.455803372955295 ], [ 19.603988440961334, 49.455921134324534 ], [ 19.584898074214337, 49.456037077967068 ], [ 19.580870903288723, 49.458515833173351 ], [ 19.580872398370847, 49.470086566268833 ], [ 19.56607230098669, 49.479129245236727 ], [ 19.56180792654942, 49.481751446523269 ], [ 19.561816451241814, 49.493322093534466 ], [ 19.561831332123976, 49.504892686639678 ], [ 19.547357329988799, 49.513732328725339 ], [ 19.542762441866003, 49.516554356145384 ], [ 19.542782951705188, 49.528124873254043 ], [ 19.542809149296847, 49.539695340637437 ], [ 19.542840821388889, 49.551265759298914 ], [ 19.528740672271322, 49.559872237221548 ], [ 19.523764205232904, 49.562924212301567 ], [ 19.523799770904255, 49.574494566656028 ], [ 19.509849353693934, 49.583004546081305 ], [ 19.490709057364718, 49.583098845664153 ], [ 19.485593171201884, 49.586231655781972 ], [ 19.471679730082062, 49.594710026737062 ], [ 19.46649824579341, 49.597880643644409 ], [ 19.466528236551792, 49.609450952550453 ], [ 19.452748096661757, 49.617842293474162 ], [ 19.438772582926994, 49.60955948305876 ], [ 19.438584206850489, 49.597989774434346 ], [ 19.433389693833767, 49.594886950867938 ], [ 19.414244560664574, 49.594972716717166 ], [ 19.400049067193255, 49.586558931232467 ], [ 19.399856621333342, 49.574989136829089 ], [ 19.39491347127499, 49.572032009264376 ], [ 19.375777219541465, 49.572116958160514 ], [ 19.361315994437472, 49.563545396642283 ], [ 19.361118403185422, 49.551975516111106 ], [ 19.360915615569802, 49.540405628365761 ], [ 19.356389718061706, 49.537693377760426 ], [ 19.337266831027058, 49.537779327387639 ], [ 19.318143873584038, 49.537863857526027 ], [ 19.299020847371011, 49.53794701905457 ], [ 19.279897753953755, 49.538028864044136 ], [ 19.264830131271772, 49.529094896687198 ], [ 19.260713483423046, 49.526621015134339 ], [ 19.245443060200493, 49.517567097892702 ], [ 19.241538180886756, 49.515218715837342 ], [ 19.226049962833287, 49.506036044488276 ], [ 19.225837253761036, 49.494465869217294 ], [ 19.225617866591758, 49.482895683405026 ], [ 19.222267918722107, 49.480878550195179 ], [ 19.20620748126473, 49.47136127764027 ], [ 19.222180573470471, 49.461570293739719 ], [ 19.225157870597062, 49.459755282317765 ], [ 19.22216421494214, 49.457951816616372 ], [ 19.203072186741309, 49.458041215174823 ], [ 19.18655016385198, 49.448253315377613 ], [ 19.186303635384675, 49.436683010457436 ], [ 19.186048716090433, 49.425112695314176 ], [ 19.185785042379461, 49.413542370477231 ], [ 19.183808931541734, 49.412349545485945 ], [ 19.164734555511206, 49.412445808164414 ], [ 19.145660106844677, 49.412541795309664 ], [ 19.126585585773551, 49.412637597653266 ], [ 19.107510992393745, 49.412733308287763 ], [ 19.106015535678438, 49.413643018196844 ], [ 19.088456860485312, 49.424255090113753 ], [ 19.070592430827475, 49.413670068802482 ], [ 19.069361588386684, 49.412924838535183 ], [ 19.050286777232511, 49.413020856019223 ], [ 19.031883726482235, 49.402116457937694 ], [ 19.031204658905629, 49.401704790929564 ], [ 19.012134121930554, 49.401804313363307 ], [ 18.993063507991877, 49.401904449876966 ], [ 18.973992815994659, 49.402005314221846 ], [ 18.973807147043793, 49.402117887119353 ], [ 18.973525592887189, 49.413688585636002 ], [ 18.973986495996847, 49.413968357275003 ], [ 18.99217285451855, 49.425262090544123 ], [ 18.991920365485409, 49.436832789092044 ], [ 18.991677084252153, 49.44840346448116 ], [ 18.973962624020732, 49.459083446009885 ], [ 18.972496739329266, 49.459971163384644 ], [ 18.972261782157194, 49.471541753573405 ], [ 18.972034949829009, 49.483112321988905 ], [ 18.971815879079614, 49.494682868591745 ], [ 18.97160421993566, 49.506253393341375 ], [ 18.954817120431624, 49.516365433517372 ], [ 18.952414994204656, 49.517817645903833 ], [ 18.935686901353836, 49.52788849376735 ], [ 18.916567179837134, 49.527959132877086 ], [ 18.899445334269977, 49.517783736106601 ], [ 18.897471333191469, 49.516585641907682 ], [ 18.878355952696761, 49.516659259517439 ], [ 18.876528930572803, 49.517761550497198 ], [ 18.859207674155531, 49.528171225749844 ], [ 18.857318782931099, 49.529309991324283 ], [ 18.857073254860985, 49.540880200608974 ], [ 18.856834228288225, 49.552450394211363 ], [ 18.839975638286646, 49.562571689895414 ], [ 18.837611054462659, 49.563995483812583 ], [ 18.837374702146441, 49.575565596236224 ], [ 18.83714399823646, 49.587135692932996 ], [ 18.836918655301989, 49.598705773531989 ], [ 18.836698396161243, 49.610275837673839 ], [ 18.82063237646619, 49.619904842398768 ], [ 18.817450547070859, 49.621817438958956 ], [ 18.817230409262599, 49.633387421788839 ], [ 18.8170146369091, 49.644957387923114 ], [ 18.816802988905252, 49.65652733700518 ], [ 18.816595233208076, 49.66809726869068 ], [ 18.801243319118605, 49.677279054701039 ], [ 18.797316556368234, 49.67963537043655 ], [ 18.782013784018314, 49.688779381252786 ], [ 18.762831002642493, 49.688805917937415 ], [ 18.747280127381174, 49.679536990641175 ], [ 18.743708469337577, 49.677367568522151 ], [ 18.740114091399857, 49.679521131245508 ], [ 18.724465383736405, 49.688855496737574 ], [ 18.720805892113361, 49.691046419776207 ], [ 18.720561679384357, 49.70261603479878 ], [ 18.705143878463037, 49.711799750733121 ], [ 18.685952043843002, 49.71181495936392 ], [ 18.666760201478812, 49.711828710820726 ], [ 18.647568353053824, 49.71184096212248 ], [ 18.643992847381789, 49.71397619219961 ], [ 18.643715595480142, 49.725545511813117 ], [ 18.628201642109797, 49.734754444510493 ], [ 18.624346320403486, 49.737054472591737 ], [ 18.624065552007604, 49.748623691877292 ], [ 18.623787934059838, 49.760192897706531 ], [ 18.623513318343452, 49.771762089620644 ], [ 18.608632241720805, 49.780572582067727 ], [ 18.604108285144044, 49.783267480102175 ], [ 18.603829504445009, 49.794836569568368 ], [ 18.589219688189218, 49.803471678081664 ], [ 18.584402199088519, 49.806338551623128 ], [ 18.584119146168426, 49.817907537083869 ], [ 18.569788810523796, 49.826362642613589 ], [ 18.56466944652238, 49.829406099485283 ], [ 18.569734480208115, 49.832487580539244 ], [ 18.583560898400471, 49.841045465293 ], [ 18.583285524899814, 49.852614407437642 ], [ 18.588774988853544, 49.855950817509424 ], [ 18.602210650420599, 49.864250794470586 ], [ 18.588636609670171, 49.87224949806216 ], [ 18.58274188962347, 49.875752246498053 ], [ 18.582473493940633, 49.887321142965924 ], [ 18.582207301598501, 49.898890023799872 ], [ 18.581943262113793, 49.910458888833681 ], [ 18.56897328251938, 49.918080493766354 ], [ 18.562440200700514, 49.921956741239853 ], [ 18.549593387459556, 49.92949646430047 ], [ 18.536820498759266, 49.92185725347781 ], [ 18.53675764257089, 49.9102871966371 ], [ 18.530538563569703, 49.906506267501726 ], [ 18.511270191740682, 49.906449439434439 ], [ 18.492001889741193, 49.906389382399965 ], [ 18.4857832722839, 49.910072374046905 ], [ 18.472608725735114, 49.917783681962568 ], [ 18.466237991477989, 49.921553888218476 ], [ 18.453206460666724, 49.92917151204324 ], [ 18.433929320991997, 49.929096254864938 ], [ 18.427428391243691, 49.932938596866329 ], [ 18.414513502069383, 49.940471805038754 ], [ 18.395232013035297, 49.940386851321101 ], [ 18.375950629628306, 49.940298066242455 ], [ 18.356669357333871, 49.940205354389285 ], [ 18.35006352822932, 49.944100692752116 ], [ 18.337231140493429, 49.95155634934008 ], [ 18.324567538518227, 49.943955027433248 ], [ 18.337441036397138, 49.936256005952274 ], [ 18.343818991238187, 49.932495707934564 ], [ 18.337545126454202, 49.928663483515862 ], [ 18.324466198963126, 49.920814745657644 ], [ 18.318429942383414, 49.917124877967318 ], [ 18.312290664097251, 49.920743185309021 ], [ 18.298992254342121, 49.928462171832273 ], [ 18.292653904734497, 49.932194949671633 ], [ 18.292270648018508, 49.943762459754559 ], [ 18.291891948147679, 49.955329973873077 ], [ 18.279203992927783, 49.962678641992603 ], [ 18.272234152426368, 49.96677811852836 ], [ 18.259738761889427, 49.974005805112036 ], [ 18.240444661927707, 49.973881580771099 ], [ 18.221150718928321, 49.973752870833692 ], [ 18.213971713879591, 49.977967790558836 ], [ 18.21357632685551, 49.98953490437134 ], [ 18.201478091987362, 49.996508582750621 ], [ 18.182175377785985, 49.996367536344358 ], [ 18.170339444597243, 49.989233775327605 ], [ 18.163071461061559, 49.984778780227401 ], [ 18.155650708174381, 49.98912780619672 ], [ 18.143570486154047, 49.996071575078503 ], [ 18.124268320978082, 49.99591655521094 ], [ 18.116596707232393, 50.000406832619625 ], [ 18.104753863919253, 50.007199447606503 ], [ 18.096845769435994, 50.01182458198204 ], [ 18.096425378407236, 50.023391096333143 ], [ 18.096010612277528, 50.034957630835791 ], [ 18.084795142278036, 50.041379928109983 ], [ 18.076249145053399, 50.046371769304614 ], [ 18.065252842543277, 50.052661618241849 ], [ 18.056479216523798, 50.057782473922259 ], [ 18.045701370115825, 50.063940774191003 ], [ 18.02637278457156, 50.063757120622711 ], [ 18.01595833398903, 50.057446003290551 ], [ 18.007280863863976, 50.052112350553251 ], [ 17.996723161400141, 50.04571154928766 ], [ 17.996765527467687, 50.034142113670171 ], [ 18.007786833766453, 50.027571262197682 ], [ 18.018612436030455, 50.034328921174961 ], [ 18.026865466994337, 50.039402047764064 ], [ 18.035320767409569, 50.034469013781312 ], [ 18.035349386396891, 50.022899451213696 ], [ 18.035371508261214, 50.011329812123172 ], [ 18.027529815541222, 50.006507890463951 ], [ 18.008224350095251, 50.006322992706252 ], [ 18.000152610740578, 50.011031678351102 ], [ 17.988679021504868, 50.017574101875681 ], [ 17.977564022436912, 50.010834833964672 ], [ 17.969614114002237, 50.005938736714874 ], [ 17.950309353884752, 50.005739392001011 ], [ 17.939072788942791, 49.998919368341106 ], [ 17.931258382038312, 49.994100595549845 ], [ 17.919847760553818, 49.987172036090989 ], [ 17.912216522463034, 49.982462676171401 ], [ 17.892921639755066, 49.982250042252971 ], [ 17.881384667567104, 49.975237552781337 ], [ 17.873893694653066, 49.970608874023611 ], [ 17.866190121460704, 49.975090037096116 ], [ 17.85433266384927, 49.981810277888755 ], [ 17.846325932538907, 49.986464199018357 ], [ 17.834762490620495, 49.993011113973644 ], [ 17.826457085396566, 49.997834917687371 ], [ 17.8259509730693, 50.009399782863113 ], [ 17.814901906139077, 50.015648959489425 ], [ 17.795594652498398, 50.01541229876787 ], [ 17.786707465287584, 50.020566040259787 ], [ 17.786207038282278, 50.03213077758695 ], [ 17.775705935951859, 50.038059526302781 ], [ 17.766329956431623, 50.043491126001761 ], [ 17.765839330254337, 50.055055851846639 ], [ 17.765355438816119, 50.066620625904513 ], [ 17.755501405715506, 50.07217956567041 ], [ 17.745480301073172, 50.077977419142279 ], [ 17.735870562743049, 50.083394525504261 ], [ 17.725602286274587, 50.089330785825652 ], [ 17.725129110449966, 50.100895476714868 ], [ 17.715923825965412, 50.106081205299525 ], [ 17.705250341729666, 50.112245353422686 ], [ 17.696269531369353, 50.117301339983669 ], [ 17.687701166208559, 50.1120483160161 ], [ 17.677238643038748, 50.105567682379991 ], [ 17.657896473125213, 50.105305519864736 ], [ 17.647012879923423, 50.111581269215101 ], [ 17.646535873315461, 50.123145617754226 ], [ 17.637903343417324, 50.127996097822653 ], [ 17.626643770885302, 50.134481930409954 ], [ 17.618221739430091, 50.139211592544818 ], [ 17.60674946033302, 50.145814820265244 ], [ 17.598530819131607, 50.150427929735955 ], [ 17.586852921845299, 50.157144286754445 ], [ 17.598129873832832, 50.164138833883612 ], [ 17.605817180040024, 50.168943366727156 ], [ 17.617161534649377, 50.175974432097426 ], [ 17.636534079172623, 50.176165682647103 ], [ 17.655906837575479, 50.176353831375287 ], [ 17.663664879529634, 50.181193170362853 ], [ 17.674957763761299, 50.188179730842378 ], [ 17.694335627668679, 50.188362461193449 ], [ 17.702100029291902, 50.193198746163787 ], [ 17.71340090978341, 50.200181322204315 ], [ 17.732783866471646, 50.200358780149372 ], [ 17.740553881283976, 50.205191714943197 ], [ 17.751863501574686, 50.212170758897798 ], [ 17.759580685626165, 50.216966071693292 ], [ 17.759169788518037, 50.228531300200878 ], [ 17.758762879597992, 50.240096548442438 ], [ 17.751020101972355, 50.244468400123473 ], [ 17.738902229803447, 50.251452284157239 ], [ 17.731315387794957, 50.255733767233636 ], [ 17.719037120105472, 50.262804585724801 ], [ 17.718633540162195, 50.274369698155418 ], [ 17.730623551278285, 50.281762318581336 ], [ 17.737703158410962, 50.286147902171834 ], [ 17.749735180493634, 50.29356081645345 ], [ 17.756783792791584, 50.297923040231673 ], [ 17.749513137990352, 50.302030492709761 ], [ 17.730090540227213, 50.301789363159735 ], [ 17.717443295820381, 50.309065125249703 ], [ 17.717053023780242, 50.320630293724285 ], [ 17.710044848281026, 50.324585600521083 ], [ 17.690613372306419, 50.324338309200883 ], [ 17.683978165350773, 50.320260593593176 ], [ 17.684220823232618, 50.308693836974797 ], [ 17.684459923528077, 50.297127018074811 ], [ 17.672145032371748, 50.28952702039571 ], [ 17.665333293352962, 50.285339412756365 ], [ 17.653053326519476, 50.277755233953108 ], [ 17.646214344595588, 50.27354869237849 ], [ 17.633971012005194, 50.265981421099632 ], [ 17.614564125544952, 50.265718784563028 ], [ 17.601837157782118, 50.273023285498276 ], [ 17.594818591912759, 50.276968617079071 ], [ 17.575407574428631, 50.276699966279445 ], [ 17.568792255243771, 50.27262103545484 ], [ 17.556345154299496, 50.264911620834454 ], [ 17.536939400299385, 50.264636299914962 ], [ 17.523976986511737, 50.272060486387034 ], [ 17.517176234175725, 50.275875299 ], [ 17.497766364897412, 50.275594317250935 ], [ 17.491370693801354, 50.271641779852544 ], [ 17.478723875361439, 50.263792164669454 ], [ 17.459319285681055, 50.263504873581624 ], [ 17.452953163773962, 50.259566894346555 ], [ 17.440291153876657, 50.251697783250044 ], [ 17.427126564511472, 50.259220181324352 ], [ 17.426665243528131, 50.270783771724076 ], [ 17.420129826131358, 50.274441051695689 ], [ 17.400721435156871, 50.274145601305221 ], [ 17.387280816967486, 50.281813731695543 ], [ 17.380922467425467, 50.285369473823359 ], [ 17.374909540387357, 50.281641398306775 ], [ 17.375229719317051, 50.270076006591488 ], [ 17.362300807560697, 50.262025919228321 ], [ 17.348832432811601, 50.26970392745887 ], [ 17.34835875471407, 50.281267093453579 ], [ 17.347888115866574, 50.292830280510266 ], [ 17.347420411064398, 50.304393487165491 ], [ 17.341296283576028, 50.30781667912737 ], [ 17.327484333274697, 50.315678183776306 ], [ 17.321469055238307, 50.319039825184142 ], [ 17.302043382091689, 50.318732020175126 ], [ 17.282618019900024, 50.318421555577871 ], [ 17.268599846713851, 50.326385904213623 ], [ 17.262772564844674, 50.329639481085913 ], [ 17.243343121540434, 50.329324008790707 ], [ 17.229176925228167, 50.337361966171962 ], [ 17.223483832365083, 50.340539010420116 ], [ 17.209219707260552, 50.348626183577309 ], [ 17.208736301666402, 50.360188646109513 ], [ 17.203179540274526, 50.363289669294716 ], [ 17.188772522389062, 50.371449280154295 ], [ 17.188289333912586, 50.383011645088693 ], [ 17.182855334396976, 50.386044212219147 ], [ 17.163403586386838, 50.385719241983956 ], [ 17.158307430380905, 50.382540669299708 ], [ 17.144402571370023, 50.373852138179799 ], [ 17.129837368004612, 50.382086280795114 ], [ 17.124501073652709, 50.385061596829537 ], [ 17.109858072831226, 50.393333210066245 ], [ 17.109361729185164, 50.404895090915289 ], [ 17.104129551350464, 50.407812438843706 ], [ 17.08466967144432, 50.407477412714705 ], [ 17.065210127902436, 50.407139855145658 ], [ 17.045750922777852, 50.406799781580837 ], [ 17.03090655358362, 50.415163230728815 ], [ 17.025812227538758, 50.418001012070889 ], [ 17.006348976801188, 50.417655954467925 ], [ 16.986886071330684, 50.417308410379874 ], [ 16.967423513195559, 50.416958393014582 ], [ 16.952443500761984, 50.425378443517303 ], [ 16.947462185403886, 50.428150847921657 ], [ 16.932428338032874, 50.43659449012253 ], [ 16.927491370025344, 50.439341905727559 ], [ 16.912407380543012, 50.447807020805847 ], [ 16.907511061986277, 50.450531500382077 ], [ 16.902891505216918, 50.447635857987592 ], [ 16.888549799289244, 50.438624457327826 ], [ 16.883920020296017, 50.435722117191133 ], [ 16.88440836385255, 50.424160807722167 ], [ 16.870116004575806, 50.41517164356739 ], [ 16.865445614886902, 50.412244088023961 ], [ 16.870372322692248, 50.40945663871824 ], [ 16.885377955348673, 50.401037997794205 ], [ 16.890345840932255, 50.398223058012732 ], [ 16.90529713194659, 50.389828286719386 ], [ 16.910310039184377, 50.386983590126228 ], [ 16.925203032488501, 50.378614958652129 ], [ 16.92566942893642, 50.367053045507554 ], [ 16.926133195677679, 50.355491064748591 ], [ 16.931272899704524, 50.352566051037051 ], [ 16.946010612002286, 50.344273713495653 ], [ 16.946464032341076, 50.332711457712861 ], [ 16.946914613439951, 50.321149131055456 ], [ 16.952205460224761, 50.318129378808891 ], [ 16.966762710340621, 50.309927758544141 ], [ 16.972121833944122, 50.306864398570283 ], [ 16.991540515399372, 50.307188536190765 ], [ 17.005989752950033, 50.299037150753662 ], [ 17.011443310424614, 50.295912561019009 ], [ 17.025803271499573, 50.287805182091148 ], [ 17.026221747509918, 50.276242029159789 ], [ 17.026636928554886, 50.264678799422661 ], [ 17.013098781125176, 50.256169026771232 ], [ 17.00767700403172, 50.252784904504836 ], [ 17.008090346846863, 50.241221645712287 ], [ 17.013858292032918, 50.237905199515588 ], [ 17.027861673621558, 50.229988632089608 ], [ 17.014535421800865, 50.221606454579195 ], [ 16.995152427508291, 50.221258235086971 ], [ 16.981120095426938, 50.229185660393618 ], [ 16.980559462029351, 50.24074631794614 ], [ 16.974793700892473, 50.243947948272172 ], [ 16.969352995244265, 50.240550965001134 ], [ 16.969772780177969, 50.228987885065983 ], [ 16.956387442403944, 50.220555220294194 ], [ 16.93700545482605, 50.22020045489252 ], [ 16.917623806038048, 50.219843536847726 ], [ 16.898242497629024, 50.219484480377282 ], [ 16.892736841739328, 50.216045323706481 ], [ 16.893168866945327, 50.204482600421066 ], [ 16.879882624848833, 50.196090985541481 ], [ 16.860511323284104, 50.195727774510019 ], [ 16.846486882212233, 50.203626343070994 ], [ 16.840620712861107, 50.206877541211419 ], [ 16.835078311382592, 50.203414226339909 ], [ 16.83552087602742, 50.191851814802277 ], [ 16.822293619867402, 50.183482392625912 ], [ 16.802928002015367, 50.18311317660342 ], [ 16.79724315947275, 50.179561284912367 ], [ 16.797686949861234, 50.167998949067346 ], [ 16.798126410358869, 50.156436510896256 ], [ 16.785159538913675, 50.148217777799019 ], [ 16.779214633532458, 50.14450546368144 ], [ 16.766344524610442, 50.136341975106525 ], [ 16.746998496638884, 50.135967578037956 ], [ 16.74095953485579, 50.132196408341372 ], [ 16.741398853485741, 50.120634043908758 ], [ 16.72874187875987, 50.112593772193954 ], [ 16.722494115555673, 50.108693658273999 ], [ 16.709954204805559, 50.100721817569507 ], [ 16.690623061484168, 50.100342839238216 ], [ 16.671292257655825, 50.09996219764632 ], [ 16.658027294039009, 50.107410605649228 ], [ 16.65139953528535, 50.111073392851779 ], [ 16.632064804337404, 50.110689113735944 ], [ 16.618704216988458, 50.118181483302699 ], [ 16.618024024776119, 50.129738621944618 ], [ 16.611585944765391, 50.133296919887449 ], [ 16.592242680076815, 50.132908535713284 ], [ 16.578691500688954, 50.140495871519271 ], [ 16.578009291987325, 50.152052758789644 ], [ 16.571734814240916, 50.155520883496742 ], [ 16.557996985854331, 50.163204607358011 ], [ 16.557317142928881, 50.174761419143856 ], [ 16.556640822433383, 50.186318284234368 ], [ 16.55596787941208, 50.197875199632563 ], [ 16.555298176251441, 50.209432162493243 ], [ 16.554631582296228, 50.220989170115004 ], [ 16.548848462606717, 50.224188027813348 ], [ 16.534606240436332, 50.232136819966186 ], [ 16.528873785112236, 50.235307615265654 ], [ 16.514576312359331, 50.243280958934527 ], [ 16.508889696583392, 50.246426333074822 ], [ 16.494541637242492, 50.254421582053986 ], [ 16.493870934927074, 50.265978179073478 ], [ 16.488289984170653, 50.269065356845438 ], [ 16.473828748956809, 50.277115124328624 ], [ 16.468281920451776, 50.280183282091713 ], [ 16.453781410176529, 50.288248541144007 ], [ 16.45310777832238, 50.299804853417818 ], [ 16.447647443889139, 50.302825276248875 ], [ 16.433052249591782, 50.310934572963887 ], [ 16.432377955061629, 50.322490750480839 ], [ 16.426992743527578, 50.325469638506135 ], [ 16.407573858514933, 50.32505691743804 ], [ 16.388155358168884, 50.324642319656078 ], [ 16.373538110626249, 50.332746833828011 ], [ 16.372852270374189, 50.344302472731968 ], [ 16.367462497463631, 50.347282748163096 ], [ 16.352774148363828, 50.355418005539256 ], [ 16.366526171527564, 50.364199308842728 ], [ 16.371486679127173, 50.367413828381103 ], [ 16.366185770046823, 50.370345308578457 ], [ 16.351401842297307, 50.378529008655036 ], [ 16.346105564548907, 50.381457519485345 ], [ 16.32666485647562, 50.381034514683883 ], [ 16.307224543465207, 50.380609633994311 ], [ 16.302115351233411, 50.377395510946833 ], [ 16.288442448375694, 50.368651923028118 ], [ 16.273809860070859, 50.376735071812 ], [ 16.268345102792662, 50.379754373062219 ], [ 16.253708806660509, 50.387833153553416 ], [ 16.253000394506952, 50.399387682169717 ], [ 16.2475700873749, 50.402387491644717 ], [ 16.232889583298945, 50.410482003332163 ], [ 16.227448602058601, 50.413487119739393 ], [ 16.21277254595444, 50.421572746772952 ], [ 16.20731763200239, 50.424584925907837 ], [ 16.192649229276768, 50.432659908900007 ], [ 16.191931367875934, 50.44421388558812 ], [ 16.205644332321707, 50.452992523858491 ], [ 16.210635382700421, 50.456235320270189 ], [ 16.224431885319156, 50.46506083296034 ], [ 16.243902557570767, 50.465550790551113 ], [ 16.248786063436668, 50.468715298597303 ], [ 16.262705259416315, 50.47760788614837 ], [ 16.282181907667077, 50.47808843660912 ], [ 16.286970634959363, 50.48118336699789 ], [ 16.300999730668252, 50.490134672103785 ], [ 16.305735783278394, 50.493190565646771 ], [ 16.305057685589993, 50.504745868110824 ], [ 16.319171914214923, 50.513742796063234 ], [ 16.334267733816112, 50.505418846429322 ], [ 16.339315245516012, 50.502641702944004 ], [ 16.358803760453142, 50.50310401071085 ], [ 16.363437996754776, 50.506083575429379 ], [ 16.3776517550323, 50.515129434965139 ], [ 16.382246924742482, 50.51807915670593 ], [ 16.396509482976626, 50.527149255358061 ], [ 16.401069739090548, 50.530071915959446 ], [ 16.396200090068223, 50.532767155128568 ], [ 16.380938823486623, 50.541191370456794 ], [ 16.39523503533113, 50.55027892046877 ], [ 16.39977437212945, 50.55318452401788 ], [ 16.399128491085609, 50.564740838831909 ], [ 16.413477960763792, 50.573853396143214 ], [ 16.432997335501668, 50.574297954171556 ], [ 16.437486229535157, 50.577162308862214 ], [ 16.43685283509447, 50.588719006005775 ], [ 16.432068558398317, 50.591368240828459 ], [ 16.416708101000442, 50.599844378447948 ], [ 16.411906840813977, 50.602502304652617 ], [ 16.396556390701662, 50.610966157273019 ], [ 16.391735551298087, 50.613634173420934 ], [ 16.376397671625778, 50.622084339076665 ], [ 16.37575334121458, 50.633640498574792 ], [ 16.370909782031671, 50.636320206187115 ], [ 16.355583504779563, 50.64475489584261 ], [ 16.350714086726608, 50.647448066508481 ], [ 16.335406575353826, 50.65586568780661 ], [ 16.33050879517145, 50.65857366391964 ], [ 16.310954552979961, 50.658139331862024 ], [ 16.291400741126886, 50.657702729697071 ], [ 16.276164005476684, 50.666065958594501 ], [ 16.271177156397574, 50.668820687152667 ], [ 16.251619434246358, 50.668379167269826 ], [ 16.232062147004736, 50.66793542885403 ], [ 16.227283353286182, 50.66491249243024 ], [ 16.227964190222448, 50.653357793468437 ], [ 16.228643084601327, 50.641803029223013 ], [ 16.214557366355873, 50.632825668386573 ], [ 16.195015252492723, 50.632379007371021 ], [ 16.179945047900766, 50.640633807596878 ], [ 16.17478052446528, 50.643483007374996 ], [ 16.155234517751186, 50.643031643624553 ], [ 16.140235823252258, 50.651236395472097 ], [ 16.134985863834302, 50.654130818200123 ], [ 16.115435967869512, 50.653674814585465 ], [ 16.095886509789818, 50.653216790150594 ], [ 16.090823582068268, 50.650012377165645 ], [ 16.077054851958898, 50.641205829882423 ], [ 16.071938206568358, 50.637967769060296 ], [ 16.072648706899379, 50.626414382446917 ], [ 16.058953666190376, 50.61764648674994 ], [ 16.053769591110022, 50.614366828648748 ], [ 16.040145036711372, 50.60563749462839 ], [ 16.034894462824006, 50.602316212654472 ], [ 16.021345778275652, 50.593628958951008 ], [ 16.006745127191117, 50.601595725863341 ], [ 16.001088026957483, 50.604709246327381 ], [ 15.986531422285085, 50.612645609271603 ], [ 16.000031648525479, 50.621306612801312 ], [ 16.005253824273652, 50.624700201583849 ], [ 16.00450999196493, 50.636252458520147 ], [ 16.003767338938424, 50.647804727348792 ], [ 16.003025841934633, 50.659357007498151 ], [ 16.002285479098003, 50.670909298432228 ], [ 15.996671395272257, 50.673997340139543 ], [ 15.98204577787711, 50.681957897294019 ], [ 15.976372275318989, 50.685077307796632 ], [ 15.956811607640446, 50.684604173268838 ], [ 15.937251379636677, 50.684129263645225 ], [ 15.917691590179663, 50.683652622996142 ], [ 15.912125569271636, 50.680124928699662 ], [ 15.898894042941002, 50.67162627780943 ], [ 15.879339879288406, 50.671147024123805 ], [ 15.865108548002466, 50.678868704982243 ], [ 15.86433172062233, 50.690419404528441 ], [ 15.858242955189176, 50.693760363567108 ], [ 15.844066969793992, 50.701443645325618 ], [ 15.843286927394633, 50.712994135160841 ], [ 15.83712514145002, 50.716373208130101 ], [ 15.823011231710248, 50.724014512220016 ], [ 15.82222795273459, 50.73556479129725 ], [ 15.821445837758816, 50.747115084385484 ], [ 15.815202093428532, 50.750536602772051 ], [ 15.795616334677174, 50.750046231680749 ], [ 15.789625029338527, 50.746242551734852 ], [ 15.776824857144252, 50.738004766798767 ], [ 15.757244737163786, 50.737512232085884 ], [ 15.737665045906985, 50.737018363293608 ], [ 15.718085779918249, 50.736523227119648 ], [ 15.698506935399575, 50.736026893545642 ], [ 15.684993678452219, 50.743312092270799 ], [ 15.684173215368853, 50.754860675210594 ], [ 15.677292562768175, 50.758622069106806 ], [ 15.657705028632973, 50.758121924733075 ], [ 15.638117907108235, 50.757620769764102 ], [ 15.624901663778433, 50.764730595092196 ], [ 15.61769800189079, 50.768664174828288 ], [ 15.60458573354782, 50.775712353118259 ], [ 15.597268342228906, 50.779706169283749 ], [ 15.57767290445512, 50.779200769594276 ], [ 15.558077860864683, 50.778694670632539 ], [ 15.538483204531374, 50.778187971709194 ], [ 15.518888927989396, 50.777680777160249 ], [ 15.506387015209445, 50.78438136923284 ], [ 15.498431983578133, 50.788715715089914 ], [ 15.478833686353164, 50.7882069153559 ], [ 15.466601911768361, 50.794753972067468 ], [ 15.458362524461414, 50.799239825675848 ], [ 15.446268297018419, 50.805708003796525 ], [ 15.437881519399149, 50.810272044402303 ], [ 15.429925168889611, 50.805208412768167 ], [ 15.419158165385332, 50.798219880908761 ], [ 15.411042783840882, 50.79305579600539 ], [ 15.411914740121613, 50.781510101444375 ], [ 15.401330750076623, 50.774633750142357 ], [ 15.381738870704805, 50.774126491473019 ], [ 15.370324721718873, 50.780221699050571 ], [ 15.369415061356978, 50.791766014592547 ], [ 15.368507283665314, 50.803310372591191 ], [ 15.367601351378108, 50.814854771930847 ], [ 15.366697228302439, 50.826399211528368 ], [ 15.365794879193109, 50.837943690329261 ], [ 15.356759155782669, 50.842852870781364 ], [ 15.345446865639655, 50.848880039055082 ], [ 15.336234112947155, 50.853883204820718 ], [ 15.32509584193137, 50.859812822404457 ], [ 15.315699110543786, 50.864913671826073 ], [ 15.304742082177139, 50.870742048502414 ], [ 15.295154124887159, 50.875944435842683 ], [ 15.284385872569437, 50.881667726050487 ], [ 15.283468527592976, 50.893211252164953 ], [ 15.282552941976775, 50.904754818724193 ], [ 15.272753545425749, 50.910067879338023 ], [ 15.262186339480527, 50.915676461413391 ], [ 15.261268365038285, 50.927219820387869 ], [ 15.270880732660457, 50.93346956545912 ], [ 15.279816345262347, 50.939385748880277 ], [ 15.289601287761037, 50.94574291065998 ], [ 15.298385090266283, 50.951549259983906 ], [ 15.28872064731094, 50.956786845534111 ], [ 15.278000014366993, 50.962473215387 ], [ 15.277094146588173, 50.974016998779405 ], [ 15.26719960057412, 50.979375763394124 ], [ 15.247523344261856, 50.978856544158916 ], [ 15.237224017673633, 50.984310509110436 ], [ 15.236309930440584, 50.995853801703888 ], [ 15.225971002429853, 51.001447971182394 ], [ 15.216190499329576, 50.995203007792142 ], [ 15.207228944507513, 50.989375088887613 ], [ 15.197267194009713, 50.983014835616046 ], [ 15.188496042345127, 50.977306422024249 ], [ 15.178838210661706, 50.982412612184767 ], [ 15.177907213489528, 50.993955056718441 ], [ 15.176977779976085, 51.005497537495685 ], [ 15.176049852847962, 51.01704005268143 ], [ 15.165007146288911, 51.023007781928555 ], [ 15.154558253950762, 51.016333726032357 ], [ 15.146271994189194, 51.010938307639307 ], [ 15.135620044251421, 51.004134981730843 ], [ 15.136597675291821, 50.992594309181932 ], [ 15.128508605865862, 50.987322208384413 ], [ 15.1195881029986, 50.992029740493308 ], [ 15.107861422883712, 50.998365114882006 ], [ 15.099216521087195, 51.002923464835419 ], [ 15.098265869265218, 51.014464823972574 ], [ 15.086230135822381, 51.020962719144798 ], [ 15.066536173698601, 51.020457990652908 ], [ 15.054870586789013, 51.013005489725231 ], [ 15.047825742380677, 51.008405744100841 ], [ 15.040040616732156, 51.012503058588827 ], [ 15.0271484035501, 51.01945833834484 ], [ 15.00745453273616, 51.0189640363782 ], [ 14.987760626219643, 51.018473860349097 ], [ 14.974927401541658, 51.010274654629548 ], [ 14.975938379899246, 50.998736020215944 ], [ 14.976946041557785, 50.987197256940007 ], [ 14.991086892283418, 50.979952683651405 ], [ 15.010732553262063, 50.980814793533149 ], [ 15.017924377607631, 50.977030059412584 ], [ 15.01891822998132, 50.965490567982009 ], [ 15.019908634053873, 50.953950944247509 ], [ 15.013401407332704, 50.949693167696047 ], [ 15.00092510452507, 50.941727960931424 ], [ 15.001911637515681, 50.93018828669544 ], [ 14.995721766434658, 50.926134270361317 ], [ 14.982917282368819, 50.917961798199691 ], [ 14.99704792068701, 50.910704859380246 ], [ 15.003873313777195, 50.907108504410459 ], [ 14.997704018422359, 50.903066309126643 ], [ 14.984877108813551, 50.894882143120881 ], [ 14.999030983792188, 50.887607025296646 ], [ 15.005819252669761, 50.884028125110071 ], [ 15.0067861137082, 50.87248770460252 ], [ 15.000671258194092, 50.868478718766674 ], [ 14.981039215311672, 50.868009503267544 ], [ 14.961406992103175, 50.867545822519759 ], [ 14.941774542875441, 50.867088116174124 ], [ 14.936156441820726, 50.870046081810564 ], [ 14.921134738793516, 50.878157424507684 ], [ 14.901497000963621, 50.877711248882164 ], [ 14.881858889774913, 50.877272444068289 ], [ 14.862220347018685, 50.876841555934433 ], [ 14.842581310708553, 50.876419162405206 ], [ 14.822941714827092, 50.876005875533849 ], [ 14.820068093729645, 50.877513671251982 ], [ 14.822654109155634, 50.879217247640881 ], [ 14.838125555583629, 50.889734057365345 ], [ 14.841212830625507, 50.891766332001282 ], [ 14.856223598391351, 50.90195295396736 ], [ 14.855170885152146, 50.913489491377277 ], [ 14.858756345650301, 50.915847471905046 ], [ 14.87331795770792, 50.925707280116995 ], [ 14.87734262417016, 50.928352129402924 ], [ 14.891501466724806, 50.937923393201956 ], [ 14.890471852489934, 50.949460933395478 ], [ 14.894921899108571, 50.952382546041704 ], [ 14.908699538227413, 50.961675723556397 ], [ 14.913535237076591, 50.964848155446795 ], [ 14.926960185749211, 50.973888680650582 ], [ 14.925951249851611, 50.985427125177232 ], [ 14.924944525344973, 50.996965632867528 ], [ 14.930139171927681, 51.000369606485819 ], [ 14.943253646303846, 51.009177470676917 ], [ 14.942257233563806, 51.020716417516574 ], [ 14.947776877695611, 51.024329903254561 ], [ 14.960604039089763, 51.032926643690288 ], [ 14.959617261837753, 51.044466003120718 ], [ 14.95863208946928, 51.056005404107054 ], [ 14.964430409395108, 51.059796918089646 ], [ 14.97702220402563, 51.068214284971226 ], [ 14.97604580063763, 51.079754065474944 ], [ 14.982110235966523, 51.08371579208162 ], [ 14.994469851356039, 51.091961166598942 ], [ 14.993501635327085, 51.103501303951923 ], [ 14.992534446756363, 51.115041462572208 ], [ 14.991568176009654, 51.126581638731572 ], [ 14.99060271026875, 51.138121828590116 ], [ 14.996818201389278, 51.142175826652483 ], [ 15.00907870767781, 51.150328013141461 ], [ 14.99547803414189, 51.15763863736079 ], [ 14.988673726118847, 51.161202233469204 ], [ 14.994821359070242, 51.165210313915132 ], [ 15.007162096062345, 51.173409016347755 ], [ 15.006204341102205, 51.184949515898154 ], [ 15.01255775487347, 51.18908776999848 ], [ 15.024722429047268, 51.197154332096929 ], [ 15.023770605260793, 51.208695106153947 ], [ 15.022818734952828, 51.220235864697877 ], [ 15.021866685061314, 51.231776603217185 ], [ 15.028328402627027, 51.235979594140161 ], [ 15.040424169878222, 51.243979937334544 ], [ 15.039477044320872, 51.255520914320513 ], [ 15.038529347762406, 51.267061858013307 ], [ 15.037580937364156, 51.278602763581567 ], [ 15.036631667458087, 51.290143626095123 ], [ 15.023019895181982, 51.297427630132709 ], [ 15.016142759506558, 51.301020347083124 ], [ 15.01518546467558, 51.312560809946525 ], [ 15.001196275106709, 51.320037200353646 ], [ 14.994687549278353, 51.323433619489336 ], [ 14.993721403505843, 51.334973652370572 ], [ 14.979350615914242, 51.34264373933096 ], [ 14.973213704940518, 51.345842519855594 ], [ 14.972237838316927, 51.357382090465165 ], [ 14.977744577182712, 51.360959680932204 ], [ 14.990812070462971, 51.369593295304071 ], [ 14.976308458064668, 51.377321387352019 ], [ 14.970279710826272, 51.380460970499541 ], [ 14.969297129494926, 51.392000268857203 ], [ 14.968311991863418, 51.40353946547414 ], [ 14.967324142118622, 51.415078554960601 ], [ 14.966333427221343, 51.426617532019101 ], [ 14.971668469664243, 51.430079244560417 ], [ 14.984930082394415, 51.438830039468243 ], [ 14.970208526055353, 51.446645933738573 ], [ 14.964342807170857, 51.449695128244187 ], [ 14.963342615064768, 51.461233737458791 ], [ 14.948286510908009, 51.469214670799488 ], [ 14.942739993705631, 51.472094660997129 ], [ 14.927372842051483, 51.480232784710807 ], [ 14.922131824294864, 51.482951872368254 ], [ 14.90644891822979, 51.491249338689677 ], [ 14.886555027002871, 51.490728146093588 ], [ 14.866661145818338, 51.490210627420787 ], [ 14.862377482162854, 51.49242879718296 ], [ 14.845717186395724, 51.501229980526269 ], [ 14.841770002762878, 51.503272203438662 ], [ 14.824762914391266, 51.512248092235019 ], [ 14.821157521451077, 51.514111914936464 ], [ 14.803798318112671, 51.523264987681586 ], [ 14.783889560365294, 51.52275971261934 ], [ 14.763980650115661, 51.522259588400409 ], [ 14.761496456874237, 51.523541353280791 ], [ 14.742995682995904, 51.533281899392982 ], [ 14.74088995484335, 51.534367477185086 ], [ 14.739776786814101, 51.545900746928723 ], [ 14.72091860608286, 51.555813673111835 ], [ 14.719153488549843, 51.55672261377839 ], [ 14.718022852039431, 51.568255100166404 ], [ 14.719648911357346, 51.569314395223124 ], [ 14.736409479648509, 51.580499464962024 ], [ 14.738452661849617, 51.581829478034741 ], [ 14.75482396031377, 51.592741800416711 ], [ 14.757267713318544, 51.59433135002643 ], [ 14.773265297255167, 51.604982057769192 ], [ 14.772140362748033, 51.616515060507318 ], [ 14.754323313844999, 51.625848301796481 ], [ 14.751425145755308, 51.627339576296393 ], [ 14.754025761210906, 51.629030108485047 ], [ 14.76987667941845, 51.639580526836802 ], [ 14.752171690597331, 51.648842923353037 ], [ 14.749136289647938, 51.650403859521433 ], [ 14.751859803159293, 51.652173549098045 ], [ 14.76759481258784, 51.662645282394593 ], [ 14.75001801592636, 51.671828742208533 ], [ 14.746829459808641, 51.673467436481317 ], [ 14.7456694620624, 51.68499896566653 ], [ 14.727880421363361, 51.694279498306535 ], [ 14.724885803001392, 51.695816753384243 ], [ 14.706810075702935, 51.705239015341654 ], [ 14.704096598045574, 51.706630773476093 ], [ 14.685729330694283, 51.716197239384229 ], [ 14.683302271667085, 51.71744103981915 ], [ 14.682101238968309, 51.72897062934873 ], [ 14.663538381077611, 51.738625696866904 ], [ 14.661290076486379, 51.739776562708457 ], [ 14.660073212321942, 51.751305408588479 ], [ 14.658852817347617, 51.762834110155666 ], [ 14.657629022443739, 51.774362672207765 ], [ 14.656401961874915, 51.78589109967124 ], [ 14.655171772735804, 51.797419397580853 ], [ 14.636896415271066, 51.806892053893208 ], [ 14.616865171298269, 51.806369152015648 ], [ 14.614674651289205, 51.807487161016006 ], [ 14.595715134957079, 51.817306467347024 ], [ 14.593806741364078, 51.81827965630422 ], [ 14.592543132586098, 51.829806256153368 ], [ 14.594377063934225, 51.830998657616867 ], [ 14.610909237048631, 51.842068328040121 ], [ 14.609649256912256, 51.853595175285356 ], [ 14.612113581500456, 51.85519588856895 ], [ 14.632123948956718, 51.856157788958164 ], [ 14.647732839022355, 51.866586755116359 ], [ 14.651014852817285, 51.868715758647781 ], [ 14.666188287995636, 51.878843006642875 ], [ 14.669917315096868, 51.881260116813678 ], [ 14.684671579726373, 51.891097219500232 ], [ 14.688831279566614, 51.893791405262803 ], [ 14.703181848380815, 51.903349349222339 ], [ 14.701951066945206, 51.91487789198132 ], [ 14.700718584768813, 51.92640635854702 ], [ 14.705538294605303, 51.929524315320947 ], [ 14.719266511423465, 51.938657024739712 ], [ 14.718038355044941, 51.950185756421462 ], [ 14.716808862819564, 51.96171442541791 ], [ 14.715578164539536, 51.973243036458953 ], [ 14.714346387106376, 51.984771594172656 ], [ 14.720055804064073, 51.988459181983593 ], [ 14.732943669851306, 51.997021445935097 ], [ 14.731717162063827, 52.008550302151335 ], [ 14.730489904391751, 52.020079117134159 ], [ 14.736821286495774, 52.024163536860819 ], [ 14.749124246298482, 52.032327444590962 ], [ 14.747902720685437, 52.043856573273509 ], [ 14.746680749252096, 52.055385671817128 ], [ 14.753613304235662, 52.059852563097785 ], [ 14.765351775741545, 52.067632443068788 ], [ 14.752233270249137, 52.074373318666289 ], [ 14.744235882035825, 52.078443793498963 ], [ 14.743013183089074, 52.089972823798234 ], [ 14.729896522296261, 52.096708235671343 ], [ 14.709741232949703, 52.096119172790686 ], [ 14.701994785473415, 52.100055171616638 ], [ 14.688479164248699, 52.106992455791811 ], [ 14.680870314613632, 52.110855225367928 ], [ 14.67962738482699, 52.122383073896025 ], [ 14.678384727904382, 52.133910918797326 ], [ 14.677142418630364, 52.14543876285061 ], [ 14.684312596336808, 52.150058908408241 ], [ 14.695815993357098, 52.157696333559834 ], [ 14.703344767990393, 52.16254375714631 ], [ 14.714514271492739, 52.16995167373102 ], [ 14.702011156753594, 52.176360199362385 ], [ 14.69334721812935, 52.180752803021498 ], [ 14.692113683067216, 52.19228104859053 ], [ 14.69088079402801, 52.203809304277037 ], [ 14.698861808067468, 52.208943584510628 ], [ 14.709608074919576, 52.216066180810422 ], [ 14.708383222039064, 52.227594835476729 ], [ 14.707159148184576, 52.239123505044155 ], [ 14.705935897989985, 52.250652191181288 ], [ 14.694241005027029, 52.256638149149872 ], [ 14.674014781393007, 52.256034450666014 ], [ 14.664752335413816, 52.260717675205015 ], [ 14.652665169829943, 52.266902481212263 ], [ 14.632434229172956, 52.266302039264204 ], [ 14.623585759350934, 52.27076963295147 ], [ 14.611068774142693, 52.277172374100772 ], [ 14.590833017894305, 52.276576031217608 ], [ 14.582438986077195, 52.280808190733907 ], [ 14.581179689231245, 52.292334693271435 ], [ 14.579921518674116, 52.303861225239402 ], [ 14.578664501868362, 52.315387787718585 ], [ 14.566009048646821, 52.321856314108707 ], [ 14.557449632347685, 52.326164065452019 ], [ 14.556188246148048, 52.337690304255098 ], [ 14.554928107275458, 52.349216577523229 ], [ 14.55366923484369, 52.360742886030373 ], [ 14.552411646126318, 52.372269230481507 ], [ 14.551155356644939, 52.383795611515907 ], [ 14.538813049789116, 52.390098351252291 ], [ 14.529913309827112, 52.394566455245425 ], [ 14.53784565866329, 52.399671693559803 ], [ 14.548646729237483, 52.406848485582302 ], [ 14.547394414371286, 52.418374979593089 ], [ 14.546143445028136, 52.429901512150906 ], [ 14.554604837286176, 52.435340665971751 ], [ 14.574881117116439, 52.436256637212352 ], [ 14.584956107663936, 52.442933369283473 ], [ 14.594001961080881, 52.448740291545334 ], [ 14.603775011325698, 52.455209230819179 ], [ 14.60254740461802, 52.466736992095434 ], [ 14.611981386603794, 52.472787012027247 ], [ 14.621398433437738, 52.479010982398691 ], [ 14.631130165741958, 52.485247020658299 ], [ 14.640273303126962, 52.49128266473457 ], [ 14.639062077530042, 52.502811250758043 ], [ 14.628868710511783, 52.508013735515135 ], [ 14.617746100055047, 52.513595671210119 ], [ 14.616531216981302, 52.525123971370135 ], [ 14.615317614270436, 52.536652306881116 ], [ 14.614105290690118, 52.548180677748306 ], [ 14.624225977104214, 52.554657690919775 ], [ 14.633024822613406, 52.560454693753677 ], [ 14.631821136710274, 52.571983484927301 ], [ 14.621998131265412, 52.576994503551028 ], [ 14.610475973932703, 52.582766002222485 ], [ 14.609268743709395, 52.594294514161319 ], [ 14.608062778889755, 52.605823061199359 ], [ 14.598164115641005, 52.610870848397653 ], [ 14.58670685887799, 52.616601196934546 ], [ 14.576616271872233, 52.621745729446623 ], [ 14.556224870166396, 52.621118952461565 ], [ 14.54521302694603, 52.626618647516928 ], [ 14.534660778778294, 52.631996519235216 ], [ 14.523860341499566, 52.637385912808149 ], [ 14.513085421491672, 52.642875939441019 ], [ 14.502507896529128, 52.648149481061523 ], [ 14.491498760006539, 52.653757437143838 ], [ 14.471092292566416, 52.653137696858707 ], [ 14.461045837514041, 52.658139292085622 ], [ 14.459805378321025, 52.669665595719295 ], [ 14.448291362663053, 52.675527619156568 ], [ 14.438456182961465, 52.680418179524942 ], [ 14.437212502978911, 52.691944211932487 ], [ 14.425465585781177, 52.697922513128709 ], [ 14.415860673085659, 52.702692858236844 ], [ 14.403827036103557, 52.708815272917491 ], [ 14.394511361207524, 52.713437904178072 ], [ 14.393259962252451, 52.724963354666585 ], [ 14.380958509946804, 52.731219408001643 ], [ 14.371909141478438, 52.735704509896827 ], [ 14.359290562101441, 52.742119784907274 ], [ 14.350561940173156, 52.746442112762736 ], [ 14.337610967590114, 52.753024194521856 ], [ 14.329218937877734, 52.757176189422289 ], [ 14.315919671297294, 52.763932972377589 ], [ 14.307880743745516, 52.767906767618122 ], [ 14.294216615466588, 52.774846471330974 ], [ 14.273751699299895, 52.774254282236896 ], [ 14.266499603724887, 52.777833972403982 ], [ 14.265221375203989, 52.789357548089157 ], [ 14.250774979968494, 52.796689136940316 ], [ 14.243901583570448, 52.800077814667283 ], [ 14.229036270043151, 52.807619105822823 ], [ 14.222589369976562, 52.810794711621078 ], [ 14.207285539660683, 52.818555402869166 ], [ 14.186798096110838, 52.817985081262094 ], [ 14.181286208446119, 52.820696206611089 ], [ 14.165029486204133, 52.828934709168578 ], [ 14.144535738993516, 52.828378828312765 ], [ 14.140041951443893, 52.830585995189445 ], [ 14.138736281061483, 52.842107651189885 ], [ 14.137432687769735, 52.853629383807274 ], [ 14.141423862795207, 52.856201340613445 ], [ 14.156113353364558, 52.865969863071946 ], [ 14.154819934640981, 52.877492121634859 ], [ 14.159296399356037, 52.880373902924184 ], [ 14.173543678871207, 52.889831324413265 ], [ 14.157323017054836, 52.898043373008548 ], [ 14.152239225401731, 52.900536863728959 ], [ 14.150951954397092, 52.91205934819714 ], [ 14.149666754612197, 52.923581909005115 ], [ 14.148383639643637, 52.935104546778724 ], [ 14.147102624792472, 52.946627262213653 ], [ 14.145823727161085, 52.958150056079461 ], [ 14.150273720733043, 52.961010571195196 ], [ 14.164601816040808, 52.970492280700562 ], [ 14.169482842336667, 52.973627361600087 ], [ 14.189986137809319, 52.974717397476638 ], [ 14.203511818971553, 52.983647088754488 ], [ 14.209215609234894, 52.987305545000865 ], [ 14.229728992673602, 52.988369079238097 ], [ 14.24251793028351, 52.996792527752419 ], [ 14.248978538047359, 53.000930654083504 ], [ 14.261435946077418, 53.009124187357422 ], [ 14.268240383126937, 53.013479046084832 ], [ 14.288771124766448, 53.014506325598688 ], [ 14.300580433544301, 53.022255286966661 ], [ 14.308052687083038, 53.027030892503006 ], [ 14.319573946050777, 53.034580145120735 ], [ 14.327346387537791, 53.039543611386826 ], [ 14.338593509533052, 53.046902783668131 ], [ 14.346652179483122, 53.052044894786356 ], [ 14.357638443504273, 53.059223163969605 ], [ 14.356434521398914, 53.070750175000114 ], [ 14.364732237432818, 53.07603941778747 ], [ 14.375510909651807, 53.083068626450945 ], [ 14.374315526251456, 53.094596065096077 ], [ 14.373121990369805, 53.106123566669808 ], [ 14.371930338861942, 53.117651132665991 ], [ 14.380363530389941, 53.123018927132499 ], [ 14.391050764486996, 53.129968331954828 ], [ 14.389867683061036, 53.141496323395678 ], [ 14.377715037121614, 53.147649498698073 ], [ 14.368367096167034, 53.152234233580558 ], [ 14.367183400813694, 53.16376207417089 ], [ 14.366001812619764, 53.175289988163968 ], [ 14.374177825497313, 53.18048847082288 ], [ 14.38515546243999, 53.187608980196678 ], [ 14.383982685089244, 53.199137327218338 ], [ 14.392327846105843, 53.204437913381362 ], [ 14.403166124424827, 53.211454277632157 ], [ 14.402002195363034, 53.222983056289223 ], [ 14.410498676855601, 53.22837421105266 ], [ 14.421214870951616, 53.235297928677639 ], [ 14.42991653150805, 53.240814791331616 ], [ 14.440449685675611, 53.247610340562588 ], [ 14.449346307864301, 53.253246227299599 ], [ 14.459706194014913, 53.259920264823066 ], [ 14.448006257902009, 53.265842748929686 ], [ 14.43815519881745, 53.270669538592166 ], [ 14.426072837824069, 53.276782507777952 ], [ 14.416609294791511, 53.281415273805038 ], [ 14.415464205351658, 53.292944831212807 ], [ 14.414321798838355, 53.304474483405222 ], [ 14.413182163075343, 53.316004233832231 ], [ 14.412045390323568, 53.327534086116145 ], [ 14.410911577465891, 53.33906404405888 ], [ 14.409780826200144, 53.350594111649443 ], [ 14.396636911407061, 53.357234455999389 ], [ 14.388235626659089, 53.361335492199274 ], [ 14.395684708611661, 53.366049716129496 ], [ 14.407528940531522, 53.373654592713287 ], [ 14.394131268658239, 53.380421060104133 ], [ 14.385983489230977, 53.384395752564629 ], [ 14.384862769069938, 53.395926077904001 ], [ 14.383745789216524, 53.407456540213481 ], [ 14.382632688498587, 53.41898714494971 ], [ 14.381523612369369, 53.430517897828075 ], [ 14.380418713195153, 53.442048804833931 ], [ 14.379318150557275, 53.453579872234421 ], [ 14.364532787395309, 53.461036822482683 ], [ 14.357788754001444, 53.464317326337614 ], [ 14.35669482773597, 53.475848545911845 ], [ 14.355605887307966, 53.487379952319273 ], [ 14.354522129741472, 53.498911553323467 ], [ 14.338635248174402, 53.506916826805806 ], [ 14.333014343657327, 53.509645854607385 ], [ 14.331939655476495, 53.521177709113566 ], [ 14.330870949412978, 53.532709790821627 ], [ 14.313959365479596, 53.541225138460995 ], [ 14.309387911797208, 53.543441182523893 ], [ 14.30833057127281, 53.554973613995237 ], [ 14.312168504909819, 53.557397804382468 ], [ 14.327703211626524, 53.567307497514584 ], [ 14.326660980678833, 53.578840588708424 ], [ 14.325626066088196, 53.590373959841457 ], [ 14.324598773309999, 53.601907622980761 ], [ 14.323579422132482, 53.613441590757475 ], [ 14.30490412017485, 53.622838525213062 ], [ 14.302142416327767, 53.62417419907127 ], [ 14.301140043854209, 53.635708748513053 ], [ 14.300146904998488, 53.647243655292975 ], [ 14.299163395040591, 53.658778935079397 ], [ 14.278796957221422, 53.669019999114319 ], [ 14.277782178143305, 53.669509858530745 ], [ 14.27867872628023, 53.670075244543199 ], [ 14.297226937789588, 53.681850680089575 ], [ 14.276171514932292, 53.692436977638735 ], [ 14.275870011377533, 53.692582424937214 ], [ 14.275114749839283, 53.701853167922728 ], [ 14.277836417817245, 53.704234185252382 ], [ 14.292064613958091, 53.716369373898253 ], [ 14.294266365664614, 53.71820315736673 ], [ 14.306734882604783, 53.72852005939427 ], [ 14.313497308216752, 53.733970608816776 ], [ 14.321888024487565, 53.740687667813688 ], [ 14.332800945638596, 53.749209195624168 ], [ 14.337524735652373, 53.752872034798543 ], [ 14.352171571428, 53.763964926554429 ], [ 14.353645154125605, 53.76507296814021 ], [ 14.37022952189589, 53.777289499859521 ], [ 14.371603738963136, 53.778282060486006 ], [ 14.387280511804599, 53.789521532573183 ], [ 14.391092630817075, 53.792199728635197 ], [ 14.404815871686532, 53.801769540756965 ], [ 14.410634236219471, 53.805750230983392 ], [ 14.422831117806663, 53.814033132303528 ], [ 14.430224691440413, 53.818964967995086 ], [ 14.441320145806777, 53.826311850480224 ], [ 14.449860458479563, 53.83187278738297 ], [ 14.460275019685344, 53.838605167443468 ], [ 14.469538291740861, 53.844500250865877 ], [ 14.47968577783195, 53.850912478700984 ], [ 14.489255208046263, 53.856871874702044 ], [ 14.499540262665025, 53.86323309875975 ], [ 14.509008459636133, 53.86901034683595 ], [ 14.519823980625592, 53.875566258192528 ], [ 14.528795509847333, 53.88093672312926 ], [ 14.540519999214489, 53.887911102338776 ], [ 14.548614011198495, 53.892670604823103 ], [ 14.561608887381551, 53.900266691826545 ], [ 14.568461785646143, 53.904230299091189 ], [ 14.583068704853089, 53.912632005060004 ], [ 14.58833680680546, 53.915632964288463 ], [ 14.604875044906821, 53.925005942763164 ], [ 14.608237183956657, 53.92689474127215 ], [ 14.627001133682889, 53.937387334605582 ], [ 14.628161147681666, 53.938030871968159 ], [ 14.648106323496865, 53.949062646639511 ], [ 14.649396318070902, 53.949774161642146 ], [ 14.668071038611219, 53.960004952557803 ], [ 14.672026730127056, 53.962165047736562 ], [ 14.688054441307488, 53.970864986158752 ], [ 14.694878630341019, 53.974559364112309 ], [ 14.708055147296394, 53.981655233979197 ], [ 14.717918178059909, 53.986955774093246 ], [ 14.728071844558579, 53.992387689061111 ], [ 14.741110577722978, 53.9993529329656 ], [ 14.748103286260424, 54.003073910847547 ], [ 14.764420476076271, 54.011749503416866 ], [ 14.768148284692769, 54.013725076421899 ], [ 14.787812379276978, 54.024144171107196 ], [ 14.788205706185151, 54.024352023316318 ], [ 14.808272574834255, 54.034984060467039 ], [ 14.81119411607645, 54.036533672312714 ], [ 14.829177152682998, 54.037363579769028 ], [ 14.850225267074311, 54.038326714082707 ], [ 14.86946505853998, 54.050123697475378 ], [ 14.870156169850182, 54.05054865568524 ], [ 14.891212587140272, 54.051501461487753 ], [ 14.912270673321176, 54.052445351166845 ], [ 14.933330404318129, 54.053380442151038 ], [ 14.951485816655396, 54.064487726669725 ], [ 14.953292781566311, 54.065595846096151 ], [ 14.974360732709844, 54.066520936892104 ], [ 14.99220353613323, 54.077423766194045 ], [ 14.994341342728084, 54.078732867512898 ], [ 15.015417488501319, 54.07964804804147 ], [ 15.036495214800317, 54.080554633182864 ], [ 15.05366399848497, 54.091028691593159 ], [ 15.056500633026257, 54.092762139269674 ], [ 15.077586515698043, 54.09365887446598 ], [ 15.098673940227048, 54.094547126628704 ], [ 15.1151836331111, 54.104603389730826 ], [ 15.118704164944752, 54.106750318298928 ], [ 15.139799714620654, 54.107628709521059 ], [ 15.160896769504305, 54.108498712406835 ], [ 15.176762084114863, 54.118147775633005 ], [ 15.180951815917966, 54.120697521990039 ], [ 15.202056969326797, 54.121557602341056 ], [ 15.217614906006913, 54.13100963095674 ], [ 15.222130245134052, 54.133753525399442 ], [ 15.243243488748371, 54.134603591825083 ], [ 15.264358186108158, 54.135445354977087 ], [ 15.279289615347805, 54.14450330901964 ], [ 15.284456337365318, 54.147636541170179 ], [ 15.305579101797223, 54.148468180818533 ], [ 15.32670328424901, 54.149291606282922 ], [ 15.347828865254691, 54.150106906752271 ], [ 15.368955825556945, 54.15091417108237 ], [ 15.390084146106249, 54.151713487797217 ], [ 15.40353774223896, 54.159852142642734 ], [ 15.410227158101, 54.163892957971164 ], [ 15.43136347104126, 54.164682075574923 ], [ 15.452501108004016, 54.165463352109199 ], [ 15.473640050201521, 54.166236878426417 ], [ 15.494780279070842, 54.167002744889281 ], [ 15.515921776277629, 54.167761041311756 ], [ 15.528053095373636, 54.175078816995189 ], [ 15.536109764898274, 54.179926549767643 ], [ 15.557259172088045, 54.180674666151646 ], [ 15.578409811039927, 54.181415337881106 ], [ 15.59003906267224, 54.188419465229494 ], [ 15.598622857592627, 54.193573659971094 ], [ 15.619781374473382, 54.194304130120905 ], [ 15.640941086123544, 54.195027291517967 ], [ 15.66210197485622, 54.19574323618923 ], [ 15.673027197218355, 54.202309980391547 ], [ 15.682346780331223, 54.207890955130672 ], [ 15.703515493228508, 54.208596754366518 ], [ 15.724685346333834, 54.20929548200295 ], [ 15.745856322594241, 54.209987228817127 ], [ 15.756122908331919, 54.216145343804861 ], [ 15.766132915935254, 54.222123666937648 ], [ 15.787311660133206, 54.222805362730938 ], [ 15.797343745784696, 54.228815994397351 ], [ 15.807606736646983, 54.234936417074671 ], [ 15.828793230529223, 54.235608055846868 ], [ 15.849980791435231, 54.236272928884162 ], [ 15.859592645853896, 54.242022374722865 ], [ 15.870301035701447, 54.248395138108528 ], [ 15.891496307283163, 54.249050025247307 ], [ 15.912692610042685, 54.249698302490806 ], [ 15.933889928400484, 54.250340055407072 ], [ 15.955088247112062, 54.250975367384441 ], [ 15.976287551262843, 54.251604319625855 ], [ 15.997487826262685, 54.25222699114785 ], [ 16.018689057840106, 54.252843458783637 ], [ 16.027075339948517, 54.257839235769723 ], [ 16.039067720018245, 54.264939502797461 ], [ 16.060276527757878, 54.265546401700732 ], [ 16.081486259934465, 54.266147234075021 ], [ 16.089528942243987, 54.270930236156666 ], [ 16.101890089544888, 54.278233598743597 ], [ 16.123107359966269, 54.278824949092197 ], [ 16.130960711916039, 54.283489693016271 ], [ 16.143529738071948, 54.290904947302678 ], [ 16.151336712556979, 54.295538758946158 ], [ 16.163964051040818, 54.302982004460397 ], [ 16.185195467414037, 54.303560349863893 ], [ 16.192815356905715, 54.308077502280057 ], [ 16.205648358573974, 54.315630831081791 ], [ 16.213220685952539, 54.320116400426549 ], [ 16.226113213547158, 54.327698225247055 ], [ 16.233637554527483, 54.332151954858425 ], [ 16.246590045359056, 54.339762473681375 ], [ 16.254066069386525, 54.34418416339328 ], [ 16.267078866886656, 54.351823518440675 ], [ 16.274506336024132, 54.356213023748793 ], [ 16.287579690859143, 54.363881302325048 ], [ 16.29495845868804, 54.368238533544229 ], [ 16.308092529859824, 54.375935768869631 ], [ 16.315422540423253, 54.380260690302393 ], [ 16.31475986998624, 54.391810963083266 ], [ 16.327869788933928, 54.399485473006472 ], [ 16.335241242421905, 54.403829914060303 ], [ 16.348412101698997, 54.411533424481391 ], [ 16.355734839687859, 54.415845506666358 ], [ 16.355085818488281, 54.427396130376486 ], [ 16.368229299750848, 54.435075033678103 ], [ 16.375597126568618, 54.439408511474618 ], [ 16.388801180425894, 54.447116114611056 ], [ 16.396120919923749, 54.45141752834936 ], [ 16.395486064626226, 54.462968505757914 ], [ 16.408658471775237, 54.470649021760487 ], [ 16.416027984650874, 54.474974304717186 ], [ 16.429260012927166, 54.482682883024673 ], [ 16.436582647646791, 54.486976733144594 ], [ 16.435962487080957, 54.498528066762418 ], [ 16.449157550279619, 54.506206480379156 ], [ 16.456535693642163, 54.510527270301061 ], [ 16.469788843172477, 54.51823277491858 ], [ 16.491137463691988, 54.518761541759872 ], [ 16.498324066669344, 54.522963763271449 ], [ 16.511787594270633, 54.530779946189703 ], [ 16.518930674006079, 54.534952677285816 ], [ 16.532449900390432, 54.542794356318787 ], [ 16.55381267510133, 54.543308943911114 ], [ 16.560772419119665, 54.547368177656061 ], [ 16.574493838333396, 54.555315290260395 ], [ 16.595864069519202, 54.555819704542962 ], [ 16.617235074030191, 54.556318031474362 ], [ 16.62388631600184, 54.56018873015541 ], [ 16.637941761173916, 54.568312162496596 ], [ 16.659320180958993, 54.568800409756712 ], [ 16.680699343993279, 54.569282692279423 ], [ 16.702079238463714, 54.569759071098346 ], [ 16.723459852813424, 54.570229604930745 ], [ 16.744841175730119, 54.57069435027865 ], [ 16.766223196135059, 54.571153361524985 ], [ 16.772129284486986, 54.574573741089004 ], [ 16.786981938413231, 54.583118715333043 ], [ 16.808371266534028, 54.583567928805991 ], [ 16.829761265027816, 54.584011505098673 ], [ 16.8354297413578, 54.587286221141774 ], [ 16.850545467378623, 54.595964208839042 ], [ 16.871942735754377, 54.596398051760509 ], [ 16.893340648161026, 54.596826347938972 ], [ 16.914739194541987, 54.597249142767609 ], [ 16.920096975860382, 54.600334320869834 ], [ 16.935555442986267, 54.609184887652241 ], [ 16.94088978232061, 54.612252867363409 ], [ 16.956383934156065, 54.62111607827979 ], [ 16.961696779600736, 54.62416795624047 ], [ 16.977224677455645, 54.633042669046205 ], [ 16.982518054439154, 54.636079583009405 ], [ 16.998077682211957, 54.644964614187657 ], [ 17.003353694143748, 54.6479877431291 ], [ 17.018942957678895, 54.656881867678486 ], [ 17.024203786800612, 54.659892432011816 ], [ 17.039820513041715, 54.668794383119163 ], [ 17.061259235794225, 54.66918645216137 ], [ 17.066424971012268, 54.672136444141572 ], [ 17.082155670583447, 54.681089925283835 ], [ 17.087311894347476, 54.684030563487013 ], [ 17.103064402791663, 54.692988554132626 ], [ 17.124516873354189, 54.69336665462113 ], [ 17.129588933905897, 54.69625304285023 ], [ 17.145444494952777, 54.705256108438412 ], [ 17.166904100713463, 54.70562452330423 ], [ 17.17189958850517, 54.70846105553624 ], [ 17.18785061295981, 54.717504729154051 ], [ 17.209317331774056, 54.717863482979084 ], [ 17.214243908933788, 54.720654573921642 ], [ 17.230282735657532, 54.729734367549206 ], [ 17.251756545454572, 54.73008348346378 ], [ 17.256621951036539, 54.732833570372044 ], [ 17.272740841732311, 54.741944972145802 ], [ 17.29422172052994, 54.742284471305496 ], [ 17.31570309716081, 54.742618710515558 ], [ 17.33718496291387, 54.742947723234337 ], [ 17.341881743606841, 54.745591542399076 ], [ 17.358201244742222, 54.754791059582715 ], [ 17.379690128389008, 54.755110533029324 ], [ 17.401179478179436, 54.7554248388061 ], [ 17.422669285794083, 54.755734005730417 ], [ 17.444159543028249, 54.756038061211051 ], [ 17.465650241787213, 54.756337031275756 ], [ 17.470122320296785, 54.758838971218132 ], [ 17.486711488419278, 54.768153312929769 ], [ 17.508209127365465, 54.768442841449414 ], [ 17.529707186088295, 54.768727326541836 ], [ 17.551205656809959, 54.769006789777755 ], [ 17.572704531844273, 54.76928125141638 ], [ 17.577055192634276, 54.771702126629485 ], [ 17.593804110731323, 54.781074555087933 ], [ 17.615309864526566, 54.781339608396692 ], [ 17.636816001695333, 54.781599687942077 ], [ 17.658322514812273, 54.78185480955603 ], [ 17.662623200692661, 54.784236941645794 ], [ 17.679453867635829, 54.793629262915609 ], [ 17.700967212697211, 54.793874965204793 ], [ 17.722480913270417, 54.794115725706128 ], [ 17.726780105435999, 54.796488306617327 ], [ 17.743637537749603, 54.805875543165207 ], [ 17.765158037065589, 54.806106847251115 ], [ 17.786678871736687, 54.806333216546996 ], [ 17.808200034679992, 54.806554659032955 ], [ 17.812503707524098, 54.808918455263196 ], [ 17.829388347796453, 54.818295008311296 ], [ 17.850916263626939, 54.818506927122684 ], [ 17.872444487900381, 54.818713912778151 ], [ 17.87678932511345, 54.821091284487963 ], [ 17.893658018281702, 54.830439020792262 ], [ 17.915192962599754, 54.830636397455493 ], [ 17.936728195675919, 54.83082882378487 ], [ 17.958263710644129, 54.831016299182672 ], [ 17.979799500671128, 54.831198821692674 ], [ 18.001335558953024, 54.831376387992904 ], [ 18.022871878711875, 54.831548993386654 ], [ 18.044408453192297, 54.831716631791757 ], [ 18.065945275658056, 54.831879295728299 ], [ 18.087482339388668, 54.832036976304636 ], [ 18.109019637675992, 54.832189663201987 ], [ 18.130557163820807, 54.83233734465729 ], [ 18.152094911129335, 54.832480007444737 ], [ 18.173632872909799, 54.832617636855829 ], [ 18.195171042468868, 54.832750216678122 ], [ 18.216709413108109, 54.832877729172679 ], [ 18.238247978120381, 54.833000155050406 ], [ 18.259786730786143, 54.833117473447317 ], [ 18.281325664369753, 54.833229661898876 ], [ 18.30286477211564, 54.833336696313644 ], [ 18.324404047244428, 54.833438550946269 ], [ 18.345943482949007, 54.833535198370193 ], [ 18.362871927730424, 54.824615681131995 ], [ 18.367663171578393, 54.82210329885401 ], [ 18.384607137453909, 54.813167478963187 ], [ 18.38937063526625, 54.810664922578674 ], [ 18.40632533313406, 54.80171531124234 ], [ 18.41106587672607, 54.799220136526095 ], [ 18.428026642156897, 54.790259185967209 ], [ 18.428248761403925, 54.778699871904202 ], [ 18.428467842606004, 54.767140521474232 ], [ 18.411665036883036, 54.757956193303102 ], [ 18.407230283821274, 54.755478189028032 ], [ 18.407449221899974, 54.743918817711155 ], [ 18.407665427661023, 54.732359411016745 ], [ 18.412069656216453, 54.730030560722739 ], [ 18.429315731400113, 54.720902765361494 ], [ 18.433715410992573, 54.718572078044751 ], [ 18.450949834774267, 54.709442187222947 ], [ 18.45534899069218, 54.707107566148366 ], [ 18.472567812384082, 54.697977683895061 ], [ 18.472756847157452, 54.686417998718916 ], [ 18.472943487217453, 54.674858281059016 ], [ 18.473127799781409, 54.663298531210543 ], [ 18.473309848541202, 54.651738749453017 ], [ 18.47348969384171, 54.640178936051072 ], [ 18.477711359921614, 54.637926372585227 ], [ 18.499147897304272, 54.637990449620588 ], [ 18.516434322738235, 54.628797406048655 ], [ 18.516598544007191, 54.617237447970915 ], [ 18.516760697482706, 54.605677459546371 ], [ 18.520991606723534, 54.603410655025066 ], [ 18.538283954730488, 54.594200806584986 ], [ 18.538436432195031, 54.582640720258773 ], [ 18.542668975425549, 54.58036772608051 ], [ 18.559936543615692, 54.571160119556176 ], [ 18.560079505569583, 54.559599938747411 ], [ 18.560220602213953, 54.548039729036432 ], [ 18.560359873210796, 54.536479490567643 ], [ 18.560497356191107, 54.524919223477767 ], [ 18.560633086865021, 54.513358927896455 ], [ 18.560767099127492, 54.501798603946625 ], [ 18.564936562158898, 54.499547209769432 ], [ 18.582206986607346, 54.490313759800685 ], [ 18.565133878286748, 54.480959179067248 ], [ 18.561030095527027, 54.47867787140153 ], [ 18.56115913927227, 54.467117463021665 ], [ 18.561286584007103, 54.455557026704753 ], [ 18.565426901121928, 54.4533159503817 ], [ 18.582697091348656, 54.444071943170016 ], [ 18.586883483477902, 54.441802599822573 ], [ 18.604092646333147, 54.432583015241349 ], [ 18.604203976014162, 54.421022435257633 ], [ 18.608438274908757, 54.418722554942647 ], [ 18.629760602978845, 54.418759629489522 ], [ 18.646839154415826, 54.409593652275483 ], [ 18.651181149967016, 54.407230090477029 ], [ 18.672497598267594, 54.407257603371022 ], [ 18.689442451440225, 54.398149749779627 ], [ 18.693900197655356, 54.395718090142132 ], [ 18.710771379015338, 54.386641743849196 ], [ 18.715290797556943, 54.384173362357807 ], [ 18.732085822140231, 54.375129930238295 ], [ 18.736669403115648, 54.37262349081707 ], [ 18.757968037176198, 54.372632291985127 ], [ 18.779266695433861, 54.37263628103301 ], [ 18.800565371350597, 54.372635460107681 ], [ 18.817063926608988, 54.36372760528829 ], [ 18.821914089258236, 54.361067054427828 ], [ 18.843206797461654, 54.361057009385327 ], [ 18.859543223488075, 54.352223503468046 ], [ 18.864537543855384, 54.349479479701003 ], [ 18.885824263330036, 54.349460385196615 ], [ 18.907110968600136, 54.349436602949716 ], [ 18.92839765329888, 54.349408155307692 ], [ 18.93376936096492, 54.352287053627705 ], [ 18.949670184257908, 54.360935776941922 ], [ 18.965592134078292, 54.35230031985212 ], [ 18.970970935733508, 54.349337371195041 ], [ 18.992257520982022, 54.349295097931794 ], [ 19.013544060704231, 54.349248286024221 ], [ 19.034830548838933, 54.349196977333968 ], [ 19.056116979417414, 54.349141218068475 ], [ 19.077403346574894, 54.349081058880671 ], [ 19.098689644562175, 54.349016554940626 ], [ 19.119975867757429, 54.348947765975453 ], [ 19.141262010677991, 54.34887475627378 ], [ 19.162548067992013, 54.348797594650783 ], [ 19.183834034529795, 54.348716354370737 ], [ 19.190313556400611, 54.352155191378436 ], [ 19.205177441963883, 54.360181326147696 ], [ 19.226469175964898, 54.360090939761236 ], [ 19.247760803083715, 54.359996662151232 ], [ 19.269052318809798, 54.35989858269874 ], [ 19.290343718843033, 54.359796794396857 ], [ 19.297351821120621, 54.363500003081477 ], [ 19.31172239281246, 54.371234085820696 ], [ 19.333019507662787, 54.371123647076089 ], [ 19.354316493108659, 54.371009740052081 ], [ 19.375613345666217, 54.370892469518672 ], [ 19.3830706256581, 54.374819480500477 ], [ 19.39702134538738, 54.382307285622566 ], [ 19.418323875413371, 54.382181846785016 ], [ 19.426039607193342, 54.386236549353292 ], [ 19.439749523784577, 54.393584080442672 ], [ 19.461057713599253, 54.393450679566236 ], [ 19.469042482242326, 54.397638215223765 ], [ 19.48250099653205, 54.404840197068914 ], [ 19.503814829312304, 54.404699057016032 ], [ 19.512079038940225, 54.409024449028095 ], [ 19.525275732331718, 54.41607572794571 ], [ 19.546595192159042, 54.41592708563752 ], [ 19.555149034853862, 54.420395222103885 ], [ 19.568073700412441, 54.42729078190554 ], [ 19.576823234209325, 54.431854717221796 ], [ 19.589564025764719, 54.438646080494962 ], [ 19.598518232725908, 54.4433102273684 ], [ 19.611066165519819, 54.449992786258093 ], [ 19.620234416089236, 54.454761741037643 ], [ 19.63258011639229, 54.461330693552668 ], [ 19.644721242945749, 54.454633585646647 ], [ 19.653739213037156, 54.449659947834149 ], [ 19.675075467729794, 54.449490309826736 ], [ 19.696411542111772, 54.449318658697536 ], [ 19.71774743558365, 54.449145084954203 ], [ 19.739083147589767, 54.448969671083091 ], [ 19.760418677586976, 54.44879249099003 ], [ 19.78175402501342, 54.448613609530099 ], [ 19.803089189257623, 54.448433082132325 ], [ 19.814607671108583, 54.442046622431143 ], [ 19.824193566717593, 54.43676821506417 ], [ 19.845522444893657, 54.436586920148024 ], [ 19.866851139312903, 54.436404052671591 ], [ 19.888179648713912, 54.436219623457895 ], [ 19.909507971648065, 54.436033633865335 ], [ 19.930836106460738, 54.435846076041209 ], [ 19.952164051275098, 54.435656933255515 ], [ 19.963415108133397, 54.42939034722864 ], [ 19.973219936033416, 54.423996520348211 ], [ 19.994541586816144, 54.423806103247678 ], [ 20.015863041121616, 54.423613940240969 ], [ 20.037184295928242, 54.423419981594563 ], [ 20.058505347959553, 54.423224171690507 ], [ 20.079826193685111, 54.423026449642542 ], [ 20.101146829323636, 54.422826749921967 ], [ 20.122467250848064, 54.422625002984184 ], [ 20.133673840582542, 54.416350928438369 ], [ 20.143468467105002, 54.410962159447699 ], [ 20.164782541440562, 54.410757474908529 ], [ 20.186096387806518, 54.410550450819201 ], [ 20.207410001202827, 54.410341008536506 ], [ 20.228723376440509, 54.410129068553481 ], [ 20.250036508153656, 54.409914550967223 ], [ 20.271349390811739, 54.409697375909751 ], [ 20.292662018732084, 54.409477463941052 ], [ 20.304048547203255, 54.40306969439618 ], [ 20.313608277441983, 54.397801338852688 ], [ 20.334914468506415, 54.39757656114832 ], [ 20.356220386323272, 54.397348763830564 ], [ 20.377526024723107, 54.397117874558454 ], [ 20.398831377450129, 54.396883822858221 ], [ 20.4201364381723, 54.396646540274467 ], [ 20.43179378899838, 54.390060501193709 ], [ 20.441039772276106, 54.384953124983006 ], [ 20.462338317002288, 54.384709725470501 ], [ 20.483636549804565, 54.384462868210647 ], [ 20.50493446416495, 54.384212495979227 ], [ 20.526232053533231, 54.383958553873647 ], [ 20.547529311332685, 54.383700989305375 ], [ 20.568826230965204, 54.383439751976745 ], [ 20.590122805815778, 54.383174793843708 ], [ 20.602126733147031, 54.376357883031602 ], [ 20.610970449532712, 54.371452863637643 ], [ 20.632260400126384, 54.371180632679419 ], [ 20.653549985819083, 54.370904532734059 ], [ 20.674839200009096, 54.37062452591001 ], [ 20.696128036093118, 54.370340576174549 ], [ 20.717416487467542, 54.370052649270178 ], [ 20.738704547529458, 54.369760712628874 ], [ 20.759992209677296, 54.369464735284858 ], [ 20.781279467311155, 54.369164687786707 ], [ 20.802566313832919, 54.368860542109893 ], [ 20.81495076662933, 54.361782511221215 ], [ 20.823345197016401, 54.357097684838784 ], [ 20.844625288500755, 54.356785456854823 ], [ 20.865904949380607, 54.356469052106611 ], [ 20.887184173110086, 54.356148448486699 ], [ 20.908462953142493, 54.355823624850366 ], [ 20.929741282929314, 54.355494560941885 ], [ 20.951019155919177, 54.355161237323649 ], [ 20.972296565556736, 54.354823635308428 ], [ 20.99357350528145, 54.354481736894662 ], [ 21.014849968526391, 54.354135524704887 ], [ 21.036125948716936, 54.353784981927241 ], [ 21.057401439269476, 54.353430092260105 ], [ 21.078676433590115, 54.353070839859825 ], [ 21.099950925073319, 54.352707209291196 ], [ 21.11266947112664, 54.345373750187029 ], [ 21.120634841513304, 54.340883632241862 ], [ 21.141902404751523, 54.340511436643823 ], [ 21.163169446215136, 54.340134827649081 ], [ 21.184435959286585, 54.339753791590681 ], [ 21.205701937330343, 54.339368314987439 ], [ 21.22696737369164, 54.338978384511741 ], [ 21.239859791706028, 54.331515374452174 ], [ 21.247607032440886, 54.327126302475193 ], [ 21.268865470999128, 54.326727716240981 ], [ 21.277081062561429, 54.330818402186907 ], [ 21.290760365819025, 54.337781738261505 ], [ 21.312023568475553, 54.33737386108286 ], [ 21.333286195844867, 54.336961464715365 ], [ 21.354548241131575, 54.336544536189372 ], [ 21.375809697512821, 54.336123062517281 ], [ 21.388646317203424, 54.328660405248932 ], [ 21.396404095772279, 54.324241656450923 ], [ 21.417658469041733, 54.323811438990859 ], [ 21.438912234346674, 54.323376652357261 ], [ 21.460165384796468, 54.32293728375204 ], [ 21.481417913468515, 54.322493320278404 ], [ 21.502669813407312, 54.322044748929372 ], [ 21.523921077623491, 54.321591556576877 ], [ 21.545171699092911, 54.321133729961893 ], [ 21.56642167075578, 54.320671255685404 ], [ 21.574865290386775, 54.32482807517988 ], [ 21.588390348727192, 54.331655439943511 ], [ 21.60964486792858, 54.3311830915491 ], [ 21.630898713829094, 54.330706035300409 ], [ 21.652151879156282, 54.330224256724591 ], [ 21.673404356596617, 54.329737741169495 ], [ 21.694656138794663, 54.329246473797674 ], [ 21.715907218352285, 54.328750439581135 ], [ 21.737157587827795, 54.32824962329618 ], [ 21.758407239735163, 54.32774400951903 ], [ 21.779656166543248, 54.327233582621666 ], [ 21.788681803421838, 54.331637839016025 ], [ 21.801682580087725, 54.33815935003026 ], [ 21.822935879269544, 54.33763848135645 ], [ 21.844188427643591, 54.337112727029918 ], [ 21.865440217411997, 54.336582070042724 ], [ 21.886691240726066, 54.336046493154576 ], [ 21.907941489685353, 54.33550597888906 ], [ 21.929190956336853, 54.334960509529942 ], [ 21.95043963267408, 54.334410067117211 ], [ 21.971687510636198, 54.333854633443224 ], [ 21.992934582107036, 54.333294190048186 ], [ 22.01418083891414, 54.332728718215677 ], [ 22.035426272827735, 54.332158198967313 ], [ 22.056670875559632, 54.331582613057179 ], [ 22.06676090281977, 54.336451481594381 ], [ 22.078768864735682, 54.34242642641177 ], [ 22.100017581132334, 54.341839488071592 ], [ 22.121265436973609, 54.341247390285353 ], [ 22.142512423609933, 54.340650111890213 ], [ 22.163758532323005, 54.340047631388479 ], [ 22.185003754323883, 54.339439926934098 ], [ 22.206248080750921, 54.338826976317371 ], [ 22.227491502667494, 54.338208756947907 ], [ 22.248734011059504, 54.337585245835257 ], [ 22.269975596832673, 54.336956419567322 ], [ 22.291216250809523, 54.336322254286216 ], [ 22.312455963726062, 54.335682725661229 ], [ 22.324006838242642, 54.34120009389693 ], [ 22.334618493737729, 54.346440836494665 ], [ 22.355862036760335, 54.345788841783779 ], [ 22.377104604394866, 54.345131361528956 ], [ 22.398346186814791, 54.344468367964048 ], [ 22.419586774078653, 54.343799832619311 ], [ 22.44082635612401, 54.343125726270223 ], [ 22.453461089118552, 54.349128663388321 ], [ 22.463023229597933, 54.35383265254702 ], [ 22.484266468214472, 54.353145294922172 ], [ 22.505508663266252, 54.352452217641016 ], [ 22.526749803907681, 54.351753386281601 ], [ 22.54798987912416, 54.351048765274911 ], [ 22.569228877721656, 54.350338317818675 ], [ 22.590466788315489, 54.349622005784511 ], [ 22.611703599318144, 54.348899789618343 ], [ 22.632939298926249, 54.348171628233771 ], [ 22.647389977038475, 54.354985202465137 ], [ 22.655183295819455, 54.358797225201819 ], [ 22.67642235193993, 54.358054379516055 ], [ 22.697660249742505, 54.357305380041858 ], [ 22.718896976078824, 54.35655017605373 ], [ 22.740132517490565, 54.355788714555679 ], [ 22.761366860189177, 54.355020940123019 ], [ 22.777419076806126, 54.362549501236124 ], [ 22.783642989840068, 54.365581966857775 ], [ 22.804880432647014, 54.364798137401294 ], [ 22.821808184764862, 54.372719546638855 ], [ 22.823292087204422, 54.384241735619447 ], [ 22.824792994824858, 54.395763367487035 ], [ 22.829278623661896, 54.397944109311332 ], [ 22.847828557771429, 54.406599841710943 ], [ 22.85158929061571, 54.408426465120748 ], [ 22.872844799651617, 54.407607249120829 ], [ 22.875998475734875, 54.405697765575837 ], [ 22.893028784066246, 54.395498520844953 ], [ 22.914276126600996, 54.394668977506058 ], [ 22.935522081673369, 54.393832103175527 ], [ 22.956766629102844, 54.392987796221448 ], [ 22.959348757567113, 54.391420125062787 ], [ 22.976917802772661, 54.380861506031572 ], [ 22.998154110758303, 54.38000667318574 ], [ 23.000654211672146, 54.378486562275306 ], [ 22.999997798337201, 54.366938311325825 ], [ 22.999324638496923, 54.355390607048584 ], [ 23.01607989712813, 54.345290940556062 ], [ 23.037297205766468, 54.344434602369738 ], [ 23.058513073128292, 54.343570808663564 ], [ 23.061516023034727, 54.341740263798428 ], [ 23.058172952049869, 54.340123553678175 ], [ 23.03986207590453, 54.330897992612606 ], [ 23.039145551398565, 54.319351757943508 ], [ 23.055170812697991, 54.309664089275728 ], [ 23.059371730257425, 54.307101466677402 ], [ 23.075249561967066, 54.297491588471601 ], [ 23.096441049950265, 54.296630502014985 ], [ 23.114929177732066, 54.305216014149565 ], [ 23.118761396380812, 54.307067891570028 ], [ 23.139955336604569, 54.306187579558809 ], [ 23.143124967091836, 54.304249279579061 ], [ 23.160006815254189, 54.294003041231221 ], [ 23.163308407671956, 54.291982322384335 ], [ 23.180046094920165, 54.281811859182042 ], [ 23.201224875850428, 54.28091788100182 ], [ 23.204379838221438, 54.27898406907083 ], [ 23.221245145246819, 54.268717205118811 ], [ 23.224520682847672, 54.266707778719336 ], [ 23.24125325604124, 54.25651020001466 ], [ 23.262416822069302, 54.255602343755299 ], [ 23.283578814281707, 54.254686515683979 ], [ 23.304739204198793, 54.253762550985321 ], [ 23.325897962055034, 54.252830275773938 ], [ 23.328132920715554, 54.251454654882536 ], [ 23.34586651330665, 54.240604697241309 ], [ 23.348213491517118, 54.239158901543185 ], [ 23.36582292947972, 54.228372939707924 ], [ 23.36827648308093, 54.226860208523554 ], [ 23.385767227326209, 54.216135114994671 ], [ 23.388322106969966, 54.214558575945269 ], [ 23.387517627176351, 54.203015906224266 ], [ 23.40449515364628, 54.192589990779304 ], [ 23.407535687381717, 54.190711745663734 ], [ 23.406707618358446, 54.179169964048427 ], [ 23.423200669144638, 54.169026657505803 ], [ 23.444312950724658, 54.168080095435172 ], [ 23.465423534359914, 54.167124981815554 ], [ 23.468334417510132, 54.165322674872058 ], [ 23.485307455630434, 54.154858101971314 ], [ 23.488295641782191, 54.153006368795133 ], [ 23.487441629458154, 54.141465697411142 ], [ 23.486575370047461, 54.129925477131152 ], [ 23.485697370166637, 54.118385688936264 ], [ 23.501489676090809, 54.108627865690693 ], [ 23.505614927728207, 54.106067595032002 ], [ 23.504717009885422, 54.09452858973448 ], [ 23.50380846785859, 54.082989976567681 ], [ 23.518865108275548, 54.073670090009024 ], [ 23.523693269838127, 54.070669677410258 ], [ 23.522766349784682, 54.059131797700495 ], [ 23.521829787491502, 54.047594274846624 ], [ 23.520883964227206, 54.03605709438289 ], [ 23.519929243925883, 54.024520242498184 ], [ 23.513171756196371, 54.021268550072762 ], [ 23.498156771083515, 54.013765676651197 ], [ 23.497184815916246, 54.002229394684051 ], [ 23.489583497697474, 53.998567080337111 ], [ 23.475387781095108, 53.9914719049182 ], [ 23.474400833803884, 53.979936101603386 ], [ 23.486750845627331, 53.972272920282265 ], [ 23.494223932234352, 53.967622194163141 ], [ 23.506535329409136, 53.959974951153825 ], [ 23.51403249136515, 53.955305332494312 ], [ 23.513024398242091, 53.943770442465343 ], [ 23.512009791243322, 53.932235790495071 ], [ 23.510988912532554, 53.920701367376303 ], [ 23.509961993857353, 53.909167164295987 ], [ 23.508929257055435, 53.897633172816185 ], [ 23.520132440723465, 53.890654881434386 ], [ 23.528688900410746, 53.885315002909806 ], [ 23.527643880846689, 53.873781538718049 ], [ 23.526593512372845, 53.862248269308672 ], [ 23.537391812653052, 53.855510290588029 ], [ 23.546325535708661, 53.849927810950959 ], [ 23.54526347250113, 53.838395051554969 ], [ 23.544196479771543, 53.826862471861716 ], [ 23.543124730929854, 53.815330065205792 ], [ 23.542048392339392, 53.803797825191218 ], [ 23.540967623641688, 53.792265745679011 ], [ 23.53988257806396, 53.780733820775545 ], [ 23.538793402710095, 53.769202044821327 ], [ 23.548419753452119, 53.763173813560741 ], [ 23.558466258964543, 53.756880913780911 ], [ 23.568088417318304, 53.750848623560842 ], [ 23.578124747713048, 53.744556876003664 ], [ 23.577019075101703, 53.733025885125649 ], [ 23.586496927425053, 53.72707519449451 ], [ 23.596656834074807, 53.720699274686027 ], [ 23.59554115257987, 53.709168744288291 ], [ 23.594421818628927, 53.697638346660554 ], [ 23.593298953088418, 53.686108077082871 ], [ 23.592172672181707, 53.674577931015349 ], [ 23.601130061029252, 53.668939083296458 ], [ 23.611771150023472, 53.662249734077392 ], [ 23.610635445539106, 53.65072003111294 ], [ 23.609496560612968, 53.639190443124143 ], [ 23.608354597585496, 53.627660966091547 ], [ 23.616975929767218, 53.622220982043594 ], [ 23.627920058572396, 53.615330881549859 ], [ 23.62676904418819, 53.603801837454697 ], [ 23.625615156479672, 53.592272896859384 ], [ 23.634043714747257, 53.586943955223894 ], [ 23.645153639209912, 53.57994062030351 ], [ 23.643990921268244, 53.568412107575085 ], [ 23.642825515847893, 53.556883691561232 ], [ 23.651083228428085, 53.551652163067153 ], [ 23.662336913477848, 53.544549243445253 ], [ 23.661162873132696, 53.533021251093672 ], [ 23.65998631360403, 53.521493349297657 ], [ 23.668094574944337, 53.51634587422398 ], [ 23.679470494248712, 53.509156750999281 ], [ 23.678285470621987, 53.49762926949424 ], [ 23.677098079590838, 53.48610187297971 ], [ 23.685077851953295, 53.48102529798264 ], [ 23.696554885299076, 53.473763146874816 ], [ 23.695359177162509, 53.462236168106394 ], [ 23.694161237622819, 53.450709269336258 ], [ 23.702033150573264, 53.445690584434104 ], [ 23.713590482064983, 53.438368438924464 ], [ 23.712384348631765, 53.426841956197741 ], [ 23.720235140378819, 53.421828044139282 ], [ 23.731791850484736, 53.414498704918486 ], [ 23.73057756950184, 53.402972639116285 ], [ 23.729361230443196, 53.391446647175655 ], [ 23.737138078156871, 53.386469019864116 ], [ 23.748740721072402, 53.379101339053783 ], [ 23.747516317369467, 53.367575763809782 ], [ 23.755295216857093, 53.362587946370013 ], [ 23.766873595818236, 53.355228078223675 ], [ 23.76564114647373, 53.343702921587635 ], [ 23.764406773170819, 53.332177834129901 ], [ 23.772145991437192, 53.327204255608308 ], [ 23.783735466580563, 53.319828144598539 ], [ 23.782493085832751, 53.308303477225564 ], [ 23.781248852878463, 53.296778876435631 ], [ 23.788969096222026, 53.291806147527872 ], [ 23.800548589496657, 53.284427214420575 ], [ 23.799296357629032, 53.272903036352005 ], [ 23.807057158405026, 53.267894951525008 ], [ 23.818572942400113, 53.26054907381711 ], [ 23.817312677182461, 53.249025322501303 ], [ 23.825124899429586, 53.243974659206827 ], [ 23.836565757117, 53.236669085593739 ], [ 23.844473604293672, 53.231549405692903 ], [ 23.855801288152644, 53.224310231354103 ], [ 23.854526595564277, 53.212787282245323 ], [ 23.86250468846093, 53.207612349706309 ], [ 23.873737888410353, 53.200426205427505 ], [ 23.872454963505945, 53.188903698848428 ], [ 23.880515440852861, 53.183665353301812 ], [ 23.901134471772707, 53.182726144569607 ], [ 23.912105490953422, 53.175696357583995 ], [ 23.910809545889517, 53.164174616905086 ], [ 23.909511707972122, 53.152652946924889 ], [ 23.908211993232339, 53.141131346914911 ], [ 23.906910415237022, 53.129609816248632 ], [ 23.894379221460976, 53.123508177194473 ], [ 23.885167053148471, 53.118930817078699 ], [ 23.88386674467634, 53.107409093390551 ], [ 23.882564653284511, 53.095887435094923 ], [ 23.881260782485409, 53.084365841982766 ], [ 23.879955133418903, 53.072844313942412 ], [ 23.888020326011308, 53.067572310164813 ], [ 23.899062270320155, 53.060482066130682 ], [ 23.897747824009716, 53.048961011815983 ], [ 23.905958523223106, 53.043583342834467 ], [ 23.916828066539892, 53.03659670900327 ], [ 23.915504586222315, 53.025076141060502 ], [ 23.923876310493366, 53.019582147596161 ], [ 23.934557169582384, 53.012709828820306 ], [ 23.933224383856523, 53.001189761439555 ], [ 23.931889591141996, 52.989669769459404 ], [ 23.930552772328873, 52.978149853602673 ], [ 23.939135476359972, 52.972500468242416 ], [ 23.949561551124294, 52.965782467434778 ], [ 23.94821490472598, 52.954263077555616 ], [ 23.936393143292541, 52.948488343028238 ], [ 23.926529927618045, 52.943590571675898 ], [ 23.925184759005141, 52.932070969781982 ], [ 23.923837427754606, 52.920551449316505 ], [ 23.922487898139323, 52.909032011687316 ], [ 23.921136131540887, 52.897512658421064 ], [ 23.919782086408798, 52.885993391164931 ], [ 23.918425718217637, 52.874474211688231 ], [ 23.917066979422206, 52.862955121884148 ], [ 23.915705819410988, 52.85143612377157 ], [ 23.924675499645826, 52.845498606548993 ], [ 23.934623424863307, 52.839073932747077 ], [ 23.93325080358607, 52.827555532398151 ], [ 23.931875515297655, 52.816037234244227 ], [ 23.930497495055569, 52.804519040900523 ], [ 23.939870924279116, 52.79829495560822 ], [ 23.949362625242919, 52.792156209014308 ], [ 23.947972107289011, 52.78063866110385 ], [ 23.946578556320915, 52.769121230872997 ], [ 23.945181891373327, 52.757603921606119 ], [ 23.943782027740852, 52.746086736741233 ], [ 23.942378876922028, 52.73456967987196 ], [ 23.940972346564735, 52.72305275474988 ], [ 23.939562340413676, 52.711535965286316 ], [ 23.929482116832997, 52.706580939724297 ], [ 23.917959926014333, 52.700860519785543 ], [ 23.907776757837162, 52.695850470237794 ], [ 23.896359278103315, 52.690181224452616 ], [ 23.886082535195364, 52.685120674142539 ], [ 23.8747607009769, 52.679498066308 ], [ 23.864399417123781, 52.674391384996234 ], [ 23.85316447704513, 52.66881103349062 ], [ 23.842727373573965, 52.663662448550717 ], [ 23.831570868203599, 52.658120115182342 ], [ 23.821066376114857, 52.652933721991417 ], [ 23.809980117107415, 52.647425301537709 ], [ 23.799416397823286, 52.642205073231345 ], [ 23.788392448355413, 52.636726583618696 ], [ 23.787006071898514, 52.625207710362538 ], [ 23.776527452652171, 52.620023309673968 ], [ 23.765425536752876, 52.614504766764426 ], [ 23.754905708503479, 52.609295401431879 ], [ 23.734532329255266, 52.610018420316671 ], [ 23.714158467030963, 52.610741735382746 ], [ 23.693784104058164, 52.611465191079155 ], [ 23.673409223654652, 52.612188639364227 ], [ 23.653033810167223, 52.612911939294129 ], [ 23.642783636177057, 52.607811114433311 ], [ 23.631446214554192, 52.602176274076129 ], [ 23.611074870009329, 52.60289752546484 ], [ 23.600979453669009, 52.597871484760361 ], [ 23.589502739759098, 52.592159228032699 ], [ 23.56913542764287, 52.592878077458998 ], [ 23.559175779567841, 52.58791731355992 ], [ 23.54757872214816, 52.582136879142645 ], [ 23.537615699554323, 52.577173072326204 ], [ 23.52603282574244, 52.571394650078751 ], [ 23.51606062198265, 52.56642485819556 ], [ 23.50449772416944, 52.560651351286957 ], [ 23.484143565469395, 52.561363216550959 ], [ 23.474271521487093, 52.55644078835617 ], [ 23.472965735959505, 52.544916506655568 ], [ 23.461459851401781, 52.539161412321533 ], [ 23.451426038722385, 52.534156367816614 ], [ 23.43995705447913, 52.52841471709845 ], [ 23.429891567287882, 52.523392253172318 ], [ 23.418465000857243, 52.517666841530982 ], [ 23.408362359650358, 52.512624162763586 ], [ 23.396983678836072, 52.506917767993997 ], [ 23.386838447548392, 52.501852096893018 ], [ 23.385543114870842, 52.490326796296351 ], [ 23.374374872110998, 52.484719278654602 ], [ 23.36402788356979, 52.479550476972314 ], [ 23.362732237879943, 52.46802502011704 ], [ 23.351790119173465, 52.462524515207356 ], [ 23.341225589149634, 52.457244452699065 ], [ 23.339929428763938, 52.445718845797607 ], [ 23.32922938183625, 52.440333649027046 ], [ 23.318431262346824, 52.434934035622369 ], [ 23.317134391386237, 52.423408284565291 ], [ 23.315833503886218, 52.411882666429904 ], [ 23.305576942452561, 52.406712929669411 ], [ 23.29434683943105, 52.401093347086054 ], [ 23.284179798781732, 52.395964281367505 ], [ 23.272865344077605, 52.390300066756978 ], [ 23.271566502720596, 52.378774043244967 ], [ 23.261690873273963, 52.373786099545605 ], [ 23.250093207668989, 52.367976534917268 ], [ 23.248793133722305, 52.356450381926784 ], [ 23.239225803125667, 52.351612446969362 ], [ 23.227327961904628, 52.345648649738102 ], [ 23.226026514132233, 52.334122370801026 ], [ 23.21678454476541, 52.329443450024741 ], [ 23.204569402289792, 52.323316418326058 ], [ 23.203266461389095, 52.31179001611693 ], [ 23.194367052586305, 52.307279214951684 ], [ 23.181817363122704, 52.300979846275865 ], [ 23.180512834941947, 52.289453322514419 ], [ 23.191968569851742, 52.281926006265714 ], [ 23.199330351902521, 52.27721169048705 ], [ 23.198009006699511, 52.265685882768999 ], [ 23.196682911154355, 52.254160228660332 ], [ 23.195352014944046, 52.242634729816444 ], [ 23.194016273235814, 52.231109387695113 ], [ 23.206655988235308, 52.222781354254913 ], [ 23.226849465121052, 52.221988233051938 ], [ 23.2470417165508, 52.221188458049276 ], [ 23.252901508352348, 52.21742555785157 ], [ 23.266110855826952, 52.208694433141012 ], [ 23.281173199720637, 52.216401557379534 ], [ 23.287422466878265, 52.219568505702057 ], [ 23.293019101689939, 52.21597047154269 ], [ 23.306478139420644, 52.20705720065132 ], [ 23.326659821099238, 52.206227846732261 ], [ 23.346840166698826, 52.205391158187467 ], [ 23.367019153159706, 52.204546995123195 ], [ 23.37174441160888, 52.201501556439567 ], [ 23.386042435541778, 52.191992636872719 ], [ 23.390314488804904, 52.189237140068968 ], [ 23.40505368648131, 52.179422090189028 ], [ 23.408851017697891, 52.176970880986971 ], [ 23.424052835338809, 52.166834716475833 ], [ 23.441562295063363, 52.175741536080388 ], [ 23.445379611408317, 52.177669318878763 ], [ 23.448784558992134, 52.175468879776062 ], [ 23.464364656787581, 52.165059890710332 ], [ 23.482355483168114, 52.174195655858334 ], [ 23.485699480162978, 52.175882547316291 ], [ 23.505857066485756, 52.174975919583716 ], [ 23.508610948119305, 52.173193172818436 ], [ 23.505518764013971, 52.171634222166141 ], [ 23.487178478151701, 52.162437873875881 ], [ 23.485671557762327, 52.150921225003835 ], [ 23.502297776263479, 52.139784953243193 ], [ 23.504057617717578, 52.138645003678604 ], [ 23.521245679396863, 52.127117952967836 ], [ 23.541377519607391, 52.126179777156217 ], [ 23.542267899602532, 52.125602249940016 ], [ 23.560305468884849, 52.113478345494116 ], [ 23.5768305593297, 52.112688641485811 ], [ 23.559524565849763, 52.105839277404662 ], [ 23.549961921031372, 52.102156300528883 ], [ 23.538477802020836, 52.097690650555357 ], [ 23.52248025161057, 52.091641561687489 ], [ 23.51745724387909, 52.089722434964294 ], [ 23.496460880830707, 52.081917428658905 ], [ 23.494330516964858, 52.081146100966386 ], [ 23.475485365370876, 52.074244732858332 ], [ 23.465431108398136, 52.070672540105193 ], [ 23.45453546287602, 52.066754196452614 ], [ 23.435792552256313, 52.060219933443861 ], [ 23.433611277516121, 52.059449672424137 ], [ 23.412706406305912, 52.052269156009636 ], [ 23.405268064582152, 52.049793223580593 ], [ 23.391824972185571, 52.045256559034939 ], [ 23.373854234497262, 52.039391852067183 ], [ 23.370969141802249, 52.038436653310576 ], [ 23.350131872375226, 52.031739983138834 ], [ 23.341383068301848, 52.029021312260454 ], [ 23.329317595689929, 52.025214287807451 ], [ 23.308528510177183, 52.018885066702737 ], [ 23.307838472205308, 52.018681323098036 ], [ 23.287755007098387, 52.012655034288436 ], [ 23.272959257774012, 52.008380462441352 ], [ 23.267007206328685, 52.006631972537448 ], [ 23.246278355189528, 52.000747871362016 ], [ 23.236674206415096, 51.998120115242656 ], [ 23.225570688531537, 51.995028611983457 ], [ 23.204884847130213, 51.989483611774617 ], [ 23.198781968413002, 51.987906177174132 ], [ 23.184216780681947, 51.984072219447008 ], [ 23.163571864940387, 51.978854435095542 ], [ 23.159021864031605, 51.977746323537723 ], [ 23.142942907371275, 51.973755458758944 ], [ 23.122336918525974, 51.968853456747503 ], [ 23.117077076374652, 51.967649763020532 ], [ 23.101746595314999, 51.964071674439282 ], [ 23.081177604643287, 51.959474333862694 ], [ 23.072564632650902, 51.957627434715675 ], [ 23.060625435299624, 51.955014514709973 ], [ 23.040091571549898, 51.950710908478861 ], [ 23.025024206426114, 51.947692195219453 ], [ 23.019577049816284, 51.946577593396569 ], [ 22.999076489088242, 51.942556888446312 ], [ 22.97859682720355, 51.938728920965261 ], [ 22.973760558440276, 51.937863887807751 ], [ 22.958130023928828, 51.935005566140397 ], [ 22.937680673054363, 51.931440929617267 ], [ 22.917933841465747, 51.928165651686967 ], [ 22.917249819674684, 51.928049574716276 ], [ 22.896829069226737, 51.924737530260309 ], [ 22.87642597527466, 51.921593666504954 ], [ 22.856203858687881, 51.918634977141146 ], [ 22.856039648075701, 51.918610368503678 ], [ 22.835662381297499, 51.915699969125917 ], [ 22.81530088785733, 51.912942774930258 ], [ 22.794954408616917, 51.910332329213169 ], [ 22.786667538713644, 51.909323907321628 ], [ 22.774618618631443, 51.907819551980175 ], [ 22.75429433918022, 51.905415914428417 ], [ 22.733983393648668, 51.903145208413491 ], [ 22.713685116231968, 51.901001605289565 ], [ 22.706674968734479, 51.900302205641175 ], [ 22.69339564182647, 51.898940179149406 ], [ 22.673116210494651, 51.896977514367485 ], [ 22.652847942359156, 51.895129089793869 ], [ 22.632590251172296, 51.8933895976865 ], [ 22.612342573875527, 51.891753895238679 ], [ 22.611536557441283, 51.891692733769148 ], [ 22.592100763382632, 51.890171822807467 ], [ 22.571868022687124, 51.888684668841243 ], [ 22.551643984062391, 51.887289426922422 ], [ 22.531428147363037, 51.885981331111694 ], [ 22.51122003050892, 51.884755734039096 ], [ 22.492807250878496, 51.883709987166306 ], [ 22.491018914836285, 51.883604827377305 ], [ 22.470822162671727, 51.882495729514993 ], [ 22.450631967677822, 51.881457809764143 ], [ 22.430447895535963, 51.880486646367117 ], [ 22.410269525469708, 51.879577889539405 ], [ 22.390096449263229, 51.878727250825371 ], [ 22.36992827031834, 51.877930492564403 ], [ 22.34976460274909, 51.877183417457225 ], [ 22.335823214276953, 51.876699529615955 ], [ 22.329604487678488, 51.876473976212424 ], [ 22.309446934912909, 51.875789397375925 ], [ 22.289292894667511, 51.87514315904977 ], [ 22.269142006096406, 51.874531013186761 ], [ 22.248993915495117, 51.873948704334765 ], [ 22.228848275575228, 51.873391959405353 ], [ 22.208704744777194, 51.872856477576505 ], [ 22.188562986621971, 51.87233792034673 ], [ 22.168422669102519, 51.871831901761617 ], [ 22.148283464116325, 51.871333978838997 ], [ 22.12814504694046, 51.870839642221988 ], [ 22.108005760282992, 51.870324951987385 ], [ 22.087866648096007, 51.869804746713818 ], [ 22.067727386255832, 51.869274167241542 ], [ 22.04758765256291, 51.868728253795993 ], [ 22.027447126440993, 51.868161938145647 ], [ 22.007305488692353, 51.867570036268994 ], [ 21.987162421311279, 51.866947241588214 ], [ 21.96701760735797, 51.866288118828912 ], [ 21.946870730895089, 51.865587098567673 ], [ 21.926721476988703, 51.864838472530131 ], [ 21.920793620787371, 51.864604815842604 ], [ 21.906568462607908, 51.864019814393025 ], [ 21.886411965003298, 51.863133987594736 ], [ 21.866252114348914, 51.862181623792871 ], [ 21.846088595380113, 51.861156318915164 ], [ 21.825921094953937, 51.860051518245207 ], [ 21.805749302462605, 51.858860517427615 ], [ 21.785572910317221, 51.85757646463248 ], [ 21.771883006522376, 51.856641007932211 ], [ 21.765390964112793, 51.85618176234339 ], [ 21.745202368551993, 51.854655976404487 ], [ 21.725008198395422, 51.853013961905582 ], [ 21.70480815894156, 51.851248192845702 ], [ 21.684601962006091, 51.849351022538812 ], [ 21.666341820236696, 51.84751320079075 ], [ 21.664389075692291, 51.847310443606681 ], [ 21.644167027144078, 51.8450809712796 ], [ 21.623937900219872, 51.84269402321376 ], [ 21.603701436492798, 51.840141425070996 ], [ 21.585867390396448, 51.837742181516653 ], [ 21.583457006793783, 51.837408266861004 ], [ 21.563201804552094, 51.834440831853733 ], [ 21.542938432995122, 51.831279655174022 ], [ 21.522666679448371, 51.827916216686852 ], [ 21.520785346090076, 51.827587220964517 ], [ 21.502382772835364, 51.824277530131567 ], [ 21.482089589593887, 51.820409074496183 ], [ 21.466070367616883, 51.817179369120211 ], [ 21.461786384245869, 51.816291425464527 ], [ 21.441470255770717, 51.811864627238229 ], [ 21.42114458782369, 51.807183899583372 ], [ 21.418706062855716, 51.80659517166373 ], [ 21.400804650954015, 51.802153711863994 ], [ 21.380454132424465, 51.796834940502563 ], [ 21.376957895558341, 51.795878574891674 ], [ 21.360088672815724, 51.791136523258785 ], [ 21.339711875315398, 51.78511797330215 ], [ 21.3395282132958, 51.785061377237454 ], [ 21.319318080436407, 51.778660374216059 ], [ 21.305752674151236, 51.774160720698035 ], [ 21.29891113258666, 51.771827424289718 ], [ 21.278488411947567, 51.764556818881452 ], [ 21.274817925673723, 51.763195487021278 ], [ 21.258047994536437, 51.756797862515967 ], [ 21.246421149330214, 51.752173695114998 ], [ 21.237590992577562, 51.748559350717187 ], [ 21.220097946870855, 51.741105948727338 ], [ 21.217115926504388, 51.739797468512684 ], [ 21.196620618876462, 51.730452301717833 ], [ 21.195658674267413, 51.729997175249885 ], [ 21.176102880075398, 51.720461318503546 ], [ 21.172921490078579, 51.718851904353343 ], [ 21.15556214378983, 51.709793619828289 ], [ 21.151645159232871, 51.707675534879705 ], [ 21.13499613909724, 51.698380829854138 ], [ 21.131692125598907, 51.696471349677935 ], [ 21.11440227933932, 51.686144982705144 ], [ 21.11294070885145, 51.685242205514136 ], [ 21.095321099464812, 51.673989917228724 ], [ 21.093776320422794, 51.672968923456168 ], [ 21.078758753844319, 51.662716308057313 ], [ 21.073113567757581, 51.658720670232476 ], [ 21.063125150580532, 51.651424078453729 ], [ 21.052410994245719, 51.643299474170178 ], [ 21.048338872970039, 51.64011501516439 ], [ 21.034389491567044, 51.628789614586985 ], [ 21.031660567546147, 51.626488124032555 ], [ 21.021256651971068, 51.617448521203698 ], [ 21.010852862571117, 51.608028227963345 ], [ 21.008778724674052, 51.606094771607872 ], [ 20.997054473320464, 51.594726890414563 ], [ 20.989974552279634, 51.587560361532304 ], [ 20.985928331404665, 51.583347732812634 ], [ 20.975440839014052, 51.571956783234235 ], [ 20.969009838758453, 51.56465120844922 ], [ 20.965501547349163, 51.560555725150074 ], [ 20.956148165735673, 51.549144066246306 ], [ 20.947933574170637, 51.538627813024249 ], [ 20.947246083337163, 51.537724178616962 ], [ 20.938929413587388, 51.526293945565676 ], [ 20.931015142383128, 51.514856502510966 ], [ 20.926700469852893, 51.508306870338629 ], [ 20.923555668931304, 51.503411069338206 ], [ 20.916551921193111, 51.491957715445935 ], [ 20.909904841628034, 51.480498134075845 ], [ 20.905248227611281, 51.472036879175846 ], [ 20.903633895420018, 51.469032068055839 ], [ 20.897777251168268, 51.457558957974271 ], [ 20.892232018235241, 51.446080525142463 ], [ 20.886985639550637, 51.434597014453935 ], [ 20.883445828104875, 51.426407366678205 ], [ 20.882051693799379, 51.423108246538817 ], [ 20.87745066531059, 51.411613931175637 ], [ 20.8731043971225, 51.40011535557489 ], [ 20.869000363418738, 51.388612746728093 ], [ 20.865126025471568, 51.377106328606494 ], [ 20.861468854610461, 51.36559632204473 ], [ 20.861010449334504, 51.364071385781784 ], [ 20.858067893412418, 51.35408212699128 ], [ 20.854862974673903, 51.342564717589006 ], [ 20.851834100202833, 51.331044425295346 ], [ 20.848969267048091, 51.319521452508752 ], [ 20.846256569367785, 51.307995998272553 ], [ 20.843684212404412, 51.29646825822595 ], [ 20.841240525167535, 51.284938424563009 ], [ 20.838913971883883, 51.273406685998779 ], [ 20.837139450722251, 51.264193575073229 ], [ 20.836700054863726, 51.261873119572599 ], [ 20.834606183780224, 51.250337615006906 ], [ 20.83259407573442, 51.238800777774657 ], [ 20.830653057958774, 51.227262778709509 ], [ 20.828772629192819, 51.21572378517476 ], [ 20.826942465434012, 51.204183961045295 ], [ 20.825152425029213, 51.192643466689397 ], [ 20.823392553189549, 51.181102458950249 ], [ 20.821653086011345, 51.169561091125651 ], [ 20.819924454086479, 51.158019512945643 ], [ 20.818197285784841, 51.146477870546889 ], [ 20.816462410291738, 51.134936306443315 ], [ 20.814710860482602, 51.123394959492082 ], [ 20.81293387571694, 51.11185396485422 ], [ 20.811122904633343, 51.100313453949184 ], [ 20.810790838060591, 51.098243552643801 ], [ 20.809292032218476, 51.088773207278919 ], [ 20.807416676430211, 51.077233604136936 ], [ 20.805484219617192, 51.065694837483278 ], [ 20.803487148794428, 51.054157020649889 ], [ 20.801418174774064, 51.042620262943672 ], [ 20.799270236695989, 51.031084669551227 ], [ 20.797036507097207, 51.019550341433607 ], [ 20.794710397600248, 51.008017375210216 ], [ 20.792285565301718, 50.996485863031381 ], [ 20.789755919943541, 50.984955892438975 ], [ 20.787115631949856, 50.97342754621441 ], [ 20.786051011238744, 50.968964944239922 ], [ 20.784387569898804, 50.961900467789427 ], [ 20.781558600495192, 50.950374851712709 ], [ 20.778606061293306, 50.93885103625648 ], [ 20.775525404376349, 50.927329081654477 ], [ 20.772312394146528, 50.915809042524522 ], [ 20.768963121785259, 50.904290967640762 ], [ 20.765474021110563, 50.892774899691304 ], [ 20.763185169749356, 50.885503694651185 ], [ 20.761866198640831, 50.881260507962509 ], [ 20.758157301345751, 50.869747515953854 ], [ 20.754303780470529, 50.858236569123306 ], [ 20.750303722471688, 50.846727682332052 ], [ 20.746155649556432, 50.835220863111616 ], [ 20.741858544422811, 50.823716111347302 ], [ 20.741141179248118, 50.821849047777455 ], [ 20.737483011916726, 50.81221235934516 ], [ 20.73297545342885, 50.80071039490366 ], [ 20.728322822109753, 50.789210396476243 ], [ 20.723526244105546, 50.777712330504926 ], [ 20.719533567309746, 50.768403855159328 ], [ 20.718606047997238, 50.766215880045735 ], [ 20.71362798823186, 50.754720063405408 ], [ 20.708516936252025, 50.743225974309468 ], [ 20.703276551248461, 50.731733542185459 ], [ 20.698189045500122, 50.720832600235866 ], [ 20.69791681916173, 50.720242604498551 ], [ 20.692543016049026, 50.70875161641117 ], [ 20.687058781801145, 50.697261970819028 ], [ 20.681470733052333, 50.685773556948028 ], [ 20.677013161278875, 50.676746269624715 ], [ 20.675811634628047, 50.674285888926953 ], [ 20.670158918522841, 50.662797846670742 ], [ 20.664430169193402, 50.651310608381849 ], [ 20.658635381433911, 50.63982402069859 ], [ 20.655942898087535, 50.63450708957663 ], [ 20.652851673839827, 50.628336979694787 ], [ 20.647082848823697, 50.616849433106267 ], [ 20.64128542167095, 50.605361995763332 ], [ 20.635473122248214, 50.59387447057567 ], [ 20.634929390507736, 50.592788864856502 ], [ 20.629772180463014, 50.582385088739699 ], [ 20.624098790080325, 50.570895035039953 ], [ 20.618458050643486, 50.55940424242376 ], [ 20.613919215257965, 50.550053951840752 ], [ 20.612889910842291, 50.547912162012331 ], [ 20.607485604370286, 50.536417544170867 ], [ 20.602168617829513, 50.524921464190903 ], [ 20.596959421324705, 50.513423652820236 ], [ 20.592838783070579, 50.504074465198819 ], [ 20.591899779700785, 50.501923552872235 ], [ 20.58707538000435, 50.490420014814759 ], [ 20.582422689670427, 50.478913931000513 ], [ 20.577965793219697, 50.467404994803204 ], [ 20.573729757634361, 50.455892888993276 ], [ 20.571514315632776, 50.449463685536067 ], [ 20.569776830235249, 50.44437679708151 ], [ 20.566136436281226, 50.432856350851729 ], [ 20.5627902532907, 50.421331824765119 ], [ 20.559765962759425, 50.409802872054243 ], [ 20.557091869780805, 50.398269137851756 ], [ 20.554796794814472, 50.386730259897028 ], [ 20.552909950734286, 50.37518586933006 ], [ 20.551460804879373, 50.363635591578962 ], [ 20.550478926029168, 50.352079047346656 ], [ 20.549993816449525, 50.340515853703593 ], [ 20.550034729411699, 50.328945625293287 ], [ 20.550630472866249, 50.317367975658328 ], [ 20.551809200256805, 50.305782518694457 ], [ 20.553598189778654, 50.294188870240625 ], [ 20.556023613719045, 50.282586649812757 ], [ 20.559110299851508, 50.270975482488687 ], [ 20.562881487187582, 50.259355000950414 ], [ 20.565062717516554, 50.253651130010425 ], [ 20.56740835034304, 50.24772417628958 ], [ 20.572719366708217, 50.2360825323046 ], [ 20.578782568396864, 50.224430393394215 ], [ 20.583250367182739, 50.216769655480803 ], [ 20.585658248047896, 50.21276681637174 ], [ 20.593408772742265, 50.201090798784968 ], [ 20.601738486825951, 50.189688986099696 ], [ 20.601953256967342, 50.189403278261373 ], [ 20.611454656549473, 50.177701815931293 ], [ 20.620372969105844, 50.16754346637758 ], [ 20.621774433684475, 50.165988108495903 ], [ 20.633042735203908, 50.154260104668445 ], [ 20.639091136342842, 50.148341808208642 ], [ 20.645182760568929, 50.14251861319125 ], [ 20.657860504558244, 50.131049431591215 ], [ 20.658183440500988, 50.130763515566741 ], [ 20.672111551525578, 50.118993557684256 ], [ 20.676670676177384, 50.115307370560188 ], [ 20.686875164742531, 50.107209738165892 ], [ 20.695505948993453, 50.100621304295238 ], [ 20.702446237111428, 50.095412146279536 ], [ 20.714359523862726, 50.086767053166746 ], [ 20.718788882243498, 50.083600985272888 ], [ 20.73322632614477, 50.073577552946418 ], [ 20.735855103300629, 50.071776643935834 ], [ 20.752102265892702, 50.060919646045512 ], [ 20.753585850780564, 50.05993969228674 ], [ 20.770983986199813, 50.048685534346475 ], [ 20.771912483600719, 50.048090870967577 ], [ 20.789868681120243, 50.036786610165152 ], [ 20.790758542055102, 50.036231074979455 ], [ 20.808753961025946, 50.025148914452409 ], [ 20.810041721659662, 50.024361332776479 ], [ 20.827637750803635, 50.013709727378668 ], [ 20.829675928286804, 50.012482782027845 ], [ 20.846518211023472, 50.002414957467643 ], [ 20.84957329753507, 50.000596643525249 ], [ 20.865393675234046, 49.991217098832166 ], [ 20.869646073697471, 49.988704194747889 ], [ 20.884262598496246, 49.980073593547239 ], [ 20.889808263543078, 49.976806744504508 ], [ 20.903123513543616, 49.96894548071127 ], [ 20.909977004349805, 49.964905609877803 ], [ 20.921974991776295, 49.957796243135355 ], [ 20.930073611085209, 49.953002096429714 ], [ 20.940815606798338, 49.946590781664909 ], [ 20.950024291580473, 49.94109748232578 ], [ 20.959643898473715, 49.935294458789635 ], [ 20.969760538938125, 49.929193006736455 ], [ 20.97845833554705, 49.923872159120997 ], [ 20.989219226038113, 49.917289862600526 ], [ 20.997257274763289, 49.912287315316426 ], [ 21.008342437439701, 49.905389193611363 ], [ 21.016038914112265, 49.900500844198739 ], [ 21.027077079444886, 49.893492095120372 ], [ 21.034801237276504, 49.888469928544552 ], [ 21.045374310271097, 49.881599618545195 ], [ 21.053541945493368, 49.876146563843996 ], [ 21.063188830095466, 49.86971277881959 ], [ 21.072258371719993, 49.86347576364561 ], [ 21.080478066166449, 49.857832564417365 ], [ 21.090947369989841, 49.850393277490319 ], [ 21.097201282147246, 49.84595994951524 ], [ 21.109605169809818, 49.836822614610846 ], [ 21.113318634135727, 49.834095907915653 ], [ 21.128227180764963, 49.822671072350872 ], [ 21.128790188987278, 49.822241428422643 ], [ 21.143624437167258, 49.810396615077302 ], [ 21.146803268381401, 49.80772359560217 ], [ 21.157756229989619, 49.798562928702353 ], [ 21.165326970207904, 49.791854248582453 ], [ 21.171134900667564, 49.78674157886595 ], [ 21.183715274659441, 49.774933681285759 ], [ 21.18378820991045, 49.774860508592347 ], [ 21.195568529250096, 49.763138149956433 ], [ 21.202154185825478, 49.756044301518692 ], [ 21.206546969819712, 49.75135802542016 ], [ 21.216668177300214, 49.739593223536374 ], [ 21.220396363407076, 49.73482174247836 ], [ 21.22591175433142, 49.727844364771066 ], [ 21.234218621957737, 49.716112803066267 ], [ 21.238428533908273, 49.709370842041494 ], [ 21.241576341983954, 49.704398984785641 ], [ 21.247984749525159, 49.692703098055048 ], [ 21.253346431886204, 49.681027200858544 ], [ 21.255979743018738, 49.673927213700715 ], [ 21.257699127688515, 49.669370706857606 ], [ 21.26103895659373, 49.657733809842874 ], [ 21.263296026558738, 49.646117968541681 ], [ 21.264464965591177, 49.634523355805364 ], [ 21.264539539957632, 49.622950130955431 ], [ 21.263512504890226, 49.611398442153984 ], [ 21.261375461427598, 49.599868428512302 ], [ 21.258118718325832, 49.588360221927864 ], [ 21.253731157974258, 49.576873948639303 ], [ 21.251265424963698, 49.571768678381488 ], [ 21.248259675137735, 49.565408572699539 ], [ 21.24170329901845, 49.553963963015136 ], [ 21.233998426400689, 49.542541167444334 ], [ 21.230594840611147, 49.538168270598526 ], [ 21.225231336945885, 49.531138300371097 ], [ 21.215367551907438, 49.519755784269918 ], [ 21.210408048948199, 49.514653535493331 ], [ 21.204430934988157, 49.508392887171375 ], [ 21.192401226416699, 49.497049692190259 ], [ 21.190429542208431, 49.495360992392399 ], [ 21.179354820038011, 49.485724421634139 ], [ 21.170585600440809, 49.478749754252505 ], [ 21.165215518753637, 49.474418161307568 ], [ 21.150825693491754, 49.463745605882714 ], [ 21.150005911372673, 49.46313009329328 ], [ 21.133773083679671, 49.451858929034088 ], [ 21.13113957733297, 49.450160103590228 ], [ 21.116474168415081, 49.44060502501808 ], [ 21.11150799112156, 49.437586949671214 ], [ 21.098093556396485, 49.429368188639252 ], [ 21.092075445065959, 49.429453436605968 ], [ 21.073003492764588, 49.429721342000157 ], [ 21.053931247403629, 49.429986364326659 ], [ 21.034680644165274, 49.418929915472638 ], [ 21.034071598182074, 49.40736877020295 ], [ 21.036272012906657, 49.395758138076758 ], [ 21.033374669319322, 49.394348719109971 ], [ 21.013917749368815, 49.384876545982181 ], [ 21.013325620321623, 49.38458825970001 ], [ 20.99448834794935, 49.375896988879397 ], [ 20.989138420850125, 49.3734352152686 ], [ 20.975081017771156, 49.367289299175511 ], [ 20.96361572494888, 49.362299837096899 ], [ 20.955693826194107, 49.359016325383514 ], [ 20.936668898220791, 49.351182728286595 ], [ 20.936325165392326, 49.351047613284642 ], [ 20.916978707668495, 49.343487278230938 ], [ 20.90818508074458, 49.34008475886661 ], [ 20.897648147937669, 49.336184328149663 ], [ 20.878763870353307, 49.34045213458743 ], [ 20.878579458393435, 49.340569886261761 ], [ 20.860156321880041, 49.352143449034067 ], [ 20.841120204990983, 49.341172825353247 ], [ 20.840684584669134, 49.340920843291585 ], [ 20.821644615742787, 49.341152472221822 ], [ 20.821115448815682, 49.341489840638985 ], [ 20.803023239092916, 49.352840767221103 ], [ 20.802211405369277, 49.353357971349865 ], [ 20.784393344286961, 49.364534896579976 ], [ 20.783312677732717, 49.365222866768889 ], [ 20.765754905649075, 49.376234561931184 ], [ 20.764418785199112, 49.377084537381201 ], [ 20.764688095738279, 49.388652069651663 ], [ 20.764966677547726, 49.400219439168346 ], [ 20.747923266976553, 49.410911560599871 ], [ 20.746087940584218, 49.412077743318562 ], [ 20.729259693188073, 49.422632920308246 ], [ 20.710187559595091, 49.422858733936664 ], [ 20.691115222169078, 49.423082869400886 ], [ 20.673953448014132, 49.413144796530787 ], [ 20.671652082243479, 49.411809617639264 ], [ 20.654462830822066, 49.40185388528343 ], [ 20.652198041580924, 49.400538929995534 ], [ 20.650023637355659, 49.401917336051042 ], [ 20.633515292073849, 49.412248869760859 ], [ 20.631134681500239, 49.413756890806937 ], [ 20.614823878480323, 49.423962988662382 ], [ 20.598022647461903, 49.414219345716667 ], [ 20.597525187811723, 49.402654774771513 ], [ 20.597019583108782, 49.391090293617033 ], [ 20.594633270090569, 49.389702335909526 ], [ 20.577530329064981, 49.379786444229453 ], [ 20.575205886953217, 49.378433448371993 ], [ 20.556149935992629, 49.378644982828519 ], [ 20.553838163895112, 49.3801073724566 ], [ 20.537452126673887, 49.39033797068236 ], [ 20.53493131392365, 49.391931429054779 ], [ 20.51874565437187, 49.402035200247887 ], [ 20.516027251688289, 49.403752301167039 ], [ 20.500030496511549, 49.413736370722042 ], [ 20.480960494880655, 49.41394254831193 ], [ 20.461890311037905, 49.414147129269779 ], [ 20.442819946224592, 49.414350103638014 ], [ 20.426556273668638, 49.4048910004174 ], [ 20.423416977338093, 49.4030572663413 ], [ 20.407086453665698, 49.393558304908034 ], [ 20.404023080334774, 49.391767565351117 ], [ 20.384961076913378, 49.391965548984246 ], [ 20.38194937941908, 49.393861542112127 ], [ 20.366217630341321, 49.403651370888952 ], [ 20.347150831481859, 49.403846134357202 ], [ 20.328083859595072, 49.404039235148389 ], [ 20.312013356178127, 49.39467643235669 ], [ 20.311567822805316, 49.383110227904886 ], [ 20.311114040205446, 49.371544093881489 ], [ 20.310651743870835, 49.359978033202282 ], [ 20.310180655466848, 49.348412048934414 ], [ 20.307493107274734, 49.346835457531874 ], [ 20.304890716636226, 49.348471896329876 ], [ 20.288747613513298, 49.358493911893817 ], [ 20.272166014482039, 49.348836741048515 ], [ 20.2694027131494, 49.34721408022056 ], [ 20.266724457707021, 49.348896509614676 ], [ 20.250648027600619, 49.358869201009909 ], [ 20.234140193871976, 49.349249043778379 ], [ 20.23131166138252, 49.347586406953383 ], [ 20.212265891510587, 49.347770162986976 ], [ 20.193219960438867, 49.347952289446731 ], [ 20.17662946652635, 49.338277580399073 ], [ 20.173901151562134, 49.33667102857455 ], [ 20.157151238757372, 49.326902979530466 ], [ 20.173423309889049, 49.316570714680005 ], [ 20.175697899224385, 49.315144481622845 ], [ 20.173356656500843, 49.313765164589022 ], [ 20.154323680680104, 49.313944819243936 ], [ 20.137195373448336, 49.303958499052783 ], [ 20.135027610233177, 49.302679781929321 ], [ 20.117700641028296, 49.292577402479523 ], [ 20.117210293656179, 49.281010813108821 ], [ 20.116708769321356, 49.269444307869399 ], [ 20.115225051449407, 49.2685679986743 ], [ 20.097192400685156, 49.258059939196599 ], [ 20.096670848779322, 49.246493504771735 ], [ 20.096136742960798, 49.234927165284951 ], [ 20.095589577113476, 49.223360925380433 ], [ 20.095199802761812, 49.223130372578893 ], [ 20.076036776913231, 49.211973295047613 ], [ 20.075890714090129, 49.208996685298551 ], [ 20.056898673587266, 49.209220472052358 ], [ 20.037908725804325, 49.209551603689455 ], [ 20.01897128313561, 49.212448757578557 ], [ 20.018903044179037, 49.212491457374185 ], [ 20.000206313163687, 49.224001269222946 ], [ 19.999841397720921, 49.224229443884425 ] ] ], [ [ [ 18.783123767357004, 54.618008110765658 ], [ 18.777925660454592, 54.620767661224065 ], [ 18.76157880713442, 54.629528117303387 ], [ 18.761549119195266, 54.641088546567588 ], [ 18.756359692108841, 54.643842810467284 ], [ 18.739990800056557, 54.652604660396804 ], [ 18.734844669022944, 54.655335244147693 ], [ 18.718423975208513, 54.664116909009017 ], [ 18.718387357557365, 54.67567725835702 ], [ 18.713235879414341, 54.678410297361978 ], [ 18.696807523719205, 54.687185606398977 ], [ 18.713111565561203, 54.696040577955792 ], [ 18.729539993974132, 54.6872630718292 ], [ 18.734654554766315, 54.684509290700461 ], [ 18.751036488635432, 54.675748734480123 ], [ 18.756185346881264, 54.672972080713357 ], [ 18.772516999643042, 54.664230544178693 ], [ 18.777703946318251, 54.661428992828213 ], [ 18.79398161228853, 54.652708507918689 ], [ 18.799210357568487, 54.649880075520848 ], [ 18.81543041854011, 54.641182632644274 ], [ 18.815521725653028, 54.62962229744268 ], [ 18.820755339829198, 54.626785280880341 ], [ 18.83694739495358, 54.618092546085457 ], [ 18.83702887838686, 54.606532141481942 ], [ 18.820882772521355, 54.597774642124627 ], [ 18.804660002534266, 54.606484245596462 ], [ 18.799410273126419, 54.609272143487139 ], [ 18.783123767357004, 54.618008110765658 ] ] ], [ [ [ 18.632072933724341, 54.710127197632445 ], [ 18.648509181667762, 54.719065402594758 ], [ 18.665099238713871, 54.710222931901527 ], [ 18.670082629834681, 54.707551124528692 ], [ 18.686636196256718, 54.69872013564293 ], [ 18.670226616539615, 54.68980167556164 ], [ 18.65367313493396, 54.698630436623411 ], [ 18.648662900050461, 54.70128696299647 ], [ 18.632072933724341, 54.710127197632445 ] ] ], [ [ [ 18.600557648305053, 54.733148218640999 ], [ 18.584017205591948, 54.724144133288149 ], [ 18.567293505661262, 54.73303408483563 ], [ 18.583833839384084, 54.74204043789522 ], [ 18.600557648305053, 54.733148218640999 ] ] ], [ [ [ 18.471171038131793, 54.778894542075328 ], [ 18.454507313194412, 54.769799997455692 ], [ 18.437600927192509, 54.778743581722189 ], [ 18.454264506498276, 54.787840434565773 ], [ 18.471171038131793, 54.778894542075328 ] ] ] ] } }
]
}
