{
"type": "FeatureCollection",
"name": "zasieg_uszkodzenia_cykl_4_epsg4326",
"crs": { "type": "name", "properties": { "name": "urn:ogc:def:crs:OGC:1.3:CRS84" } },
"features": [
{ "type": "Feature", "properties": { "typ": "uszkodzenia", "nasil_uszk_prog": 6, "gatunek_pan": "wszystkie", "cykl": 4, "pokrycie": 0.95, "prog_kde": 1.3783708503691611e-12 }, "geometry": { "type": "MultiPolygon", "coordinates": [ [ [ [ 20.029963462617214, 49.200821914898796 ], [ 20.018871915710402, 49.207614014760829 ], [ 20.010965289241021, 49.212561210481304 ], [ 20.000109551629397, 49.219206938280934 ], [ 19.991968111181347, 49.224297328784729 ], [ 19.981338519153521, 49.230802679129233 ], [ 19.962335748056827, 49.230922149978248 ], [ 19.943332874721854, 49.231040253457572 ], [ 19.924329900340062, 49.231156985459876 ], [ 19.905326826114798, 49.231272342183523 ], [ 19.894829050724617, 49.225090712064393 ], [ 19.894460815481029, 49.213522216842932 ], [ 19.885913331788093, 49.20843742254219 ], [ 19.875147720528609, 49.20209880538534 ], [ 19.866718375600453, 49.197080543645789 ], [ 19.847728193573435, 49.197191434006626 ], [ 19.828737918313056, 49.197301019279678 ], [ 19.820387404456017, 49.202500763164608 ], [ 19.809934856424675, 49.208878770140956 ], [ 19.799360122834379, 49.202648209750123 ], [ 19.790757092866585, 49.197516273779954 ], [ 19.782319563475212, 49.20276489205343 ], [ 19.771945065703935, 49.209091444723555 ], [ 19.763302845760837, 49.21446344939887 ], [ 19.763321766936549, 49.226034614018026 ], [ 19.763346459175104, 49.23760571762493 ], [ 19.772474293712346, 49.243050110249932 ], [ 19.782424505339282, 49.249049325415896 ], [ 19.782464674284217, 49.260620282261883 ], [ 19.791854436836271, 49.266215368956573 ], [ 19.801569531080997, 49.272060524668646 ], [ 19.81106147391835, 49.277712277425422 ], [ 19.82069101572414, 49.283497482984743 ], [ 19.811250882903334, 49.289258859331433 ], [ 19.801684106407492, 49.295202089615401 ], [ 19.801748468278653, 49.306772788782041 ], [ 19.801817328914101, 49.318343433919061 ], [ 19.801890533534507, 49.329914026099928 ], [ 19.801967933570982, 49.341484566354609 ], [ 19.802049386358693, 49.353055055671831 ], [ 19.802134754845881, 49.364625495001114 ], [ 19.802223907317462, 49.376195885254774 ], [ 19.793703650149613, 49.381394322617986 ], [ 19.783211468468046, 49.387897234797393 ], [ 19.783303186237859, 49.399467568416085 ], [ 19.783398312167975, 49.411037856104606 ], [ 19.775185932378449, 49.416046578010622 ], [ 19.766894686102574, 49.411148494441392 ], [ 19.755934263093032, 49.404632578259452 ], [ 19.747591853504197, 49.399703992067543 ], [ 19.73669156711734, 49.393218961283686 ], [ 19.728291797796796, 49.388256242178933 ], [ 19.71745783658071, 49.381805834159664 ], [ 19.706813654387236, 49.388389546371393 ], [ 19.698559382953391, 49.393417888733445 ], [ 19.687788240850146, 49.400075210854858 ], [ 19.679652057807388, 49.40503002150863 ], [ 19.66058128686986, 49.405125163111656 ], [ 19.641510431401038, 49.405218619771183 ], [ 19.630564136146681, 49.411972326672327 ], [ 19.630624608776795, 49.423542846336225 ], [ 19.641836502306703, 49.430227874101767 ], [ 19.649794148886542, 49.435007549681686 ], [ 19.641961090977038, 49.43977447575282 ], [ 19.630754869716551, 49.446683765907608 ], [ 19.623022733193263, 49.451387701026079 ], [ 19.603933834907451, 49.451477044163717 ], [ 19.584844856863043, 49.451564650337303 ], [ 19.57349100192064, 49.458552661208564 ], [ 19.5735487953235, 49.470123112866766 ], [ 19.566021231230938, 49.474698190869482 ], [ 19.554492806467046, 49.481786742982223 ], [ 19.554551060611402, 49.493357149855953 ], [ 19.554611866960329, 49.504927521452821 ], [ 19.5473085900435, 49.509364187728266 ], [ 19.535546024818601, 49.516587984598239 ], [ 19.535606744844191, 49.528158314652082 ], [ 19.535669766145812, 49.53972861099902 ], [ 19.53573501042138, 49.551298874001596 ], [ 19.52869426209001, 49.555573483876543 ], [ 19.516655640524892, 49.562956165713686 ], [ 19.516720155433649, 49.574526390890902 ], [ 19.509804743606274, 49.578722932114694 ], [ 19.490665940193104, 49.578799106507098 ], [ 19.478479561662382, 49.586261281354119 ], [ 19.471638266308954, 49.590410115809419 ], [ 19.459382643714711, 49.597909101604202 ], [ 19.459438023908302, 49.609479309688581 ], [ 19.452708412799456, 49.613558393426125 ], [ 19.445916436425296, 49.60953218510317 ], [ 19.445756627368372, 49.59796237627571 ], [ 19.433351291698912, 49.590552701775152 ], [ 19.414207708918244, 49.590621227190027 ], [ 19.407313087881896, 49.586533596952648 ], [ 19.407157700426382, 49.574963682581689 ], [ 19.39487786296035, 49.567617920989647 ], [ 19.375743187327306, 49.56768341560894 ], [ 19.368724948198103, 49.563522028551134 ], [ 19.368573528508232, 49.551952012080264 ], [ 19.368420030610736, 49.540381978929787 ], [ 19.356356705295561, 49.533153125159863 ], [ 19.337235431772559, 49.533216137800075 ], [ 19.318114103856502, 49.533277439477843 ], [ 19.298992723318179, 49.533337046849397 ], [ 19.279871291909803, 49.533394977865733 ], [ 19.272590899049966, 49.529076873935843 ], [ 19.260688512535676, 49.521924575110262 ], [ 19.253313278792376, 49.517550134804168 ], [ 19.241514724318233, 49.51045491252556 ], [ 19.234037901258354, 49.506020161466871 ], [ 19.233901300340509, 49.494449845991625 ], [ 19.233762051249169, 49.482879512515794 ], [ 19.222245593567731, 49.475945403432021 ], [ 19.214490310200031, 49.471346215351737 ], [ 19.222203365839569, 49.466610707059573 ], [ 19.23347520332571, 49.459738792339273 ], [ 19.222141433548199, 49.452911395697285 ], [ 19.203051222089343, 49.452966668800748 ], [ 19.195078896113941, 49.448239244416854 ], [ 19.194934865347275, 49.436668784048997 ], [ 19.194787582246015, 49.425098305765182 ], [ 19.194636922867222, 49.413527809760943 ], [ 19.183788885478247, 49.406980096542107 ], [ 19.164716452516807, 49.407035372419863 ], [ 19.145643975944068, 49.407089444157705 ], [ 19.126571456942472, 49.40714235240835 ], [ 19.107498896636205, 49.407194139995603 ], [ 19.096883835633903, 49.41365102967287 ], [ 19.088446962048248, 49.418748003502259 ], [ 19.079874373345987, 49.413664029879122 ], [ 19.069353656290577, 49.407294535765985 ], [ 19.050280978170832, 49.407343241113324 ], [ 19.04146258147912, 49.402113419856661 ], [ 19.031200976846325, 49.395893010525874 ], [ 19.012132677431204, 49.395940961153755 ], [ 18.993064341202004, 49.395988142362953 ], [ 18.973995968699263, 49.396034616023165 ], [ 18.963966366236225, 49.402115239153886 ], [ 18.963832560444985, 49.413685960185063 ], [ 18.973983388268216, 49.419848011865319 ], [ 18.98270500669619, 49.425261062149815 ], [ 18.982585278245288, 49.43683176016097 ], [ 18.982469210519124, 49.448402435332774 ], [ 18.973965564808829, 49.453531847367515 ], [ 18.963335851668276, 49.459968622295612 ], [ 18.963220606212396, 49.471539232166869 ], [ 18.963108673551513, 49.483109819717257 ], [ 18.962999932480727, 49.494680384919008 ], [ 18.962894266437189, 49.506250927745107 ], [ 18.954821954766548, 49.511117012419945 ], [ 18.943744093714027, 49.517813754922585 ], [ 18.935693752648781, 49.522664998274649 ], [ 18.916576132956969, 49.522697449400972 ], [ 18.908314292232671, 49.517791104011252 ], [ 18.897482553865782, 49.511217336965757 ], [ 18.878369369383297, 49.511249012080235 ], [ 18.867590688970516, 49.517751666872002 ], [ 18.859223127624457, 49.522789372307436 ], [ 18.848425339210657, 49.529298683108756 ], [ 18.848291716917206, 49.540869021032577 ], [ 18.848160968260167, 49.552439339352844 ], [ 18.83999268702571, 49.55735423207021 ], [ 18.828983115187405, 49.563983056031141 ], [ 18.828851612284787, 49.575553306750734 ], [ 18.828722718486741, 49.587123537973909 ], [ 18.828596338831805, 49.598693749569684 ], [ 18.828472381958512, 49.610263941411901 ], [ 18.820650501944463, 49.614966158048908 ], [ 18.809273865219378, 49.621804257129753 ], [ 18.809148423657884, 49.633374381434969 ], [ 18.80902518454991, 49.644944486043997 ], [ 18.808904068435957, 49.65651457083375 ], [ 18.808784998899945, 49.668084635685716 ], [ 18.801262377449699, 49.672602335574041 ], [ 18.789564340909131, 49.679621543563044 ], [ 18.782034520544002, 49.684141634560795 ], [ 18.762853639647254, 49.684152623846373 ], [ 18.755119606786401, 49.679553832567684 ], [ 18.743733321314025, 49.672638202227418 ], [ 18.732274626528792, 49.679503273572863 ], [ 18.72449185644383, 49.684171458979328 ], [ 18.713039713679731, 49.691027437964166 ], [ 18.712896094911933, 49.702597287297714 ], [ 18.705171553382641, 49.707227617567156 ], [ 18.685981586718277, 49.707232497963879 ], [ 18.666791616968634, 49.707236430863894 ], [ 18.647601644537996, 49.707239466830124 ], [ 18.636359904902964, 49.713952481163076 ], [ 18.636195012625699, 49.725522137058512 ], [ 18.628235776933618, 49.730285804006648 ], [ 18.616930213111523, 49.737030187505887 ], [ 18.616762770906767, 49.748599765413118 ], [ 18.616597174905117, 49.760169326136818 ], [ 18.616433362839363, 49.771738869479478 ], [ 18.60866598852536, 49.776382502828973 ], [ 18.597147808030709, 49.783243491355066 ], [ 18.596981108510395, 49.794812955577108 ], [ 18.58925388965099, 49.799429141143889 ], [ 18.577683599022084, 49.806314264291686 ], [ 18.577513870386646, 49.817883648177599 ], [ 18.569823290705546, 49.82247442039359 ], [ 18.558204215821288, 49.829381637716814 ], [ 18.56969998069783, 49.836375795960969 ], [ 18.577179106731801, 49.841022363300176 ], [ 18.577013975893699, 49.852591694202367 ], [ 18.588742992762263, 49.859720731575727 ], [ 18.596013765218721, 49.864229366819565 ], [ 18.588667502377593, 49.868612163740657 ], [ 18.576687993688264, 49.875730301912505 ], [ 18.576527059853355, 49.887299578433087 ], [ 18.576367446033615, 49.898868836551422 ], [ 18.576209116125504, 49.910438076142015 ], [ 18.569003132145841, 49.914731795474395 ], [ 18.55686133511572, 49.921935559135342 ], [ 18.549623680045997, 49.926245630685955 ], [ 18.542290481522851, 49.921878969997834 ], [ 18.542339818250777, 49.910309360483382 ], [ 18.53057108873254, 49.903154776817779 ], [ 18.511303709817213, 49.903131806242449 ], [ 18.492036353785497, 49.903107508493157 ], [ 18.480317090532068, 49.910048007527926 ], [ 18.472643318223092, 49.914612008247325 ], [ 18.460954090944405, 49.921529449534823 ], [ 18.453241050330011, 49.926113885022993 ], [ 18.4339646058108, 49.926083398380015 ], [ 18.422407883095001, 49.932913703713801 ], [ 18.414548544142981, 49.937580086273975 ], [ 18.395267576126809, 49.93754570545326 ], [ 18.375986641691998, 49.937509945656139 ], [ 18.356705742095347, 49.937472808536363 ], [ 18.348405798070456, 49.932521567517512 ], [ 18.337582852422003, 49.925910880593399 ], [ 18.329086515534531, 49.920841566445482 ], [ 18.318469034074994, 49.914351489766815 ], [ 18.307670373091906, 49.92071569545724 ], [ 18.299030392473526, 49.925832537565995 ], [ 18.288272052373074, 49.932168142870161 ], [ 18.288021134463957, 49.943736452804423 ], [ 18.287771993932335, 49.955304750483478 ], [ 18.279238732041748, 49.960351987278024 ], [ 18.268354365806147, 49.966753713694452 ], [ 18.259772202548195, 49.971825900752009 ], [ 18.240477808777126, 49.971775717389256 ], [ 18.221183466837427, 49.971723893268539 ], [ 18.210587524672672, 49.977944812117812 ], [ 18.210315874125467, 49.989512758320238 ], [ 18.201507929585436, 49.994706940446477 ], [ 18.182204534876877, 49.994648538455188 ], [ 18.17318599716975, 49.989254096094093 ], [ 18.163101065519466, 49.983072550616811 ], [ 18.152804175810513, 49.989107055271724 ], [ 18.143597938469597, 49.994526042084296 ], [ 18.124294742825679, 49.994461823683395 ], [ 18.114169181202858, 50.00038832463045 ], [ 18.104777861595217, 50.005907515506237 ], [ 18.094689393693933, 50.011807777893424 ], [ 18.094380589653266, 50.023375156547772 ], [ 18.094073944799579, 50.034942528971428 ], [ 18.084814218605999, 50.040376569114308 ], [ 18.074573217831773, 50.046358418075208 ], [ 18.065269324957452, 50.051813163307735 ], [ 18.055061689348733, 50.057770942133729 ], [ 18.045715167686691, 50.06324536138807 ], [ 18.026384888075402, 50.063159201076154 ], [ 18.01688193181413, 50.057453830094929 ], [ 18.007292269125621, 50.051559534187774 ], [ 17.997567704124226, 50.045718846979312 ], [ 17.997705082486533, 50.034150232228754 ], [ 18.007771840641126, 50.028298962732428 ], [ 18.017326724836149, 50.034318041304225 ], [ 18.026849902238183, 50.040171981477869 ], [ 18.036606489498258, 50.034479694339026 ], [ 18.03673762673996, 50.022910983281342 ], [ 18.036865970494251, 50.011342226507182 ], [ 18.027547881718792, 50.005612520776211 ], [ 18.008240615719878, 50.005532551437746 ], [ 17.998833299976106, 50.011020302393071 ], [ 17.988692075903021, 50.01695222762374 ], [ 17.978522693706868, 50.010843277519683 ], [ 17.969626393465447, 50.005364366884073 ], [ 17.950319448523882, 50.005275900733956 ], [ 17.939757852386489, 49.998925630662328 ], [ 17.931267482098647, 49.993690050379868 ], [ 17.920440449816454, 49.987177552873128 ], [ 17.912224534440774, 49.982107401784013 ], [ 17.892927062746541, 49.982013762157337 ], [ 17.881677124349221, 49.975240372558559 ], [ 17.873897786718359, 49.97043352357796 ], [ 17.865897667145688, 49.975087178285804 ], [ 17.854332529177768, 49.981815947897715 ], [ 17.846335391384063, 49.98646429308198 ], [ 17.834758117996586, 49.993192046696159 ], [ 17.826758993457865, 49.997837971139575 ], [ 17.826336828466136, 50.009403686606646 ], [ 17.814892170339867, 50.016044738210844 ], [ 17.795581834962732, 50.015925003321946 ], [ 17.787563381465471, 50.020574986879957 ], [ 17.787132083684192, 50.032140449802874 ], [ 17.775687991835685, 50.038765059297802 ], [ 17.767508348447446, 50.043503646919092 ], [ 17.7670764374706, 50.055069000593726 ], [ 17.766648187606403, 50.066634370117676 ], [ 17.755477842686187, 50.073089868460158 ], [ 17.747001801784489, 50.077993853329218 ], [ 17.735843200261332, 50.084434771476587 ], [ 17.727341390943781, 50.089349865328863 ], [ 17.726908579010267, 50.10091500454859 ], [ 17.715892171830568, 50.10726494763108 ], [ 17.70723029832752, 50.112267417242549 ], [ 17.696234312939996, 50.118597989638282 ], [ 17.685402822465708, 50.112022314290172 ], [ 17.677200791975636, 50.106941772578573 ], [ 17.657855473375534, 50.10677246705221 ], [ 17.649466497518905, 50.111609837661298 ], [ 17.649011539525151, 50.123174450721507 ], [ 17.637858532565758, 50.129574581567532 ], [ 17.629285214584918, 50.134513142675949 ], [ 17.618173616750873, 50.140881911517006 ], [ 17.609545247229494, 50.145848331204952 ], [ 17.598479503856897, 50.152183322188456 ], [ 17.589791804823953, 50.157180012210141 ], [ 17.598181223647526, 50.162383445325872 ], [ 17.608633420955403, 50.168977140151405 ], [ 17.61721008180638, 50.174292714839758 ], [ 17.63657969201385, 50.17456316841696 ], [ 17.655949526093153, 50.174832446210551 ], [ 17.666091331493824, 50.181221062099503 ], [ 17.674997850120629, 50.186731149506969 ], [ 17.694372871544289, 50.186996627816953 ], [ 17.704268830845905, 50.193222958828805 ], [ 17.713435705956119, 50.198886884331422 ], [ 17.732815918478952, 50.199148193358603 ], [ 17.742465990672283, 50.20521242917313 ], [ 17.75189326730073, 50.211029814699515 ], [ 17.761378848232006, 50.216985256319106 ], [ 17.760994081858048, 50.228550768389816 ], [ 17.76061196455165, 50.240116285980136 ], [ 17.750988881331178, 50.245662850478695 ], [ 17.740905958677327, 50.251474012032261 ], [ 17.731281346805645, 50.257015367868682 ], [ 17.72118756137505, 50.262828269113768 ], [ 17.720800476534357, 50.274393568758853 ], [ 17.730657892959783, 50.280471205736049 ], [ 17.739763581918218, 50.286170260465134 ], [ 17.749767347941191, 50.292333471954869 ], [ 17.758739446461384, 50.297943939740833 ], [ 17.749480451165329, 50.303276968981983 ], [ 17.7300554801771, 50.303105893549393 ], [ 17.719654506662707, 50.309089500190701 ], [ 17.719277461538752, 50.320654819922893 ], [ 17.710007014018966, 50.325983080973437 ], [ 17.690573185496131, 50.325800659824438 ], [ 17.681420682267039, 50.320231614765049 ], [ 17.681670183087633, 50.308664938856673 ], [ 17.681916666443726, 50.29709820670201 ], [ 17.672102874772982, 50.291041616984778 ], [ 17.662685627387635, 50.285308979192216 ], [ 17.653008814466613, 50.279332402374685 ], [ 17.643461229067093, 50.273516589930182 ], [ 17.633924079098175, 50.267621812445036 ], [ 17.614514646835136, 50.267423935276661 ], [ 17.604698904568796, 50.27305767874617 ], [ 17.594766559272916, 50.278735863279408 ], [ 17.575353048468511, 50.278526666481021 ], [ 17.565624567553687, 50.272581981945152 ], [ 17.556288084887079, 50.266799063720434 ], [ 17.536879832411632, 50.2665802483669 ], [ 17.527239439461756, 50.272101876698706 ], [ 17.517114335470428, 50.277867576559935 ], [ 17.497702059069152, 50.277637333542359 ], [ 17.48784659208366, 50.271595977736048 ], [ 17.478656970368213, 50.26589201718906 ], [ 17.459250001248964, 50.265652024447526 ], [ 17.449257070851665, 50.259517627779694 ], [ 17.440219222467992, 50.253900678899576 ], [ 17.430822595523797, 50.259270151422179 ], [ 17.430344015711043, 50.270833519570118 ], [ 17.420056247733338, 50.276663813598148 ], [ 17.400645643891234, 50.276407433696193 ], [ 17.391077542404894, 50.281866356263187 ], [ 17.380844927213356, 50.28765427262595 ], [ 17.370993359379387, 50.281586570817367 ], [ 17.371289316339961, 50.270020846218031 ], [ 17.36222027286048, 50.264373903690228 ], [ 17.352772765454191, 50.2697598488515 ], [ 17.352274865240883, 50.281322683211293 ], [ 17.351780424852624, 50.29288554433414 ], [ 17.351289355147195, 50.304448430993986 ], [ 17.341215592696692, 50.310135625776191 ], [ 17.331379716917368, 50.315734166938476 ], [ 17.340816220665783, 50.321608556439237 ], [ 17.350316989021938, 50.327574276266105 ], [ 17.340413691480229, 50.33316464601473 ], [ 17.330906156673652, 50.327297199821935 ], [ 17.321386955822398, 50.321370432434975 ], [ 17.301959464875953, 50.321086984944785 ], [ 17.282532337879243, 50.320798857438447 ], [ 17.272594159430689, 50.32644532783555 ], [ 17.262685749572793, 50.332019740562743 ], [ 17.243254678924288, 50.331722074896589 ], [ 17.233207060926883, 50.337423285223863 ], [ 17.223394437286231, 50.342934831078054 ], [ 17.21324702904537, 50.348688147005447 ], [ 17.212734718479052, 50.360250177167252 ], [ 17.20308990025179, 50.36566296605325 ], [ 17.192763910482231, 50.371511384244101 ], [ 17.192252467731638, 50.383073321706505 ], [ 17.182765534895616, 50.388393217416272 ], [ 17.1633124967139, 50.388076769372411 ], [ 17.154298797734153, 50.382477112637261 ], [ 17.144309585040297, 50.376235099440024 ], [ 17.133845912227944, 50.382150680048554 ], [ 17.124407544348855, 50.387432074382872 ], [ 17.113846567865448, 50.393397968418782 ], [ 17.113320579243553, 50.404959380322886 ], [ 17.104036208550905, 50.410150855345627 ], [ 17.084575262764101, 50.409818511901918 ], [ 17.065114693935239, 50.409482587285453 ], [ 17.045654502316228, 50.40914317206073 ], [ 17.034851297559189, 50.41522994978444 ], [ 17.025715577307359, 50.42032531713609 ], [ 17.006251431344356, 50.419978897377014 ], [ 16.986787663246822, 50.419629249339501 ], [ 16.967324272991899, 50.419276456373588 ], [ 16.956346455064864, 50.425447086950768 ], [ 16.947362913451538, 50.430446168199076 ], [ 16.936293919604658, 50.43666313742068 ], [ 16.927392104449506, 50.441614037621036 ], [ 16.916234821328356, 50.447875645523929 ], [ 16.907411837368347, 50.452780093011576 ], [ 16.899081026198495, 50.447567100075112 ], [ 16.888449118784177, 50.440886494742657 ], [ 16.880086729461887, 50.435652315855975 ], [ 16.880541851160999, 50.424090411593738 ], [ 16.870012985516517, 50.41746808928167 ], [ 16.86155367327158, 50.412172587561727 ], [ 16.870477196772704, 50.407117776263064 ], [ 16.881441946085474, 50.400966356786682 ], [ 16.890450870313845, 50.395857586367185 ], [ 16.901317289641757, 50.389756524026403 ], [ 16.91041519238231, 50.38459172395234 ], [ 16.921179739230052, 50.378543095635109 ], [ 16.921608485695941, 50.366980519990648 ], [ 16.922033492424365, 50.355417856997448 ], [ 16.931380063880123, 50.350100691854855 ], [ 16.941866714877268, 50.344200419428361 ], [ 16.94227958115718, 50.332637456232078 ], [ 16.942688437486908, 50.321074401541374 ], [ 16.952314734417381, 50.315586634381916 ], [ 16.962491846184697, 50.309852962362825 ], [ 16.972231131976702, 50.304295066714367 ], [ 16.991648736785105, 50.304619926143644 ], [ 17.001676438388412, 50.298963062020043 ], [ 17.011551440908892, 50.293319357360573 ], [ 17.021449692504373, 50.287731138316346 ], [ 17.021824158972684, 50.276167246176499 ], [ 17.022194129518574, 50.264603256861982 ], [ 17.012988612144554, 50.258816674782771 ], [ 17.003182311838778, 50.252707738475699 ], [ 17.003547178591088, 50.241143656727132 ], [ 17.01397195664617, 50.23517030243849 ], [ 17.023275815283846, 50.229910684796124 ], [ 17.014421844032846, 50.224341359006559 ], [ 16.995037563430007, 50.223997384671115 ], [ 16.985712938498256, 50.229265394790055 ], [ 16.985102528657468, 50.240825205125908 ], [ 16.97468001474542, 50.246629568615838 ], [ 16.964801792577564, 50.240471318689828 ], [ 16.965170245138395, 50.228907349949075 ], [ 16.95627011227835, 50.22330012772322 ], [ 16.936886939642598, 50.222947049638123 ], [ 16.917504134147237, 50.222591137331619 ], [ 16.898121694620055, 50.222232486678756 ], [ 16.888073836133888, 50.215960626816852 ], [ 16.888448722573223, 50.204396875620638 ], [ 16.879757831923946, 50.198907487966288 ], [ 16.860385379851664, 50.198544519714559 ], [ 16.851207287935864, 50.203713780213754 ], [ 16.840495160206345, 50.209658555593961 ], [ 16.830358913182696, 50.203326151633625 ], [ 16.830740684730483, 50.191762615816828 ], [ 16.822163826854712, 50.186335483556483 ], [ 16.802797070585257, 50.185965936412856 ], [ 16.792400626022495, 50.179469316142942 ], [ 16.792778776412717, 50.167905744067845 ], [ 16.793150755558461, 50.156342034774497 ], [ 16.785022202210484, 50.151189747047106 ], [ 16.774167933955251, 50.144408806655896 ], [ 16.766204066379292, 50.139357135984525 ], [ 16.746856778507336, 50.13898367535343 ], [ 16.735836223927116, 50.132096584292924 ], [ 16.736199869299103, 50.120532755892484 ], [ 16.728594793884966, 50.115701474615818 ], [ 16.71721343434227, 50.108589907774373 ], [ 16.709803597167806, 50.103879146330975 ], [ 16.690471065744635, 50.103502609122913 ], [ 16.671138864361897, 50.103124563643782 ], [ 16.6633161931952, 50.107517218457616 ], [ 16.651247039059985, 50.114189378346978 ], [ 16.631910924559463, 50.113807709483069 ], [ 16.623921091188009, 50.118288408210454 ], [ 16.623161400859502, 50.129843941545062 ], [ 16.611435247052928, 50.136322382476884 ], [ 16.592090641158812, 50.135936415778119 ], [ 16.583758996650953, 50.140601472066678 ], [ 16.583000294906618, 50.152156788570139 ], [ 16.571585893676179, 50.158459225423137 ], [ 16.562916977003656, 50.163308000296766 ], [ 16.562164265473722, 50.174863303069543 ], [ 16.561417154320633, 50.186418701954437 ], [ 16.560675439832284, 50.197974192763731 ], [ 16.559938927262881, 50.209529771493294 ], [ 16.559207430415746, 50.221085434314062 ], [ 16.548710429469345, 50.226879520979722 ], [ 16.53911944963308, 50.232232539837227 ], [ 16.52873648886743, 50.237962024837756 ], [ 16.519028383872993, 50.243376145151053 ], [ 16.508753119612177, 50.249044593223758 ], [ 16.498934109388536, 50.25451624686378 ], [ 16.4982040779628, 50.266071584285022 ], [ 16.488155874699096, 50.27161315091913 ], [ 16.47810505240691, 50.277208037292347 ], [ 16.468148467208703, 50.282697553152701 ], [ 16.458002439533928, 50.288340976719255 ], [ 16.457273472387673, 50.299896095393009 ], [ 16.447516298715275, 50.305274090171096 ], [ 16.437165358609288, 50.311025368311633 ], [ 16.436438392508926, 50.322580400731063 ], [ 16.426863792836944, 50.327856199048234 ], [ 16.407443863131967, 50.327444801618718 ], [ 16.388024283116621, 50.327032145965809 ], [ 16.377553993524327, 50.332837531236223 ], [ 16.376817076242656, 50.344392033957163 ], [ 16.36733354272183, 50.349613531483769 ], [ 16.356692694488878, 50.355507193892059 ], [ 16.366655232536505, 50.361868532908311 ], [ 16.375353685916707, 50.367501213981306 ], [ 16.366059868404147, 50.372617939093239 ], [ 16.355224491890205, 50.378616047584863 ], [ 16.345980102564635, 50.383704165621396 ], [ 16.326538334918922, 50.383283668798384 ], [ 16.307096921940882, 50.382861973222731 ], [ 16.298271649132147, 50.377306232831486 ], [ 16.28831211812745, 50.370937083093047 ], [ 16.277653438232932, 50.376825157501123 ], [ 16.268215151554287, 50.382015205618245 ], [ 16.257512360982403, 50.387922953875176 ], [ 16.256757096577665, 50.399476393082232 ], [ 16.247442008982173, 50.404597116630661 ], [ 16.236608773322512, 50.410570466788123 ], [ 16.227320810389056, 50.415674908488796 ], [ 16.216455848322994, 50.421660988897791 ], [ 16.207190088003035, 50.426751853372529 ], [ 16.196298268755481, 50.432747956663775 ], [ 16.195537317264922, 50.444300909738025 ], [ 16.205770526844411, 50.450851717147259 ], [ 16.214190759640818, 50.456320544900883 ], [ 16.224555493857217, 50.462950589559313 ], [ 16.244025041499938, 50.463444988043427 ], [ 16.252288341181892, 50.468798093385409 ], [ 16.262825362249224, 50.475529710483386 ], [ 16.282300997244853, 50.476013039708249 ], [ 16.290427205382453, 50.481263938470761 ], [ 16.30111662661194, 50.488084162051329 ], [ 16.309154179118075, 50.493269689002808 ], [ 16.308440959874385, 50.504824192549563 ], [ 16.319285598777299, 50.511736772939329 ], [ 16.330884345540735, 50.505341271877136 ], [ 16.339429206474691, 50.500614752645241 ], [ 16.358916898839365, 50.501076854799216 ], [ 16.366823386867519, 50.506160246816265 ], [ 16.377763028011525, 50.513122214759953 ], [ 16.385602103523322, 50.518154594861116 ], [ 16.396618987851742, 50.525160455819716 ], [ 16.404397142870209, 50.530146184811436 ], [ 16.396092646157108, 50.534717682219046 ], [ 16.38423104502316, 50.541265419157639 ], [ 16.395342574015121, 50.548328399945952 ], [ 16.403041156553641, 50.553257465369661 ], [ 16.40236622016144, 50.564813144000134 ], [ 16.413583013482949, 50.571936123597141 ], [ 16.433101784062909, 50.572377223428873 ], [ 16.440708808449251, 50.577233206288881 ], [ 16.440048476141055, 50.58878932288286 ], [ 16.431966704128509, 50.593239243730636 ], [ 16.419870051867107, 50.599914496890669 ], [ 16.411805231197537, 50.604353518419536 ], [ 16.399685641660046, 50.611036087940782 ], [ 16.391634169922121, 50.615466197665747 ], [ 16.379495220833398, 50.622154093314272 ], [ 16.378825989727261, 50.63370970377742 ], [ 16.370809378873119, 50.638118705743139 ], [ 16.358625845628431, 50.644823941109742 ], [ 16.350613870317503, 50.649228810036043 ], [ 16.338419596230178, 50.655934585406634 ], [ 16.330408746868471, 50.660337245256777 ], [ 16.310853901701773, 50.659900648908597 ], [ 16.291299456089025, 50.659462350322457 ], [ 16.279141936053414, 50.666135566301783 ], [ 16.271075986226432, 50.670564574873275 ], [ 16.251517578842758, 50.670122381227252 ], [ 16.231959570777136, 50.669678583762312 ], [ 16.224306747874607, 50.664841587654692 ], [ 16.224962123612794, 50.653286293571561 ], [ 16.225614922811396, 50.641730919256446 ], [ 16.214451487515685, 50.634615862835439 ], [ 16.194908527423088, 50.634170946521955 ], [ 16.182976022563775, 50.640707175762536 ], [ 16.174673814028559, 50.645261143235984 ], [ 16.15512689245363, 50.644812710330079 ], [ 16.143249090985467, 50.651310359009791 ], [ 16.134878193293403, 50.655899319188009 ], [ 16.115327307073798, 50.655447492851238 ], [ 16.095776809428692, 50.654994388859357 ], [ 16.087778167488526, 50.649936249986929 ], [ 16.076943090661899, 50.643005907218871 ], [ 16.068852838745929, 50.637890134718447 ], [ 16.069533936454764, 50.626336020521542 ], [ 16.058838689081433, 50.619488488502171 ], [ 16.050610932484812, 50.614286842057801 ], [ 16.04002771253958, 50.607505932021958 ], [ 16.031688915549044, 50.602234510432865 ], [ 16.021225975298211, 50.595525620735067 ], [ 16.009950558389292, 50.601678113666019 ], [ 16.000967954152973, 50.606596569484516 ], [ 15.98972182394313, 50.612728159646238 ], [ 16.000151821573116, 50.619419296050054 ], [ 16.008396644092127, 50.624781008149874 ], [ 16.007622657534917, 50.636332503570742 ], [ 16.00685057424473, 50.647884029180787 ], [ 16.006080338667591, 50.659435583589868 ], [ 16.005311896950559, 50.670987165450398 ], [ 15.996557706553673, 50.675777280492589 ], [ 15.985059121036377, 50.682035946635672 ], [ 15.97625824501435, 50.686849887145009 ], [ 15.956696190817857, 50.686386781687382 ], [ 15.93713450911441, 50.685922804403752 ], [ 15.917573195944778, 50.685458025352482 ], [ 15.909017520425117, 50.680042473790678 ], [ 15.898772964023426, 50.673462192505589 ], [ 15.879217104031037, 50.672997003239132 ], [ 15.868240256001757, 50.678952971114285 ], [ 15.867433799660139, 50.690502887673354 ], [ 15.858120652488292, 50.695589345838599 ], [ 15.847164631801842, 50.701527543158278 ], [ 15.846355692772338, 50.713077264449012 ], [ 15.837003239702428, 50.718182536782123 ], [ 15.826077091047864, 50.724098091005239 ], [ 15.825265509966684, 50.735647612493246 ], [ 15.824455564178882, 50.747197160531499 ], [ 15.815081595861038, 50.752310588165876 ], [ 15.795493982235213, 50.751836522709866 ], [ 15.786530865676173, 50.746157244252259 ], [ 15.776699445072737, 50.739829889376182 ], [ 15.75711726408483, 50.739356154761261 ], [ 15.73753541567301, 50.738882243219116 ], [ 15.71795389235754, 50.73840825826322 ], [ 15.69837268613389, 50.737934308409145 ], [ 15.688227082356974, 50.743404062982869 ], [ 15.687375608943693, 50.754951779308072 ], [ 15.677158356179337, 50.760515147661707 ], [ 15.657568304837218, 50.76003921518793 ], [ 15.637978550879922, 50.759563596750205 ], [ 15.628196613638968, 50.764826004432258 ], [ 15.617557229853952, 50.770614094082369 ], [ 15.607893492409056, 50.775808703681193 ], [ 15.597126090616296, 50.781663951885811 ], [ 15.577527723411192, 50.78118743590656 ], [ 15.557929618088275, 50.780711692217018 ], [ 15.538331762129065, 50.780236870798973 ], [ 15.518734142215104, 50.779763129020935 ], [ 15.509920087607451, 50.784487257907458 ], [ 15.498275268006655, 50.790810853591211 ], [ 15.478673370779839, 50.79033825997756 ], [ 15.470218916723462, 50.794863604940659 ], [ 15.45820010218514, 50.801385817739359 ], [ 15.449911018331267, 50.805819044229374 ], [ 15.43771692281052, 50.812433374796974 ], [ 15.426146623819037, 50.805092579537558 ], [ 15.418987824251586, 50.800445872318065 ], [ 15.407149776509874, 50.792935808811329 ], [ 15.407979567020718, 50.781388833293967 ], [ 15.40115252134218, 50.776953195849124 ], [ 15.381556103652352, 50.776492124940454 ], [ 15.374338077212755, 50.78034667689024 ], [ 15.373385046841722, 50.791889663326472 ], [ 15.372434196479988, 50.803432700919352 ], [ 15.37148543581967, 50.814975786910594 ], [ 15.370538676096585, 50.826518918587823 ], [ 15.369593829972123, 50.838062093280911 ], [ 15.3565833196729, 50.845107607613947 ], [ 15.349277739418934, 50.849000097478807 ], [ 15.336055744812047, 50.856156663336947 ], [ 15.328959435652445, 50.859934572416414 ], [ 15.315518160499735, 50.867206242962254 ], [ 15.308639075694213, 50.870865522913711 ], [ 15.294970548275538, 50.87825643728079 ], [ 15.288316821667433, 50.881792954063414 ], [ 15.287351544941382, 50.893334974105692 ], [ 15.286387861819771, 50.904877028714466 ], [ 15.272571823725619, 50.912339953675037 ], [ 15.266052241090604, 50.915800325388084 ], [ 15.265084178703415, 50.927342099993076 ], [ 15.271060272156376, 50.93122749376473 ], [ 15.283505482032623, 50.939503371958715 ], [ 15.289774023934914, 50.943575840431009 ], [ 15.301953290217879, 50.951662449010684 ], [ 15.288552498716683, 50.958894768328399 ], [ 15.281590243722734, 50.962587722783439 ], [ 15.280634270318956, 50.974129926662329 ], [ 15.267031856618047, 50.981464767095297 ], [ 15.24735124724644, 50.980988525714707 ], [ 15.24085694274217, 50.984427632049361 ], [ 15.239888613706107, 50.995969194862631 ], [ 15.225799579803212, 51.003557730257448 ], [ 15.212459389306167, 50.99508193645849 ], [ 15.207050270170102, 50.991564140180365 ], [ 15.193395691703087, 50.9828885649423 ], [ 15.188309757344484, 50.979578442164794 ], [ 15.182709607795001, 50.982539364444541 ], [ 15.181719156627741, 50.994079883066867 ], [ 15.180729691349459, 51.005620418299287 ], [ 15.179741118119845, 51.01716096710512 ], [ 15.164827477614926, 51.025182090266512 ], [ 15.150702641260841, 51.016206589923776 ], [ 15.146084321870211, 51.013199370870865 ], [ 15.131610678018372, 51.004002108072228 ], [ 15.132522329875378, 50.992459270278587 ], [ 15.128309386027745, 50.989713361135834 ], [ 15.123663348486847, 50.992165229755507 ], [ 15.107659784507705, 51.000771465702186 ], [ 15.10331863816765, 51.003060554353532 ], [ 15.10229924146188, 51.014599638511754 ], [ 15.086029584285567, 51.023340907425329 ], [ 15.066329850896274, 51.022892367947712 ], [ 15.050542613533697, 51.012859056015117 ], [ 15.047609681273347, 51.010944002971399 ], [ 15.044368502001312, 51.012649880549667 ], [ 15.026929812520414, 51.022011898341987 ], [ 15.007229424408434, 51.021580759111949 ], [ 14.987528730784184, 51.021156245860311 ], [ 14.970149012653211, 51.010109683730789 ], [ 14.97107316638054, 50.998568077624284 ], [ 14.971994540696379, 50.987026362027493 ], [ 14.991335403688858, 50.977071274238213 ], [ 15.010973642322229, 50.97800572520952 ], [ 15.013138377652357, 50.976866554459001 ], [ 15.014052735058508, 50.965324372778397 ], [ 15.014964093822947, 50.953782074882895 ], [ 15.013152610902544, 50.952596743226366 ], [ 14.995770171797584, 50.941551043345285 ], [ 14.996675539471045, 50.930008610675095 ], [ 14.995457212989594, 50.929210639140116 ], [ 14.977457171994594, 50.917773520354288 ], [ 14.997320479505461, 50.907532027419805 ], [ 14.998475718080382, 50.906923342225156 ], [ 14.997431529008695, 50.906239145012265 ], [ 14.979249813123566, 50.894688157985705 ], [ 14.99931142775718, 50.884338070764635 ], [ 15.000260905410316, 50.883837505091847 ], [ 15.001147524918924, 50.872294361265482 ], [ 15.000386952445821, 50.871795694696715 ], [ 14.980745632796287, 50.871417972456747 ], [ 14.969582439956323, 50.871206956078744 ], [ 14.964438541131631, 50.88260261283758 ], [ 14.959385757094898, 50.894001219099231 ], [ 14.959048555475434, 50.894775402392355 ], [ 14.954375962671664, 50.905401115785324 ], [ 14.949447919228367, 50.916803655074432 ], [ 14.944600460697984, 50.928208806219921 ], [ 14.939829196233173, 50.939616425819018 ], [ 14.935129750510884, 50.951026370179498 ], [ 14.934272523860942, 50.953139229668437 ], [ 14.930463993260233, 50.962437316807495 ], [ 14.932269199279123, 50.974073981547633 ], [ 14.931168133800185, 50.985609242045257 ], [ 14.930068811256406, 50.997144548110903 ], [ 14.930402604704831, 50.997363268117276 ], [ 14.948155946833431, 51.009347852154839 ], [ 14.947069090273594, 51.020883684115077 ], [ 14.948023259227041, 51.021508313291271 ], [ 14.965206978227366, 51.033085911160981 ], [ 14.964131597354825, 51.044622231150512 ], [ 14.963057186016124, 51.056158569589492 ], [ 14.964656168843529, 51.057204101950447 ], [ 14.98125259567253, 51.068360032267371 ], [ 14.980188483457724, 51.079896814756935 ], [ 14.982320731121748, 51.081289702294391 ], [ 14.998428692965462, 51.092096944551848 ], [ 14.997374089893608, 51.103634140976489 ], [ 14.996319817470148, 51.11517133373485 ], [ 14.995265775128624, 51.126708519404758 ], [ 14.994211864563553, 51.138245694639153 ], [ 14.997001066327339, 51.140064868947043 ], [ 15.012519589237629, 51.150445549290524 ], [ 14.995304141427695, 51.159643998054172 ], [ 14.992104057316272, 51.161320000805553 ], [ 14.994995307249374, 51.163204956322488 ], [ 15.010427849865888, 51.173520606644388 ], [ 15.009381634543619, 51.185058101134963 ], [ 15.012718211008746, 51.187231297816531 ], [ 15.027743872147663, 51.19725710283462 ], [ 15.026704820356008, 51.208794926040724 ], [ 15.0256652490836, 51.220332716670853 ], [ 15.024625083770164, 51.231870472200171 ], [ 15.028467244029684, 51.234369525302569 ], [ 15.043038350877968, 51.244068475236801 ], [ 15.042004540890174, 51.255606530096678 ], [ 15.040969920369603, 51.267144542603894 ], [ 15.039934427499263, 51.278682510670905 ], [ 15.038898003569205, 51.29022043231403 ], [ 15.022907662067201, 51.298724423504396 ], [ 15.018367812258425, 51.301096139272609 ], [ 15.017321651716417, 51.312633586799095 ], [ 15.001090163000528, 51.321255569614365 ], [ 14.996779068505816, 51.323505236622886 ], [ 14.995722892601353, 51.335042197792234 ], [ 14.979250904273229, 51.343781457289886 ], [ 14.975167734233242, 51.345909778256463 ], [ 14.974101288902085, 51.357446241527661 ], [ 14.977839737028299, 51.359874978025786 ], [ 14.992547246148362, 51.369652749088139 ], [ 14.976222369281654, 51.378301705572959 ], [ 14.971964685823963, 51.380518996239502 ], [ 14.970894468486025, 51.392055285626896 ], [ 14.969822940499075, 51.403591515214835 ], [ 14.968750081459614, 51.415127684298589 ], [ 14.967675874675848, 51.4266637923009 ], [ 14.971737194240967, 51.429299001899395 ], [ 14.986161155062723, 51.438872261970886 ], [ 14.970148059030988, 51.447331740021838 ], [ 14.965523369399142, 51.449735823380486 ], [ 14.964445055640317, 51.461271745926062 ], [ 14.948232244480996, 51.469826315021464 ], [ 14.943793411561773, 51.472131162333945 ], [ 14.927320768733182, 51.480816455365478 ], [ 14.923137304939951, 51.482986887360035 ], [ 14.906398995572133, 51.491805813589281 ], [ 14.886503375648161, 51.491301106760517 ], [ 14.866607683851937, 51.490800819379864 ], [ 14.863394410655513, 51.492464728800655 ], [ 14.84566581586448, 51.501793992100083 ], [ 14.842742054029497, 51.503306718200832 ], [ 14.824713563084021, 51.512786992172778 ], [ 14.822086516341395, 51.514145062233517 ], [ 14.80375090088881, 51.523779968349167 ], [ 14.783840232166035, 51.523292918180879 ], [ 14.763929319288273, 51.522811833438567 ], [ 14.762448656618414, 51.5235758126707 ], [ 14.742946169143275, 51.53381175120677 ], [ 14.741803762256643, 51.534400705772079 ], [ 14.740621440713918, 51.54593146629545 ], [ 14.720874412480681, 51.556283763361208 ], [ 14.719964629133045, 51.556752255123101 ], [ 14.718770935837703, 51.568282442087387 ], [ 14.719689689875256, 51.568880959693011 ], [ 14.737068391346197, 51.580523441727586 ], [ 14.738488427651349, 51.581447811457572 ], [ 14.755400779069817, 51.592762697036846 ], [ 14.757298889994605, 51.593997325087713 ], [ 14.773766822429016, 51.605000145804787 ], [ 14.772596692380338, 51.616531521424072 ], [ 14.754299576899939, 51.626102148626728 ], [ 14.7518638425107, 51.627355477578 ], [ 14.754049502172757, 51.628776261872083 ], [ 14.770253828663394, 51.639594136346545 ], [ 14.752151898260538, 51.649054303591228 ], [ 14.749501782565748, 51.650417112135592 ], [ 14.751879599065749, 51.651962169052737 ], [ 14.767907774602083, 51.662656579714685 ], [ 14.750001356516487, 51.672006425738807 ], [ 14.747136845633745, 51.673478586149642 ], [ 14.745953411076369, 51.685009267071621 ], [ 14.727864906141283, 51.694443984751523 ], [ 14.725170499658519, 51.695827131614529 ], [ 14.706794263752073, 51.7054057559982 ], [ 14.704385265788817, 51.706641346863577 ], [ 14.685713046065567, 51.716368054853298 ], [ 14.683598065050129, 51.717451925847875 ], [ 14.682386174702204, 51.728981117704386 ], [ 14.663521887490848, 51.738797676527398 ], [ 14.661588033866408, 51.739787582425045 ], [ 14.660366625142926, 51.751316262226908 ], [ 14.659145090752164, 51.762844923639143 ], [ 14.657923477458867, 51.774373568416259 ], [ 14.656701831221609, 51.785902198284184 ], [ 14.655480197086646, 51.797430814936341 ], [ 14.636877631904287, 51.807086230523602 ], [ 14.616845318847801, 51.806573442726844 ], [ 14.615029122262609, 51.80750040451796 ], [ 14.595693461476303, 51.817528334485075 ], [ 14.594191802567568, 51.818294110041464 ], [ 14.592943448686544, 51.829821285313749 ], [ 14.59439960793947, 51.830768060220613 ], [ 14.611311625098189, 51.842083370194736 ], [ 14.610073064640932, 51.853611021107433 ], [ 14.61213736009887, 51.854951888542139 ], [ 14.632146797583914, 51.855922261573127 ], [ 14.648153031478202, 51.866602327209264 ], [ 14.651038223378974, 51.868473910022225 ], [ 14.666623716275865, 51.878859072941516 ], [ 14.66994143169569, 51.881009567478081 ], [ 14.685126151369504, 51.891113918523594 ], [ 14.688856350507335, 51.893529912201572 ], [ 14.703659245744767, 51.903366809346622 ], [ 14.702464532097087, 51.914896674669748 ], [ 14.701270095479551, 51.926426536641976 ], [ 14.705568608769697, 51.929207308294302 ], [ 14.71984915600965, 51.93867824726351 ], [ 14.718663165483846, 51.950208518960849 ], [ 14.717477488691054, 51.961738788637128 ], [ 14.71629215027259, 51.973269057221991 ], [ 14.715107173454188, 51.984799325594047 ], [ 14.720097513295576, 51.988022455243161 ], [ 14.733746297794182, 51.99705057179775 ], [ 14.732569586004299, 52.008581240614532 ], [ 14.731393253609733, 52.020111909840402 ], [ 14.736870641222296, 52.023645383074594 ], [ 14.750074561866741, 52.032361787182168 ], [ 14.748906296799579, 52.043892847123857 ], [ 14.747738419480607, 52.055423907745464 ], [ 14.753670890239949, 52.059246373096123 ], [ 14.766460389704658, 52.067672339481696 ], [ 14.752169653497734, 52.075042398186334 ], [ 14.745403883882306, 52.078486033175473 ], [ 14.744237250518067, 52.090017098950327 ], [ 14.729826216962335, 52.09744318464552 ], [ 14.709670429721553, 52.096855852064856 ], [ 14.703281421857225, 52.100102155510577 ], [ 14.68840473093972, 52.107762767694503 ], [ 14.682216019385121, 52.110904603616511 ], [ 14.68102956466837, 52.122434533603126 ], [ 14.679843696158523, 52.133964472189092 ], [ 14.678658419309357, 52.145494419611552 ], [ 14.684396591305696, 52.149191793642615 ], [ 14.697387583231489, 52.157753774214385 ], [ 14.703431472536751, 52.161645095140926 ], [ 14.716141891583931, 52.170010895863847 ], [ 14.701918069068943, 52.177324185631832 ], [ 14.695033921546624, 52.180814472826796 ], [ 14.693857934562642, 52.192344833736598 ], [ 14.692682512085947, 52.203875202500967 ], [ 14.698961375746338, 52.207914403992397 ], [ 14.711466248422957, 52.216133839379289 ], [ 14.710298653555492, 52.227664591085613 ], [ 14.709131584963972, 52.239195349189522 ], [ 14.707965041380593, 52.250726113679825 ], [ 14.694125544204496, 52.257828191359856 ], [ 14.673898757603663, 52.25722470888644 ], [ 14.666838722164183, 52.260794407459123 ], [ 14.652545425853637, 52.268124366437732 ], [ 14.63231393634924, 52.267523843735667 ], [ 14.625727932324901, 52.270849160260155 ], [ 14.610944774051141, 52.278425184064083 ], [ 14.590708491620196, 52.277828387491496 ], [ 14.584635226363556, 52.280890486993073 ], [ 14.583430861768877, 52.292419062604708 ], [ 14.582227234580776, 52.303947653749049 ], [ 14.581024336867943, 52.31547626016949 ], [ 14.565871421226015, 52.323230390099376 ], [ 14.559861812855022, 52.326254926599127 ], [ 14.558653609565241, 52.337783184697294 ], [ 14.557446150022841, 52.349311458934274 ], [ 14.556239423921394, 52.36083974896269 ], [ 14.555033420602369, 52.372368054421607 ], [ 14.55382812908711, 52.383896374937756 ], [ 14.538656664112136, 52.391646316509778 ], [ 14.532634982274882, 52.394669543338232 ], [ 14.538002117964819, 52.398123732124297 ], [ 14.551419636140205, 52.406953059593626 ], [ 14.550216411429938, 52.418481422935365 ], [ 14.549013852026066, 52.430009799740581 ], [ 14.554769304276304, 52.433709424390393 ], [ 14.575044872167931, 52.434625038916792 ], [ 14.587874853480411, 52.443042502835603 ], [ 14.594167740906558, 52.447082071119269 ], [ 14.606739972729649, 52.455319604510322 ], [ 14.605558150125152, 52.466849088821562 ], [ 14.61215174698342, 52.471077452388364 ], [ 14.62445297973721, 52.479124206640876 ], [ 14.631302276759648, 52.483513075682311 ], [ 14.643370139911012, 52.491396945838758 ], [ 14.642201958020085, 52.502927139392014 ], [ 14.628689173629018, 52.5098198732789 ], [ 14.620930328227978, 52.513713760893275 ], [ 14.619757028681095, 52.525243622854283 ], [ 14.618584171824075, 52.53677348954605 ], [ 14.617411748100018, 52.548303360647886 ], [ 14.624412751603197, 52.552783712354461 ], [ 14.63636740584221, 52.560578164806856 ], [ 14.635201704692745, 52.572108379355896 ], [ 14.621804761417474, 52.578931875657752 ], [ 14.61389698198448, 52.582892997271237 ], [ 14.612726197831567, 52.594422882898577 ], [ 14.611555801196678, 52.605952771409562 ], [ 14.597963334020289, 52.612869082922145 ], [ 14.590238078159901, 52.616732951728856 ], [ 14.576412345199888, 52.623764540468621 ], [ 14.55601984081251, 52.623139374326975 ], [ 14.548784278373477, 52.626753140745244 ], [ 14.534452649233115, 52.634036739864925 ], [ 14.52746748177708, 52.637522396941073 ], [ 14.512874236174985, 52.644935305045358 ], [ 14.506149787122803, 52.648287925437408 ], [ 14.491284568828544, 52.655835250417624 ], [ 14.47087707347494, 52.655216082045889 ], [ 14.464722210079557, 52.658280327421842 ], [ 14.463513037314696, 52.669807853967626 ], [ 14.448071333494397, 52.677640046812982 ], [ 14.44219468821237, 52.680562283425523 ], [ 14.440980490080866, 52.692089475288171 ], [ 14.425240951869224, 52.700066596203939 ], [ 14.419657148387861, 52.702839892160384 ], [ 14.403599703790105, 52.710973997214872 ], [ 14.398334709006972, 52.71358665572378 ], [ 14.397109982335884, 52.7251131675416 ], [ 14.380726933037778, 52.733405722291813 ], [ 14.375783343354012, 52.735855949488233 ], [ 14.359056519928039, 52.744318140251877 ], [ 14.354458445537633, 52.746595113666999 ], [ 14.33737456699601, 52.755233455565786 ], [ 14.333135744841542, 52.757330680343294 ], [ 14.315681028758002, 52.766151931079307 ], [ 14.311815720036023, 52.768062671009879 ], [ 14.293975857679326, 52.77707384300912 ], [ 14.273510303409354, 52.776477891393426 ], [ 14.270443735176473, 52.777991608004704 ], [ 14.269185735687381, 52.789516016878032 ], [ 14.250530415830887, 52.798929152827341 ], [ 14.247876860764443, 52.800237421905734 ], [ 14.228790038540723, 52.809863177696045 ], [ 14.226572834274597, 52.810955350754909 ], [ 14.207037815064666, 52.820801894895112 ], [ 14.186550100914985, 52.820224456455641 ], [ 14.185262251338353, 52.820857924111564 ], [ 14.164780300660345, 52.831173762573499 ], [ 14.14428651674932, 52.830608760031659 ], [ 14.144002139172102, 52.830748438025225 ], [ 14.1427097491687, 52.842270663956889 ], [ 14.141418032610723, 52.853792908997171 ], [ 14.141674916261643, 52.853958441505256 ], [ 14.160125955241009, 52.866133850272917 ], [ 14.158841790641223, 52.877656512137726 ], [ 14.15954889883861, 52.878111705077586 ], [ 14.177588870290547, 52.889996005805905 ], [ 14.157069458265308, 52.900312365626498 ], [ 14.156275312855847, 52.900701886071417 ], [ 14.154992990978794, 52.912224597869823 ], [ 14.153711277339834, 52.923747326151933 ], [ 14.152430171701395, 52.935270070950196 ], [ 14.151149675558521, 52.946792832367883 ], [ 14.149869792187383, 52.958315610581053 ], [ 14.150528486466076, 52.958739012116084 ], [ 14.168663556667921, 52.970657809488735 ], [ 14.169737621296182, 52.971347654679164 ], [ 14.190240862517312, 52.972428504532431 ], [ 14.207602291827824, 52.983812417714567 ], [ 14.209470119124891, 52.985010411507467 ], [ 14.22998326408716, 52.986066278420395 ], [ 14.246631493736034, 52.99695740874111 ], [ 14.249232398962102, 52.99862326821286 ], [ 14.265557119722583, 53.009288692543137 ], [ 14.268493721005751, 53.011168053934824 ], [ 14.289024009975158, 53.012189450291132 ], [ 14.304717451794398, 53.022419031589742 ], [ 14.308304897101443, 53.024711722690853 ], [ 14.323714837581436, 53.034743356861014 ], [ 14.32759783348272, 53.037222935866417 ], [ 14.342736986442358, 53.047065409979197 ], [ 14.34690278053864, 53.04972343640636 ], [ 14.361783329380497, 53.059385157324613 ], [ 14.360572099847602, 53.07091190599639 ], [ 14.364981584643539, 53.073722552464268 ], [ 14.37964825472123, 53.083229660468952 ], [ 14.378443782916912, 53.094756768297309 ], [ 14.377239941368089, 53.106283891482583 ], [ 14.376036757350278, 53.117811031124923 ], [ 14.380610314162119, 53.12072202678295 ], [ 14.395154593946357, 53.130127446135248 ], [ 14.393958315840431, 53.141654948208874 ], [ 14.377470584871118, 53.149921036952598 ], [ 14.372431448785498, 53.152392560798617 ], [ 14.371231201921589, 53.163919778616531 ], [ 14.370031774937974, 53.175447019412481 ], [ 14.374420521894228, 53.178237374218632 ], [ 14.389180948458934, 53.187765165719163 ], [ 14.387988725339659, 53.199292779680071 ], [ 14.392568227056895, 53.20220142899656 ], [ 14.40716694462037, 53.211608859567306 ], [ 14.405982034480559, 53.223136848582499 ], [ 14.41073661477806, 53.226153595948524 ], [ 14.42518893581293, 53.235450833586142 ], [ 14.43015315385156, 53.238598038272215 ], [ 14.444417741185667, 53.247762350448681 ], [ 14.449581602532245, 53.251033465530305 ], [ 14.463668079687848, 53.260071375029554 ], [ 14.447773636499644, 53.268028429732986 ], [ 14.442076805412048, 53.270819809551369 ], [ 14.425841749701977, 53.278942464349214 ], [ 14.420485727213981, 53.281564502536369 ], [ 14.419312885415307, 53.293093011275936 ], [ 14.418141335425737, 53.304621560851956 ], [ 14.416971134737476, 53.31615015352493 ], [ 14.415802343007314, 53.327678791639734 ], [ 14.414635022106481, 53.339207477627653 ], [ 14.413469236173038, 53.3507362140084 ], [ 14.396419469941053, 53.359247887478105 ], [ 14.391855903971688, 53.361475612493237 ], [ 14.395902238545467, 53.364036289036669 ], [ 14.411142537427796, 53.373793848482769 ], [ 14.39391854136846, 53.382388098144155 ], [ 14.38952227371745, 53.384532753615332 ], [ 14.388358183320452, 53.396061416974483 ], [ 14.387196012167697, 53.407590146249554 ], [ 14.386035840676174, 53.419118944609835 ], [ 14.384877752032015, 53.430647815333216 ], [ 14.383721832270256, 53.442176761809399 ], [ 14.382568170358971, 53.453705787543171 ], [ 14.364342380456762, 53.462781038672048 ], [ 14.360932610233956, 53.464439686078137 ], [ 14.359778849728411, 53.475968591210311 ], [ 14.35862767239065, 53.487497588962569 ], [ 14.357479181681912, 53.499026683426329 ], [ 14.338462991987658, 53.508483343455076 ], [ 14.335840942941035, 53.509756406345964 ], [ 14.334693449969476, 53.521285425710339 ], [ 14.333549024550422, 53.532814557480393 ], [ 14.313804605491493, 53.542623347804309 ], [ 14.311912846271271, 53.543540405034172 ], [ 14.310770404237058, 53.555069502857748 ], [ 14.312318141276892, 53.556047092505381 ], [ 14.330135376485691, 53.567402675770396 ], [ 14.329004465041841, 53.578932306535521 ], [ 14.32787726445869, 53.59046207524031 ], [ 14.326753916813672, 53.601991987522382 ], [ 14.325634569053229, 53.613522049211966 ], [ 14.304790284172268, 53.623861952499226 ], [ 14.303994110183929, 53.624247019307845 ], [ 14.302879161983682, 53.635777148405261 ], [ 14.301768761438332, 53.647307449528768 ], [ 14.30066307991811, 53.658837929504145 ], [ 14.296687171531028, 53.670255465229168 ], [ 14.299286992172979, 53.673263155167213 ], [ 14.307171801345731, 53.682241598756384 ], [ 14.317942739397116, 53.694044361388364 ], [ 14.318129038298105, 53.694245206575573 ], [ 14.329594957011112, 53.706267560338539 ], [ 14.336760990897348, 53.713519173686777 ], [ 14.341574575568121, 53.718308700849128 ], [ 14.354092359732558, 53.730369415814003 ], [ 14.355717657710661, 53.731892821858636 ], [ 14.367179043366955, 53.742450717928286 ], [ 14.37480175420095, 53.749254003121244 ], [ 14.380844267540093, 53.754552783409885 ], [ 14.393996552622385, 53.765744766673038 ], [ 14.395110886420225, 53.766676284188151 ], [ 14.410012567527863, 53.778822286789534 ], [ 14.413294310099708, 53.781426787431442 ], [ 14.425564443422505, 53.790991121979729 ], [ 14.432683621219695, 53.79639611961003 ], [ 14.441785685113652, 53.803183255742084 ], [ 14.452155751520037, 53.810725490828922 ], [ 14.458698112229413, 53.815399232761152 ], [ 14.471703576221707, 53.824473724660052 ], [ 14.476322142407479, 53.827639520271845 ], [ 14.491320645939787, 53.83769418381403 ], [ 14.494676058162598, 53.839904480324172 ], [ 14.511001114298661, 53.850435362645868 ], [ 14.513775199204822, 53.852194340076665 ], [ 14.530739673243666, 53.862741416634897 ], [ 14.533631093409367, 53.864509160805284 ], [ 14.550531495151709, 53.874652636530193 ], [ 14.554250546210223, 53.876848806556701 ], [ 14.570372180956111, 53.886205873833156 ], [ 14.575634715287007, 53.889212913618856 ], [ 14.590257713599803, 53.89743492340844 ], [ 14.597778204586325, 53.90160086220861 ], [ 14.610184416216972, 53.908370868252895 ], [ 14.620668218353305, 53.914011751959769 ], [ 14.630148914519021, 53.919042390788491 ], [ 14.644283821190603, 53.926444382905238 ], [ 14.65014810292706, 53.929476054464843 ], [ 14.668595353370348, 53.93889724365566 ], [ 14.67017911405234, 53.939696558945471 ], [ 14.690239343432767, 53.949726465817818 ], [ 14.693553910723598, 53.951368144202164 ], [ 14.71032610651411, 53.959589491920511 ], [ 14.719106842472684, 53.963854791864996 ], [ 14.730437023432044, 53.969306780775199 ], [ 14.745198366399981, 53.97635481983103 ], [ 14.750569926433313, 53.978897757600066 ], [ 14.770722725836734, 53.988381414687929 ], [ 14.771754077039404, 53.988865247219884 ], [ 14.790893125626328, 53.997779118642576 ], [ 14.798659622903894, 54.001381756343008 ], [ 14.811079482960787, 54.007106122021781 ], [ 14.82586276356419, 54.013902291329039 ], [ 14.831280072393207, 54.016378774230205 ], [ 14.851493064191709, 54.025614765298549 ], [ 14.8532586670272, 54.02642302570267 ], [ 14.871716368153773, 54.034834731667118 ], [ 14.880709830955018, 54.038939108900195 ], [ 14.891948955811875, 54.044048940568345 ], [ 14.908179015064661, 54.051449235680238 ], [ 14.91235207310484, 54.051617470884189 ], [ 14.933420004325516, 54.052464454977581 ], [ 14.953188737513321, 54.064545120532998 ], [ 14.953383472165601, 54.064664539516073 ], [ 14.974459139384306, 54.065505119284772 ], [ 14.994090690940627, 54.077486716542602 ], [ 14.99444083878404, 54.077701128434526 ], [ 15.015524195103827, 54.078535700999844 ], [ 15.036608678487301, 54.079365574547147 ], [ 15.055868548308609, 54.091101083462505 ], [ 15.056615074539852, 54.091557271360593 ], [ 15.077707192563746, 54.09238154707969 ], [ 15.098800413367586, 54.093201230234222 ], [ 15.117674029003254, 54.104683873274006 ], [ 15.118831422834379, 54.105389671759326 ], [ 15.139932239973813, 54.106204019099145 ], [ 15.161034142175065, 54.107013816566422 ], [ 15.179504284824173, 54.118234970893575 ], [ 15.181089711972144, 54.119199790960486 ], [ 15.202199187363629, 54.120004366348681 ], [ 15.220480278364773, 54.131099751057207 ], [ 15.222272800797503, 54.132189008267751 ], [ 15.243389842838356, 54.132988382732172 ], [ 15.264507954855718, 54.133783140516414 ], [ 15.282350021762722, 54.144597971301714 ], [ 15.284606104382787, 54.145966079879841 ], [ 15.305731782253577, 54.146755510172248 ], [ 15.326858525282324, 54.147540221748294 ], [ 15.347986329671382, 54.148320186459436 ], [ 15.369115191705966, 54.149095374549312 ], [ 15.390245107718833, 54.149865755012485 ], [ 15.406925935565894, 54.159953410514674 ], [ 15.41038737410409, 54.162044267437459 ], [ 15.431524869655469, 54.162808733171346 ], [ 15.452663417240844, 54.163568239239609 ], [ 15.473803013144181, 54.164322751139039 ], [ 15.494943653542276, 54.165072234793264 ], [ 15.516085334484609, 54.165816656804928 ], [ 15.531606684430445, 54.175181319473147 ], [ 15.536271930328168, 54.177988329596445 ], [ 15.557421213410727, 54.178726055724347 ], [ 15.578571533880476, 54.179458559634945 ], [ 15.593610880850726, 54.18852063271855 ], [ 15.598782934991364, 54.19162612773053 ], [ 15.619940874930972, 54.192351494151545 ], [ 15.641099847532461, 54.193071483449195 ], [ 15.662259847444878, 54.193786071392985 ], [ 15.676594592286767, 54.202408540659718 ], [ 15.682502745005495, 54.205946490186712 ], [ 15.70367037783527, 54.206653377827237 ], [ 15.72483903029924, 54.207354729331342 ], [ 15.746008696029664, 54.208050529596761 ], [ 15.759649308481503, 54.216240316665015 ], [ 15.76628321490397, 54.220202192614302 ], [ 15.787460519071102, 54.220889774728704 ], [ 15.800830960163594, 54.228908702075223 ], [ 15.807753479626763, 54.233036879790276 ], [ 15.828938430357333, 54.233715958317454 ], [ 15.850124377679165, 54.234389293820051 ], [ 15.863020823543643, 54.242111723881543 ], [ 15.87044248062351, 54.246528358674951 ], [ 15.891636073250071, 54.247192847448758 ], [ 15.912830647096849, 54.247851525190327 ], [ 15.934026193598829, 54.248504399549901 ], [ 15.955222704071764, 54.249151479995987 ], [ 15.976420169725898, 54.249792777691674 ], [ 15.997618581679401, 54.250428305369923 ], [ 16.018817930971345, 54.251058077209294 ], [ 16.030324378345725, 54.257919376518423 ], [ 16.039194560800759, 54.263170951942968 ], [ 16.060401498852492, 54.263791366488768 ], [ 16.081609354222579, 54.264406010337844 ], [ 16.092699691703448, 54.271006788277795 ], [ 16.10201126408861, 54.276508213159516 ], [ 16.123226689290096, 54.277113322980718 ], [ 16.13407988994744, 54.283563915258256 ], [ 16.143647245294687, 54.289208144185153 ], [ 16.154430994462736, 54.295611854588607 ], [ 16.164079802760408, 54.301299239211559 ], [ 16.185309456216363, 54.301890729938997 ], [ 16.195862967893184, 54.308148434927816 ], [ 16.205760704280856, 54.313973953837205 ], [ 16.216247481346741, 54.32018632568073 ], [ 16.226223990345197, 54.326053148268578 ], [ 16.236645354877101, 54.332220921498241 ], [ 16.246699329713135, 54.338128201072308 ], [ 16.257056788435225, 54.344252221374269 ], [ 16.267186737187782, 54.350199004555805 ], [ 16.277481973946987, 54.356280223985252 ], [ 16.287686227080776, 54.362265455502744 ], [ 16.297921095388702, 54.368304927698794 ], [ 16.308197813225171, 54.374327455125517 ], [ 16.318374328954299, 54.380326330583983 ], [ 16.317719243254107, 54.3918767791099 ], [ 16.327974213234313, 54.397879857473036 ], [ 16.338193115489602, 54.403895052251826 ], [ 16.348515475107519, 54.409932349521114 ], [ 16.358681528791983, 54.415910020155565 ], [ 16.358042462365955, 54.427460868616684 ], [ 16.368332095449247, 54.433472296983112 ], [ 16.378552182705931, 54.439472702922501 ], [ 16.388903132101444, 54.445514710380479 ], [ 16.399076841051809, 54.451481226227131 ], [ 16.39845454275833, 54.463032480780001 ], [ 16.408760136362432, 54.469041273675359 ], [ 16.419001147052324, 54.475037865061296 ], [ 16.429361042538243, 54.481073072533775 ], [ 16.439563061103442, 54.487039931422437 ], [ 16.438958297112471, 54.498591597828529 ], [ 16.449258589978882, 54.504585345917469 ], [ 16.459542778181063, 54.510590518457839 ], [ 16.469889456874107, 54.516606019432473 ], [ 16.491237084290564, 54.517137151330708 ], [ 16.501341949402629, 54.523026184140271 ], [ 16.511886906819583, 54.529147848452574 ], [ 16.521966374879305, 54.53501493922311 ], [ 16.532548983533445, 54.541153106676084 ], [ 16.553910835370132, 54.541668795203655 ], [ 16.5638278050636, 54.547429775005931 ], [ 16.574591878212498, 54.553663902721276 ], [ 16.59596121799219, 54.554168799782396 ], [ 16.617331331933201, 54.554667602810397 ], [ 16.626966666793919, 54.560249211317277 ], [ 16.638038029517272, 54.566647807484038 ], [ 16.65941558767506, 54.56713589902634 ], [ 16.680793891020627, 54.56761798784099 ], [ 16.702172928652555, 54.568094117718644 ], [ 16.72355268984515, 54.5685643309291 ], [ 16.744933164043065, 54.569028668247292 ], [ 16.766314340855992, 54.569487168979009 ], [ 16.775249105982866, 54.574631158466111 ], [ 16.787073299516962, 54.581433631286338 ], [ 16.808461809620184, 54.581881645862616 ], [ 16.829850995598296, 54.582323895209946 ], [ 16.838594925422093, 54.587342806093744 ], [ 16.850635506638611, 54.594255159358539 ], [ 16.872031985258086, 54.594686970746785 ], [ 16.893429113716866, 54.595113080705609 ], [ 16.914826882427075, 54.595533520711868 ], [ 16.923320825817743, 54.600389686951416 ], [ 16.935643535599752, 54.607444721772787 ], [ 16.9441627355328, 54.612308505085466 ], [ 16.956472478493247, 54.619349927152427 ], [ 16.965021583873924, 54.624223894428262 ], [ 16.977313719598566, 54.631249065855023 ], [ 16.985897513337761, 54.636135849961413 ], [ 16.998167267438948, 54.643142063351036 ], [ 17.006790673767195, 54.64804436668809 ], [ 17.01903313057754, 54.655028841230504 ], [ 17.027701223026, 54.659949439637529 ], [ 17.039911317624529, 54.666909316845185 ], [ 17.061349332209176, 54.66729541561233 ], [ 17.069998102147945, 54.672193429209301 ], [ 17.082246449127108, 54.679164643896321 ], [ 17.09095273855398, 54.684087990705969 ], [ 17.103155905828093, 54.691027364859977 ], [ 17.124607684785573, 54.691398036252536 ], [ 17.133315734939607, 54.696310514362054 ], [ 17.145536078090682, 54.703249224910998 ], [ 17.166995001171102, 54.703609291353608 ], [ 17.175718691392174, 54.708518605765533 ], [ 17.18794233071381, 54.715448763001795 ], [ 17.209408375170533, 54.715798178307118 ], [ 17.218162039191817, 54.720712236131796 ], [ 17.230374640695263, 54.72762572868276 ], [ 17.25184778396962, 54.727964434828628 ], [ 17.260646272441619, 54.732891376949631 ], [ 17.272832985326328, 54.739779837918149 ], [ 17.294313205027805, 54.740107763919376 ], [ 17.315793927645316, 54.740430011246318 ], [ 17.337275144762561, 54.740746589943953 ], [ 17.346068597173584, 54.74564872545276 ], [ 17.358292378327882, 54.752539194257061 ], [ 17.379780620690543, 54.752844868712167 ], [ 17.401269334890813, 54.753144859027564 ], [ 17.422758512763153, 54.753439168961393 ], [ 17.444248146213898, 54.7537278005952 ], [ 17.465738227217265, 54.754010754321911 ], [ 17.474556960707879, 54.758894832141642 ], [ 17.486800470759341, 54.765768962351274 ], [ 17.508297498489895, 54.766040753623621 ], [ 17.529794951817372, 54.766306821176038 ], [ 17.551292822888382, 54.766567158415242 ], [ 17.572791103899291, 54.766821756927953 ], [ 17.581753199999458, 54.77175714698221 ], [ 17.593891717388345, 54.778549408795428 ], [ 17.615396881608426, 54.778792509268555 ], [ 17.636902434124231, 54.779029795836209 ], [ 17.658408367235371, 54.779261252239593 ], [ 17.667586038022133, 54.784291547333218 ], [ 17.679540786937974, 54.790962603551471 ], [ 17.701053553566112, 54.791182190192352 ], [ 17.722566679181675, 54.791395844073982 ], [ 17.73199240255752, 54.796542886081156 ], [ 17.743724400376255, 54.803075695844896 ], [ 17.765244323243312, 54.803277115727475 ], [ 17.786764583358849, 54.803472476292512 ], [ 17.808285173037579, 54.803661745066343 ], [ 17.818057895729435, 54.80897267351753 ], [ 17.829474601299832, 54.815312432941255 ], [ 17.851001936938843, 54.815488917178818 ], [ 17.872529580072754, 54.815659147918986 ], [ 17.882663364009364, 54.821145496744244 ], [ 17.893744241696027, 54.82728564260708 ], [ 17.915278592459565, 54.827442562888976 ], [ 17.936813228193085, 54.827593036847823 ], [ 17.958348140983876, 54.827737011751381 ], [ 17.97988332287952, 54.827874431980462 ], [ 18.001418765881517, 54.828005238976402 ], [ 18.02295446193871, 54.828129371189611 ], [ 18.044490402940518, 54.82824676402992 ], [ 18.066026580709909, 54.828357349818837 ], [ 18.087562986996247, 54.828461057744917 ], [ 18.109099613467833, 54.828557813822606 ], [ 18.130636451704273, 54.828647540855521 ], [ 18.152173493188563, 54.828730158404952 ], [ 18.173710729299028, 54.828805582765071 ], [ 18.195248151300948, 54.828873726945027 ], [ 18.216785750338005, 54.828934500660303 ], [ 18.238323517423506, 54.828987810333864 ], [ 18.259861443431394, 54.829033559108851 ], [ 18.281399519087078, 54.829071646874695 ], [ 18.30293773495805, 54.82910197030796 ], [ 18.324476081444413, 54.829124422930477 ], [ 18.346014548769226, 54.82913889518624 ], [ 18.354681831122601, 54.824572421933901 ], [ 18.367731757361458, 54.817712803898736 ], [ 18.376430190161333, 54.813125747755514 ], [ 18.389436773909328, 54.806278694329507 ], [ 18.398158658029523, 54.801675088335315 ], [ 18.411129597722642, 54.794836694136265 ], [ 18.419867477503971, 54.790220453772577 ], [ 18.420253797483802, 54.778661933738462 ], [ 18.420632352967779, 54.767103353982691 ], [ 18.411603948196753, 54.762168170965403 ], [ 18.399696821801221, 54.755441139258181 ], [ 18.400062944055772, 54.743882504377488 ], [ 18.400422212882074, 54.732323813088691 ], [ 18.412126066557008, 54.726133456738992 ], [ 18.422074287920637, 54.720868464301866 ], [ 18.433769739144985, 54.714673688637006 ], [ 18.443708059781208, 54.709409172146856 ], [ 18.455401252509148, 54.703206824938391 ], [ 18.465323726118644, 54.697945945585943 ], [ 18.465649857389046, 54.686386871712045 ], [ 18.465969928268684, 54.674827748660221 ], [ 18.466284141690554, 54.663268577356725 ], [ 18.466592692038031, 54.651709358687796 ], [ 18.466895765533252, 54.640150093501475 ], [ 18.477756982398869, 54.634366286516347 ], [ 18.499192510173248, 54.634360139364041 ], [ 18.509703978615704, 54.628770345599072 ], [ 18.50999086035613, 54.617210889229291 ], [ 18.51027260397807, 54.605651389673724 ], [ 18.521032776825951, 54.599903232538715 ], [ 18.53178698612685, 54.594175852327517 ], [ 18.532055996322729, 54.582616221231604 ], [ 18.542707626118116, 54.576915915333103 ], [ 18.553546218814535, 54.57113671416981 ], [ 18.553802901548679, 54.559576956995826 ], [ 18.554055044474453, 54.548017160715403 ], [ 18.554302786520722, 54.536457325857938 ], [ 18.554546260974636, 54.524897452930631 ], [ 18.554785595724933, 54.51333754241967 ], [ 18.555020913493561, 54.501777594791058 ], [ 18.564969648346171, 54.496431828977499 ], [ 18.576450955770635, 54.490293732246535 ], [ 18.565100823446745, 54.484074567951211 ], [ 18.555479964452285, 54.478657589949336 ], [ 18.555703919185031, 54.467097533575199 ], [ 18.555924300411998, 54.455537441762907 ], [ 18.56545772226545, 54.450405612509201 ], [ 18.577326001922387, 54.444053274876801 ], [ 18.586912827057436, 54.438886623861684 ], [ 18.598712668263207, 54.432565266027801 ], [ 18.598915697725968, 54.421004993027346 ], [ 18.608465649148883, 54.415850079883917 ], [ 18.629786978772007, 54.415832525340079 ], [ 18.641441687844537, 54.409577750286807 ], [ 18.651206034460717, 54.404297643947245 ], [ 18.672521407732539, 54.404269213018878 ], [ 18.683933520939277, 54.398135458025536 ], [ 18.693922479258092, 54.392724643176528 ], [ 18.705254681981359, 54.386628404239602 ], [ 18.715311545557935, 54.381175242643849 ], [ 18.72656207047751, 54.375117546727147 ], [ 18.73668861191339, 54.369621156090439 ], [ 18.757986025625609, 54.369573271789008 ], [ 18.779283410343833, 54.369519554818126 ], [ 18.800580757776029, 54.369460042604651 ], [ 18.811215154420562, 54.363718600593451 ], [ 18.821927833842039, 54.357889069584189 ], [ 18.843219123727721, 54.357819915023413 ], [ 18.853582527298379, 54.35221642018066 ], [ 18.86454819243367, 54.346241233394657 ], [ 18.885833402730544, 54.346162903355335 ], [ 18.907118539125022, 54.346079215553111 ], [ 18.928403594101866, 54.345990256435826 ], [ 18.940294624333593, 54.35229045765638 ], [ 18.949674515608734, 54.357392084093277 ], [ 18.959066866506554, 54.352298283397424 ], [ 18.970973430605117, 54.345796913305634 ], [ 18.992258198031482, 54.345692745785918 ], [ 19.013542855885554, 54.345583740018732 ], [ 19.034827397718367, 54.345470026279926 ], [ 19.056111817362048, 54.345351743476741 ], [ 19.077396108951724, 54.34522903892092 ], [ 19.098680266946452, 54.345102068013773 ], [ 19.119964286148921, 54.344970993839361 ], [ 19.141248161723556, 54.344835986663099 ], [ 19.162531889212744, 54.344697223335203 ], [ 19.183815464550698, 54.344554886598807 ], [ 19.198242987892456, 54.352142428644477 ], [ 19.205155985788625, 54.355875056175321 ], [ 19.226445155806527, 54.355723296245841 ], [ 19.247734160673694, 54.355568503244029 ], [ 19.269022997952433, 54.355410879816489 ], [ 19.290311665634484, 54.355250630076512 ], [ 19.306005055136819, 54.363478378698872 ], [ 19.31168681483506, 54.366536041166789 ], [ 19.332981033917001, 54.366368098582832 ], [ 19.354275076551513, 54.366198130580081 ], [ 19.375568942403198, 54.366026341411079 ], [ 19.392323596926552, 54.374789768037047 ], [ 19.396972885123766, 54.377285020363814 ], [ 19.418272281036682, 54.377107041365278 ], [ 19.435686276053119, 54.38620212834185 ], [ 19.439693556792175, 54.388349589199969 ], [ 19.460998474058687, 54.388166151172115 ], [ 19.479084216599297, 54.397598797219921 ], [ 19.482437065068389, 54.399392855232648 ], [ 19.503747497862634, 54.399204696162911 ], [ 19.522515441658395, 54.408979751543448 ], [ 19.525203388029087, 54.410415868508906 ], [ 19.54651933325335, 54.410223717943701 ], [ 19.565977964189248, 54.420344971049929 ], [ 19.567992508114898, 54.421419683317133 ], [ 19.587971029541755, 54.43180097887565 ], [ 19.589477268890818, 54.432603800011726 ], [ 19.609991426497341, 54.443252852490957 ], [ 19.610973607153756, 54.443775880845848 ], [ 19.632039527717609, 54.454700576742361 ], [ 19.632481513920393, 54.454935730174242 ], [ 19.632916179280485, 54.454695988658081 ], [ 19.653639088649065, 54.443373778964002 ], [ 19.674971575413796, 54.443173705330381 ], [ 19.696303897005009, 54.442974372738909 ], [ 19.71763605629457, 54.442775824652593 ], [ 19.738968055907776, 54.442578085827598 ], [ 19.753918989738473, 54.4424405382698 ], [ 19.760280829132693, 54.44135164202121 ], [ 19.781551874185784, 54.437998548902549 ], [ 19.802824947544998, 54.43492497082422 ], [ 19.824066804140781, 54.430452697389704 ], [ 19.839178154711281, 54.430317232596295 ], [ 19.845378170806981, 54.429580101806565 ], [ 19.866658896192231, 54.427296676895622 ], [ 19.887942438915985, 54.425251183065527 ], [ 19.90922894032602, 54.423433285491853 ], [ 19.930518521427029, 54.421832692336537 ], [ 19.951811283790747, 54.420439189042 ], [ 19.973072657821429, 54.417779723680354 ], [ 19.994391107677174, 54.417590350976205 ], [ 20.015709394482553, 54.417400538803783 ], [ 20.015724569472546, 54.41740040462178 ], [ 20.037015621377869, 54.416738965049042 ], [ 20.058325251561374, 54.416234348775269 ], [ 20.079638298379724, 54.415877873464787 ], [ 20.100954754600675, 54.415660633693442 ], [ 20.122274601712409, 54.415573984330585 ], [ 20.143300007438658, 54.404907326039798 ], [ 20.164611177935225, 54.404710962584886 ], [ 20.185922149200863, 54.40451295487685 ], [ 20.207232915735986, 54.404313170414731 ], [ 20.22854347185941, 54.404111479814418 ], [ 20.249853811728777, 54.403907757214036 ], [ 20.271163929360203, 54.403701880614499 ], [ 20.292473818647089, 54.403493732158054 ], [ 20.293016574258719, 54.4031883235549 ], [ 20.313421039858827, 54.391940659998127 ], [ 20.334724575992261, 54.39172763500428 ], [ 20.356027863708231, 54.391511972336964 ], [ 20.377330896632724, 54.391293575791643 ], [ 20.398633668348989, 54.391072353766177 ], [ 20.419936172408928, 54.390848219245548 ], [ 20.421107058530211, 54.390186762444685 ], [ 20.440840714443443, 54.379270977336645 ], [ 20.462136780263535, 54.379040593341728 ], [ 20.483432558209227, 54.378807043042038 ], [ 20.504728041860137, 54.378570259477002 ], [ 20.52602322480427, 54.378330179646426 ], [ 20.54731810064251, 54.378086744357731 ], [ 20.568612662992233, 54.377839898061737 ], [ 20.589906905490022, 54.377589588679321 ], [ 20.591836246866116, 54.376494026980566 ], [ 20.610756091155633, 54.365976992835279 ], [ 20.632043787772467, 54.365719343061336 ], [ 20.653331145301397, 54.365458089530144 ], [ 20.674618157522023, 54.365193193583295 ], [ 20.695904818234656, 54.364924619002778 ], [ 20.717191121259138, 54.364652331830456 ], [ 20.738477060433155, 54.364376300190585 ], [ 20.759762629610275, 54.364096494116531 ], [ 20.781047822657534, 54.363812885382323 ], [ 20.80233263345286, 54.363525447339953 ], [ 20.805124607260222, 54.36192989229346 ], [ 20.823113511538356, 54.351866197442277 ], [ 20.84439165295684, 54.351570780479818 ], [ 20.865669393998566, 54.351271468542826 ], [ 20.886946728593607, 54.350968240363869 ], [ 20.908223650666116, 54.350661075492354 ], [ 20.929500154131041, 54.350349954179094 ], [ 20.950776232890842, 54.350034857268618 ], [ 20.972051880832232, 54.349715766099237 ], [ 20.993327091822991, 54.349392662410665 ], [ 21.014601859708883, 54.34906552825943 ], [ 21.035876178310616, 54.348734345941267 ], [ 21.057150041420993, 54.348399097921138 ], [ 21.078423442802148, 54.348059766769985 ], [ 21.099696376182951, 54.347716335108139 ], [ 21.103480990996058, 54.345534309947809 ], [ 21.120383004194554, 54.335992005046151 ], [ 21.141649103439992, 54.335640206932815 ], [ 21.162914716316358, 54.335284266839643 ], [ 21.184179836425905, 54.334924167317439 ], [ 21.205444457327065, 54.334559890766549 ], [ 21.226708572532885, 54.334191419415475 ], [ 21.231049707854645, 54.331678660472178 ], [ 21.247351192981661, 54.322435578408673 ], [ 21.268608403807765, 54.322058623405496 ], [ 21.285769817225823, 54.330654048092875 ], [ 21.290497818400581, 54.333060655933238 ], [ 21.311759845003284, 54.332675223703546 ], [ 21.333021332752452, 54.332285504759582 ], [ 21.354282274865113, 54.331891480055532 ], [ 21.375542664506213, 54.331493130318954 ], [ 21.380125839219975, 54.328828862143503 ], [ 21.396140417568798, 54.319707248742461 ], [ 21.417393814733206, 54.319300234885709 ], [ 21.438646639664974, 54.318888849604996 ], [ 21.459898885351013, 54.31847307293291 ], [ 21.481150544725161, 54.318052884698901 ], [ 21.502401610667945, 54.3176282645341 ], [ 21.523652076006361, 54.31719919187578 ], [ 21.544901933513636, 54.3167656459715 ], [ 21.566151175908935, 54.316327605882186 ], [ 21.582940008973285, 54.32465538247655 ], [ 21.588114633191061, 54.327267359241496 ], [ 21.609368479234234, 54.326820100095958 ], [ 21.630621686583275, 54.32636826803266 ], [ 21.651874247691975, 54.325911841093323 ], [ 21.673126154956165, 54.325450797118442 ], [ 21.69437740071286, 54.324985113741953 ], [ 21.715627977239247, 54.324514768383878 ], [ 21.73687787675156, 54.324039738241339 ], [ 21.758127091403736, 54.323560000277297 ], [ 21.779375613285964, 54.323075531207451 ], [ 21.796409702285974, 54.331458865413964 ], [ 21.801396906645881, 54.333960442411772 ], [ 21.82264985951695, 54.333466108486668 ], [ 21.843902093516338, 54.332966953224769 ], [ 21.865153600395768, 54.332462951727628 ], [ 21.886404371830576, 54.331954078732579 ], [ 21.907654399416828, 54.331440308585769 ], [ 21.92890367466827, 54.330921615212851 ], [ 21.950152189012996, 54.330397972087475 ], [ 21.971399933789854, 54.32986935219747 ], [ 21.99264690024458, 54.32933572800863 ], [ 22.013893079525641, 54.328797071426379 ], [ 22.035138462679825, 54.328253353754981 ], [ 22.056383040647514, 54.327704545654505 ], [ 22.073964694048833, 54.336268028402309 ], [ 22.078476165869386, 54.338512749626297 ], [ 22.09972491510532, 54.337953044157381 ], [ 22.120972828195551, 54.33738812895249 ], [ 22.142219895495021, 54.33681797084278 ], [ 22.163466107219882, 54.336242535735209 ], [ 22.184711453440627, 54.335661788554503 ], [ 22.205955924074864, 54.33507569318261 ], [ 22.227199508879693, 54.334484212395559 ], [ 22.248442197443723, 54.333887307798079 ], [ 22.269683979178655, 54.333284939755302 ], [ 22.290924843310464, 54.332677067322088 ], [ 22.312164778870102, 54.332063648169438 ], [ 22.330726121447299, 54.341014635600615 ], [ 22.334322731723205, 54.342790804462922 ], [ 22.355566539499712, 54.342165130246151 ], [ 22.376809379731561, 54.341533733522034 ], [ 22.398051240394295, 54.340896564361003 ], [ 22.419292109208008, 54.340253570987947 ], [ 22.440531973624765, 54.339604699688095 ], [ 22.459997994962986, 54.348941225178066 ], [ 22.462724364117253, 54.350282376134103 ], [ 22.483967910377022, 54.34962026267452 ], [ 22.505210406740197, 54.348952047862106 ], [ 22.526451839221124, 54.34827766754637 ], [ 22.547692193484217, 54.34759705504171 ], [ 22.568931454826899, 54.346910141005409 ], [ 22.590169608161712, 54.346216853310381 ], [ 22.611406637997501, 54.345517116912454 ], [ 22.632642528419762, 54.344810853711905 ], [ 22.653629055770473, 54.354796261949794 ], [ 22.654882162590241, 54.355409182160813 ], [ 22.676121385775978, 54.354687741541341 ], [ 22.697359410267413, 54.353959450636864 ], [ 22.718596217900007, 54.353224215165305 ], [ 22.739831789957154, 54.352481936896538 ], [ 22.761066107143108, 54.351732513466487 ], [ 22.782931876271185, 54.357854541975023 ], [ 22.803756115205502, 54.352646961852621 ], [ 22.814776790078298, 54.34980380480129 ], [ 22.824560427845679, 54.347279797065816 ], [ 22.845344475956125, 54.341751899330674 ], [ 22.863811493345903, 54.336672283620523 ], [ 22.866105914347123, 54.336040775890424 ], [ 22.886847286507539, 54.330176152591804 ], [ 22.907564214870941, 54.324114228643019 ], [ 22.909141890682431, 54.323640525608987 ], [ 22.928259946647813, 54.317891999961269 ], [ 22.948930100917011, 54.311466156581041 ], [ 22.951352593200635, 54.310693594982794 ], [ 22.969577535639083, 54.304869359862849 ], [ 22.990198043240959, 54.298060657568222 ], [ 22.99091157856957, 54.297819313638854 ], [ 23.01079480264103, 54.291075787800487 ], [ 23.028122377922639, 54.285010182522484 ], [ 23.031363390758344, 54.28387204877248 ], [ 23.051906158532098, 54.276476484351733 ], [ 23.063293011889002, 54.272258019685651 ], [ 23.072420338027758, 54.268863766505511 ], [ 23.092905669223033, 54.261034314098957 ], [ 23.096681722953534, 54.259555856042141 ], [ 23.113362612016267, 54.252995746420169 ], [ 23.12843294420891, 54.246900247504271 ], [ 23.133788425387174, 54.244723563843252 ], [ 23.154183754094742, 54.236227358294073 ], [ 23.15873454715237, 54.234286022481321 ], [ 23.17454789363725, 54.227503180339205 ], [ 23.187707812045993, 54.221710077035816 ], [ 23.194878874376588, 54.218534676390696 ], [ 23.21517615331403, 54.209319758974829 ], [ 23.215503443338896, 54.20916810997911 ], [ 23.235440612361405, 54.19987026868867 ], [ 23.242163058661905, 54.196659487932862 ], [ 23.255669647684133, 54.190163943958488 ], [ 23.267828521521192, 54.184179948956057 ], [ 23.275862542136387, 54.180197150547002 ], [ 23.292569923523537, 54.171727642434846 ], [ 23.296018546678859, 54.169965990098937 ], [ 23.316136969532586, 54.159467159991003 ], [ 23.316449601577069, 54.159300914724462 ], [ 23.336217660915132, 54.148702569531501 ], [ 23.339514787602546, 54.146898587370991 ], [ 23.356258840505507, 54.137658565691098 ], [ 23.361838775739507, 54.134518481509701 ], [ 23.376259663945397, 54.126330566753325 ], [ 23.383469216673664, 54.122159283229443 ], [ 23.396219263704801, 54.114713824571815 ], [ 23.404449734708443, 54.109819778409758 ], [ 23.416136751181693, 54.10280344637286 ], [ 23.424820265232508, 54.097498846454243 ], [ 23.436011218824529, 54.090594416154111 ], [ 23.44461736099279, 54.085195454364822 ], [ 23.455841742237851, 54.07808161532904 ], [ 23.463874470271648, 54.07290865115548 ], [ 23.475627382225611, 54.065259842225636 ], [ 23.482622189729103, 54.060637562600377 ], [ 23.495367186721506, 54.052123830010721 ], [ 23.500888494371889, 54.048381386307391 ], [ 23.515060192550472, 54.038668262577012 ], [ 23.514872476039791, 54.036283404275046 ], [ 23.513959280619964, 54.024744972283138 ], [ 23.513526294809786, 54.024536612683491 ], [ 23.492348267202058, 54.013983301052555 ], [ 23.491416438677376, 54.002445498308695 ], [ 23.489924164836211, 54.00172649585619 ], [ 23.469772115429524, 53.991681292301067 ], [ 23.468823812480743, 53.980144030337499 ], [ 23.486417463554311, 53.96917552198525 ], [ 23.488573500544184, 53.967833825618513 ], [ 23.506195900300035, 53.956833847291513 ], [ 23.508304030247874, 53.955520865034458 ], [ 23.507334784873873, 53.943984494366923 ], [ 23.506358599399494, 53.932448377685716 ], [ 23.505375709835686, 53.920912506029367 ], [ 23.504386342990291, 53.909376870783873 ], [ 23.503390716844464, 53.897841463668733 ], [ 23.519798807242282, 53.887568883706209 ], [ 23.523070416119598, 53.885527258351182 ], [ 23.522062612828222, 53.873992367640788 ], [ 23.521049024633708, 53.862457688149334 ], [ 23.537056544241626, 53.852417021341608 ], [ 23.540698599921132, 53.85014130250039 ], [ 23.539673551840757, 53.838607117297229 ], [ 23.538643142973097, 53.827073128153167 ], [ 23.537607545784031, 53.815539328447166 ], [ 23.536566926095553, 53.804005711811719 ], [ 23.535521443345154, 53.792472272122907 ], [ 23.53447125083364, 53.780939003490971 ], [ 23.533416495961806, 53.769405900251321 ], [ 23.548094173647769, 53.760167074174376 ], [ 23.553008918786531, 53.75708874649316 ], [ 23.567756493934969, 53.747795169475246 ], [ 23.57258425155133, 53.744768817029765 ], [ 23.571514249213983, 53.733236438331438 ], [ 23.586160806864076, 53.723992901631419 ], [ 23.591067198817949, 53.720914020902065 ], [ 23.589987716781522, 53.709382075809202 ], [ 23.588904145343694, 53.69785028035497 ], [ 23.587816604154227, 53.686318629870357 ], [ 23.586725208231897, 53.674787119865435 ], [ 23.600796670160456, 53.66588508266112 ], [ 23.606240545562301, 53.662463053498421 ], [ 23.605140291036804, 53.650931958430668 ], [ 23.604036404594396, 53.639400995864357 ], [ 23.602928986690728, 53.627870161855036 ], [ 23.616642972925899, 53.619176260033754 ], [ 23.622412418106567, 53.615544173081716 ], [ 23.621296524823084, 53.60401374341167 ], [ 23.62017728707756, 53.592483435620025 ], [ 23.63370895009135, 53.583890078927176 ], [ 23.639634088468057, 53.58015525564619 ], [ 23.638506598578893, 53.568625346946099 ], [ 23.637375927645877, 53.557095554301881 ], [ 23.650746698875764, 53.548589524681468 ], [ 23.656806178687042, 53.544765196058925 ], [ 23.655667434303229, 53.53323579885803 ], [ 23.654525650590458, 53.521706512684453 ], [ 23.667756326871384, 53.513274894385702 ], [ 23.673929351106899, 53.509373992068049 ], [ 23.672779630874587, 53.497845099212071 ], [ 23.671626992961762, 53.48631631309479 ], [ 23.684737929441365, 53.477946373419755 ], [ 23.691004064435749, 53.473981648991206 ], [ 23.689843587567793, 53.462453255523933 ], [ 23.688680296007959, 53.450924965200628 ], [ 23.701691590066478, 53.442604039923673 ], [ 23.708030582651439, 53.438588179527073 ], [ 23.706859512344383, 53.427060282592734 ], [ 23.719889637419723, 53.418715248511262 ], [ 23.726187826557954, 53.414721104770081 ], [ 23.725008982206404, 53.403193603624686 ], [ 23.723827428440167, 53.391666202391825 ], [ 23.736790983063774, 53.383349056113858 ], [ 23.743128485133578, 53.379324950795969 ], [ 23.741939157457644, 53.367797948415614 ], [ 23.754944186829952, 53.359441967457229 ], [ 23.761217748648804, 53.355454348828623 ], [ 23.76002061034718, 53.343927749346228 ], [ 23.758820824200239, 53.33240124821593 ], [ 23.771793364616091, 53.324051100719231 ], [ 23.778071444536995, 53.320055632910012 ], [ 23.776863789990234, 53.308529540054714 ], [ 23.775653521142992, 53.29700354460627 ], [ 23.788614827337735, 53.28864540344496 ], [ 23.794875662401385, 53.284655950396505 ], [ 23.793657433673545, 53.273130369971653 ], [ 23.806698896343267, 53.264707879687329 ], [ 23.812855971013477, 53.260780512641063 ], [ 23.81162968036729, 53.249255353989604 ], [ 23.824762592668971, 53.240760923262926 ], [ 23.830804186990985, 53.236903262862619 ], [ 23.844104853112206, 53.228290149834621 ], [ 23.849959803506007, 53.224548634832878 ], [ 23.848719720552563, 53.213024239958855 ], [ 23.862131763027946, 53.204325607201113 ], [ 23.867850438113265, 53.200667436033996 ], [ 23.866601917987108, 53.189143485821226 ], [ 23.880138262861877, 53.180350559650577 ], [ 23.900748127591676, 53.179345025973284 ], [ 23.906052493188188, 53.175946394359016 ], [ 23.904792331507352, 53.164423140141764 ], [ 23.903529277424806, 53.152899998145443 ], [ 23.902263348476552, 53.14137696756562 ], [ 23.900994559769583, 53.129854047698075 ], [ 23.894755958391684, 53.126816267894561 ], [ 23.879393675025369, 53.119168134057013 ], [ 23.878122675262293, 53.107645171084847 ], [ 23.876848930973328, 53.096122313211232 ], [ 23.875572446516866, 53.084599560177494 ], [ 23.874293223847918, 53.073076911823442 ], [ 23.887655495333657, 53.064357403409957 ], [ 23.893322311713312, 53.060718826667774 ], [ 23.892033722746234, 53.049196670515101 ], [ 23.905589057748628, 53.040336716384274 ], [ 23.911034700567189, 53.036836600871631 ], [ 23.909736455176379, 53.02531495193201 ], [ 23.923502067036512, 53.016302691579227 ], [ 23.928708475319095, 53.012952947430811 ], [ 23.927400253526738, 53.001431822082935 ], [ 23.926088995292869, 52.989910815048219 ], [ 23.924774684017898, 52.978389926926759 ], [ 23.938759613589355, 52.969211412130093 ], [ 23.943702134354417, 52.966026892150623 ], [ 23.942377243123701, 52.954506556914573 ], [ 23.936767249073505, 52.95176607496628 ], [ 23.920813223102222, 52.943827983808589 ], [ 23.91948647621199, 52.932307579708329 ], [ 23.918156549770263, 52.920787299313965 ], [ 23.916823409415652, 52.909267143956569 ], [ 23.915487017631246, 52.897747115096799 ], [ 23.914147333678869, 52.886227214327491 ], [ 23.912804313529495, 52.874707443376408 ], [ 23.911457909789643, 52.863187804109209 ], [ 23.910108071623618, 52.851668298532466 ], [ 23.924313013277388, 52.842302514530246 ], [ 23.928946327492532, 52.839310336899736 ], [ 23.92758409768954, 52.827791464992252 ], [ 23.92621817242026, 52.816272738029078 ], [ 23.924848485664445, 52.804754158646851 ], [ 23.939504176266642, 52.795065743689349 ], [ 23.943632912970784, 52.792395630449946 ], [ 23.942249764597513, 52.780877734319404 ], [ 23.940862539020827, 52.769359999363573 ], [ 23.939471152717964, 52.757842428948244 ], [ 23.938075517634537, 52.746325026625257 ], [ 23.936675541054782, 52.734807796137815 ], [ 23.935271125466112, 52.723290741425835 ], [ 23.933862168417843, 52.711773866631631 ], [ 23.929845737250748, 52.709799488300121 ], [ 23.912339085475161, 52.70109410472984 ], [ 23.908133679275807, 52.699025006146734 ], [ 23.890812276221034, 52.690410748443398 ], [ 23.886433152501802, 52.688254278415869 ], [ 23.869282239814932, 52.679723773843612 ], [ 23.864744108022659, 52.677487030846748 ], [ 23.847749439189936, 52.669033158844648 ], [ 23.843066499801459, 52.66672300936942 ], [ 23.82621430330267, 52.658338883079466 ], [ 23.821400284476233, 52.655961978857853 ], [ 23.804677229229814, 52.647640927784579 ], [ 23.799745421179352, 52.645203721968173 ], [ 23.783138584124899, 52.636939275692455 ], [ 23.781737641710507, 52.625420953382537 ], [ 23.776852675712881, 52.623003993930141 ], [ 23.760199581521505, 52.614715354682531 ], [ 23.755226796180835, 52.612252781734902 ], [ 23.734848568743921, 52.612943664030254 ], [ 23.714469981605827, 52.613635710404154 ], [ 23.694091013110764, 52.614328740390285 ], [ 23.673711642823612, 52.61502258181725 ], [ 23.653331851466454, 52.615717070393188 ], [ 23.637853776482743, 52.608004651222139 ], [ 23.631741178401434, 52.604966525668871 ], [ 23.611365699935082, 52.605660809011205 ], [ 23.596119061408107, 52.598060587432464 ], [ 23.589790862927632, 52.594910789734584 ], [ 23.569419639774864, 52.595604370659714 ], [ 23.554376555077095, 52.58810235063784 ], [ 23.547860571077333, 52.584854433383121 ], [ 23.532829621751684, 52.577356744919832 ], [ 23.526312525121458, 52.574105427550116 ], [ 23.511284279598723, 52.566607301304785 ], [ 23.504775481087727, 52.563357281019222 ], [ 23.48441781829451, 52.56404711936635 ], [ 23.469538984886785, 52.556619895665712 ], [ 23.468198851304791, 52.545096880124916 ], [ 23.461734320154914, 52.541863314282892 ], [ 23.446658976232822, 52.534335893788054 ], [ 23.440230166043953, 52.531117385210976 ], [ 23.425121116298975, 52.523571051919959 ], [ 23.418736939292014, 52.520372096688632 ], [ 23.403585350945164, 52.512802351291889 ], [ 23.397254623087935, 52.509627408926136 ], [ 23.382051750775858, 52.502029789062078 ], [ 23.380712212866911, 52.490506094909072 ], [ 23.374647378446561, 52.487460885209451 ], [ 23.359182043792835, 52.47972946164036 ], [ 23.357838047269226, 52.468205755392063 ], [ 23.352064683828129, 52.465303453003671 ], [ 23.336311091534796, 52.457425057188644 ], [ 23.334962154734615, 52.445901353706368 ], [ 23.329506514723438, 52.443155518771505 ], [ 23.313438174788164, 52.435116597158867 ], [ 23.312083793524909, 52.4235929118543 ], [ 23.31072295416606, 52.412069447593183 ], [ 23.305860379143173, 52.409618431490408 ], [ 23.289202186586085, 52.401280452579961 ], [ 23.284463662937316, 52.398889890299372 ], [ 23.267683390367644, 52.390487600082245 ], [ 23.2663165297318, 52.378963999039613 ], [ 23.261978937759164, 52.376773116754883 ], [ 23.24479992781156, 52.368167108875895 ], [ 23.243426001173106, 52.356643574432397 ], [ 23.239518652043099, 52.354667672583751 ], [ 23.2219113302145, 52.345842653033458 ], [ 23.220529772559949, 52.334319201587796 ], [ 23.217082784614082, 52.332574041850407 ], [ 23.199016779864884, 52.323514254718617 ], [ 23.197627021691574, 52.311990902505912 ], [ 23.194671313148987, 52.310492706037166 ], [ 23.176115473781042, 52.301181934970444 ], [ 23.174716947037567, 52.289658697847912 ], [ 23.191649311867341, 52.278548430498027 ], [ 23.193407587573294, 52.277422530873636 ], [ 23.191983563216937, 52.265900330602761 ], [ 23.190550340286446, 52.254378440177845 ], [ 23.189107656625595, 52.24285686865332 ], [ 23.18765524581411, 52.231335625223608 ], [ 23.197594195103207, 52.219409070708224 ], [ 23.185866302341076, 52.217250957396104 ], [ 23.165256084170604, 52.213578864539159 ], [ 23.144661288527576, 52.210033976420469 ], [ 23.143060185105277, 52.209766583600789 ], [ 23.124078007422401, 52.20657613852547 ], [ 23.103508701694622, 52.203233389987197 ], [ 23.084461050838492, 52.200240132877539 ], [ 23.0829527924014, 52.200001231563405 ], [ 23.062406780379231, 52.196843088516964 ], [ 23.041873408581225, 52.193790331536036 ], [ 23.021352153663187, 52.190838843196097 ], [ 23.000839163353426, 52.187947387795916 ], [ 22.980337407717322, 52.185150144014045 ], [ 22.959846425572731, 52.182443441698169 ], [ 22.95308188093335, 52.181577346083365 ], [ 22.939363602198675, 52.179799193430192 ], [ 22.918889709395067, 52.177227184368597 ], [ 22.898425414925011, 52.174736219620456 ], [ 22.879155975024812, 52.172462955704347 ], [ 22.877970146587806, 52.172321053079152 ], [ 22.857520843619859, 52.169947591859355 ], [ 22.837080107640794, 52.167646730237706 ], [ 22.816647591733016, 52.16541562216478 ], [ 22.798693033674326, 52.163513459965159 ], [ 22.796222606893739, 52.163247343117909 ], [ 22.775802683903688, 52.1611138085403 ], [ 22.755390108250158, 52.159042726133158 ], [ 22.73498458152055, 52.157031590353398 ], [ 22.714585816298143, 52.155077970360473 ], [ 22.710939079256448, 52.154739225910646 ], [ 22.69419133058372, 52.153152902731229 ], [ 22.673802663427747, 52.151275556161906 ], [ 22.653420035568534, 52.149449447900494 ], [ 22.633043194524362, 52.147672367626718 ], [ 22.615093161667541, 52.146148547535851 ], [ 22.612671595689026, 52.145938448469458 ], [ 22.592303150080536, 52.144222519388606 ], [ 22.571939854106866, 52.1425498269233 ], [ 22.55158148042684, 52.140918282498617 ], [ 22.531227807099857, 52.139325816272361 ], [ 22.510878617021188, 52.137770370599291 ], [ 22.510489965116747, 52.137741503789968 ], [ 22.4905314907001, 52.136221695939575 ], [ 22.470188451741496, 52.134705936488913 ], [ 22.449849335324974, 52.133221562137962 ], [ 22.429513936292604, 52.131766480882384 ], [ 22.409182051764056, 52.130338579628749 ], [ 22.396978395414795, 52.129499121124788 ], [ 22.388852647701249, 52.128924750519857 ], [ 22.368525163507709, 52.127517836975613 ], [ 22.348200653440241, 52.126132028902717 ], [ 22.327878917086878, 52.124765041359638 ], [ 22.307559754149153, 52.123414533960414 ], [ 22.287242964061864, 52.122078104037108 ], [ 22.276079519104503, 52.121353349715491 ], [ 22.266927482521435, 52.120741487422762 ], [ 22.246612964300894, 52.119399945852315 ], [ 22.226300260659524, 52.118065175624139 ], [ 22.20598916445535, 52.116734434201767 ], [ 22.185679466729326, 52.115404882897735 ], [ 22.165370956468038, 52.114073580452768 ], [ 22.151694290148971, 52.113177134886975 ], [ 22.145062826329347, 52.11272904264117 ], [ 22.124754263030116, 52.111359398941715 ], [ 22.104446277075365, 52.10997870019704 ], [ 22.084138645339007, 52.108583507427895 ], [ 22.063831141934894, 52.107170249421067 ], [ 22.04352353817135, 52.10573521762273 ], [ 22.030348178230906, 52.104791746301188 ], [ 22.023214970234147, 52.104265218911273 ], [ 22.002904689643884, 52.102748415538784 ], [ 21.982593632420617, 52.101197875254087 ], [ 21.962281557137292, 52.09960926946902 ], [ 21.941968219987167, 52.097978112768132 ], [ 21.921653374983421, 52.096299760425822 ], [ 21.91861548641997, 52.096043870170483 ], [ 21.901335194978685, 52.094545082706382 ], [ 21.881014749843661, 52.092729058216904 ], [ 21.860692067192929, 52.090850811954184 ], [ 21.840366894034162, 52.088905027730299 ], [ 21.820038976989764, 52.086886228165731 ], [ 21.819958358165795, 52.086878018327397 ], [ 21.79970609778908, 52.084757399320303 ], [ 21.779369977958119, 52.082543807326246 ], [ 21.759030373324549, 52.080239615256048 ], [ 21.738687033727984, 52.077838712527075 ], [ 21.734468540918687, 52.077324884697028 ], [ 21.718338040166397, 52.075307346470176 ], [ 21.69798439625967, 52.072659183261528 ], [ 21.677626303793293, 52.069894914223063 ], [ 21.660370904129067, 52.067453204824332 ], [ 21.657263185103652, 52.067002128717249 ], [ 21.636893251043404, 52.063947469444734 ], [ 21.616518202402229, 52.060756209368449 ], [ 21.596137822858935, 52.057421377633432 ], [ 21.595597034224145, 52.057330036530793 ], [ 21.57574959259021, 52.053895748161878 ], [ 21.555355588540401, 52.050211090741243 ], [ 21.53835479216179, 52.047009362036825 ], [ 21.534955269945847, 52.046353978833118 ], [ 21.514546800438421, 52.042287467461513 ], [ 21.49413211605399, 52.03804112008622 ], [ 21.487134722753083, 52.036534016403927 ], [ 21.473709350904134, 52.033576645393346 ], [ 21.453279200018226, 52.028901218417701 ], [ 21.440794983303991, 52.025935500158425 ], [ 21.43284138135558, 52.024004260888944 ], [ 21.412395187123273, 52.018866915697892 ], [ 21.398477770095162, 52.015237025424909 ], [ 21.391941283515131, 52.013495415349766 ], [ 21.371478568584497, 52.00786277830634 ], [ 21.359531202144353, 52.004455973029586 ], [ 21.351007672590693, 52.001974102990062 ], [ 21.330528036998963, 51.995811786112469 ], [ 21.323426124821168, 51.993606113313881 ], [ 21.310039327563874, 51.989361937799082 ], [ 21.289736935101082, 51.982698323455807 ], [ 21.289542382922921, 51.982633147125611 ], [ 21.269035094318088, 51.975576003972733 ], [ 21.258241248540287, 51.97173893020765 ], [ 21.248518969380385, 51.968211465069984 ], [ 21.228551846977954, 51.960737013917033 ], [ 21.227993653568259, 51.960523735952947 ], [ 21.207457507184643, 51.952470254568929 ], [ 21.20058611345042, 51.949695475564106 ], [ 21.186911355762707, 51.944057472303264 ], [ 21.174095018606163, 51.938620134792167 ], [ 21.166354785236024, 51.935266363215113 ], [ 21.148952514605231, 51.927514280745207 ], [ 21.145787212181279, 51.926073594430662 ], [ 21.125207918851693, 51.916452050443255 ], [ 21.12505876237417, 51.916380573131406 ], [ 21.104615649074525, 51.906361996917504 ], [ 21.102346961767491, 51.905220959058155 ], [ 21.08401008003997, 51.895782229642862 ], [ 21.080706672028953, 51.894038069574357 ], [ 21.063390045539844, 51.884672245342536 ], [ 21.060074386880292, 51.882833601969089 ], [ 21.042754125420689, 51.872984227818776 ], [ 21.040394641345426, 51.871609043007446 ], [ 21.022100582146138, 51.860661238358034 ], [ 21.021618609184557, 51.860365704650533 ], [ 21.003725808342793, 51.849104363566902 ], [ 21.001426429861482, 51.847615734577971 ], [ 20.986666573929977, 51.837826257073253 ], [ 20.980729139946313, 51.833766744363338 ], [ 20.970399857983026, 51.82653243123476 ], [ 20.960005442737749, 51.819012605172858 ], [ 20.954892452713786, 51.815223762804202 ], [ 20.940121799201197, 51.803900920420624 ], [ 20.939250564077483, 51.803211990290094 ], [ 20.926106126599326, 51.792563879115015 ], [ 20.918455695405886, 51.786121988036449 ], [ 20.912766458928502, 51.781214190287052 ], [ 20.90009923949075, 51.769852138046829 ], [ 20.897614158798028, 51.767539102104898 ], [ 20.888114154492655, 51.758477780705917 ], [ 20.876728770977472, 51.747092640169527 ], [ 20.876712030406054, 51.747075267438568 ], [ 20.866014985066364, 51.735695745825879 ], [ 20.855852973751226, 51.724289171040198 ], [ 20.85572799771818, 51.724143055739454 ], [ 20.8463263457359, 51.712871742112966 ], [ 20.837327481704211, 51.701445294059397 ], [ 20.834629447500436, 51.697846241841944 ], [ 20.828901749815813, 51.690009239118687 ], [ 20.821003257184948, 51.678564409557794 ], [ 20.813592061257051, 51.667111526173066 ], [ 20.813363695095941, 51.666739703161369 ], [ 20.806726065770249, 51.655649787919096 ], [ 20.800322033305633, 51.64418056437831 ], [ 20.794364222109145, 51.632704169627374 ], [ 20.791804191155006, 51.627426255066844 ], [ 20.788871363073156, 51.621220384091856 ], [ 20.78382295918415, 51.609729582459821 ], [ 20.779178406425782, 51.598232435660172 ], [ 20.774924245219239, 51.586729193411408 ], [ 20.771047110708718, 51.575220098159221 ], [ 20.769599026193518, 51.570514320972528 ], [ 20.767556798852048, 51.563705038023556 ], [ 20.76443008811286, 51.552184395090386 ], [ 20.761638016632823, 51.540658631795118 ], [ 20.759167644460902, 51.529127964653732 ], [ 20.757006227319756, 51.517592603525053 ], [ 20.755141230862204, 51.506052751757672 ], [ 20.753560343924573, 51.494508606331543 ], [ 20.752251490741017, 51.482960357995083 ], [ 20.751202842096109, 51.471408191398027 ], [ 20.750402825404858, 51.459852285220329 ], [ 20.749840133719896, 51.448292812297609 ], [ 20.74950373367508, 51.436729939743365 ], [ 20.749382872382856, 51.425163829068119 ], [ 20.74946708330992, 51.413594636295869 ], [ 20.749746191161812, 51.40202251207787 ], [ 20.750210315812041, 51.390447601804183 ], [ 20.750849875315744, 51.378870045712659 ], [ 20.751655588050919, 51.367289978996254 ], [ 20.752618474033142, 51.355707531907981 ], [ 20.753729855451255, 51.344122829864233 ], [ 20.754981356473063, 51.332535993546202 ], [ 20.756364902370439, 51.320947138999756 ], [ 20.757872718013623, 51.309356377733486 ], [ 20.759177605659129, 51.300078356483638 ], [ 20.759504845012962, 51.297763703807192 ], [ 20.761279646361068, 51.286168835223052 ], [ 20.763159876299373, 51.274572325950388 ], [ 20.765138833634595, 51.262974271538035 ], [ 20.767210100232951, 51.25137476348884 ], [ 20.769367537240775, 51.23977388934329 ], [ 20.771605280961907, 51.228171732762192 ], [ 20.77391773843199, 51.216568373608304 ], [ 20.775508151145434, 51.208858223707701 ], [ 20.776318757765811, 51.204963596873732 ], [ 20.778824448982821, 51.193357151758008 ], [ 20.781391758104252, 51.181749686829654 ], [ 20.784016024323375, 51.170141268872918 ], [ 20.786692833985473, 51.158531961251633 ], [ 20.78941801535148, 51.146921823980684 ], [ 20.792187633257026, 51.13531091379663 ], [ 20.792425338633382, 51.134340181266055 ], [ 20.795063669468821, 51.123698275703418 ], [ 20.797984681798468, 51.112084846428026 ], [ 20.800941298649228, 51.100470766801678 ], [ 20.803930386827503, 51.088856082332661 ], [ 20.806949025528876, 51.077240835554072 ], [ 20.809579782119592, 51.067222329895969 ], [ 20.81000560811453, 51.06562489405016 ], [ 20.813157921686368, 51.054007358006437 ], [ 20.816333591130096, 51.042389344424009 ], [ 20.819530414177773, 51.030770885599594 ], [ 20.822746378133456, 51.019152011112674 ], [ 20.825979654725653, 51.007532747882181 ], [ 20.826856633731804, 51.004418147953132 ], [ 20.829295238668056, 50.995912076450843 ], [ 20.832650653890084, 50.984290656023482 ], [ 20.836020030697419, 50.972668889741726 ], [ 20.839402169784986, 50.961046795229834 ], [ 20.842796035493791, 50.94942438767017 ], [ 20.844208309340285, 50.944626252410757 ], [ 20.84625914872634, 50.937800756339662 ], [ 20.84977458729071, 50.926176162935278 ], [ 20.853300535934597, 50.914551266442295 ], [ 20.856836524488507, 50.902926073342087 ], [ 20.860382227136906, 50.891300587871704 ], [ 20.861615292799616, 50.887286136579455 ], [ 20.864008248798932, 50.879673681314856 ], [ 20.867682128790936, 50.86804586542933 ], [ 20.871366479834304, 50.856417735165877 ], [ 20.875061483522881, 50.844789286566922 ], [ 20.878767447142202, 50.833160513623596 ], [ 20.879072437748135, 50.83221109608985 ], [ 20.882592681234335, 50.821529667183633 ], [ 20.886440426696375, 50.80989830004841 ], [ 20.890301719424862, 50.798266555188249 ], [ 20.894177316154682, 50.786634418904754 ], [ 20.896583951382894, 50.779450894155389 ], [ 20.898116533610995, 50.775001086916596 ], [ 20.902151305764551, 50.763366031522786 ], [ 20.906204353478135, 50.75173050598697 ], [ 20.910276834395241, 50.740094489350632 ], [ 20.914154775945676, 50.729071705063305 ], [ 20.914377237678803, 50.728457840068103 ], [ 20.918631067393068, 50.716818489157724 ], [ 20.922909589040461, 50.70517854330398 ], [ 20.927214302991953, 50.693537974863403 ], [ 20.931546779571118, 50.681896754785413 ], [ 20.931793989408103, 50.681238228547237 ], [ 20.936051251192747, 50.670252483291755 ], [ 20.940596877223065, 50.65860731918383 ], [ 20.945176877596019, 50.646961370673118 ], [ 20.949507599589602, 50.636035764806955 ], [ 20.949803223614712, 50.635314433165426 ], [ 20.954623183900235, 50.623664029619938 ], [ 20.959484894692771, 50.612012690341487 ], [ 20.964390299586004, 50.600360377126904 ], [ 20.967300201780468, 50.593512755370242 ], [ 20.969415902675198, 50.588705790376707 ], [ 20.974597365819335, 50.577048309226676 ], [ 20.97983059435311, 50.565389682384094 ], [ 20.98511758313365, 50.553729868615015 ], [ 20.985171996838758, 50.553611073036315 ], [ 20.990658452655623, 50.54206543825503 ], [ 20.996261572986235, 50.530399640669195 ], [ 21.001926851812424, 50.518732468167414 ], [ 21.003123988422107, 50.516292755787873 ], [ 21.007830284341296, 50.507060875098674 ], [ 21.01384844626099, 50.495386960218816 ], [ 21.019937199043795, 50.483711471448864 ], [ 21.02115229980005, 50.481406048367461 ], [ 21.026293077383144, 50.472030974726053 ], [ 21.032773991114336, 50.460347907910759 ], [ 21.039253177484053, 50.448806170947996 ], [ 21.039336896241082, 50.448663004135462 ], [ 21.046245017333757, 50.436971618866693 ], [ 21.053238277304569, 50.425278280551538 ], [ 21.057423159834535, 50.418359052986212 ], [ 21.060437776254297, 50.413580827995027 ], [ 21.06790191740243, 50.401878183417693 ], [ 21.075458168932016, 50.39017337424476 ], [ 21.075655971399502, 50.389869910177445 ], [ 21.083424422735607, 50.378460686282033 ], [ 21.091496715002741, 50.366745501967529 ], [ 21.093948541925698, 50.363222441478342 ], [ 21.099916900078576, 50.355023430185028 ], [ 21.108546856878068, 50.343296899210799 ], [ 21.112295563264677, 50.338253202746614 ], [ 21.117503165273863, 50.331563737533394 ], [ 21.126734889822199, 50.319824800221603 ], [ 21.130693278912414, 50.314838265302377 ], [ 21.136321573097341, 50.308078558122176 ], [ 21.146201845944237, 50.296326055134358 ], [ 21.149138155822488, 50.292862291447939 ], [ 21.15652733866116, 50.284564400806318 ], [ 21.167105899812046, 50.272797058490404 ], [ 21.16762702087437, 50.272221265107412 ], [ 21.178295509269031, 50.261017246144036 ], [ 21.186157477324834, 50.252831200396628 ], [ 21.189801453437941, 50.249230340144138 ], [ 21.201824798228301, 50.237432433653929 ], [ 21.204726759139628, 50.234602573903153 ], [ 21.214447995506237, 50.225621791375396 ], [ 21.223333037077325, 50.217468660559476 ], [ 21.227559952160572, 50.213800345542111 ], [ 21.241276576374041, 50.201965691032271 ], [ 21.241974541209547, 50.201365957770108 ], [ 21.255850304436549, 50.190112706492869 ], [ 21.260649776293342, 50.186238642838092 ], [ 21.271164950612359, 50.178243337472296 ], [ 21.279357544637801, 50.172038776825296 ], [ 21.287341550730318, 50.16635490221055 ], [ 21.298096796646128, 50.158722901315933 ], [ 21.304525802649437, 50.154444143457468 ], [ 21.316866598761845, 50.146251216198785 ], [ 21.322894329034042, 50.142507073814265 ], [ 21.335666133571809, 50.134587452873625 ], [ 21.342662883668531, 50.130538769962143 ], [ 21.354494699562881, 50.123698744251243 ], [ 21.364097224767772, 50.118533095385729 ], [ 21.37335171084063, 50.113555498128498 ], [ 21.387527700435641, 50.106482321449796 ], [ 21.392236697085377, 50.104131279441717 ], [ 21.411148965793949, 50.09539597063597 ], [ 21.413548669016436, 50.094372866170247 ], [ 21.430087386966726, 50.087311659372844 ], [ 21.443174953601186, 50.082181606228382 ], [ 21.449052418038587, 50.079872660975695 ], [ 21.468042650611832, 50.073037084909053 ], [ 21.477661795715068, 50.069878956573035 ], [ 21.487057743691199, 50.066784869037093 ], [ 21.506096900551, 50.061087761757548 ], [ 21.51972340021894, 50.057401626748842 ], [ 21.525159702540538, 50.055925504568137 ], [ 21.544244315587733, 50.051251643255902 ], [ 21.563351266092432, 50.04706533912357 ], [ 21.576002130897141, 50.044593995829345 ], [ 21.582478791834191, 50.043323118176815 ], [ 21.601625360119815, 50.039986981641476 ], [ 21.620790930139993, 50.037047391103883 ], [ 21.6399742561266, 50.03447309838748 ], [ 21.659174073860989, 50.032233394141926 ], [ 21.673157191799064, 50.030823844199325 ], [ 21.67838886366836, 50.030293835040119 ], [ 21.69761709400321, 50.02862072589604 ], [ 21.716858086698878, 50.02719642529788 ], [ 21.736110511085769, 50.025992298164851 ], [ 21.755373030549457, 50.024980394564238 ], [ 21.774644304730806, 50.024133466959697 ], [ 21.793922991549, 50.023424983296664 ], [ 21.813207749017561, 50.022829135620761 ], [ 21.832497236828026, 50.022320844023916 ], [ 21.851790117680494, 50.021875755802498 ], [ 21.871085058344566, 50.021470239790439 ], [ 21.890380730438054, 50.02108137590038 ], [ 21.909675810914621, 50.020686939964314 ], [ 21.928968982254485, 50.020265384013271 ], [ 21.948258932355511, 50.019795812174948 ], [ 21.96754435412408, 50.019257952396515 ], [ 21.986823944767306, 50.018632124219479 ], [ 22.006096404789698, 50.017899202846252 ], [ 22.025360436698463, 50.017040579740808 ], [ 22.0446147434225, 50.016038120004147 ], [ 22.063858026450429, 50.014874116756317 ], [ 22.083088983693095, 50.013531242742623 ], [ 22.1023063070757, 50.011992499363878 ], [ 22.121508679864185, 50.010241163308322 ], [ 22.14069477372955, 50.008260730937742 ], [ 22.148910898135362, 50.007307369704129 ], [ 22.159862645690154, 50.006025719586482 ], [ 22.179010928493327, 50.003519963603658 ], [ 22.198138679823419, 50.000734064622272 ], [ 22.217244480756687, 49.997651694152331 ], [ 22.236326881990632, 49.99425643377581 ], [ 22.241888587702189, 49.993171597450207 ], [ 22.25538288056282, 49.990509231894265 ], [ 22.274411619852032, 49.986403486347953 ], [ 22.293412143508579, 49.981931258776648 ], [ 22.301278449775495, 49.979922297158431 ], [ 22.312380963141429, 49.977047918873886 ], [ 22.331316644877578, 49.971739521002178 ], [ 22.346814298235216, 49.967043175350369 ], [ 22.350217980651745, 49.965995637789995 ], [ 22.369080129682867, 49.959754031057969 ], [ 22.384157679396555, 49.954385471662277 ], [ 22.387903483900317, 49.953028249583198 ], [ 22.406682377229359, 49.945745708402818 ], [ 22.416005621885674, 49.941877687936191 ], [ 22.425415504977398, 49.937896729729978 ], [ 22.444051972281986, 49.929474056630326 ], [ 22.444100139399595, 49.929451822767831 ], [ 22.462728662106247, 49.920313825361241 ], [ 22.468770018655977, 49.917163197620269 ], [ 22.481299684230578, 49.910473880634498 ], [ 22.49110964932277, 49.904918640983198 ], [ 22.49980775713632, 49.899867150461155 ], [ 22.511417627266976, 49.892731268389646 ], [ 22.518246597882055, 49.888418486380807 ], [ 22.529979059775766, 49.880593473915276 ], [ 22.536608963726994, 49.876040924248919 ], [ 22.547030890237945, 49.868498852908004 ], [ 22.554886474373429, 49.862633497035731 ], [ 22.562770552060961, 49.85644200874502 ], [ 22.573069394860696, 49.84807855834525 ], [ 22.577362905368577, 49.844418392496543 ], [ 22.590937896387928, 49.832424415836982 ], [ 22.591146036938856, 49.83223401067908 ], [ 22.603428435768354, 49.820462532786401 ], [ 22.609093494863146, 49.814809343850357 ], [ 22.615115945174228, 49.808524313087339 ], [ 22.626057269213611, 49.796608224996632 ], [ 22.626898930808828, 49.795653279752649 ], [ 22.636131769748744, 49.784718276152702 ], [ 22.644524210859789, 49.774279672794606 ], [ 22.645630638507402, 49.772845525836722 ], [ 22.654362192531899, 49.760996173976864 ], [ 22.66192692355531, 49.75015272538608 ], [ 22.662591261754038, 49.749162016739383 ], [ 22.670114857469311, 49.737349604651037 ], [ 22.677181535851918, 49.725551179889329 ], [ 22.679029179303964, 49.722274833021551 ], [ 22.683645817720578, 49.713771462367639 ], [ 22.689615045614612, 49.7020071333069 ], [ 22.695150406634284, 49.69025631800929 ], [ 22.695702422126946, 49.688993415006678 ], [ 22.700113794596835, 49.678523500566094 ], [ 22.70464181286556, 49.666804382496863 ], [ 22.708753211288311, 49.655098416611608 ], [ 22.711617989330747, 49.646045288796252 ], [ 22.712423391803256, 49.643406440040707 ], [ 22.715600005781951, 49.631730180214504 ], [ 22.718372065743338, 49.620066818245348 ], [ 22.708922852449827, 49.608796118658503 ], [ 22.708078702797394, 49.597248952895647 ], [ 22.707900691140406, 49.597151558966317 ], [ 22.68833779572779, 49.586306306827503 ], [ 22.6874896873708, 49.57475913677343 ], [ 22.687038769044889, 49.574512168572873 ], [ 22.667742582363452, 49.563813258897746 ], [ 22.666890450201475, 49.552266084464449 ], [ 22.666197879603345, 49.551886361861683 ], [ 22.647137455822726, 49.541316959358539 ], [ 22.646238219790359, 49.540823542141517 ], [ 22.627378754372586, 49.530364693937393 ], [ 22.644596235318033, 49.51877253001512 ], [ 22.64542069830291, 49.518222720935974 ], [ 22.644555856369205, 49.506675780489381 ], [ 22.661937538709697, 49.494951305433972 ], [ 22.680995891927711, 49.494225060176383 ], [ 22.681434319385406, 49.493932268053143 ], [ 22.699181018312213, 49.481933485746772 ], [ 22.699404932652733, 49.48178384370766 ], [ 22.698513233814424, 49.470238020820574 ], [ 22.697616872642325, 49.458692330360222 ], [ 22.696715777559092, 49.447146774521521 ], [ 22.695809873017819, 49.435601355624051 ], [ 22.701511970231156, 49.42384430183197 ], [ 22.696484280070415, 49.412430905887014 ], [ 22.693482211123893, 49.406228762864579 ], [ 22.690900220672191, 49.401035082997616 ], [ 22.68472241374274, 49.389657948326615 ], [ 22.678009394347797, 49.37829754497664 ], [ 22.671567166443658, 49.368228559838101 ], [ 22.670726418475262, 49.36695488708061 ], [ 22.662691312987555, 49.355635649809372 ], [ 22.654060035031623, 49.344334743186586 ], [ 22.650400325123478, 49.339852597891273 ], [ 22.644650373288922, 49.333057789878744 ], [ 22.63447928155313, 49.321804069422598 ], [ 22.629649164307743, 49.31678161166024 ], [ 22.623440633829695, 49.310576715939142 ], [ 22.611525015694525, 49.29937577908931 ], [ 22.609179921822076, 49.297291776413502 ], [ 22.598501304279264, 49.288208198221781 ], [ 22.588924576666713, 49.280516354085094 ], [ 22.584428389983387, 49.277071773816459 ], [ 22.56912457030985, 49.265971746683249 ], [ 22.568829794272169, 49.265768366434507 ], [ 22.552264821607555, 49.254917638639178 ], [ 22.548875539755457, 49.252806679510925 ], [ 22.533770295866127, 49.243911188710747 ], [ 22.529032424957801, 49.24125244663842 ], [ 22.513335810858614, 49.23296091046933 ], [ 22.509285290890567, 49.230917756595716 ], [ 22.490576072540126, 49.222077437866751 ], [ 22.489621520223, 49.221645869920721 ], [ 22.470035323582607, 49.213373449321153 ], [ 22.464701222603399, 49.211283126361018 ], [ 22.450515128084902, 49.205952412184295 ], [ 22.435041839152014, 49.200595824450396 ], [ 22.43105198920065, 49.199268922694394 ], [ 22.41164596271058, 49.193337029679832 ], [ 22.399876411483618, 49.190063373246353 ], [ 22.392287567016588, 49.188031661331785 ], [ 22.372975943460759, 49.183351406355889 ], [ 22.356410465973241, 49.179762092830977 ], [ 22.353703593956713, 49.179196589191626 ], [ 22.334473472918532, 49.175620535657401 ], [ 22.315276868244503, 49.172503264520735 ], [ 22.296706550480874, 49.16990973177321 ], [ 22.296112226820814, 49.169829611110288 ], [ 22.27698185992935, 49.167642502080405 ], [ 22.257879326276967, 49.165852577648437 ], [ 22.238803112636187, 49.164443789332879 ], [ 22.239143917055131, 49.17154039296485 ], [ 22.239707102231083, 49.183098486229618 ], [ 22.221794827005276, 49.194852938447383 ], [ 22.202472357934262, 49.184138069591306 ], [ 22.20209357739661, 49.183926085904012 ], [ 22.183135596802597, 49.184440554285203 ], [ 22.182769449052312, 49.184683294779859 ], [ 22.164907736511758, 49.196395853170415 ], [ 22.145944705097165, 49.196910444001567 ], [ 22.145383078802265, 49.197282322472546 ], [ 22.127703777366836, 49.208870133107609 ], [ 22.108735649458339, 49.209384217888335 ], [ 22.089767155368978, 49.209897948211456 ], [ 22.089040811693561, 49.210378058567109 ], [ 22.0715083102784, 49.221860402663182 ], [ 22.052534658488348, 49.222372708512104 ], [ 22.051666247068724, 49.222946021383031 ], [ 22.05221269906324, 49.234505100963318 ], [ 22.052767172824275, 49.246063950832919 ], [ 22.053329469170315, 49.257622576192624 ], [ 22.036372815014857, 49.268724831143835 ], [ 22.034921825164957, 49.269681483377717 ], [ 22.03549400727011, 49.281239875109428 ], [ 22.018782274077179, 49.292180001406514 ], [ 22.017088409556109, 49.293295755460782 ], [ 22.000478313402745, 49.304166368665335 ], [ 21.998682187693586, 49.305348634220231 ], [ 21.982165754167973, 49.316154819460827 ], [ 21.980274935514103, 49.317398521998996 ], [ 21.980859800810311, 49.328956704969642 ], [ 21.981451399324225, 49.340514696016598 ], [ 21.965226367038174, 49.3511288543097 ], [ 21.946201523787234, 49.351630474760988 ], [ 21.927176233135874, 49.352130258343777 ], [ 21.90815048793425, 49.352628053295163 ], [ 21.90604396980655, 49.354009941107577 ], [ 21.889798371931398, 49.364620016148365 ], [ 21.887624598361, 49.36604499841561 ], [ 21.871437524397265, 49.37661272876197 ], [ 21.852401463730828, 49.377103013423145 ], [ 21.850194987394556, 49.378547650253914 ], [ 21.850775905136349, 49.39010630140227 ], [ 21.834689545315822, 49.400599514145696 ], [ 21.817379445158195, 49.390925582798936 ], [ 21.814985423408526, 49.389577856245246 ], [ 21.797557141737041, 49.379834385407854 ], [ 21.795290352232527, 49.378557303764197 ], [ 21.777736183535911, 49.368739790954244 ], [ 21.77560431826792, 49.367537801063214 ], [ 21.773613471993823, 49.368838853563666 ], [ 21.774167050499273, 49.380398445373231 ], [ 21.757857925878007, 49.391012802562742 ], [ 21.75571345580973, 49.392412950458848 ], [ 21.739454707488399, 49.402989102033771 ], [ 21.737254579674889, 49.404424553430175 ], [ 21.721042640204914, 49.414964650146494 ], [ 21.718790063594241, 49.416433260619918 ], [ 21.702621704129008, 49.426939230703375 ], [ 21.685289389638516, 49.417216637364731 ], [ 21.68293508566623, 49.415887322800579 ], [ 21.66388050046999, 49.416342383179533 ], [ 21.661699044444397, 49.417762433607933 ], [ 21.662246424304136, 49.429322468333496 ], [ 21.64606427298332, 49.439817343892244 ], [ 21.64375439177806, 49.441319593965204 ], [ 21.6276154902469, 49.451779886278672 ], [ 21.610365828875821, 49.442078547889736 ], [ 21.607934468021309, 49.440703698914291 ], [ 21.588868731073148, 49.441139561250893 ], [ 21.56980243332044, 49.441570324619278 ], [ 21.550735572046229, 49.441995828726753 ], [ 21.531668145103009, 49.442415919501641 ], [ 21.514334514470953, 49.432635159999577 ], [ 21.513659988577157, 49.421077401909841 ], [ 21.511423844837402, 49.41980909108787 ], [ 21.509322045040619, 49.421171674741373 ], [ 21.492947630305512, 49.431727051000657 ], [ 21.475555606298951, 49.421899916524694 ], [ 21.473304028129334, 49.420621569309603 ], [ 21.454243265979521, 49.421018902714756 ], [ 21.435181935928753, 49.421410148146059 ], [ 21.416120039880486, 49.421795206961484 ], [ 21.413942509636293, 49.423203264264394 ], [ 21.397618662866776, 49.433682176850525 ], [ 21.378551180230509, 49.434054546173947 ], [ 21.376224551610566, 49.435557151387719 ], [ 21.360035817194163, 49.44593199407992 ], [ 21.35758916805672, 49.447510965020705 ], [ 21.341511481616056, 49.457806246280569 ], [ 21.32243341278026, 49.458159269865888 ], [ 21.303354807204521, 49.458505848910121 ], [ 21.284275672011791, 49.458845982223536 ], [ 21.26755204669816, 49.449312236973689 ], [ 21.26466517589536, 49.447664990387082 ], [ 21.247939821023159, 49.438123223857417 ], [ 21.245063590457292, 49.436480793486474 ], [ 21.225991846966689, 49.436801620945253 ], [ 21.209354260677813, 49.427295129468746 ], [ 21.20874066468658, 49.415734806367233 ], [ 21.208121720570624, 49.404174563850731 ], [ 21.205371624019733, 49.402601348404112 ], [ 21.186312255504532, 49.402909157903196 ], [ 21.18361999772544, 49.40464009509688 ], [ 21.167759026760791, 49.414712548323045 ], [ 21.164876085656353, 49.416564733861712 ], [ 21.149196910589502, 49.426513557845723 ], [ 21.146123902447513, 49.42848641791344 ], [ 21.130625901377392, 49.438312199016693 ], [ 21.114514561602611, 49.429068969446178 ], [ 21.111057146550749, 49.427087193883054 ], [ 21.091986613865586, 49.427365293929633 ], [ 21.072915663316881, 49.427637755968121 ], [ 21.053844306973449, 49.427904719725376 ], [ 21.038142362627674, 49.418868928373477 ], [ 21.037564684123609, 49.407307244493204 ], [ 21.052577573489529, 49.397547432538737 ], [ 21.055912482580556, 49.395410429416522 ], [ 21.071141756585767, 49.385503280998456 ], [ 21.090190357312832, 49.385088669697716 ], [ 21.093181675220865, 49.383169469288333 ], [ 21.092573731233756, 49.371608487279893 ], [ 21.089544743717862, 49.369869150755463 ], [ 21.070495989181023, 49.370140166708964 ], [ 21.051446827457102, 49.370405604077469 ], [ 21.035201066172, 49.361061221308184 ], [ 21.031923554879576, 49.359175855084779 ], [ 21.01568819813113, 49.349831300631763 ], [ 21.012409194098268, 49.347943641664365 ], [ 20.996182401397647, 49.33859798177734 ], [ 20.992903744142161, 49.336709088312084 ], [ 20.976683462882846, 49.327361271263811 ], [ 20.992120061674228, 49.317296632246581 ], [ 20.994962765404683, 49.315475098123201 ], [ 20.991977142216918, 49.313754136277936 ], [ 20.972948530760231, 49.313996240834598 ], [ 20.95658234928375, 49.304559524011005 ], [ 20.953465747760621, 49.302760802067127 ], [ 20.934440850417758, 49.302992732535088 ], [ 20.915415630958702, 49.303220144916523 ], [ 20.91215841080863, 49.305303382495467 ], [ 20.912457333265738, 49.316870352076982 ], [ 20.897271815823746, 49.326396409566819 ], [ 20.893583533032871, 49.328753116698635 ], [ 20.878674284829192, 49.338099535291235 ], [ 20.874706823903573, 49.340632782989559 ], [ 20.860068064120647, 49.349803486913395 ], [ 20.845056835580532, 49.34111003341345 ], [ 20.840595365132103, 49.338529387021005 ], [ 20.821555496638748, 49.338738741577529 ], [ 20.817142110230776, 49.341552393514483 ], [ 20.802935229849748, 49.350433459071269 ], [ 20.798247677229366, 49.353419720198218 ], [ 20.78430627243878, 49.362129343769567 ], [ 20.779350878303386, 49.365283933298691 ], [ 20.765668612452323, 49.373826338404875 ], [ 20.760451624321526, 49.377145033525764 ], [ 20.7607568620741, 49.388712023898222 ], [ 20.761067361619475, 49.400278912795905 ], [ 20.747838818793948, 49.408533694784197 ], [ 20.742167980876747, 49.412136886958358 ], [ 20.729175558366641, 49.420239287040268 ], [ 20.710103239718883, 49.420433084209307 ], [ 20.691030705952858, 49.420624152427216 ], [ 20.678087197387381, 49.4130848645285 ], [ 20.671566915512695, 49.409302107040538 ], [ 20.658681258792274, 49.401793431905261 ], [ 20.652112156809004, 49.39797946194458 ], [ 20.645805180376307, 49.40197747368267 ], [ 20.633429725445612, 49.409670770802997 ], [ 20.626884486558634, 49.413816781502845 ], [ 20.614738543269951, 49.421363163626793 ], [ 20.60239416070231, 49.414158835301876 ], [ 20.601923897897354, 49.4025939024256 ], [ 20.601449489649752, 49.391029004431481 ], [ 20.594546238293567, 49.387013963770244 ], [ 20.582058063840428, 49.379724559586123 ], [ 20.575118032359232, 49.375685071578609 ], [ 20.556061927248177, 49.375858070145796 ], [ 20.549246888299994, 49.380169002662043 ], [ 20.537364618481725, 49.387534352240365 ], [ 20.530311398327402, 49.391992683081661 ], [ 20.518658576225118, 49.399212149561706 ], [ 20.511374188453296, 49.403813228732893 ], [ 20.499943786015059, 49.410891327892799 ], [ 20.480873689438866, 49.411057716308314 ], [ 20.461803434271609, 49.411222264918088 ], [ 20.442733023484976, 49.411385013138741 ], [ 20.431540479429803, 49.404829388583551 ], [ 20.423329558170707, 49.400033361024519 ], [ 20.412171571458146, 49.393496296324486 ], [ 20.403935121863377, 49.388681721018308 ], [ 20.384873157291842, 49.388838615568652 ], [ 20.376796488650189, 49.393923027793591 ], [ 20.366130327933323, 49.4005050761563 ], [ 20.347063629454286, 49.400658979152929 ], [ 20.32799679032567, 49.400811246229189 ], [ 20.317437621667537, 49.394614743338082 ], [ 20.317032741044141, 49.383048092702325 ], [ 20.316624072704258, 49.371481462321618 ], [ 20.316211487112703, 49.359914853635118 ], [ 20.31579484958657, 49.348348268138714 ], [ 20.307402737464116, 49.343425401991738 ], [ 20.299276484062094, 49.348535147643133 ], [ 20.288658283517332, 49.355075457370496 ], [ 20.277920815028132, 49.348773253036569 ], [ 20.269312779355008, 49.343718650815809 ], [ 20.260969617866348, 49.348959440332514 ], [ 20.250559197947862, 49.355366341191299 ], [ 20.240035323311432, 49.349185944392083 ], [ 20.231222299692071, 49.344005772863689 ], [ 20.212176868266791, 49.344147050361308 ], [ 20.193131311136515, 49.344286809429967 ], [ 20.182798864032307, 49.338214605039383 ], [ 20.173812008900313, 49.332922967144981 ], [ 20.163462030368173, 49.32683961699226 ], [ 20.173514518842506, 49.320409138649424 ], [ 20.182013059302015, 49.315080057207261 ], [ 20.17326548116915, 49.309926735967316 ], [ 20.154232959159625, 49.310062523629924 ], [ 20.143737985816077, 49.303893924460141 ], [ 20.134936252865263, 49.298702197299072 ], [ 20.124406356513251, 49.292512340981574 ], [ 20.124012318978469, 49.280944839108727 ], [ 20.123613452425236, 49.269377360931571 ], [ 20.115130369202976, 49.264367337643691 ], [ 20.104283839227371, 49.25799236990472 ], [ 20.103879699648093, 49.246424841392958 ], [ 20.103470197313356, 49.234857340735914 ], [ 20.103055129186178, 49.223289869821436 ], [ 20.0950993364998, 49.218584227132467 ], [ 20.083725233893166, 49.211901408030442 ], [ 20.083303393056152, 49.200333896679261 ], [ 20.082875349869546, 49.188766419953808 ], [ 20.07535541190779, 49.184313033330291 ], [ 20.056370708014406, 49.184437672790345 ], [ 20.048963071532725, 49.189079437009163 ], [ 20.037625628568581, 49.196024168605064 ], [ 20.029963462617214, 49.200821914898796 ] ] ], [ [ [ 18.79194358096159, 54.618023585706304 ], [ 18.777899790437822, 54.625517354928142 ], [ 18.770384528541225, 54.629545132351701 ], [ 18.770530645001923, 54.641105894530661 ], [ 18.756330782530824, 54.648676587464699 ], [ 18.748957518762811, 54.652623573539493 ], [ 18.734813254802201, 54.660159545230165 ], [ 18.727375662807198, 54.664137381742378 ], [ 18.727519448498118, 54.675698136654624 ], [ 18.734686640900808, 54.679589183010023 ], [ 18.741904368773433, 54.675729628407105 ], [ 18.756214873799294, 54.668042457880517 ], [ 18.763369825774674, 54.664213025013098 ], [ 18.777730907202201, 54.656489932758916 ], [ 18.784819538013913, 54.652692580517176 ], [ 18.799234744946283, 54.644931817763634 ], [ 18.806253897092962, 54.641168302264035 ], [ 18.806525889546048, 54.629608260719607 ], [ 18.820776707617838, 54.621924421666293 ], [ 18.827938093148237, 54.618080079924731 ], [ 18.828195830635615, 54.606519929841937 ], [ 18.820861847949182, 54.602541775573805 ], [ 18.813493031391747, 54.606498174263933 ], [ 18.79938687184875, 54.614030791408901 ], [ 18.79194358096159, 54.618023585706304 ] ] ], [ [ [ 18.720422792106749, 54.687242383116647 ], [ 18.713201267022274, 54.683320978476409 ], [ 18.705924694234351, 54.687208071578141 ], [ 18.713146205052727, 54.691129907253092 ], [ 18.720422792106749, 54.687242383116647 ] ] ], [ [ [ 18.67772811369381, 54.698696778926397 ], [ 18.670187720525497, 54.694598360254055 ], [ 18.662581181609237, 54.698655561122841 ], [ 18.670121556868438, 54.702754450203649 ], [ 18.67772811369381, 54.698696778926397 ] ] ], [ [ [ 18.656204338132209, 54.710198033321603 ], [ 18.648621516064011, 54.706075185179635 ], [ 18.640967796002581, 54.710153866732078 ], [ 18.648550598761958, 54.714277190796018 ], [ 18.656204338132209, 54.710198033321603 ] ] ], [ [ [ 18.583969347363759, 54.728816942300035 ], [ 18.57597889690561, 54.733064765853534 ], [ 18.583881736607239, 54.737367639219613 ], [ 18.591872211946171, 54.733119297983954 ], [ 18.583969347363759, 54.728816942300035 ] ] ], [ [ [ 18.45444716897801, 54.774270562886166 ], [ 18.445919831955418, 54.778781856469053 ], [ 18.454324701055803, 54.783369879334487 ], [ 18.462852075127618, 54.778857998530881 ], [ 18.45444716897801, 54.774270562886166 ] ] ] ] } }
]
}
