{
"type": "FeatureCollection",
"name": "zasieg_MD_cykl_3_epsg4326",
"crs": { "type": "name", "properties": { "name": "urn:ogc:def:crs:OGC:1.3:CRS84" } },
"features": [
{ "type": "Feature", "properties": { "gatunek": "MD", "cykl": 3, "pokrycie": 0.95, "prog_kde": 1.4696657582667072e-12 }, "geometry": { "type": "MultiPolygon", "coordinates": [ [ [ [ 22.797993073012936, 49.029240267351469 ], [ 22.783210986757066, 49.039227165697362 ], [ 22.779982923171847, 49.041411865014013 ], [ 22.765200387284864, 49.051392043236604 ], [ 22.761963987966872, 49.053581019644049 ], [ 22.758417881432894, 49.051613433747917 ], [ 22.742199057386493, 49.042642330916699 ], [ 22.723306175002921, 49.04325308183892 ], [ 22.704412663755743, 49.043860844681838 ], [ 22.700884642113525, 49.041900405164526 ], [ 22.68466385196324, 49.032912471131517 ], [ 22.6698459486439, 49.042892951746467 ], [ 22.666623767104191, 49.045067406507833 ], [ 22.647728387933842, 49.045666205913626 ], [ 22.632905298936922, 49.055638056119271 ], [ 22.633757549182445, 49.067185936021744 ], [ 22.630517223478058, 49.06936991841156 ], [ 22.615700596938296, 49.079328455200127 ], [ 22.61245075231799, 49.081517492777813 ], [ 22.597635140699811, 49.09146832087206 ], [ 22.594375473326, 49.09366261134803 ], [ 22.575460169170213, 49.094250288608123 ], [ 22.57190164726395, 49.092268495247403 ], [ 22.555717964931087, 49.08327991391981 ], [ 22.540887890255945, 49.093225200573031 ], [ 22.537627747597153, 49.095416684595634 ], [ 22.534071293679879, 49.093434355511469 ], [ 22.51789309185817, 49.084439933274865 ], [ 22.4989797603406, 49.085015466696134 ], [ 22.480065836388206, 49.085588017129822 ], [ 22.465218881518165, 49.095524303278964 ], [ 22.461955739682939, 49.097713661450207 ], [ 22.44303626350202, 49.098280449243553 ], [ 22.424116203989918, 49.098844256582062 ], [ 22.405195564330263, 49.099405084686772 ], [ 22.390340409772602, 49.109324616658732 ], [ 22.391138258377563, 49.120875403815738 ], [ 22.387849699495028, 49.123077010340928 ], [ 22.373003696423059, 49.132981451229142 ], [ 22.373798612818824, 49.144532386294593 ], [ 22.370487773642317, 49.146747201392124 ], [ 22.351547867360907, 49.147299872518374 ], [ 22.347946772516536, 49.145285707664861 ], [ 22.331831602717116, 49.136291661288894 ], [ 22.312894953043873, 49.13683818950495 ], [ 22.293957741112855, 49.137381744312137 ], [ 22.275019970130199, 49.137922327371712 ], [ 22.260165230532582, 49.14780029639406 ], [ 22.256839863706528, 49.150018596954752 ], [ 22.237896590953472, 49.150553426751095 ], [ 22.223044754883727, 49.160417408421452 ], [ 22.223805626019196, 49.171970043973253 ], [ 22.224567229290606, 49.183522640636561 ], [ 22.221204005470625, 49.185763064092718 ], [ 22.217556879140794, 49.183718365904149 ], [ 22.201499936625567, 49.174732943977403 ], [ 22.182546226014583, 49.175259235976171 ], [ 22.167703802673053, 49.185097920340105 ], [ 22.164329666750614, 49.187342476649462 ], [ 22.14537047300584, 49.187863017164418 ], [ 22.13053333392963, 49.19768617160473 ], [ 22.127140104076368, 49.199940978669389 ], [ 22.108175435431171, 49.200455769180387 ], [ 22.089210237750763, 49.200967600634769 ], [ 22.074379329855937, 49.210769599483754 ], [ 22.070961116961119, 49.213037489096074 ], [ 22.051990458643072, 49.213543574841005 ], [ 22.037167228538284, 49.223328503571651 ], [ 22.037887104095216, 49.2348830638241 ], [ 22.038607699859142, 49.246437586158741 ], [ 22.039329022214428, 49.25799207040852 ], [ 22.035855027306777, 49.26029335232878 ], [ 22.021062640145026, 49.270045020197408 ], [ 22.021780941296115, 49.281599633604415 ], [ 22.018277455754941, 49.283918625747518 ], [ 22.003502289643293, 49.293649997975379 ], [ 21.999980868498085, 49.295979399188489 ], [ 21.985215120189547, 49.305697605905969 ], [ 21.981675357920267, 49.308037668100376 ], [ 21.966919430297438, 49.31774245378918 ], [ 21.967627199626143, 49.329297524561554 ], [ 21.968335725764739, 49.340852556743599 ], [ 21.964750699669608, 49.343220288993273 ], [ 21.945728214023358, 49.343710339133011 ], [ 21.926705223308158, 49.344197428874672 ], [ 21.907681730746933, 49.344681560232914 ], [ 21.892959475149979, 49.354338417698209 ], [ 21.889335513815649, 49.356726975317351 ], [ 21.874624918571417, 49.366369252551337 ], [ 21.870980341447705, 49.36876987325536 ], [ 21.851946455160405, 49.369245412861751 ], [ 21.83725036816131, 49.378866310626101 ], [ 21.837930195072857, 49.390422577013474 ], [ 21.834243105057567, 49.392848108232165 ], [ 21.830273549048407, 49.390610411326151 ], [ 21.814538050940705, 49.381752733361573 ], [ 21.810576594233208, 49.37951836117324 ], [ 21.794841870546168, 49.37065431672692 ], [ 21.790887662528853, 49.368422795280686 ], [ 21.775154558763408, 49.359552860609739 ], [ 21.760461689805123, 49.369153886006366 ], [ 21.761122575402517, 49.380710956277326 ], [ 21.757417196406355, 49.383144323144613 ], [ 21.742747240274426, 49.392721496066287 ], [ 21.739019377322883, 49.395168055796127 ], [ 21.72436335816786, 49.404729235670011 ], [ 21.720612580884019, 49.407189248489061 ], [ 21.705970924399015, 49.416734171525164 ], [ 21.702196800722572, 49.419207898019366 ], [ 21.698143066123354, 49.416917218624477 ], [ 21.682509900190048, 49.408090938341033 ], [ 21.663457865184409, 49.408537370392899 ], [ 21.648830738478651, 49.418058126515774 ], [ 21.649467171186512, 49.429616161663773 ], [ 21.645649609937653, 49.432114356428805 ], [ 21.631048163454381, 49.441609557583355 ], [ 21.627205971545735, 49.444122231305961 ], [ 21.623084815389642, 49.441790572525051 ], [ 21.607525363759013, 49.432992943974732 ], [ 21.588462564054556, 49.433427829988162 ], [ 21.569399317535876, 49.433859780243303 ], [ 21.550335627395036, 49.434288796781786 ], [ 21.531271496819887, 49.43471488162232 ], [ 21.527111668143565, 49.432356480565517 ], [ 21.526530359449396, 49.420796741339821 ], [ 21.511025335906499, 49.412003204253423 ], [ 21.496451406604479, 49.421450421582179 ], [ 21.492555413294905, 49.423990679852402 ], [ 21.488385439536266, 49.42162437910045 ], [ 21.472912806824251, 49.41284040100205 ], [ 21.453855900227236, 49.413254621273573 ], [ 21.434798569803387, 49.413665925314405 ], [ 21.415740818702819, 49.414074314916576 ], [ 21.401211488416703, 49.423468472182769 ], [ 21.397246397706301, 49.426047588423799 ], [ 21.378183337736722, 49.426450221015621 ], [ 21.363682563976575, 49.435814316172689 ], [ 21.359675025646961, 49.438418031825506 ], [ 21.34519318023213, 49.447763126368393 ], [ 21.341157707406744, 49.450383218334117 ], [ 21.322084457017983, 49.450777230950571 ], [ 21.303010803678603, 49.451168328662433 ], [ 21.283936750502399, 49.451556512524824 ], [ 21.2795816522361, 49.449075638525429 ], [ 21.264329195974277, 49.44037325781516 ], [ 21.259969791697934, 49.437888646709489 ], [ 21.24473056710411, 49.429187166568461 ], [ 21.225664301290227, 49.429566531041843 ], [ 21.221281800230564, 49.42706652676074 ], [ 21.220769608667762, 49.415504304004209 ], [ 21.220257448229223, 49.403942059837725 ], [ 21.205041785733254, 49.395238482751573 ], [ 21.185988181350151, 49.395611928918953 ], [ 21.171592142908654, 49.404866720474118 ], [ 21.167443527519712, 49.407550563954523 ], [ 21.153068267920091, 49.416785293227086 ], [ 21.148889879560212, 49.419486518269814 ], [ 21.134535735092776, 49.428700989399985 ], [ 21.130327231113167, 49.431419784206511 ], [ 21.125850223911243, 49.428861051500661 ], [ 21.110762132004357, 49.420213245134221 ], [ 21.091697704311262, 49.420572254417543 ], [ 21.072632911355033, 49.420928359723291 ], [ 21.053567756135276, 49.421281559842861 ], [ 21.049017550403192, 49.418676658743387 ], [ 21.048543936770034, 49.407113172580104 ], [ 21.052861891157004, 49.404365585109723 ], [ 21.067148409339989, 49.395210009654065 ], [ 21.071435205201329, 49.392480217147593 ], [ 21.090490097503565, 49.392150275856878 ], [ 21.104815882336347, 49.382958155879066 ], [ 21.104329521394366, 49.371395007699356 ], [ 21.089242175502399, 49.362732043899491 ], [ 21.070199748378251, 49.363088052084485 ], [ 21.051156960337718, 49.363441168886069 ], [ 21.046649692423127, 49.360859012257713 ], [ 21.031637070238467, 49.352223733551511 ], [ 21.027114446073025, 49.349631406792554 ], [ 21.01212606529014, 49.341003516449533 ], [ 21.007587005289526, 49.338400382388897 ], [ 20.992623939979662, 49.329780519359765 ], [ 20.988067370681247, 49.327165942282008 ], [ 20.992406914618744, 49.324404650120073 ], [ 21.00665724736567, 49.315272559664749 ], [ 20.991690458760555, 49.306646103384388 ], [ 20.972668554962709, 49.306987592055137 ], [ 20.96809922781194, 49.304363888020369 ], [ 20.953188926110101, 49.295759159470144 ], [ 20.934170786375329, 49.296094855512543 ], [ 20.915152307534317, 49.296427653848426 ], [ 20.90098523278311, 49.305487781121059 ], [ 20.901434610150009, 49.31705229198527 ], [ 20.897021834240334, 49.319891756384308 ], [ 20.88287870434781, 49.328928062864847 ], [ 20.878433928837744, 49.331786039337615 ], [ 20.864314064547504, 49.340800933100702 ], [ 20.859837062236899, 49.343677530840345 ], [ 20.855095040170628, 49.340949309666591 ], [ 20.840367912114402, 49.332431254245236 ], [ 20.821334414200035, 49.332749471661153 ], [ 20.807282881979944, 49.341707018236903 ], [ 20.802723187422085, 49.34463215697906 ], [ 20.788695555627434, 49.353567968642707 ], [ 20.784102991879113, 49.356512012127986 ], [ 20.770099429107884, 49.365426004329819 ], [ 20.765473821377789, 49.368389026503706 ], [ 20.751494485456778, 49.377281121779205 ], [ 20.751909761255881, 49.388846459357815 ], [ 20.752325568370665, 49.400411767073891 ], [ 20.747656506157988, 49.40339911647515 ], [ 20.733703487342538, 49.412264143938486 ], [ 20.729000949749921, 49.415270656776961 ], [ 20.709934261168996, 49.415571050384877 ], [ 20.690867266129917, 49.415868459997931 ], [ 20.685847397474706, 49.412971955954106 ], [ 20.67140706509775, 49.404594784689486 ], [ 20.66636361124581, 49.401682942043315 ], [ 20.651955779154971, 49.393318284202287 ], [ 20.638122702472273, 49.402086598093291 ], [ 20.633280529614701, 49.405174654681694 ], [ 20.619472263619723, 49.413920855097437 ], [ 20.614596279023623, 49.417028098550581 ], [ 20.609462624620253, 49.414060643775791 ], [ 20.609087090133027, 49.402494414836269 ], [ 20.608711546698778, 49.390928164015229 ], [ 20.59440359235909, 49.382606824995847 ], [ 20.589251438136028, 49.379625876276947 ], [ 20.57497848157724, 49.371318604588957 ], [ 20.555927327829828, 49.371594964992433 ], [ 20.542223646297568, 49.380262924879375 ], [ 20.53723671810042, 49.383435846135953 ], [ 20.523557690746607, 49.392081895939931 ], [ 20.518537117488126, 49.395273746847273 ], [ 20.504882735971556, 49.403897915227034 ], [ 20.499828519990213, 49.407108655666839 ], [ 20.480762825712379, 49.407372672912707 ], [ 20.461696859802686, 49.407633589869647 ], [ 20.442630625196283, 49.4078913948062 ], [ 20.437235242172616, 49.404758730099829 ], [ 20.423229693987402, 49.396578347759551 ], [ 20.417806370018567, 49.393427323463548 ], [ 20.403837672692532, 49.385262294820883 ], [ 20.384779603682556, 49.385510706080709 ], [ 20.371312392293571, 49.39398821307897 ], [ 20.366042063489299, 49.397323549383067 ], [ 20.346979008408628, 49.397565614944412 ], [ 20.327915702549685, 49.397804491459276 ], [ 20.322343762253244, 49.39455872753858 ], [ 20.322032784017622, 49.382991016625269 ], [ 20.321721809773234, 49.371423283233284 ], [ 20.321410842748879, 49.359855527322424 ], [ 20.321099886111512, 49.348287748853217 ], [ 20.307317359485754, 49.340203115355266 ], [ 20.293971374812791, 49.348594665580073 ], [ 20.288578003346274, 49.352002763379595 ], [ 20.282948777702604, 49.348717548990308 ], [ 20.269234218325618, 49.340664686185939 ], [ 20.255941587796489, 49.349014188546079 ], [ 20.250485454765521, 49.352457873578004 ], [ 20.244797568823728, 49.349134751345773 ], [ 20.231150123635466, 49.341113228598523 ], [ 20.212107726506591, 49.34133257975386 ], [ 20.193065100390754, 49.341548632736966 ], [ 20.187290719700908, 49.33816854626739 ], [ 20.173747116792526, 49.330194043960368 ], [ 20.167943924079506, 49.32679440786815 ], [ 20.173582660820983, 49.323276280201469 ], [ 20.18673020686504, 49.315031709740182 ], [ 20.173197389651619, 49.307059587432882 ], [ 20.154167689188487, 49.307268870989589 ], [ 20.148334766029901, 49.303848333292159 ], [ 20.134872077866245, 49.295907572085909 ], [ 20.129010517123611, 49.29246744419077 ], [ 20.12874366185239, 49.280898712783781 ], [ 20.128476852210742, 49.269329958243574 ], [ 20.115063691604533, 49.26140853827215 ], [ 20.109170728946669, 49.257945552763594 ], [ 20.108908467387973, 49.246376676574172 ], [ 20.108646260543818, 49.234807777143921 ], [ 20.10838411074144, 49.223238854448006 ], [ 20.095027637968034, 49.21533913231913 ], [ 20.089100766731196, 49.211850842727607 ], [ 20.088843202158348, 49.200281799217997 ], [ 20.088585702778669, 49.188712732348229 ], [ 20.075280006794554, 49.180833259417874 ], [ 20.056298057218633, 49.181024758743732 ], [ 20.043362357639033, 49.189130174279057 ], [ 20.037557767281744, 49.192779993347784 ], [ 20.024638384245591, 49.200869282302129 ], [ 20.018808585690245, 49.204532001455227 ], [ 20.005905180159818, 49.212605391444058 ], [ 20.000050507101921, 49.216280778036023 ], [ 19.987162737523075, 49.224338497784366 ], [ 19.981283526184107, 49.22802631837461 ], [ 19.962282890361504, 49.228200900811444 ], [ 19.943282069728305, 49.228371998760124 ], [ 19.92428106784757, 49.228539604711273 ], [ 19.905279888306502, 49.228703711844389 ], [ 19.899121778509329, 49.225057376865223 ], [ 19.89890923495517, 49.213487681689102 ], [ 19.885864922622826, 49.205728011570045 ], [ 19.879684635328243, 49.202064338131017 ], [ 19.86667008157815, 49.194316590653749 ], [ 19.847681680491494, 49.194469779499975 ], [ 19.828693116676192, 49.194619441386202 ], [ 19.815985641999028, 49.202531945878484 ], [ 19.809893291935445, 49.206334238741135 ], [ 19.803641259579287, 49.202618500169393 ], [ 19.790715515691442, 49.194908174286553 ], [ 19.778038392108797, 49.202793811404987 ], [ 19.771906529164696, 49.206616187564848 ], [ 19.759238767125414, 49.214490235213106 ], [ 19.75941412966823, 49.226060370456047 ], [ 19.759589641859371, 49.237630481696755 ], [ 19.772509971869589, 49.245337144663544 ], [ 19.778757307834631, 49.249074104367224 ], [ 19.778937431223596, 49.260644117443569 ], [ 19.791888787196566, 49.268361638958872 ], [ 19.798117562952598, 49.272084421750932 ], [ 19.811095912672094, 49.27981225392378 ], [ 19.817305740456874, 49.283521478208208 ], [ 19.811218987690442, 49.287315011121926 ], [ 19.798487283141665, 49.295224224343464 ], [ 19.798672403343659, 49.30679408937339 ], [ 19.798857699827867, 49.318363930207873 ], [ 19.799043174850418, 49.329933746832864 ], [ 19.799228830747602, 49.341503539233692 ], [ 19.799414669937104, 49.353073307395178 ], [ 19.799600694919281, 49.364643051301528 ], [ 19.799786908278399, 49.376212770936377 ], [ 19.793681348000426, 49.380009617351611 ], [ 19.780929885163665, 49.387912668881462 ], [ 19.781112085262386, 49.39948239207061 ], [ 19.78129447446937, 49.411052091003953 ], [ 19.775167209939077, 49.41485782628444 ], [ 19.768882867135261, 49.411135290727529 ], [ 19.755915747189089, 49.403426507775016 ], [ 19.749614808671325, 49.399690894035601 ], [ 19.736673210126181, 49.391991508513925 ], [ 19.730356414753704, 49.388243217883648 ], [ 19.717439593844233, 49.380552809034718 ], [ 19.704749020669329, 49.388402150287888 ], [ 19.698542811254441, 49.392249327854898 ], [ 19.685862319897051, 49.400086651431565 ], [ 19.679637047665874, 49.403942576648227 ], [ 19.660567035062609, 49.404062851005669 ], [ 19.641496894852914, 49.404179628151944 ], [ 19.628851343066238, 49.411981654386594 ], [ 19.628998842503538, 49.423551701004854 ], [ 19.641849366638532, 49.431213838364663 ], [ 19.648213056666105, 49.43501642290051 ], [ 19.64194953334427, 49.438889086513285 ], [ 19.62929425344716, 49.446691722757684 ], [ 19.623012403211227, 49.450572638063775 ], [ 19.603924078108275, 49.450682875221588 ], [ 19.584835636210595, 49.450789626080201 ], [ 19.57221214237002, 49.458558995246925 ], [ 19.572347051247249, 49.470129065576877 ], [ 19.566013570491755, 49.474033414249085 ], [ 19.553395342138803, 49.481791998488291 ], [ 19.553526117015306, 49.49336205859457 ], [ 19.553657016408508, 49.504932094989023 ], [ 19.54730279226327, 49.508844511758802 ], [ 19.534687490069889, 49.516591955402092 ], [ 19.53481424190797, 49.528161980454101 ], [ 19.53494112005566, 49.539731981800955 ], [ 19.535068127643918, 49.551301959429708 ], [ 19.528690481209164, 49.555223233449006 ], [ 19.516076454187946, 49.562958749951363 ], [ 19.516199301179686, 49.574528715127606 ], [ 19.509801985221646, 49.578458152556372 ], [ 19.490663428896429, 49.578548642623055 ], [ 19.4780651869638, 49.586262993596492 ], [ 19.471636302542574, 49.590206442017461 ], [ 19.459045598991867, 49.597910438721669 ], [ 19.459155527434181, 49.609480430530105 ], [ 19.452707240579151, 49.613431835831278 ], [ 19.446162488076375, 49.609531237041281 ], [ 19.446058401770582, 49.597961213774752 ], [ 19.433349676158986, 49.590370341163933 ], [ 19.414206234658952, 49.590447123210545 ], [ 19.407648967934694, 49.586532414496951 ], [ 19.407554220639074, 49.57496228697984 ], [ 19.394875929328872, 49.567378192420222 ], [ 19.375741379798018, 49.56744790922 ], [ 19.369174221698206, 49.56352059627379 ], [ 19.369088842011436, 49.551950369686949 ], [ 19.369003504457076, 49.540380119777133 ], [ 19.356354138876362, 49.532800116743765 ], [ 19.337232999927362, 49.532862674157002 ], [ 19.318111795849493, 49.532921811552299 ], [ 19.29899053035048, 49.532977535235609 ], [ 19.279869207129313, 49.533029851700419 ], [ 19.273281166818172, 49.529075245726162 ], [ 19.260686291859248, 49.521506858140505 ], [ 19.254097479235678, 49.517548415247155 ], [ 19.241512387409962, 49.509980239518541 ], [ 19.234923479368021, 49.506018366643566 ], [ 19.234870898501331, 49.494447881547238 ], [ 19.234818365711906, 49.482877373116942 ], [ 19.222242698405051, 49.47530556535267 ], [ 19.215663445328161, 49.471344034059243 ], [ 19.222206759609623, 49.467361100322641 ], [ 19.234713449057217, 49.459736286238751 ], [ 19.222138042504795, 49.452161000546276 ], [ 19.203048051245126, 49.452199032938793 ], [ 19.196475102613356, 49.448236881005819 ], [ 19.196432066667885, 49.436666250727747 ], [ 19.196389080595811, 49.42509559711263 ], [ 19.196346144935958, 49.413524920158025 ], [ 19.183785015442751, 49.405943301000192 ], [ 19.164712902519966, 49.405974194653609 ], [ 19.145640758560084, 49.40600174879836 ], [ 19.126568587143126, 49.406025971446844 ], [ 19.107496391836371, 49.406046870458439 ], [ 19.094992483467841, 49.413652598857048 ], [ 19.088444966608851, 49.417637617565525 ], [ 19.081878714600482, 49.413662628020447 ], [ 19.069351943760427, 49.406078728063981 ], [ 19.050279698064639, 49.406089701345024 ], [ 19.043719120951092, 49.40211258867344 ], [ 19.031200109617878, 49.394523898922209 ], [ 19.012132329453753, 49.394528203045617 ], [ 18.993064546622676, 49.394529228608647 ], [ 18.973996764608735, 49.39452698165141 ], [ 18.961481516428812, 49.402114438089129 ], [ 18.961477339617186, 49.413685199553434 ], [ 18.973982632996343, 49.421276654303966 ], [ 18.980551769684695, 49.425260720075158 ], [ 18.980551878345903, 49.436831436093456 ], [ 18.980551956729776, 49.448402128834054 ], [ 18.973966166778396, 49.452395241485966 ], [ 18.961460299693435, 49.459968012566392 ], [ 18.961455956323803, 49.471538657616144 ], [ 18.96145157980558, 49.483109279387634 ], [ 18.961447170399165, 49.494679877882518 ], [ 18.961442728460252, 49.50625045310241 ], [ 18.954822746111017, 49.510257738604764 ], [ 18.942324491003117, 49.517813055987602 ], [ 18.935694856599852, 49.521823192397946 ], [ 18.916577639422442, 49.521811958576684 ], [ 18.90995566821725, 49.517792393036842 ], [ 18.897484630105147, 49.510223825707506 ], [ 18.878371955537148, 49.51020596365148 ], [ 18.865867475637234, 49.517749682003696 ], [ 18.859226086926117, 49.52175857588297 ], [ 18.846721962950326, 49.529296439228453 ], [ 18.846691095949964, 49.540866911514335 ], [ 18.84666017898633, 49.552437360488724 ], [ 18.839995623536467, 49.556455412521494 ], [ 18.827496768112297, 49.563980850131038 ], [ 18.827461348219437, 49.575551242582534 ], [ 18.827425877114866, 49.587121611720519 ], [ 18.827390355604642, 49.598691957547757 ], [ 18.827354784611671, 49.610262280067218 ], [ 18.820652960733494, 49.614296101901502 ], [ 18.80816449467207, 49.621802424194428 ], [ 18.808124405405444, 49.633372688902838 ], [ 18.808084266792797, 49.644942930304062 ], [ 18.808044080198155, 49.656513148401935 ], [ 18.808003847119718, 49.668083343200536 ], [ 18.801264289250515, 49.672133131650781 ], [ 18.788786580555094, 49.679620127704283 ], [ 18.782036615116706, 49.683673114089487 ], [ 18.762856150532464, 49.683636408075124 ], [ 18.756139603517777, 49.679555984859654 ], [ 18.743736554327189, 49.672022863171073 ], [ 18.731254632804962, 49.679500911093434 ], [ 18.724495350718179, 49.683553095951446 ], [ 18.712014463084984, 49.691024893170862 ], [ 18.711951867845919, 49.702594942933572 ], [ 18.705175027098203, 49.706653647336836 ], [ 18.685985639177172, 49.706603820235848 ], [ 18.666796307426544, 49.706550683764846 ], [ 18.647607035427598, 49.706494235139175 ], [ 18.635123719006852, 49.713948593736845 ], [ 18.635043183147822, 49.725518513935228 ], [ 18.628241153731274, 49.72958181739039 ], [ 18.615761886010581, 49.73702631836607 ], [ 18.615676756466012, 49.748596167931183 ], [ 18.615591562822988, 49.760165994133487 ], [ 18.61550630721959, 49.771735796981808 ], [ 18.608670572327004, 49.77581329171997 ], [ 18.596202246861939, 49.783240200294223 ], [ 18.596112396140509, 49.794809931239868 ], [ 18.58925841453064, 49.79889424170895 ], [ 18.576794609947893, 49.806311021471522 ], [ 18.576700161601966, 49.81788067924186 ], [ 18.569827746485572, 49.821971894091455 ], [ 18.557368629651542, 49.829378449886754 ], [ 18.569695521324324, 49.83687832099919 ], [ 18.576511101488318, 49.84101992481736 ], [ 18.576416495812325, 49.852589512648244 ], [ 18.588739944193136, 49.860079885163273 ], [ 18.595572178527931, 49.864227827253728 ], [ 18.588669853783284, 49.868335276740474 ], [ 18.576227149769956, 49.875728618465629 ], [ 18.576132416566228, 49.887298136481832 ], [ 18.576037648326604, 49.898867631257339 ], [ 18.575942849104024, 49.910437102808778 ], [ 18.569004664189197, 49.914559905258095 ], [ 18.556574969658477, 49.921934464607816 ], [ 18.549625401588337, 49.926060866391232 ], [ 18.542751234648641, 49.921880787464318 ], [ 18.542867559627705, 49.910311441960303 ], [ 18.530574163357805, 49.902837925507953 ], [ 18.511307479694487, 49.902758623506706 ], [ 18.492040885298955, 49.902675945442951 ], [ 18.479598294032339, 49.910044784189964 ], [ 18.472648209561651, 49.914163491537622 ], [ 18.460206878183389, 49.921525974154669 ], [ 18.453246323646059, 49.925647692820739 ], [ 18.433970794813874, 49.925554886812826 ], [ 18.421527192747352, 49.932909314586198 ], [ 18.414555181038228, 49.93703234782496 ], [ 18.395275248038153, 49.936932734651258 ], [ 18.375995427166025, 49.936829691655305 ], [ 18.356715722292108, 49.936723208566924 ], [ 18.349857810270017, 49.932529715893409 ], [ 18.337594793833794, 49.925039509585567 ], [ 18.330751100981129, 49.920851184200771 ], [ 18.318483116338449, 49.91335230748377 ], [ 18.306005800302735, 49.920705746457003 ], [ 18.29904523258292, 49.924809202984541 ], [ 18.286566836185706, 49.932157666137726 ], [ 18.28640425611902, 49.943726516642997 ], [ 18.286241614153301, 49.955295343838138 ], [ 18.279252790648179, 49.959410324493014 ], [ 18.266784108699184, 49.966743799491177 ], [ 18.259787012708419, 49.970860381777015 ], [ 18.24049421864683, 49.970733084192837 ], [ 18.221201568438328, 49.970602264453412 ], [ 18.208716730568771, 49.977932067161376 ], [ 18.208535890938613, 49.989500629426765 ], [ 18.201525998709567, 49.993615808730752 ], [ 18.182224388394509, 49.993477950782648 ], [ 18.175371542311694, 49.989269650703186 ], [ 18.163123793481503, 49.981762531220518 ], [ 18.150618650637057, 49.989091075615931 ], [ 18.143621640437985, 49.993191541020771 ], [ 18.12432051107206, 49.993042963294279 ], [ 18.111801516763485, 50.000370224103634 ], [ 18.104804656614597, 50.004464875342471 ], [ 18.092281472732338, 50.011788966208421 ], [ 18.092073455937413, 50.023357128428337 ], [ 18.091865381273394, 50.034925267447491 ], [ 18.084839788300648, 50.0390315890618 ], [ 18.072326677720746, 50.046340483102021 ], [ 18.065295872302681, 50.050446516905183 ], [ 18.052778413817315, 50.057752330947856 ], [ 18.045742694553844, 50.061857895447979 ], [ 18.026414599520066, 50.061691354400303 ], [ 18.019576356370646, 50.057476621332668 ], [ 18.007325539798778, 50.049946796524523 ], [ 18.000513238720899, 50.045744251228371 ], [ 18.000764441975509, 50.034176614985682 ], [ 18.007734485229413, 50.030111900805885 ], [ 18.014557902706922, 50.03429456275763 ], [ 18.026816380696321, 50.041830060762514 ], [ 18.039375340375443, 50.034502646941121 ], [ 18.039616708922829, 50.022934846773637 ], [ 18.039857838104986, 50.01136702187096 ], [ 18.027584046886638, 50.003820019530096 ], [ 18.008279358282763, 50.003649683337237 ], [ 17.995690644133091, 50.010993143924075 ], [ 17.988732006031359, 50.015049935105168 ], [ 17.981971664293059, 50.010873589011325 ], [ 17.969670567442257, 50.003297982890999 ], [ 17.950366473747621, 50.003116597173857 ], [ 17.943650603739894, 49.998961138371357 ], [ 17.931319187534118, 49.991357202521733 ], [ 17.924633324696252, 49.987216493863833 ], [ 17.912281209121616, 49.979594078740796 ], [ 17.89298701313016, 49.97940151056882 ], [ 17.886351451155416, 49.975285340862463 ], [ 17.873963184508071, 49.967630906369514 ], [ 17.86122339241679, 49.97504138604242 ], [ 17.854399283928448, 49.979005183142185 ], [ 17.841646413422087, 49.986417568874458 ], [ 17.834826173759183, 49.990375790775339 ], [ 17.82205973791655, 49.997790354496217 ], [ 17.821789075654575, 50.00935759487372 ], [ 17.814959260800389, 50.013317204511381 ], [ 17.795652305180809, 50.013105994310926 ], [ 17.782857294573802, 50.020525717540075 ], [ 17.782577551165847, 50.032092756646485 ], [ 17.775757290441977, 50.036040197597558 ], [ 17.762957248120642, 50.043455223379382 ], [ 17.762672901383041, 50.055022136971075 ], [ 17.762388490241477, 50.066589027511853 ], [ 17.755543694864233, 50.070545705667676 ], [ 17.742749434603297, 50.077947872189291 ], [ 17.735909919158807, 50.081898196273421 ], [ 17.723100696063916, 50.089303295474537 ], [ 17.722807170936232, 50.100869954788045 ], [ 17.715957494688883, 50.104822038373413 ], [ 17.703144231267107, 50.112221846718136 ], [ 17.69630033074019, 50.116167310639632 ], [ 17.689723491100811, 50.112071157425319 ], [ 17.677271945926137, 50.104358614473398 ], [ 17.657929569888037, 50.104121248386072 ], [ 17.645032069414459, 50.111558168002539 ], [ 17.644720564785704, 50.123124442114218 ], [ 17.637930752117271, 50.127030543902556 ], [ 17.625028010117639, 50.134462808354229 ], [ 17.618246242409157, 50.138361043414619 ], [ 17.605325809993499, 50.145797730189123 ], [ 17.598552450673512, 50.149687906016318 ], [ 17.585613974112242, 50.157129203641986 ], [ 17.598108224690591, 50.16487885561861 ], [ 17.604684592197732, 50.168929765041845 ], [ 17.617142009457972, 50.176650757277592 ], [ 17.636514203351329, 50.176863933754589 ], [ 17.655886617184361, 50.177074424569255 ], [ 17.662560553618569, 50.181180459493334 ], [ 17.674939518568795, 50.188839009264058 ], [ 17.69431703266142, 50.18904435082267 ], [ 17.701056590178357, 50.193187082696625 ], [ 17.713384167963692, 50.200804093905624 ], [ 17.732766774966112, 50.201004283117094 ], [ 17.739567759906748, 50.205181019804321 ], [ 17.751848149903527, 50.212759172033813 ], [ 17.758686531864907, 50.21695652158779 ], [ 17.758401525318867, 50.228523093003275 ], [ 17.758116503699362, 50.240089641940948 ], [ 17.751027774413373, 50.24417485280577 ], [ 17.738409795182964, 50.25144693904295 ], [ 17.731320827875184, 50.255528946413293 ], [ 17.718693444601829, 50.262800797044427 ], [ 17.718399435320599, 50.274367116876967 ], [ 17.730619841024321, 50.281901803966271 ], [ 17.737541223781008, 50.286146143420289 ], [ 17.749732652264971, 50.293657277053754 ], [ 17.756691333851872, 50.297922051334666 ], [ 17.749512493067709, 50.302055086978825 ], [ 17.730089364929739, 50.301833498024301 ], [ 17.717517423554579, 50.309065943066983 ], [ 17.71722344198702, 50.320632174226901 ], [ 17.710040097430745, 50.324761088286756 ], [ 17.690608048797859, 50.324532032356359 ], [ 17.68371424609067, 50.320257605729893 ], [ 17.684051527180348, 50.30869192062746 ], [ 17.684388380328127, 50.297126208356282 ], [ 17.672143846505822, 50.289569626790637 ], [ 17.665331182176189, 50.285339388513492 ], [ 17.653053291028385, 50.277756491543393 ], [ 17.646284574726899, 50.273549510436951 ], [ 17.633972209174292, 50.265939575848535 ], [ 17.614564811455018, 50.265695145360638 ], [ 17.601797484260263, 50.273022808195662 ], [ 17.594816981088449, 50.277023330064594 ], [ 17.575405443027588, 50.276771374908769 ], [ 17.568746028911026, 50.272620466164817 ], [ 17.556344321525337, 50.264939164422053 ], [ 17.536938072886958, 50.264679621244113 ], [ 17.524049690914747, 50.272061409776583 ], [ 17.517172581861434, 50.275992858967001 ], [ 17.497762225836507, 50.275725823623333 ], [ 17.491225915521365, 50.271639900301508 ], [ 17.478721126908425, 50.263878431395419 ], [ 17.459316091239106, 50.263603876286531 ], [ 17.452867147703614, 50.259565749144045 ], [ 17.440289479981111, 50.251749049333618 ], [ 17.427212578906019, 50.259221345570317 ], [ 17.426851350085531, 50.270786291231936 ], [ 17.420123894342115, 50.274620258063806 ], [ 17.400715103594671, 50.274334564667271 ], [ 17.387598011508306, 50.281818132926681 ], [ 17.380913898485232, 50.285621980617549 ], [ 17.3745642492012, 50.281636569454378 ], [ 17.374978843591641, 50.270072498652105 ], [ 17.362295680440496, 50.262175409413516 ], [ 17.34908330332329, 50.269707491810699 ], [ 17.348704038705502, 50.281272000118378 ], [ 17.348324761512554, 50.292836486593224 ], [ 17.34794547427834, 50.304400951275724 ], [ 17.341283427376208, 50.308186169299177 ], [ 17.328105004644172, 50.315687112608579 ], [ 17.321454150494102, 50.319462958293833 ], [ 17.302028170889852, 50.319158914702648 ], [ 17.282602534453101, 50.318851232792547 ], [ 17.269321783844347, 50.326396654683521 ], [ 17.262755141212388, 50.330117219618295 ], [ 17.243325482876497, 50.329802296112753 ], [ 17.229980722829112, 50.33737420722251 ], [ 17.223464350095199, 50.341061170058822 ], [ 17.210097444758556, 50.348639700139707 ], [ 17.209686400213243, 50.360203279503637 ], [ 17.203156707941144, 50.363894205274839 ], [ 17.189789223792399, 50.371465112557921 ], [ 17.189373633397469, 50.383028533027684 ], [ 17.182829342619602, 50.386724145941429 ], [ 17.163377485647661, 50.386394797617328 ], [ 17.157244406916526, 50.382523828593527 ], [ 17.144377914176488, 50.374484059597457 ], [ 17.130900365197, 50.38210337184838 ], [ 17.124474880815178, 50.385725480072345 ], [ 17.110975101373992, 50.393351360266614 ], [ 17.110541213994225, 50.404914259165047 ], [ 17.104100449853814, 50.408541520535103 ], [ 17.084640614101911, 50.408197995262348 ], [ 17.065181160412646, 50.40785098779358 ], [ 17.045722091836335, 50.407500517715647 ], [ 17.032086135291095, 50.415183195509421 ], [ 17.025782140876647, 50.418724587748763 ], [ 17.006319112481638, 50.418367174482498 ], [ 16.986856478672053, 50.418006350572888 ], [ 16.967394242386487, 50.417642135422788 ], [ 16.953594725243132, 50.425398704377287 ], [ 16.94743184664696, 50.428852358384084 ], [ 16.933609760013606, 50.436615484163774 ], [ 16.927460033943042, 50.440059202264798 ], [ 16.913615675693176, 50.447828698747315 ], [ 16.90747879864433, 50.451262672134405 ], [ 16.901741920625653, 50.447615127555167 ], [ 16.888519426354616, 50.439306891275685 ], [ 16.88285577465485, 50.435702750763554 ], [ 16.883399471147342, 50.424142451604588 ], [ 16.870089125047265, 50.415770856476676 ], [ 16.864526620279886, 50.412227216556161 ], [ 16.870396122945053, 50.408925881616561 ], [ 16.884484756813432, 50.40102175200083 ], [ 16.890368643379688, 50.397709528280409 ], [ 16.904433130476889, 50.389812719030054 ], [ 16.910331766521086, 50.38648939606724 ], [ 16.924371760560238, 50.378600122112736 ], [ 16.924902500684126, 50.367039359598984 ], [ 16.925432564195241, 50.355478563937524 ], [ 16.931289967967299, 50.352173411175329 ], [ 16.945350642301534, 50.344262050359561 ], [ 16.945874631496817, 50.332701043359542 ], [ 16.946397958912598, 50.321140003546347 ], [ 16.952217413324693, 50.317851255233265 ], [ 16.966295565275615, 50.30991958502662 ], [ 16.972132302030037, 50.306618335426101 ], [ 16.991551433189041, 50.306929421872049 ], [ 17.005554636719992, 50.299029684137935 ], [ 17.011452614267039, 50.295689449656784 ], [ 17.025428701990336, 50.287798817995501 ], [ 17.025930523062833, 50.276237081907404 ], [ 17.026431721071926, 50.264675313949645 ], [ 17.013093692926546, 50.256291318194364 ], [ 17.007579609759848, 50.252783234260065 ], [ 17.0080842870032, 50.24122154180619 ], [ 17.013856558604211, 50.237946904464543 ], [ 17.027931604394627, 50.229989819322363 ], [ 17.014537153634162, 50.22156474949518 ], [ 16.995154634477547, 50.221205601607842 ], [ 16.981031842966896, 50.229184126500044 ], [ 16.980565521710705, 50.240746423286744 ], [ 16.97479176522322, 50.243993610097959 ], [ 16.969389668473134, 50.240551606059803 ], [ 16.96990312154719, 50.228990163119846 ], [ 16.956390764859371, 50.220477486120316 ], [ 16.937009419956357, 50.220108555443495 ], [ 16.917628472012225, 50.219736400012366 ], [ 16.898247923783444, 50.219361037118475 ], [ 16.89306862906065, 50.21605134301052 ], [ 16.8935994773537, 50.204490411382622 ], [ 16.879894008471016, 50.195834041612294 ], [ 16.860523624734348, 50.195452626547521 ], [ 16.846025780477976, 50.203617791680387 ], [ 16.840631350875146, 50.206641887151328 ], [ 16.835605947154551, 50.203424061289397 ], [ 16.836150046167194, 50.191863540525951 ], [ 16.822310701659386, 50.183106868928739 ], [ 16.802946218865408, 50.182716227836565 ], [ 16.798050677174089, 50.179576601512288 ], [ 16.798602678539474, 50.168016315532263 ], [ 16.799154020910091, 50.156455996230115 ], [ 16.785187899794913, 50.147603985563173 ], [ 16.780397332849137, 50.144528083582273 ], [ 16.766377437587106, 50.135635371106943 ], [ 16.747032857208421, 50.135236226404146 ], [ 16.742346728159969, 50.132223397855434 ], [ 16.742909840750563, 50.120663437636679 ], [ 16.728784621242678, 50.111690579704828 ], [ 16.724178962571479, 50.108726710138548 ], [ 16.710002251664349, 50.099714447959975 ], [ 16.690672892336547, 50.099306805795656 ], [ 16.671343960680886, 50.098896157576178 ], [ 16.656244403208053, 50.107374612013217 ], [ 16.651449458009402, 50.110053192884195 ], [ 16.632116744776024, 50.109636341864046 ], [ 16.616943118606979, 50.118145334858021 ], [ 16.616387500387514, 50.129705024288008 ], [ 16.611632734168229, 50.132357453497875 ], [ 16.592291599157495, 50.131934194079506 ], [ 16.577060838075031, 50.140461843340816 ], [ 16.576495574161552, 50.15202116519287 ], [ 16.571779016971966, 50.154648628422706 ], [ 16.556536478729271, 50.163173874801956 ], [ 16.555966320883471, 50.174732989472446 ], [ 16.555396103094321, 50.186292082898987 ], [ 16.55482582872623, 50.197851155159711 ], [ 16.554255501157222, 50.209410206333153 ], [ 16.553685123777214, 50.220969236498085 ], [ 16.548876387841442, 50.223643466859706 ], [ 16.533693100948799, 50.232117431982871 ], [ 16.528901044662891, 50.234780546779987 ], [ 16.513692297218444, 50.243262038166627 ], [ 16.508916401234753, 50.245914344003914 ], [ 16.493682711971662, 50.254403051390355 ], [ 16.493097774443921, 50.265961495808156 ], [ 16.488313634458564, 50.268616013677295 ], [ 16.473074558804061, 50.277098721379339 ], [ 16.468305278443772, 50.279743178623782 ], [ 16.45304255452675, 50.288232345276157 ], [ 16.452447876517084, 50.299790385737957 ], [ 16.447668168117257, 50.302438271125972 ], [ 16.432402225088861, 50.310920210569002 ], [ 16.431802654645395, 50.322478036948596 ], [ 16.427011086019046, 50.325130137824694 ], [ 16.407594592819517, 50.324676019280936 ], [ 16.388178578953525, 50.324218912881143 ], [ 16.372826616918271, 50.332730750475825 ], [ 16.372212482589852, 50.344288007831715 ], [ 16.367483640374338, 50.346900572740381 ], [ 16.352131631671757, 50.355403368860799 ], [ 16.366505007951428, 50.364581482829088 ], [ 16.370984117285534, 50.367402462157457 ], [ 16.366202510925515, 50.370043099579178 ], [ 16.350893517007169, 50.378517424973438 ], [ 16.346122719670639, 50.381150300691615 ], [ 16.326684631563836, 50.380682950075098 ], [ 16.30724703779028, 50.380212611173071 ], [ 16.302928024167777, 50.37741437068663 ], [ 16.288470001827534, 50.368168773559155 ], [ 16.272997218328822, 50.376716008826499 ], [ 16.268373345620727, 50.379262978828237 ], [ 16.252882103101598, 50.387813618931474 ], [ 16.252238683081526, 50.399369680253272 ], [ 16.24759693715486, 50.401924240641826 ], [ 16.232109852441091, 50.410463441787776 ], [ 16.227476367922471, 50.413011733231166 ], [ 16.211972200667233, 50.421553557165481 ], [ 16.207346413709871, 50.424095898007835 ], [ 16.191825724029197, 50.432640022650176 ], [ 16.191167553223565, 50.444195437691938 ], [ 16.205617599670795, 50.453445992213979 ], [ 16.210012334637355, 50.456220374198523 ], [ 16.224410222445293, 50.465430635220237 ], [ 16.243883837303539, 50.465872616181557 ], [ 16.248377589810215, 50.468705635289723 ], [ 16.262691250764465, 50.477850266112341 ], [ 16.282170609222092, 50.478285324066334 ], [ 16.28676613522606, 50.481178596954599 ], [ 16.300992814357105, 50.490255985897669 ], [ 16.305654663052675, 50.493188686787853 ], [ 16.305025752187003, 50.50474512836746 ], [ 16.319170841126866, 50.513761730169271 ], [ 16.3342996684373, 50.505419578158822 ], [ 16.339314901770983, 50.502647816562664 ], [ 16.358805710994133, 50.503069063890514 ], [ 16.363612799990033, 50.506087536741475 ], [ 16.377657500888649, 50.515025792777955 ], [ 16.382534207869178, 50.518085619801049 ], [ 16.3965188597004, 50.526978966502867 ], [ 16.401466248662484, 50.530080771198463 ], [ 16.396187796024936, 50.532990351045662 ], [ 16.381315546735486, 50.541199848449942 ], [ 16.39524734142292, 50.550055725386628 ], [ 16.400257402916278, 50.553195315003535 ], [ 16.399653029868425, 50.564752558989476 ], [ 16.413494980974047, 50.573542781716569 ], [ 16.433016217069678, 50.573950751835163 ], [ 16.438172955707866, 50.577177424478307 ], [ 16.437578417645064, 50.588734979433383 ], [ 16.432045896625969, 50.591784541465763 ], [ 16.417411638081063, 50.599859987309515 ], [ 16.411884776328737, 50.602904311524341 ], [ 16.397235933097413, 50.610981350450231 ], [ 16.391714159114404, 50.614020759338061 ], [ 16.377051302082567, 50.622099065164221 ], [ 16.376442295158817, 50.633656022935476 ], [ 16.370887988961972, 50.636710596279777 ], [ 16.356243887328926, 50.644769889847915 ], [ 16.350693134026688, 50.64782038958802 ], [ 16.336036545524362, 50.655880099551766 ], [ 16.330488759505869, 50.658926852780255 ], [ 16.310936612629515, 50.658453286627584 ], [ 16.291384974687105, 50.657976650977751 ], [ 16.276627581005943, 50.66607679946528 ], [ 16.271162511726011, 50.669073130618521 ], [ 16.251607109534451, 50.668590108932683 ], [ 16.232052226026017, 50.668104031066697 ], [ 16.227104823785933, 50.66490824188454 ], [ 16.227820407472482, 50.653354370778324 ], [ 16.228535056751685, 50.641800458100661 ], [ 16.214553589384437, 50.632889532382535 ], [ 16.195014110347628, 50.63239818522559 ], [ 16.179977486200908, 50.640634593221137 ], [ 16.174780817570351, 50.643478123062593 ], [ 16.15523761224415, 50.642980430886823 ], [ 16.140149180048788, 50.651234267576058 ], [ 16.134990558214227, 50.654053708415489 ], [ 16.115443638384178, 50.653549672026003 ], [ 16.095897258386021, 50.653042608831925 ], [ 16.091240507305351, 50.650022792963419 ], [ 16.07707015144716, 50.640959395125414 ], [ 16.072481140793542, 50.637981421948027 ], [ 16.073231783300351, 50.626429042301183 ], [ 16.058975188194776, 50.617301669947061 ], [ 16.054484431482958, 50.614384918603541 ], [ 16.040171586706606, 50.605214647060109 ], [ 16.035745435980697, 50.602337887191645 ], [ 16.021377579984389, 50.593125455542328 ], [ 16.005894189860292, 50.601573839728871 ], [ 16.001121966745075, 50.604175738650184 ], [ 15.985629563913573, 50.612622258153792 ], [ 15.999997675737859, 50.621840118369683 ], [ 16.004488952372778, 50.624680522723345 ], [ 16.003786335202708, 50.636233837071551 ], [ 16.003083723664385, 50.647787133453313 ], [ 16.002381121022637, 50.659340411963974 ], [ 16.001678530391249, 50.670893672694987 ], [ 15.996696352973984, 50.673606571640804 ], [ 15.981384229808091, 50.681940751912109 ], [ 15.976399559255334, 50.684653157636866 ], [ 15.956842692891957, 50.684124031764185 ], [ 15.937286394033517, 50.683591883292294 ], [ 15.917730665967989, 50.683056712631917 ], [ 15.91327489464053, 50.680155398637957 ], [ 15.898938813372729, 50.670947376898752 ], [ 15.879389022640165, 50.670406476787562 ], [ 15.86385492869614, 50.678834949674709 ], [ 15.863117611228404, 50.690386707861357 ], [ 15.858293539854866, 50.693003836690956 ], [ 15.84278568020258, 50.701408918415048 ], [ 15.842043387994133, 50.712960426042542 ], [ 15.837177370944358, 50.715597933841053 ], [ 15.821697554883883, 50.723978675145204 ], [ 15.820950285819668, 50.735529931056476 ], [ 15.820203018819365, 50.74708116959512 ], [ 15.815254826400334, 50.749760202580575 ], [ 15.795673824302375, 50.749204966130655 ], [ 15.791199744624247, 50.746285935701756 ], [ 15.776888677983758, 50.737075908739293 ], [ 15.757313676519722, 50.736514930113849 ], [ 15.737739279005849, 50.735950918162303 ], [ 15.718165488840629, 50.735383871943284 ], [ 15.698592309432936, 50.734813790387427 ], [ 15.682937264669599, 50.743253552954521 ], [ 15.68215510508368, 50.754803217143575 ], [ 15.677380663705284, 50.75737923196607 ], [ 15.657799115596616, 50.756802412546421 ], [ 15.638218189741176, 50.756222551683294 ], [ 15.622530358920335, 50.764661873192132 ], [ 15.617803095004648, 50.767208324437469 ], [ 15.602116104647104, 50.775640354733653 ], [ 15.597378448478942, 50.778190646955196 ], [ 15.577789801486592, 50.777600979509472 ], [ 15.558201791793021, 50.777008262586236 ], [ 15.53861442287449, 50.776412494559061 ], [ 15.519027698214904, 50.775813673732749 ], [ 15.503219168927037, 50.784286335248154 ], [ 15.498576834329135, 50.786778974820862 ], [ 15.478986602553354, 50.786173701062523 ], [ 15.463151462051888, 50.794649282554268 ], [ 15.458522029180985, 50.797132125334713 ], [ 15.44269059847343, 50.805598834219417 ], [ 15.438047896149843, 50.808087067050167 ], [ 15.43385363032249, 50.805328711399085 ], [ 15.419335240848355, 50.79590558597647 ], [ 15.415199237578964, 50.793183758859826 ], [ 15.416117607320871, 50.781639471682091 ], [ 15.401521075670637, 50.772156537954082 ], [ 15.381938958944028, 50.771536295568303 ], [ 15.365930426069893, 50.780084699418602 ], [ 15.365068401989308, 50.791630478325473 ], [ 15.364206311235685, 50.80317623943354 ], [ 15.363344156698419, 50.814721982847828 ], [ 15.362481941014645, 50.826267708665604 ], [ 15.361619666550334, 50.837813416975685 ], [ 15.356957781163572, 50.840305558416198 ], [ 15.341118930411872, 50.848744250851723 ], [ 15.336441217510748, 50.851243104086485 ], [ 15.320609200314122, 50.85967127754212 ], [ 15.315915070603944, 50.862177142649102 ], [ 15.300090472053228, 50.870594493225816 ], [ 15.295379335437836, 50.873107669926789 ], [ 15.279562741394995, 50.881513894078992 ], [ 15.278680174978232, 50.893058505405648 ], [ 15.277797544552476, 50.904603099417727 ], [ 15.272985520759452, 50.907167051788996 ], [ 15.257250666455253, 50.915518134845101 ], [ 15.256362897578109, 50.927062438168697 ], [ 15.270649887807471, 50.936351910096882 ], [ 15.275149270828761, 50.93923677777407 ], [ 15.28938272941309, 50.948484459457134 ], [ 15.293946678555685, 50.951408313541883 ], [ 15.288936837184494, 50.954076299392057 ], [ 15.273383429994288, 50.962325810232961 ], [ 15.272500407582005, 50.973870300432225 ], [ 15.267424811677666, 50.976570697342837 ], [ 15.247759895175111, 50.975925665748122 ], [ 15.232229804716495, 50.984149313840881 ], [ 15.231336585484893, 50.995693255283413 ], [ 15.22621757777998, 50.998412832818119 ], [ 15.221613413512955, 50.995378763155728 ], [ 15.20748859345575, 50.986193476691362 ], [ 15.202949069730707, 50.983199918814719 ], [ 15.18876939085996, 50.973971997826219 ], [ 15.173156590585265, 50.982226358396076 ], [ 15.172248304313147, 50.993769518792384 ], [ 15.17133992951381, 51.005312661557156 ], [ 15.170431462602528, 51.016855786588813 ], [ 15.165290184426715, 51.019581969755883 ], [ 15.160671822330857, 51.016535054422008 ], [ 15.146569520231091, 51.007353132740604 ], [ 15.142015633392882, 51.00434665041481 ], [ 15.143016365014754, 50.992806706278827 ], [ 15.128822319846444, 50.983556164896299 ], [ 15.11316969835185, 50.991816058607924 ], [ 15.108189032168228, 50.99445471943924 ], [ 15.09255052665306, 51.002700383655025 ], [ 15.09162197257996, 51.014242447995727 ], [ 15.086571370119371, 51.016915534413315 ], [ 15.066893498970803, 51.016241148707252 ], [ 15.062385352750102, 51.013259363156052 ], [ 15.048200815858317, 51.003998549264793 ], [ 15.032526175812432, 51.012247750869371 ], [ 15.027539980866225, 51.014883032382762 ], [ 15.007864341145984, 51.014199298121682 ], [ 14.988189452475869, 51.013512444030809 ], [ 14.983763704162865, 51.010579204593043 ], [ 14.984803224531646, 50.999041502312735 ], [ 14.985841542155796, 50.987503743782419 ], [ 14.990652688159781, 50.984985996987888 ], [ 15.010317587387165, 50.98564874122328 ], [ 15.026160414898229, 50.977310966854859 ], [ 15.02718694175231, 50.965772542403066 ], [ 15.028212272224454, 50.954234062160893 ], [ 15.01381912671871, 50.944817091387961 ], [ 15.009609370604529, 50.942025487858885 ], [ 15.010636992289751, 50.930487171437989 ], [ 14.996162505152352, 50.921007920013878 ], [ 14.99204618788918, 50.918276011307711 ], [ 14.996602678659094, 50.915886639893934 ], [ 15.012688648909343, 50.907410370955965 ], [ 14.998148935040707, 50.897884510209487 ], [ 14.994104808476294, 50.895199651453929 ], [ 14.998581013683772, 50.892850758057826 ], [ 15.014735538800705, 50.884333347492351 ], [ 15.015757203445572, 50.872794752391208 ], [ 15.001123476222151, 50.863201423179028 ], [ 14.981512252302037, 50.862516182210896 ], [ 14.961901777942355, 50.861827827106666 ], [ 14.942292056749906, 50.861136355971979 ], [ 14.926039670604347, 50.869692831147837 ], [ 14.921672983971385, 50.872001070948492 ], [ 14.902059963052032, 50.871302996606133 ], [ 14.882447706793736, 50.87060180006771 ], [ 14.862836218809736, 50.869897479521477 ], [ 14.843225502714056, 50.869190033178192 ], [ 14.823615562121388, 50.868479459271882 ], [ 14.80727266581601, 50.877053974629646 ], [ 14.821979849314431, 50.886743640763726 ], [ 14.825905175987716, 50.889296990535968 ], [ 14.840571631712482, 50.898952580780133 ], [ 14.844548532731297, 50.901537275071398 ], [ 14.843555927957098, 50.913075885705126 ], [ 14.858149287560673, 50.922674196425604 ], [ 14.862214991811413, 50.92531370122807 ], [ 14.87676483793458, 50.934876206870264 ], [ 14.880884950725649, 50.937548776135074 ], [ 14.879901912472278, 50.949087900390985 ], [ 14.89437401971238, 50.958590229508602 ], [ 14.898587648610945, 50.961320494684799 ], [ 14.913013393964107, 50.970785258353423 ], [ 14.917284320743635, 50.973550338791938 ], [ 14.916310901357447, 50.985089972244893 ], [ 14.915337361185051, 50.99662958783059 ], [ 14.929645151089906, 51.006006055425324 ], [ 14.934054748681879, 51.008857200737054 ], [ 14.933085969801541, 51.020397060005301 ], [ 14.947307164842893, 51.02970784307886 ], [ 14.951819216119706, 51.032622171570075 ], [ 14.950855197872231, 51.044162272888755 ], [ 14.949891048902135, 51.055702355951468 ], [ 14.96398435503812, 51.064918655430958 ], [ 14.968645047509957, 51.06792521707002 ], [ 14.967685641528622, 51.079465539935612 ], [ 14.981685351074866, 51.088611828542597 ], [ 14.986455502504395, 51.091685882511378 ], [ 14.985500819024406, 51.103226442872803 ], [ 14.984545973377646, 51.114766983853912 ], [ 14.983590956023228, 51.126307505143082 ], [ 14.982635756500818, 51.137848006396815 ], [ 14.996414457052319, 51.146835665701424 ], [ 15.001435996882519, 51.150066583600342 ], [ 14.9958809161317, 51.152991643269914 ], [ 14.980724764322067, 51.160928947258334 ], [ 14.994418194947711, 51.169857292233424 ], [ 14.999534632642874, 51.173148029910855 ], [ 14.99858360626712, 51.184688720585534 ], [ 15.01217282733386, 51.193540559729108 ], [ 15.017409164411909, 51.196905255378496 ], [ 15.016462645708, 51.208446172941599 ], [ 15.015515840727518, 51.219987066917923 ], [ 15.014568730122068, 51.231527936662033 ], [ 15.027961001465835, 51.240239426370835 ], [ 15.033419317439604, 51.243742405303699 ], [ 15.032476551626695, 51.255283494863228 ], [ 15.031533412853529, 51.266824557911185 ], [ 15.030589876813949, 51.278365593635336 ], [ 15.029645917995149, 51.289906601182061 ], [ 15.023386258610467, 51.293193821844852 ], [ 15.008878416345668, 51.300772604991771 ], [ 15.007928525118594, 51.312313283610592 ], [ 15.001578826849295, 51.315644065492208 ], [ 14.987146131398095, 51.32317507669925 ], [ 14.9861902049023, 51.334715421538966 ], [ 14.979749643950168, 51.338090048455165 ], [ 14.96539282797386, 51.345572994158694 ], [ 14.964430755799864, 51.357113000054895 ], [ 14.977345828675359, 51.365504174691047 ], [ 14.983318927318818, 51.369336254590898 ], [ 14.976705639590733, 51.372797845387176 ], [ 14.962504707137832, 51.380192905778785 ], [ 14.961540660482006, 51.391732803204007 ], [ 14.960575883672632, 51.403272662005641 ], [ 14.959610338950105, 51.414812480888287 ], [ 14.958643987567262, 51.426352258521803 ], [ 14.971274757348773, 51.434548453558847 ], [ 14.977557491131495, 51.438576907132891 ], [ 14.970599481649813, 51.442211127552518 ], [ 14.956708705232229, 51.449431684557908 ], [ 14.95573969237631, 51.460971330143934 ], [ 14.948691602961908, 51.46464813911134 ], [ 14.934875258799867, 51.471821843989865 ], [ 14.927793870850067, 51.475512903146857 ], [ 14.914001036104729, 51.482668406042833 ], [ 14.906886252064353, 51.486373725029949 ], [ 14.887011450915338, 51.485664278027301 ], [ 14.867137444577969, 51.484951649085744 ], [ 14.853316115890234, 51.492108235812267 ], [ 14.846211516569261, 51.495801647688609 ], [ 14.832414596424449, 51.502939605182981 ], [ 14.825275698055568, 51.506647668216658 ], [ 14.811503217120686, 51.513767003119646 ], [ 14.804329985749359, 51.517489692318826 ], [ 14.784444173656354, 51.516763571237263 ], [ 14.764559177189929, 51.51603425588327 ], [ 14.750762667692454, 51.523152367353035 ], [ 14.743595175437049, 51.526865389491405 ], [ 14.729823889841699, 51.533964515385009 ], [ 14.728791843300954, 51.54550067607866 ], [ 14.721535051237408, 51.549255168772127 ], [ 14.707836947844887, 51.55630848695219 ], [ 14.706797396099475, 51.567844241306368 ], [ 14.71903687441409, 51.575818436622797 ], [ 14.725687837619079, 51.580108797844112 ], [ 14.737870572161883, 51.588039926933256 ], [ 14.744587768518471, 51.592370495567678 ], [ 14.756714347535238, 51.600258998673091 ], [ 14.763497135263389, 51.604629328556662 ], [ 14.762466480999391, 51.616165679977549 ], [ 14.754861277443496, 51.620094226009108 ], [ 14.74148109923191, 51.626978695421947 ], [ 14.753487519733939, 51.634784169240739 ], [ 14.76040043547045, 51.639238174336377 ], [ 14.752698741134196, 51.643213119456291 ], [ 14.73940203107696, 51.650050478126857 ], [ 14.751332479514401, 51.657803338237642 ], [ 14.758327783217011, 51.662310380175391 ], [ 14.750533527779922, 51.666329563016149 ], [ 14.737316192600934, 51.673121965607933 ], [ 14.736270630942855, 51.684657594860838 ], [ 14.728405903770888, 51.688707605701126 ], [ 14.715241961301647, 51.695464789920187 ], [ 14.707351926228762, 51.699524099494418 ], [ 14.694202834622367, 51.706267950778695 ], [ 14.686287985928841, 51.710336270551402 ], [ 14.673153220448414, 51.717067071948151 ], [ 14.672085561546048, 51.728601514755702 ], [ 14.664106870009009, 51.732696974697816 ], [ 14.651018600761807, 51.739396215211386 ], [ 14.64994211929875, 51.750930196709866 ], [ 14.648863613634745, 51.762464091281181 ], [ 14.647783055324149, 51.77399789785958 ], [ 14.646700418163679, 51.785531615461892 ], [ 14.645615678277769, 51.797065243190623 ], [ 14.637442397714064, 51.801246895905138 ], [ 14.617436088391552, 51.800493115341474 ], [ 14.604479088799346, 51.807105780719354 ], [ 14.596303471377148, 51.811282687201221 ], [ 14.58335231141211, 51.817886751338243 ], [ 14.582246465804475, 51.829419214337456 ], [ 14.593797091476789, 51.836929995417449 ], [ 14.601176204136461, 51.841704063390523 ], [ 14.600070862944481, 51.853236636863656 ], [ 14.61157607047868, 51.860710539626588 ], [ 14.631610508384213, 51.861449565000456 ], [ 14.639062054718735, 51.866265083406546 ], [ 14.650532517015794, 51.87370641499389 ], [ 14.658018221700008, 51.878541249175392 ], [ 14.66946473916439, 51.885961286093405 ], [ 14.676983261731275, 51.890814515618416 ], [ 14.688407185218324, 51.898214157793198 ], [ 14.695957214926931, 51.903084880561792 ], [ 14.694865566849908, 51.914618472232469 ], [ 14.693771749471454, 51.926151972230194 ], [ 14.705156406161528, 51.933517368801908 ], [ 14.712760296901394, 51.938419842044866 ], [ 14.711667165221828, 51.949953456290316 ], [ 14.710571904760002, 51.961486980575053 ], [ 14.709474530196092, 51.973020415422191 ], [ 14.708375058258863, 51.984553761429986 ], [ 14.719728393717315, 51.991887024937007 ], [ 14.727384379551385, 51.996819558549291 ], [ 14.726285827670024, 52.008353027689935 ], [ 14.725185250915995, 52.019886410852649 ], [ 14.736531433381252, 52.027206261454545 ], [ 14.744210008077419, 52.032149730262688 ], [ 14.743110548624447, 52.043683243506415 ], [ 14.74200915121162, 52.055216674136126 ], [ 14.753358928136914, 52.062530043919132 ], [ 14.761049764468924, 52.067477524370105 ], [ 14.75247481951984, 52.071832622064704 ], [ 14.739800655277563, 52.078283291598467 ], [ 14.738693615760981, 52.089816480550063 ], [ 14.730140807307103, 52.094154313931583 ], [ 14.710001216468546, 52.093413875415386 ], [ 14.697269920676078, 52.099882513183793 ], [ 14.688749170205028, 52.104197866420762 ], [ 14.675988311400841, 52.110675959079551 ], [ 14.67486041513086, 52.122208001524626 ], [ 14.673730765892596, 52.133739967389303 ], [ 14.672599397618901, 52.145271857914707 ], [ 14.684060860311824, 52.152657419215089 ], [ 14.69164769829759, 52.157543882778718 ], [ 14.703114779885944, 52.164927273087628 ], [ 14.710706040232452, 52.169813020134626 ], [ 14.702229693826617, 52.174096885020901 ], [ 14.689387083736825, 52.180607915846309 ], [ 14.688254400690187, 52.1921398270635 ], [ 14.687120179557752, 52.203671669740878 ], [ 14.698653966090342, 52.211091740997318 ], [ 14.706193187790065, 52.215941763405404 ], [ 14.705061233385779, 52.227473782072977 ], [ 14.703927849317951, 52.239005736314681 ], [ 14.702793068390545, 52.250537627326345 ], [ 14.694423676844119, 52.254755200415396 ], [ 14.674212378458465, 52.254007161456954 ], [ 14.661198752192146, 52.260586897532725 ], [ 14.652873519460631, 52.264776241507136 ], [ 14.63265874295212, 52.264021436154572 ], [ 14.619587238075448, 52.270621084728369 ], [ 14.611305271431092, 52.274782715395482 ], [ 14.591087032940299, 52.274021124965493 ], [ 14.577958516887822, 52.280640173551433 ], [ 14.576786805065762, 52.292169932489095 ], [ 14.575613821855018, 52.303699632064358 ], [ 14.574439598718913, 52.315229273461405 ], [ 14.566262294935848, 52.319327605651601 ], [ 14.553010539070955, 52.32599672559418 ], [ 14.551828628607963, 52.337525932554499 ], [ 14.550645563502885, 52.349055084454264 ], [ 14.549461372261902, 52.360584182374595 ], [ 14.548276082485346, 52.372113227363137 ], [ 14.547089720849298, 52.383642220433366 ], [ 14.539059821710449, 52.387655421020511 ], [ 14.525618123000523, 52.394403639099174 ], [ 14.537598712771176, 52.402114614760443 ], [ 14.544713884002443, 52.406700054698661 ], [ 14.543524457417872, 52.418228897745522 ], [ 14.542334056218406, 52.429757692577319 ], [ 14.554386543103318, 52.437505542165873 ], [ 14.574679936473551, 52.438260916069737 ], [ 14.581757510033571, 52.442813688573004 ], [ 14.593820266389226, 52.450557514789637 ], [ 14.600890514204922, 52.455101780639275 ], [ 14.599713290640095, 52.466631401217086 ], [ 14.611821004106332, 52.474396286338468 ], [ 14.61886172792414, 52.478916892810489 ], [ 14.630987218707201, 52.48668701600446 ], [ 14.638021194982331, 52.491199504975526 ], [ 14.636851987526775, 52.50272962907696 ], [ 14.629004465263952, 52.506647917210522 ], [ 14.615338172705084, 52.513506313962715 ], [ 14.614161982690336, 52.525036035557335 ], [ 14.612984980885113, 52.536565715334113 ], [ 14.611807180533457, 52.548095353796569 ], [ 14.624096148996404, 52.555960182655809 ], [ 14.630993618937858, 52.560379617070197 ], [ 14.629819570875791, 52.571909491643915 ], [ 14.622122861640532, 52.575744712353597 ], [ 14.608269109608321, 52.582684025927982 ], [ 14.607088232969623, 52.594213503634371 ], [ 14.605906613310617, 52.605742942151359 ], [ 14.598299027069293, 52.609528039545303 ], [ 14.584333904520502, 52.616512599068294 ], [ 14.576764783345123, 52.620275359870931 ], [ 14.556388773141018, 52.619503628612037 ], [ 14.542357839454654, 52.626511043206968 ], [ 14.534839603168846, 52.630243369766006 ], [ 14.520760772283243, 52.637268545349393 ], [ 14.513279910391955, 52.640979166028444 ], [ 14.499153570890035, 52.648021868509552 ], [ 14.491709689422503, 52.651711015315698 ], [ 14.471321391896748, 52.650924987949445 ], [ 14.457131901315996, 52.657989016847388 ], [ 14.455908763917103, 52.66951596149336 ], [ 14.448537641462581, 52.673162863589368 ], [ 14.434271156697843, 52.680256723090366 ], [ 14.433041326785984, 52.691783264046549 ], [ 14.425730220853854, 52.695396277554963 ], [ 14.411387575315837, 52.702519462096646 ], [ 14.404111668224454, 52.706112045666991 ], [ 14.389723687408374, 52.713251459201039 ], [ 14.388481186108733, 52.724777226534215 ], [ 14.381263792272408, 52.728336808289839 ], [ 14.366801162074683, 52.735504647855052 ], [ 14.35961792353983, 52.739044401373626 ], [ 14.34511099776903, 52.746227858462412 ], [ 14.33796147412748, 52.749748032791004 ], [ 14.323410689761809, 52.756946854145433 ], [ 14.316294438845883, 52.76044769847217 ], [ 14.301700234364892, 52.767661630681658 ], [ 14.294616812525593, 52.771143394201154 ], [ 14.274178356401707, 52.770323427759337 ], [ 14.25952733920661, 52.777554987495968 ], [ 14.258248865420263, 52.789078509366732 ], [ 14.251229766189919, 52.792522858243451 ], [ 14.236507943297187, 52.799780603014106 ], [ 14.229520335933742, 52.803206617446527 ], [ 14.214756856653183, 52.81047846051208 ], [ 14.207800294156822, 52.813886388487909 ], [ 14.187344343903147, 52.813051458641709 ], [ 14.172526635185358, 52.820339454532281 ], [ 14.165609318267679, 52.823723481142927 ], [ 14.145150005365638, 52.822881377851942 ], [ 14.130279076329062, 52.830184962596398 ], [ 14.128965237622054, 52.841706220305433 ], [ 14.12765076535217, 52.853227443294557 ], [ 14.140807507139353, 52.861706561493044 ], [ 14.146823720860635, 52.865589688893785 ], [ 14.145513346109952, 52.877111194468078 ], [ 14.158711975538065, 52.885608714416698 ], [ 14.164702305028309, 52.889470904529524 ], [ 14.157910198710248, 52.892787749709214 ], [ 14.142890678261605, 52.900154100906377 ], [ 14.141578381203944, 52.911675501647004 ], [ 14.140265439104356, 52.923196867306856 ], [ 14.138951849538783, 52.934718197805992 ], [ 14.137637609934956, 52.946239493058386 ], [ 14.136322717587607, 52.957760752972476 ], [ 14.149675332532116, 52.966344749456589 ], [ 14.155544678721508, 52.970122669369601 ], [ 14.16891458626605, 52.978710876980443 ], [ 14.189449284558968, 52.979540404015808 ], [ 14.195323007483463, 52.983315686249739 ], [ 14.208705988355025, 52.991900287880746 ], [ 14.229248146650894, 52.992722980746919 ], [ 14.235126651977916, 52.996495907767262 ], [ 14.248522305429264, 53.005076632821179 ], [ 14.254395169727127, 53.00884280686855 ], [ 14.267807484488337, 53.01742728485371 ], [ 14.288363532116609, 53.018239919959008 ], [ 14.294241711078451, 53.022004116573498 ], [ 14.30766617975987, 53.03058435540509 ], [ 14.313539010386014, 53.03434201998418 ], [ 14.326979863742961, 53.042925801278955 ], [ 14.332847455291285, 53.046677017340869 ], [ 14.346304591939605, 53.055264260566027 ], [ 14.352167043841472, 53.05900910390779 ], [ 14.350905064700648, 53.070533811330733 ], [ 14.364398952637826, 53.079135706950062 ], [ 14.370240484228825, 53.082863280556147 ], [ 14.3689825299458, 53.094388250522876 ], [ 14.367723912193007, 53.105913184907635 ], [ 14.366464629733171, 53.117438083679602 ], [ 14.380035001235106, 53.126076169781115 ], [ 14.385825285044161, 53.12976552261194 ], [ 14.38457003697088, 53.141290682973946 ], [ 14.378056871067272, 53.144472536654995 ], [ 14.362682782192685, 53.152012566028205 ], [ 14.361420829162023, 53.163537322065345 ], [ 14.360158205739706, 53.175062042355187 ], [ 14.373825844131538, 53.183752685661553 ], [ 14.379542394082931, 53.187390968852228 ], [ 14.378283816449386, 53.198915951350685 ], [ 14.391985828551379, 53.207619499687766 ], [ 14.397683948787863, 53.211242239808243 ], [ 14.396429434819209, 53.222767483808681 ], [ 14.410165448199402, 53.231483653830573 ], [ 14.415845557540251, 53.235091128448289 ], [ 14.429596780643285, 53.24380985059166 ], [ 14.435272961990266, 53.247411828358068 ], [ 14.449039292613927, 53.256133023304947 ], [ 14.454711673905352, 53.259729579820444 ], [ 14.448324999436851, 53.262847428890858 ], [ 14.432780977557119, 53.270463394106471 ], [ 14.426416721620306, 53.273567743354668 ], [ 14.410839887970427, 53.281192937110646 ], [ 14.409586822498554, 53.292718301379566 ], [ 14.408333097647793, 53.304243630519096 ], [ 14.407078713418802, 53.315768924546802 ], [ 14.405823669853667, 53.327294183481875 ], [ 14.404567967035106, 53.33881940734512 ], [ 14.403311605085552, 53.35034459615887 ], [ 14.397052008171771, 53.353390129155855 ], [ 14.38132337432079, 53.361067650790865 ], [ 14.39526929746199, 53.369894027387055 ], [ 14.400796904475962, 53.373394868735083 ], [ 14.394563236838202, 53.376426038096795 ], [ 14.378796372167599, 53.384117183847003 ], [ 14.377531872055695, 53.395641897500965 ], [ 14.376266706160772, 53.407166575938682 ], [ 14.375000874710077, 53.418691219186861 ], [ 14.373734377966779, 53.430215827273692 ], [ 14.372467216228664, 53.441740400228696 ], [ 14.371199389826767, 53.453264938082796 ], [ 14.365055824245738, 53.456244617959079 ], [ 14.349151189978937, 53.463980720550175 ], [ 14.347876479314801, 53.475504849554603 ], [ 14.346601096759361, 53.487028943233199 ], [ 14.345325042678516, 53.498553001618518 ], [ 14.33923033337809, 53.501503917673595 ], [ 14.323247526601982, 53.509263343647703 ], [ 14.321964545339908, 53.520786990147052 ], [ 14.320680885196396, 53.532310601122035 ], [ 14.314621664045537, 53.535240139434514 ], [ 14.298580178048745, 53.543015862630135 ], [ 14.297289554959599, 53.554539058908524 ], [ 14.311491190450608, 53.563510292956195 ], [ 14.316825835699648, 53.566881221251101 ], [ 14.315539464391925, 53.578404690484582 ], [ 14.3142524165177, 53.58992812437716 ], [ 14.312964692615553, 53.601451522968595 ], [ 14.311676293246059, 53.612974886299661 ], [ 14.305679229454556, 53.615868325428913 ], [ 14.289531419454082, 53.623677486891104 ], [ 14.288236001989029, 53.63520043363016 ], [ 14.286939901737451, 53.646723344879611 ], [ 14.285643119297731, 53.658246220682024 ], [ 14.279682156908297, 53.661117193569801 ], [ 14.263468384512011, 53.668943324471115 ], [ 14.277793049181591, 53.677978026768976 ], [ 14.283047510341866, 53.681291866119743 ], [ 14.277100564374274, 53.684154346907327 ], [ 14.260860005194033, 53.691988200940415 ], [ 14.259554781936471, 53.703510585704485 ], [ 14.258248870484383, 53.71503293488162 ], [ 14.25694227151196, 53.726555248517791 ], [ 14.271320858060317, 53.735614046242738 ], [ 14.276546594931146, 53.738905362510707 ], [ 14.270630656372909, 53.741748557525945 ], [ 14.254327013778083, 53.749599769354376 ], [ 14.268725775994978, 53.758667304767179 ], [ 14.273941486134035, 53.761950515164592 ], [ 14.272637918349874, 53.773473038989714 ], [ 14.271333675968041, 53.78499552787877 ], [ 14.270028759742633, 53.79651798188106 ], [ 14.264137900799067, 53.799344737638783 ], [ 14.247776887700121, 53.807210452813251 ], [ 14.246464814442982, 53.818732483846937 ], [ 14.245152060294263, 53.830254479778084 ], [ 14.239279802222741, 53.83306810352984 ], [ 14.222876223285358, 53.840941789140366 ], [ 14.221556275961985, 53.852463359215577 ], [ 14.220235640777256, 53.86398489397439 ], [ 14.218914318536358, 53.875506393468882 ], [ 14.217592310050104, 53.887027857751391 ], [ 14.216269616134193, 53.898549286874477 ], [ 14.210422613081652, 53.901343935818858 ], [ 14.193950067628395, 53.909230238939344 ], [ 14.208471095958723, 53.918357875603995 ], [ 14.213622175296376, 53.921592039853898 ], [ 14.228148034194387, 53.930715104125412 ], [ 14.249148947561414, 53.931545073887882 ], [ 14.270150934822459, 53.932371203289996 ], [ 14.291153991610843, 53.933193487617508 ], [ 14.307587767565614, 53.925308497511779 ], [ 14.313452239747619, 53.922487176163983 ], [ 14.329864917077437, 53.914605062870265 ], [ 14.335739151142265, 53.911776317144145 ], [ 14.356733876615747, 53.912586538736306 ], [ 14.377729651722529, 53.913392904391834 ], [ 14.382965375650183, 53.916662789443471 ], [ 14.397456253177884, 53.925721336997213 ], [ 14.418459872488654, 53.926520215656765 ], [ 14.439464529332913, 53.927315220323152 ], [ 14.444736619245235, 53.930599794225863 ], [ 14.45921642136196, 53.939632776193434 ], [ 14.464501866288979, 53.942922290426552 ], [ 14.478980020031953, 53.951946692692104 ], [ 14.484279894660146, 53.95524178374697 ], [ 14.498755335950136, 53.964256946610426 ], [ 14.519781414303473, 53.965037056435868 ], [ 14.525111795358274, 53.968345285186103 ], [ 14.539575257659143, 53.977339925742548 ], [ 14.560609150448791, 53.978112421344427 ], [ 14.565972895406123, 53.981435468542834 ], [ 14.580421531311183, 53.990407851148859 ], [ 14.601463228338904, 53.991172701344993 ], [ 14.622505927230236, 53.991933622029585 ], [ 14.627923619978956, 53.995281686934774 ], [ 14.642343646861848, 54.004217816299033 ], [ 14.663394130953515, 54.00497105286874 ], [ 14.684445603731731, 54.005720346853025 ], [ 14.689923118637696, 54.009096875592107 ], [ 14.704308661939681, 54.017993220490951 ], [ 14.72536790004728, 54.01873479705155 ], [ 14.73089038587921, 54.022132963663722 ], [ 14.745249516364428, 54.031000063461406 ], [ 14.766316507944481, 54.031733902359449 ], [ 14.771887245119398, 54.035155636227046 ], [ 14.786216689092214, 54.043991530587554 ], [ 14.807291421752392, 54.044717615820232 ], [ 14.828367111489211, 54.04543973675603 ], [ 14.849443753298846, 54.046157892262102 ], [ 14.855113370799264, 54.049629118374973 ], [ 14.86937604277689, 54.058400256699031 ], [ 14.890460393822389, 54.059110643207141 ], [ 14.911545682335019, 54.059817062582603 ], [ 14.932631903154698, 54.060519515180246 ], [ 14.938410648096495, 54.064046243369283 ], [ 14.952596270196233, 54.072746595698604 ], [ 14.973690166371394, 54.073441283113894 ], [ 14.979532006319607, 54.077000306823663 ], [ 14.993673093067034, 54.085660699066906 ], [ 15.014774649194083, 54.086347633790034 ], [ 15.035877112058579, 54.087030613348126 ], [ 15.041814126117304, 54.090638875252409 ], [ 15.055885336091814, 54.099238616085017 ], [ 15.076995432041771, 54.099913874947227 ], [ 15.098106418510737, 54.100585194245483 ], [ 15.104144185178546, 54.104245997309597 ], [ 15.118139920903523, 54.112781877762941 ], [ 15.139258511941533, 54.113445527817191 ], [ 15.160377976656441, 54.114105261687222 ], [ 15.166521510626945, 54.117821594993366 ], [ 15.180436734465967, 54.126290767691778 ], [ 15.201563773483866, 54.126942905952582 ], [ 15.207784493224452, 54.1306999289461 ], [ 15.221641061469004, 54.139121072655527 ], [ 15.242775654782324, 54.139765684200199 ], [ 15.263911092211744, 54.140406441218992 ], [ 15.270244284811906, 54.144223068144065 ], [ 15.284013592310151, 54.152573804796866 ], [ 15.305156550626121, 54.153207152873918 ], [ 15.326300334430906, 54.153836695797978 ], [ 15.347444937477615, 54.154462448818684 ], [ 15.368590353480233, 54.155084427982672 ], [ 15.389736576115443, 54.15570265013622 ], [ 15.396287030266844, 54.159635108110365 ], [ 15.409884233024613, 54.167849179128766 ], [ 15.431037902117819, 54.168460278964353 ], [ 15.452192358207235, 54.169067690612742 ], [ 15.473347594817536, 54.169671434595131 ], [ 15.494503605451378, 54.170271532183719 ], [ 15.51566038359309, 54.170868005380875 ], [ 15.52242718969605, 54.174916323596491 ], [ 15.535852989638347, 54.182995088255325 ], [ 15.557017135590145, 54.183584817882924 ], [ 15.578182028838697, 54.184171009782929 ], [ 15.585058690902621, 54.188278224533846 ], [ 15.598399620028784, 54.196289223850691 ], [ 15.619571841994683, 54.196868913835125 ], [ 15.640744791016248, 54.197445160238175 ], [ 15.661918460588115, 54.198017989656876 ], [ 15.66892840210026, 54.202196607586892 ], [ 15.682167559167471, 54.210125081306522 ], [ 15.703348505032086, 54.210691739100142 ], [ 15.724530151589772, 54.211255079457068 ], [ 15.745712492522321, 54.211815129693044 ], [ 15.752840730299887, 54.216056855212784 ], [ 15.76599300938952, 54.223912078042581 ], [ 15.787182576204692, 54.224466294823479 ], [ 15.794365104869872, 54.228736726930485 ], [ 15.807481380479659, 54.236558934672928 ], [ 15.828678150628948, 54.237107505363674 ], [ 15.84987558410371, 54.237652952729498 ], [ 15.857124325773331, 54.24195798188223 ], [ 15.870199183590156, 54.249739242584091 ], [ 15.891403788024734, 54.250279283664717 ], [ 15.912609038954749, 54.250816286303738 ], [ 15.933814931080716, 54.251350271420485 ], [ 15.955021459232071, 54.251881258765664 ], [ 15.976228618371008, 54.25240926682747 ], [ 15.997436403595827, 54.252934312741495 ], [ 16.018644810143616, 54.253456412205303 ], [ 16.025997470638007, 54.257812629646203 ], [ 16.039025637398666, 54.265526221739954 ], [ 16.060241140610483, 54.266043327897435 ], [ 16.081457252485084, 54.266557530405159 ], [ 16.088814632061624, 54.270912978858398 ], [ 16.101862789362904, 54.278622296663073 ], [ 16.123085980920983, 54.279131585138337 ], [ 16.130430418781284, 54.283477066403144 ], [ 16.143509759343303, 54.291193422412363 ], [ 16.150835928314187, 54.295526921526523 ], [ 16.163945316404952, 54.303254346911281 ], [ 16.185182060589547, 54.30375671145368 ], [ 16.192477223776166, 54.308069627526834 ], [ 16.205635893062237, 54.315814662391553 ], [ 16.21290165039758, 54.320109025605966 ], [ 16.226101536582696, 54.32787162288713 ], [ 16.233333763833411, 54.332144984981049 ], [ 16.24657900690347, 54.339927537117759 ], [ 16.253773689089911, 54.344177505883259 ], [ 16.267068320613429, 54.351982335378501 ], [ 16.274221575378061, 54.356206589007385 ], [ 16.287569495051372, 54.364035934891866 ], [ 16.294677594345394, 54.368232235451273 ], [ 16.308082548210788, 54.376088240786977 ], [ 16.315141938035751, 54.380254446650945 ], [ 16.314357535782264, 54.391802009613357 ], [ 16.327855591364855, 54.399703760912793 ], [ 16.334834581240319, 54.403820934706729 ], [ 16.34839785976229, 54.411753995070335 ], [ 16.355320483903302, 54.415836429165871 ], [ 16.354543692005024, 54.42738425218235 ], [ 16.368210450123673, 54.435368910080207 ], [ 16.375043098350638, 54.439396468484176 ], [ 16.38878206487567, 54.447416354260497 ], [ 16.395551964374164, 54.451405259464678 ], [ 16.394783353395066, 54.462953350607123 ], [ 16.408634403762449, 54.471029615815802 ], [ 16.415306598437002, 54.474958871849978 ], [ 16.429235498285777, 54.483073476439095 ], [ 16.435839939819193, 54.486960972905067 ], [ 16.435080115299879, 54.498509340433436 ], [ 16.449127788533566, 54.506683962786298 ], [ 16.455628735435507, 54.510508179489229 ], [ 16.469758495314355, 54.5187234171364 ], [ 16.491111165683616, 54.51919032392145 ], [ 16.497503189422304, 54.522946771463864 ], [ 16.511760579039628, 54.53122388486527 ], [ 16.518079544622779, 54.534935206995108 ], [ 16.532422118267323, 54.543254519872221 ], [ 16.553788593576396, 54.543711294068437 ], [ 16.559995009902945, 54.547352492547063 ], [ 16.574468891524369, 54.555735468490163 ], [ 16.595842566203672, 54.556185101154838 ], [ 16.617216821500531, 54.556630968664784 ], [ 16.623270685016376, 54.56017663312273 ], [ 16.637922520008651, 54.568644796879752 ], [ 16.659303966856399, 54.569083271706376 ], [ 16.680685984902606, 54.569517894140091 ], [ 16.702068570286361, 54.569948642749878 ], [ 16.72345171905712, 54.570375496903026 ], [ 16.74483542717666, 54.570798436767483 ], [ 16.766219690521218, 54.571217443311006 ], [ 16.771969140452512, 54.574570791614462 ], [ 16.786977248478738, 54.583205212784769 ], [ 16.808368663891908, 54.583616398068024 ], [ 16.829760622668246, 54.584023585659587 ], [ 16.835364310840081, 54.587285050545859 ], [ 16.850543605988811, 54.595999538276061 ], [ 16.87194269961017, 54.596398744676449 ], [ 16.893342323732799, 54.596793899676385 ], [ 16.914742473614307, 54.597184990660153 ], [ 16.920171345447468, 54.600335599054816 ], [ 16.935557475265782, 54.609144744465411 ], [ 16.940919160356362, 54.612253367161891 ], [ 16.956384728974324, 54.621100225278987 ], [ 16.961680613968007, 54.624167684038326 ], [ 16.977224244496391, 54.633051389792769 ], [ 16.98245577830015, 54.636078545244558 ], [ 16.998076031252342, 54.644998199921929 ], [ 17.003244716360602, 54.647985946144097 ], [ 17.018940098355035, 54.656940622475304 ], [ 17.024047482754597, 54.659889881921401 ], [ 17.039816454637691, 54.668878628820828 ], [ 17.061256643522643, 54.669240858167662 ], [ 17.066275943995684, 54.672134065134173 ], [ 17.082151884180334, 54.681170224438468 ], [ 17.087114067448333, 54.684027440015711 ], [ 17.103059430607644, 54.693095116406624 ], [ 17.124513270811747, 54.693444745926584 ], [ 17.129394301740913, 54.696250038247946 ], [ 17.145439711704107, 54.705360918094271 ], [ 17.166900600394218, 54.705702119167 ], [ 17.171704900109813, 54.708458118540889 ], [ 17.187845937096402, 54.717609537384142 ], [ 17.209313857630452, 54.717942288145011 ], [ 17.214045905289868, 54.720651656582845 ], [ 17.230278090889115, 54.729840928291999 ], [ 17.25175302628098, 54.73016521203072 ], [ 17.256417334915206, 54.732830627631571 ], [ 17.272736156365625, 54.742055058308765 ], [ 17.294218089353954, 54.74237086249898 ], [ 17.315700451910818, 54.742682447419142 ], [ 17.337183238416142, 54.742989811374514 ], [ 17.341749262312657, 54.745589730639288 ], [ 17.358198360862637, 54.754862313689358 ], [ 17.379688105303941, 54.755161181575872 ], [ 17.401178256948, 54.755455823515966 ], [ 17.422668810146355, 54.755746238086637 ], [ 17.444159759247061, 54.756032423871652 ], [ 17.465651098595142, 54.756314379449698 ], [ 17.470108099940699, 54.758838791830485 ], [ 17.486711203062203, 54.768160958727918 ], [ 17.508209437889775, 54.768434401458642 ], [ 17.529708046105771, 54.768703609736548 ], [ 17.55120702204291, 54.768968582048871 ], [ 17.572706360032665, 54.769229316820898 ], [ 17.57709300208283, 54.771702570158681 ], [ 17.593804815843193, 54.781054232742619 ], [ 17.615310997677671, 54.781306442220583 ], [ 17.636817524658138, 54.781554409281576 ], [ 17.658324391109545, 54.781798132031206 ], [ 17.662667121813971, 54.784237425797116 ], [ 17.679454636935827, 54.793605662940536 ], [ 17.700968306691102, 54.793840848832787 ], [ 17.722482298984424, 54.794071784399826 ], [ 17.726797467086428, 54.796488488788015 ], [ 17.743637827105882, 54.805866217135076 ], [ 17.765158593355014, 54.806088605478571 ], [ 17.786679665189212, 54.806306736327414 ], [ 17.808201036921471, 54.806520606908201 ], [ 17.812498809592604, 54.808918407338886 ], [ 17.829388271727122, 54.818297638483322 ], [ 17.850916376734272, 54.818502943067429 ], [ 17.872444764654404, 54.818703978388157 ], [ 17.876735541437061, 54.821090786797761 ], [ 17.893657228726912, 54.830467893687768 ], [ 17.915192320455908, 54.830660345842105 ], [ 17.936727678078661, 54.830848518200028 ], [ 17.958263295884446, 54.831032406869845 ], [ 17.979799168158092, 54.831212007801028 ], [ 18.001335289179604, 54.831387316784763 ], [ 18.022871653223675, 54.831558329454808 ], [ 18.044408254559258, 54.831725041289147 ], [ 18.065945087449101, 54.831887447612189 ], [ 18.087482146149277, 54.832045543597573 ], [ 18.109019424908695, 54.832199324271741 ], [ 18.130556917968637, 54.832348784518203 ], [ 18.152094619562266, 54.832493919082552 ], [ 18.173632523914144, 54.832634722578391 ], [ 18.19517062523974, 54.832771189494018 ], [ 18.216708917744977, 54.832903314200081 ], [ 18.23824739562572, 54.833031090958272 ], [ 18.259786053067359, 54.83315451393085 ], [ 18.281324884244309, 54.83327357719147 ], [ 18.302863883319617, 54.833388274737004 ], [ 18.324403044444512, 54.833498600500562 ], [ 18.345942361758024, 54.833604548365798 ], [ 18.363001123584969, 54.824616359103111 ], [ 18.367662602283158, 54.822139737098169 ], [ 18.384675000895832, 54.813167823000526 ], [ 18.389370551344761, 54.810670487385664 ], [ 18.406335694209979, 54.801715361924138 ], [ 18.41106621604844, 54.799196797287969 ], [ 18.427983199363453, 54.790258981193716 ], [ 18.428133041563839, 54.778699326541513 ], [ 18.428282575309247, 54.767139648504646 ], [ 18.411663592647951, 54.758055783903188 ], [ 18.406958273868856, 54.755476859418643 ], [ 18.40711312298729, 54.743917175110205 ], [ 18.407267647842747, 54.732357467293681 ], [ 18.412073069863709, 54.729794755827179 ], [ 18.42887756756139, 54.720900702174148 ], [ 18.433718978500607, 54.718316115504614 ], [ 18.450474349835822, 54.709440032769521 ], [ 18.455352669160803, 54.70683304166139 ], [ 18.472057990950844, 54.69797546439262 ], [ 18.472193465055948, 54.686415546443563 ], [ 18.472328620408504, 54.674855605115859 ], [ 18.472463453698634, 54.663295640392015 ], [ 18.472597961545297, 54.651735652254253 ], [ 18.472732140494518, 54.640175640684518 ], [ 18.477716754830634, 54.637505429141001 ], [ 18.499152923731781, 54.637581471660241 ], [ 18.515676105123404, 54.628794376206947 ], [ 18.51579787767648, 54.617234248994585 ], [ 18.515919325199413, 54.605674098441916 ], [ 18.520997041708874, 54.602947673350549 ], [ 18.537426350555066, 54.594197532583379 ], [ 18.537541286929144, 54.582637303444649 ], [ 18.54267446479399, 54.579877526997123 ], [ 18.55902903903479, 54.571156816262118 ], [ 18.559137476494538, 54.559596510279249 ], [ 18.559245584555143, 54.548036181011511 ], [ 18.559353359156649, 54.536475828441098 ], [ 18.559460796145775, 54.524915452549898 ], [ 18.55956789127351, 54.513355053319444 ], [ 18.559674640192689, 54.501794630730927 ], [ 18.564942854526315, 54.498954769149172 ], [ 18.581112382409433, 54.490309972333321 ], [ 18.565127592852551, 54.48155162147723 ], [ 18.559887081510563, 54.478673715402657 ], [ 18.559992764701011, 54.467113222623453 ], [ 18.560098083261018, 54.455552706407268 ], [ 18.565433706196131, 54.452673414622097 ], [ 18.581511277409813, 54.444067842174107 ], [ 18.586889926362471, 54.441162392149508 ], [ 18.602911461919089, 54.432579138893438 ], [ 18.60300415961315, 54.421018498229834 ], [ 18.608444436879896, 54.418076001826719 ], [ 18.629766303039911, 54.418127098807773 ], [ 18.645672791692885, 54.409590236372985 ], [ 18.651186473258608, 54.40660282576453 ], [ 18.672502478324159, 54.406645138884699 ], [ 18.688313406793128, 54.398146841186055 ], [ 18.6939047086214, 54.395112103683736 ], [ 18.709654591081936, 54.386639063754956 ], [ 18.715294941174335, 54.383574646961264 ], [ 18.73098274516342, 54.375127477482032 ], [ 18.736673182810634, 54.372032768204839 ], [ 18.757971416987608, 54.3720575829418 ], [ 18.779269690083151, 54.37207793100422 ], [ 18.800567996121586, 54.372093809201147 ], [ 18.816066264357673, 54.363726089345725 ], [ 18.821916392951199, 54.360534444034059 ], [ 18.843208760631011, 54.360541489538846 ], [ 18.858593959087592, 54.352222395132543 ], [ 18.864539208374723, 54.348973339579175 ], [ 18.885825618327651, 54.348971546152278 ], [ 18.907112031489802, 54.348965272745886 ], [ 18.928398441856395, 54.348954518783458 ], [ 18.934554229457817, 54.352287481732525 ], [ 18.949670705288955, 54.360509536307163 ], [ 18.964807264965128, 54.352300093567393 ], [ 18.970971230175753, 54.348919569857827 ], [ 18.992257596115568, 54.348895376842528 ], [ 19.013543935237273, 54.348866707253087 ], [ 19.034830241542814, 54.348833563871779 ], [ 19.056116509041019, 54.348795950282053 ], [ 19.077402731749725, 54.348753870911224 ], [ 19.0986889036981, 54.34870733107249 ], [ 19.119975018929033, 54.348656337005956 ], [ 19.141261071501663, 54.348600895918025 ], [ 19.162547055494045, 54.348541016019205 ], [ 19.183832965005891, 54.348476706559538 ], [ 19.190689960858261, 54.352154597317387 ], [ 19.205176423327316, 54.35997691072879 ], [ 19.226468145959473, 54.359903675358886 ], [ 19.247759776430833, 54.359826047354858 ], [ 19.269051308959806, 54.359744040650241 ], [ 19.290342737801964, 54.359657670353648 ], [ 19.29753379860076, 54.363499554705882 ], [ 19.31172164450307, 54.371135286060216 ], [ 19.333018832111545, 54.371040157494924 ], [ 19.354315898937362, 54.370940721641865 ], [ 19.375612839421454, 54.370836998620511 ], [ 19.383089722966037, 54.374819419906913 ], [ 19.397021245354491, 54.382296920128439 ], [ 19.418323903670238, 54.382184625688346 ], [ 19.425944307645736, 54.386236885554354 ], [ 19.439750076771862, 54.393635791961444 ], [ 19.461058435223343, 54.393515042284911 ], [ 19.468826047834941, 54.397639055626527 ], [ 19.482502374710879, 54.404957606090314 ], [ 19.503816416212569, 54.404828528453891 ], [ 19.511734358408869, 54.409025909856801 ], [ 19.525278122053244, 54.416262654390053 ], [ 19.546597830171827, 54.416125385814148 ], [ 19.554668617368897, 54.420397428964286 ], [ 19.568077303118848, 54.427551248324512 ], [ 19.57622008418392, 54.43185759539292 ], [ 19.58956872064082, 54.43897299655881 ], [ 19.597783911371366, 54.443313862447539 ], [ 19.611072090741629, 54.450390687264587 ], [ 19.619359993046462, 54.454766225694435 ], [ 19.632587421552358, 54.461804377246075 ], [ 19.645595658883753, 54.454628917499079 ], [ 19.653745911093893, 54.450080389367841 ], [ 19.675082527261729, 54.449919437245441 ], [ 19.696418941376027, 54.449754658843297 ], [ 19.717755148980032, 54.449586085824095 ], [ 19.739091145676795, 54.449413749510178 ], [ 19.760426927125668, 54.449237680740332 ], [ 19.781762489038261, 54.449057909725745 ], [ 19.803097827174025, 54.448874465906123 ], [ 19.815422209660408, 54.442041128107654 ], [ 19.824200630506084, 54.43712007251257 ], [ 19.845529496335161, 54.436929303401783 ], [ 19.866858125852364, 54.436734938995407 ], [ 19.88818651495734, 54.436537004581062 ], [ 19.909514659571087, 54.436335524034092 ], [ 19.930842555629621, 54.436130519698779 ], [ 19.952170199077401, 54.43592201227775 ], [ 19.963904138321002, 54.429386446244173 ], [ 19.973223385610542, 54.424142102880843 ], [ 19.994544503412058, 54.423926553929405 ], [ 20.015865356403886, 54.423707551111441 ], [ 20.037185940508468, 54.42348510816214 ], [ 20.058506251624681, 54.423259236791658 ], [ 20.079826285621309, 54.423029946636412 ], [ 20.101146038330665, 54.42279724522259 ], [ 20.122465505542497, 54.422561137942211 ], [ 20.133556057065402, 54.416352033913086 ], [ 20.143462643194013, 54.410752872017511 ], [ 20.164775522753086, 54.410509866558982 ], [ 20.186088103980492, 54.410263460759673 ], [ 20.207400382463113, 54.410013652074227 ], [ 20.228712353720688, 54.409760435883868 ], [ 20.250024013201756, 54.409503805540496 ], [ 20.27133535628009, 54.409243752421268 ], [ 20.292646378251618, 54.408980265992525 ], [ 20.303131885336253, 54.40307958986876 ], [ 20.313587267275668, 54.397143809547437 ], [ 20.334891634416159, 54.396873353644274 ], [ 20.356195666155656, 54.396599428681718 ], [ 20.377499357486808, 54.396322017795605 ], [ 20.398802703316576, 54.396041102626285 ], [ 20.420105698465903, 54.395756663421217 ], [ 20.430153685392931, 54.390079940123186 ], [ 20.44100282980753, 54.38389874401792 ], [ 20.462299115857423, 54.383607170329086 ], [ 20.483595035658706, 54.383312015237287 ], [ 20.504890583724745, 54.383013254892134 ], [ 20.52618575448761, 54.382710864578428 ], [ 20.547480542300054, 54.382404818828732 ], [ 20.568774941437862, 54.38209509153539 ], [ 20.590068946102463, 54.381781656061179 ], [ 20.599559947218363, 54.376391923996103 ], [ 20.610909437591392, 54.369894476180029 ], [ 20.632196652433468, 54.369573598301301 ], [ 20.653483455708415, 54.369248941782033 ], [ 20.674769841381028, 54.368920479137799 ], [ 20.69605580335806, 54.368588182850019 ], [ 20.717341335492041, 54.368252025460215 ], [ 20.73862643158526, 54.367911979660114 ], [ 20.75991108539387, 54.367568018378073 ], [ 20.781195290632031, 54.367220114860906 ], [ 20.802479040976156, 54.366868242751742 ], [ 20.811281365642465, 54.361837641704795 ], [ 20.823249774534514, 54.354943236226937 ], [ 20.844526625125845, 54.354583522687413 ], [ 20.865803002658886, 54.354219777462042 ], [ 20.887078900728181, 54.353851976529569 ], [ 20.908354312911872, 54.353480096580356 ], [ 20.929629232776065, 54.353104115070138 ], [ 20.950903653879184, 54.352724010269803 ], [ 20.972177569776264, 54.352339761311271 ], [ 20.993450974023244, 54.351951348229932 ], [ 21.014723860181213, 54.351558752003221 ], [ 21.035996221820561, 54.351161954586082 ], [ 21.057268052525167, 54.350760938943097 ], [ 21.078539345896438, 54.35035568907751 ], [ 21.099810095557345, 54.349946190057317 ], [ 21.107586289400583, 54.345462660452313 ], [ 21.120484653968091, 54.337966602095186 ], [ 21.141748346299345, 54.337548916496111 ], [ 21.163011477295463, 54.337126956918503 ], [ 21.184274040729708, 54.336700712921527 ], [ 21.205536030416187, 54.336270175223476 ], [ 21.22679744021347, 54.335835335713348 ], [ 21.234075232982832, 54.331622658075581 ], [ 21.247427367866756, 54.323832358297544 ], [ 21.268681661009531, 54.323389324705758 ], [ 21.283111738691243, 54.330704394134109 ], [ 21.290578129596671, 54.334504942947341 ], [ 21.311837159434415, 54.334052838783876 ], [ 21.333095579463766, 54.333596410076289 ], [ 21.354353383881392, 54.33313565586738 ], [ 21.375610566951305, 54.332670576395955 ], [ 21.382292704260358, 54.328786078606377 ], [ 21.39619468862524, 54.320640637367568 ], [ 21.4174446844595, 54.320167439087299 ], [ 21.438694043860764, 54.319689937560092 ], [ 21.459942761419917, 54.319208137845628 ], [ 21.481190831808814, 54.318722046169071 ], [ 21.502438249782493, 54.318231669908542 ], [ 21.523685010181325, 54.317737017580946 ], [ 21.544931107932928, 54.317238098826081 ], [ 21.566176538053973, 54.316734924389024 ], [ 21.581991550147357, 54.324675695094861 ], [ 21.588147015141878, 54.327782787108916 ], [ 21.609397006698565, 54.327270480317125 ], [ 21.630646314247322, 54.326753941320213 ], [ 21.651894933141577, 54.32623318493966 ], [ 21.673142858829863, 54.325708226985959 ], [ 21.694390086856576, 54.325179084231245 ], [ 21.71563661286255, 54.324645774380578 ], [ 21.73688243258546, 54.324108316041567 ], [ 21.758127541859981, 54.323566728692427 ], [ 21.779371936617789, 54.323021032648583 ], [ 21.796302155560674, 54.331461359539389 ], [ 21.801400881791785, 54.334018877623734 ], [ 21.822649729499961, 54.333464211594112 ], [ 21.843897848733953, 54.332905485957404 ], [ 21.865145235772502, 54.332342723873658 ], [ 21.886391886988232, 54.331775949155578 ], [ 21.907637798846434, 54.331205186227969 ], [ 21.928882967903704, 54.330630460086262 ], [ 21.950127390806372, 54.330051796254075 ], [ 21.971371064288725, 54.32946922074003 ], [ 21.992613985171065, 54.328882759993668 ], [ 22.013856150357572, 54.32829244086092 ], [ 22.035097556833982, 54.327698290538855 ], [ 22.056338201665117, 54.327100336530265 ], [ 22.074846077864272, 54.336245553268064 ], [ 22.078440358741886, 54.338033908033651 ], [ 22.099685336310927, 54.337427388451829 ], [ 22.120929541080162, 54.336817131127148 ], [ 22.142172970370396, 54.33620316427146 ], [ 22.16341562156774, 54.335585516184914 ], [ 22.184657492120323, 54.334964215211151 ], [ 22.205898579535003, 54.33433928969297 ], [ 22.227138881373858, 54.333710767928608 ], [ 22.248378395250715, 54.333078678128544 ], [ 22.269617118827533, 54.332443048373207 ], [ 22.290855049810759, 54.331803906571565 ], [ 22.312092185947609, 54.331161280420588 ], [ 22.332114842849322, 54.340976258776067 ], [ 22.334261612314787, 54.342036421163911 ], [ 22.355502984966638, 54.341385649631398 ], [ 22.37674355309359, 54.340731457379988 ], [ 22.397983314550117, 54.340073870991247 ], [ 22.419222267214291, 54.339412916667762 ], [ 22.440460408984126, 54.338748620200796 ], [ 22.461265410055816, 54.348904842343728 ], [ 22.462666425362787, 54.349594021855218 ], [ 22.483908756578078, 54.348921751257443 ], [ 22.505150267442598, 54.34824619606627 ], [ 22.526390955889056, 54.347567380340791 ], [ 22.547630819854128, 54.346885327607509 ], [ 22.5688698572751, 54.346200060837269 ], [ 22.590108066086557, 54.345511602424082 ], [ 22.611345444217179, 54.344819974165482 ], [ 22.632581989586598, 54.344125197244516 ], [ 22.654516965195878, 54.35476934667966 ], [ 22.654839311841993, 54.354927012138198 ], [ 22.676079977050637, 54.354224484927229 ], [ 22.697319799898526, 54.353518853893931 ], [ 22.718335283989063, 54.352817618019053 ], [ 22.718544218342519, 54.352649104648606 ], [ 22.733855731504029, 54.340768942507175 ], [ 22.738449376009861, 54.337272380768638 ], [ 22.750181281464009, 54.328693060407737 ], [ 22.758420879699351, 54.322781051706507 ], [ 22.767420437899986, 54.316586239105554 ], [ 22.778455935955947, 54.309131785046603 ], [ 22.78570081277925, 54.304444061726862 ], [ 22.798551814124689, 54.296282670391797 ], [ 22.805173501556997, 54.292261264186124 ], [ 22.818705853204651, 54.284193273978893 ], [ 22.826018723083116, 54.280031523279987 ], [ 22.838915467824055, 54.27282468090705 ], [ 22.848453171597811, 54.267747177797048 ], [ 22.859178153389507, 54.262139525991998 ], [ 22.872739719459464, 54.255398856610284 ], [ 22.879491490464321, 54.252102014256245 ], [ 22.899200396754321, 54.242974975501305 ], [ 22.899853148431614, 54.242677932045268 ], [ 22.920260419931456, 54.233829713149973 ], [ 22.928498494957513, 54.230452411879362 ], [ 22.940711486416411, 54.225529797758767 ], [ 22.961024552291121, 54.217816186931387 ], [ 22.961204330172279, 54.217749046179534 ], [ 22.981736340628821, 54.210452696909549 ], [ 22.998030622970351, 54.205022019031539 ], [ 23.002306176597052, 54.203619748541215 ], [ 23.02291153396903, 54.197219682432497 ], [ 23.040785972848447, 54.192023053043748 ], [ 23.043550983564721, 54.191231499885831 ], [ 23.064222459542719, 54.185628108076664 ], [ 23.084924706738516, 54.180391133497501 ], [ 23.091921123546257, 54.178723560495811 ], [ 23.105655918640569, 54.175496984462754 ], [ 23.126414777090133, 54.170927410243898 ], [ 23.147199920221503, 54.166664063620047 ], [ 23.156094744471275, 54.164951717494183 ], [ 23.168009932496663, 54.162688406823548 ], [ 23.18884363800516, 54.158984617933292 ], [ 23.209699871522666, 54.155537275333224 ], [ 23.23057748511917, 54.15233141463677 ], [ 23.244950005180126, 54.150275706463972 ], [ 23.251475418255264, 54.149353202333437 ], [ 23.272392723109572, 54.14659015577039 ], [ 23.293328425854185, 54.144029773611841 ], [ 23.314281618865348, 54.141660422976507 ], [ 23.33525144754336, 54.139471193904903 ], [ 23.356237106469827, 54.137451846621182 ], [ 23.377237835900608, 54.135592763334529 ], [ 23.39825291856074, 54.133884904130987 ], [ 23.416605099391294, 54.132517936595747 ], [ 23.41928168963948, 54.132319887781172 ], [ 23.440323578950228, 54.130890370359133 ], [ 23.461377895232193, 54.129588017855752 ], [ 23.482444058903546, 54.128405681736687 ], [ 23.481500308947108, 54.118542339625336 ], [ 23.501245275960425, 54.106376044446684 ], [ 23.501493262919119, 54.106222141239236 ], [ 23.500384211146979, 54.094691037998032 ], [ 23.499274177494847, 54.083159963719922 ], [ 23.518600658627751, 54.071239804845611 ], [ 23.519248763439773, 54.070837063219052 ], [ 23.518132751360493, 54.059306288596375 ], [ 23.517015715130388, 54.0477755447315 ], [ 23.515897651078024, 54.036244831723614 ], [ 23.514778555960483, 54.024714149655615 ], [ 23.513477636576106, 54.024088129830794 ], [ 23.492593081236269, 54.013974134434299 ], [ 23.491476046093847, 54.002443266632845 ], [ 23.489920644248024, 54.00169384832369 ], [ 23.46930100084095, 53.99169884639543 ], [ 23.468186094414083, 53.980167789833168 ], [ 23.486390641640892, 53.968926298584137 ], [ 23.488118851617315, 53.967850842411401 ], [ 23.506180387827651, 53.956690279290243 ], [ 23.508042202262146, 53.955530709695005 ], [ 23.506915832359695, 53.944000245258565 ], [ 23.505788419425372, 53.932469811895508 ], [ 23.504659963524343, 53.920939409563424 ], [ 23.503530465026596, 53.909409038208373 ], [ 23.502399924594208, 53.8978786977654 ], [ 23.519752280657706, 53.887138482417051 ], [ 23.522286805946784, 53.885556840558358 ], [ 23.521149786144395, 53.874026824205124 ], [ 23.520011708667919, 53.862496839559647 ], [ 23.537007627763618, 53.851965657233613 ], [ 23.539877522288979, 53.850172432762442 ], [ 23.538732859163474, 53.838642778699509 ], [ 23.537587127947255, 53.82711315694084 ], [ 23.536440332020536, 53.815583567316864 ], [ 23.535292474950715, 53.804054009650933 ], [ 23.534143560479595, 53.792524483759763 ], [ 23.532993592510756, 53.780994989453973 ], [ 23.531842575097052, 53.769465526538468 ], [ 23.548013630900677, 53.759423174888092 ], [ 23.551658705068601, 53.757140128231562 ], [ 23.567689390439241, 53.747177797369126 ], [ 23.571464021167483, 53.744811637903233 ], [ 23.570300581080769, 53.733282825427374 ], [ 23.586102003984212, 53.723453608288729 ], [ 23.590089201471294, 53.720951567208992 ], [ 23.58891894486576, 53.70942310218323 ], [ 23.587747629972597, 53.697894669595563 ], [ 23.586575263022809, 53.686366269163969 ], [ 23.58540185028782, 53.674837900604949 ], [ 23.600731309197855, 53.665286282571657 ], [ 23.605156148302061, 53.66250484928262 ], [ 23.603975883313886, 53.650976832576184 ], [ 23.602794582395301, 53.639448847551733 ], [ 23.601612252338647, 53.627920893904403 ], [ 23.616578006872739, 53.618582112973499 ], [ 23.62133764952933, 53.615585765281303 ], [ 23.620148449632026, 53.60405816695615 ], [ 23.618958233771743, 53.592530599682739 ], [ 23.633649897809292, 53.583351318545382 ], [ 23.638660330594799, 53.580193094914037 ], [ 23.637463234492397, 53.568665885926322 ], [ 23.636265138016032, 53.557138707565322 ], [ 23.650694228792073, 53.548111961678579 ], [ 23.655943754772633, 53.544798846942669 ], [ 23.654738777450998, 53.533272029448355 ], [ 23.653532817350989, 53.521745242070978 ], [ 23.667711065744427, 53.512863922034562 ], [ 23.673187805321575, 53.509403044790673 ], [ 23.671974972611554, 53.49787662050948 ], [ 23.670761176331524, 53.486350225765193 ], [ 23.684700477274671, 53.477607107052144 ], [ 23.690392415974728, 53.474005709969866 ], [ 23.689171763199177, 53.462479680231688 ], [ 23.687950167300034, 53.450953679394281 ], [ 23.701662534445209, 53.442341449510728 ], [ 23.707557566337705, 53.438606862221128 ], [ 23.706329136995198, 53.42708122801222 ], [ 23.719873036053265, 53.418565664449055 ], [ 23.725918525851235, 53.414731785488271 ], [ 23.724683277298261, 53.403206519659506 ], [ 23.723447121803062, 53.391681281667381 ], [ 23.73678381350631, 53.383284604317659 ], [ 23.743012547579404, 53.379329567360593 ], [ 23.74176960652871, 53.367804698919969 ], [ 23.75495034137284, 53.359497130434974 ], [ 23.761316921368696, 53.355450383605216 ], [ 23.760067216998831, 53.343925886125966 ], [ 23.758816644151963, 53.33240141530122 ], [ 23.771810079009455, 53.324200572695041 ], [ 23.778339943121583, 53.32004485512838 ], [ 23.777082648709495, 53.30852075607303 ], [ 23.775824508633178, 53.29699668290462 ], [ 23.788642810455993, 53.288895087259228 ], [ 23.795323799377893, 53.284637891137777 ], [ 23.794058982748087, 53.273114190389897 ], [ 23.806741765136202, 53.265089269294293 ], [ 23.813540111759249, 53.2607528313006 ], [ 23.812268649685645, 53.249229503975734 ], [ 23.824820907188546, 53.2412782269584 ], [ 23.831731611548722, 53.236865586950778 ], [ 23.844182012519536, 53.228972186124757 ], [ 23.851182206826756, 53.224498769845439 ], [ 23.849898333734412, 53.212976168085838 ], [ 23.862225522369464, 53.205152007101113 ], [ 23.869330752586496, 53.200606809706755 ], [ 23.868040321830222, 53.189084584335475 ], [ 23.880249315504269, 53.181326603847438 ], [ 23.900882531547843, 53.180521349464634 ], [ 23.90815839843054, 53.175859439001641 ], [ 23.906856437310683, 53.164337922933647 ], [ 23.905553738914712, 53.152816429679987 ], [ 23.904250308097829, 53.141294958994841 ], [ 23.902946149493403, 53.12977351064162 ], [ 23.894631668532732, 53.125724963013404 ], [ 23.880962424965606, 53.119103677933118 ], [ 23.879661796152121, 53.107581941606213 ], [ 23.878360444087537, 53.096060227032474 ], [ 23.877058372485152, 53.084538534014328 ], [ 23.875755584897778, 53.073016862360817 ], [ 23.887768867629397, 53.065356512099349 ], [ 23.895106148265025, 53.060645277306904 ], [ 23.893797008330992, 53.049123979341545 ], [ 23.905722651622234, 53.041510726656085 ], [ 23.913129644290912, 53.036749886253787 ], [ 23.911814191825066, 53.025228962480156 ], [ 23.923656936917233, 53.017659877947082 ], [ 23.931128937452531, 53.012852368842069 ], [ 23.929807213186141, 53.001331819706536 ], [ 23.928484821848251, 52.989811290348442 ], [ 23.92716176642918, 52.978290780598392 ], [ 23.938935713294093, 52.970752485261229 ], [ 23.946447548702988, 52.965912403894457 ], [ 23.945118293752724, 52.954392268203236 ], [ 23.936591580818952, 52.950227035410883 ], [ 23.923188645285116, 52.943729367315484 ], [ 23.921862963211701, 52.932208934313856 ], [ 23.920536632054954, 52.920688520071856 ], [ 23.919209655008942, 52.909168124411863 ], [ 23.917882035401625, 52.8976477471507 ], [ 23.916553776727859, 52.886127388098345 ], [ 23.915224882684075, 52.874607047056529 ], [ 23.913895357204837, 52.863086723817084 ], [ 23.91256520450122, 52.851566418160445 ], [ 23.924494622935626, 52.843903867783666 ], [ 23.931790759865876, 52.839191924070938 ], [ 23.930454588069665, 52.82767198660995 ], [ 23.929117812452056, 52.816152065859541 ], [ 23.927780438591395, 52.804632161542813 ], [ 23.939718269950557, 52.796950911375866 ], [ 23.946977846050981, 52.792255893193804 ], [ 23.945634544385111, 52.780736355581816 ], [ 23.94429067237451, 52.769216833335335 ], [ 23.942946237587755, 52.757697326093783 ], [ 23.941601248263645, 52.746177833468714 ], [ 23.940255713368604, 52.734658355041532 ], [ 23.938909642656078, 52.723138890360978 ], [ 23.937563046727902, 52.71161943894063 ], [ 23.929609646755679, 52.707709827670847 ], [ 23.915718351971954, 52.70095370499206 ], [ 23.907919089592625, 52.697116471117802 ], [ 23.893880606692182, 52.690283819358413 ], [ 23.886239200712492, 52.686520927260183 ], [ 23.872049802759484, 52.679609784746134 ], [ 23.864569972680833, 52.675923204057433 ], [ 23.850225937026739, 52.668931603653228 ], [ 23.842911397745052, 52.665323306650023 ], [ 23.828409011653399, 52.658249278360607 ], [ 23.82126346782146, 52.654721237172424 ], [ 23.806599034422636, 52.647562810923958 ], [ 23.799626174483301, 52.644116994570162 ], [ 23.784796019047775, 52.636872203166341 ], [ 23.783478334721671, 52.625350523884876 ], [ 23.776745215921288, 52.62201917823684 ], [ 23.761686552927451, 52.614655458550622 ], [ 23.755135429950769, 52.611411305159372 ], [ 23.734778024351339, 52.612291165969893 ], [ 23.714419636842198, 52.613168040406087 ], [ 23.694060270213633, 52.614041922246038 ], [ 23.673699927199721, 52.614912804630059 ], [ 23.653338610477078, 52.615780680035208 ], [ 23.637519185311714, 52.60801777912971 ], [ 23.631761199327766, 52.605155899704059 ], [ 23.611403276434014, 52.606017804357116 ], [ 23.595276442743518, 52.598093350639786 ], [ 23.589840817630336, 52.595387809035728 ], [ 23.569486296686147, 52.596243710651954 ], [ 23.553044959016198, 52.588153656408203 ], [ 23.547938780518287, 52.585608442158097 ], [ 23.531301670847796, 52.577415341167914 ], [ 23.52640182765003, 52.574970834093207 ], [ 23.509565791677733, 52.566672895304372 ], [ 23.504875425786565, 52.564330844175437 ], [ 23.484533049881051, 52.565174675726951 ], [ 23.467366771811058, 52.55670204128937 ], [ 23.466116618639898, 52.545175608732585 ], [ 23.461854224189, 52.543043527922393 ], [ 23.444403522673117, 52.534420765998036 ], [ 23.440359398202606, 52.532396095384826 ], [ 23.422698231269205, 52.523661788609886 ], [ 23.418875070751042, 52.521746068713917 ], [ 23.401000861508695, 52.512898675069287 ], [ 23.397401227980613, 52.511093384362283 ], [ 23.379311537344798, 52.502131423708853 ], [ 23.378080448659503, 52.490603689059789 ], [ 23.374795850889154, 52.488954436244299 ], [ 23.356404276649155, 52.479831970369702 ], [ 23.355178501725991, 52.468303882974205 ], [ 23.352213902208604, 52.466813538516568 ], [ 23.33351586825135, 52.457527688015652 ], [ 23.332295721222707, 52.445999237310311 ], [ 23.329655297415346, 52.444670285461363 ], [ 23.310647039934988, 52.435218556501759 ], [ 23.309432857128311, 52.42368973129868 ], [ 23.308219402114069, 52.412160866614968 ], [ 23.305999245383205, 52.411041763889699 ], [ 23.28659070375328, 52.401375343134653 ], [ 23.284607772977985, 52.400374948581799 ], [ 23.264971260958248, 52.390585660029267 ], [ 23.263770093549635, 52.379056050242767 ], [ 23.262118676983057, 52.378221920559163 ], [ 23.242165974057354, 52.368261850170335 ], [ 23.240971889957716, 52.356731829568758 ], [ 23.23965257302218, 52.356064656287771 ], [ 23.219383580505422, 52.345933101930058 ], [ 23.218196979427457, 52.334402657892831 ], [ 23.217209371796478, 52.333902639584636 ], [ 23.196624973803235, 52.32359939227819 ], [ 23.195446262792128, 52.312068512157168 ], [ 23.194788984428392, 52.311735345018903 ], [ 23.173891056833725, 52.301260698530498 ], [ 23.172720646208777, 52.289729369798813 ], [ 23.191569162716629, 52.277700390729919 ], [ 23.191920492777225, 52.277475421961348 ], [ 23.190749005754828, 52.265944230765101 ], [ 23.189579561036041, 52.254412953422197 ], [ 23.188412252503493, 52.242881586608902 ], [ 23.187247173290302, 52.231350127030517 ], [ 23.186444987695157, 52.223394730190599 ], [ 23.179779780434757, 52.23161524744053 ], [ 23.169911477935369, 52.243537677503234 ], [ 23.168249912485944, 52.245501562278328 ], [ 23.159742849836899, 52.255469792497863 ], [ 23.149956596472329, 52.266744472856622 ], [ 23.149375513895091, 52.26740793402265 ], [ 23.138704972593899, 52.279355715920083 ], [ 23.131575095924205, 52.287222218335131 ], [ 23.127835955226654, 52.291309385650507 ], [ 23.116725722851619, 52.303270378114384 ], [ 23.113121202435011, 52.307096651935176 ], [ 23.105376707397717, 52.315238537626819 ], [ 23.094602180141646, 52.326439757559399 ], [ 23.093852255935197, 52.327211593709954 ], [ 23.082056550827129, 52.339192808798721 ], [ 23.076019893605356, 52.345265926828489 ], [ 23.070080868172933, 52.351178949363252 ], [ 23.057933060684789, 52.363169688493386 ], [ 23.05738665581756, 52.363703568833387 ], [ 23.045525870371119, 52.375167962635579 ], [ 23.038700073471166, 52.381722155378583 ], [ 23.032962326841314, 52.387170166225317 ], [ 23.020241890336404, 52.399176266025385 ], [ 23.019970486957821, 52.399430508020856 ], [ 23.007270896912964, 52.41118938924312 ], [ 23.001194833034461, 52.416791320904089 ], [ 22.994152761490607, 52.423205951822283 ], [ 22.982381188085096, 52.433890022624077 ], [ 22.980890915106048, 52.435225787508898 ], [ 22.967413029022101, 52.447251276425995 ], [ 22.963528133798579, 52.450707824198844 ], [ 22.953766681396001, 52.459280749484364 ], [ 22.944639471795657, 52.467283895586995 ], [ 22.939981929248308, 52.471313143962838 ], [ 22.926053815571397, 52.483348574786831 ], [ 22.925717284613587, 52.483638761730845 ], [ 22.911897236690699, 52.495389807650255 ], [ 22.906760564838216, 52.499758470888523 ], [ 22.897603973311476, 52.507433730646795 ], [ 22.887772875686135, 52.515680517116635 ], [ 22.883174440750391, 52.519480279240859 ], [ 22.868754888452365, 52.531410168545953 ], [ 22.868608501021757, 52.531529406765834 ], [ 22.853813346883854, 52.543584087264762 ], [ 22.849706004994143, 52.546938282434397 ], [ 22.83887433496367, 52.555641460668767 ], [ 22.830628242903916, 52.562285521141398 ], [ 22.823792477195514, 52.567701438409912 ], [ 22.811522000850829, 52.577454259664563 ], [ 22.80856486893094, 52.579764058097943 ], [ 22.793168884918295, 52.591829987783406 ], [ 22.792387458812115, 52.592444371939131 ], [ 22.777549325235302, 52.603900923054788 ], [ 22.773224736711356, 52.607255017595129 ], [ 22.761768544770739, 52.615974790330625 ], [ 22.754034369728931, 52.621890173434309 ], [ 22.745819748218011, 52.628051738809553 ], [ 22.734816375900625, 52.636347811574346 ], [ 22.729694863449261, 52.640131953493203 ], [ 22.715570708246958, 52.650625086446347 ], [ 22.713384387451256, 52.652215659018694 ], [ 22.696861695196475, 52.664303608611654 ], [ 22.696297301027887, 52.664718862723554 ], [ 22.680073459934203, 52.676397369296922 ], [ 22.676996167656981, 52.678626872455183 ], [ 22.663062209336399, 52.688495509709611 ], [ 22.657666944837551, 52.692342287920461 ], [ 22.64581127756081, 52.700598444855039 ], [ 22.638309324099414, 52.705858792657338 ], [ 22.628301455068744, 52.712706656348324 ], [ 22.618922946986324, 52.719169328031327 ], [ 22.61051061749037, 52.724820701424029 ], [ 22.599507408302287, 52.732266113175235 ], [ 22.592413284662754, 52.736941223596546 ], [ 22.580062259634506, 52.745140668660348 ], [ 22.573980094084472, 52.749068965330594 ], [ 22.560587013192585, 52.757783844517952 ], [ 22.555177168836053, 52.761204783172921 ], [ 22.541081145999662, 52.770185853208567 ], [ 22.535965354521135, 52.773349665915781 ], [ 22.521544104466486, 52.782336308106316 ], [ 22.516299292519871, 52.785504756519146 ], [ 22.501975309372433, 52.794224268005458 ], [ 22.496126287167101, 52.797671378723415 ], [ 22.48237416127348, 52.80583828813193 ], [ 22.475384911477597, 52.809851069557631 ], [ 22.46274004634531, 52.817166478018223 ], [ 22.454003278284716, 52.822045619315624 ], [ 22.44307234266174, 52.828196566522323 ], [ 22.431896879378645, 52.834257121068291 ], [ 22.423370426900547, 52.838915974183479 ], [ 22.408965861392392, 52.846488032459639 ], [ 22.403633681451716, 52.849311892909022 ], [ 22.385091559495141, 52.858741253476794 ], [ 22.383861501895581, 52.85937137289244 ], [ 22.364054268467601, 52.869093859546304 ], [ 22.359939847406146, 52.871025668905929 ], [ 22.344211015472922, 52.878461276120959 ], [ 22.333387877302179, 52.883343904373234 ], [ 22.324330925132756, 52.887457034777754 ], [ 22.305261384081419, 52.895699859322136 ], [ 22.304413529011317, 52.896068720067461 ], [ 22.284460305443826, 52.904309305899758 ], [ 22.274724610991399, 52.908115461666732 ], [ 22.264469444535052, 52.912148342017623 ], [ 22.24444095484407, 52.919578924199186 ], [ 22.241527890125475, 52.920595643264306 ], [ 22.224376300006451, 52.926613504480827 ], [ 22.204408949997543, 52.933172222181383 ], [ 22.204273407725616, 52.933216966796095 ], [ 22.184135154214843, 52.939420639552921 ], [ 22.163959161984543, 52.945184642961877 ], [ 22.16125802654205, 52.945897666629442 ], [ 22.143748134496153, 52.95053806841679 ], [ 22.123500899705775, 52.955456962157271 ], [ 22.108069621050692, 52.958870232704442 ], [ 22.103218438164117, 52.959946756071325 ], [ 22.082902272495648, 52.964020592206502 ], [ 22.062551962632025, 52.967664170935421 ], [ 22.042168469539899, 52.970882712079252 ], [ 22.030869715854404, 52.972433722554989 ], [ 22.021753154071405, 52.973687262630484 ], [ 22.001306888506463, 52.976082083995657 ], [ 21.980830197095646, 52.978066465364968 ], [ 21.960324115549849, 52.979647118855596 ], [ 21.939789686060056, 52.980831005284706 ], [ 21.919227955650818, 52.981625321185867 ], [ 21.898639974460703, 52.982037484180296 ], [ 21.87802679396836, 52.982075116886193 ], [ 21.857389465181637, 52.981746029542244 ], [ 21.836729036810134, 52.981058201578065 ], [ 21.81604655343919, 52.98001976234022 ], [ 21.795343053723901, 52.978638971203821 ], [ 21.791313397762931, 52.978304491031025 ], [ 21.774619912807474, 52.976929566518088 ], [ 21.753877902047265, 52.974896196896076 ], [ 21.733117933206799, 52.972545862327607 ], [ 21.712340995310473, 52.969886999082213 ], [ 21.704360077752959, 52.968748453333021 ], [ 21.691548355462498, 52.96693276862279 ], [ 21.670740845652119, 52.963689682120027 ], [ 21.649919209530665, 52.960163005046681 ], [ 21.64136747438215, 52.958598696390091 ], [ 21.629084615204558, 52.95636515761214 ], [ 21.608237856568387, 52.952302740855856 ], [ 21.588427162158307, 52.948197136759219 ], [ 21.587379647232662, 52.947981221872126 ], [ 21.566511118437706, 52.943413296304144 ], [ 21.545632766048396, 52.938601261210806 ], [ 21.541669403671648, 52.937640036447817 ], [ 21.524745556317189, 52.933555565721122 ], [ 21.503850117407094, 52.928281157491227 ], [ 21.498919521305602, 52.926980440053427 ], [ 21.482947210561044, 52.92278547759345 ], [ 21.462037514677505, 52.91707477381744 ], [ 21.459114957449849, 52.916244658954604 ], [ 21.441121628275354, 52.911154084020595 ], [ 21.421630945419782, 52.905448378781259 ], [ 21.420200284334278, 52.905031036203795 ], [ 21.399273890884956, 52.898707652143301 ], [ 21.386096997781763, 52.894601227417787 ], [ 21.378343189187145, 52.89219211205809 ], [ 21.357408644166558, 52.885487804697426 ], [ 21.352030398899991, 52.883714506581846 ], [ 21.33647065083003, 52.878596945412589 ], [ 21.319280436754244, 52.8727924131272 ], [ 21.315529959301045, 52.871528499380858 ], [ 21.294586692620882, 52.864279891146886 ], [ 21.287705453869563, 52.861838757156427 ], [ 21.273641390924595, 52.856856427401219 ], [ 21.257093650701954, 52.85085849550812 ], [ 21.252694682492269, 52.849265323478612 ], [ 21.231746617509494, 52.841502807359845 ], [ 21.227391425878711, 52.839853371787726 ], [ 21.210797493171981, 52.833569826047309 ], [ 21.198516994760126, 52.828825576984549 ], [ 21.189847986660585, 52.8254749223617 ], [ 21.170314229731808, 52.817778564693221 ], [ 21.168898431631817, 52.817220086718265 ], [ 21.147948455807381, 52.808793077313439 ], [ 21.142864459361654, 52.8067113390956 ], [ 21.126998726456705, 52.800202456674562 ], [ 21.116030687665187, 52.795626860629611 ], [ 21.106049660242828, 52.791451957572072 ], [ 21.089755770207876, 52.784526548880805 ], [ 21.085101484309973, 52.782541509941538 ], [ 21.064154374052602, 52.773469952955033 ], [ 21.06402056743606, 52.773411103470529 ], [ 21.043207668223136, 52.76421821511515 ], [ 21.038879018950112, 52.762279943698367 ], [ 21.022262312394059, 52.75480109729591 ], [ 21.014222214894968, 52.751135292371018 ], [ 21.001318442616817, 52.745216385537759 ], [ 20.99003580767619, 52.739977688498115 ], [ 20.980376171135195, 52.735461250894296 ], [ 20.966306848525861, 52.728807630675156 ], [ 20.959435586439028, 52.725532216930503 ], [ 20.943023623578878, 52.717625581686264 ], [ 20.938496753193977, 52.715425122278781 ], [ 20.920175525744654, 52.706431972246278 ], [ 20.917559712024548, 52.705135077352658 ], [ 20.897752959843132, 52.695227203986562 ], [ 20.89662447912167, 52.694656414087753 ], [ 20.875747278755266, 52.684011651776309 ], [ 20.875691045641396, 52.683982627377169 ], [ 20.854759120678697, 52.673100259326908 ], [ 20.854157512063416, 52.672785559626149 ], [ 20.833829014071135, 52.66200957442836 ], [ 20.83296541532706, 52.66154943379042 ], [ 20.812900693450167, 52.650702589543009 ], [ 20.812165577058927, 52.650303567244393 ], [ 20.791974078710176, 52.639169778745313 ], [ 20.791754282182808, 52.63904821968918 ], [ 20.771733793354617, 52.627783555106276 ], [ 20.771048671934647, 52.627390815222107 ], [ 20.752099985605359, 52.616509829719682 ], [ 20.750124295256171, 52.615352400742303 ], [ 20.732849579427857, 52.605227280936425 ], [ 20.729200835277119, 52.603042220107525 ], [ 20.713982536765801, 52.593936093462858 ], [ 20.708278015880538, 52.590443163988013 ], [ 20.695500444211863, 52.58263642506784 ], [ 20.687355509062176, 52.577535907204357 ], [ 20.677406747560873, 52.571328404488995 ], [ 20.666432926844532, 52.564298552015046 ], [ 20.659707034258997, 52.560012128796266 ], [ 20.645509811078163, 52.550706186691158 ], [ 20.642409373631693, 52.548687660106708 ], [ 20.625522628933012, 52.537355050334405 ], [ 20.624584650737013, 52.536704067080251 ], [ 20.609047140465787, 52.526014468145057 ], [ 20.603653702002234, 52.522173197278839 ], [ 20.593000643096321, 52.514665843997292 ], [ 20.582718964279341, 52.507147896551459 ], [ 20.577402705931931, 52.50330908894918 ], [ 20.562274119397749, 52.491944103259094 ], [ 20.561778546940864, 52.491554643447444 ], [ 20.547592172296966, 52.480571361508993 ], [ 20.540822509957206, 52.475085372621692 ], [ 20.533421698912839, 52.469190186986602 ], [ 20.519855680744932, 52.457843065814657 ], [ 20.519803463576348, 52.457800236991851 ], [ 20.506675068908351, 52.446402494553368 ], [ 20.498858389916119, 52.439215012031134 ], [ 20.494164580624837, 52.434995502063252 ], [ 20.482261749072617, 52.423579581233582 ], [ 20.477826287194432, 52.419010006595087 ], [ 20.470997577430229, 52.412154526985525 ], [ 20.460454311673164, 52.400719502827414 ], [ 20.456731374737462, 52.396307106689591 ], [ 20.450620784012894, 52.38927483558691 ], [ 20.441592271229336, 52.377819537171227 ], [ 20.435515713519898, 52.369204218298869 ], [ 20.433436712477747, 52.366352964593844 ], [ 20.426107063495742, 52.354875862879524 ], [ 20.419794633011303, 52.343386083446141 ], [ 20.414539715903402, 52.331883302837269 ], [ 20.413947819532186, 52.330234559075059 ], [ 20.410270902088797, 52.320368510712086 ], [ 20.407146188290511, 52.308839927833084 ], [ 20.405221443944317, 52.297296975835494 ], [ 20.404532397373657, 52.285739283851875 ], [ 20.40511196790753, 52.274166477054486 ], [ 20.406990107041231, 52.262578174975388 ], [ 20.410193657221917, 52.250973990009051 ], [ 20.411333219311381, 52.248050382693947 ], [ 20.414597299902521, 52.239355311197777 ], [ 20.420254307307196, 52.22772135847049 ], [ 20.427224930942128, 52.216071217955225 ], [ 20.430427788924167, 52.211553694484813 ], [ 20.435302096647483, 52.204407170800664 ], [ 20.444502305989058, 52.192728783226023 ], [ 20.449870870403259, 52.1867163115325 ], [ 20.454748300637423, 52.181036740644778 ], [ 20.465959555863471, 52.169331766969734 ], [ 20.469429843715574, 52.166045006587595 ], [ 20.477988665526482, 52.157615430142798 ], [ 20.489046185225241, 52.147629555317131 ], [ 20.490903879663989, 52.145886613393714 ], [ 20.504430036565903, 52.134148532621374 ], [ 20.508696756136903, 52.1307005966042 ], [ 20.518583708598317, 52.122400761146373 ], [ 20.528364445179921, 52.11470249419191 ], [ 20.533333701985342, 52.110643475596135 ], [ 20.548039422069124, 52.099316837560053 ], [ 20.548589428102549, 52.098877639245799 ], [ 20.564162065087299, 52.087105559067517 ], [ 20.567722571435134, 52.084546256165389 ], [ 20.580098728929588, 52.075326475764491 ], [ 20.587405433414741, 52.070129821375652 ], [ 20.596353661414646, 52.063540859361233 ], [ 20.607085003626096, 52.055970889493224 ], [ 20.612871244396235, 52.05174933747432 ], [ 20.626759555331144, 52.042012509883442 ], [ 20.62960343412659, 52.03995246238803 ], [ 20.646427685245897, 52.028209167643993 ], [ 20.646508808935682, 52.028150720002024 ], [ 20.663490455412528, 52.016345403059987 ], [ 20.666090908811594, 52.014595982230404 ], [ 20.680587243053225, 52.004535922859738 ], [ 20.685745406959942, 52.001064544100799 ], [ 20.697773700650103, 51.992722595254435 ], [ 20.705390362676528, 51.987590263599422 ], [ 20.715026445634912, 51.980905720439061 ], [ 20.725025163329857, 51.974154952962891 ], [ 20.732325733487759, 51.969085558775632 ], [ 20.744649294172742, 51.960743735195607 ], [ 20.749654996246683, 51.957262335061813 ], [ 20.764262324493757, 51.947344512231588 ], [ 20.767000442924779, 51.945436242231764 ], [ 20.78386389703984, 51.933947549802355 ], [ 20.784350713669486, 51.933607444565823 ], [ 20.801669915754822, 51.921776488717278 ], [ 20.803455200629642, 51.920582091453291 ], [ 20.818974692842708, 51.909943130560066 ], [ 20.823034888309593, 51.907213567473924 ], [ 20.836267046293766, 51.898107344589341 ], [ 20.842602378676592, 51.893827526201271 ], [ 20.853542522180245, 51.886269205819815 ], [ 20.862157554763623, 51.88042133361359 ], [ 20.870798011074221, 51.874428770527956 ], [ 20.881700345516453, 51.86699355891114 ], [ 20.888031596730041, 51.862586077678628 ], [ 20.901230724061975, 51.85354387404103 ], [ 20.905242427554299, 51.850741150119248 ], [ 20.920748706402353, 51.84007296936521 ], [ 20.922430608066108, 51.838893995563645 ], [ 20.939592068203133, 51.827044690522591 ], [ 20.940254845080187, 51.826593990690107 ], [ 20.956723710749984, 51.815193297710067 ], [ 20.959750005842601, 51.813126802369986 ], [ 20.973842580613653, 51.803339543441048 ], [ 20.979233057220348, 51.799644927368853 ], [ 20.990951768499755, 51.791483380341283 ], [ 20.998704179072327, 51.786152532151029 ], [ 21.00805500935714, 51.779624748207709 ], [ 21.018163589624304, 51.772654489447497 ], [ 21.025156650857504, 51.76776357407816 ], [ 21.037611544888275, 51.759156333951147 ], [ 21.042261631371684, 51.75589977216277 ], [ 21.057048337973143, 51.745664218142998 ], [ 21.059375466633604, 51.744033243640345 ], [ 21.076474298250123, 51.732184867422646 ], [ 21.076504244433238, 51.732163876322026 ], [ 21.093654401138341, 51.720291548204386 ], [ 21.095891375109513, 51.718759798521653 ], [ 21.110837517973515, 51.708416040999872 ], [ 21.115298373778124, 51.705361695336066 ], [ 21.128061302246223, 51.696537199727814 ], [ 21.134695699286485, 51.691998181007065 ], [ 21.145334034462355, 51.68465485431183 ], [ 21.154083808054843, 51.678677703641675 ], [ 21.162664625103801, 51.672768818073578 ], [ 21.173463184719999, 51.665409018216536 ], [ 21.180062646790944, 51.66087888662264 ], [ 21.192834339959656, 51.652201129520684 ], [ 21.19753837267119, 51.64898483658834 ], [ 21.21219780806684, 51.639063232787727 ], [ 21.215102821093897, 51.637086424183558 ], [ 21.231554144282264, 51.626004652292735 ], [ 21.232767806700551, 51.625183383588606 ], [ 21.250548469565299, 51.613275377743314 ], [ 21.250904166419129, 51.613039719461796 ], [ 21.268464976349563, 51.601361962775442 ], [ 21.270248954932637, 51.600187572848114 ], [ 21.286524120664815, 51.589442942507659 ], [ 21.289588269365996, 51.587440479107507 ], [ 21.304741017024202, 51.577517952518342 ], [ 21.308922706839351, 51.574807478894179 ], [ 21.323131875393941, 51.565586596549949 ], [ 21.328252868583135, 51.562297414773489 ], [ 21.341714089535383, 51.553648443647326 ], [ 21.347579356348522, 51.549918869561083 ], [ 21.360506333584294, 51.541703024995037 ], [ 21.366902768780619, 51.537680106720252 ], [ 21.379528667379976, 51.529749830424393 ], [ 21.386223697795749, 51.525589013494617 ], [ 21.398802651104713, 51.517788304557449 ], [ 21.405542725004953, 51.513653047434673 ], [ 21.418351469839848, 51.505817842551288 ], [ 21.424860418226249, 51.501879186940656 ], [ 21.43820006868113, 51.493837785402697 ], [ 21.444177328126777, 51.490273886388309 ], [ 21.458375299090662, 51.481847414767486 ], [ 21.463493985034436, 51.47884303634001 ], [ 21.478906077191919, 51.46984594724556 ], [ 21.482810895955865, 51.467591929266796 ], [ 21.49982355472893, 51.457832528076054 ], [ 21.50212854183405, 51.456525231116409 ], [ 21.521161303414999, 51.445806224182554 ], [ 21.521447375074693, 51.445646958969277 ], [ 21.540769211592504, 51.434985581355797 ], [ 21.543000986232698, 51.43376502949738 ], [ 21.560093504307254, 51.424526490430026 ], [ 21.565357415357095, 51.421708334338817 ], [ 21.579420433817599, 51.414268420663191 ], [ 21.588269509549189, 51.409634978061341 ], [ 21.598750328851615, 51.40421275766964 ], [ 21.611785452029512, 51.397543554901745 ], [ 21.618083481009585, 51.394360201246272 ], [ 21.635957315623706, 51.385432523354361 ], [ 21.637420144158614, 51.384710778531129 ], [ 21.656762967065792, 51.375305864059158 ], [ 21.660952904606386, 51.373297657846059 ], [ 21.676110911510868, 51.366122478701747 ], [ 21.686793795544293, 51.361137928076168 ], [ 21.69546323469881, 51.357143305762065 ], [ 21.713512059199413, 51.348952022960702 ], [ 21.71482004319957, 51.348365865963828 ], [ 21.734185330803257, 51.339853037729483 ], [ 21.741410675840033, 51.336732237930043 ], [ 21.753556306770093, 51.331552820921544 ], [ 21.770440880643196, 51.324478872119904 ], [ 21.77293222016446, 51.323448410343403 ], [ 21.79231745989452, 51.315608050902725 ], [ 21.800965288165532, 51.312182394090456 ], [ 21.811709247429032, 51.307980984489319 ], [ 21.831107064719284, 51.300554506888439 ], [ 21.833022162113522, 51.299840693679343 ], [ 21.850515843313143, 51.293404182380939 ], [ 21.867088231117677, 51.287440814783395 ], [ 21.869929777914336, 51.28643148154336 ], [ 21.889355072038565, 51.279731691010007 ], [ 21.903513501382559, 51.274972295809022 ], [ 21.908786856705031, 51.273222426523468 ], [ 21.928229704651219, 51.266971860815659 ], [ 21.942805753319458, 51.262420134999822 ], [ 21.947679937165368, 51.260917521746279 ], [ 21.967142222898083, 51.255128091612143 ], [ 21.985755416706088, 51.249761237020394 ], [ 21.986611315268433, 51.249517580732935 ], [ 22.006094828733836, 51.244199277964732 ], [ 22.025585986103849, 51.239064437008267 ], [ 22.033970190847185, 51.236949833468657 ], [ 22.045089458837285, 51.234180299528113 ], [ 22.064604714825318, 51.229534165476196 ], [ 22.0841294483666, 51.225087130938775 ], [ 22.089521279864844, 51.223924644059508 ], [ 22.103668756162634, 51.220911217141165 ], [ 22.123220362372962, 51.216967818846484 ], [ 22.142783319885719, 51.213238764688811 ], [ 22.157956950817031, 51.210525386761475 ], [ 22.162359482135365, 51.209747167677257 ], [ 22.181952000019137, 51.206534386400243 ], [ 22.201557785516012, 51.203550871738386 ], [ 22.2211775960611, 51.200803335717033 ], [ 22.240812211357216, 51.19829864023923 ], [ 22.259364840663551, 51.196170866668012 ], [ 22.260462603129788, 51.196046194067485 ], [ 22.280131827091648, 51.194084494038108 ], [ 22.299817898697142, 51.192380625109877 ], [ 22.319521660379838, 51.190941740231239 ], [ 22.339243977613091, 51.189775132542977 ], [ 22.358985738997358, 51.188888231065597 ], [ 22.378747856284392, 51.188288595571287 ], [ 22.398531264334242, 51.187983910616694 ], [ 22.418336921001245, 51.187981978714532 ], [ 22.438165806945094, 51.188290712624834 ], [ 22.458018925363348, 51.188918126749762 ], [ 22.477897301641736, 51.189872327618204 ], [ 22.497805700167039, 51.191210544436451 ], [ 22.517742197623022, 51.192900949056494 ], [ 22.53770790389035, 51.194951973538444 ], [ 22.557703946973202, 51.197372067687475 ], [ 22.567577825139963, 51.198740928203506 ], [ 22.57773497107409, 51.200214797287309 ], [ 22.597802812165348, 51.203496477535438 ], [ 22.617905308116455, 51.207182053655117 ], [ 22.624715481884948, 51.208554813406955 ], [ 22.638050019130752, 51.211360449190416 ], [ 22.658235869666328, 51.216009703148522 ], [ 22.669160318141948, 51.218740137746749 ], [ 22.67846624025815, 51.221164137842443 ], [ 22.698744098961615, 51.226852107011474 ], [ 22.706361999130152, 51.229138646216256 ], [ 22.719073038961536, 51.233109006397783 ], [ 22.73877448772604, 51.239678754855568 ], [ 22.739452133292602, 51.239913689296195 ], [ 22.759892335322665, 51.247390910028493 ], [ 22.767499212956128, 51.250328929955707 ], [ 22.780391072930005, 51.255497813231266 ], [ 22.793591360787318, 51.261057633286455 ], [ 22.800952412747286, 51.264272798025161 ], [ 22.817546397811761, 51.271850435108213 ], [ 22.821580891211276, 51.273758946103278 ], [ 22.839729207110178, 51.282696654095673 ], [ 22.84228094308936, 51.283997028133378 ], [ 22.86042656906999, 51.293587820436187 ], [ 22.863056832844766, 51.295024730575335 ], [ 22.879866543383692, 51.304517147123519 ], [ 22.883912587251018, 51.306875924383526 ], [ 22.898232366935257, 51.315479145478768 ], [ 22.904851932551892, 51.319580013769517 ], [ 22.915672594452221, 51.326469341110347 ], [ 22.925878239703042, 51.33316140424953 ], [ 22.932308614219458, 51.337484061064821 ], [ 22.94699448127842, 51.347639127848744 ], [ 22.948240297383595, 51.348520272250532 ], [ 22.963478941621627, 51.359577875081804 ], [ 22.968209710501153, 51.363101837133136 ], [ 22.978148219408283, 51.37065293037157 ], [ 22.989522674945725, 51.379517530007909 ], [ 22.992327381748744, 51.38174294423618 ], [ 23.006002278841475, 51.392848576087388 ], [ 23.010940816654408, 51.396953995633858 ], [ 23.01924625378901, 51.40396748012931 ], [ 23.032128840772508, 51.415097403960573 ], [ 23.032464193800386, 51.415393386273884 ], [ 23.04458717922483, 51.426240636957694 ], [ 23.054103920032421, 51.434942723795807 ], [ 23.056750442818259, 51.437392834506902 ], [ 23.068565449839134, 51.448555935181055 ], [ 23.075860949935194, 51.455592292666019 ], [ 23.080102596680288, 51.45972758841399 ], [ 23.09134435416442, 51.470908487079591 ], [ 23.097742384960998, 51.477400796731231 ], [ 23.102327622078764, 51.482097421305333 ], [ 23.11304484203124, 51.493294727557533 ], [ 23.119757526916498, 51.500449549106712 ], [ 23.123526253025688, 51.504499412189865 ], [ 23.133752865783173, 51.515712207159865 ], [ 23.141918431971916, 51.524847806019487 ], [ 23.143767808920586, 51.526931651470363 ], [ 23.15352508849077, 51.538159428926022 ], [ 23.163086923728567, 51.549393390770639 ], [ 23.164244741381747, 51.550784621861425 ], [ 23.172393456197337, 51.560635715400295 ], [ 23.181493901346069, 51.571884705183436 ], [ 23.186766561714702, 51.578557476038235 ], [ 23.190368999584237, 51.583141095392811 ], [ 23.199005247673675, 51.594405419370865 ], [ 23.207432316448926, 51.605676662779345 ], [ 23.20952284880557, 51.608551088314236 ], [ 23.215606858901907, 51.616956428275799 ], [ 23.223548693863723, 51.6282440524812 ], [ 23.231263680521479, 51.639539369291001 ], [ 23.232590578047482, 51.641546860295605 ], [ 23.238708875643816, 51.650843974318889 ], [ 23.245905500578342, 51.662157148117693 ], [ 23.252852896647703, 51.673478958209316 ], [ 23.256112482885484, 51.679004042403911 ], [ 23.259523753461547, 51.684810438766313 ], [ 23.265911454179733, 51.696151875206887 ], [ 23.272024624009838, 51.707502997061255 ], [ 23.27785411275141, 51.718864178463406 ], [ 23.280396996900176, 51.724090060238915 ], [ 23.283375216340897, 51.730236361145394 ], [ 23.288582504889444, 51.741619784231247 ], [ 23.293479916628669, 51.753014342388106 ], [ 23.298058525624846, 51.764420398379421 ], [ 23.302309615033732, 51.77583830598585 ], [ 23.306224742074235, 51.787268407342893 ], [ 23.306560919032339, 51.788345989991505 ], [ 23.309780815203005, 51.798711580615439 ], [ 23.31298546459686, 51.810167574433187 ], [ 23.31583312383512, 51.821636618617141 ], [ 23.318317222373135, 51.83311897712035 ], [ 23.320431774413123, 51.844614889465582 ], [ 23.322171430444474, 51.856124568609985 ], [ 23.323531524807169, 51.867648198978685 ], [ 23.324508118799553, 51.879185934690149 ], [ 23.325098038888022, 51.89073789799297 ], [ 23.32529890962148, 51.902304177933274 ], [ 23.325109180906292, 51.913884829268127 ], [ 23.324528149357651, 51.925479871637968 ], [ 23.323555973509496, 51.937089289007979 ], [ 23.322193682736053, 51.948713029384677 ], [ 23.322034799316587, 51.949765547672939 ], [ 23.320421194462266, 51.960351812972043 ], [ 23.318257048158568, 51.972004935426661 ], [ 23.315706915853511, 51.983672162365586 ], [ 23.312775169659261, 51.995353303805402 ], [ 23.309467018151, 52.007048135842979 ], [ 23.307875680055989, 52.012101161039752 ], [ 23.305763135287883, 52.018757329910898 ], [ 23.301671976508157, 52.030480534677757 ], [ 23.297220079028769, 52.042216735615284 ], [ 23.292415657980396, 52.053965587698038 ], [ 23.291841307968987, 52.055272400751903 ], [ 23.287211750714985, 52.065728754913152 ], [ 23.281661932071874, 52.077504229866413 ], [ 23.275783248191715, 52.089291340053514 ], [ 23.275037311858995, 52.090705459225887 ], [ 23.269518067035545, 52.101092123065676 ], [ 23.262931693488675, 52.112904147239263 ], [ 23.257786901881879, 52.121725079877919 ], [ 23.256022600517579, 52.124727409972436 ], [ 23.248754808835017, 52.136563149037187 ], [ 23.24120639230501, 52.148408481268461 ], [ 23.240239929745236, 52.149867495115345 ], [ 23.233299117603334, 52.160266161877203 ], [ 23.225119643371361, 52.172133005139962 ], [ 23.22246761831758, 52.175856980240383 ], [ 23.216615117848399, 52.184010843199289 ], [ 23.207837520527125, 52.195897744861924 ], [ 23.20452541608978, 52.200259286689068 ], [ 23.198756572124726, 52.207794724967655 ], [ 23.189415581750325, 52.219700169714599 ], [ 23.206313857338287, 52.219166729681639 ], [ 23.226520151633704, 52.218525622875013 ], [ 23.246725648086588, 52.21788089219941 ], [ 23.247109350644731, 52.217634508107672 ], [ 23.26581948003976, 52.205657601515277 ], [ 23.286405729143432, 52.216211287317364 ], [ 23.287134220117732, 52.216580454058636 ], [ 23.287786645865999, 52.216161034188069 ], [ 23.306216003483872, 52.204350689267336 ], [ 23.32641303199253, 52.203691656055192 ], [ 23.3466092296025, 52.203028875571555 ], [ 23.36680458984122, 52.202362327373571 ], [ 23.367920035841852, 52.201643444925075 ], [ 23.385857856736013, 52.190120620034477 ], [ 23.387038333525979, 52.189359228789527 ], [ 23.40490073423393, 52.177876867193802 ], [ 23.406147523186558, 52.177072074078801 ], [ 23.42393323042533, 52.165631064294381 ], [ 23.443575224322828, 52.175665588361078 ], [ 23.445264685028345, 52.176518772750768 ], [ 23.446771652850689, 52.175544916173088 ], [ 23.464285058230729, 52.164266066084132 ], [ 23.483645376726539, 52.174146542826591 ], [ 23.485625165471227, 52.175145246903924 ], [ 23.505804089368276, 52.174452663425363 ], [ 23.507695547164769, 52.173228223617478 ], [ 23.505571732412964, 52.172157478781081 ], [ 23.486161250831479, 52.162476641005455 ], [ 23.484935818217256, 52.15094925880976 ], [ 23.502294679055208, 52.139754299248217 ], [ 23.504004032439909, 52.138647054219703 ], [ 23.521283942530658, 52.127495229072409 ], [ 23.541440327376517, 52.126796324189442 ], [ 23.543345348782179, 52.125560657993887 ], [ 23.560413158409787, 52.114531533865552 ], [ 23.580562564908252, 52.113825103582975 ], [ 23.600711065795718, 52.113114727981852 ], [ 23.602933482405501, 52.111670401476815 ], [ 23.601688088957108, 52.100144539422715 ], [ 23.61846501665952, 52.089281749810027 ], [ 23.620705093506228, 52.087824508109186 ], [ 23.637400736001727, 52.077006771911613 ], [ 23.639712698676739, 52.075501592329978 ], [ 23.638465622411935, 52.063976029960195 ], [ 23.65512223635465, 52.053174949277398 ], [ 23.657461575228062, 52.051650445347754 ], [ 23.656215345298033, 52.040124960957861 ], [ 23.654972256800995, 52.028599341181952 ], [ 23.653732361007481, 52.017073584023649 ], [ 23.670414465347609, 52.006245408498984 ], [ 23.67271247952953, 52.00474574530439 ], [ 23.671473741998401, 51.993220052869638 ], [ 23.670238308706697, 51.981694218273731 ], [ 23.669006211526565, 51.970168240286363 ], [ 23.666524466119494, 51.968916551102822 ], [ 23.64758222280869, 51.959442681327758 ], [ 23.645265040060981, 51.958272986440377 ], [ 23.626170456500443, 51.948712875261066 ], [ 23.64313559564749, 51.937701982713591 ], [ 23.64514574825958, 51.936389311081548 ], [ 23.642881491763074, 51.935245618281279 ], [ 23.623751638514829, 51.92565852804686 ], [ 23.621643400301647, 51.924592727554995 ], [ 23.602369804990591, 51.914923506214549 ], [ 23.61950523287631, 51.903806062124701 ], [ 23.621346539140617, 51.902603597087626 ], [ 23.620149124810826, 51.891075913156904 ], [ 23.618955118406298, 51.879548084257493 ], [ 23.616906851626023, 51.878511309890385 ], [ 23.597608672439108, 51.868811122117869 ], [ 23.614769207727321, 51.857673706095063 ], [ 23.616577251010224, 51.856491994782147 ], [ 23.614542406199263, 51.85546137284198 ], [ 23.595248413586752, 51.845754068968873 ], [ 23.594073264475814, 51.834225331024761 ], [ 23.611227079233764, 51.823089410331157 ], [ 23.613035388670369, 51.821906798618542 ], [ 23.630060347735586, 51.810846865534813 ], [ 23.631987718078964, 51.809585414716068 ], [ 23.630811300719895, 51.798056942682074 ], [ 23.629638008863949, 51.786528336618879 ], [ 23.627451085398935, 51.785419224233529 ], [ 23.608357787341056, 51.775791288516132 ], [ 23.606287108710355, 51.774740234488007 ], [ 23.587089426638791, 51.765050050684181 ], [ 23.585132959288416, 51.764056122334836 ], [ 23.565154641626521, 51.764906472933539 ], [ 23.545727433869711, 51.755085498304268 ], [ 23.544014463267171, 51.754214057831845 ], [ 23.524485905578114, 51.744332190710431 ], [ 23.523354749466002, 51.732801279512692 ], [ 23.540730739374144, 51.721531637694589 ], [ 23.542317517067552, 51.720493758070177 ], [ 23.541186361683806, 51.708962943541117 ], [ 23.540057829856558, 51.69743201640329 ], [ 23.538931848554697, 51.685900979505512 ], [ 23.537808343746299, 51.674369835733515 ], [ 23.536687240677548, 51.662838587999239 ], [ 23.535568464145218, 51.651307239230242 ], [ 23.534451938761666, 51.639775792359458 ], [ 23.533337589211204, 51.628244250315198 ], [ 23.532225340496975, 51.616712616011732 ], [ 23.531115118177521, 51.60518089234008 ], [ 23.547987017220528, 51.594216491222959 ], [ 23.550035494297401, 51.592872847367929 ], [ 23.548923594060014, 51.581341283319311 ], [ 23.547813497368058, 51.569809638334014 ], [ 23.56443889543883, 51.558994050754102 ], [ 23.566715046244113, 51.557499315837092 ], [ 23.565602822443037, 51.545967848471072 ], [ 23.564492190166906, 51.534436308238959 ], [ 23.580867114982059, 51.523772079658308 ], [ 23.600752924996449, 51.523056557113819 ], [ 23.603363178463791, 51.52133944288375 ], [ 23.602244464139716, 51.509808431775923 ], [ 23.618306141913862, 51.499331924674998 ], [ 23.621102841394926, 51.497490379376458 ], [ 23.637010474285358, 51.487106200772509 ], [ 23.656878511059762, 51.48637843062901 ], [ 23.659915100171943, 51.484376272670154 ], [ 23.675566801450874, 51.474144822406032 ], [ 23.678741865454501, 51.472049763290777 ], [ 23.675165193282819, 51.470224577060513 ], [ 23.65765362959516, 51.461315838352697 ], [ 23.65413873918672, 51.459520665590013 ], [ 23.636575438752573, 51.450577841900298 ], [ 23.652188031481256, 51.440372534594637 ], [ 23.67203517042849, 51.439640724676934 ], [ 23.675338247203101, 51.437459878863287 ], [ 23.674205853470969, 51.425929811008004 ], [ 23.689520978063953, 51.415902771238592 ], [ 23.693002729036753, 51.413601741932219 ], [ 23.691866730481863, 51.402071917726509 ], [ 23.68789528765296, 51.400042626041717 ], [ 23.67081444523139, 51.391339314740343 ], [ 23.669685759719091, 51.379809057330633 ], [ 23.668557902713953, 51.368278756444766 ], [ 23.664544200977517, 51.366224885865513 ], [ 23.647528260608194, 51.357541328743679 ], [ 23.646407552233118, 51.346010602986148 ], [ 23.645287587930515, 51.334479837121116 ], [ 23.641228728624807, 51.332399840032686 ], [ 23.624280532219228, 51.323737597884325 ], [ 23.639354031588159, 51.313862339181938 ], [ 23.643049793457266, 51.31141818891772 ], [ 23.641931920994008, 51.29988730823446 ], [ 23.640814707967788, 51.288356390756029 ], [ 23.65564760007733, 51.278626250633423 ], [ 23.672139849559397, 51.287107983889044 ], [ 23.676594753812861, 51.289391404754717 ], [ 23.680550488033163, 51.286771354460257 ], [ 23.695200030651176, 51.277149592271201 ], [ 23.69928191231385, 51.274443940504618 ], [ 23.713795258339001, 51.264903547399896 ], [ 23.718000721455212, 51.262113869509129 ], [ 23.716862798414194, 51.250584231059442 ], [ 23.731197428300824, 51.241151105472341 ], [ 23.735563944353501, 51.238251824588318 ], [ 23.734421514493111, 51.226722469948093 ], [ 23.733279625146409, 51.215193083157082 ], [ 23.747396347890188, 51.205890998991151 ], [ 23.751957979771294, 51.202858670808311 ], [ 23.765948978036207, 51.193631485653384 ], [ 23.770623719333088, 51.190521623032843 ], [ 23.784491598342061, 51.181367733729687 ], [ 23.804222323704781, 51.180603355696363 ], [ 23.809079733702291, 51.177367738220276 ], [ 23.80791743239628, 51.165839640322723 ], [ 23.821546835697944, 51.156827558566675 ], [ 23.836781491662059, 51.164647004996986 ], [ 23.842473020871342, 51.167559291021007 ], [ 23.847506454813132, 51.164202029265176 ], [ 23.860983933846104, 51.155279281207207 ], [ 23.866119655825916, 51.151851215355236 ], [ 23.864941563771193, 51.140324130990862 ], [ 23.859094613842469, 51.137332251509456 ], [ 23.843988907069317, 51.129619699219631 ], [ 23.842817358317742, 51.118092196085691 ], [ 23.856143407311151, 51.109260976728777 ], [ 23.861410131009631, 51.105742701007721 ], [ 23.860233966094537, 51.094215497341352 ], [ 23.873415528849076, 51.085470203277126 ], [ 23.878809173644342, 51.081863728324244 ], [ 23.891885885737384, 51.073180392861055 ], [ 23.911566824725117, 51.07239246350489 ], [ 23.917113836266282, 51.068678600576206 ], [ 23.915922375142937, 51.057152394716468 ], [ 23.914731428371905, 51.045626157598711 ], [ 23.913541013958522, 51.034099888446178 ], [ 23.912351151477562, 51.022573586416442 ], [ 23.911161862021444, 51.01104725060366 ], [ 23.923906163244826, 51.002561200485388 ], [ 23.943555915639344, 51.001765233336371 ], [ 23.949384586184227, 50.997853896417936 ], [ 23.948185191351179, 50.986328229922449 ], [ 23.960744667764789, 50.977950512931031 ], [ 23.966678514823268, 50.973964847618866 ], [ 23.965474708283622, 50.962439481449813 ], [ 23.964271546160287, 50.950914078363525 ], [ 23.976684083889396, 50.942622876635596 ], [ 23.982742695499176, 50.938548792488128 ], [ 23.995070504953361, 50.930306932333522 ], [ 24.001201747130427, 50.92618093555626 ], [ 24.013447069072814, 50.917987012813846 ], [ 24.01964874312166, 50.913810511111997 ], [ 24.031813784352281, 50.905663141231997 ], [ 24.038083725616698, 50.901437522669596 ], [ 24.0501706589287, 50.89333534077138 ], [ 24.069770026183789, 50.892513046065183 ], [ 24.076150684071333, 50.888207241423977 ], [ 24.088111268418743, 50.880177680666932 ], [ 24.107703876759491, 50.879348202690224 ], [ 24.114190331268659, 50.874965339425415 ], [ 24.126029495404854, 50.867005338302732 ], [ 24.132575583446705, 50.862578897499681 ], [ 24.131327371919419, 50.85105659049141 ], [ 24.123856922092038, 50.847236046829032 ], [ 24.110462512448329, 50.840397264648651 ], [ 24.103022729181589, 50.836589245114205 ], [ 24.083453896534721, 50.837472544131181 ], [ 24.063884110663928, 50.838352775107452 ], [ 24.044313374472075, 50.839229933728369 ], [ 24.024741690831355, 50.840104015324485 ], [ 24.005169062582407, 50.840975014856738 ], [ 23.991524213867159, 50.833981576888888 ], [ 23.984363094901234, 50.830303534859631 ], [ 23.970703764630574, 50.823295780340914 ], [ 23.969504872008784, 50.811770213100743 ], [ 23.968307032570245, 50.800244591303986 ], [ 23.967110284292872, 50.788718913322462 ], [ 23.965914665568459, 50.777193177511435 ], [ 23.977849381005282, 50.769186248219313 ], [ 23.99739832420941, 50.768371689847385 ], [ 24.016946345979274, 50.76755379702432 ], [ 24.023472494289255, 50.763145341879927 ], [ 24.022261395568574, 50.751620651911317 ], [ 24.021051472787164, 50.740095901785288 ], [ 24.019842765075442, 50.728571089808277 ], [ 24.031544717517189, 50.720697811892038 ], [ 24.051071585084639, 50.719871942362801 ], [ 24.07059752620177, 50.719042790985085 ], [ 24.077307218216973, 50.714499421182303 ], [ 24.076083195553046, 50.702975661591346 ], [ 24.074860436224323, 50.691451837679033 ], [ 24.067188808471549, 50.687507476213284 ], [ 24.054100496909111, 50.680778962428498 ], [ 24.065623673379406, 50.673008768600667 ], [ 24.085129427108139, 50.672174931201582 ], [ 24.091950474565333, 50.66755010633721 ], [ 24.090725754776294, 50.656026477263502 ], [ 24.082948162814009, 50.652026065280488 ], [ 24.069982822777533, 50.645355864274507 ], [ 24.081393514677981, 50.63765123949365 ], [ 24.088280549639627, 50.632979006285474 ], [ 24.087060142789053, 50.621455160945281 ], [ 24.085841251596527, 50.609931240103499 ], [ 24.097141303944614, 50.602291203126924 ], [ 24.104118534746728, 50.597552498182601 ], [ 24.096185967013103, 50.593468291497302 ], [ 24.083408169211836, 50.586883165229395 ], [ 24.082194053156503, 50.575359007917108 ], [ 24.080981602839344, 50.563834768551786 ], [ 24.079770854014054, 50.552310445575458 ], [ 24.078561841528806, 50.540786037470816 ], [ 24.077354599224652, 50.529261542765539 ], [ 24.076149159833331, 50.517736960036785 ], [ 24.074945554874759, 50.506212287915581 ], [ 24.066785179148116, 50.501998409354535 ], [ 24.054304241517272, 50.495535358186672 ], [ 24.053110672008675, 50.484010095555206 ], [ 24.051919035170886, 50.472484739513249 ], [ 24.050729355278165, 50.460959289016031 ], [ 24.042422236317595, 50.456662228851528 ], [ 24.030126864117801, 50.450276691424712 ], [ 24.02178014332566, 50.44595561404708 ], [ 24.009538677152158, 50.439589931407198 ], [ 24.008367686922455, 50.428063378620152 ], [ 24.007198736275512, 50.416536728360654 ], [ 23.998707895912908, 50.412134799148149 ], [ 23.979308149183204, 50.412966040116537 ], [ 23.959907454429935, 50.4137936987687 ], [ 23.940505815140597, 50.414617770602099 ], [ 23.921103234835414, 50.41543825135485 ], [ 23.90169971706802, 50.416255137017153 ], [ 23.889687057811308, 50.40997019981593 ], [ 23.88110426445996, 50.405505474275792 ], [ 23.861703465209022, 50.406313795255947 ], [ 23.842301740805524, 50.407118510261121 ], [ 23.822899095012922, 50.407919617098131 ], [ 23.803495531631008, 50.408717113893374 ], [ 23.791631254517917, 50.402483168293664 ], [ 23.782923673931631, 50.39794048114944 ], [ 23.763522876035296, 50.398729406567604 ], [ 23.751777957037632, 50.392545271149544 ], [ 23.742963663612965, 50.387940798811826 ], [ 23.72356565344997, 50.388721183401444 ], [ 23.71195091069146, 50.38259279097413 ], [ 23.703019113743814, 50.37792073676556 ], [ 23.691518586819388, 50.371844417041238 ], [ 23.690462752312758, 50.360311004095315 ], [ 23.689408538093357, 50.34877751493422 ], [ 23.688355904631475, 50.337243951160822 ], [ 23.679058664040173, 50.332372461272733 ], [ 23.667960544102399, 50.32649021174106 ], [ 23.658545986543093, 50.321553252225044 ], [ 23.63917202041608, 50.322311980083889 ], [ 23.628239370055752, 50.316505543386874 ], [ 23.627209080852747, 50.304970706281033 ], [ 23.617547723870882, 50.299896116623472 ], [ 23.606852405679824, 50.294204974722234 ], [ 23.6058303592946, 50.282669674736063 ], [ 23.595943795191943, 50.277471062576581 ], [ 23.585492779071068, 50.271899588583977 ], [ 23.575472627341441, 50.266626474184427 ], [ 23.565166973954184, 50.26112556809781 ], [ 23.555010554399868, 50.255776425577587 ], [ 23.544852607982371, 50.25034763163363 ], [ 23.53455759316666, 50.244921117597428 ], [ 23.524549339997229, 50.239565797517393 ], [ 23.514113760373558, 50.234060754359106 ], [ 23.504256826463635, 50.228780083931248 ], [ 23.493679072520084, 50.22319554157334 ], [ 23.474339947366833, 50.223918801488246 ], [ 23.464681372446766, 50.218734934591353 ], [ 23.463702693124414, 50.20719708971653 ], [ 23.45283719554239, 50.201451388406284 ], [ 23.443440398535863, 50.196399843796179 ], [ 23.432430036904915, 50.190572853009577 ], [ 23.423187513637188, 50.185598787646448 ], [ 23.412032083927979, 50.179690275161427 ], [ 23.402943721534548, 50.174793937267594 ], [ 23.391643349843591, 50.168803845551736 ], [ 23.382708717136399, 50.163985307995659 ], [ 23.371263846904043, 50.157913747987187 ], [ 23.362482208790194, 50.15317291445124 ], [ 23.361528493471962, 50.141633515594258 ], [ 23.34984006556391, 50.135425966061788 ], [ 23.341314636666773, 50.130817087927213 ], [ 23.329484426640292, 50.124529202002954 ], [ 23.321108594152054, 50.11999692935364 ], [ 23.309138050142767, 50.113629355611252 ], [ 23.300910132159029, 50.10917305169481 ], [ 23.288800943178476, 50.102726568750633 ], [ 23.280719034647099, 50.098345465957159 ], [ 23.279781753602819, 50.086804973569777 ], [ 23.267441802187037, 50.080228481408632 ], [ 23.259601687756785, 50.075973430947194 ], [ 23.258667729293382, 50.064432686561361 ], [ 23.246103407459763, 50.057729328025502 ], [ 23.23849827901147, 50.053597206597082 ], [ 23.225804870720488, 50.046819567712625 ], [ 23.218335487524346, 50.042758054440682 ], [ 23.217408265109871, 50.031216817207678 ], [ 23.204501855010175, 50.024317957775317 ], [ 23.197255553807139, 50.020373754573939 ], [ 23.196331207756568, 50.008832282903001 ], [ 23.183219554362779, 50.001816107730114 ], [ 23.176188336959878, 49.997985322199071 ], [ 23.16295955969608, 49.990900832872278 ], [ 23.156051713885166, 49.987134713072038 ], [ 23.155133557078258, 49.975592771265248 ], [ 23.141712559926745, 49.96839755444843 ], [ 23.135006505688221, 49.964738280390328 ], [ 23.12147643380025, 49.957478816671973 ], [ 23.114885574499542, 49.953880151013152 ], [ 23.113973447215866, 49.942337746645087 ], [ 23.100264658920256, 49.934974439955823 ], [ 23.093861955970478, 49.931475746665356 ], [ 23.092952468062698, 49.919933117965812 ], [ 23.079073471747964, 49.912470336245917 ], [ 23.072850394867931, 49.909067251579181 ], [ 23.058875711949735, 49.901547056845423 ], [ 23.05275439721121, 49.898197756497353 ], [ 23.051850920623803, 49.88665466833816 ], [ 23.03771958986173, 49.879041977763478 ], [ 23.031764379248909, 49.875781311917379 ], [ 23.017545556086564, 49.868115420400478 ], [ 23.01168396227888, 49.864904330374998 ], [ 23.010786590232879, 49.85336078135753 ], [ 22.996424385712228, 49.845609254615105 ], [ 22.990715743322284, 49.84247994103572 ], [ 22.976274010994434, 49.834679327015309 ], [ 22.970651111339699, 49.831595477840395 ], [ 22.96975999608674, 49.820051464663841 ], [ 22.96886830425251, 49.808507456514178 ], [ 22.954243199371454, 49.800597068030292 ], [ 22.948816910628079, 49.797618898664375 ], [ 22.934121653361757, 49.789664292328588 ], [ 22.92877188062074, 49.786726719137576 ], [ 22.914009248677317, 49.77872933860467 ], [ 22.908733268670908, 49.775830918538439 ], [ 22.907851664238585, 49.764286201192135 ], [ 22.906969580330284, 49.752741484929523 ], [ 22.892050383753599, 49.744648348922702 ], [ 22.88694468649895, 49.741841586124877 ], [ 22.871966651058177, 49.733710135162681 ], [ 22.866926390722224, 49.730938066810197 ], [ 22.866051187620727, 49.719392870251752 ], [ 22.850975587939658, 49.711199706847964 ], [ 22.846043271302435, 49.708485490197866 ], [ 22.830915225014881, 49.700257360832104 ], [ 22.82604210793567, 49.697574490521411 ], [ 22.810863933108298, 49.689312610955476 ], [ 22.806047758608052, 49.6866598718685 ], [ 22.790821703315036, 49.678365422700352 ], [ 22.786060284144217, 49.675741634937189 ], [ 22.785199854867436, 49.664195468146133 ], [ 22.784339131784836, 49.65264929520297 ], [ 22.768998898757893, 49.644281404720559 ], [ 22.764366366375565, 49.641726954770022 ], [ 22.748985054184629, 49.633330081934588 ], [ 22.744400660499583, 49.630800997364865 ], [ 22.743547529991655, 49.619254329101196 ], [ 22.728096605186867, 49.610810490892675 ], [ 22.723592923213779, 49.608324511267277 ], [ 22.722743576043211, 49.596777588890191 ], [ 22.707228009102295, 49.588289424439147 ], [ 22.702800205748147, 49.585843910850606 ], [ 22.701954727210634, 49.574296732306877 ], [ 22.686379218695706, 49.565766741602893 ], [ 22.682022725624403, 49.563359194567624 ], [ 22.681181197664362, 49.551811757960884 ], [ 22.66555018745828, 49.543242306288846 ], [ 22.661260691393665, 49.540870361320358 ], [ 22.64560171852261, 49.532278883890818 ], [ 22.641347630416881, 49.52992535384616 ], [ 22.645234434742814, 49.527346454126302 ], [ 22.65958560964792, 49.517774954739657 ], [ 22.658747956714006, 49.506227230347726 ], [ 22.66258948323993, 49.503675629530818 ], [ 22.681659981972416, 49.503065976404848 ], [ 22.696033034078329, 49.493466134668722 ], [ 22.699859194196332, 49.490921297045638 ], [ 22.714242506527064, 49.481307721147907 ], [ 22.713391953725871, 49.469760659497148 ], [ 22.712541373666678, 49.458213582436265 ], [ 22.711690778997259, 49.446666489543013 ], [ 22.710840182123967, 49.435119380403137 ], [ 22.71455654966411, 49.432642966650974 ], [ 22.729023133579425, 49.422959192717336 ], [ 22.728168308308977, 49.411412288788384 ], [ 22.731846318775823, 49.408958819085328 ], [ 22.746337618255556, 49.399249667449531 ], [ 22.745478605701614, 49.387702968828719 ], [ 22.74461964424744, 49.376156252300198 ], [ 22.743760745091482, 49.364609517486024 ], [ 22.742901919210141, 49.353062764015675 ], [ 22.742043177360618, 49.341515991526038 ], [ 22.745608772571813, 49.339132509040944 ], [ 22.760182146480417, 49.329351833901462 ], [ 22.759319333736027, 49.317805264472184 ], [ 22.75845663382642, 49.306258675100381 ], [ 22.757594056753078, 49.294712065446582 ], [ 22.756731612312858, 49.283165435178084 ], [ 22.755869310100977, 49.271618783969103 ], [ 22.755007159514005, 49.260072111500456 ], [ 22.754145169752892, 49.248525417459575 ], [ 22.738070634076571, 49.239671243606104 ], [ 22.719102554268556, 49.240282294583103 ], [ 22.715355702777366, 49.238206451432319 ], [ 22.714502636000233, 49.226659228411904 ], [ 22.717907190560116, 49.224378809860305 ], [ 22.736868921545771, 49.223764303841101 ], [ 22.751560254563362, 49.213885202874366 ], [ 22.735453145819609, 49.205005741308639 ], [ 22.731748459027262, 49.202953115553939 ], [ 22.730891694185718, 49.191406065927687 ], [ 22.73425750811926, 49.189148667973065 ], [ 22.753205423193162, 49.188531873268573 ], [ 22.767918219814504, 49.178627479298008 ], [ 22.75178185504058, 49.169728941853506 ], [ 22.748116477742567, 49.1676979302297 ], [ 22.747256083342592, 49.156151053114449 ], [ 22.750585736614859, 49.153915019486 ], [ 22.769519859425404, 49.15329593204217 ], [ 22.773179722027962, 49.155305682098017 ], [ 22.78933476066203, 49.164212200325444 ], [ 22.80405120478283, 49.154291331674877 ], [ 22.803178185496964, 49.142745167754576 ], [ 22.806500865348895, 49.14050963794692 ], [ 22.821226874186344, 49.130573385227486 ], [ 22.82453955225585, 49.12834282740814 ], [ 22.839266411466415, 49.118398986819585 ], [ 22.842569390778468, 49.11617320854306 ], [ 22.857296808351439, 49.106221976180812 ], [ 22.860590387205534, 49.104000787729312 ], [ 22.879503047984436, 49.103363708416296 ], [ 22.894223360544895, 49.093405167407766 ], [ 22.893330224674532, 49.08186013279272 ], [ 22.877129654337942, 49.072937383446472 ], [ 22.873540616449045, 49.070951757035353 ], [ 22.872652301433234, 49.05940641905228 ], [ 22.871764272083176, 49.047861055395565 ], [ 22.875006145891998, 49.045670873119853 ], [ 22.889760457506519, 49.035679740665472 ], [ 22.888868744249507, 49.024134577994978 ], [ 22.887977335668246, 49.012589388998435 ], [ 22.871738358766056, 49.003630677610502 ], [ 22.852863024739289, 49.004261706153606 ], [ 22.838089333221571, 49.014262075764876 ], [ 22.834875424315996, 49.01644096040264 ], [ 22.815994443695896, 49.017066227770634 ], [ 22.801213080759982, 49.027059661215887 ], [ 22.797993073012936, 49.029240267351469 ] ] ], [ [ [ 18.777924656277808, 54.620952052404654 ], [ 18.761920659899957, 54.629528789801384 ], [ 18.761840145919404, 54.641089119130697 ], [ 18.756358784916415, 54.643994517929734 ], [ 18.740272219087938, 54.652605264070935 ], [ 18.734843724316576, 54.655480344211469 ], [ 18.718693214030012, 54.664117534411979 ], [ 18.718600571277058, 54.675677753664701 ], [ 18.71323513237035, 54.67851630097207 ], [ 18.697004329808266, 54.687186098582266 ], [ 18.713112313411138, 54.69593457465534 ], [ 18.729343186952647, 54.687262632478557 ], [ 18.734655304016378, 54.684394417260165 ], [ 18.750823273984402, 54.675748296242432 ], [ 18.756186079423166, 54.672849798394211 ], [ 18.772290098173308, 54.664230117957302 ], [ 18.777704646629946, 54.661300719267139 ], [ 18.793743661564118, 54.652708103028189 ], [ 18.799211012631353, 54.64974718141012 ], [ 18.815183966814185, 54.641182256861377 ], [ 18.815223572917123, 54.629621842923896 ], [ 18.820756058318636, 54.626621858696922 ], [ 18.836644501818217, 54.618092137861382 ], [ 18.836677769779346, 54.606531668374672 ], [ 18.820881940898754, 54.597964132963384 ], [ 18.805011110120113, 54.606484811551063 ], [ 18.799409350876299, 54.60945970937702 ], [ 18.783471407027918, 54.618008732883517 ], [ 18.777924656277808, 54.620952052404654 ] ] ], [ [ [ 18.648510081369206, 54.718961403550594 ], [ 18.664906042955284, 54.710222398042376 ], [ 18.670083575849695, 54.707434571322203 ], [ 18.686419740719796, 54.698719575863947 ], [ 18.670225671550678, 54.689918229111036 ], [ 18.653889589283771, 54.698631054877914 ], [ 18.648662001327413, 54.701390962347496 ], [ 18.632266128350988, 54.710127783813796 ], [ 18.648510081369206, 54.718961403550594 ] ] ], [ [ [ 18.567464684719557, 54.733034695532929 ], [ 18.583834783517268, 54.741948342364772 ], [ 18.600386468049592, 54.733147654656904 ], [ 18.584016262493552, 54.724236229092874 ], [ 18.567464684719557, 54.733034695532929 ] ] ], [ [ [ 18.437670953675266, 54.778743906290195 ], [ 18.454265013271026, 54.787802802507422 ], [ 18.47110101099862, 54.778894236840749 ], [ 18.454506806983854, 54.769837629627929 ], [ 18.437670953675266, 54.778743906290195 ] ] ] ] } }
]
}
