{
"type": "FeatureCollection",
"name": "zasieg_SO_cykl_3_epsg4326",
"crs": { "type": "name", "properties": { "name": "urn:ogc:def:crs:OGC:1.3:CRS84" } },
"features": [
{ "type": "Feature", "properties": { "gatunek": "SO", "cykl": 3, "pokrycie": 0.95, "prog_kde": 1.7369540303374375e-12 }, "geometry": { "type": "MultiPolygon", "coordinates": [ [ [ [ 22.874545068413749, 49.766040915938227 ], [ 22.855657611998254, 49.770231525539828 ], [ 22.836766883218495, 49.774420950703359 ], [ 22.817872853017818, 49.778608821372281 ], [ 22.81650357242377, 49.77890994120974 ], [ 22.798965137907484, 49.782662533934364 ], [ 22.780053118051878, 49.786700513309235 ], [ 22.7611375631915, 49.790732469965647 ], [ 22.752421157768595, 49.792579967514243 ], [ 22.742212780359591, 49.794684556964228 ], [ 22.723279538870425, 49.798565621212425 ], [ 22.704342591299127, 49.802436817354518 ], [ 22.685401918459519, 49.806297759672432 ], [ 22.685343891453545, 49.8063094786649 ], [ 22.666447774232694, 49.810019463858914 ], [ 22.647489794063095, 49.813727852830141 ], [ 22.628528002877346, 49.817423069950713 ], [ 22.614652528021612, 49.820112581978726 ], [ 22.60955996632055, 49.821072248584194 ], [ 22.590581539596894, 49.824618763082299 ], [ 22.571599294232371, 49.828150158155673 ], [ 22.552613245235076, 49.831666414979367 ], [ 22.53996582494964, 49.833994283597896 ], [ 22.533620643977869, 49.835129635355692 ], [ 22.514618821135915, 49.83850221065714 ], [ 22.495613284457729, 49.841859000035932 ], [ 22.476604072505559, 49.845200299887914 ], [ 22.460812137451828, 49.847960916170301 ], [ 22.457589952421277, 49.848508610826755 ], [ 22.43856606502483, 49.851715003181098 ], [ 22.419538685480738, 49.854906642599019 ], [ 22.400507876897738, 49.858084196757517 ], [ 22.381473706917692, 49.861248412799263 ], [ 22.376838217499056, 49.862013583604814 ], [ 22.362431144165356, 49.864326675674015 ], [ 22.343383780753957, 49.867369537181801 ], [ 22.324333339402752, 49.870401481917504 ], [ 22.305279910633768, 49.873423661341597 ], [ 22.288095738610327, 49.87614029544801 ], [ 22.286222989086571, 49.876428482320492 ], [ 22.26715782158421, 49.879345294955883 ], [ 22.248090012379436, 49.882256027898691 ], [ 22.22901967102349, 49.885162227686948 ], [ 22.209946910948865, 49.888065535464541 ], [ 22.195154745908503, 49.890314335534725 ], [ 22.190870611464678, 49.890948931672661 ], [ 22.171787896781119, 49.89376824264351 ], [ 22.152703162975616, 49.896589737349707 ], [ 22.133616537063219, 49.899415426216301 ], [ 22.114528149021066, 49.902247414242389 ], [ 22.099466902366636, 49.904486749012491 ], [ 22.095437068112503, 49.905071297626968 ], [ 22.07634053996513, 49.907843675035565 ], [ 22.057242676982462, 49.910628601435683 ], [ 22.038143617224389, 49.913428517836898 ], [ 22.019043500753771, 49.916245958326662 ], [ 22.003227987173705, 49.918593838692757 ], [ 21.999941662616127, 49.919070558309791 ], [ 21.98083517285874, 49.921854989651152 ], [ 21.961728059811236, 49.924664188255164 ], [ 21.942620466983414, 49.927500997907636 ], [ 21.923512539072661, 49.930368355507092 ], [ 21.908992994828445, 49.932570151785853 ], [ 21.904403351144357, 49.933251492450601 ], [ 21.885290718758572, 49.936114179341445 ], [ 21.866178175158602, 49.939015536654644 ], [ 21.847065864956335, 49.941958797974756 ], [ 21.82795393330078, 49.944947292449399 ], [ 21.818997491680516, 49.946366278979873 ], [ 21.808840227311563, 49.947944954287095 ], [ 21.789725134330375, 49.950958684237705 ], [ 21.770610823164954, 49.95402659625686 ], [ 21.75149743605974, 49.95715231293164 ], [ 21.734654524149395, 49.959958840890707 ], [ 21.732384612657455, 49.960330683174995 ], [ 21.713269228830605, 49.963507278282293 ], [ 21.694155147279499, 49.966751229673505 ], [ 21.675042504982667, 49.970066446276874 ], [ 21.6565469580731, 49.973346899246707 ], [ 21.655931303622353, 49.973454491549525 ], [ 21.636817723746709, 49.976847101503026 ], [ 21.617705929064755, 49.980321077326494 ], [ 21.598596048136564, 49.983880590395877 ], [ 21.584613593125162, 49.986544496018439 ], [ 21.579487094648371, 49.987509101718253 ], [ 21.56037721428196, 49.9911732485632 ], [ 21.541269550024815, 49.994933440926182 ], [ 21.52216421722456, 49.998794051393787 ], [ 21.518377796398081, 49.999573541526331 ], [ 21.503058011206576, 50.002695684902584 ], [ 21.483953462346904, 50.006688365463667 ], [ 21.464851485467978, 50.010792073952565 ], [ 21.457267700249364, 50.012455973875902 ], [ 21.445749718957092, 50.014962893102521 ], [ 21.426649014915409, 50.01921931398676 ], [ 21.407551056934263, 50.023597030996612 ], [ 21.400644477891472, 50.025213167227584 ], [ 21.388453356641982, 50.028048781415748 ], [ 21.369357002815061, 50.032598468761634 ], [ 21.350263480937524, 50.037278881476688 ], [ 21.3479182023537, 50.037863674368147 ], [ 21.331169371510235, 50.042022629769612 ], [ 21.312077574419956, 50.046891621678618 ], [ 21.298561235791915, 50.050423297302324 ], [ 21.292987465152752, 50.051875860899088 ], [ 21.273897376174215, 50.05694296553871 ], [ 21.254809947269031, 50.062151326165079 ], [ 21.252086754685592, 50.062905814161496 ], [ 21.235721926193548, 50.067434600551991 ], [ 21.216635813448587, 50.072848944680466 ], [ 21.208074547906474, 50.075322708449519 ], [ 21.197550056502148, 50.078363798429535 ], [ 21.178464817788477, 50.083985377318868 ], [ 21.166155698747847, 50.087683687718808 ], [ 21.159380317233602, 50.089721392075148 ], [ 21.140295287732794, 50.095546457279951 ], [ 21.125996947109993, 50.099997141556635 ], [ 21.121210900899367, 50.10148949836514 ], [ 21.102125163852445, 50.107508203083221 ], [ 21.087292955811346, 50.112270401642213 ], [ 21.083039570772815, 50.11363909109879 ], [ 21.063951933369015, 50.119834389693523 ], [ 21.049761350763685, 50.124509920872015 ], [ 21.044863601580708, 50.126127596475207 ], [ 21.025772580304974, 50.132474243860855 ], [ 21.013136285305123, 50.136721455950202 ], [ 21.006679742751317, 50.138896757667709 ], [ 20.987583563109492, 50.145360540051442 ], [ 20.977160532076947, 50.148910253138553 ], [ 20.968484215724338, 50.151871082317278 ], [ 20.949380831288803, 50.158408431647253 ], [ 20.941575780099914, 50.161081241699158 ], [ 20.930272756533792, 50.164957227314488 ], [ 20.91115989141618, 50.171515374860142 ], [ 20.906110404402227, 50.173239244702586 ], [ 20.892040712315591, 50.178044666001362 ], [ 20.872915929233901, 50.184562466065479 ], [ 20.870463384085486, 50.185389223526769 ], [ 20.853783195107731, 50.191007902410355 ], [ 20.834643988167141, 50.197417399517335 ], [ 20.834282099332711, 50.19753658238993 ], [ 20.815495288463918, 50.203710335320515 ], [ 20.797104566726119, 50.209687971051608 ], [ 20.796339083519864, 50.20993606533974 ], [ 20.777172293015887, 50.216009642344687 ], [ 20.758421727162254, 50.221850138440978 ], [ 20.757996960392923, 50.221981843130479 ], [ 20.738809988066947, 50.22776428686592 ], [ 20.719613534913798, 50.233410816057017 ], [ 20.717424645520591, 50.234033538841622 ], [ 20.700404879981882, 50.238840507329755 ], [ 20.681185643949465, 50.244092178554205 ], [ 20.67296429675034, 50.246252266521672 ], [ 20.661954406708325, 50.249118995097817 ], [ 20.642711269670617, 50.253916187028736 ], [ 20.623457059589196, 50.258500080945623 ], [ 20.623341710352729, 50.258526083404675 ], [ 20.604189446614974, 50.262793803019292 ], [ 20.584910509031136, 50.266849554644253 ], [ 20.565620207863486, 50.270657502375904 ], [ 20.564265692583007, 50.270906201740488 ], [ 20.546316862729, 50.274156643131676 ], [ 20.527002141105072, 50.277387532310087 ], [ 20.50767625512788, 50.28034669904352 ], [ 20.488339330413272, 50.283027700105691 ], [ 20.484329837373203, 50.283524409690322 ], [ 20.468990593264326, 50.285394525896187 ], [ 20.449631083185405, 50.28746890926859 ], [ 20.430261288548994, 50.289255349044488 ], [ 20.410881486079635, 50.290751414433409 ], [ 20.391491982541961, 50.291955550893228 ], [ 20.372093113322499, 50.292867093184235 ], [ 20.352685240837292, 50.293486273673579 ], [ 20.333268752777826, 50.293814225833493 ], [ 20.313844060208826, 50.293852982910494 ], [ 20.294411595532935, 50.29360547178522 ], [ 20.274971810337799, 50.293075502062756 ], [ 20.255525173142207, 50.292267750476483 ], [ 20.236072167058417, 50.291187740714982 ], [ 20.216613287387556, 50.289841818787515 ], [ 20.197149039166167, 50.288237124098259 ], [ 20.183897138187167, 50.286972885705282 ], [ 20.177679628591264, 50.286369154802003 ], [ 20.158205150912835, 50.284228527449237 ], [ 20.138726814693353, 50.2818518656021 ], [ 20.119245155724297, 50.279249663221037 ], [ 20.099760706635138, 50.276433022850377 ], [ 20.098531107733184, 50.276241619273257 ], [ 20.080272775711737, 50.273359747268536 ], [ 20.06078303699957, 50.270090996138343 ], [ 20.041292098117925, 50.266643637151439 ], [ 20.033883256924014, 50.265265278792334 ], [ 20.02179960338254, 50.262990813813815 ], [ 20.002306414829452, 50.259161596342963 ], [ 19.982813569942799, 50.255195909767721 ], [ 19.977994275834373, 50.254179654372898 ], [ 19.963320471317683, 50.251055854669964 ], [ 19.943828339298868, 50.246792411588217 ], [ 19.926997957552686, 50.243028268565283 ], [ 19.924337767135938, 50.242428476385001 ], [ 19.904848175160851, 50.237926976520185 ], [ 19.885361188517471, 50.233366611771274 ], [ 19.878910702493151, 50.231832570791809 ], [ 19.865876261887486, 50.2287133676774 ], [ 19.84639422667097, 50.22400786757116 ], [ 19.832392334283451, 50.220605772755555 ], [ 19.826915455908715, 50.219268083248153 ], [ 19.807439701227203, 50.21447691778112 ], [ 19.787968112418707, 50.209700478077302 ], [ 19.786569003634952, 50.209355671892304 ], [ 19.76849980152608, 50.204884721787714 ], [ 19.74903598569194, 50.200104472392923 ], [ 19.740789103006215, 50.198087242588151 ], [ 19.729576239234163, 50.195334792082605 ], [ 19.710120881154889, 50.190598201936176 ], [ 19.694336591913626, 50.186804814331275 ], [ 19.690670244464528, 50.185920745986344 ], [ 19.671223783765388, 50.181268817621905 ], [ 19.651782342713872, 50.176706867661366 ], [ 19.646620918338666, 50.175510866110017 ], [ 19.632345243506208, 50.172192027299907 ], [ 19.612912927846327, 50.167763483533847 ], [ 19.596951861281347, 50.164207388089501 ], [ 19.593485424655704, 50.163432238638116 ], [ 19.574062175707866, 50.159161750918088 ], [ 19.554643777307554, 50.15501012563854 ], [ 19.544512478621407, 50.152895705010131 ], [ 19.535229777077618, 50.150949975526878 ], [ 19.515820075961479, 50.146982609242158 ], [ 19.496414918799292, 50.143142757257792 ], [ 19.488276991534587, 50.14157637966121 ], [ 19.477013815016896, 50.139396850538567 ], [ 19.457616765303214, 50.135757097904609 ], [ 19.43822387169083, 50.132248960097847 ], [ 19.426788093188254, 50.130249260510155 ], [ 19.418834770808118, 50.128849285872171 ], [ 19.399449257619615, 50.125549424399964 ], [ 19.380067467728999, 50.122381961940228 ], [ 19.360689231696924, 50.119345889096394 ], [ 19.357823459412334, 50.1189128697455 ], [ 19.341314076358682, 50.116397223798302 ], [ 19.321942136620809, 50.113572049798961 ], [ 19.302573299414895, 50.110876337190625 ], [ 19.2832073974532, 50.108308477951304 ], [ 19.277330773107309, 50.107563634408002 ], [ 19.263844098314284, 50.10583631045688 ], [ 19.244483374245299, 50.103477310777194 ], [ 19.225125141726249, 50.101243056830342 ], [ 19.205769241404081, 50.099131762434844 ], [ 19.186415516958593, 50.097141658022238 ], [ 19.176608823320677, 50.096191137163615 ], [ 19.167063755496763, 50.095253859850992 ], [ 19.147713832136056, 50.093468188975741 ], [ 19.128365665625882, 50.09180067010692 ], [ 19.109019109010781, 50.090249719932203 ], [ 19.089674018103842, 50.088813840477982 ], [ 19.070330251322893, 50.087491628710993 ], [ 19.050987669502938, 50.086281785268177 ], [ 19.031646135687321, 50.085183122426891 ], [ 19.023253930873771, 50.084753735402323 ], [ 19.012305512150014, 50.084183830500962 ], [ 18.992965677947129, 50.083287528772679 ], [ 18.973626504246948, 50.082501645884122 ], [ 18.9542878579907, 50.081825510209981 ], [ 18.934949607024155, 50.081258595805728 ], [ 18.915611619791949, 50.080800527176088 ], [ 18.896273765021089, 50.080451083744215 ], [ 18.876935911394384, 50.08021020407903 ], [ 18.857597927214275, 50.080077989939397 ], [ 18.838259680057355, 50.080054710177457 ], [ 18.818921036419766, 50.08014080455461 ], [ 18.799581861353438, 50.080336887516125 ], [ 18.780242018093073, 50.080643751974648 ], [ 18.76090136767354, 50.081062373140696 ], [ 18.741559768537272, 50.08159391244925 ], [ 18.722217076131109, 50.082239721623893 ], [ 18.702873142491772, 50.083001346927254 ], [ 18.683527815819257, 50.083880533633099 ], [ 18.675352905753641, 50.084302154257315 ], [ 18.664181023432928, 50.08486729453422 ], [ 18.644832613711738, 50.085964496480813 ], [ 18.625482366959741, 50.087183143345676 ], [ 18.606130115139564, 50.088525764850736 ], [ 18.586775684159903, 50.089995112883564 ], [ 18.567418893359726, 50.091594168079482 ], [ 18.548059554970703, 50.093326146922315 ], [ 18.528697473555734, 50.095194509422456 ], [ 18.527072098227528, 50.095362275354994 ], [ 18.509332832355867, 50.097165081116273 ], [ 18.489965131820792, 50.099273189798339 ], [ 18.470594120883678, 50.101526428611564 ], [ 18.451219572276663, 50.103929222465219 ], [ 18.431841248044453, 50.106486283005545 ], [ 18.43171279906873, 50.106504154086693 ], [ 18.412459578279414, 50.109147083885517 ], [ 18.393073716607262, 50.111968549758323 ], [ 18.373683389977369, 50.114956574813355 ], [ 18.356929086434612, 50.117683528295451 ], [ 18.354288435802914, 50.118108115904327 ], [ 18.334889272862775, 50.121378514531017 ], [ 18.315484866473405, 50.124830092624926 ], [ 18.296074894687571, 50.128469667741442 ], [ 18.293942266477263, 50.128887098827647 ], [ 18.276660074285871, 50.132234401776437 ], [ 18.257239248919909, 50.136189031025424 ], [ 18.238925440871547, 50.140109039602692 ], [ 18.237812001971371, 50.140345088725496 ], [ 18.218379244472843, 50.144631470207628 ], [ 18.198939338857691, 50.149136559473341 ], [ 18.189801285881973, 50.151346200758326 ], [ 18.179492733139515, 50.15381842540728 ], [ 18.160039015641413, 50.158688088314037 ], [ 18.145118602876391, 50.162595384163311 ], [ 18.140577406614973, 50.163776070084111 ], [ 18.121108530739139, 50.169033574647969 ], [ 18.104053130477322, 50.1738553583765 ], [ 18.101630763203644, 50.174536011838356 ], [ 18.0821452487145, 50.180207781104528 ], [ 18.065988793869465, 50.185125005722696 ], [ 18.062650068738598, 50.186136102687819 ], [ 18.043146280595785, 50.192252090154653 ], [ 18.030444722990321, 50.196403262154448 ], [ 18.023632311323571, 50.198621344077367 ], [ 18.004108435876716, 50.20521544078418 ], [ 17.997044033235682, 50.20768918628594 ], [ 17.984574149592202, 50.212044871711768 ], [ 17.965496817603746, 50.218982044305854 ], [ 17.965028236697623, 50.219152160892648 ], [ 17.945471854234412, 50.22646900634836 ], [ 17.935656418234263, 50.230282001330579 ], [ 17.925903061885354, 50.234069974274014 ], [ 17.907244098348809, 50.241587750087142 ], [ 17.906321392997938, 50.241959784966184 ], [ 17.886727522440612, 50.25009379082239 ], [ 17.880192321256196, 50.252899686214469 ], [ 17.867119888014688, 50.258524763088609 ], [ 17.854324571468009, 50.264217018690601 ], [ 17.847497840608874, 50.26726395128302 ], [ 17.829541174871668, 50.275539533366398 ], [ 17.827860841085609, 50.276317313849802 ], [ 17.808208749098984, 50.285674394468053 ], [ 17.805773176923768, 50.286867214467705 ], [ 17.788540619786151, 50.295357057736616 ], [ 17.782933531907684, 50.29819977255157 ], [ 17.768855453149381, 50.305387826626209 ], [ 17.760948908548286, 50.309536972320487 ], [ 17.749152487775977, 50.315778627549477 ], [ 17.739762477751956, 50.320878681962363 ], [ 17.729430890807329, 50.32654324876237 ], [ 17.719323153586757, 50.332224774287255 ], [ 17.709689750401452, 50.337697466003426 ], [ 17.699585054749615, 50.343575129342774 ], [ 17.68992806796269, 50.349259163404191 ], [ 17.680507036858742, 50.354929636546409 ], [ 17.670144750210167, 50.361248447357255 ], [ 17.662052283811839, 50.366288196417614 ], [ 17.650338601192299, 50.373687750029752 ], [ 17.644187948342459, 50.377650721971975 ], [ 17.630508314401872, 50.386601917933973 ], [ 17.626884833552204, 50.389017139825356 ], [ 17.610652465209821, 50.400018279318566 ], [ 17.610117108611728, 50.400387391045264 ], [ 17.593848379457771, 50.411761266492412 ], [ 17.590769926865104, 50.413952427357749 ], [ 17.578061582712657, 50.423138766259662 ], [ 17.570858660783664, 50.428449232964084 ], [ 17.562740249810211, 50.434519882388742 ], [ 17.550916739716317, 50.443547240346007 ], [ 17.547868536938353, 50.445904600321327 ], [ 17.533415578089919, 50.457292702724111 ], [ 17.530942371639554, 50.459278314612838 ], [ 17.519355834011012, 50.468684020014649 ], [ 17.510933384893253, 50.475684468586202 ], [ 17.505697672072984, 50.480078801524876 ], [ 17.492419369049447, 50.491476906565183 ], [ 17.490887246730846, 50.492816551389744 ], [ 17.479471643094325, 50.502877820692568 ], [ 17.470801505083262, 50.510719934265907 ], [ 17.466889282115964, 50.514282111863466 ], [ 17.454627160255555, 50.525689298830969 ], [ 17.450673302868797, 50.529449670762681 ], [ 17.442669081657783, 50.537099265563981 ], [ 17.431043081399274, 50.548512482990326 ], [ 17.430499856121354, 50.549055402264202 ], [ 17.419654681344088, 50.559927767659204 ], [ 17.410277967956389, 50.569596111730071 ], [ 17.408583580795003, 50.57134627812583 ], [ 17.397732605081625, 50.582766767272744 ], [ 17.390004816663453, 50.591116349688718 ], [ 17.38715990077463, 50.594190101496672 ], [ 17.376791631101128, 50.605615327006404 ], [ 17.369677871471026, 50.613649567886782 ], [ 17.366667735023363, 50.617043058065676 ], [ 17.35672105846503, 50.62847241059216 ], [ 17.349295238932957, 50.63720891362513 ], [ 17.346996184297335, 50.639904062259269 ], [ 17.337408892559477, 50.65133686635123 ], [ 17.328856266474162, 50.661771516641693 ], [ 17.328031896244006, 50.662771900037569 ], [ 17.318739945663559, 50.67420740659572 ], [ 17.309638042795033, 50.68564492942253 ], [ 17.308361953587205, 50.687269378008779 ], [ 17.300593847850674, 50.697082583006939 ], [ 17.291687473354099, 50.708521555029968 ], [ 17.287816309414662, 50.713555043590887 ], [ 17.282842960394653, 50.719960757878468 ], [ 17.274060421208318, 50.731400207304475 ], [ 17.267226705536924, 50.740397198517947 ], [ 17.265350178147969, 50.742840070908088 ], [ 17.256615082014648, 50.754278912239279 ], [ 17.247944353657537, 50.765718066691242 ], [ 17.246603681183053, 50.767491321755315 ], [ 17.239196886750587, 50.777155418012235 ], [ 17.230451677642769, 50.788592148119967 ], [ 17.225961063602007, 50.794461259498647 ], [ 17.22163593067356, 50.800027147770436 ], [ 17.21272466973215, 50.811460018740327 ], [ 17.205313744487075, 50.820921803339402 ], [ 17.203744150623049, 50.822891144033662 ], [ 17.194567016548881, 50.834318537190768 ], [ 17.185300656891112, 50.84574382322792 ], [ 17.184676691988304, 50.846504766381877 ], [ 17.175759770553654, 50.85716408441364 ], [ 17.166067044539151, 50.868581183016936 ], [ 17.164063045758176, 50.870906411593026 ], [ 17.156057438142756, 50.87999247428148 ], [ 17.145813513097632, 50.891399189914928 ], [ 17.143481567680873, 50.893947614305773 ], [ 17.135183190215709, 50.902798839624246 ], [ 17.124249695076305, 50.914192657100671 ], [ 17.122938086081373, 50.915530535328898 ], [ 17.112822763506482, 50.92557748285936 ], [ 17.102436082577, 50.935619414014262 ], [ 17.101014823922807, 50.936955003139218 ], [ 17.088616404787217, 50.948321675024985 ], [ 17.081976635736172, 50.95423834363605 ], [ 17.07567937217415, 50.959678167932111 ], [ 17.062147883495733, 50.971023378661904 ], [ 17.061556837968542, 50.97150591082081 ], [ 17.047810858622956, 50.982353574949975 ], [ 17.041178343318272, 50.987426986839338 ], [ 17.032716550842601, 50.99366927665713 ], [ 17.020836172888153, 51.002161925906371 ], [ 17.01675528872747, 51.004968331552107 ], [ 17.000528946987682, 51.015780442116167 ], [ 16.999797322952762, 51.016248166535398 ], [ 16.981644651148862, 51.027504931248828 ], [ 16.980255669802457, 51.028340379436649 ], [ 16.962167597655121, 51.038735812382335 ], [ 16.960013618615449, 51.03993639214719 ], [ 16.941172502418219, 51.049936741235584 ], [ 16.939800777889396, 51.050643243011038 ], [ 16.919615931239619, 51.060514781240798 ], [ 16.918349626316495, 51.061101388653512 ], [ 16.899458068392299, 51.069598096516835 ], [ 16.893266819575345, 51.07222090151177 ], [ 16.879325212954864, 51.07795949458238 ], [ 16.865513838148107, 51.083286342272743 ], [ 16.859216046603056, 51.085648407738688 ], [ 16.83913033873478, 51.092689001611994 ], [ 16.834259098645042, 51.094280413060574 ], [ 16.819067589414008, 51.099110208255155 ], [ 16.799025550035108, 51.104976642898578 ], [ 16.798284975103854, 51.105177388471674 ], [ 16.77900599638027, 51.110266579830011 ], [ 16.759005836621057, 51.115059632707968 ], [ 16.755051452463423, 51.115924172895511 ], [ 16.739026589009963, 51.119338111160666 ], [ 16.719066544442967, 51.123150426425433 ], [ 16.699753441407669, 51.126418280281626 ], [ 16.699125053760266, 51.126521932987899 ], [ 16.679203363292007, 51.129439278052288 ], [ 16.659299598348483, 51.131951247032404 ], [ 16.639413489373137, 51.134073474633972 ], [ 16.619544762636455, 51.135821128472863 ], [ 16.613393910351302, 51.136256315495267 ], [ 16.599693713653398, 51.137197877883509 ], [ 16.5798596213344, 51.138226684888728 ], [ 16.560041920239087, 51.138926791076372 ], [ 16.540240286598543, 51.139312253250857 ], [ 16.520454384409284, 51.139396890291458 ], [ 16.500683864513093, 51.139194311303974 ], [ 16.480928363998405, 51.138717936491936 ], [ 16.461187505905968, 51.137981011465662 ], [ 16.441460899219773, 51.136996615687025 ], [ 16.421748139123064, 51.13577766572778 ], [ 16.402048807497572, 51.134336914001956 ], [ 16.382362473643031, 51.1326869436135 ], [ 16.363088415315019, 51.130877388415747 ], [ 16.36268871299044, 51.130839847688243 ], [ 16.343028053610343, 51.128790764365803 ], [ 16.323379174468037, 51.12656693468066 ], [ 16.303741599883207, 51.124180295326518 ], [ 16.284114847054035, 51.121642556247238 ], [ 16.26449842768595, 51.118965182223967 ], [ 16.248446518075177, 51.116664333084167 ], [ 16.244892175161066, 51.116153905346501 ], [ 16.225296866947357, 51.113198540736299 ], [ 16.205710528493295, 51.110134781032926 ], [ 16.186132657825443, 51.106973101738284 ], [ 16.166562755800086, 51.103723643699873 ], [ 16.162574706308611, 51.103040328822253 ], [ 16.147002362169395, 51.100363171579374 ], [ 16.12744957252027, 51.096924608183841 ], [ 16.107903373524945, 51.093425724218179 ], [ 16.088363283876092, 51.089875353657007 ], [ 16.08692197318102, 51.089607965739582 ], [ 16.068831746487504, 51.086235870528107 ], [ 16.049305690211796, 51.082557227534842 ], [ 16.029784425965172, 51.078850915504461 ], [ 16.016213649911073, 51.076252560036991 ], [ 16.010268608331362, 51.075107297306232 ], [ 15.99075927924083, 51.071311013137667 ], [ 15.971253501182638, 51.067508009490773 ], [ 15.951750869750786, 51.063704544241858 ], [ 15.947707372373539, 51.062911484698255 ], [ 15.932254217231185, 51.059857788248955 ], [ 15.91276082033143, 51.056009439881542 ], [ 15.893269470381822, 51.052177555429829 ], [ 15.879851793621347, 51.049547179583868 ], [ 15.873781195983852, 51.048346547911329 ], [ 15.854297349537505, 51.044496432929186 ], [ 15.834814564560373, 51.040676893491295 ], [ 15.815332542572074, 51.036891709819336 ], [ 15.811377882694009, 51.036126118256256 ], [ 15.795854749078011, 51.033090044839135 ], [ 15.776378108190487, 51.029316467604325 ], [ 15.756901406450627, 51.025587835285471 ], [ 15.741206017253353, 51.022617054598037 ], [ 15.737425359575695, 51.021893154070419 ], [ 15.717952729901498, 51.01819272737437 ], [ 15.698479326253752, 51.014545597549692 ], [ 15.679004950856054, 51.010953594207052 ], [ 15.668189266144307, 51.008984153013465 ], [ 15.659531657750577, 51.007387189344996 ], [ 15.64005978663565, 51.003841232356955 ], [ 15.620586368202183, 51.000356187570404 ], [ 15.601111252593375, 50.996933060861899 ], [ 15.591000088801206, 50.995183245260371 ], [ 15.581636734360812, 50.993539601336018 ], [ 15.562162814337915, 50.990175287667427 ], [ 15.542686736117679, 50.986876683518318 ], [ 15.523208388866633, 50.983644172316666 ], [ 15.507906152418457, 50.981154138127621 ], [ 15.503728742428327, 50.980463757580914 ], [ 15.484250480316225, 50.977299082152818 ], [ 15.464769578542784, 50.974202811152267 ], [ 15.445285956755431, 50.971174877666556 ], [ 15.425799541003508, 50.968215132802122 ], [ 15.416315322589789, 50.966804502829007 ], [ 15.406312709010393, 50.965291695661229 ], [ 15.386825175743152, 50.962407646387099 ], [ 15.367334562011541, 50.959592821381186 ], [ 15.347840814987178, 50.956846791628763 ], [ 15.328343886061525, 50.954169083399471 ], [ 15.31200247517099, 50.951980636497204 ], [ 15.308844446873771, 50.951550151913729 ], [ 15.308796461447766, 50.951879218833731 ], [ 15.28828318417836, 50.96227038384464 ], [ 15.287339669482197, 50.962770864929468 ], [ 15.285706206360977, 50.974291530547738 ], [ 15.266840296805247, 50.983850056029482 ], [ 15.247176171265373, 50.983157143913047 ], [ 15.244552324158333, 50.98454665202663 ], [ 15.242985654039547, 50.996068968701863 ], [ 15.225696345272777, 51.004828151007224 ], [ 15.210107218027648, 50.995005548948136 ], [ 15.206937617943032, 50.992944171896461 ], [ 15.19084826279154, 50.982805409118107 ], [ 15.188187168840276, 50.981073428098583 ], [ 15.185256998016735, 50.982622697428425 ], [ 15.183687901137279, 50.994144302843395 ], [ 15.182148721508822, 51.005666862125565 ], [ 15.180638003723679, 51.017190328598133 ], [ 15.164826156299299, 51.025198079514219 ], [ 15.150573153180771, 51.016202317925554 ], [ 15.146078018580953, 51.013275307373696 ], [ 15.13137381887236, 51.003994254039682 ], [ 15.131754035252218, 50.992433796382187 ], [ 15.128271825369994, 50.990164149309827 ], [ 15.124431631325892, 50.992190756760841 ], [ 15.107668436896281, 51.000668214988295 ], [ 15.103142625496082, 51.003054675122691 ], [ 15.101624377582672, 51.014577091094637 ], [ 15.086106740591228, 51.022426007862123 ], [ 15.066428423076607, 51.021729369402436 ], [ 15.052504163352033, 51.012925443550657 ], [ 15.047707609881831, 51.009793595754715 ], [ 15.042406983075153, 51.012583356698279 ], [ 15.027073659432368, 51.020331534275506 ], [ 15.007397221200863, 51.019630279149006 ], [ 14.987721417274884, 51.01892742786216 ], [ 14.974005215975922, 51.010242832056008 ], [ 14.974471105226607, 50.998685392739496 ], [ 14.974909201246575, 50.987126983482867 ], [ 14.991239645680466, 50.978181613809205 ], [ 15.010903461523567, 50.978823489075019 ], [ 15.014531652340905, 50.976914173497143 ], [ 15.014896036566318, 50.965353192811371 ], [ 15.015228184171653, 50.953791099602014 ], [ 15.013165900346333, 50.952441661166944 ], [ 14.995943202262378, 50.94155698547317 ], [ 14.996213993021673, 50.929992761442712 ], [ 14.995433891034294, 50.929481813273433 ], [ 14.976876652469603, 50.917753487527783 ], [ 14.976914789736615, 50.915832858200567 ], [ 14.95735895020079, 50.914256834495333 ], [ 14.937799070333128, 50.91274120611304 ], [ 14.918235134610297, 50.911285282423201 ], [ 14.898667127608762, 50.909888384334302 ], [ 14.879095033949254, 50.908549844654061 ], [ 14.859518838245769, 50.907269008388049 ], [ 14.858532759210592, 50.913608989876899 ], [ 14.858932007901807, 50.913871548307363 ], [ 14.876437053201846, 50.925817654943494 ], [ 14.877504897475745, 50.926519380162219 ], [ 14.894386595945569, 50.938025030779905 ], [ 14.892692001085134, 50.949539164277809 ], [ 14.895036951538733, 50.951078677058561 ], [ 14.910719845600195, 50.961746591019505 ], [ 14.913639476378759, 50.963661963801854 ], [ 14.928788442596172, 50.973952519841788 ], [ 14.927190709000149, 50.985470414843746 ], [ 14.925620492402283, 50.996989247310218 ], [ 14.93017392524669, 50.999973025575493 ], [ 14.943788896994596, 51.009196083598809 ], [ 14.942273435695206, 51.020716981058889 ], [ 14.947777707364073, 51.024320402562026 ], [ 14.960504891428469, 51.032923211050154 ], [ 14.959039724442487, 51.044446003573675 ], [ 14.957596325235857, 51.055969528948197 ], [ 14.964377561684836, 51.060403810958604 ], [ 14.975910933879078, 51.068175973465884 ], [ 14.974511752801394, 51.079701167520852 ], [ 14.982032281131843, 51.084614184997214 ], [ 14.992879326832963, 51.091906577781351 ], [ 14.991520749112524, 51.103433303626218 ], [ 14.990179282743268, 51.114960597743959 ], [ 14.988854084538813, 51.126488431631472 ], [ 14.987544350415206, 51.138016778093238 ], [ 14.996663225218866, 51.143964641038323 ], [ 15.006019774527205, 51.150223438373942 ], [ 14.99566585390469, 51.155472407459449 ], [ 14.984968243330142, 51.16107490616011 ], [ 14.994633434491387, 51.167376537956741 ], [ 15.003479153830723, 51.173283060766295 ], [ 15.002228159298747, 51.184813506069744 ], [ 15.012356928703515, 51.191411042467557 ], [ 15.020778732464898, 51.197020073958505 ], [ 15.019555400123226, 51.208551578389105 ], [ 15.018342940390662, 51.220083436002923 ], [ 15.017140797775305, 51.231615628131266 ], [ 15.028090497988554, 51.238738098503468 ], [ 15.035757391944083, 51.243821735450098 ], [ 15.03457866060168, 51.255354831449011 ], [ 15.033408762133488, 51.266888210471009 ], [ 15.032247233747407, 51.278421857016639 ], [ 15.031093633605419, 51.289955756282907 ], [ 15.023323820429523, 51.293915449768875 ], [ 15.010116573348588, 51.300814862961673 ], [ 15.008973098222461, 51.312348940734076 ], [ 15.00153560255589, 51.316140499022957 ], [ 14.987998321490789, 51.323204316853108 ], [ 14.986863313994425, 51.334738521023503 ], [ 14.979724330615838, 51.338378958726437 ], [ 14.965889021941388, 51.345590109768459 ], [ 14.964760985046947, 51.357124392823835 ], [ 14.977362697444745, 51.365311947318091 ], [ 14.983492729361823, 51.369342222062855 ], [ 14.976704833844733, 51.37280702330996 ], [ 14.962520481897933, 51.380193450182638 ], [ 14.96140741666318, 51.391728204056449 ], [ 14.96029876351426, 51.403263095134207 ], [ 14.959194252862504, 51.414798114213013 ], [ 14.958093626105445, 51.426333252462065 ], [ 14.971246573794845, 51.434868333679539 ], [ 14.976879116444277, 51.438553592218398 ], [ 14.970640735580378, 51.441743097048629 ], [ 14.955903042031617, 51.449403852914891 ], [ 14.954812618449356, 51.460939299183181 ], [ 14.948745423351623, 51.46404134042703 ], [ 14.933830206419419, 51.47178555259201 ], [ 14.927853843350231, 51.4748404852538 ], [ 14.912842695119817, 51.482627976262812 ], [ 14.906952207638916, 51.485638300197138 ], [ 14.887077656581008, 51.484929625320042 ], [ 14.867203876542986, 51.484218023607099 ], [ 14.85205207313555, 51.492063462134581 ], [ 14.84628376277295, 51.495008155499555 ], [ 14.831047076444642, 51.502890924952865 ], [ 14.825353607754717, 51.50579660966627 ], [ 14.810036135983108, 51.513714519854197 ], [ 14.804413415392798, 51.51658325356987 ], [ 14.784527801897912, 51.515859252747831 ], [ 14.764642984150658, 51.515132251460535 ], [ 14.7492074430006, 51.523095924959947 ], [ 14.74368436746215, 51.525910542059293 ], [ 14.728177161114571, 51.533904461268492 ], [ 14.727052157741067, 51.545437221882999 ], [ 14.721634447383321, 51.54819743629416 ], [ 14.706011883407463, 51.556241596141568 ], [ 14.704884877042145, 51.567774134098578 ], [ 14.718932575238235, 51.576926566395699 ], [ 14.723685559163767, 51.580035731056491 ], [ 14.737761841681088, 51.589199749383432 ], [ 14.742498403896303, 51.592294596082922 ], [ 14.756601372300461, 51.601468937554408 ], [ 14.76132327473869, 51.604550718945283 ], [ 14.760214897212613, 51.616084246978645 ], [ 14.754986895551745, 51.618750333753688 ], [ 14.739158651327699, 51.626894288981774 ], [ 14.753361785174587, 51.636128055196799 ], [ 14.758000238061079, 51.639151339139147 ], [ 14.752832264367452, 51.64178656985797 ], [ 14.736935477946568, 51.649960806204227 ], [ 14.751198832579927, 51.659229881151887 ], [ 14.755787726904755, 51.662218456259666 ], [ 14.750674505642833, 51.664825387426269 ], [ 14.734714090183147, 51.673027336086413 ], [ 14.733603865131057, 51.684560598549076 ], [ 14.728554326717669, 51.68713349292269 ], [ 14.712517522549776, 51.695365213892117 ], [ 14.707504142432233, 51.697918328194028 ], [ 14.691422935353076, 51.706165855732493 ], [ 14.686443908359221, 51.708700098949883 ], [ 14.670320012945325, 51.716962517527044 ], [ 14.669195691494579, 51.728494852605102 ], [ 14.664269507484564, 51.731000466014962 ], [ 14.648079454605021, 51.739287213769934 ], [ 14.646950184903016, 51.75081922018618 ], [ 14.64582082733407, 51.762351210892049 ], [ 14.644691352634947, 51.773883184824214 ], [ 14.643561736587415, 51.785415141106036 ], [ 14.642431959742941, 51.796947079037338 ], [ 14.637621925050091, 51.799390276218965 ], [ 14.617616134925631, 51.798639609146704 ], [ 14.601263104579944, 51.806985297285642 ], [ 14.59648642694712, 51.809409034958819 ], [ 14.580100590816791, 51.817764352253022 ], [ 14.578955430327607, 51.829295315978584 ], [ 14.593611675001496, 51.838825804013759 ], [ 14.59784245266939, 51.841579109209739 ], [ 14.596701811578363, 51.853110339790675 ], [ 14.611386965755266, 51.862650257634634 ], [ 14.631421974871957, 51.863392275886227 ], [ 14.635649358102018, 51.86613830152092 ], [ 14.65034263574306, 51.875670689442138 ], [ 14.654569301303924, 51.878413693467898 ], [ 14.669273648809382, 51.887945865410593 ], [ 14.673500283071862, 51.890686278001546 ], [ 14.688215022912708, 51.90021778483478 ], [ 14.69244233951437, 51.902956051729447 ], [ 14.691325692581287, 51.914488706754227 ], [ 14.690208919024883, 51.926021344703713 ], [ 14.70496051006757, 51.935565311264185 ], [ 14.709171847448998, 51.938288870952761 ], [ 14.708059868923478, 51.949821776636917 ], [ 14.706947808130392, 51.961354666855158 ], [ 14.705835677542172, 51.97288754208558 ], [ 14.704723489335322, 51.984420402795756 ], [ 14.71952814250581, 51.993983228781147 ], [ 14.723717455259139, 51.996686248429043 ], [ 14.722610221809962, 52.008219380943594 ], [ 14.721502967098367, 52.019752500241047 ], [ 14.736330196525728, 52.029318420828851 ], [ 14.740518285341821, 52.03201609019726 ], [ 14.739416053750496, 52.043549482061394 ], [ 14.738313824230474, 52.055082861529087 ], [ 14.753157681692176, 52.064648001703617 ], [ 14.757350580756254, 52.067344187533742 ], [ 14.752675826155043, 52.069718078282662 ], [ 14.736109386384074, 52.07814958391242 ], [ 14.735007182094169, 52.089682927021805 ], [ 14.73034202078801, 52.092050404157789 ], [ 14.710203095476167, 52.091312897361384 ], [ 14.693600549077093, 52.099748293576944 ], [ 14.688951312346864, 52.102105374812645 ], [ 14.672332872790005, 52.110541598744163 ], [ 14.671215565388509, 52.12207400935543 ], [ 14.670098267682276, 52.133606408319473 ], [ 14.668980975832921, 52.145138795519479 ], [ 14.683860328726706, 52.154727095727587 ], [ 14.688039262155339, 52.157411788429776 ], [ 14.702915654820849, 52.166990666082327 ], [ 14.707108822373904, 52.169681935613411 ], [ 14.70242680883484, 52.172055173807564 ], [ 14.685814720684476, 52.180477100995716 ], [ 14.684702415698981, 52.192009738034727 ], [ 14.683590075651487, 52.203542361827928 ], [ 14.698458838726978, 52.213108238596234 ], [ 14.702679582856476, 52.215813645473823 ], [ 14.701572147268303, 52.227346538254118 ], [ 14.700464640488503, 52.238879416443687 ], [ 14.699357051898129, 52.250412279677761 ], [ 14.694611811948564, 52.252815719189641 ], [ 14.674400969243278, 52.2520720487395 ], [ 14.657806770153931, 52.260461966562126 ], [ 14.653060943285936, 52.262863325685046 ], [ 14.632846608413232, 52.262112870327954 ], [ 14.616241028788489, 52.270496665578612 ], [ 14.611491840915045, 52.272897309235773 ], [ 14.591274031340705, 52.272140032808068 ], [ 14.574659727432934, 52.280516359784095 ], [ 14.573521750160303, 52.292047365750271 ], [ 14.572383666019245, 52.303578356478369 ], [ 14.571245465939304, 52.315109331651037 ], [ 14.566441891888843, 52.317534070526065 ], [ 14.549862055219521, 52.325877935782202 ], [ 14.548718591347873, 52.337408575024071 ], [ 14.547574992176232, 52.348939198136456 ], [ 14.546431253344878, 52.360469804977882 ], [ 14.545287372298404, 52.372000395474899 ], [ 14.544143348474275, 52.383530969629312 ], [ 14.539226016870831, 52.386009965951693 ], [ 14.522725090728445, 52.394293885303355 ], [ 14.537432360562743, 52.403760061676593 ], [ 14.541854881251169, 52.406592069333477 ], [ 14.540710448206145, 52.418122595320732 ], [ 14.539565893367362, 52.42965310585096 ], [ 14.554227897037094, 52.439078700067427 ], [ 14.574521374908336, 52.43984043181797 ], [ 14.579012718148412, 52.442710918255287 ], [ 14.593664333425039, 52.452116926192929 ], [ 14.59818032014555, 52.455000758837706 ], [ 14.597050590300457, 52.466532134390647 ], [ 14.611670307185507, 52.475908236470872 ], [ 14.616234183090533, 52.478819376108241 ], [ 14.630839139159377, 52.488178585258346 ], [ 14.635428827659707, 52.491103727588182 ], [ 14.634309160627895, 52.502635667522377 ], [ 14.6291441634488, 52.505242309257468 ], [ 14.612860110754696, 52.51341430251594 ], [ 14.611735573812567, 52.524945928149762 ], [ 14.610611174957777, 52.53647754784852 ], [ 14.609486954912128, 52.548009163152393 ], [ 14.623965060755463, 52.557275214807923 ], [ 14.62871270926655, 52.560295268995361 ], [ 14.627594084659721, 52.571827180525069 ], [ 14.622244556174815, 52.574525251038004 ], [ 14.606115812450778, 52.582603999507924 ], [ 14.604992764163326, 52.594135614485303 ], [ 14.603870134172359, 52.605667234116694 ], [ 14.598410480907129, 52.608418629718955 ], [ 14.582373413013888, 52.616439365003778 ], [ 14.57687239527017, 52.619209845009713 ], [ 14.556496011466555, 52.618446672008659 ], [ 14.540489612098739, 52.626440597233596 ], [ 14.534942886311196, 52.629230724802383 ], [ 14.518970425970577, 52.637200715345635 ], [ 14.513379135441141, 52.640011381203237 ], [ 14.497442114188759, 52.647956720683389 ], [ 14.491804754646763, 52.650788618299615 ], [ 14.471416084388611, 52.65001033518049 ], [ 14.455514034457622, 52.657926860931006 ], [ 14.454357967025098, 52.669456373286472 ], [ 14.448624086955668, 52.672332740075042 ], [ 14.43280205576435, 52.680200010516138 ], [ 14.431642043823347, 52.691729238549584 ], [ 14.425808032477644, 52.694653407195965 ], [ 14.41007221578989, 52.70246844084177 ], [ 14.404184822559319, 52.705417209377693 ], [ 14.388493075113624, 52.713203504340647 ], [ 14.387324678765939, 52.724732152651946 ], [ 14.381327709677759, 52.727733211738844 ], [ 14.365731594552937, 52.735462770353678 ], [ 14.359676885518407, 52.738490425814248 ], [ 14.344129115500674, 52.74618923782873 ], [ 14.338015387556458, 52.749244050922506 ], [ 14.322517196914294, 52.756911549650781 ], [ 14.316343212460906, 52.75999405915325 ], [ 14.300895793335503, 52.767629700332499 ], [ 14.294660356996239, 52.77074042221475 ], [ 14.274221619716617, 52.769924785221392 ], [ 14.25882026291216, 52.777526671797006 ], [ 14.25762434588535, 52.789053496029553 ], [ 14.251262592483306, 52.792222097931095 ], [ 14.235974207765167, 52.799759129778266 ], [ 14.229547677424749, 52.802957352346816 ], [ 14.21431439624153, 52.810460579855722 ], [ 14.207822069974087, 52.813688845155923 ], [ 14.187365963774782, 52.812856161638031 ], [ 14.172179892372407, 52.820325319279782 ], [ 14.165625331824391, 52.823579536725049 ], [ 14.145165928762836, 52.822738845593037 ], [ 14.130025957833732, 52.830174554394524 ], [ 14.1288010438704, 52.841699467680741 ], [ 14.127577437762859, 52.85322442718288 ], [ 14.140802885978598, 52.861747830378889 ], [ 14.146842544977238, 52.8655904600041 ], [ 14.145627699578881, 52.877115879525824 ], [ 14.158719157747541, 52.885544391705473 ], [ 14.164914360827842, 52.889479556787656 ], [ 14.15789062485435, 52.892962973816367 ], [ 14.143202358034412, 52.900166874150301 ], [ 14.141991898985999, 52.911692450880189 ], [ 14.140782923406931, 52.923218080995007 ], [ 14.13957542434807, 52.934743764263438 ], [ 14.138369382284479, 52.946269499938239 ], [ 14.137164763670954, 52.957795286696673 ], [ 14.149728374095295, 52.96587199258893 ], [ 14.156504059636113, 52.970161853572932 ], [ 14.168974787725778, 52.978172398697502 ], [ 14.18950950144672, 52.978999493917499 ], [ 14.196406724247401, 52.983359577112466 ], [ 14.208773440725228, 52.991292209517312 ], [ 14.229315528697425, 52.992112926784678 ], [ 14.236336064331265, 52.996544474507481 ], [ 14.248596965616564, 53.004398234340869 ], [ 14.255728700300505, 53.008896132913542 ], [ 14.26788948430015, 53.016679479534467 ], [ 14.288445302535568, 53.01749096049187 ], [ 14.295702515579714, 53.022062030823278 ], [ 14.307755260917093, 53.029765429805828 ], [ 14.315126032383052, 53.034404670266575 ], [ 14.327076257054175, 53.042036374137822 ], [ 14.334561227646429, 53.046744381896254 ], [ 14.346408268078038, 53.05430407400943 ], [ 14.35400754938391, 53.059081139163432 ], [ 14.352873869867215, 53.070610878966413 ], [ 14.364517628752502, 53.078033245401407 ], [ 14.372335527835173, 53.082944935660528 ], [ 14.37120569023419, 53.094474911240226 ], [ 14.370074524187237, 53.106004826720621 ], [ 14.36894164950084, 53.117534667287657 ], [ 14.380183896189633, 53.124690645137044 ], [ 14.388423110439456, 53.129866377336981 ], [ 14.387290686541485, 53.141396320980462 ], [ 14.377885733786441, 53.146063140712421 ], [ 14.365528727675652, 53.152123581739531 ], [ 14.364384918292147, 53.163652962729493 ], [ 14.363237312343966, 53.175182187326442 ], [ 14.374011318875318, 53.182032704241344 ], [ 14.382726835809294, 53.187514685165524 ], [ 14.381575244913028, 53.199043842332259 ], [ 14.392183372067294, 53.205781943617708 ], [ 14.401068958672676, 53.211373194162014 ], [ 14.39991173772154, 53.222902221389305 ], [ 14.410373683645281, 53.229540622972173 ], [ 14.419408047245868, 53.235228365706568 ], [ 14.429808939197882, 53.241822652713672 ], [ 14.438907280796563, 53.247551217551134 ], [ 14.449254838578543, 53.254106344901267 ], [ 14.458409312633377, 53.259870771663884 ], [ 14.448100281248617, 53.264959236297138 ], [ 14.436569987723592, 53.27060875842453 ], [ 14.426185845168758, 53.275726137961392 ], [ 14.414713461793704, 53.28134224478228 ], [ 14.413523504209573, 53.292870063765093 ], [ 14.412326883980809, 53.304397616954638 ], [ 14.411123624307278, 53.315924905164465 ], [ 14.409913800461984, 53.327451931215293 ], [ 14.40869753784486, 53.338978699861457 ], [ 14.407475009109074, 53.350505217681537 ], [ 14.39679935850708, 53.35573009393525 ], [ 14.385530709724918, 53.361230728016217 ], [ 14.395522161226078, 53.367554073221882 ], [ 14.405012057338888, 53.373557535407109 ], [ 14.39430788743408, 53.378787731957999 ], [ 14.383045086679314, 53.384281914416398 ], [ 14.38179418462599, 53.395807180219357 ], [ 14.380538338991423, 53.407332245120386 ], [ 14.37927791261866, 53.418857123130429 ], [ 14.378013281861273, 53.430381828792562 ], [ 14.376744831212635, 53.441906376974138 ], [ 14.375472948247223, 53.453430782670971 ], [ 14.364796839776249, 53.458617676368334 ], [ 14.353428413846943, 53.464147482628839 ], [ 14.352144428580621, 53.475671275419671 ], [ 14.350858079382762, 53.487194966800828 ], [ 14.349569730500841, 53.4987185709616 ], [ 14.338972182532585, 53.50385228088831 ], [ 14.32748478108766, 53.509429391769451 ], [ 14.326186891340361, 53.520952479314261 ], [ 14.324887948557901, 53.532475516482457 ], [ 14.31436467764471, 53.537562707279463 ], [ 14.302774244523027, 53.543181029930956 ], [ 14.301467423514467, 53.554703613417075 ], [ 14.311747514369431, 53.56119733875444 ], [ 14.320987675393463, 53.567044438482498 ], [ 14.31968728618487, 53.578567382712549 ], [ 14.318387118838924, 53.590090326650007 ], [ 14.317087364108559, 53.601613277810792 ], [ 14.315788192415747, 53.61313624291801 ], [ 14.305427432105203, 53.618132944800386 ], [ 14.293628690511358, 53.623839014022856 ], [ 14.292324328071986, 53.635361632467266 ], [ 14.291020938894171, 53.646884280579791 ], [ 14.289718623783674, 53.658406962383246 ], [ 14.27943098817545, 53.663359939083449 ], [ 14.267530457691294, 53.66910427506501 ], [ 14.278044439004479, 53.67573529205427 ], [ 14.287117542831655, 53.681452440162481 ], [ 14.276849415680244, 53.686393789058222 ], [ 14.264918325459538, 53.692149051019626 ], [ 14.263614233872151, 53.70367150466511 ], [ 14.262311510134667, 53.715194004203227 ], [ 14.26101018012227, 53.726716550715075 ], [ 14.2715731421999, 53.73337117598232 ], [ 14.280638006844285, 53.739066900223115 ], [ 14.27037733756309, 53.743999482557143 ], [ 14.258411761094715, 53.749761787255089 ], [ 14.26897931892781, 53.756416390642798 ], [ 14.278056018624934, 53.762113013725184 ], [ 14.276767154667469, 53.773636142269417 ], [ 14.275479700375746, 53.785159318337662 ], [ 14.274193642146511, 53.796682541447822 ], [ 14.263879148799562, 53.801635920169225 ], [ 14.251940428545133, 53.807375717436713 ], [ 14.250650300494728, 53.818898643813242 ], [ 14.249361503217051, 53.830421615164447 ], [ 14.239016643275409, 53.835383213519791 ], [ 14.227086649050605, 53.841109730546314 ], [ 14.225793626049043, 53.852632399102966 ], [ 14.224501843674092, 53.864155109549948 ], [ 14.22321127125787, 53.875677860716358 ], [ 14.221921877638048, 53.887200651410829 ], [ 14.220633631486509, 53.898723480434519 ], [ 14.210147589813081, 53.90374274131046 ], [ 14.198319871209977, 53.909405460254845 ], [ 14.208746362502781, 53.91595908186477 ], [ 14.218060457180169, 53.921769248706603 ], [ 14.22842650429998, 53.928279444235123 ], [ 14.24942817353006, 53.929092030342566 ], [ 14.270430917873242, 53.929900610389979 ], [ 14.291434730530161, 53.93070519899829 ], [ 14.303053025973741, 53.925130846207807 ], [ 14.313731027673693, 53.920003392370511 ], [ 14.325339551419493, 53.914428602630309 ], [ 14.336015994474085, 53.909297044018395 ], [ 14.357011358427041, 53.91009033500459 ], [ 14.378007760693267, 53.910879717951673 ], [ 14.387618197270587, 53.916841965206714 ], [ 14.397737761022356, 53.923167640327925 ], [ 14.418742022261521, 53.923948985422179 ], [ 14.439747298974895, 53.924726496356683 ], [ 14.449534039614164, 53.930782023136324 ], [ 14.459502816134803, 53.937000600654066 ], [ 14.469383293159193, 53.943106874379829 ], [ 14.479270201054923, 53.949269220702476 ], [ 14.489248582269829, 53.955428816116985 ], [ 14.499049452415019, 53.961532421043017 ], [ 14.520076141339144, 53.962294086228844 ], [ 14.530204937341249, 53.968535229645951 ], [ 14.539874044689736, 53.974548039568383 ], [ 14.56090848237195, 53.975302216176459 ], [ 14.571193106430435, 53.981628334453013 ], [ 14.580725006612198, 53.987547213920266 ], [ 14.601767152762267, 53.988294150578987 ], [ 14.622810228450637, 53.989037673111397 ], [ 14.633303729240609, 53.995477636066795 ], [ 14.642652071329952, 54.001270541795925 ], [ 14.663702788756694, 54.002007256677516 ], [ 14.684754402256594, 54.002740760676012 ], [ 14.695457547286287, 54.009295539087205 ], [ 14.704621457817339, 54.014962420322675 ], [ 14.72568064045921, 54.015689631269851 ], [ 14.73654560443733, 54.022333992137234 ], [ 14.745566132791584, 54.027904091130495 ], [ 14.766632832517816, 54.028625418473503 ], [ 14.777657998647207, 54.035358760011533 ], [ 14.786536703485371, 54.040833302823515 ], [ 14.807610866499546, 54.041549189740891 ], [ 14.828685841152591, 54.042262458255358 ], [ 14.8497616168634, 54.042973183584763 ], [ 14.861016741841942, 54.049832765499353 ], [ 14.869696985248394, 54.055170581344001 ], [ 14.890780121732494, 54.055876709565588 ], [ 14.911864025813092, 54.056580552799822 ], [ 14.93294868817066, 54.057282180035202 ], [ 14.944399250932818, 54.06424862620927 ], [ 14.952915321602923, 54.06947143436598 ], [ 14.974007251071608, 54.070169285 ], [ 14.985577823755024, 54.077202514544375 ], [ 14.993991964347565, 54.08235528406739 ], [ 15.015091117378942, 54.083049786658805 ], [ 15.036190983477717, 54.083742442433092 ], [ 15.047877350087784, 54.090838479273522 ], [ 15.056200197121159, 54.095924779634998 ], [ 15.077307235753899, 54.096614584759763 ], [ 15.098414969518041, 54.09730268509125 ], [ 15.110182982693924, 54.104441624290004 ], [ 15.11844860074835, 54.109482479839926 ], [ 15.139563472489961, 54.110168081658706 ], [ 15.160679029067591, 54.110852048042545 ], [ 15.17249134118299, 54.118011851336313 ], [ 15.180737028161342, 54.123030124481758 ], [ 15.201859706684163, 54.123711764874024 ], [ 15.21370343143529, 54.130886498705884 ], [ 15.22193562149978, 54.135889235803994 ], [ 15.243065422114768, 54.136568575583929 ], [ 15.264195907828816, 54.137246216566218 ], [ 15.276017515117937, 54.144402012254844 ], [ 15.284296192911535, 54.149422561082382 ], [ 15.305433816249183, 54.150097733838216 ], [ 15.326572134245513, 54.150771056799826 ], [ 15.347711150705084, 54.151442465136959 ], [ 15.36885086972058, 54.152111889223491 ], [ 15.389991295613989, 54.152779255172362 ], [ 15.401598139189185, 54.159794127772479 ], [ 15.410135432393631, 54.164951262930956 ], [ 15.431283060476206, 54.165615315361819 ], [ 15.45243141201966, 54.166277050895552 ], [ 15.473580491833841, 54.166936382217074 ], [ 15.494730304655608, 54.16759322076819 ], [ 15.515880855099583, 54.168247477294855 ], [ 15.527163486822717, 54.175053139948936 ], [ 15.536069165112959, 54.180411767219958 ], [ 15.557227001798672, 54.181061498890415 ], [ 15.578385592330784, 54.181708353918744 ], [ 15.589500063332533, 54.188404189476977 ], [ 15.59859869964297, 54.193867550074842 ], [ 15.619764622032028, 54.194509203280134 ], [ 15.64093131214382, 54.195147691152378 ], [ 15.662098772635725, 54.195782932065839 ], [ 15.672949832785276, 54.202307841785647 ], [ 15.682343397783139, 54.207933123953943 ], [ 15.703518238364691, 54.208562312454596 ], [ 15.724693858442322, 54.209187995372432 ], [ 15.745870258965551, 54.209810104059265 ], [ 15.756443136408713, 54.216153972451821 ], [ 15.766146565162435, 54.221949179787046 ], [ 15.787330379893771, 54.222564480233466 ], [ 15.797782554844245, 54.22882766571886 ], [ 15.807625202837448, 54.234697390743364 ], [ 15.828816448934166, 54.235305511747939 ], [ 15.8500084801481, 54.235909711600556 ], [ 15.860258992356112, 54.242039749484917 ], [ 15.870328530149896, 54.248032285140269 ], [ 15.891528004745416, 54.248628855210391 ], [ 15.91272826114214, 54.249221351697102 ], [ 15.933929296565475, 54.249809740123879 ], [ 15.955131107947016, 54.250393989034848 ], [ 15.976333691944459, 54.250974069828771 ], [ 15.997537044961424, 54.251549956587034 ], [ 16.018741163167, 54.252121625897622 ], [ 16.028410113295656, 54.257872169909568 ], [ 16.039119830610947, 54.264212943930744 ], [ 16.060331369310234, 54.264776255968037 ], [ 16.081543662323782, 54.265335274700547 ], [ 16.091035829134679, 54.270966627699039 ], [ 16.101947678956446, 54.277413614741135 ], [ 16.123167379463712, 54.277964068789451 ], [ 16.132563152737109, 54.283527833924786 ], [ 16.143590107603274, 54.290033233892579 ], [ 16.1529634266636, 54.295577196437243 ], [ 16.164024905140181, 54.302097346662848 ], [ 16.185258664746147, 54.302634705245914 ], [ 16.194547384513648, 54.308117824413472 ], [ 16.205712208683209, 54.314689188728892 ], [ 16.214986794895999, 54.320157210463215 ], [ 16.226177852260275, 54.326738336273543 ], [ 16.235441974454261, 54.332193337898879 ], [ 16.246655607878413, 54.338782050785007 ], [ 16.255913084198831, 54.344226203567999 ], [ 16.267145486979981, 54.350820246873965 ], [ 16.276400263053823, 54.35625580370872 ], [ 16.287647500050262, 54.362852851237832 ], [ 16.296903627197889, 54.368282133954111 ], [ 16.308161656623042, 54.374879803000773 ], [ 16.31742326946803, 54.380305189338415 ], [ 16.316731319267426, 54.391854815913099 ], [ 16.327939354583382, 54.398415857502769 ], [ 16.337275043145173, 54.403874801147474 ], [ 16.348483325711545, 54.410430304808933 ], [ 16.357835165172386, 54.415891497628998 ], [ 16.357159717178131, 54.427441547755777 ], [ 16.368301405530254, 54.433950814644234 ], [ 16.377743938050081, 54.439455152962147 ], [ 16.38887524808101, 54.445952713811856 ], [ 16.39834449384788, 54.451465451451519 ], [ 16.397685301129751, 54.463015909521566 ], [ 16.408733792335742, 54.4694578996586 ], [ 16.418309653493669, 54.475023088837432 ], [ 16.429337546150101, 54.481447479283418 ], [ 16.438950082888521, 54.487026939522721 ], [ 16.438306536632943, 54.498577782512605 ], [ 16.449236608937905, 54.504938035139439 ], [ 16.45897012231875, 54.510578479537877 ], [ 16.469870297249798, 54.516915811100574 ], [ 16.491221997517869, 54.517383163184668 ], [ 16.500966267959463, 54.523018417785742 ], [ 16.511874544448983, 54.529351019998174 ], [ 16.521669302628265, 54.535008849670447 ], [ 16.532539287760901, 54.541313718338152 ], [ 16.553904934400588, 54.541767398506352 ], [ 16.563723026513209, 54.547427663924694 ], [ 16.574588516295094, 54.553720533768562 ], [ 16.595961429947284, 54.554165197713516 ], [ 16.617334960423708, 54.554605385784619 ], [ 16.627157490141631, 54.560252955454033 ], [ 16.638043992868976, 54.566544703243835 ], [ 16.659424756345636, 54.566975929074005 ], [ 16.680806118728917, 54.567402680188856 ], [ 16.70218807415888, 54.567824953317931 ], [ 16.723570616781522, 54.568242744955391 ], [ 16.744953740746986, 54.568656051381311 ], [ 16.766337440207877, 54.569064868681977 ], [ 16.776101750391259, 54.574646836562565 ], [ 16.787098266724129, 54.580973100264856 ], [ 16.8084891171208, 54.581373034029035 ], [ 16.829880525159947, 54.581768478897281 ], [ 16.839689809467526, 54.587362360363848 ], [ 16.85066665027988, 54.593663975076581 ], [ 16.872065175196386, 54.594050611132495 ], [ 16.893464239886207, 54.594432759969088 ], [ 16.914863838486344, 54.594810417478548 ], [ 16.924720060871582, 54.600413690513911 ], [ 16.9356817670708, 54.606689446000431 ], [ 16.945617024552956, 54.612333198458735 ], [ 16.956511818698026, 54.618565165398635 ], [ 16.966525395097072, 54.624249165277966 ], [ 16.977353990096258, 54.63043781973343 ], [ 16.987444720692135, 54.636161578969528 ], [ 16.998208278517509, 54.642307652348194 ], [ 17.008374555955388, 54.648070427956739 ], [ 17.019074681885769, 54.654174902823812 ], [ 17.02931446782037, 54.659975701178645 ], [ 17.039953198942133, 54.666039803810733 ], [ 17.061392531751398, 54.666388620770505 ], [ 17.071700120913459, 54.672220536268881 ], [ 17.08228968652071, 54.678247560992169 ], [ 17.092665731468092, 54.684114971936388 ], [ 17.103198953464751, 54.690104640527437 ], [ 17.12465180766667, 54.690441450110868 ], [ 17.135091191011874, 54.696337853559712 ], [ 17.145579704403382, 54.702293143481292 ], [ 17.167039537276843, 54.70262184964281 ], [ 17.177539743712842, 54.708546004863535 ], [ 17.187986060036106, 54.714468424597889 ], [ 17.20945285402696, 54.714789086872763 ], [ 17.220010820765616, 54.72073940019564 ], [ 17.230418002106926, 54.726630763382374 ], [ 17.251891740511795, 54.726943428675291 ], [ 17.262503975425005, 54.732918016451045 ], [ 17.272875516298118, 54.738780373250691 ], [ 17.294356183242297, 54.739085074318595 ], [ 17.315837274928981, 54.739385387885534 ], [ 17.33731878562352, 54.739681308540042 ], [ 17.347988645171935, 54.745674900620571 ], [ 17.358334166916876, 54.751506514306826 ], [ 17.379822569648415, 54.751794481049636 ], [ 17.401311374959931, 54.752078044763159 ], [ 17.422800577115158, 54.752357199053556 ], [ 17.444290170373446, 54.752631937282331 ], [ 17.46578014898996, 54.75290225254399 ], [ 17.476528998131172, 54.758919620774627 ], [ 17.486840035960711, 54.764708669309201 ], [ 17.508336849984229, 54.76497099366668 ], [ 17.529834033016218, 54.765228877852962 ], [ 17.551331579303021, 54.765482313625704 ], [ 17.57282948308691, 54.765731292356129 ], [ 17.583664129156364, 54.771779474592513 ], [ 17.593927347682492, 54.777522299778909 ], [ 17.615432041641551, 54.777763217190028 ], [ 17.636937076749824, 54.77799965331711 ], [ 17.658442447234314, 54.778231597751528 ], [ 17.669358055103586, 54.784310995479032 ], [ 17.679571818571624, 54.790010455339562 ], [ 17.701083944770197, 54.790234251043792 ], [ 17.722596389947469, 54.790453524242878 ], [ 17.733578853029613, 54.796559453794984 ], [ 17.74375083544459, 54.802223516719373 ], [ 17.765270012374291, 54.802434552016656 ], [ 17.786789491808104, 54.802641028460492 ], [ 17.808309267930582, 54.802842931334681 ], [ 17.819384741851028, 54.808985588145347 ], [ 17.829495204102358, 54.814599923477637 ], [ 17.851021676966031, 54.814793456215213 ], [ 17.872548429908527, 54.814982370453976 ], [ 17.883699057742724, 54.821155025804792 ], [ 17.893759442591605, 54.826729648899146 ], [ 17.915292867482734, 54.826910069657096 ], [ 17.936826555702137, 54.827085819406861 ], [ 17.958360501370684, 54.827256876557868 ], [ 17.979894698600713, 54.827423218029537 ], [ 18.001429141494864, 54.827584819137186 ], [ 18.022963824144746, 54.827741653471037 ], [ 18.044498740629386, 54.82789369276783 ], [ 18.066033885013418, 54.828040906774696 ], [ 18.087569251345066, 54.828183263105117 ], [ 18.109104833653813, 54.82832072708613 ], [ 18.130640625947802, 54.828453261596607 ], [ 18.152176622210909, 54.828580826896186 ], [ 18.173712816399473, 54.828703380444189 ], [ 18.195249202438642, 54.828820876708157 ], [ 18.216785774218341, 54.828933266961677 ], [ 18.238322525588796, 54.829040499070757 ], [ 18.25985945035557, 54.829142517268558 ], [ 18.281396542274134, 54.829239261918104 ], [ 18.30293379504387, 54.829330669262113 ], [ 18.324471202301485, 54.829416671160232 ], [ 18.346008757613827, 54.829497194812831 ], [ 18.355349324656988, 54.824575968245377 ], [ 18.367727446076216, 54.817988824454595 ], [ 18.376944255670519, 54.813128387527051 ], [ 18.389433855866308, 54.806472240223279 ], [ 18.398519018664089, 54.801676874791653 ], [ 18.411127992205049, 54.794947154177144 ], [ 18.420073083099982, 54.790221436537145 ], [ 18.420188330982128, 54.778661620908217 ], [ 18.420303246313914, 54.767101781795915 ], [ 18.411601381996391, 54.762345082822165 ], [ 18.399013901893142, 54.755437757507146 ], [ 18.399137375906669, 54.743877922264254 ], [ 18.399261040166376, 54.732318066077326 ], [ 18.412136285035388, 54.725427413611982 ], [ 18.420762348839698, 54.72086220366554 ], [ 18.433780738133052, 54.713884327285754 ], [ 18.442241718830388, 54.709402434463243 ], [ 18.455412974928034, 54.702331752753651 ], [ 18.463698627733116, 54.697938766127564 ], [ 18.46379669104611, 54.686378686751681 ], [ 18.463895615817503, 54.674818589229822 ], [ 18.463995637868045, 54.663258474601328 ], [ 18.464097006682355, 54.651698343965847 ], [ 18.46419998499022, 54.640138198481317 ], [ 18.477776748795574, 54.632823600907997 ], [ 18.499211270707907, 54.632833284295224 ], [ 18.506873299508371, 54.628758852645845 ], [ 18.506960245418771, 54.617198587437507 ], [ 18.507049544894361, 54.60563830979909 ], [ 18.521054320496944, 54.598067551211322 ], [ 18.528386670179906, 54.59416265301666 ], [ 18.528471358385453, 54.582602309688589 ], [ 18.542730416555631, 54.57488020631726 ], [ 18.549777524108602, 54.571122752652336 ], [ 18.549858818688605, 54.559562349179096 ], [ 18.549944179376158, 54.54800193876828 ], [ 18.55003399345053, 54.536441522854908 ], [ 18.550128649175669, 54.524881102876769 ], [ 18.550228532559885, 54.51332068026241 ], [ 18.550334023832917, 54.501760256417661 ], [ 18.564997618584904, 54.49379769843766 ], [ 18.571584099023521, 54.490276584668479 ], [ 18.565072869863872, 54.486708702790622 ], [ 18.550563299212882, 54.478639410461362 ], [ 18.550687779910124, 54.46707899091691 ], [ 18.550819253284416, 54.455518575244717 ], [ 18.565487952836605, 54.447550535308544 ], [ 18.572056905773465, 54.444034729083754 ], [ 18.586942477456205, 54.435939628125283 ], [ 18.593275467333289, 54.432547084615308 ], [ 18.593410916567791, 54.420986590785851 ], [ 18.608494949746113, 54.412774904601228 ], [ 18.629815238807744, 54.412695730532562 ], [ 18.635657568641623, 54.409560441405787 ], [ 18.651233473922204, 54.401063502723197 ], [ 18.6725477201093, 54.400966038375962 ], [ 18.677844312062049, 54.398119368464521 ], [ 18.693947833813024, 54.389317688725519 ], [ 18.698975930724888, 54.386612915281347 ], [ 18.715335840884602, 54.377663828307881 ], [ 18.720092630978233, 54.375102721788053 ], [ 18.736711742307957, 54.366005142801924 ], [ 18.75800779720571, 54.365870145455453 ], [ 18.779303746848797, 54.365726729393295 ], [ 18.800599578956696, 54.365574927463634 ], [ 18.804059205378049, 54.363707197942674 ], [ 18.821945146386078, 54.353885230254697 ], [ 18.843234745471989, 54.35371644770575 ], [ 18.84602652429243, 54.352207018069009 ], [ 18.864562080647318, 54.342016844704958 ], [ 18.885845402843874, 54.341832269340721 ], [ 18.907128546273739, 54.341640171165132 ], [ 18.928411499817333, 54.341440782507235 ], [ 18.94883184388484, 54.352294378590031 ], [ 18.949680181042524, 54.352755750509708 ], [ 18.95052964473048, 54.352295086366425 ], [ 18.970976795044017, 54.341021241666226 ], [ 18.992259117040547, 54.34080173635202 ], [ 18.99780284748374, 54.340744193463927 ], [ 19.002655960540771, 54.329183151444752 ], [ 19.008371456728767, 54.317621835171074 ], [ 19.01353069815222, 54.308559007766384 ], [ 19.01499647684836, 54.306060116113727 ], [ 19.02268959894494, 54.29449781452459 ], [ 19.031271342994035, 54.282934772446318 ], [ 19.034771037649069, 54.278666821024196 ], [ 19.040957004656889, 54.27137072693364 ], [ 19.051679551279499, 54.259805440297235 ], [ 19.055989800365868, 54.255521990241277 ], [ 19.06359214311513, 54.24823855467401 ], [ 19.076592033939601, 54.236669781921258 ], [ 19.077191906205254, 54.236172039707981 ], [ 19.091081043321168, 54.225098466450405 ], [ 19.0983808749987, 54.219631929910811 ], [ 19.106896951144488, 54.213524214113242 ], [ 19.119558318771656, 54.204959284047234 ], [ 19.124225204438009, 54.201946310151918 ], [ 19.140726116785316, 54.191859752302065 ], [ 19.143299907901866, 54.190363822275984 ], [ 19.161885778598631, 54.180099799806655 ], [ 19.164417971812522, 54.178775514066785 ], [ 19.183038538598442, 54.169492498839652 ], [ 19.187958944992882, 54.167179716599854 ], [ 19.20418542486291, 54.159887091814717 ], [ 19.21441333248185, 54.155574133589482 ], [ 19.225327310127479, 54.151161226163147 ], [ 19.244423892548067, 54.143955537716053 ], [ 19.246464950119766, 54.143215113559641 ], [ 19.267599931587533, 54.136109622750396 ], [ 19.279843652764157, 54.132316971286834 ], [ 19.288732285828385, 54.129664370564441 ], [ 19.30986317743141, 54.123900116170169 ], [ 19.323019702238238, 54.120647375822614 ], [ 19.330993068965054, 54.118744341992262 ], [ 19.352123068460198, 54.114218140904413 ], [ 19.373253091501986, 54.110205144965995 ], [ 19.38100573307208, 54.108916268797387 ], [ 19.394384488096801, 54.106765070350413 ], [ 19.415517560813122, 54.103840760046808 ], [ 19.436652537484797, 54.101378999318513 ], [ 19.457789947255073, 54.099363750748957 ], [ 19.478930259616206, 54.097776624082314 ], [ 19.493828349586011, 54.096944619660633 ], [ 19.500073988364043, 54.096606010536341 ], [ 19.521221508816907, 54.095831124197879 ], [ 19.542372853605457, 54.095408132616996 ], [ 19.563528242323407, 54.095313558992359 ], [ 19.584687836623978, 54.095523186704973 ], [ 19.605851742580931, 54.096012351488831 ], [ 19.61624810731842, 54.096379983876275 ], [ 19.627020184514972, 54.096767544182541 ], [ 19.648193268567493, 54.097769425180793 ], [ 19.669370787550402, 54.09898162883858 ], [ 19.690552654964865, 54.10037950736551 ], [ 19.711738746924507, 54.101939156179334 ], [ 19.732928906579396, 54.103637559982872 ], [ 19.754122948495827, 54.105452711641902 ], [ 19.771748926849028, 54.107044992523235 ], [ 19.775320830219563, 54.10737267246769 ], [ 19.796523053228555, 54.109415148364938 ], [ 19.817728548208933, 54.11151618099683 ], [ 19.838937050443729, 54.113658140085967 ], [ 19.860148285972802, 54.1158246907967 ], [ 19.880012157340822, 54.117863933281626 ], [ 19.881362058677215, 54.118004743230834 ], [ 19.902579279620007, 54.120239205590671 ], [ 19.923798433692639, 54.12245613410095 ], [ 19.945019232084075, 54.124643960034788 ], [ 19.966241389245297, 54.126792275570168 ], [ 19.984641613634693, 54.12861544032836 ], [ 19.987464823373159, 54.128900139374885 ], [ 20.008690369166764, 54.131004415635211 ], [ 20.029916470191964, 54.13304253162935 ], [ 20.051142862457272, 54.135008031295051 ], [ 20.07236929112511, 54.13689532718044 ], [ 20.093595511076618, 54.138699637220135 ], [ 20.09952181260682, 54.139183000577262 ], [ 20.114822358440922, 54.140456800090007 ], [ 20.136048937440165, 54.142136698638531 ], [ 20.157274618676087, 54.143720985843714 ], [ 20.178499194240143, 54.145207482598778 ], [ 20.199722467072537, 54.146594540121178 ], [ 20.220944250915228, 54.147880991929341 ], [ 20.242164370212169, 54.149066109002298 ], [ 20.246885728831376, 54.149309125741844 ], [ 20.263383593340578, 54.150180208806241 ], [ 20.28460104870237, 54.151198637718466 ], [ 20.305816323678531, 54.152112929612628 ], [ 20.327029279886919, 54.152923733143425 ], [ 20.348239788801809, 54.153631958604564 ], [ 20.369447731501555, 54.154238749872128 ], [ 20.390652998405375, 54.154745458614265 ], [ 20.411855489001042, 54.15515362058413 ], [ 20.433055111564681, 54.155464933810023 ], [ 20.454251782873776, 54.155681238521559 ], [ 20.475445427913105, 54.155804498626829 ], [ 20.496635979574325, 54.155836784605427 ], [ 20.517823378348272, 54.155780257650939 ], [ 20.539007572010302, 54.155637154952082 ], [ 20.560188515297607, 54.155409775970732 ], [ 20.581366169578715, 54.155100469630646 ], [ 20.602540502514636, 54.154711622315332 ], [ 20.623711487711276, 54.154245646590283 ], [ 20.644879104363611, 54.153704970596387 ], [ 20.666043336892056, 54.153092028062652 ], [ 20.687204174571143, 54.152409248886428 ], [ 20.708361611152338, 54.151659050275043 ], [ 20.729515644481868, 54.150843828420399 ], [ 20.750666276115414, 54.149965950703944 ], [ 20.771813510932397, 54.149027748451061 ], [ 20.792957356751909, 54.148031510236194 ], [ 20.814097823953659, 54.146979475769015 ], [ 20.835234925107237, 54.145873830390293 ], [ 20.85636867461352, 54.14471670021215 ], [ 20.877499088362331, 54.143510147943118 ], [ 20.898626183410418, 54.142256169433182 ], [ 20.919749977685015, 54.140956690996234 ], [ 20.930221737179945, 54.140291539618076 ], [ 20.940871222124681, 54.139629226006811 ], [ 20.961990003427765, 54.138276487169456 ], [ 20.983105628728119, 54.136884758673105 ], [ 21.004218116194274, 54.135455622889239 ], [ 21.02532748390675, 54.133990594097277 ], [ 21.046433749820039, 54.13249112125564 ], [ 21.067536931782563, 54.130958591764816 ], [ 21.088637047618874, 54.129394336237716 ], [ 21.109734115278641, 54.12779963429611 ], [ 21.13082815305663, 54.126175721405332 ], [ 21.144602475809734, 54.125098318407716 ], [ 21.151919874440303, 54.124537195853847 ], [ 21.173009970626701, 54.122897665940997 ], [ 21.194097171762685, 54.121233110885207 ], [ 21.215181500040604, 54.119544637187104 ], [ 21.236262980198866, 54.117833356795224 ], [ 21.257341640221963, 54.11610039976059 ], [ 21.278417512133387, 54.114346927884888 ], [ 21.299490632883295, 54.112574149335842 ], [ 21.320561045335054, 54.110783334242029 ], [ 21.328336100039063, 54.110118659085238 ], [ 21.34163026051807, 54.109001748485305 ], [ 21.362697776063257, 54.107220295405341 ], [ 21.383762814553585, 54.105425405067606 ], [ 21.404825451402822, 54.103618711887911 ], [ 21.425885774032476, 54.101801999384335 ], [ 21.446943883460197, 54.099977220807816 ], [ 21.46799989600731, 54.098146520733209 ], [ 21.489053945130863, 54.096312257643504 ], [ 21.503804365204388, 54.095029305982742 ], [ 21.510106902161784, 54.094488926393922 ], [ 21.53115990299839, 54.092694886391499 ], [ 21.552211482517144, 54.090905542915102 ], [ 21.573261856281125, 54.089124245146444 ], [ 21.594311267303659, 54.087354674114231 ], [ 21.615359988667635, 54.085600871083258 ], [ 21.636408326311276, 54.083867267210245 ], [ 21.657456621989088, 54.082158714529442 ], [ 21.678505256416649, 54.080480518324393 ], [ 21.692596753730829, 54.07938480126306 ], [ 21.699555337074774, 54.078849011665653 ], [ 21.720607950833031, 54.077279710265472 ], [ 21.741662238915396, 54.075758150669586 ], [ 21.76271875671954, 54.074291590741609 ], [ 21.783778115953801, 54.072887910883779 ], [ 21.80484098902452, 54.071555655614233 ], [ 21.825908113677777, 54.070304076956567 ], [ 21.846980297903972, 54.069143179650773 ], [ 21.868058425112686, 54.068083768179143 ], [ 21.889143459582538, 54.067137495553894 ], [ 21.910236452189306, 54.066316913795539 ], [ 21.931338546412292, 54.065635525978735 ], [ 21.952450984616402, 54.065107839691343 ], [ 21.973575114602024, 54.064749421679508 ], [ 21.994712396410918, 54.064576953399403 ], [ 22.015864409370778, 54.064608287133787 ], [ 22.037032859353726, 54.064862502234455 ], [ 22.05821958621722, 54.065359960978249 ], [ 22.07942657138695, 54.066122363420817 ], [ 22.100655945531724, 54.067172800526208 ], [ 22.12190999626938, 54.068535804734772 ], [ 22.126378240897303, 54.068885572775649 ], [ 22.143194335953421, 54.070279196000868 ], [ 22.164509800448926, 54.072406175079024 ], [ 22.185858358722239, 54.074934609011308 ], [ 22.20724298702612, 54.077894901212673 ], [ 22.20957631100622, 54.078259633573353 ], [ 22.228672838728588, 54.081396101115622 ], [ 22.250146480379328, 54.085408927139433 ], [ 22.264204850938643, 54.088355753166582 ], [ 22.271669547333996, 54.089994580411521 ], [ 22.293248641895907, 54.095224744926881 ], [ 22.306493362452514, 54.098767403081681 ], [ 22.31488570393455, 54.101110691352041 ], [ 22.336586926292586, 54.107716206007233 ], [ 22.341596213162713, 54.109364364347655 ], [ 22.358358237664575, 54.115099987064781 ], [ 22.371879457513121, 54.120086546086448 ], [ 22.380201556057045, 54.123269797483019 ], [ 22.398864876852905, 54.130894547211447 ], [ 22.402121879061252, 54.132270590656113 ], [ 22.423333695403539, 54.141768325097608 ], [ 22.424123110501448, 54.142132709238297 ], [ 22.445856313183072, 54.152693054017362 ], [ 22.446207740612049, 54.152868506365884 ], [ 22.46685824211713, 54.163657547540822 ], [ 22.468376582886165, 54.164469794228197 ], [ 22.486662905267849, 54.174653215801875 ], [ 22.490628600303847, 54.176906473676659 ], [ 22.505520246526373, 54.185673357600457 ], [ 22.512960846611708, 54.190126594204862 ], [ 22.523626350151176, 54.196712668393552 ], [ 22.535368536151402, 54.204057934574259 ], [ 22.541137199931388, 54.20776689115408 ], [ 22.557845240270073, 54.218611006431921 ], [ 22.558178520644283, 54.218832564000792 ], [ 22.574747638653466, 54.229909961988888 ], [ 22.580384342918748, 54.233696477130323 ], [ 22.591038726964108, 54.240993484377135 ], [ 22.60297532913113, 54.249182671327169 ], [ 22.607130424641657, 54.252080886185475 ], [ 22.623042970272742, 54.263171637305092 ], [ 22.62560910930517, 54.264957651334385 ], [ 22.638811160278529, 54.27426475645094 ], [ 22.648276108900362, 54.280906993473877 ], [ 22.654550485067602, 54.285356795572547 ], [ 22.670290360810846, 54.296446870357343 ], [ 22.67096690972333, 54.296921101604262 ], [ 22.685997734653142, 54.307535992846766 ], [ 22.693673346464838, 54.312907294460146 ], [ 22.701792277703358, 54.318620499734308 ], [ 22.716387882276084, 54.328782336523055 ], [ 22.717700308897047, 54.329699546693966 ], [ 22.733690380404507, 54.340774065296465 ], [ 22.739104456648239, 54.344481459522193 ], [ 22.749837736222421, 54.351841683911893 ], [ 22.761052330578124, 54.351581864940641 ], [ 22.783095673871429, 54.362371483188717 ], [ 22.783359326761261, 54.362499937701031 ], [ 22.804621181005341, 54.361997052408491 ], [ 22.826276342296506, 54.372577814733702 ], [ 22.827575303268919, 54.384105839295721 ], [ 22.828879926001822, 54.395633669037771 ], [ 22.829071841675354, 54.395726968726279 ], [ 22.851152801090695, 54.406493734519891 ], [ 22.851420091746, 54.406623557399058 ], [ 22.872703021352812, 54.406104807663652 ], [ 22.873228306239302, 54.405786766854774 ], [ 22.892902507634535, 54.394166724403092 ], [ 22.914177289148626, 54.393632224535857 ], [ 22.935451005147289, 54.393090569017986 ], [ 22.95672364924534, 54.392541797053987 ], [ 22.958526722267628, 54.391447117024796 ], [ 22.976889234417317, 54.380566430100508 ], [ 22.998153700009425, 54.380002453167116 ], [ 23.000646436088388, 54.378486820329513 ], [ 22.999725391152701, 54.366947351369781 ], [ 22.998800165151881, 54.355408011013864 ], [ 23.016066175750534, 54.345150418111359 ], [ 23.037310449472077, 54.344569520908301 ], [ 23.058553636621017, 54.343981886253047 ], [ 23.062272771591061, 54.341714752058522 ], [ 23.058132398112917, 54.33971247563057 ], [ 23.039861442675925, 54.33089801384677 ], [ 23.038906791590698, 54.319359763751187 ], [ 23.055171461264266, 54.30967067572503 ], [ 23.059383844924422, 54.307101058349815 ], [ 23.075263271286065, 54.297630185565069 ], [ 23.096480335934853, 54.297025619373564 ], [ 23.113472833389181, 54.305265766865986 ], [ 23.118840586542756, 54.307859697798705 ], [ 23.140061444569145, 54.307243106935296 ], [ 23.145066295727695, 54.304182474071347 ], [ 23.16012498889792, 54.295173430522297 ], [ 23.16546034564054, 54.291907894675582 ], [ 23.180176047304901, 54.283093285435946 ], [ 23.201381675857856, 54.282456261053788 ], [ 23.207207484893914, 54.278885279874807 ], [ 23.221413209016376, 54.270358980936479 ], [ 23.227537473949329, 54.266601857084275 ], [ 23.241432296668631, 54.258251704689307 ], [ 23.262622714971258, 54.257595108161418 ], [ 23.283812025972324, 54.256932555013535 ], [ 23.305000226697114, 54.256264095646976 ], [ 23.326187314281686, 54.25558978052495 ], [ 23.333201668809881, 54.251272231480243 ], [ 23.346165795806886, 54.243447015988984 ], [ 23.353432790363691, 54.238970154864049 ], [ 23.366131892806294, 54.231295045836553 ], [ 23.373640686321163, 54.226665292161499 ], [ 23.3860856229375, 54.219134029432816 ], [ 23.393825660563582, 54.214357643098936 ], [ 23.392703612852635, 54.202826583740951 ], [ 23.404804126921913, 54.195490262689397 ], [ 23.412855126509221, 54.190516631154964 ], [ 23.41171862015624, 54.178986179164596 ], [ 23.423500298759805, 54.171829724846205 ], [ 23.444639321239745, 54.171118848825657 ], [ 23.465777227245741, 54.170402586941151 ], [ 23.474342219543619, 54.165099177656217 ], [ 23.485669386885842, 54.158198626030867 ], [ 23.49441694130698, 54.152777592780055 ], [ 23.493241779966702, 54.141248943983669 ], [ 23.492063162993741, 54.129720415969466 ], [ 23.49088110367174, 54.118192008163533 ], [ 23.501803340736753, 54.111517413380618 ], [ 23.510903815120123, 54.105869074111204 ], [ 23.509708157927633, 54.094341263247102 ], [ 23.508509142260262, 54.082813569936448 ], [ 23.519150629078567, 54.076293613919105 ], [ 23.528491124456693, 54.070488798240653 ], [ 23.527278814273551, 54.058961695474018 ], [ 23.526063256351033, 54.047434706562328 ], [ 23.52484448819655, 54.035907830012881 ], [ 23.523622553010085, 54.024381064118721 ], [ 23.512952454157986, 54.01924674390402 ], [ 23.501246239006953, 54.013649809797876 ], [ 23.50002468346797, 54.002122900787334 ], [ 23.489415803952443, 53.997011631439875 ], [ 23.477658549986536, 53.991387161257663 ], [ 23.476437614761071, 53.979860099025466 ], [ 23.486875846214144, 53.973434129716402 ], [ 23.496342252357355, 53.967542785499759 ], [ 23.506665422295463, 53.961178681826141 ], [ 23.516227728174044, 53.955222664039468 ], [ 23.514985444938372, 53.943696601952496 ], [ 23.513740623054076, 53.932170626242254 ], [ 23.512493386927993, 53.92064473215401 ], [ 23.511243873474314, 53.909118914464621 ], [ 23.509992232719213, 53.897593167460229 ], [ 23.520199331611657, 53.891273530038369 ], [ 23.529815227460965, 53.885272420557989 ], [ 23.528553380055939, 53.873747158160143 ], [ 23.527289934238027, 53.862221946755248 ], [ 23.53743673787783, 53.855924737662782 ], [ 23.547079447227549, 53.849899186587514 ], [ 23.545807005615064, 53.838374417442779 ], [ 23.544533617970348, 53.826849674758456 ], [ 23.54325953213646, 53.815324949081855 ], [ 23.541985009728531, 53.8038002304434 ], [ 23.540710325241804, 53.79227550839078 ], [ 23.539435764863452, 53.780750772034573 ], [ 23.538161624971654, 53.769226010105434 ], [ 23.548385276031073, 53.762855439475203 ], [ 23.557888401534214, 53.756902932270897 ], [ 23.568057029115881, 53.750559899084308 ], [ 23.57760085959794, 53.744576927390952 ], [ 23.576316967480654, 53.733052754113494 ], [ 23.586458076793303, 53.726718955837214 ], [ 23.596010810571752, 53.720724107472229 ], [ 23.594724178727265, 53.709200144076327 ], [ 23.593439835631848, 53.697676083348817 ], [ 23.592158088361685, 53.686151913502385 ], [ 23.590879232480898, 53.6746276231991 ], [ 23.601056175752475, 53.668262311748414 ], [ 23.610545564663326, 53.662297028008624 ], [ 23.609266999283221, 53.650772830688375 ], [ 23.607992118308935, 53.639248481997392 ], [ 23.606721137418294, 53.62772397365233 ], [ 23.616882155302662, 53.621363518654391 ], [ 23.62636898758641, 53.61539097492517 ], [ 23.625100118750176, 53.6038664880464 ], [ 23.623835634302186, 53.592341822305436 ], [ 23.633941578007356, 53.586012276888979 ], [ 23.643469738466564, 53.580006128329352 ], [ 23.6422081304991, 53.568481453192263 ], [ 23.64095108056345, 53.556956591924369 ], [ 23.65097585616326, 53.550675066941125 ], [ 23.660572409534243, 53.544618168142719 ], [ 23.659318355770161, 53.533093291408619 ], [ 23.658068696997844, 53.52156823436745 ], [ 23.667985101854644, 53.515352022024196 ], [ 23.677677237640694, 53.509227084155832 ], [ 23.676430039223611, 53.497702031250576 ], [ 23.675186758489929, 53.486176816225026 ], [ 23.684969248932443, 53.480041663824331 ], [ 23.694781553596155, 53.473832980448819 ], [ 23.693539625499998, 53.462307812004241 ], [ 23.692300889438179, 53.450782509534733 ], [ 23.701928076434882, 53.444741132943456 ], [ 23.711880209442146, 53.438436060812499 ], [ 23.71064130417874, 53.426910864375053 ], [ 23.720137393402336, 53.42094745568437 ], [ 23.730206517681921, 53.414561646936477 ], [ 23.728966315118814, 53.403036601481801 ], [ 23.727727810924833, 53.391511480488226 ], [ 23.73704734175513, 53.385653466238963 ], [ 23.747273698102465, 53.379159816240673 ], [ 23.74603211377935, 53.367634917638675 ], [ 23.7552137573438, 53.36185794814601 ], [ 23.765561209848983, 53.355280606276253 ], [ 23.764315408876428, 53.343755976649618 ], [ 23.763069819182366, 53.332231330592094 ], [ 23.772073775650661, 53.326558557684294 ], [ 23.782575603156484, 53.31987475114299 ], [ 23.781324218628153, 53.308350438968823 ], [ 23.780072285276482, 53.29682614089468 ], [ 23.788906899164456, 53.291251276326001 ], [ 23.799552707694001, 53.284467388703163 ], [ 23.798293659343365, 53.272943479872701 ], [ 23.807005817014129, 53.267438259869039 ], [ 23.817753733106318, 53.260582254655354 ], [ 23.816486864554257, 53.249058766014898 ], [ 23.82508466583117, 53.243617809443791 ], [ 23.835926002269087, 53.236695102105692 ], [ 23.844445161171738, 53.231298030091118 ], [ 23.855350756531493, 53.224328628796073 ], [ 23.854068485756848, 53.212805986436727 ], [ 23.862487824259325, 53.207463732664365 ], [ 23.8734716765297, 53.200437119450221 ], [ 23.872180408648219, 53.188914953271215 ], [ 23.880510368430357, 53.183620779156414 ], [ 23.901142687062819, 53.182798033828078 ], [ 23.912234188735862, 53.175691037974993 ], [ 23.910928426610685, 53.164169703797654 ], [ 23.909620590840106, 53.152648447673293 ], [ 23.90831064350429, 53.14112727109837 ], [ 23.906998559685974, 53.129606175031007 ], [ 23.894373608714531, 53.123458887256469 ], [ 23.885037964170973, 53.118936126420373 ], [ 23.883726770057212, 53.107414849586128 ], [ 23.88241343273199, 53.095893652820045 ], [ 23.881097975969865, 53.08437253507249 ], [ 23.879780434386628, 53.072851494848607 ], [ 23.888021536059728, 53.067582972145942 ], [ 23.899081306309796, 53.060481280473418 ], [ 23.897754558739109, 53.048960733901502 ], [ 23.905971645968837, 53.043698645555068 ], [ 23.917033814358337, 53.036588184154589 ], [ 23.915698104418215, 53.025068124167966 ], [ 23.923901834935908, 53.019805792202732 ], [ 23.934956022201199, 53.012693238732908 ], [ 23.933611647473665, 53.001173655902676 ], [ 23.932265669786648, 52.989654131531857 ], [ 23.930918193167315, 52.978134661230726 ], [ 23.93917269904556, 52.972826157054797 ], [ 23.950141757844097, 52.96575824833036 ], [ 23.948786376057143, 52.954239226862462 ], [ 23.936356524244122, 52.948167470397586 ], [ 23.926867936745015, 52.94357652561942 ], [ 23.925515672381788, 52.932057220784195 ], [ 23.924162553253808, 52.920537942958902 ], [ 23.922808731406139, 52.909018685777738 ], [ 23.921454365891684, 52.897499442587829 ], [ 23.920099622342036, 52.885980206467437 ], [ 23.918744672465699, 52.874460970246936 ], [ 23.917389693466816, 52.862941726533172 ], [ 23.916034867378496, 52.851422467737351 ], [ 23.924711892025506, 52.84581944957182 ], [ 23.935193322143505, 52.839050186103258 ], [ 23.933833710788285, 52.827531247640273 ], [ 23.932474768711611, 52.816012272589084 ], [ 23.931116687326064, 52.804493252957506 ], [ 23.93992759453214, 52.798793881214813 ], [ 23.950247881056818, 52.792119192856106 ], [ 23.948886260280606, 52.78060044298433 ], [ 23.947526018709706, 52.769081626777329 ], [ 23.946167342342765, 52.757562736455561 ], [ 23.944810412988154, 52.746043764419703 ], [ 23.943455406850383, 52.73452470330956 ], [ 23.942102493078856, 52.723005546064478 ], [ 23.940751832295522, 52.711486285984648 ], [ 23.92940624586619, 52.705909298161963 ], [ 23.918963505488186, 52.700818785792265 ], [ 23.907713037401766, 52.695283664089921 ], [ 23.897188627200098, 52.690146885112796 ], [ 23.886030118498191, 52.684652155520382 ], [ 23.875427511532443, 52.679470576885898 ], [ 23.864357467075095, 52.67401459562339 ], [ 23.853680431380141, 52.668789855969187 ], [ 23.842695063991695, 52.663370830675383 ], [ 23.831947611956931, 52.658104719365269 ], [ 23.821042893389958, 52.65272073374819 ], [ 23.810229225121155, 52.647415166409495 ], [ 23.799400942976927, 52.642064207950689 ], [ 23.788525384765265, 52.636721198908234 ], [ 23.787242028391759, 52.625198154345469 ], [ 23.776512888169986, 52.619889813213668 ], [ 23.765562324621584, 52.614499251563196 ], [ 23.754897304823871, 52.609217992325462 ], [ 23.734536347138928, 52.610055589280648 ], [ 23.714174417371947, 52.610889926336156 ], [ 23.693811518723578, 52.611720997507987 ], [ 23.673447654292364, 52.61254879574787 ], [ 23.653082827069202, 52.613373312868184 ], [ 23.641904617389617, 52.607845638171568 ], [ 23.631498804788002, 52.602673792486115 ], [ 23.611137302170725, 52.603490754815709 ], [ 23.599881774700016, 52.597914209596212 ], [ 23.589567806168549, 52.59278064813364 ], [ 23.569209644816723, 52.593590045096541 ], [ 23.557881918306972, 52.587967218484906 ], [ 23.547654703915093, 52.582869529437971 ], [ 23.536294374892925, 52.577223799536533 ], [ 23.526110040072602, 52.572143035789793 ], [ 23.514720165731873, 52.56647607952933 ], [ 23.504575671075898, 52.561410759896674 ], [ 23.484229495520317, 52.56220419413026 ], [ 23.47277926852745, 52.556497284653751 ], [ 23.471610248484776, 52.544967816433598 ], [ 23.461537893821721, 52.539929714793345 ], [ 23.450073756232378, 52.534207313974782 ], [ 23.440034524485384, 52.529181391686777 ], [ 23.428549048430416, 52.523442590998556 ], [ 23.418541526744345, 52.518428168053191 ], [ 23.407035740644446, 52.512673666830658 ], [ 23.397058918489424, 52.507670263132837 ], [ 23.385533466312385, 52.501900559858512 ], [ 23.384391833038389, 52.490369544080174 ], [ 23.374439811040851, 52.485372650525669 ], [ 23.36290601401225, 52.479591931837568 ], [ 23.361770141385922, 52.468060565034726 ], [ 23.351844089588866, 52.463070799327575 ], [ 23.340299780716357, 52.457278491260197 ], [ 23.339168962108218, 52.445746800535595 ], [ 23.329271806814646, 52.44076566633494 ], [ 23.317713271276418, 52.434960300496215 ], [ 23.316586969842557, 52.423428306348832 ], [ 23.315460125313045, 52.4118963202611 ], [ 23.30559764890695, 52.406925207825367 ], [ 23.294023242342263, 52.401105122608982 ], [ 23.284197652406551, 52.396148302294911 ], [ 23.272595427349575, 52.390309840608225 ], [ 23.271477253117183, 52.378777274457732 ], [ 23.261695769978978, 52.373836879173815 ], [ 23.250063075168153, 52.367977620453281 ], [ 23.248948836243272, 52.356444773676515 ], [ 23.239217308202193, 52.351523813175149 ], [ 23.227548339787017, 52.345640751341875 ], [ 23.226438129442403, 52.334107621058379 ], [ 23.216762213580804, 52.329209018747548 ], [ 23.205051495766234, 52.323299229246885 ], [ 23.203945502470418, 52.31176580924064 ], [ 23.194330420399659, 52.30689227793205 ], [ 23.182573005810898, 52.300953043684281 ], [ 23.181471478113689, 52.289419325720182 ], [ 23.192038383854548, 52.282664511043038 ], [ 23.200625351565687, 52.277165550847698 ], [ 23.199518136680378, 52.265632123782986 ], [ 23.198410787177075, 52.254098688798614 ], [ 23.197303369812669, 52.242565243490979 ], [ 23.196195948417003, 52.231031785562372 ], [ 23.206794386747962, 52.224243321249695 ], [ 23.226996831370091, 52.223537506871708 ], [ 23.247198439648646, 52.222828282026562 ], [ 23.255773118364978, 52.217321859303588 ], [ 23.266291000352723, 52.210571698443211 ], [ 23.27796686146073, 52.216518033776858 ], [ 23.287599119205069, 52.221399477076446 ], [ 23.296225337304556, 52.215853587091601 ], [ 23.306679555865102, 52.209136500802671 ], [ 23.326872542059878, 52.208413624379283 ], [ 23.347064658313208, 52.207687195103183 ], [ 23.367255898060293, 52.206957188853941 ], [ 23.375963548584075, 52.20134487704459 ], [ 23.386307544703868, 52.194681040712744 ], [ 23.395019338557905, 52.189061649542822 ], [ 23.405348641886604, 52.182401525624783 ], [ 23.414063743094598, 52.176775590004723 ], [ 23.424379198567046, 52.170118662502603 ], [ 23.435879742296706, 52.175955751785359 ], [ 23.445704090556355, 52.180917311450848 ], [ 23.454466950089429, 52.175254043928341 ], [ 23.464722456369717, 52.168627716261312 ], [ 23.47616951410583, 52.174430990739864 ], [ 23.486055914169771, 52.17941840236314 ], [ 23.506230451745854, 52.178663398219669 ], [ 23.51506189149903, 52.172945962556327 ], [ 23.50514553198693, 52.167946735505154 ], [ 23.493680107077456, 52.162189884191413 ], [ 23.492495684618486, 52.150660985653637 ], [ 23.502727599465466, 52.144038507195852 ], [ 23.511493063370885, 52.138360234513449 ], [ 23.521714396398181, 52.13173894709157 ], [ 23.541866349607584, 52.130977746133432 ], [ 23.550652545488653, 52.125278322049937 ], [ 23.560836539625189, 52.118671512003395 ], [ 23.58098145307461, 52.117903163721998 ], [ 23.601125425162021, 52.117131066212835 ], [ 23.609949989309875, 52.111395703604742 ], [ 23.608736682660119, 52.09986863083364 ], [ 23.618878150343733, 52.093274185754993 ], [ 23.627676096528283, 52.087550477124914 ], [ 23.63781078657393, 52.080954917238635 ], [ 23.646604454890653, 52.075229530481359 ], [ 23.645382952714577, 52.063703003417977 ], [ 23.655530300572718, 52.057092319304012 ], [ 23.664295941643164, 52.051379557336119 ], [ 23.663070776291303, 52.03985328259165 ], [ 23.661846288389384, 52.028326970312037 ], [ 23.660622443477386, 52.016800621848247 ], [ 23.670821495827838, 52.010146609445535 ], [ 23.679511465905613, 52.004475262624638 ], [ 23.678283833347876, 51.992949172646576 ], [ 23.677056715452999, 51.98142305153921 ], [ 23.675830044836182, 51.969896901965491 ], [ 23.666116615397783, 51.964998045713457 ], [ 23.654511042171336, 51.959168408374708 ], [ 23.644852869391549, 51.954293237655207 ], [ 23.633200449294662, 51.948435855062044 ], [ 23.64354723799163, 51.94168048733296 ], [ 23.652068838528365, 51.936115354018561 ], [ 23.642470003367997, 51.931267105537543 ], [ 23.630768047285581, 51.925382132962142 ], [ 23.621228341768017, 51.920559618668321 ], [ 23.609475193711184, 51.914644876194842 ], [ 23.619918472819855, 51.90782543350835 ], [ 23.628335455570749, 51.902328374307238 ], [ 23.6271188310713, 51.890801491346252 ], [ 23.625901842203564, 51.879274611643467 ], [ 23.616496596422017, 51.874514135606979 ], [ 23.604626357296965, 51.868536109615462 ], [ 23.615175866177253, 51.861639736842861 ], [ 23.623466313830185, 51.856220879892412 ], [ 23.614135893550639, 51.851495334369403 ], [ 23.602198650498959, 51.845481787787477 ], [ 23.600983558181312, 51.833954658442011 ], [ 23.611626326152855, 51.826991029950207 ], [ 23.619807338563671, 51.821640421929978 ], [ 23.630452872777184, 51.814668819534631 ], [ 23.638619570980715, 51.809323449419516 ], [ 23.637392218862075, 51.797797031404073 ], [ 23.636163522131131, 51.786270655230702 ], [ 23.627065312741152, 51.781656613704371 ], [ 23.614912670690256, 51.775533617025673 ], [ 23.605901436133919, 51.770959785702857 ], [ 23.593667440541008, 51.764792643417245 ], [ 23.58474776717161, 51.760261426419355 ], [ 23.564765910780515, 51.761060196501226 ], [ 23.552411314646076, 51.75482629003416 ], [ 23.543626648894097, 51.750357435760201 ], [ 23.531179655385788, 51.744073793053161 ], [ 23.529963511729264, 51.732546204082716 ], [ 23.541103612831655, 51.725245923427138 ], [ 23.548749777332322, 51.720244429514423 ], [ 23.547524420004464, 51.708717306484012 ], [ 23.546296348177222, 51.697190276555958 ], [ 23.545065376994284, 51.685663346814493 ], [ 23.543831314851335, 51.67413652459998 ], [ 23.542593963206397, 51.662609817516135 ], [ 23.541353116434159, 51.651083233435223 ], [ 23.540108561729564, 51.639556780501572 ], [ 23.538860079067053, 51.628030467132767 ], [ 23.53760744122091, 51.616504302018541 ], [ 23.536350413852677, 51.604978294117082 ], [ 23.548277436148119, 51.597118123637564 ], [ 23.555046233139915, 51.592678111452265 ], [ 23.553775618594727, 51.581152747174393 ], [ 23.552499883840646, 51.569627568994093 ], [ 23.564697488643638, 51.561571641406431 ], [ 23.57116272785705, 51.557325786414225 ], [ 23.569871931438463, 51.545801314354208 ], [ 23.568575225052857, 51.534277059757727 ], [ 23.581090412380103, 51.525992667620585 ], [ 23.600973694266038, 51.525242532298776 ], [ 23.607132109645612, 51.521191177705354 ], [ 23.605814766896689, 51.509668004444677 ], [ 23.618500572465543, 51.501251405682595 ], [ 23.624410558573224, 51.497359735429164 ], [ 23.637189905763627, 51.488871212776488 ], [ 23.657055588939915, 51.488112873744861 ], [ 23.662903089322363, 51.484257253063561 ], [ 23.675728538335775, 51.475723344269539 ], [ 23.681460504853941, 51.471941025511228 ], [ 23.675003507636458, 51.468646052440391 ], [ 23.66019491861092, 51.461214647224644 ], [ 23.653988305741599, 51.458044767547115 ], [ 23.638927879347925, 51.450484589936124 ], [ 23.652309817590357, 51.441568607690257 ], [ 23.672154767171399, 51.44081031566386 ], [ 23.677351065049344, 51.437379414254657 ], [ 23.675964683464031, 51.425859512312435 ], [ 23.689607629479976, 51.416747729107421 ], [ 23.69445610419422, 51.413543413461447 ], [ 23.693047968793753, 51.402024519460433 ], [ 23.687824911056147, 51.399355707051633 ], [ 23.67175187739598, 51.391301866681751 ], [ 23.670328848476245, 51.379783372223216 ], [ 23.668896042867555, 51.36826525352452 ], [ 23.664524165030851, 51.366028103271169 ], [ 23.647585348399307, 51.357539059250129 ], [ 23.646136539304635, 51.346021374954752 ], [ 23.644677489377358, 51.334504082214877 ], [ 23.641264681069377, 51.332755153351386 ], [ 23.623351608311008, 51.323774347166761 ], [ 23.639276206877149, 51.313092358459663 ], [ 23.641728346668462, 51.311470682894928 ], [ 23.640238220902873, 51.299954576995205 ], [ 23.638737804346306, 51.28843886338074 ], [ 23.655500093983772, 51.27717011889942 ], [ 23.674270096581324, 51.287022779960949 ], [ 23.676468330812572, 51.288149500635193 ], [ 23.678420271760753, 51.286856672345401 ], [ 23.695048302653372, 51.275664377042389 ], [ 23.696735035304432, 51.274546361735958 ], [ 23.713617532456162, 51.263169967481801 ], [ 23.715028744562872, 51.262233870471817 ], [ 23.713478483246114, 51.250720854461981 ], [ 23.730967734981334, 51.238916966569491 ], [ 23.731735824890631, 51.238406987614233 ], [ 23.730160536199147, 51.226895143572435 ], [ 23.728575856641406, 51.215383662589666 ], [ 23.728474641490738, 51.214649060028769 ], [ 23.720578728364398, 51.215707239302994 ], [ 23.70891726204043, 51.217259375617324 ], [ 23.689358094505288, 51.219872699018161 ], [ 23.66979832432968, 51.222500765228219 ], [ 23.650237850805542, 51.22514276796317 ], [ 23.630676564760233, 51.227797803462956 ], [ 23.61111434789402, 51.230464861846556 ], [ 23.598849830773876, 51.232139759295436 ], [ 23.591549780442694, 51.23312986790279 ], [ 23.571981710459717, 51.235781206343731 ], [ 23.552412070579127, 51.238438252865514 ], [ 23.532840689491415, 51.241099349282571 ], [ 23.513267382574107, 51.243762673452821 ], [ 23.493691950868609, 51.246426225278505 ], [ 23.479492227183069, 51.248352903049891 ], [ 23.474113198674271, 51.249077719399928 ], [ 23.45452917942762, 51.251696902712197 ], [ 23.434942128242167, 51.25430654973065 ], [ 23.415351772778642, 51.256903707013528 ], [ 23.3957578205267, 51.259485158204392 ], [ 23.376159957252089, 51.262047401866823 ], [ 23.356671763894131, 51.264571755205054 ], [ 23.35655782483898, 51.264586411188198 ], [ 23.336947557887683, 51.267060895832081 ], [ 23.31733212326581, 51.269501600960375 ], [ 23.297711107002488, 51.271903650508044 ], [ 23.278084065322599, 51.274261759532216 ], [ 23.258450522322015, 51.276570199662288 ], [ 23.238809967428342, 51.27882276123988 ], [ 23.219161852624229, 51.28101271178636 ], [ 23.216647091217759, 51.281281939644956 ], [ 23.19950293945886, 51.283103743498884 ], [ 23.179834842314559, 51.285112239506489 ], [ 23.160157279767155, 51.287033941369408 ], [ 23.14046955256363, 51.288859870787626 ], [ 23.120770911078701, 51.29058031592573 ], [ 23.101060551227445, 51.292184767581368 ], [ 23.081337609991383, 51.293661849045449 ], [ 23.061601160517601, 51.294999238962276 ], [ 23.041850206746133, 51.296183586415509 ], [ 23.022083677515905, 51.297200417372565 ], [ 23.002300420093547, 51.298034031515293 ], [ 22.982499193063465, 51.298667388364279 ], [ 22.962678658509766, 51.299081981467495 ], [ 22.942837373412836, 51.299257699267777 ], [ 22.922973780173638, 51.299172671084222 ], [ 22.903086196168175, 51.298803096436082 ], [ 22.883172802222081, 51.298123055699882 ], [ 22.863231629881202, 51.297104299814762 ], [ 22.843260547337284, 51.2957160164312 ], [ 22.830382785412997, 51.29457586077482 ], [ 22.82325359626067, 51.293880716453174 ], [ 22.803203134202924, 51.291498870405746 ], [ 22.783112259108638, 51.288599282069477 ], [ 22.763265211507644, 51.285182702886182 ], [ 22.762977221379501, 51.285127668462479 ], [ 22.742768934664078, 51.280717176352958 ], [ 22.722503130186297, 51.275546437599573 ], [ 22.720519356047365, 51.2749782850684 ], [ 22.702132793523862, 51.269018249089008 ], [ 22.689556241976899, 51.264387178591704 ], [ 22.68165103812602, 51.261023009446006 ], [ 22.665960739449613, 51.253557207586361 ], [ 22.660995265069445, 51.250747570783709 ], [ 22.647867234135212, 51.242551016596423 ], [ 22.640034378259617, 51.236491563875155 ], [ 22.634012735110719, 51.231410393904675 ], [ 22.623719912286113, 51.220157817265054 ], [ 22.618265773915223, 51.211776101773182 ], [ 22.616466314516352, 51.208810368480634 ], [ 22.612044920509945, 51.197374988663135 ], [ 22.610089698383227, 51.18586328567698 ], [ 22.61044895540833, 51.174280050642714 ], [ 22.612985732912481, 51.162629478429523 ], [ 22.614182023988793, 51.159658467012015 ], [ 22.617704239962691, 51.150911278256451 ], [ 22.624450650510354, 51.139129939934854 ], [ 22.631595639982471, 51.129365873872338 ], [ 22.633112665695485, 51.127288587282131 ], [ 22.643800196359301, 51.115383347325917 ], [ 22.649821821606285, 51.109654707603482 ], [ 22.656350982407417, 51.103418725798988 ], [ 22.668309306599703, 51.093431899492209 ], [ 22.670735516640793, 51.091395031701225 ], [ 22.686951523536184, 51.079311641114806 ], [ 22.704993749294037, 51.067167939113489 ], [ 22.705705836050466, 51.066731871972117 ], [ 22.72452739996109, 51.055112955355938 ], [ 22.724763177754731, 51.054966219704298 ], [ 22.743408172316784, 51.044341773727425 ], [ 22.746248569161764, 51.042705947547077 ], [ 22.762328413298903, 51.034162966806008 ], [ 22.769346642544765, 51.030389492051 ], [ 22.781277105975061, 51.024432943090659 ], [ 22.793954518795797, 51.018019222343391 ], [ 22.800246137003271, 51.015046232263877 ], [ 22.819231827602376, 51.005953237011212 ], [ 22.819969359137595, 51.005597532514393 ], [ 22.838249003741769, 50.997329244072652 ], [ 22.847394517294493, 50.993123353601995 ], [ 22.857270715531705, 50.988842995722216 ], [ 22.875945382701378, 50.980605130820685 ], [ 22.876294207542525, 50.980459480045873 ], [ 22.895343021995579, 50.972458222963034 ], [ 22.905660033475741, 50.968040747468748 ], [ 22.914388376348224, 50.964491930477983 ], [ 22.933434928383758, 50.956615156715294 ], [ 22.936248833689518, 50.955439074881539 ], [ 22.952495030239028, 50.948972046696902 ], [ 22.967657376362173, 50.942801263754845 ], [ 22.971545595218789, 50.941288807297276 ], [ 22.990605623575661, 50.933787598900381 ], [ 22.999719245779104, 50.930132348472021 ], [ 23.00966178807084, 50.926311136407058 ], [ 23.028712713963198, 50.918843147192618 ], [ 23.032251511231859, 50.917438107026364 ], [ 23.047770226235784, 50.911519581413138 ], [ 23.065149943242659, 50.904721772183095 ], [ 23.06681308591395, 50.904095091306765 ], [ 23.085865026653273, 50.896841737336693 ], [ 23.098312982014374, 50.891986597869035 ], [ 23.104903833204975, 50.889504889999607 ], [ 23.123940924225494, 50.882214733247231 ], [ 23.13156751153916, 50.87923848985703 ], [ 23.142972966618139, 50.874933086257919 ], [ 23.161993165933985, 50.867583625457435 ], [ 23.164808401279508, 50.86648112363018 ], [ 23.18101610945914, 50.860330016990517 ], [ 23.197972997439336, 50.853716765817595 ], [ 23.200021094081904, 50.852940877063098 ], [ 23.21902924999765, 50.845651754344402 ], [ 23.230992856478114, 50.84094796569984 ], [ 23.238022216241156, 50.838258987596369 ], [ 23.25700868550561, 50.830859241479622 ], [ 23.263757436873565, 50.828178892089305 ], [ 23.275988021968214, 50.823445614061662 ], [ 23.294950977530416, 50.8159175943603 ], [ 23.296209394750086, 50.815411876490117 ], [ 23.31391526897027, 50.808468569825941 ], [ 23.3283679858732, 50.802646466001868 ], [ 23.332860477194536, 50.800877141182355 ], [ 23.351800918151369, 50.793298895825266 ], [ 23.360153447736803, 50.789885891988739 ], [ 23.370729307603614, 50.785655653907625 ], [ 23.389642111154014, 50.777910482502499 ], [ 23.391517852349565, 50.77713227049621 ], [ 23.408552652939985, 50.770206054249641 ], [ 23.422511327084965, 50.764384040642248 ], [ 23.427444159001777, 50.762364435807591 ], [ 23.446327942130431, 50.754506392221742 ], [ 23.45307908775138, 50.751643597456031 ], [ 23.465200286373346, 50.746593087168243 ], [ 23.48319386363065, 50.738912330457168 ], [ 23.484054097523479, 50.738550990810431 ], [ 23.502905178898757, 50.730546083193168 ], [ 23.51294131710182, 50.726187273072902 ], [ 23.521738710182568, 50.722424208441744 ], [ 23.540556644104417, 50.714206851903022 ], [ 23.54221763378256, 50.713472762883576 ], [ 23.55936928459511, 50.70600109280425 ], [ 23.571126124509423, 50.70076510068656 ], [ 23.578163486440634, 50.697672013289512 ], [ 23.596943851748122, 50.689267968771134 ], [ 23.599592482427965, 50.688067502098534 ], [ 23.615716345573151, 50.680850442763322 ], [ 23.627695334935879, 50.675377167544006 ], [ 23.634470800340381, 50.672316500952959 ], [ 23.653210965282121, 50.663705256478167 ], [ 23.655380812326971, 50.66269652024117 ], [ 23.67194305404557, 50.655080025185022 ], [ 23.682733200988419, 50.650022468094534 ], [ 23.690657456899157, 50.646344609921307 ], [ 23.709355180952922, 50.637510233842242 ], [ 23.709673610092899, 50.637358444820585 ], [ 23.72804672212866, 50.628682348289111 ], [ 23.736334445788497, 50.624699346633975 ], [ 23.746720902346137, 50.6197500349774 ], [ 23.76261185915677, 50.612049623199439 ], [ 23.765378225423227, 50.610719352817149 ], [ 23.784025311008655, 50.601656453884026 ], [ 23.788596678445096, 50.599405796326067 ], [ 23.802659255479458, 50.592533160382366 ], [ 23.814274277367549, 50.586768670846205 ], [ 23.821276615742075, 50.583316423345629 ], [ 23.839620000808615, 50.574139480202078 ], [ 23.839877811216745, 50.574011265082483 ], [ 23.85847133775621, 50.564700991656963 ], [ 23.864749784011877, 50.561513590786056 ], [ 23.877048916318035, 50.555305560356629 ], [ 23.88958140688796, 50.548894604997493 ], [ 23.895610593183079, 50.545826251827563 ], [ 23.914127884130949, 50.536282166422808 ], [ 23.914156731274442, 50.536267366154867 ], [ 23.932694879251621, 50.526701896588769 ], [ 23.938496173000591, 50.523671911019719 ], [ 23.951217459280876, 50.517057596187975 ], [ 23.962606226890617, 50.511067372810182 ], [ 23.969724784026234, 50.507338185211694 ], [ 23.986472743029445, 50.498468084045165 ], [ 23.988217180172793, 50.497547463718327 ], [ 24.006699117514202, 50.487728286020193 ], [ 24.010164450930699, 50.485871231582585 ], [ 24.025168315065429, 50.477859421839668 ], [ 24.033664012063518, 50.473277675608642 ], [ 24.043622906406263, 50.467923809814828 ], [ 24.043194603126409, 50.461286871508918 ], [ 24.042898898524662, 50.461133904715993 ], [ 24.023394659351471, 50.450568225945432 ], [ 24.022204211526589, 50.449951911017031 ], [ 24.003559271301494, 50.439847838749905 ], [ 24.002767010457994, 50.428304921765061 ], [ 24.001960723570697, 50.416762603650014 ], [ 23.999036151544367, 50.415246365968699 ], [ 23.97961562625143, 50.415891987077899 ], [ 23.960194883748208, 50.416539557459572 ], [ 23.940773910185872, 50.41718897137563 ], [ 23.921352691932221, 50.417840123506217 ], [ 23.901931215584717, 50.418492909084073 ], [ 23.88646476349966, 50.410105907999565 ], [ 23.881301399486997, 50.407419904050627 ], [ 23.861884692763166, 50.408080757166744 ], [ 23.842467675013594, 50.408742836135907 ], [ 23.823050333947211, 50.409406039151193 ], [ 23.803632657570663, 50.410070265699638 ], [ 23.789780153774039, 50.402559571703989 ], [ 23.783034618094046, 50.399040433927112 ], [ 23.7636214748938, 50.39971093782723 ], [ 23.750494794646535, 50.392597797208431 ], [ 23.743039911599372, 50.388703435151058 ], [ 23.723631186561416, 50.389379336763838 ], [ 23.711157624256895, 50.382624994434622 ], [ 23.703065846373285, 50.37839231944934 ], [ 23.691002816725366, 50.371865265649959 ], [ 23.690058569209878, 50.360327339872306 ], [ 23.689104177864788, 50.348789814499867 ], [ 23.688139933993138, 50.337252677585383 ], [ 23.679071313300781, 50.332500972255943 ], [ 23.667929329543785, 50.326491467588248 ], [ 23.658547806416664, 50.321571830342961 ], [ 23.639167892228858, 50.32226966192183 ], [ 23.628452412919856, 50.316497044553834 ], [ 23.627456838139029, 50.304960824012667 ], [ 23.617533411376293, 50.299748590520338 ], [ 23.607197290538988, 50.294191277991878 ], [ 23.60618448000535, 50.282655613257099 ], [ 23.595923441095266, 50.277260103304876 ], [ 23.585902520935615, 50.271883389387249 ], [ 23.575449185351701, 50.266382324307976 ], [ 23.565607892684071, 50.261108212620009 ], [ 23.554985446024425, 50.255513638755531 ], [ 23.545301423815634, 50.250330042985844 ], [ 23.534532154379161, 50.244653563222123 ], [ 23.524983860010124, 50.239548844319451 ], [ 23.514089247266579, 50.23380166324921 ], [ 23.504655865503643, 50.228764584132804 ], [ 23.493656666929333, 50.222957552541658 ], [ 23.474316716492627, 50.22367098180186 ], [ 23.465033551104366, 50.218721374839689 ], [ 23.463970845120279, 50.207186766790905 ], [ 23.452822281240774, 50.201291388323902 ], [ 23.443614757803957, 50.196393161758195 ], [ 23.432420385395865, 50.190468793206328 ], [ 23.423250121461599, 50.185596399144465 ], [ 23.412028634882631, 50.179652901525202 ], [ 23.402877223994988, 50.174796462646405 ], [ 23.391646995600535, 50.16884355017546 ], [ 23.382496285181841, 50.163993338735168 ], [ 23.371275437492546, 50.158040616575597 ], [ 23.362107459256883, 50.15318701650034 ], [ 23.361008639206357, 50.141653074857928 ], [ 23.349868280818697, 50.135736579305835 ], [ 23.340606063818651, 50.130843624864326 ], [ 23.329522697972259, 50.124952670932984 ], [ 23.320195605517171, 50.120030963709382 ], [ 23.309187122010634, 50.114175114844421 ], [ 23.299777200164186, 50.109215088746311 ], [ 23.28886153870609, 50.103403957884154 ], [ 23.279350731610648, 50.098395999203568 ], [ 23.278219754741915, 50.086862650519819 ], [ 23.267524902055779, 50.081162851394559 ], [ 23.2577781856108, 50.076040447762459 ], [ 23.256632455467116, 50.064507473502324 ], [ 23.246211107748785, 50.05894737671921 ], [ 23.236174758995318, 50.053682182251691 ], [ 23.22592721503673, 50.048210438416 ], [ 23.215707748107793, 50.042853700138274 ], [ 23.214538251094901, 50.031321262878159 ], [ 23.204652161732007, 50.026036767453569 ], [ 23.194053228280826, 50.020489737976931 ], [ 23.192866222619735, 50.008957756855196 ], [ 23.183400040590595, 50.003892208509683 ], [ 23.172361812859773, 49.998123223797315 ], [ 23.163157878400117, 49.993194075042091 ], [ 23.151846336046024, 49.987285537590523 ], [ 23.15063093099236, 49.975754226515633 ], [ 23.141944649480813, 49.971097247718816 ], [ 23.130094006398991, 49.964913579298532 ], [ 23.121728369912312, 49.960424929536799 ], [ 23.109545052500383, 49.95406979540158 ], [ 23.108298600340632, 49.942539224415185 ], [ 23.100554096176964, 49.93837933627686 ], [ 23.087726564525752, 49.931692508513009 ], [ 23.086458341730701, 49.920162508897448 ], [ 23.079402872295717, 49.916368617690026 ], [ 23.065862617890417, 49.909312863794639 ], [ 23.059228336697739, 49.905742614578891 ], [ 23.045254270593826, 49.898460071848113 ], [ 23.043952799934072, 49.886930847531502 ], [ 23.038115942895612, 49.883786330109572 ], [ 23.023321115994438, 49.876075083173276 ], [ 23.017967077579737, 49.873188382720727 ], [ 23.002677664694161, 49.865216122841794 ], [ 23.00134420658264, 49.853687602542195 ], [ 22.99689315233389, 49.851285161264784 ], [ 22.980679853022259, 49.842825555797688 ], [ 22.976769646392977, 49.840713358548648 ], [ 22.960005899033572, 49.831960220852956 ], [ 22.958644651996938, 49.820432234145599 ], [ 22.957275093349185, 49.808904509923906 ], [ 22.954812289728231, 49.807572345557816 ], [ 22.936578675615266, 49.798035909039463 ], [ 22.934719249407191, 49.797029322067011 ], [ 22.915877547992029, 49.787163836739836 ], [ 22.914635558141011, 49.786490961481732 ], [ 22.895173494208951, 49.776288229600226 ], [ 22.893783786095501, 49.764760542559834 ], [ 22.893419747236525, 49.761730606050129 ], [ 22.877885781080796, 49.765294525307304 ], [ 22.874545068413749, 49.766040915938227 ] ] ], [ [ [ 18.794721459203121, 54.618028326648556 ], [ 18.777892534459376, 54.626849291413492 ], [ 18.772853882581146, 54.629549788868047 ], [ 18.772676256417938, 54.641109940261373 ], [ 18.756324800705876, 54.649676588551358 ], [ 18.75081253587512, 54.652627403398235 ], [ 18.734807711242812, 54.661010724094922 ], [ 18.728955061846133, 54.66414092522718 ], [ 18.728772465904669, 54.675700947679871 ], [ 18.734691042689718, 54.678914093480024 ], [ 18.740651349150987, 54.675726953166482 ], [ 18.756219798455483, 54.667220123361162 ], [ 18.761843942617084, 54.664210035350713 ], [ 18.777736243534211, 54.655512172814156 ], [ 18.783005771955082, 54.652689345290625 ], [ 18.799240371093006, 54.643790044737955 ], [ 18.804136486457772, 54.641164896926369 ], [ 18.80407404240141, 54.62960431908224 ], [ 18.820783286179299, 54.620427602087595 ], [ 18.825163833546807, 54.618076106202828 ], [ 18.825093516781028, 54.606515488000326 ], [ 18.820854497432563, 54.604216072400781 ], [ 18.816595341975642, 54.606502913340037 ], [ 18.799379499997439, 54.615529567920156 ], [ 18.794721459203121, 54.618028326648556 ] ] ], [ [ [ 18.719428446517828, 54.687240085271604 ], [ 18.713197491470229, 54.683856550182426 ], [ 18.706919037868001, 54.687210480211618 ], [ 18.713149982294812, 54.690594336196398 ], [ 18.719428446517828, 54.687240085271604 ] ] ], [ [ [ 18.676893665717408, 54.698694557494214 ], [ 18.670184076423084, 54.695047680881544 ], [ 18.663415627585454, 54.698657881081743 ], [ 18.670125202699726, 54.702305130153988 ], [ 18.676893665717408, 54.698694557494214 ] ] ], [ [ [ 18.65559386905008, 54.710196300564803 ], [ 18.648618675375289, 54.706403807487625 ], [ 18.641578263491382, 54.710155673138132 ], [ 18.648553440827882, 54.713948568920003 ], [ 18.65559386905008, 54.710196300564803 ] ] ], [ [ [ 18.591570663637729, 54.733118282717648 ], [ 18.583967685532478, 54.728979176910769 ], [ 18.576280444220441, 54.733065819890513 ], [ 18.583883399297356, 54.737205404836509 ], [ 18.591570663637729, 54.733118282717648 ] ] ], [ [ [ 18.463019417715572, 54.778858739255369 ], [ 18.454448378991685, 54.77418063382401 ], [ 18.445752490160828, 54.778781092162085 ], [ 18.454323490356376, 54.783459808257717 ], [ 18.463019417715572, 54.778858739255369 ] ] ] ] } }
]
}
