{
"type": "FeatureCollection",
"name": "zasieg_SO_cykl_4_drzewostany_powierzchnia_epsg4326",
"crs": { "type": "name", "properties": { "name": "urn:ogc:def:crs:OGC:1.3:CRS84" } },
"features": [
{ "type": "Feature", "properties": { "gatunek": "SO", "cykl": 4, "typ_zasiegu": "drzewostany", "miara": "powierzchnia", "prog_udzialu": 0.05, "zakres": "udzial >= 5%", "udzial_krajowy": 0.48731214003254181, "max_udzialu": 0.73614653222512116, "n_traktow": 10533, "n_traktow_gat": 6420 }, "geometry": { "type": "MultiPolygon", "coordinates": [ [ [ [ 22.388446124302984, 49.131820209103793 ], [ 22.387335267120399, 49.132561400083738 ], [ 22.38788425546009, 49.144119485698475 ], [ 22.371058293275993, 49.155146869802017 ], [ 22.352112379534177, 49.155658016337547 ], [ 22.334080307778393, 49.145687381495534 ], [ 22.332399232242555, 49.144749078317233 ], [ 22.31345627791962, 49.145249432341409 ], [ 22.294512748199356, 49.145746086888266 ], [ 22.275568650139807, 49.146239089354928 ], [ 22.273801904952848, 49.147414055286738 ], [ 22.257374053606519, 49.158157574068035 ], [ 22.238424685802453, 49.158646571419993 ], [ 22.236318175041344, 49.160045782261626 ], [ 22.23687543793287, 49.171604065671019 ], [ 22.237434190631795, 49.18316229055835 ], [ 22.221703079711094, 49.193441694493046 ], [ 22.204824462323355, 49.184072756014487 ], [ 22.202000992995593, 49.182492629891925 ], [ 22.183041638849485, 49.182977175366545 ], [ 22.180368208206723, 49.184749512074106 ], [ 22.164812461553531, 49.194904028520689 ], [ 22.145847843136149, 49.195384635461437 ], [ 22.142878756060743, 49.197350563573593 ], [ 22.127605483653877, 49.20731338061961 ], [ 22.108635606411173, 49.20779010031108 ], [ 22.089665211606132, 49.208263579878924 ], [ 22.086357593673629, 49.210449854601784 ], [ 22.071404893009031, 49.220193240450094 ], [ 22.052429254901075, 49.220662972492079 ], [ 22.048858576049788, 49.22302022991898 ], [ 22.049417512054713, 49.234578988418448 ], [ 22.049976321083001, 49.246137732638232 ], [ 22.050534862728153, 49.257696466298931 ], [ 22.036265846550837, 49.26698331744128 ], [ 22.032059244748588, 49.269756707668975 ], [ 22.032615728704755, 49.281315521330818 ], [ 22.018672501952519, 49.290383898818007 ], [ 22.014134676837639, 49.293372906976664 ], [ 22.00036626606849, 49.30232261463653 ], [ 21.995649344859039, 49.305427361525552 ], [ 21.98205132932954, 49.314261161589663 ], [ 21.977159237735613, 49.317478896095174 ], [ 21.977706912304722, 49.329038048846101 ], [ 21.978252883814587, 49.340597227654918 ], [ 21.965105973055088, 49.349127483229772 ], [ 21.94608026308293, 49.349601690233129 ], [ 21.927054049247051, 49.350072753007986 ], [ 21.908027337975536, 49.350540724268903 ], [ 21.902607047423938, 49.354096366356423 ], [ 21.88967251373716, 49.362474121587496 ], [ 21.884090373989181, 49.366133298534997 ], [ 21.871308854440564, 49.374405775713036 ], [ 21.852272008438646, 49.37486778405534 ], [ 21.846512689246087, 49.378638446075755 ], [ 21.847034501704016, 49.390198566626204 ], [ 21.834554937297639, 49.398262709185396 ], [ 21.821209765756318, 49.39083210856527 ], [ 21.814852507520101, 49.38725334212387 ], [ 21.801380778095041, 49.379741725869934 ], [ 21.795158619649033, 49.376236319640263 ], [ 21.781567201688475, 49.368647605155417 ], [ 21.775473283815749, 49.365211808535314 ], [ 21.769782413175349, 49.368930776045616 ], [ 21.770296995579422, 49.380491315556732 ], [ 21.757723250855083, 49.388608774159003 ], [ 21.751751955502236, 49.392507373466756 ], [ 21.739317700612901, 49.400528034546277 ], [ 21.733198089052053, 49.404520583404363 ], [ 21.720903223076256, 49.412444380958412 ], [ 21.714634970527555, 49.416530951534533 ], [ 21.702479799276375, 49.424357571036147 ], [ 21.689509034673645, 49.417118501179324 ], [ 21.68279548491628, 49.413327917142581 ], [ 21.66374095943231, 49.413765786360898 ], [ 21.657450970365261, 49.417860206227822 ], [ 21.657933366154595, 49.429421749486913 ], [ 21.645920341235296, 49.437143971271524 ], [ 21.639344632217593, 49.441420385835968 ], [ 21.62746929578946, 49.449046548733726 ], [ 21.614808657109855, 49.44197811549207 ], [ 21.60779154593876, 49.438010295417385 ], [ 21.58872651521293, 49.438439743068116 ], [ 21.569661069584221, 49.438866786077412 ], [ 21.550595214273851, 49.439291477474235 ], [ 21.531528954380004, 49.439713869493964 ], [ 21.518718757896004, 49.43253969576525 ], [ 21.517990607789187, 49.420983125573294 ], [ 21.511289736042457, 49.417182583252938 ], [ 21.504991380477186, 49.421265626705669 ], [ 21.492813269444067, 49.429077196591905 ], [ 21.479853702805574, 49.421807768187442 ], [ 21.47317294768925, 49.418014830538645 ], [ 21.454113982154361, 49.418427937610218 ], [ 21.435054641349378, 49.418839093305387 ], [ 21.415994929268972, 49.419248339418751 ], [ 21.409742984253327, 49.423290902450653 ], [ 21.397494414010772, 49.43113438470273 ], [ 21.378429527860128, 49.431540011203239 ], [ 21.372077289144382, 49.43564233895701 ], [ 21.359915179128368, 49.443419897117344 ], [ 21.353444910587402, 49.447595416358389 ], [ 21.34139179357194, 49.45529524952093 ], [ 21.322316924150538, 49.455695331301293 ], [ 21.303241696999393, 49.456093564530327 ], [ 21.284166115164677, 49.456489975502983 ], [ 21.271269618199877, 49.449239253556314 ], [ 21.264561332200586, 49.445411599792124 ], [ 21.251488673704298, 49.438054153737205 ], [ 21.244965334662101, 49.434329177698572 ], [ 21.225897627184303, 49.434720718585737 ], [ 21.212610752014925, 49.427232837995177 ], [ 21.211955552288092, 49.415673324427111 ], [ 21.211304934899271, 49.404113701242537 ], [ 21.205285094439994, 49.40067007114817 ], [ 21.186230082372404, 49.401059133525862 ], [ 21.18057065771605, 49.404697668471201 ], [ 21.167680432819967, 49.412928695697538 ], [ 21.161935096109431, 49.416619781829688 ], [ 21.149121739686738, 49.424793371069327 ], [ 21.143287183953962, 49.42853905132101 ], [ 21.13055399495126, 49.436653056423921 ], [ 21.117035487513867, 49.42902282702309 ], [ 21.110991529125485, 49.425558511405526 ], [ 21.091925922420007, 49.425938488651454 ], [ 21.072859982059278, 49.426316698923472 ], [ 21.053793708295576, 49.426693106879171 ], [ 21.039904785751435, 49.418837838876016 ], [ 21.03928740400719, 49.407276862337298 ], [ 21.052625189461832, 49.398689480298316 ], [ 21.057794519835536, 49.395376935000328 ], [ 21.071194017108535, 49.38674600837448 ], [ 21.090247691456433, 49.38643962503113 ], [ 21.095407423775345, 49.383129133470838 ], [ 21.094792455300258, 49.3715682879605 ], [ 21.089487629726392, 49.368522139180527 ], [ 21.070443969791928, 49.368902027817263 ], [ 21.051399973959651, 49.369280070925463 ], [ 21.036863668147276, 49.361031926411847 ], [ 21.031881944102278, 49.358166253718181 ], [ 21.017162089145664, 49.349805579528223 ], [ 21.012372666882904, 49.347048428057228 ], [ 20.997470745959411, 49.338575716013366 ], [ 20.99287213025049, 49.335926392536209 ], [ 20.977790031064632, 49.327342333654428 ], [ 20.992153302227834, 49.318120454371737 ], [ 20.996318166443004, 49.315451684444753 ], [ 20.991943909716511, 49.312930313439104 ], [ 20.97292074201189, 49.313300725908441 ], [ 20.957558820929528, 49.304542981381736 ], [ 20.953442273066372, 49.302167163157421 ], [ 20.934422827504239, 49.302532480355282 ], [ 20.915403027130015, 49.302895084651503 ], [ 20.911623711421278, 49.305312231648884 ], [ 20.911968328124466, 49.316878445857647 ], [ 20.89726644000822, 49.326256552790909 ], [ 20.893353369087134, 49.328756888649295 ], [ 20.878674730316934, 49.338111234977191 ], [ 20.874726082889051, 49.340632470519473 ], [ 20.860073998813512, 49.349960841927476 ], [ 20.844582365377164, 49.341117608650691 ], [ 20.840606117882334, 49.338817622528389 ], [ 20.821571277970673, 49.339166191925933 ], [ 20.817845754220556, 49.341541325903464 ], [ 20.802956215290273, 49.351007501075109 ], [ 20.799192861172571, 49.353405008026492 ], [ 20.784332121000077, 49.362843501229868 ], [ 20.780527053491191, 49.365265818112846 ], [ 20.765698987531241, 49.374674066428561 ], [ 20.761848121186567, 49.377123753568107 ], [ 20.762134288217336, 49.388691032350849 ], [ 20.762415556523081, 49.40025836458048 ], [ 20.747871938180829, 49.409466297825524 ], [ 20.743705397102481, 49.4121137065573 ], [ 20.729212135407202, 49.421279942069631 ], [ 20.710144199644205, 49.421611429015115 ], [ 20.69107591562295, 49.421939418695665 ], [ 20.675645507849111, 49.413120282559426 ], [ 20.671617219705603, 49.410783224209844 ], [ 20.655979751330868, 49.4018321643617 ], [ 20.652167156576862, 49.39961856230817 ], [ 20.648506709670389, 49.401938978861409 ], [ 20.633487761177012, 49.411419411862092 ], [ 20.629767257507041, 49.413776176625014 ], [ 20.614799295132951, 49.423214070337636 ], [ 20.599081368718689, 49.414204706093479 ], [ 20.598575021396915, 49.402640261676005 ], [ 20.598075031533465, 49.391075706563555 ], [ 20.594612533156553, 49.389061818128148 ], [ 20.578461103638436, 49.379773736983978 ], [ 20.575187825455881, 49.377868460504153 ], [ 20.556134778945367, 49.378165045842643 ], [ 20.553047496738355, 49.380117998849407 ], [ 20.537440159246838, 49.389954579882343 ], [ 20.534299547877662, 49.391939816349549 ], [ 20.518736481975711, 49.401737854507331 ], [ 20.515537155363585, 49.40375872735536 ], [ 20.50002373876336, 49.413514659654858 ], [ 20.480956089256512, 49.413796146026357 ], [ 20.461888108498801, 49.414072982678874 ], [ 20.442819800422825, 49.414345130488705 ], [ 20.426458244659923, 49.404892210038739 ], [ 20.423418696836439, 49.403116740177765 ], [ 20.406905568283751, 49.393560506525652 ], [ 20.404026209423716, 49.391877333303889 ], [ 20.384965792688661, 49.39213325399669 ], [ 20.382225741018033, 49.39385823799816 ], [ 20.366224186902624, 49.403887640764509 ], [ 20.347158741701676, 49.404135217717368 ], [ 20.328093002193974, 49.404378152353459 ], [ 20.311404872164818, 49.394683336632241 ], [ 20.311002208627357, 49.383116644082847 ], [ 20.310606712477586, 49.371549847374467 ], [ 20.310218158132393, 49.359982949118489 ], [ 20.309836303410911, 49.348415952110933 ], [ 20.307498650741458, 49.347044616142014 ], [ 20.305235069761924, 49.348468007882971 ], [ 20.288755548144991, 49.358797520609521 ], [ 20.271696352736935, 49.348841909790444 ], [ 20.26941005359765, 49.347499349147526 ], [ 20.267194120876198, 49.348891361069548 ], [ 20.250657577562947, 49.359245748292615 ], [ 20.233561250391979, 49.349255224364057 ], [ 20.231320438274849, 49.347938049788482 ], [ 20.212275267029696, 49.348151690009871 ], [ 20.193229863067376, 49.34836169783074 ], [ 20.176027079102525, 49.338283711734917 ], [ 20.173909856536536, 49.337036992980664 ], [ 20.156640931205011, 49.326908088130104 ], [ 20.173418594538052, 49.316372252250389 ], [ 20.175371378778785, 49.315147803250461 ], [ 20.173361371169701, 49.313963627113047 ], [ 20.154328844644681, 49.314165778363758 ], [ 20.13696033950491, 49.303960811906961 ], [ 20.135030892484334, 49.302822670620422 ], [ 20.117613329379928, 49.29257824704419 ], [ 20.11731858043327, 49.281009765954792 ], [ 20.117028457118263, 49.269441217330467 ], [ 20.115220667168934, 49.268373507893671 ], [ 20.097711726575884, 49.258055005684945 ], [ 20.097434263817572, 49.246486254646051 ], [ 20.097160413419026, 49.234917446505335 ], [ 20.096889846122345, 49.223348584406175 ], [ 20.095182302844723, 49.222338575755209 ], [ 20.077606206088362, 49.211958662482985 ], [ 20.077345507895654, 49.200389629148269 ], [ 20.07708714253604, 49.188820551278631 ], [ 20.075431859689026, 49.187840237389992 ], [ 20.056447215179972, 49.188031047980949 ], [ 20.054859915294486, 49.189025723448324 ], [ 20.037704319949249, 49.19978535498651 ], [ 20.036137163616178, 49.200766691440158 ], [ 20.018952540084264, 49.211536909910194 ], [ 20.017405960505783, 49.212504654766057 ], [ 20.000191863692422, 49.223285409399899 ], [ 19.998665808755121, 49.224239614117529 ], [ 19.981422278613387, 49.235030514171434 ], [ 19.962419164224478, 49.235215789994719 ], [ 19.943415913544069, 49.235400561868026 ], [ 19.924412529928663, 49.235584994969713 ], [ 19.905409016447315, 49.235769252619846 ], [ 19.887457479969505, 49.22514758375884 ], [ 19.887228606438317, 49.213577998081817 ], [ 19.885992050381549, 49.212842349984847 ], [ 19.867939693016602, 49.202153198694162 ], [ 19.866795117788506, 49.201471762855228 ], [ 19.847804577149009, 49.20166003012757 ], [ 19.828813918998524, 49.20184908583947 ], [ 19.827852962248503, 49.202447492474022 ], [ 19.810011870012978, 49.213592504792125 ], [ 19.791622275302888, 49.202701505005756 ], [ 19.790832255694632, 49.202230212590955 ], [ 19.790057438308601, 49.202712219958379 ], [ 19.772021079813907, 49.213972941950061 ], [ 19.771317672641278, 49.214410205576421 ], [ 19.771462051972968, 49.225980534315049 ], [ 19.771602955591153, 49.237550863327201 ], [ 19.772395898223671, 49.238023795755041 ], [ 19.790656366968047, 49.248993279398434 ], [ 19.790796783026764, 49.260563550710934 ], [ 19.791773309928473, 49.261145401812882 ], [ 19.809870080953818, 49.272002639877243 ], [ 19.810978679244592, 49.272662691338006 ], [ 19.828958970374156, 49.283438461763986 ], [ 19.811335289228012, 49.294401973851421 ], [ 19.810142380819226, 49.295143098089312 ], [ 19.810270581675919, 49.306713348625948 ], [ 19.810393008060561, 49.318283616798155 ], [ 19.810509310676032, 49.329853905068184 ], [ 19.810619148933526, 49.341424215836987 ], [ 19.810722193732833, 49.352994551424551 ], [ 19.810818130394779, 49.364564914049097 ], [ 19.810906661720786, 49.37613530580542 ], [ 19.793789292448153, 49.386710725000022 ], [ 19.791971308673467, 49.387837559286552 ], [ 19.792035936933132, 49.399408075338414 ], [ 19.792092359678215, 49.410978624786587 ], [ 19.775269257762055, 49.421336236112197 ], [ 19.758035351267615, 49.411206914561383 ], [ 19.756016784886011, 49.410006814581351 ], [ 19.738597388916872, 49.399761799944216 ], [ 19.736773200982594, 49.398676448590123 ], [ 19.719163634248396, 49.388313383772783 ], [ 19.717538507128783, 49.387345742675727 ], [ 19.7159418568089, 49.388333379749042 ], [ 19.698638345134324, 49.398984897592662 ], [ 19.696963291847315, 49.400020267654568 ], [ 19.679729117892869, 49.410611782069417 ], [ 19.66065690568853, 49.410760644123314 ], [ 19.641584578165943, 49.410908653669935 ], [ 19.639944231079902, 49.411920793550159 ], [ 19.639915880996949, 49.423491803177939 ], [ 19.641762995915268, 49.424593064789406 ], [ 19.658906259850085, 49.434955990441694 ], [ 19.64203294095838, 49.445277667180612 ], [ 19.639833410773836, 49.446633895968475 ], [ 19.623092046536478, 49.456855748976899 ], [ 19.604001532973218, 49.456986458318092 ], [ 19.584910910840055, 49.457115710935405 ], [ 19.582650741737368, 49.458506880734831 ], [ 19.582555751829094, 49.470078100370749 ], [ 19.566083367278722, 49.480089264800846 ], [ 19.563392798392904, 49.481743738324703 ], [ 19.563271136074651, 49.493315019686932 ], [ 19.563142261117779, 49.504886312910777 ], [ 19.547365119365985, 49.514430324683673 ], [ 19.543915570094196, 49.51654894086461 ], [ 19.543762797711718, 49.528120272597299 ], [ 19.54360427493296, 49.539691607995877 ], [ 19.543440494967367, 49.551262944716441 ], [ 19.528743133512833, 49.560100181426542 ], [ 19.524141141316854, 49.562922505760767 ], [ 19.523958826254162, 49.574493846697266 ], [ 19.50984877735263, 49.582949236182351 ], [ 19.490708346247768, 49.583027939901122 ], [ 19.485475862762893, 49.586232147874156 ], [ 19.471677481995087, 49.594476920246116 ], [ 19.466112495390057, 49.597882197619171 ], [ 19.465895721979088, 49.609453499920861 ], [ 19.452742951015967, 49.617286875422757 ], [ 19.439474028352347, 49.609556822228576 ], [ 19.439034233151997, 49.597988068432784 ], [ 19.433387284059378, 49.594615003064746 ], [ 19.414242079932357, 49.594679822718895 ], [ 19.400318071970069, 49.586558001169848 ], [ 19.399878155919534, 49.574989062428848 ], [ 19.394913366235198, 49.572018989892911 ], [ 19.375776968478814, 49.5720842550272 ], [ 19.361155634215958, 49.563545897179566 ], [ 19.360714430493562, 49.551976776011877 ], [ 19.360274401516971, 49.540407626520313 ], [ 19.356392539219595, 49.538081318783149 ], [ 19.3372693976157, 49.538152273050024 ], [ 19.318146187671076, 49.538220323845991 ], [ 19.299022911946913, 49.538285388565725 ], [ 19.279899573110324, 49.538347380573292 ], [ 19.264084603251909, 49.529096600615269 ], [ 19.260715882561222, 49.527072172062006 ], [ 19.244477088233285, 49.517569143015592 ], [ 19.241541060317502, 49.515803413179128 ], [ 19.224861823687842, 49.506038359837 ], [ 19.224401016614994, 49.494468664041136 ], [ 19.223941016973288, 49.482898941733488 ], [ 19.222272516125557, 49.481894261022141 ], [ 19.20430762443867, 49.471364648897868 ], [ 19.222174732529812, 49.460278372002186 ], [ 19.223026032892601, 49.459759412611184 ], [ 19.222170055126956, 49.459243738877255 ], [ 19.203077522367007, 49.459332487366652 ], [ 19.184194927040984, 49.448257090297247 ], [ 19.183917130615217, 49.441303541073637 ], [ 19.164840887615796, 49.444192337709708 ], [ 19.145761971517164, 49.446934493565195 ], [ 19.13563444945164, 49.448324232961788 ], [ 19.126680407846145, 49.449474034582828 ], [ 19.107596432499058, 49.451811359313254 ], [ 19.088510400471755, 49.454013271986192 ], [ 19.069422470175528, 49.456080750978373 ], [ 19.050332798710624, 49.458014900836737 ], [ 19.031241541610644, 49.45981694610208 ], [ 19.029511355898368, 49.459970668460869 ], [ 19.012148835616344, 49.461419521881936 ], [ 18.993054902853405, 49.4628923587846 ], [ 18.97395988967336, 49.464243784951769 ], [ 18.973609597974626, 49.471542068926546 ], [ 18.973055372937967, 49.483112564170213 ], [ 18.972508829026047, 49.49468303533471 ], [ 18.971970532187864, 49.506253482667738 ], [ 18.954817161632135, 49.51632071046177 ], [ 18.952341107339763, 49.51781761549281 ], [ 18.935687318950418, 49.527570157586936 ], [ 18.916567859985125, 49.527559469118621 ], [ 18.899914592929502, 49.517784142977668 ], [ 18.897471926964144, 49.516301603695467 ], [ 18.87835688108752, 49.516284940758048 ], [ 18.875910520073209, 49.517760888912541 ], [ 18.85920960998607, 49.527497138489736 ], [ 18.856204861627429, 49.529308612394352 ], [ 18.855629203143817, 49.540878408002392 ], [ 18.855067691403949, 49.552448195315044 ], [ 18.839980083271875, 49.561211529286588 ], [ 18.835361800044581, 49.563992305945966 ], [ 18.834820637742279, 49.575561979378278 ], [ 18.834294338131578, 49.587131648426215 ], [ 18.833782834827314, 49.598701313195392 ], [ 18.833286024837662, 49.610270973731808 ], [ 18.820640896303445, 49.617583595704858 ], [ 18.813607397279281, 49.621811315251676 ], [ 18.813133777640036, 49.633380882346046 ], [ 18.812674688936053, 49.644950447893649 ], [ 18.812229878912582, 49.656520011655893 ], [ 18.811799075247517, 49.668089573352376 ], [ 18.801255999294998, 49.674167605726815 ], [ 18.792158960073184, 49.679626229109289 ], [ 18.782028626291414, 49.685460013157481 ], [ 18.76284759694321, 49.685394889129057 ], [ 18.752909774295802, 49.679549138791415 ], [ 18.743726316578396, 49.673971340096124 ], [ 18.734484453385363, 49.679508361093262 ], [ 18.724485740842912, 49.685253652603045 ], [ 18.714833999538897, 49.691031869752919 ], [ 18.714424035885607, 49.702601064623288 ], [ 18.705167396797851, 49.707914395638468 ], [ 18.685977696178426, 49.707836035566373 ], [ 18.666788075457745, 49.707754183925886 ], [ 18.647598538262226, 49.707668861446884 ], [ 18.637072182333792, 49.713954715066627 ], [ 18.636675776666713, 49.7255236459321 ], [ 18.628235242616231, 49.730355760913483 ], [ 18.617046312712688, 49.737030571348406 ], [ 18.616672185633302, 49.748599465733641 ], [ 18.616309981501505, 49.760168375438248 ], [ 18.615959226599731, 49.771737298998303 ], [ 18.608669798865172, 49.775909340577257 ], [ 18.596361801125052, 49.783240756169917 ], [ 18.596029679497637, 49.794809642930389 ], [ 18.589260197525995, 49.798683464133134 ], [ 18.576444303116684, 49.806309741762711 ], [ 18.576129022461679, 49.817878591944805 ], [ 18.569832090508314, 49.82148195821469 ], [ 18.556553978690406, 49.829375336126866 ], [ 18.569691173556738, 49.837368255558829 ], [ 18.57552570991097, 49.841016320721373 ], [ 18.575236888483275, 49.852585196555538 ], [ 18.588733925209734, 49.860788963599362 ], [ 18.594234357903471, 49.864223152754462 ], [ 18.588677732113773, 49.867407541847356 ], [ 18.574683051093405, 49.875722964575566 ], [ 18.574417332310205, 49.887291854287838 ], [ 18.574158634764906, 49.898860746230312 ], [ 18.573906641350028, 49.910429639281631 ], [ 18.569016475507407, 49.913234658499341 ], [ 18.554367137525659, 49.921926002232802 ], [ 18.549638655327239, 49.924638346406041 ], [ 18.544999240370664, 49.921889628595139 ], [ 18.54496849061217, 49.910319704478432 ], [ 18.530586402852869, 49.901576545100625 ], [ 18.511320345581158, 49.901484961614209 ], [ 18.492054383341106, 49.901390384352283 ], [ 18.477457109006803, 49.910035155953743 ], [ 18.472663289019259, 49.912780692775719 ], [ 18.457903186300424, 49.921515229092037 ], [ 18.453263002691557, 49.92417308648168 ], [ 18.433988168611585, 49.924071162782418 ], [ 18.419054776494718, 49.93289695697591 ], [ 18.414574193372776, 49.935463179376534 ], [ 18.395294978963737, 49.935356174981926 ], [ 18.376015874938123, 49.935246332096746 ], [ 18.356736883856971, 49.935133685608285 ], [ 18.352391895834224, 49.932543893078559 ], [ 18.337615632853922, 49.923518773206432 ], [ 18.333165658004809, 49.920865092724554 ], [ 18.318503541888088, 49.911902948705595 ], [ 18.303591264884059, 49.920691272530036 ], [ 18.299067428190895, 49.923278542817556 ], [ 18.28401624907854, 49.932141948702146 ], [ 18.283731322208215, 49.94371004129507 ], [ 18.283451116850841, 49.955278139764388 ], [ 18.27927881409807, 49.957667110078837 ], [ 18.263877237955711, 49.966725390148262 ], [ 18.259814745541679, 49.969052253690322 ], [ 18.240522669883735, 49.968925234157275 ], [ 18.221230721787403, 49.968795687731394 ], [ 18.205703497494117, 49.977911475797299 ], [ 18.205420973056299, 49.989479338502868 ], [ 18.201557828700892, 49.991693542933866 ], [ 18.182256916549854, 49.99155988421262 ], [ 18.178467050779869, 49.989291611092845 ], [ 18.163155981458587, 49.979907079723318 ], [ 18.14752317706975, 49.989068372330827 ], [ 18.143655490825036, 49.991285475760009 ], [ 18.12435497963029, 49.991144866001633 ], [ 18.108634150316814, 50.000345934381031 ], [ 18.10484074484355, 50.002521704816424 ], [ 18.089038117987098, 50.011763548767853 ], [ 18.088741466857929, 50.023331011034557 ], [ 18.088447648978939, 50.034898472528724 ], [ 18.084879409972849, 50.036947265872278 ], [ 18.068845207357427, 50.046312603285749 ], [ 18.065337025454291, 50.048327761526906 ], [ 18.049238584981481, 50.05772338866516 ], [ 18.045785347328273, 50.059707807971947 ], [ 18.02645778620338, 50.059557568403079 ], [ 18.023034178507416, 50.057505778230194 ], [ 18.007368232403831, 50.047877132453685 ], [ 18.003857344907299, 50.045773002385182 ], [ 18.004025861371339, 50.034204651389068 ], [ 18.007694864191585, 50.032034592229856 ], [ 18.011232490280779, 50.034266277202192 ], [ 18.026776116448673, 50.043821450389679 ], [ 18.042700796871838, 50.034530126230507 ], [ 18.042857025056499, 50.022961618922814 ], [ 18.043010280475752, 50.0113930645268 ], [ 18.027622149062598, 50.001931316080181 ], [ 18.008317843051245, 50.001779146236842 ], [ 17.992568575508539, 50.01096607906338 ], [ 17.988771936095834, 50.013147441788298 ], [ 17.985022552310909, 50.010900316454659 ], [ 17.969709638494955, 50.001470104652142 ], [ 17.950405737352554, 50.001313490359564 ], [ 17.946523458291811, 49.998987259311079 ], [ 17.931357341792197, 49.989635560720728 ], [ 17.927361573457972, 49.987241750851105 ], [ 17.912318082235611, 49.977958694690606 ], [ 17.893023776353068, 49.977799416076927 ], [ 17.888865224195069, 49.975309446140265 ], [ 17.87399835000177, 49.966123709081742 ], [ 17.858709657225578, 49.97501668194657 ], [ 17.854435518289616, 49.977479318747015 ], [ 17.83910093991754, 49.986392124626732 ], [ 17.834863386143915, 49.988835694125001 ], [ 17.819489911141506, 49.997764234406219 ], [ 17.819125228248382, 50.009330513814099 ], [ 17.814998736401556, 50.011712145161248 ], [ 17.795691194853973, 50.011550105166528 ], [ 17.780259881505089, 50.020498442720594 ], [ 17.779888949821974, 50.032064518798791 ], [ 17.775798265986118, 50.034428818407164 ], [ 17.760265908020227, 50.043426503606192 ], [ 17.759893513566315, 50.054992471930824 ], [ 17.759523129167377, 50.066558439019374 ], [ 17.755587992820345, 50.068834073085043 ], [ 17.739888583224396, 50.077916849911517 ], [ 17.735954766786012, 50.080192937491532 ], [ 17.720249819214338, 50.089271901006498 ], [ 17.719872919942414, 50.100837636098639 ], [ 17.716004154465033, 50.103076874913455 ], [ 17.700225237661495, 50.112189204069381 ], [ 17.696347384802532, 50.114434645270372 ], [ 17.692427437898811, 50.112101642438809 ], [ 17.677316469903257, 50.102742033846035 ], [ 17.657972755789398, 50.102575847419224 ], [ 17.642447238847815, 50.111527971552995 ], [ 17.642047661524334, 50.123093210913432 ], [ 17.637975479911159, 50.125454759792603 ], [ 17.622391092712597, 50.134431552895933 ], [ 17.618290921081599, 50.136810049075692 ], [ 17.602729757575666, 50.14576652116704 ], [ 17.598596977067647, 50.14816454289403 ], [ 17.583063563377316, 50.157098112974225 ], [ 17.598063656390917, 50.166402214015598 ], [ 17.601913907760768, 50.168896444237859 ], [ 17.617094241185114, 50.178305274173191 ], [ 17.636465016368483, 50.178591787487719 ], [ 17.65583620037286, 50.178870998550558 ], [ 17.659366303641271, 50.18114363431409 ], [ 17.674886740672722, 50.190745966712498 ], [ 17.694263416986303, 50.19101032146358 ], [ 17.697598346064332, 50.193148359719274 ], [ 17.713328676692679, 50.202868132972156 ], [ 17.732710779619975, 50.203118920906192 ], [ 17.735877345347486, 50.20514092050491 ], [ 17.75179069392868, 50.214961224443527 ], [ 17.754858001373769, 50.216915552709715 ], [ 17.754508684141321, 50.228481428466658 ], [ 17.75416050751863, 50.240047293897874 ], [ 17.751089326212814, 50.241819706805124 ], [ 17.734458971933208, 50.251403979406902 ], [ 17.73138323220623, 50.253179232965344 ], [ 17.714750790308134, 50.262757260464525 ], [ 17.714394179506385, 50.274322881188276 ], [ 17.73055635837958, 50.284288235844748 ], [ 17.733406750779192, 50.286101162986235 ], [ 17.749668097440875, 50.296120086767928 ], [ 17.752435573498452, 50.297876454109229 ], [ 17.749578871050968, 50.29952356814303 ], [ 17.730155743913848, 50.299340656357202 ], [ 17.713330519889208, 50.309019676783258 ], [ 17.712977934322609, 50.32058525216253 ], [ 17.710108348768937, 50.322239840584253 ], [ 17.6906761691612, 50.322052963241283 ], [ 17.687742395193847, 50.320303143672241 ], [ 17.688016489069451, 50.308736737268873 ], [ 17.688289118816783, 50.297170292231691 ], [ 17.672208499047354, 50.287246607459494 ], [ 17.669079080893077, 50.285382365594593 ], [ 17.653116293088857, 50.275523937503081 ], [ 17.649868943388626, 50.273591205692995 ], [ 17.634033305839708, 50.26380390196892 ], [ 17.614625022584338, 50.263619905992073 ], [ 17.598314628171284, 50.27298085398089 ], [ 17.594877478796636, 50.274968358874894 ], [ 17.575464779025207, 50.274783324829549 ], [ 17.571883989602956, 50.272659069252448 ], [ 17.556400849350652, 50.263069437533652 ], [ 17.53699299110707, 50.262887225797314 ], [ 17.521041591090999, 50.272023167092463 ], [ 17.517227289519234, 50.27423185786715 ], [ 17.497814966491461, 50.274050072678065 ], [ 17.493794431878502, 50.271673218679418 ], [ 17.478769885277739, 50.262347971644957 ], [ 17.459362303768501, 50.262171595459421 ], [ 17.454994055085976, 50.2595940477174 ], [ 17.440330868712273, 50.250481400855953 ], [ 17.425085716246393, 50.25919253877786 ], [ 17.42462234325248, 50.27075609536486 ], [ 17.420166258563597, 50.273340344974557 ], [ 17.400754166115192, 50.273168724550324 ], [ 17.385641029768827, 50.281790965021479 ], [ 17.380951612364619, 50.28451061305465 ], [ 17.376104399713196, 50.281658100336401 ], [ 17.376400378391256, 50.270092368491433 ], [ 17.362324731609508, 50.2613283548963 ], [ 17.347661799388806, 50.269687288010644 ], [ 17.347163921748336, 50.281250106333921 ], [ 17.346668160808328, 50.292812932481183 ], [ 17.346174478837614, 50.304375765941316 ], [ 17.341318060059596, 50.307190800291124 ], [ 17.326432979805848, 50.315663051685753 ], [ 17.321487045509613, 50.318529083058877 ], [ 17.302056565522363, 50.318362025650195 ], [ 17.282626047388909, 50.318198811423144 ], [ 17.268225595563813, 50.326380329419834 ], [ 17.262776299310485, 50.329537084094305 ], [ 17.243341100195885, 50.329378819918695 ], [ 17.229269039394438, 50.337363369262725 ], [ 17.223477199374727, 50.340716788145933 ], [ 17.209518547155945, 50.348630786253715 ], [ 17.208965870813774, 50.360192182639715 ], [ 17.203169900180871, 50.363544914391717 ], [ 17.189201790424427, 50.37145596594047 ], [ 17.18864343479699, 50.383017161314349 ], [ 17.182842906851377, 50.386369314739717 ], [ 17.163384601961688, 50.386210611298786 ], [ 17.157093397838437, 50.382521435477756 ], [ 17.144374411395869, 50.374573827997722 ], [ 17.131051370708303, 50.38210579895221 ], [ 17.124467684530156, 50.385907872621928 ], [ 17.1112819894241, 50.393356344901051 ], [ 17.110684238669336, 50.404916582698689 ], [ 17.104093381394389, 50.408718602558544 ], [ 17.084625550645928, 50.408571536879407 ], [ 17.065157585518556, 50.40842971462488 ], [ 17.045689475588798, 50.408293222150107 ], [ 17.033420533313279, 50.415205766167055 ], [ 17.025744739577963, 50.419624036946288 ], [ 17.006271813740913, 50.419493537247725 ], [ 16.986798730468969, 50.419368257167797 ], [ 16.967325488149967, 50.419248074424161 ], [ 16.956298667894274, 50.425446247283986 ], [ 16.947357238028498, 50.430577383677594 ], [ 16.936514901967854, 50.4366670578708 ], [ 16.927379466286538, 50.441903296869683 ], [ 16.916722084129653, 50.447884372934062 ], [ 16.907392190508791, 50.453225289039089 ], [ 16.897752776531107, 50.447543103198072 ], [ 16.888414020641832, 50.441674993351342 ], [ 16.878154833379813, 50.435617089551023 ], [ 16.878443708569758, 50.424052157643736 ], [ 16.869957077000603, 50.418714246743157 ], [ 16.858822323186189, 50.412122330932405 ], [ 16.870541892119409, 50.405674810101928 ], [ 16.879013625689542, 50.400922091347958 ], [ 16.890506807921987, 50.394597630073115 ], [ 16.8991974544927, 50.389718244465783 ], [ 16.91046241480943, 50.38351747391831 ], [ 16.919372778313654, 50.378510774814572 ], [ 16.919652467958038, 50.366945536252402 ], [ 16.919929117148332, 50.355380223286261 ], [ 16.931425927271249, 50.349045479030998 ], [ 16.940093067066275, 50.344169003314839 ], [ 16.940365392586955, 50.332603553781574 ], [ 16.94063445546497, 50.321038026374524 ], [ 16.952358394204097, 50.314570595140431 ], [ 16.96078528410774, 50.309823031192884 ], [ 16.972265506164259, 50.303486935600176 ], [ 16.991671000348379, 50.304091459181826 ], [ 17.000789017662257, 50.298947799137046 ], [ 17.011564915708743, 50.292996175741258 ], [ 17.020907123087479, 50.287721899090243 ], [ 17.02117039139365, 50.276156114338015 ], [ 17.021429838240767, 50.264590244190011 ], [ 17.01296965815488, 50.259272148617363 ], [ 17.00182523763479, 50.252684405664702 ], [ 17.002074847560838, 50.241118344221995 ], [ 17.013998992219886, 50.23451973417194 ], [ 17.022184949810967, 50.229892116326532 ], [ 17.014394823961329, 50.224991928585162 ], [ 16.99499788218381, 50.224943559894122 ], [ 16.987299434197332, 50.229292895024294 ], [ 16.986574835371023, 50.240850732544217 ], [ 16.974633207900148, 50.247733526781062 ], [ 16.962317375144316, 50.240427765924856 ], [ 16.96256024834128, 50.228861599130489 ], [ 16.956203568634184, 50.22485670946697 ], [ 16.936806253615892, 50.22481670793475 ], [ 16.917408878376673, 50.2247778521089 ], [ 16.898011482208826, 50.224739207427312 ], [ 16.883191276412756, 50.215871741162701 ], [ 16.883428689636027, 50.204305493643155 ], [ 16.879625088047877, 50.201902946592547 ], [ 16.860236872220401, 50.20186534079626 ], [ 16.856772475922828, 50.203816618706313 ], [ 16.840334410271222, 50.213218558038712 ], [ 16.823711685198425, 50.203201773533451 ], [ 16.823955379199237, 50.191635662829192 ], [ 16.821979553520791, 50.190385362880484 ], [ 16.802596572517217, 50.190333536658919 ], [ 16.784427285277769, 50.179317446896981 ], [ 16.784677115740244, 50.167751441047436 ], [ 16.784924932733944, 50.156185377229043 ], [ 16.7847951032455, 50.156103079359639 ], [ 16.779556454250326, 50.156082821959302 ], [ 16.768079270045305, 50.167433553189476 ], [ 16.764737863193222, 50.170800919263485 ], [ 16.756492556955358, 50.178781045479568 ], [ 16.745129769841046, 50.190131742635295 ], [ 16.744415830525252, 50.190852345945792 ], [ 16.733456857408925, 50.201475287389023 ], [ 16.724078108157173, 50.210868293961617 ], [ 16.722045301168205, 50.21282279885353 ], [ 16.710398494643883, 50.224164564334728 ], [ 16.703725621118185, 50.230829898226908 ], [ 16.698846881966606, 50.235507061617866 ], [ 16.687236280338617, 50.2468472492871 ], [ 16.683360671173034, 50.250690632931203 ], [ 16.67548453380773, 50.25818346630016 ], [ 16.663851945053111, 50.269520905532673 ], [ 16.662987467054883, 50.270366790806307 ], [ 16.651812331085402, 50.280848968922186 ], [ 16.642615414122332, 50.289672677167239 ], [ 16.639888651047752, 50.292178155871504 ], [ 16.627631352546032, 50.303499324439422 ], [ 16.622249242946474, 50.308523179723927 ], [ 16.615201265541334, 50.314815671556822 ], [ 16.602676445971184, 50.326128753122909 ], [ 16.60189392874933, 50.326831462090482 ], [ 16.589536080225493, 50.337427738674911 ], [ 16.581564862574709, 50.344308863997533 ], [ 16.576202254045405, 50.348721225253989 ], [ 16.562472683671643, 50.360004905801432 ], [ 16.561261502365017, 50.360987814970464 ], [ 16.547933203343192, 50.371269906648699 ], [ 16.54099970070633, 50.376582616723269 ], [ 16.532825537815526, 50.38252105813838 ], [ 16.52077733967517, 50.391161873937222 ], [ 16.516953525002307, 50.393753952409902 ], [ 16.500600946102413, 50.404627481248276 ], [ 16.500065343858612, 50.40496286612597 ], [ 16.481718280473793, 50.416137774252121 ], [ 16.480477730046726, 50.416871681167983 ], [ 16.461699519950376, 50.427273348021849 ], [ 16.46040551050913, 50.42796563531703 ], [ 16.440384738262889, 50.437929235950278 ], [ 16.439456622608699, 50.438356569625533 ], [ 16.420418405782467, 50.446734857825234 ], [ 16.413924129547532, 50.449362486108676 ], [ 16.400500361973869, 50.454522338706994 ], [ 16.384087974514369, 50.460266142000286 ], [ 16.380625351230428, 50.461410761239847 ], [ 16.36080189059771, 50.467268132527941 ], [ 16.346613885096932, 50.470988228120028 ], [ 16.341016327458348, 50.472361357051781 ], [ 16.321276974558003, 50.4765607699646 ], [ 16.301569636589353, 50.480135507833523 ], [ 16.3014429026687, 50.481520023989397 ], [ 16.301489066650909, 50.481549475570439 ], [ 16.319719181793097, 50.493513593957253 ], [ 16.318642174561145, 50.505059758887498 ], [ 16.319628298120634, 50.505688280576848 ], [ 16.320682967936484, 50.505106777287338 ], [ 16.339777424919799, 50.494419767819167 ], [ 16.359257846648063, 50.494966513022675 ], [ 16.376611071813073, 50.506381360493656 ], [ 16.37808466150797, 50.507319075600876 ], [ 16.394849978326786, 50.518362023192502 ], [ 16.396920749725499, 50.519678769797892 ], [ 16.413083670530273, 50.530339622025373 ], [ 16.395814930637147, 50.539758302625394 ], [ 16.392738989518985, 50.541456347849923 ], [ 16.395620424418347, 50.543287788886886 ], [ 16.410983569437718, 50.55343442183505 ], [ 16.409925714681215, 50.564981611846576 ], [ 16.413828245901378, 50.567459676669031 ], [ 16.433338814325737, 50.56801763565867 ], [ 16.447479456504247, 50.577381870865686 ], [ 16.446441624301215, 50.588929733945093 ], [ 16.431766753595653, 50.596911637676499 ], [ 16.426076351426651, 50.600051875721135 ], [ 16.411610999237269, 50.607891664977878 ], [ 16.405666484618141, 50.611169509909892 ], [ 16.39144697128539, 50.618848490721341 ], [ 16.385213968319384, 50.622282657864197 ], [ 16.384136582408313, 50.633829122644372 ], [ 16.370644055407631, 50.641079706900697 ], [ 16.363634702083136, 50.64493744255644 ], [ 16.350458246664029, 50.651993725739565 ], [ 16.343097863646562, 50.656041406795623 ], [ 16.33026383808286, 50.662891281446065 ], [ 16.310706557933198, 50.662478728432824 ], [ 16.291150224563317, 50.662054621705543 ], [ 16.283529043992466, 50.666237973871368 ], [ 16.270939895455527, 50.672910121574581 ], [ 16.251380871206528, 50.672461804757681 ], [ 16.231822758978776, 50.672003259879254 ], [ 16.219980944734193, 50.664738408171445 ], [ 16.220199986920399, 50.653172715198757 ], [ 16.220410853423989, 50.641606809818086 ], [ 16.21426950252393, 50.637692429940408 ], [ 16.194727020089491, 50.637218077474252 ], [ 16.188130122572659, 50.640831755041951 ], [ 16.174508986051141, 50.648007348439805 ], [ 16.154963710965973, 50.647512819071537 ], [ 16.147817250935685, 50.651422339832294 ], [ 16.134732788078015, 50.658287333634185 ], [ 16.115184572768538, 50.657775769838949 ], [ 16.095637185579033, 50.657256611135509 ], [ 16.083640245482592, 50.649832685135713 ], [ 16.076791217211778, 50.645451752870727 ], [ 16.06441206806624, 50.637778251735348 ], [ 16.064649861270983, 50.626212977959518 ], [ 16.058658375499473, 50.622376830274703 ], [ 16.045428455358696, 50.61415542028849 ], [ 16.039835188227695, 50.61057153289503 ], [ 16.026217768400411, 50.602094858748458 ], [ 16.021021467547932, 50.598762813585658 ], [ 16.015421576334003, 50.601818528463909 ], [ 16.000785294759599, 50.609467249460103 ], [ 15.994574560037725, 50.612853554206126 ], [ 16.000334584121855, 50.616548622666457 ], [ 16.012974734103267, 50.624898565469216 ], [ 16.011762651417673, 50.636438838054247 ], [ 16.01055955210062, 50.647979316878363 ], [ 16.009366356488403, 50.65952002582069 ], [ 16.008183864522277, 50.671060985694645 ], [ 15.996470223620282, 50.67714681322267 ], [ 15.987377676125346, 50.682095946897341 ], [ 15.976190747951382, 50.687899031694236 ], [ 15.956634298464607, 50.687342632069829 ], [ 15.937078528563847, 50.686781838848702 ], [ 15.917523428033816, 50.686216884374431 ], [ 15.90754013905398, 50.680003250475906 ], [ 15.898715405689321, 50.674334879781718 ], [ 15.879166451821684, 50.673760174499243 ], [ 15.869532183209142, 50.678987708918797 ], [ 15.868363355666018, 50.69052788775079 ], [ 15.858104946542118, 50.695824207422689 ], [ 15.847562407084508, 50.701538310616073 ], [ 15.846418047868289, 50.713078952735778 ], [ 15.837020607096999, 50.717924772361464 ], [ 15.825640315114315, 50.724086188942749 ], [ 15.82452045405749, 50.735627305355514 ], [ 15.823413164362105, 50.747168742799438 ], [ 15.815141424260233, 50.751429806904881 ], [ 15.795560992252753, 50.750856038321082 ], [ 15.788094877870448, 50.7462003750707 ], [ 15.77676283902947, 50.738907340541182 ], [ 15.757188496802138, 50.738325783696524 ], [ 15.737614762570807, 50.737741382535788 ], [ 15.718041635063013, 50.737154199486135 ], [ 15.698469113427048, 50.736564289515549 ], [ 15.685904657341787, 50.743338013197516 ], [ 15.684800651916612, 50.7548785319511 ], [ 15.677284159308554, 50.758740611837396 ], [ 15.657703114803095, 50.758148763995919 ], [ 15.638122678407605, 50.757554247145784 ], [ 15.624788844662717, 50.764727326620431 ], [ 15.617720223480555, 50.768356350195411 ], [ 15.604063554929796, 50.775697134149084 ], [ 15.597307660960995, 50.77916499421427 ], [ 15.577719334259578, 50.778565373698008 ], [ 15.558131624726993, 50.777963091053174 ], [ 15.538544534452228, 50.777358156850191 ], [ 15.518958065693949, 50.776750579136738 ], [ 15.504808779825073, 50.784334033672252 ], [ 15.498518473815931, 50.787559315211979 ], [ 15.4789284049809, 50.786947539250143 ], [ 15.464464695197545, 50.794689139224232 ], [ 15.458474553015538, 50.797759503414177 ], [ 15.443755533690966, 50.805631341079796 ], [ 15.438010685888637, 50.808575762261505 ], [ 15.432803159547039, 50.805296556556527 ], [ 15.4192878932644, 50.796524427134329 ], [ 15.41392350963204, 50.793144499428244 ], [ 15.414602101109088, 50.781592839782228 ], [ 15.401452449675265, 50.773049790633614 ], [ 15.381870406434992, 50.772423769357502 ], [ 15.367436030860489, 50.780131657938611 ], [ 15.366336333551462, 50.79167003141059 ], [ 15.365244635437879, 50.803208635933004 ], [ 15.364160653993034, 50.814747462873058 ], [ 15.363084107149056, 50.826286503602816 ], [ 15.36201471452909, 50.837825749537913 ], [ 15.356948764603528, 50.840421201204421 ], [ 15.34131540906052, 50.848750418829461 ], [ 15.336440854875594, 50.851247727188529 ], [ 15.320617056874728, 50.859671525552898 ], [ 15.315923030194472, 50.862076274827793 ], [ 15.299919015610136, 50.870589050838653 ], [ 15.295395306319316, 50.872906482226512 ], [ 15.279220679429141, 50.881502976533802 ], [ 15.278167693887704, 50.893042145745561 ], [ 15.277119990734391, 50.904581466453159 ], [ 15.273024411629345, 50.906680678292773 ], [ 15.256423120944522, 50.915491568303565 ], [ 15.255381205634198, 50.927030917650789 ], [ 15.270603685866288, 50.936928733507663 ], [ 15.274006288839285, 50.939200265679304 ], [ 15.289329198253238, 50.94915587709265 ], [ 15.29264524962244, 50.951366953153219 ], [ 15.289003824832225, 50.953236335932026 ], [ 15.271952818303591, 50.962280094318118 ], [ 15.270932163777129, 50.97382017791606 ], [ 15.267504298699281, 50.975580556915006 ], [ 15.247839099862592, 50.974944205322942 ], [ 15.230557408587163, 50.984095286927825 ], [ 15.229535403051292, 50.99563505814104 ], [ 15.226308608636154, 50.997292184734661 ], [ 15.223383809170512, 50.995436086470868 ], [ 15.207573349161088, 50.985154795660527 ], [ 15.204577033268254, 50.983252897404526 ], [ 15.188847700192328, 50.973016628948031 ], [ 15.171528722500319, 50.982172942731196 ], [ 15.170493449930598, 50.99371192662786 ], [ 15.169461429726299, 51.005251001194843 ], [ 15.168432498848466, 51.016790161156912 ], [ 15.165391868408665, 51.018351051557168 ], [ 15.162638000928929, 51.016599735096698 ], [ 15.14666519360528, 51.006200116260601 ], [ 15.143846411073675, 51.004407177104675 ], [ 15.144725034223814, 50.992863187090414 ], [ 15.12890581918097, 50.982553642952936 ], [ 15.111461131355259, 50.991759117142628 ], [ 15.108278209401908, 50.993390134117249 ], [ 15.090735759428769, 51.002639585235237 ], [ 15.089688661899608, 51.014177667346928 ], [ 15.086671819314866, 51.015723984795834 ], [ 15.066993624994755, 51.015059365348115 ], [ 15.064269931279421, 51.013322954164067 ], [ 15.048294862395732, 51.002893307161429 ], [ 15.030641713085865, 51.012183648866127 ], [ 15.027639443262466, 51.013720692681019 ], [ 15.007963463109338, 51.013046636436918 ], [ 14.988288228274024, 51.012369431577952 ], [ 14.98558365512938, 51.010641847117775 ], [ 14.986507382395782, 50.999100149967141 ], [ 14.987426974169342, 50.987558296940485 ], [ 14.990577809339058, 50.985853848623393 ], [ 15.010242320933639, 50.986525378346016 ], [ 15.027654036793043, 50.977361847418294 ], [ 15.028554706823192, 50.965819128320277 ], [ 15.029450757855102, 50.954276238243111 ], [ 15.013881418925365, 50.944089831969123 ], [ 15.010701345677536, 50.942062853450302 ], [ 15.011592850183495, 50.930519874244517 ], [ 14.996210779551284, 50.920446335975157 ], [ 14.99284930291493, 50.918303619831796 ], [ 14.99656874454331, 50.916281506126744 ], [ 15.013360408951355, 50.907433346813143 ], [ 14.998182833572956, 50.897489641964263 ], [ 14.994616600895448, 50.895217239823971 ], [ 14.998562305823084, 50.893068736261704 ], [ 15.015106186047326, 50.884346020662186 ], [ 15.015970446507239, 50.872802042487585 ], [ 15.001134223706837, 50.863075982740263 ], [ 14.981522525943937, 50.862396856482285 ], [ 14.96191156230865, 50.861714735140957 ], [ 14.942301336458833, 50.86102961451688 ], [ 14.925858234044616, 50.869686487814484 ], [ 14.921689717073965, 50.871809645871373 ], [ 14.902076171447804, 50.871118460019396 ], [ 14.882463376192973, 50.870424248327751 ], [ 14.86285133494974, 50.86972700731787 ], [ 14.843240051354243, 50.869026733620537 ], [ 14.823629529037937, 50.868323423979326 ], [ 14.807007398873502, 50.877044429545869 ], [ 14.821965867725929, 50.886899675233352 ], [ 14.825478917265089, 50.88928172198333 ], [ 14.840549261040056, 50.899203247092586 ], [ 14.843964793110436, 50.901516460771944 ], [ 14.842831400654166, 50.913050046943873 ], [ 14.85811141168602, 50.92310004433282 ], [ 14.861339844354479, 50.925282633757519 ], [ 14.876719286518609, 50.935390447240522 ], [ 14.879862243557417, 50.937512637348085 ], [ 14.878748898794644, 50.949047150147344 ], [ 14.894314242264606, 50.959267397166634 ], [ 14.897293075982478, 50.96127495297678 ], [ 14.912946571566765, 50.971545362736435 ], [ 14.915850816811558, 50.973500144002948 ], [ 14.914756328213848, 50.985035529049213 ], [ 14.913664758537806, 50.996571001313256 ], [ 14.929559125070622, 51.00698736861942 ], [ 14.932250980975317, 51.008794315096452 ], [ 14.931169529852705, 51.020330235142566 ], [ 14.947208993674622, 51.030831636197028 ], [ 14.949776059775383, 51.032551262834723 ], [ 14.948704247205548, 51.04408761080353 ], [ 14.947634716019882, 51.055624023061895 ], [ 14.963869192140747, 51.066240747456526 ], [ 14.9662680103095, 51.067843083398117 ], [ 14.965207436664, 51.079379896642429 ], [ 14.981559378078463, 51.090063176584017 ], [ 14.983859969706815, 51.091596610338414 ], [ 14.982807939509673, 51.103133807467536 ], [ 14.981757643218875, 51.114671049403555 ], [ 14.980708977252757, 51.126208332633006 ], [ 14.979661841875613, 51.137745653772249 ], [ 14.996263717607277, 51.148575113537049 ], [ 14.998352230069242, 51.149960956839251 ], [ 14.996040692641456, 51.151148375949909 ], [ 14.977571782476467, 51.160820396871244 ], [ 14.994258247084, 51.17170054997392 ], [ 14.996274418739853, 51.173036323626192 ], [ 14.995237320579392, 51.184574046882268 ], [ 15.012003771722684, 51.195495811290719 ], [ 15.01395765730668, 51.196787543519058 ], [ 15.012927517492036, 51.208325590068419 ], [ 15.011898322718025, 51.21986365416705 ], [ 15.010869999047838, 51.231401733327871 ], [ 15.027774759844684, 51.242398405077516 ], [ 15.029619158044015, 51.243613366847342 ], [ 15.028597241297577, 51.255151747980314 ], [ 15.027575996926835, 51.266690137293558 ], [ 15.026555361522599, 51.278228532663647 ], [ 15.025535274147879, 51.289766932049744 ], [ 15.0235962171294, 51.290767010359005 ], [ 15.00471455805965, 51.300630397007204 ], [ 15.003690489670056, 51.312168519607148 ], [ 15.001796373207245, 51.313145316853692 ], [ 14.982856741140681, 51.323027805399526 ], [ 14.981828453921269, 51.334565642438541 ], [ 14.979974674517711, 51.335521480973355 ], [ 14.960981420334738, 51.345420735034502 ], [ 14.95994869606581, 51.356958278286967 ], [ 14.977116856577597, 51.36811320569808 ], [ 14.978745012263031, 51.369179116550967 ], [ 14.976941654202109, 51.370109289996691 ], [ 14.957883715434825, 51.380033338430003 ], [ 14.956851372790183, 51.391570852386039 ], [ 14.955819073810801, 51.403108353735135 ], [ 14.954786779375636, 51.41464584114663 ], [ 14.953754451869642, 51.42618331334107 ], [ 14.971024349018645, 51.43739035215679 ], [ 14.972580579046459, 51.438405764913639 ], [ 14.970856469898022, 51.439295360342463 ], [ 14.95168955441215, 51.44925820720654 ], [ 14.95065691631852, 51.460795626559708 ], [ 14.948955456627129, 51.461673113591978 ], [ 14.929751576341928, 51.471643824883735 ], [ 14.928061220704215, 51.472515147030656 ], [ 14.908836972695328, 51.48248807508304 ], [ 14.907157094596874, 51.483353548116163 ], [ 14.887282505166075, 51.482656320218183 ], [ 14.867408712433832, 51.48195577129038 ], [ 14.84815421593812, 51.491925309749085 ], [ 14.846486312777344, 51.492783320273723 ], [ 14.827212773975869, 51.502754347971916 ], [ 14.82555401998461, 51.503607183067672 ], [ 14.806261956538277, 51.513579417734846 ], [ 14.804611830614755, 51.514427338721205 ], [ 14.784726294795272, 51.513712649341706 ], [ 14.764841577047987, 51.512994631267254 ], [ 14.745521806978665, 51.522962082553228 ], [ 14.743881137592254, 51.523803827614806 ], [ 14.72454394574418, 51.533771880183508 ], [ 14.723454325461059, 51.545305910287965 ], [ 14.721827786204464, 51.546139819027537 ], [ 14.702461589641187, 51.556111391721394 ], [ 14.701366129269436, 51.567645065382436 ], [ 14.71874066188542, 51.578965369493929 ], [ 14.720182902215887, 51.579907830021078 ], [ 14.737571616964766, 51.591228678887198 ], [ 14.739010082996648, 51.592167793851289 ], [ 14.756412734596605, 51.603489014736724 ], [ 14.757847657274477, 51.604424951924045 ], [ 14.756765261446352, 51.615959399729114 ], [ 14.755171363647568, 51.616776660287776 ], [ 14.735747868985214, 51.626770244560603 ], [ 14.75317711066956, 51.638101717497115 ], [ 14.754598886470021, 51.639028199239917 ], [ 14.753014412280757, 51.639840328100675 ], [ 14.733570381558865, 51.649838383481693 ], [ 14.751016480362766, 51.661176111869814 ], [ 14.752430299679924, 51.662096867060882 ], [ 14.750854549677987, 51.662904200670816 ], [ 14.731390614477631, 51.672906388295395 ], [ 14.730299843801582, 51.684440339270218 ], [ 14.728732603785641, 51.685242569114251 ], [ 14.709244776870468, 51.695245513581298 ], [ 14.707681700048347, 51.696045033724573 ], [ 14.68817992440542, 51.706046668668634 ], [ 14.686620811437312, 51.706843578377438 ], [ 14.667105269885145, 51.716843799908958 ], [ 14.665996909004003, 51.728376705361157 ], [ 14.66444505241669, 51.729169128703788 ], [ 14.644906744729603, 51.739169467278742 ], [ 14.643792026663018, 51.750701994891614 ], [ 14.642676636395299, 51.76223448528927 ], [ 14.641560567684312, 51.773766938252081 ], [ 14.640443814952013, 51.785299353585032 ], [ 14.639326373255031, 51.796831731116512 ], [ 14.63779378930392, 51.797612717682149 ], [ 14.617788275287456, 51.796867306556699 ], [ 14.598188037926683, 51.806870010324374 ], [ 14.596658315119745, 51.80764853772844 ], [ 14.577045273290885, 51.817649263510411 ], [ 14.575910543835699, 51.829180601829172 ], [ 14.593440107172668, 51.840579829089911 ], [ 14.594799043540529, 51.841464954409822 ], [ 14.593667956430897, 51.852996525195493 ], [ 14.611216656174797, 51.86439699894504 ], [ 14.631251958692541, 51.865143989312251 ], [ 14.632607050028076, 51.866025195535315 ], [ 14.650173343324429, 51.877421787466446 ], [ 14.651526569861785, 51.878301075819444 ], [ 14.669105044234373, 51.889696726532144 ], [ 14.670456443516048, 51.890574123766818 ], [ 14.688047069227864, 51.90196880286139 ], [ 14.689396678535063, 51.902844335278168 ], [ 14.688287470165562, 51.914377245444506 ], [ 14.687177562857419, 51.925910117635752 ], [ 14.704793816636991, 51.937307769473797 ], [ 14.706136966973967, 51.938178018035678 ], [ 14.705030767206129, 51.949711117261707 ], [ 14.70392387351732, 51.961244178753738 ], [ 14.702816286578203, 51.97277720254808 ], [ 14.701708007173869, 51.984310188685257 ], [ 14.719362754559452, 51.995714294700775 ], [ 14.720695493222994, 51.996576299352711 ], [ 14.719590956427338, 52.008109512653384 ], [ 14.718485733994351, 52.019642688602453 ], [ 14.736165285078819, 52.031049118165349 ], [ 14.737492550095643, 52.031906471980747 ], [ 14.736391096467031, 52.043439874794494 ], [ 14.735288964334663, 52.054973240571307 ], [ 14.752992929035834, 52.066381696016855 ], [ 14.754315176890591, 52.067234689286188 ], [ 14.752840627594839, 52.067984209460803 ], [ 14.733082668717186, 52.078039861213014 ], [ 14.731978507275377, 52.089573116176176 ], [ 14.730507488352105, 52.090320063151566 ], [ 14.71036885676885, 52.089587607111937 ], [ 14.690587341820917, 52.099637989389414 ], [ 14.689117654518755, 52.100383277138057 ], [ 14.669324510055159, 52.110430936895995 ], [ 14.668202834039347, 52.121963169505186 ], [ 14.667080474532668, 52.133495364925466 ], [ 14.665957432442479, 52.145027523202771 ], [ 14.68369274530404, 52.156456523137308 ], [ 14.685001391175266, 52.157300494621971 ], [ 14.702747995576811, 52.16872780717263 ], [ 14.704055915536003, 52.169570599422677 ], [ 14.702595219000182, 52.17031059264508 ], [ 14.682762266657127, 52.180365238167425 ], [ 14.68164169129474, 52.191897554716661 ], [ 14.680520441708575, 52.203429834510388 ], [ 14.698289144063038, 52.21486171382076 ], [ 14.699593029690963, 52.215701012382119 ], [ 14.698475634976928, 52.227233524255197 ], [ 14.697357572875134, 52.238765999676872 ], [ 14.696238844413797, 52.250298438697534 ], [ 14.694784638245496, 52.251033861286722 ], [ 14.674574259593964, 52.250293738287809 ], [ 14.654689664158848, 52.260347073081455 ], [ 14.653235505112963, 52.261081490567044 ], [ 14.633021672264439, 52.260334166018644 ], [ 14.613122523981811, 52.270380626969995 ], [ 14.61166827800856, 52.271114105122386 ], [ 14.591451006875635, 52.270359572993065 ], [ 14.571537436299998, 52.280399085023056 ], [ 14.570384709661722, 52.291929518875328 ], [ 14.569231297982782, 52.303459915610894 ], [ 14.568077202550757, 52.314990275291791 ], [ 14.566623321618684, 52.315722040189684 ], [ 14.546681127723026, 52.325757836041305 ], [ 14.545520429789697, 52.337287806092448 ], [ 14.544359048247127, 52.348817739121344 ], [ 14.543196984687524, 52.360347635202061 ], [ 14.54203424078959, 52.371877494411983 ], [ 14.540870818317291, 52.383407316831814 ], [ 14.539415012740289, 52.384138573027826 ], [ 14.519434839877782, 52.394168975401861 ], [ 14.537243147076705, 52.405631443303569 ], [ 14.538541945115965, 52.406466851639806 ], [ 14.537376498313623, 52.417996564204778 ], [ 14.536210380780014, 52.429526240332926 ], [ 14.554035568444736, 52.440985663081527 ], [ 14.574329834554508, 52.441748270446219 ], [ 14.575632275733842, 52.442584259757268 ], [ 14.593472267930363, 52.454037484609003 ], [ 14.594776382671204, 52.454873789293814 ], [ 14.593624130278165, 52.466404305369714 ], [ 14.611476363897367, 52.477853881062423 ], [ 14.612783712958672, 52.478691228694899 ], [ 14.630644661321583, 52.490137313620707 ], [ 14.631954151511419, 52.490975262757395 ], [ 14.630810568624161, 52.502506298944105 ], [ 14.629342753412773, 52.503243946128499 ], [ 14.609337056813393, 52.513283400108151 ], [ 14.608186901090885, 52.524814053983377 ], [ 14.607036114328398, 52.536344673071824 ], [ 14.605884698986191, 52.547875257479653 ], [ 14.623761518876336, 52.559316874280917 ], [ 14.625083234558364, 52.560160959708902 ], [ 14.623935901189473, 52.571691788573133 ], [ 14.622453028696954, 52.572436011288019 ], [ 14.602426705678326, 52.582466803667074 ], [ 14.601272800024899, 52.593997250393507 ], [ 14.600118277580922, 52.605527662952291 ], [ 14.598625732514035, 52.60627581218737 ], [ 14.57858676283535, 52.616297822327347 ], [ 14.577090803351, 52.617047080054967 ], [ 14.556715533142595, 52.6162828279652 ], [ 14.536664928049099, 52.626296285792996 ], [ 14.535165678045628, 52.627046144770972 ], [ 14.515108136297854, 52.637054293761594 ], [ 14.513605295511773, 52.637805336819369 ], [ 14.493540912489177, 52.647808125532123 ], [ 14.492034380908455, 52.648560397066682 ], [ 14.471646850153867, 52.64778111717353 ], [ 14.451570949647524, 52.657775280525016 ], [ 14.450375131285611, 52.669303242094685 ], [ 14.448860937092316, 52.670058093281298 ], [ 14.428776554583207, 52.680044517657166 ], [ 14.427574069656545, 52.691572081885745 ], [ 14.426051334868632, 52.692330379348284 ], [ 14.405958986203395, 52.702308798552103 ], [ 14.404432075045678, 52.703068537745871 ], [ 14.384333412019048, 52.713041314045725 ], [ 14.383118192851509, 52.724568112569408 ], [ 14.381581999850537, 52.725331638021743 ], [ 14.361476056317118, 52.7352960540533 ], [ 14.359935422493509, 52.736061134045052 ], [ 14.33982339717263, 52.746019783099015 ], [ 14.338278267450296, 52.746786437797986 ], [ 14.31816020437129, 52.756739294994439 ], [ 14.316610530296247, 52.757507541189341 ], [ 14.296486466798559, 52.767454585017795 ], [ 14.294932206622978, 52.768224436105413 ], [ 14.274494561959909, 52.767409587131816 ], [ 14.254359060076784, 52.777347919689937 ], [ 14.253107312733672, 52.78887248052002 ], [ 14.251543782155116, 52.789645568054453 ], [ 14.231401873963224, 52.799575076518067 ], [ 14.229833672607729, 52.800349788912762 ], [ 14.209685845930107, 52.810273431685069 ], [ 14.208112959031498, 52.811049768982777 ], [ 14.187657844379663, 52.810219318596673 ], [ 14.167498302885887, 52.820134370422004 ], [ 14.165922161237944, 52.820911140700581 ], [ 14.145463696954218, 52.820073263797447 ], [ 14.125292267037331, 52.829979805259079 ], [ 14.124004306940014, 52.841502096156987 ], [ 14.122715623843506, 52.853024348999163 ], [ 14.140496463715619, 52.864484082282743 ], [ 14.141906969108202, 52.865388176175642 ], [ 14.140622316577566, 52.876910705142784 ], [ 14.158404756689881, 52.888359886251457 ], [ 14.159829681331781, 52.889271987475638 ], [ 14.158214121657837, 52.890066813112405 ], [ 14.138050846583988, 52.899955649276805 ], [ 14.136764024957234, 52.911478064308213 ], [ 14.13547647549845, 52.923000441199441 ], [ 14.134188195101773, 52.934522779840727 ], [ 14.13289918016347, 52.946045080101769 ], [ 14.131609426528065, 52.957567341829588 ], [ 14.149378406805731, 52.968990987776806 ], [ 14.150850228040763, 52.96993082024278 ], [ 14.168619978227266, 52.981345780057346 ], [ 14.189155535523087, 52.982178812517787 ], [ 14.190641223181943, 52.983125958003711 ], [ 14.208414556158603, 52.994527274964646 ], [ 14.228957568450403, 52.995353521810983 ], [ 14.230457637094363, 52.996308296282415 ], [ 14.248234044696144, 53.007695651120258 ], [ 14.249745504550836, 53.008656755189719 ], [ 14.26752154251454, 53.020034699499199 ], [ 14.288078439076198, 53.020850909559087 ], [ 14.289605139012126, 53.021820177720855 ], [ 14.307383406736962, 53.033183630470511 ], [ 14.308922149825836, 53.034159640456707 ], [ 14.326699411621655, 53.045513281899019 ], [ 14.328250449766243, 53.046496196380971 ], [ 14.346026460850107, 53.057839872734945 ], [ 14.347590020701261, 53.058829840047821 ], [ 14.346354383599031, 53.070355552080763 ], [ 14.364124613725503, 53.081683945927182 ], [ 14.365709949489947, 53.082686574112557 ], [ 14.364478237053188, 53.094212540918072 ], [ 14.363245684315595, 53.105738465564059 ], [ 14.36201227103532, 53.117264347274372 ], [ 14.379767334600542, 53.128566621637788 ], [ 14.381393118167093, 53.129593321778295 ], [ 14.380163473123934, 53.1411194509352 ], [ 14.378319994523423, 53.142026688515692 ], [ 14.358306653816561, 53.15184172656663 ], [ 14.357069581395862, 53.163367428195997 ], [ 14.355831537736318, 53.174893082631797 ], [ 14.373565186231314, 53.186169571036039 ], [ 14.37523541124304, 53.18722350501104 ], [ 14.374000911714383, 53.198749398532584 ], [ 14.391728744388114, 53.210010601731575 ], [ 14.393420306193724, 53.211077156225585 ], [ 14.392189266375697, 53.222603284315944 ], [ 14.409911858913988, 53.233849572630369 ], [ 14.411624097319175, 53.234928366798307 ], [ 14.429345343307579, 53.246164649273766 ], [ 14.431069846697561, 53.247250484486109 ], [ 14.44878997744199, 53.258476910557526 ], [ 14.450526499591664, 53.259569632289427 ], [ 14.448571609499295, 53.260529582832731 ], [ 14.428622333098994, 53.270303709150753 ], [ 14.426663036795262, 53.271264708469161 ], [ 14.406706775764137, 53.281033485590171 ], [ 14.405474607483386, 53.292559632136914 ], [ 14.404241285337493, 53.304085724719116 ], [ 14.403006804057265, 53.315611763142215 ], [ 14.401771160786009, 53.327137747304697 ], [ 14.400534355068633, 53.338663677197779 ], [ 14.399296388801613, 53.350189552903558 ], [ 14.397291841703176, 53.351168558957738 ], [ 14.377328957261062, 53.360912687936029 ], [ 14.395029195201692, 53.372115584262673 ], [ 14.396816993406549, 53.373241142514928 ], [ 14.394801223619556, 53.374224626851017 ], [ 14.37483604855144, 53.383963497430074 ], [ 14.373587881960054, 53.395488821927309 ], [ 14.372338588767668, 53.407014093515627 ], [ 14.371088182020461, 53.418539312711559 ], [ 14.369836676006514, 53.430064480080226 ], [ 14.368584086031907, 53.441589596226677 ], [ 14.36733042819716, 53.45311466178719 ], [ 14.36528912209244, 53.454106633965019 ], [ 14.345297705979643, 53.463830347183062 ], [ 14.344036301871041, 53.47535497298297 ], [ 14.342773874260461, 53.486879549894489 ], [ 14.341510440477055, 53.498404078606491 ], [ 14.339461887234078, 53.499397220698185 ], [ 14.319446359762804, 53.509114255884327 ], [ 14.318175284940013, 53.520638347134813 ], [ 14.316903248366286, 53.532162391910511 ], [ 14.314852366031506, 53.533154845108804 ], [ 14.294814615536236, 53.542867443915526 ], [ 14.293535011510915, 53.554391052395736 ], [ 14.311260806170678, 53.565588903662189 ], [ 14.313081525261428, 53.566734253692914 ], [ 14.311805795256836, 53.578258118736102 ], [ 14.310529176511743, 53.589781940241465 ], [ 14.309251681180649, 53.601305718701362 ], [ 14.307973320522482, 53.612829454573308 ], [ 14.305906149899471, 53.613827178774599 ], [ 14.285838503960546, 53.623531779480842 ], [ 14.284552716395032, 53.635055084546984 ], [ 14.283266087615729, 53.646578347993596 ], [ 14.281978625477381, 53.658101570146933 ], [ 14.279908156183692, 53.659098931979841 ], [ 14.259812934084787, 53.668798366563841 ], [ 14.27756679295144, 53.679996275808186 ], [ 14.27940122829092, 53.681147891711952 ], [ 14.277325649138243, 53.682147053544206 ], [ 14.257222421260122, 53.691843908702786 ], [ 14.255925941626913, 53.703366618951812 ], [ 14.254628652109504, 53.714889288898526 ], [ 14.253330556034156, 53.726411918692023 ], [ 14.271096835531056, 53.737605408071119 ], [ 14.272943544590506, 53.738762989674228 ], [ 14.270853580417107, 53.739767458402959 ], [ 14.250731954315599, 53.749457058289202 ], [ 14.268502597781136, 53.760648391521158 ], [ 14.270354863551416, 53.761808749550397 ], [ 14.269059328370325, 53.773331569980179 ], [ 14.267762997492081, 53.784854350790205 ], [ 14.266465870915024, 53.796377091997726 ], [ 14.264358834457333, 53.797388174646983 ], [ 14.244221453449477, 53.807069210502753 ], [ 14.242916955375806, 53.818591521697101 ], [ 14.241611656311051, 53.83011379311565 ], [ 14.239500614902225, 53.831125278686024 ], [ 14.219342897579624, 53.840800740193657 ], [ 14.218030206805459, 53.852322579240742 ], [ 14.216716706964405, 53.863844378227192 ], [ 14.215402395901929, 53.875366137084669 ], [ 14.214087271260066, 53.886887855736717 ], [ 14.212771330502269, 53.898409534099656 ], [ 14.210642345114978, 53.899427139499245 ], [ 14.190458355817347, 53.909090112179662 ], [ 14.208251112132567, 53.920274659759741 ], [ 14.210136989739194, 53.921452769593557 ], [ 14.227929333123441, 53.932627736539516 ], [ 14.248931197726124, 53.933457785935389 ], [ 14.269934124668062, 53.934284098321044 ], [ 14.290938109166113, 53.935106674049955 ], [ 14.311074459091538, 53.925444973345705 ], [ 14.313236986977557, 53.924404654341011 ], [ 14.333358529616028, 53.914741173692676 ], [ 14.335524520191337, 53.913698189431535 ], [ 14.356520149906139, 53.914508948422224 ], [ 14.377516815796268, 53.915315978647818 ], [ 14.379466964591916, 53.916527949199399 ], [ 14.397244559517487, 53.927641453397435 ], [ 14.418249033171504, 53.928441331323917 ], [ 14.439254529083778, 53.929237484967189 ], [ 14.441237030865869, 53.930466741288889 ], [ 14.459007473341105, 53.941552893973707 ], [ 14.461004376796343, 53.942789915042852 ], [ 14.478772077544919, 53.953865089388252 ], [ 14.480783681197876, 53.95511005438366 ], [ 14.498548350020746, 53.966174074165323 ], [ 14.519575171979108, 53.966956243349138 ], [ 14.521611645718005, 53.96821462388116 ], [ 14.539369891557934, 53.979258605235053 ], [ 14.560404479057143, 53.98003365226959 ], [ 14.562466389099795, 53.981305788852296 ], [ 14.580217650154067, 53.992329408153495 ], [ 14.601259989214848, 53.993097352728498 ], [ 14.622303307943229, 53.993861609388077 ], [ 14.624401301377585, 53.995153269018573 ], [ 14.642141691759971, 54.006147393114873 ], [ 14.663192737353734, 54.006904587476143 ], [ 14.684244746845859, 54.007658117640588 ], [ 14.686379167352406, 54.00896952733622 ], [ 14.704108332062585, 54.019934000092555 ], [ 14.725168042665935, 54.020680520385795 ], [ 14.72732872521583, 54.022006218279166 ], [ 14.745050078615579, 54.032949926937938 ], [ 14.766117474404444, 54.033689479402241 ], [ 14.768304242688382, 54.035029378378852 ], [ 14.786017962552981, 54.04595246032423 ], [ 14.807093027209046, 54.046685092338279 ], [ 14.82816901792177, 54.047414135977952 ], [ 14.849245928888104, 54.048139603836219 ], [ 14.851477051812347, 54.049503531979646 ], [ 14.869178317494988, 54.060389668864815 ], [ 14.890262858818364, 54.061108320552968 ], [ 14.911348303672135, 54.061823435905303 ], [ 14.93243464630949, 54.062535027965041 ], [ 14.934706492721373, 54.063920912452218 ], [ 14.952398892285647, 54.074772413441309 ], [ 14.973492826961056, 54.075477299551089 ], [ 14.975786360912544, 54.076874876989187 ], [ 14.99347550443823, 54.087708565439023 ], [ 15.014577015005802, 54.088406800787197 ], [ 15.035679396598745, 54.089101575892784 ], [ 15.037999243223499, 54.090513130048798 ], [ 15.055687196158301, 54.101323647637578 ], [ 15.07679712803591, 54.102011844600725 ], [ 15.09790791572531, 54.102696611701361 ], [ 15.100249901001204, 54.104119680201421 ], [ 15.11794082547061, 54.114909604195915 ], [ 15.139059139731019, 54.115587849560001 ], [ 15.160178295611352, 54.11626268617195 ], [ 15.162537718232647, 54.117694467283357 ], [ 15.180236307179586, 54.128466682248259 ], [ 15.201362968268077, 54.129135030985331 ], [ 15.203733223337906, 54.130572060888532 ], [ 15.221439411943672, 54.141333151627137 ], [ 15.242573567217141, 54.141995020577106 ], [ 15.263708543323649, 54.142653489059278 ], [ 15.266087678043483, 54.144094059720999 ], [ 15.283810090264444, 54.154842654878742 ], [ 15.304952543534327, 54.155494630785853 ], [ 15.326095806560339, 54.156143193888688 ], [ 15.347239875581023, 54.156788338065347 ], [ 15.368384746916476, 54.157430056117818 ], [ 15.389530416958761, 54.158068339850551 ], [ 15.391906920934524, 54.15950378630388 ], [ 15.409677031964575, 54.170239130692238 ], [ 15.430830145750866, 54.170870820560012 ], [ 15.451984048692394, 54.171499043107296 ], [ 15.47313873737383, 54.172123786911456 ], [ 15.494294208397186, 54.172745040066026 ], [ 15.515450458371477, 54.173362790288991 ], [ 15.517807680565189, 54.174782700593667 ], [ 15.535642110161572, 54.185514728640015 ], [ 15.556805774555723, 54.186125716671498 ], [ 15.577970208642833, 54.186733159616132 ], [ 15.580315346093416, 54.188143513468816 ], [ 15.598186970739933, 54.19887556799916 ], [ 15.619358807483229, 54.199476152062232 ], [ 15.640531404369813, 54.200073149029841 ], [ 15.661704757793412, 54.200666546856439 ], [ 15.66402847997627, 54.202060891791504 ], [ 15.681953274841197, 54.212795895606348 ], [ 15.703134011865211, 54.213382313575693 ], [ 15.724315495165817, 54.213965094833299 ], [ 15.745497720875793, 54.21454422933607 ], [ 15.747797203007368, 54.215920705106235 ], [ 15.765777992167875, 54.226660240033127 ], [ 15.786967580099624, 54.22723229058181 ], [ 15.789256592367238, 54.228600607314753 ], [ 15.807266358357634, 54.239341647198785 ], [ 15.828463299757265, 54.239906566589568 ], [ 15.849660964857984, 54.240467791555908 ], [ 15.851931530007892, 54.241822348018339 ], [ 15.869984880883974, 54.252566954892842 ], [ 15.891189882115942, 54.253120993594344 ], [ 15.912395594750565, 54.253671318718247 ], [ 15.933602014307326, 54.254217926167023 ], [ 15.954809136257619, 54.254760812377192 ], [ 15.976016956028605, 54.255299974285265 ], [ 15.997225469007171, 54.255835409291095 ], [ 16.018434670543915, 54.256367115219071 ], [ 16.020647521073666, 54.25768042838525 ], [ 16.038816739165238, 54.268438384315132 ], [ 16.060033215297057, 54.268962826711842 ], [ 16.081250366513817, 54.269483533613872 ], [ 16.083444785569366, 54.270783110713523 ], [ 16.101657537853274, 54.281544355985567 ], [ 16.122881942612633, 54.282057782696988 ], [ 16.125065937989273, 54.283349203206399 ], [ 16.143307632556098, 54.294111667336679 ], [ 16.14548907424869, 54.295400403823891 ], [ 16.16374526716859, 54.306162147987365 ], [ 16.184983493329437, 54.306664728690102 ], [ 16.187154903090722, 54.307945551201279 ], [ 16.205439662811777, 54.318708235060683 ], [ 16.207608826708054, 54.319986553309157 ], [ 16.225907796066238, 54.330748313103456 ], [ 16.22807485660358, 54.332024208159275 ], [ 16.246387902309067, 54.34278495312023 ], [ 16.248553011165004, 54.34405851125635 ], [ 16.266879990745508, 54.354818145436447 ], [ 16.269043308795666, 54.356089458095006 ], [ 16.287384070571765, 54.366847880371623 ], [ 16.289545767950266, 54.368117044160712 ], [ 16.307900150976188, 54.378874148219865 ], [ 16.310060407152395, 54.38014126493001 ], [ 16.309310072299677, 54.39168957008247 ], [ 16.32767745971546, 54.402442290111431 ], [ 16.329842456282229, 54.403710593321208 ], [ 16.348223011124329, 54.414461702751801 ], [ 16.350387069025263, 54.41572824085285 ], [ 16.34964736493318, 54.427276861305941 ], [ 16.368040189853428, 54.438023124204847 ], [ 16.370209796026259, 54.4392912982524 ], [ 16.388615286692076, 54.450035631927697 ], [ 16.390784501290966, 54.451302348950094 ], [ 16.390055479662472, 54.462851279543578 ], [ 16.408472457891961, 54.473590278631633 ], [ 16.410648067000388, 54.474859106314142 ], [ 16.429077174190802, 54.485595838955248 ], [ 16.431252969629, 54.486863536150331 ], [ 16.43053466385118, 54.49841277129886 ], [ 16.448974459484727, 54.509143674356309 ], [ 16.451157500831211, 54.510413963563181 ], [ 16.469608868832196, 54.521142253394672 ], [ 16.490963899154693, 54.521591257253824 ], [ 16.49314172496285, 54.522856397343432 ], [ 16.511617029583107, 54.533582615792291 ], [ 16.513796042212849, 54.534847192644541 ], [ 16.532282286050989, 54.545570404534608 ], [ 16.553651104858183, 54.546008242147977 ], [ 16.555826000499739, 54.547268292646052 ], [ 16.574335097986015, 54.557988762927799 ], [ 16.595711088034907, 54.558419074496832 ], [ 16.617087642860291, 54.55884554694903 ], [ 16.619254040810702, 54.560097629765387 ], [ 16.637796972288417, 54.570815053713496 ], [ 16.659180676615421, 54.571233961505541 ], [ 16.680564931839328, 54.571649014599181 ], [ 16.701949733127829, 54.572060208730157 ], [ 16.723335075639145, 54.572467539639327 ], [ 16.744720954521227, 54.572871003087556 ], [ 16.76610736491104, 54.573270594870081 ], [ 16.76825002643859, 54.574502234602811 ], [ 16.786868324276497, 54.585213995211802 ], [ 16.808261825314819, 54.585605938599251 ], [ 16.829655843691555, 54.585993995368518 ], [ 16.83179620441129, 54.587221161069799 ], [ 16.850442092955763, 54.597926153296058 ], [ 16.871843179168312, 54.598306526153294 ], [ 16.893244768374423, 54.598682998615914 ], [ 16.914646855600044, 54.599055567217235 ], [ 16.916785024296409, 54.600277352185181 ], [ 16.935464932853233, 54.610972614453495 ], [ 16.937609942782746, 54.612197023678114 ], [ 16.956295193577908, 54.622885950848797 ], [ 16.958447417905337, 54.624113198990621 ], [ 16.977137645973247, 54.634795579236979 ], [ 16.979297442279055, 54.63602587291313 ], [ 16.997992298183959, 54.646701503835303 ], [ 17.000160005949283, 54.647935040201126 ], [ 17.018859158304302, 54.658603730232009 ], [ 17.021035096448689, 54.659840695578247 ], [ 17.039738234383101, 54.670502265353718 ], [ 17.06118006630107, 54.670847961095141 ], [ 17.063364504538011, 54.672087551261889 ], [ 17.08207790793444, 54.682738976512226 ], [ 17.08427148130593, 54.683982522966225 ], [ 17.102987981302221, 54.694626317898262 ], [ 17.124443346454029, 54.69496040212195 ], [ 17.126647189758128, 54.696207596771771 ], [ 17.14537219573732, 54.70684024305767 ], [ 17.166834537329009, 54.707166550305601 ], [ 17.169049753819696, 54.708418032759241 ], [ 17.187782164912175, 54.719038906148072 ], [ 17.209251467558651, 54.719357437802273 ], [ 17.211479087801795, 54.720613808398149 ], [ 17.230217875663641, 54.73122232853985 ], [ 17.251694123829964, 54.731533089241978 ], [ 17.253935092467497, 54.732794901076659 ], [ 17.272679314569761, 54.743390538783075 ], [ 17.294162492602467, 54.743693536099535 ], [ 17.315646074836682, 54.743992599285406 ], [ 17.337130055970857, 54.744287729897614 ], [ 17.339392041490896, 54.745557470033823 ], [ 17.358147046232411, 54.756130129045225 ], [ 17.379637920829225, 54.756417514334196 ], [ 17.401129178677671, 54.756700973249245 ], [ 17.42262081446632, 54.756980507920517 ], [ 17.444112822884364, 54.757256120574716 ], [ 17.465605198622342, 54.757527813523247 ], [ 17.46790100215901, 54.758810929397029 ], [ 17.486666911998054, 54.769347640464161 ], [ 17.508166123961626, 54.769611623130416 ], [ 17.529665687591606, 54.769871694243982 ], [ 17.551165597589108, 54.770127856334916 ], [ 17.572665848659934, 54.770380111948043 ], [ 17.574996111271556, 54.771677954469361 ], [ 17.593765709370942, 54.782181299342227 ], [ 17.615272749914869, 54.78242587759383 ], [ 17.636780115943846, 54.782666557649058 ], [ 17.658287802186681, 54.782903341947609 ], [ 17.660649550313508, 54.784215169282504 ], [ 17.679419297001228, 54.794689757862102 ], [ 17.700933736545494, 54.794918889469862 ], [ 17.72244848079843, 54.79514413266142 ], [ 17.724836480572748, 54.796467897022744 ], [ 17.743605143439318, 54.806919586409499 ], [ 17.765126615301266, 54.80713719235041 ], [ 17.786648376438723, 54.807350915876114 ], [ 17.808170421632951, 54.807560758606733 ], [ 17.810592113712705, 54.808899736058336 ], [ 17.829358658051511, 54.819321527980897 ], [ 17.8508873952016, 54.819523746902689 ], [ 17.872416401070982, 54.819722088635835 ], [ 17.874865248927449, 54.821073465114559 ], [ 17.893629771580283, 54.831471930388261 ], [ 17.915165444105458, 54.831662652080631 ], [ 17.93670137007884, 54.8318494978191 ], [ 17.958237544334015, 54.832032467605352 ], [ 17.979773961711881, 54.83221156114675 ], [ 18.001310617060472, 54.8323867778318 ], [ 18.022847505234758, 54.832558116703673 ], [ 18.044384621096405, 54.832725576431464 ], [ 18.065921959513489, 54.832889155278941 ], [ 18.087459515360216, 54.83304885107043 ], [ 18.108997283516544, 54.833204661153751 ], [ 18.130535258867798, 54.833356582359713 ], [ 18.152073436304239, 54.833504610957974 ], [ 18.173611810720523, 54.833648742608915 ], [ 18.195150377015143, 54.833788972311055 ], [ 18.216689130089783, 54.833925294343835 ], [ 18.238228064848578, 54.834057702205214 ], [ 18.259767176197268, 54.834186188543661 ], [ 18.281306459042277, 54.834310745084174 ], [ 18.302845908289608, 54.834431362547882 ], [ 18.324385518843673, 54.834548030564633 ], [ 18.345925285605887, 54.834660737578226 ], [ 18.364968756400302, 54.824626667503487 ], [ 18.367645859791722, 54.823211318312168 ], [ 18.386670739750681, 54.813177923538618 ], [ 18.389354153317296, 54.811757798621862 ], [ 18.408360152339728, 54.801725247705008 ], [ 18.411050174030052, 54.800300160984158 ], [ 18.430036960469653, 54.79026864486147 ], [ 18.430202374208076, 54.778709062199432 ], [ 18.430367986853703, 54.767149458518745 ], [ 18.41167984877595, 54.756934769285884 ], [ 18.409047378173383, 54.755487055500794 ], [ 18.409219710380363, 54.743927455160886 ], [ 18.40939227616575, 54.73236783401051 ], [ 18.412056279466658, 54.730954554882146 ], [ 18.43103266349689, 54.720910834639717 ], [ 18.433702575881192, 54.719492941663816 ], [ 18.452660463828462, 54.709449922769885 ], [ 18.455336667924442, 54.70802718166324 ], [ 18.474275637763164, 54.697985103271122 ], [ 18.474430402113114, 54.686425267880281 ], [ 18.474585463002157, 54.674865411760067 ], [ 18.47474083174853, 54.66330553495537 ], [ 18.474896519213502, 54.651745637509073 ], [ 18.475052535703451, 54.640185719461627 ], [ 18.477700483554838, 54.63877497933106 ], [ 18.499137245196163, 54.638857130019439 ], [ 18.518041090509492, 54.628803811011764 ], [ 18.518185248589571, 54.617243771836044 ], [ 18.518329773742867, 54.605683712053867 ], [ 18.520981547183951, 54.604267546609684 ], [ 18.539871218618121, 54.594206850116272 ], [ 18.540010241523383, 54.58264671151511 ], [ 18.542659317678062, 54.581230124359564 ], [ 18.561533100448877, 54.571165914465162 ], [ 18.561666674046347, 54.559605698580285 ], [ 18.56180066398699, 54.548045462091764 ], [ 18.561935073889781, 54.536485205008489 ], [ 18.56206990576068, 54.524924927333558 ], [ 18.562205159874171, 54.513364629063744 ], [ 18.562340834662958, 54.501804310189151 ], [ 18.564927311317557, 54.500418158242688 ], [ 18.583816167700334, 54.490319309774229 ], [ 18.56514311810669, 54.48008822774888 ], [ 18.56261343020093, 54.478683610550718 ], [ 18.562750337771835, 54.467123229730788 ], [ 18.562887639533209, 54.455562828193486 ], [ 18.565417472546688, 54.454206155484236 ], [ 18.584339985233683, 54.44407760569166 ], [ 18.58687428068033, 54.442717007109096 ], [ 18.605779730277511, 54.432588531796519 ], [ 18.60590596288116, 54.421027999644046 ], [ 18.608429229908168, 54.419671567366727 ], [ 18.629751893179566, 54.419726100736717 ], [ 18.648621291656134, 54.409598849831525 ], [ 18.651172712070991, 54.408224312043629 ], [ 18.672489530494403, 54.408270087209047 ], [ 18.691308910488143, 54.398154534918788 ], [ 18.693892444185128, 54.396759609998014 ], [ 18.712690823270179, 54.386646326045231 ], [ 18.715283381492888, 54.385244861983182 ], [ 18.73405996041312, 54.375134294692444 ], [ 18.736662349455642, 54.373725839117064 ], [ 18.757961441887279, 54.373753708173567 ], [ 18.779260576844599, 54.373777027856264 ], [ 18.800559748408663, 54.373795756685773 ], [ 18.819201067735186, 54.363730824914803 ], [ 18.821908934377856, 54.362258792179034 ], [ 18.843202184537326, 54.362268279446305 ], [ 18.861773624221083, 54.352226078246389 ], [ 18.864533455969866, 54.35072244036521 ], [ 18.885820764407548, 54.350722614883075 ], [ 18.907108078681688, 54.350718046164715 ], [ 18.928395392427021, 54.350708705930003 ], [ 18.931359345021093, 54.352285707194866 ], [ 18.949668584295921, 54.362244590637239 ], [ 18.968002152122768, 54.352300982786865 ], [ 18.970969992562743, 54.350675619462308 ], [ 18.99225726594819, 54.350651841025595 ], [ 19.01354451282355, 54.350623228532342 ], [ 19.03483172663508, 54.350589783622326 ], [ 19.056118900844425, 54.350551516712983 ], [ 19.077406028952932, 54.350508447870475 ], [ 19.098693104528486, 54.350460607594648 ], [ 19.119980121234391, 54.350408037483696 ], [ 19.141267072859808, 54.350350790741807 ], [ 19.16255395335099, 54.350288932494244 ], [ 19.183840756842475, 54.35022253987664 ], [ 19.187524168744751, 54.352159557154899 ], [ 19.205184991080252, 54.361696169200556 ], [ 19.226477587646087, 54.361620179897912 ], [ 19.247770089797903, 54.361539898146816 ], [ 19.269062492612097, 54.361455445444889 ], [ 19.290354791480262, 54.361366952335537 ], [ 19.294440202007731, 54.363507139732178 ], [ 19.311734366289713, 54.372814870231828 ], [ 19.333032405895842, 54.372717623482131 ], [ 19.354330328078685, 54.37261671536843 ], [ 19.3756281294968, 54.372512299151232 ], [ 19.380061363714578, 54.374828990800694 ], [ 19.39703710887677, 54.383940629633926 ], [ 19.418340618689928, 54.383828370659351 ], [ 19.422975054319977, 54.386247322909199 ], [ 19.439767307097721, 54.395246969882812 ], [ 19.46107651264678, 54.395127311532868 ], [ 19.465915541471581, 54.397650319278569 ], [ 19.48252090875474, 54.406536465628641 ], [ 19.50383579917127, 54.406409855253912 ], [ 19.508881384661144, 54.409037963592418 ], [ 19.525297903186573, 54.417809872440955 ], [ 19.546618469154037, 54.417676740777623 ], [ 19.551871157937608, 54.42041024150133 ], [ 19.568098282722204, 54.42906793707693 ], [ 19.573487099618795, 54.431870599182517 ], [ 19.589589995161361, 54.440454312894673 ], [ 19.595116725456936, 54.443327028156695 ], [ 19.611093613405281, 54.451835933602325 ], [ 19.616759909618139, 54.454779523370583 ], [ 19.632609144572903, 54.463212867409517 ], [ 19.64819571829193, 54.454614999468184 ], [ 19.653769178042825, 54.451540787127456 ], [ 19.675106724713302, 54.451390240775837 ], [ 19.696444112157675, 54.451237754695569 ], [ 19.717781338499684, 54.451083339872092 ], [ 19.73911840161005, 54.450926991974377 ], [ 19.760455299091049, 54.450768692671325 ], [ 19.781792028267713, 54.450608411081184 ], [ 19.803128586185171, 54.450446105300813 ], [ 19.818322543089948, 54.442021519834455 ], [ 19.824233770230382, 54.438770708351207 ], [ 19.845564015530289, 54.438605281633421 ], [ 19.866894079161423, 54.438437601106493 ], [ 19.888223957052212, 54.438267596799271 ], [ 19.909553644914428, 54.438095195523225 ], [ 19.930883138261077, 54.437920322030251 ], [ 19.952212432425178, 54.437742900052264 ], [ 19.967263394765254, 54.429359595999493 ], [ 19.973268791629593, 54.426058252302688 ], [ 19.994591715755082, 54.425876223330768 ], [ 20.015914425647331, 54.425691379150592 ], [ 20.037236916108309, 54.425503649800838 ], [ 20.058559181858161, 54.425312967779625 ], [ 20.079881217550565, 54.425119268385544 ], [ 20.101203017786979, 54.424922489977625 ], [ 20.122524577129749, 54.424722574163816 ], [ 20.137542296114994, 54.416314556612093 ], [ 20.143525715059749, 54.413019272725222 ], [ 20.164840821712993, 54.412813366804379 ], [ 20.186155671012568, 54.412604147932804 ], [ 20.207470257500784, 54.412391573447742 ], [ 20.228784575730209, 54.412175603986228 ], [ 20.250098620269711, 54.411956203402063 ], [ 20.271412385709571, 54.411733338661065 ], [ 20.292725866665716, 54.411506979719107 ], [ 20.307790270766677, 54.403029229842211 ], [ 20.313671491053906, 54.39977949757148 ], [ 20.334978436699711, 54.39954638901029 ], [ 20.356285082105643, 54.399309705044779 ], [ 20.377591422044549, 54.399069427243539 ], [ 20.39889745132357, 54.398825539302109 ], [ 20.420203164783867, 54.398578026875157 ], [ 20.435353644459564, 54.390018232163634 ], [ 20.441105555134044, 54.386830475449017 ], [ 20.462404676434893, 54.386575953516207 ], [ 20.483703466981595, 54.38631777177676 ], [ 20.505001921756719, 54.386055922590323 ], [ 20.52630003576569, 54.385790399354832 ], [ 20.547597804033305, 54.385521196342701 ], [ 20.568895221599842, 54.385248308539296 ], [ 20.590192283516803, 54.384971731485038 ], [ 20.605437492986038, 54.376313894745998 ], [ 20.611038720122693, 54.373196477490353 ], [ 20.632329117296393, 54.372912766816221 ], [ 20.65361914443837, 54.372625355633247 ], [ 20.674908796604161, 54.372334240337409 ], [ 20.696198068834097, 54.372039417132477 ], [ 20.717486956148001, 54.371740881915215 ], [ 20.738775453539983, 54.371438630171383 ], [ 20.760063555973495, 54.371132656884022 ], [ 20.781351258376592, 54.370822956454965 ], [ 20.802638555637699, 54.37050952264152 ], [ 20.81798783745268, 54.361736796633814 ], [ 20.823416130616462, 54.35869903924867 ], [ 20.844696671170706, 54.358378364726704 ], [ 20.865976791418586, 54.358053933804726 ], [ 20.887256486054142, 54.357725737205008 ], [ 20.908535749718919, 54.35739376492706 ], [ 20.92981457700235, 54.357058006296015 ], [ 20.951092962443322, 54.356718450031813 ], [ 20.972370900532919, 54.356375084339255 ], [ 20.993648385718437, 54.356027897018862 ], [ 21.014925412408836, 54.355676875598114 ], [ 21.036201974981399, 54.355322007481846 ], [ 21.057478067789926, 54.354963280121247 ], [ 21.07875368517421, 54.354600681199663 ], [ 21.100028821470911, 54.354234198833637 ], [ 21.115480728580618, 54.345324486192887 ], [ 21.120711523140134, 54.342372786550555 ], [ 21.141979757643426, 54.341998718030169 ], [ 21.163247494370214, 54.341620730382076 ], [ 21.184514727732765, 54.341238814930783 ], [ 21.205781452206388, 54.340852964508329 ], [ 21.227047662346301, 54.340463173693536 ], [ 21.24259242914145, 54.331464596818215 ], [ 21.24768624974584, 54.328578449953206 ], [ 21.268945496568509, 54.328180942398397 ], [ 21.274341772298794, 54.330870087867979 ], [ 21.290843153884499, 54.339270135834148 ], [ 21.312107254459903, 54.338864572362382 ], [ 21.333370815300373, 54.338455075675405 ], [ 21.354633831817445, 54.338041655550008 ], [ 21.375896299628128, 54.337624324970392 ], [ 21.391409077892863, 54.328605653723478 ], [ 21.396489675181986, 54.325713073375667 ], [ 21.417745111894707, 54.325288051748963 ], [ 21.438999987295599, 54.324859159186168 ], [ 21.460254297838713, 54.324426420833234 ], [ 21.481508040246997, 54.323989865436126 ], [ 21.502761211522088, 54.323549525348497 ], [ 21.524013808951857, 54.323105436503596 ], [ 21.545265830115522, 54.322657638347927 ], [ 21.566517272886063, 54.322206173734308 ], [ 21.571947054055673, 54.324890353742695 ], [ 21.588490010907112, 54.333241297867197 ], [ 21.609746226274705, 54.332782812671304 ], [ 21.631001860881266, 54.332320845165896 ], [ 21.652256913894124, 54.33185545146673 ], [ 21.673511384729334, 54.331386689734792 ], [ 21.694765273029951, 54.330914619763647 ], [ 21.716018578639908, 54.330439302519835 ], [ 21.737271301573511, 54.329960799638492 ], [ 21.758523441980604, 54.329479172877626 ], [ 21.779775000107552, 54.328994483535496 ], [ 21.785294313707428, 54.331716134787435 ], [ 21.801807825863246, 54.339999906602053 ], [ 21.823064189939114, 54.339509893449438 ], [ 21.844319975929771, 54.339017034952924 ], [ 21.86557518398066, 54.33852138292017 ], [ 21.886829814060793, 54.338022985115849 ], [ 21.908083865907223, 54.337521884623307 ], [ 21.929337338969873, 54.337018119238834 ], [ 21.95059023235773, 54.336511720911105 ], [ 21.97184254478741, 54.336002715237825 ], [ 21.993094274535192, 54.335491121030984 ], [ 22.014345419393489, 54.334976949961664 ], [ 22.035595976632795, 54.334460206293322 ], [ 22.056845942969922, 54.333940886711382 ], [ 22.062166104841584, 54.336568268178375 ], [ 22.078955591837683, 54.344922664178156 ], [ 22.100210372574605, 54.344399146643958 ], [ 22.12146454985497, 54.343872998199743 ], [ 22.142718117704153, 54.343344181563047 ], [ 22.163971069550076, 54.342812652678418 ], [ 22.185223398242954, 54.342278361198481 ], [ 22.206475096082787, 54.341741251044603 ], [ 22.227726154853805, 54.341201261035152 ], [ 22.248976565865288, 54.340658325568697 ], [ 22.270226319997654, 54.34011237534741 ], [ 22.291475407752877, 54.339563338126503 ], [ 22.312723819308079, 54.339011139474685 ], [ 22.317509230303976, 54.341379076380264 ], [ 22.334904557818348, 54.349970408219839 ], [ 22.356157589635743, 54.349412430085629 ], [ 22.377409912089643, 54.348851027465457 ], [ 22.398661514492673, 54.348286123706494 ], [ 22.419912386132701, 54.347717643758195 ], [ 22.441162516323047, 54.347145514723181 ], [ 22.44562535087006, 54.349352875332961 ], [ 22.463381558236833, 54.358088283555993 ], [ 22.484636165079937, 54.357509200188211 ], [ 22.505889996241024, 54.356926231333382 ], [ 22.52714304155095, 54.356339317529269 ], [ 22.548395291068186, 54.355748403371074 ], [ 22.569646735101017, 54.355153437645953 ], [ 22.590897364225075, 54.354554373409776 ], [ 22.612147169296417, 54.353951168010454 ], [ 22.633396141460484, 54.353343783063814 ], [ 22.637340606860278, 54.355288849875492 ], [ 22.655668459023666, 54.364254304339283 ], [ 22.67692171064029, 54.363638722879173 ], [ 22.698174102107387, 54.363018845602475 ], [ 22.719425625806597, 54.362394651350748 ], [ 22.740676274404588, 54.361766122573194 ], [ 22.761926040843736, 54.361133245123277 ], [ 22.765562820265838, 54.362920447412058 ], [ 22.784235616710834, 54.372019039555298 ], [ 22.805489559453978, 54.371377555336245 ], [ 22.809047626340167, 54.373123401269758 ], [ 22.810140200786574, 54.384658058781426 ], [ 22.811234034906516, 54.396192663597233 ], [ 22.829964840589959, 54.405299644672986 ], [ 22.83354736956192, 54.407054638771882 ], [ 22.85231638090546, 54.416171743135926 ], [ 22.873591453272841, 54.415517338803305 ], [ 22.890582700402263, 54.405228142740953 ], [ 22.893772139985238, 54.403336246515401 ], [ 22.915039382838764, 54.402672912099888 ], [ 22.936305688538194, 54.40200515595776 ], [ 22.957571052102725, 54.401332987680014 ], [ 22.974729814950333, 54.390914041487086 ], [ 22.977718913123383, 54.38913381318811 ], [ 22.998976421380828, 54.3884528700384 ], [ 23.016216501250231, 54.377969074805826 ], [ 23.015107605850968, 54.36643591176307 ], [ 23.013999009638376, 54.354902727290551 ], [ 23.016852183281227, 54.353198072762339 ], [ 23.038089941991061, 54.352508533337826 ], [ 23.059326741516774, 54.351814686250016 ], [ 23.076691885154503, 54.341227737840356 ], [ 23.057359864334508, 54.331879648253 ], [ 23.054306036827146, 54.330412770794631 ], [ 23.053185574153982, 54.318880148466874 ], [ 23.055917264725466, 54.317242847890924 ], [ 23.073311398898142, 54.306630816958567 ], [ 23.075994447894907, 54.305020455682254 ], [ 23.097205612095362, 54.304318339324134 ], [ 23.10008903431412, 54.305722165313732 ], [ 23.119568511770613, 54.315136273083802 ], [ 23.14078365541874, 54.314425610341175 ], [ 23.158276179889672, 54.303727056759122 ], [ 23.160833288882703, 54.302186659370143 ], [ 23.178355039709913, 54.291461104157285 ], [ 23.180870913181963, 54.289943467801237 ], [ 23.2020712940697, 54.289220450953962 ], [ 23.21964033683853, 54.278450122362926 ], [ 23.222090032587218, 54.276969041518662 ], [ 23.239683390802956, 54.266174636308335 ], [ 23.242096789166112, 54.264713512225057 ], [ 23.263282403180742, 54.263978358694004 ], [ 23.284467021018319, 54.263239096996379 ], [ 23.305650638526146, 54.262495738910538 ], [ 23.326833251568264, 54.261748296139608 ], [ 23.344513642598113, 54.250864341088395 ], [ 23.3468004772723, 54.249473018894705 ], [ 23.364498047544995, 54.238569246318839 ], [ 23.366755756164832, 54.237193813025328 ], [ 23.384469061484964, 54.226271093896806 ], [ 23.386699100130706, 54.224910715664379 ], [ 23.40442675516179, 54.213969886888108 ], [ 23.403204336360048, 54.202442549599731 ], [ 23.405401863094934, 54.201099635219791 ], [ 23.423143208346318, 54.190138597521319 ], [ 23.421915730705571, 54.178611538355185 ], [ 23.424083522865129, 54.177284471762654 ], [ 23.445218954769715, 54.176514278575667 ], [ 23.466353362158404, 54.175740114107327 ], [ 23.484125666673162, 54.164734575489852 ], [ 23.486237207489808, 54.163438076705241 ], [ 23.504017745305781, 54.152418142727285 ], [ 23.502767746022485, 54.140892344455963 ], [ 23.501518301631521, 54.129366516288734 ], [ 23.500269415616007, 54.117840658075018 ], [ 23.502350787889227, 54.116559395522906 ], [ 23.520132272412624, 54.105522118406078 ], [ 23.518878542988091, 54.093996538695464 ], [ 23.517625390725428, 54.082470928194084 ], [ 23.51968477723873, 54.081200536504241 ], [ 23.537464687805304, 54.070149976959925 ], [ 23.536206758809893, 54.05862464405898 ], [ 23.534949427762072, 54.047099279541911 ], [ 23.533692700128388, 54.0355738831827 ], [ 23.532436581841136, 54.024048454737866 ], [ 23.512429194155303, 54.014421658414925 ], [ 23.510118874384734, 54.013316607069022 ], [ 23.508869909778106, 54.001790774937703 ], [ 23.488893589041844, 53.992166865270526 ], [ 23.486569822262478, 53.991054180347291 ], [ 23.48532802808916, 53.979527945400456 ], [ 23.487394316488896, 53.978249651283591 ], [ 23.50512679989491, 53.967213080729785 ], [ 23.507180227460069, 53.965941234546591 ], [ 23.524913068953154, 53.954895194077515 ], [ 23.52366142934298, 53.943369532451221 ], [ 23.522410467839709, 53.931843835994236 ], [ 23.521160196213941, 53.920318104244693 ], [ 23.519910627027034, 53.908792336711208 ], [ 23.518661773641725, 53.897266532872443 ], [ 23.520709835920634, 53.89599422569291 ], [ 23.538409755204736, 53.884947141724702 ], [ 23.537156517738946, 53.873421601784685 ], [ 23.535904044331588, 53.861896023653976 ], [ 23.537946322606899, 53.860625061214044 ], [ 23.555629617614194, 53.849574221205806 ], [ 23.554372880580232, 53.838048903837475 ], [ 23.55311696179659, 53.826523546153595 ], [ 23.551861879479617, 53.814998147445884 ], [ 23.550607652376325, 53.803472706986426 ], [ 23.549354299665726, 53.791947224031247 ], [ 23.548101840844033, 53.780421697824806 ], [ 23.546850295593902, 53.768896127604982 ], [ 23.548900889775222, 53.767616118894601 ], [ 23.566529087277068, 53.756573397420929 ], [ 23.568572071863894, 53.755296882716493 ], [ 23.586196002264117, 53.744247663550588 ], [ 23.584935705232272, 53.732722636209076 ], [ 23.586973844821433, 53.731447635043935 ], [ 23.604585994415057, 53.720394196042044 ], [ 23.603321919614078, 53.708869414717086 ], [ 23.602058879702785, 53.697344584503412 ], [ 23.60079689111927, 53.685819704756355 ], [ 23.599535969082002, 53.674294774878518 ], [ 23.601575308077219, 53.673016853622286 ], [ 23.619155635159515, 53.661964507558537 ], [ 23.617891118269867, 53.650439817667845 ], [ 23.616627707474102, 53.638915076016218 ], [ 23.615365411342417, 53.627390282261793 ], [ 23.617401587296271, 53.626112588987262 ], [ 23.634959546073883, 53.615057894854928 ], [ 23.633693747922941, 53.603533338542782 ], [ 23.632429080727672, 53.592008729387786 ], [ 23.634459193401213, 53.590733358184167 ], [ 23.652002483311911, 53.579673936514041 ], [ 23.650734342417216, 53.568149564822676 ], [ 23.649467328360384, 53.556625140338696 ], [ 23.651489967385096, 53.55535299725517 ], [ 23.669020060184355, 53.544287949649004 ], [ 23.667749559281027, 53.532763764261574 ], [ 23.666480160610252, 53.521239526934146 ], [ 23.668493987476452, 53.519971438466648 ], [ 23.686012219605676, 53.508899948554436 ], [ 23.68473928156034, 53.497375953515117 ], [ 23.683467402983659, 53.485851908108366 ], [ 23.685471320801803, 53.484588517132046 ], [ 23.702978729925398, 53.473509954461868 ], [ 23.701703226646114, 53.461986155861254 ], [ 23.700428726212394, 53.450462309024161 ], [ 23.702422025192789, 53.44920398904322 ], [ 23.719919217057072, 53.438117994404877 ], [ 23.718640983592906, 53.426594399852931 ], [ 23.720625077766041, 53.425340469441849 ], [ 23.738115252374005, 53.414247437464056 ], [ 23.736833209833431, 53.402724099527632 ], [ 23.735552060989239, 53.391200717515595 ], [ 23.737525598334923, 53.389951664287651 ], [ 23.755005270331935, 53.378851422408545 ], [ 23.753720190249869, 53.367328303154956 ], [ 23.755685281056952, 53.366083056870657 ], [ 23.773157029557932, 53.354976382989193 ], [ 23.771867942251752, 53.343453530912086 ], [ 23.770579640591702, 53.331930638939767 ], [ 23.772535787940996, 53.330689083090618 ], [ 23.789995190412817, 53.319576415054684 ], [ 23.788702771856961, 53.308053796018875 ], [ 23.78741108172278, 53.296531139321402 ], [ 23.789359900105023, 53.295292156674499 ], [ 23.806805221767888, 53.284174627332845 ], [ 23.805509320723417, 53.272652248760416 ], [ 23.807452916165808, 53.271414873654088 ], [ 23.824886896082976, 53.260293146043352 ], [ 23.823586734468279, 53.248771049074747 ], [ 23.825526305356263, 53.247534489465664 ], [ 23.84294771667054, 53.236409364724842 ], [ 23.844883747606179, 53.235173763065838 ], [ 23.862297045250095, 53.22404478631379 ], [ 23.860987622135781, 53.212523295325468 ], [ 23.862921729501757, 53.21128713396309 ], [ 23.880320334514266, 53.20015615063592 ], [ 23.879006567847053, 53.188634949152402 ], [ 23.880940174547419, 53.187397297808459 ], [ 23.901571487364752, 53.186549892099833 ], [ 23.918950798311482, 53.175413218055361 ], [ 23.917627092336854, 53.163892667542996 ], [ 23.916303988720802, 53.152372084310436 ], [ 23.914981482698963, 53.140851468533569 ], [ 23.913659570646026, 53.12933082034116 ], [ 23.893949501715568, 53.119734049714289 ], [ 23.891737967484108, 53.118660373230149 ], [ 23.89042280427763, 53.107139301538872 ], [ 23.889108229816113, 53.095618197566537 ], [ 23.887794245222416, 53.084097061245878 ], [ 23.886480852776881, 53.072575892462041 ], [ 23.888444888005004, 53.071312794615096 ], [ 23.905740511955944, 53.060206251740645 ], [ 23.904422751839036, 53.048685376287438 ], [ 23.906394694312425, 53.047415325087066 ], [ 23.923665858779163, 53.036313203045793 ], [ 23.922343757536964, 53.024792621342101 ], [ 23.924325169880422, 53.023514608124614 ], [ 23.941570351692285, 53.012417921924275 ], [ 23.940243942837377, 53.000897634087401 ], [ 23.938918172742355, 52.989377311749941 ], [ 23.937593052554284, 52.977856954427438 ], [ 23.939599483513334, 52.976559957816697 ], [ 23.956793378365791, 52.965480390794085 ], [ 23.95546403774868, 52.953960325131469 ], [ 23.935928677228407, 52.9444180266782 ], [ 23.933621721878474, 52.943295666920207 ], [ 23.932299338178556, 52.931775163763042 ], [ 23.930977679258611, 52.920254622407519 ], [ 23.929656763976116, 52.908734042050753 ], [ 23.928336612480145, 52.897213421836668 ], [ 23.927017246198027, 52.885692760856593 ], [ 23.925698687814254, 52.874172058150194 ], [ 23.924380961240896, 52.862651312706689 ], [ 23.923064091578564, 52.851130523466587 ], [ 23.925160124324474, 52.849770659264301 ], [ 23.942211596059082, 52.838757520232264 ], [ 23.940890927161874, 52.82723700453608 ], [ 23.939571192975162, 52.815716441719168 ], [ 23.938252422736134, 52.804195830547727 ], [ 23.940383890519477, 52.802810577401601 ], [ 23.957374737472129, 52.791820947019275 ], [ 23.956052380009034, 52.780300601705818 ], [ 23.954731075001746, 52.768780204241189 ], [ 23.953410854729878, 52.757259753262218 ], [ 23.952091751934269, 52.745739247387277 ], [ 23.950773799667385, 52.734218685222608 ], [ 23.949457031131359, 52.722698065369094 ], [ 23.948141479504276, 52.71117738642949 ], [ 23.928934964397076, 52.701736717533066 ], [ 23.926432034375953, 52.700507936624 ], [ 23.907238898873999, 52.691065507334486 ], [ 23.904734138778899, 52.689834192923819 ], [ 23.885553287135217, 52.680389473261897 ], [ 23.883047823686976, 52.679156158894202 ], [ 23.863878123204739, 52.669708599251436 ], [ 23.861373111048092, 52.6684738384943 ], [ 23.842213401704679, 52.659022874314971 ], [ 23.839710012787343, 52.657787236109797 ], [ 23.820559117904253, 52.648332293109924 ], [ 23.81805852995868, 52.647096356578473 ], [ 23.798915267757831, 52.637636856425999 ], [ 23.796418652088065, 52.636401205207079 ], [ 23.79515317778878, 52.624877485776935 ], [ 23.776024631748555, 52.6154138969206 ], [ 23.77353187589123, 52.614177649171864 ], [ 23.754407750052998, 52.604707926825796 ], [ 23.734046289475728, 52.605521520410946 ], [ 23.713683856463454, 52.606331642441319 ], [ 23.693320455376401, 52.607138294987486 ], [ 23.672956090555832, 52.607941479974869 ], [ 23.652590766322568, 52.608741199166445 ], [ 23.650143167028421, 52.607521808492642 ], [ 23.63100596229971, 52.598010788909448 ], [ 23.610644031800334, 52.598803139902266 ], [ 23.608212887969533, 52.597589682130945 ], [ 23.589074023563462, 52.588064180305956 ], [ 23.568715506960476, 52.588849200158052 ], [ 23.566301683596709, 52.587642208271092 ], [ 23.547160309446181, 52.578101786903161 ], [ 23.544756997367564, 52.576898652293657 ], [ 23.525615564147909, 52.567349845248735 ], [ 23.523223318262662, 52.566150899000291 ], [ 23.504081271758391, 52.556593427481275 ], [ 23.48373494010854, 52.55736352188022 ], [ 23.481361607777099, 52.556172100629539 ], [ 23.48018860990457, 52.544642832774528 ], [ 23.461044048700316, 52.535067380324698 ], [ 23.458687393331502, 52.533882535891166 ], [ 23.43954111934779, 52.524297860286872 ], [ 23.437196812405542, 52.523118073670169 ], [ 23.418048645354542, 52.513524081046064 ], [ 23.415716778822127, 52.512349453771662 ], [ 23.396566626804962, 52.502746094349014 ], [ 23.394247208792532, 52.501576683625565 ], [ 23.393100467542524, 52.490045907092941 ], [ 23.373948651701028, 52.480430309484113 ], [ 23.371647411155699, 52.479268639755041 ], [ 23.370507686443002, 52.467737464793331 ], [ 23.351354001751659, 52.45810952401937 ], [ 23.349070919170401, 52.456955715869604 ], [ 23.347938057258851, 52.445424149743168 ], [ 23.32878265687922, 52.435783940715055 ], [ 23.326517379157949, 52.434637933754942 ], [ 23.325391238820394, 52.423105983187192 ], [ 23.324265853812168, 52.411573993215121 ], [ 23.305109373889149, 52.401918808964361 ], [ 23.302866932784962, 52.400782984570057 ], [ 23.283709789746801, 52.391119084938147 ], [ 23.281477945869987, 52.389987873284177 ], [ 23.280364885822724, 52.37845517149659 ], [ 23.261208214455689, 52.368780103363335 ], [ 23.258991558045011, 52.367655629654543 ], [ 23.257884888744879, 52.356122559805009 ], [ 23.238729838244119, 52.346436904870174 ], [ 23.236527131012277, 52.34531859740472 ], [ 23.235426773258546, 52.333785163724087 ], [ 23.21627462827518, 52.324089574318769 ], [ 23.214084519009241, 52.322976789887846 ], [ 23.212990407116237, 52.311442996084139 ], [ 23.193842549678394, 52.301738176195634 ], [ 23.191663608516507, 52.300630219216771 ], [ 23.190575688415148, 52.289096068552873 ], [ 23.192528310337998, 52.287846137224157 ], [ 23.209711463775403, 52.276841419002409 ], [ 23.208619582302482, 52.265307495817076 ], [ 23.207528236304618, 52.253773541041305 ], [ 23.206437417854897, 52.242239554943666 ], [ 23.205347119441374, 52.230705537777879 ], [ 23.207288400716578, 52.22946079371043 ], [ 23.227491482394207, 52.228736784091389 ], [ 23.247693706128633, 52.228009312498017 ], [ 23.264845876433355, 52.216993764853058 ], [ 23.266787683437897, 52.215746503695634 ], [ 23.268957874145517, 52.216844833080543 ], [ 23.288095561656188, 52.226543964578688 ], [ 23.305233802174314, 52.215524710870042 ], [ 23.307177416596357, 52.214275021073341 ], [ 23.327370973024049, 52.213534067220692 ], [ 23.347563649987567, 52.212789632432703 ], [ 23.367755442961123, 52.212041712341758 ], [ 23.384864086083429, 52.201013853516024 ], [ 23.386808577809422, 52.19976072985866 ], [ 23.40390894349407, 52.18872955209585 ], [ 23.405851209190427, 52.187476912591777 ], [ 23.422943352414546, 52.176442387606116 ], [ 23.424883344664291, 52.175190259075499 ], [ 23.427060012926461, 52.17628768378075 ], [ 23.446207819347997, 52.185958342032968 ], [ 23.463286146567032, 52.174920067825688 ], [ 23.465227805333203, 52.173665569042065 ], [ 23.467408955208228, 52.17476371242244 ], [ 23.486560812977707, 52.184425784625397 ], [ 23.506735942344132, 52.183654251285326 ], [ 23.523792845517416, 52.172610812562247 ], [ 23.504640504837194, 52.162955858168061 ], [ 23.502462127888013, 52.161854340911766 ], [ 23.501299773610256, 52.150324652332635 ], [ 23.503236326538268, 52.149071526832948 ], [ 23.520290910690392, 52.138022676730351 ], [ 23.522224876794684, 52.13677025423803 ], [ 23.542377516623262, 52.135993513683104 ], [ 23.559417647075268, 52.124939053457254 ], [ 23.561349528440338, 52.123686359968723 ], [ 23.581495168999933, 52.122903082550891 ], [ 23.601639880730946, 52.12211630946409 ], [ 23.6186590204608, 52.111054157555365 ], [ 23.617468834676231, 52.09952623227867 ], [ 23.619395682969937, 52.098274192774014 ], [ 23.636406226821265, 52.08720670850488 ], [ 23.638330277889228, 52.085955494133607 ], [ 23.655333157396463, 52.074884369451645 ], [ 23.654134381094607, 52.063356998649496 ], [ 23.656052911399435, 52.062108011119591 ], [ 23.673046329506153, 52.051032142208506 ], [ 23.671843429615656, 52.039505038807611 ], [ 23.670640919298865, 52.027977909612893 ], [ 23.66943879541202, 52.016450754728766 ], [ 23.671349376062128, 52.015204773548774 ], [ 23.688326652884442, 52.004123980758585 ], [ 23.687120360029432, 51.992597096527248 ], [ 23.685914442450716, 51.981070187031989 ], [ 23.684708898659753, 51.969543252311354 ], [ 23.665586068544176, 51.959899369152687 ], [ 23.663433891632589, 51.958814597458144 ], [ 23.64432221180822, 51.949168064480354 ], [ 23.642168177909813, 51.9480818632641 ], [ 23.644080485471282, 51.946832924874165 ], [ 23.661034566325313, 51.935759956737968 ], [ 23.641937238172432, 51.926114642544746 ], [ 23.639779519065073, 51.925026528540137 ], [ 23.620695397360254, 51.915379622973092 ], [ 23.618533813338164, 51.914289025366649 ], [ 23.62045414187638, 51.913034205505653 ], [ 23.637392358508549, 51.901971092033534 ], [ 23.636199337023744, 51.890443335682036 ], [ 23.635006686456347, 51.878915553968298 ], [ 23.61595902259463, 51.869275065841471 ], [ 23.613782360637696, 51.868176665272358 ], [ 23.615716506394488, 51.86691103470239 ], [ 23.632622493201989, 51.855859914565251 ], [ 23.613595736852258, 51.846224010892371 ], [ 23.611408860155407, 51.845120332625733 ], [ 23.610222661469702, 51.833592128275235 ], [ 23.612171330419681, 51.832315622812452 ], [ 23.629048954270946, 51.821276265957408 ], [ 23.631000228187112, 51.819996910635602 ], [ 23.647864717419363, 51.808957627054546 ], [ 23.646669647260854, 51.79742999162103 ], [ 23.645474936730658, 51.785902331151 ], [ 23.626514979958305, 51.776287547507586 ], [ 23.624289315323015, 51.775164382077364 ], [ 23.605349875170869, 51.765551814579929 ], [ 23.603113099794687, 51.764422372113849 ], [ 23.5841947909129, 51.754812348827414 ], [ 23.564213535190198, 51.755593263350718 ], [ 23.561962278798756, 51.754455228370261 ], [ 23.543072619861409, 51.744846388164689 ], [ 23.540809022390825, 51.74370139842766 ], [ 23.539641042394425, 51.732172009022953 ], [ 23.541665703701732, 51.73084353387749 ], [ 23.55844334691988, 51.719868015120113 ], [ 23.557271073735883, 51.708338893967074 ], [ 23.556099149255797, 51.696809747876472 ], [ 23.554927571276114, 51.685280576914209 ], [ 23.553756337434596, 51.673751381152208 ], [ 23.552585445188971, 51.662222160669451 ], [ 23.55141489179654, 51.650692915552597 ], [ 23.550244674295392, 51.639163645896808 ], [ 23.549074789488127, 51.627634351806293 ], [ 23.547905233928933, 51.616105033394909 ], [ 23.546736003915051, 51.604575690786376 ], [ 23.548882402901551, 51.603160895519594 ], [ 23.565481141538012, 51.592271880287718 ], [ 23.564307542924556, 51.580742810374488 ], [ 23.563134255423691, 51.569213716809777 ], [ 23.56531957620275, 51.567770871479311 ], [ 23.581859449097024, 51.55690775067535 ], [ 23.580681760137114, 51.545378932598659 ], [ 23.579504364909969, 51.533850091534731 ], [ 23.581732516971613, 51.532376503818803 ], [ 23.601615793000395, 51.531598780451624 ], [ 23.618091014140123, 51.520759374324015 ], [ 23.616904171538035, 51.509231136960558 ], [ 23.6191577735901, 51.507737926146824 ], [ 23.635588189013745, 51.496917560048843 ], [ 23.637855211400169, 51.495414043318888 ], [ 23.657720832202248, 51.494627243638661 ], [ 23.674125466119012, 51.48380955031709 ], [ 23.676402267741498, 51.482297264772562 ], [ 23.692782396184612, 51.471487498964834 ], [ 23.674330307988665, 51.462072103436576 ], [ 23.671723582787436, 51.46075489212155 ], [ 23.653306007687377, 51.451349177388764 ], [ 23.650674148880256, 51.450018249795896 ], [ 23.65301212690094, 51.448464439136664 ], [ 23.672856933816337, 51.44767552554579 ], [ 23.68916563493632, 51.436906411365023 ], [ 23.687960499043072, 51.42537934188487 ], [ 23.690331100215861, 51.423800846032904 ], [ 23.706587687546808, 51.413055826410435 ], [ 23.705377965742287, 51.401529050493046 ], [ 23.68709046092301, 51.392185391123753 ], [ 23.684346371209045, 51.390798015233401 ], [ 23.683142078224851, 51.379270867281569 ], [ 23.681937992216969, 51.367743699803611 ], [ 23.663751546576211, 51.358438140256958 ], [ 23.660926315155884, 51.357007927513934 ], [ 23.659727709787411, 51.34548038689406 ], [ 23.658529337738496, 51.333952825566058 ], [ 23.640448575211835, 51.324687888375955 ], [ 23.637537831991487, 51.323212314821291 ], [ 23.640124767385061, 51.32148598245297 ], [ 23.656133350195336, 51.310897638440252 ], [ 23.654935774240023, 51.29937001102293 ], [ 23.653738511899743, 51.287842359610309 ], [ 23.656401101804246, 51.286062663099607 ], [ 23.659397437281541, 51.287616828962044 ], [ 23.677351148548304, 51.296819915332421 ], [ 23.693292280825109, 51.28626021358555 ], [ 23.695949305051411, 51.284482125011031 ], [ 23.711855685183863, 51.273937474661288 ], [ 23.714537447556204, 51.27214116072161 ], [ 23.730408379385047, 51.261612057676835 ], [ 23.729191601840615, 51.250085688048301 ], [ 23.731927549091814, 51.248250798567589 ], [ 23.747728813777304, 51.23775791471526 ], [ 23.746507683603351, 51.226231833987086 ], [ 23.745287033341121, 51.214705722592086 ], [ 23.748109431679605, 51.212810035988952 ], [ 23.763804147142661, 51.202375912782855 ], [ 23.766655115088742, 51.200459342630467 ], [ 23.782310629241326, 51.190043440046523 ], [ 23.785190834506668, 51.188105518278853 ], [ 23.804919674903896, 51.187295442484945 ], [ 23.820530965105146, 51.17689537155367 ], [ 23.819291768378093, 51.165370521257124 ], [ 23.822232413028878, 51.163388521363537 ], [ 23.825559460046041, 51.165111542122901 ], [ 23.843161718585499, 51.174118974907344 ], [ 23.858727900973964, 51.163735392791523 ], [ 23.861665880965305, 51.161752678718983 ], [ 23.877190514262232, 51.151389029773171 ], [ 23.875936954416787, 51.139865170311978 ], [ 23.858418094047916, 51.130901340605043 ], [ 23.854983288891397, 51.129162726785736 ], [ 23.853736995136007, 51.117638403820678 ], [ 23.856805840800455, 51.115565859263228 ], [ 23.872181979090694, 51.105293289721089 ], [ 23.870932683734186, 51.093769209477408 ], [ 23.874066667138308, 51.091650798574506 ], [ 23.889363197513077, 51.081421752160466 ], [ 23.892530565561117, 51.079279166334459 ], [ 23.912209728091689, 51.078450119273896 ], [ 23.927454963777031, 51.068242092417165 ], [ 23.926193565740469, 51.056718909174947 ], [ 23.924933970968777, 51.04519563931192 ], [ 23.923676381019039, 51.033672274324317 ], [ 23.922421007274863, 51.022148805299274 ], [ 23.921168069191129, 51.010625222989098 ], [ 23.924520982569671, 51.008354163222826 ], [ 23.944168861119476, 51.007517641096484 ], [ 23.959189544294276, 50.997437092549241 ], [ 23.957930087396345, 50.985914046660255 ], [ 23.961347831171189, 50.983596234076749 ], [ 23.97629664858955, 50.973554485221293 ], [ 23.975037207873541, 50.962031559067221 ], [ 23.973781116594193, 50.9505084797688 ], [ 23.977274539757719, 50.94813885335023 ], [ 23.992132597669126, 50.938146769387622 ], [ 23.995655676547951, 50.935755731207848 ], [ 24.010474811988182, 50.925782405810736 ], [ 24.014027083282642, 50.923370274241215 ], [ 24.028807823999426, 50.91341539020992 ], [ 24.032388771318168, 50.910982518785211 ], [ 24.047131695980681, 50.901045723811166 ], [ 24.050740751893198, 50.898592499698722 ], [ 24.070338023289448, 50.897730682361157 ], [ 24.085023062824547, 50.887820099363758 ], [ 24.088674476682076, 50.885334862940837 ], [ 24.108264990629202, 50.884466551209798 ], [ 24.122891387855315, 50.874582784131185 ], [ 24.126585923418936, 50.872064943068096 ], [ 24.141174479447542, 50.862199437741637 ], [ 24.139892935129147, 50.850678663233495 ], [ 24.123303299000781, 50.8421947800814 ], [ 24.119066507126316, 50.840019161316626 ], [ 24.102468979432242, 50.831524196653106 ], [ 24.082897854698498, 50.832367002967899 ], [ 24.063325749164697, 50.833206173313307 ], [ 24.043752667362813, 50.834041711823609 ], [ 24.024178613912643, 50.834873623509594 ], [ 24.00460359352105, 50.835701914268554 ], [ 24.000536482400417, 50.833594754993612 ], [ 23.983796678537196, 50.824997410493246 ], [ 23.979775997839639, 50.822907982986294 ], [ 23.978565477206999, 50.811382974455242 ], [ 23.977359457665287, 50.799857763734124 ], [ 23.976157803506226, 50.788332356689921 ], [ 23.974960345525751, 50.776806760617831 ], [ 23.978412128202308, 50.774474875083243 ], [ 23.997958430376379, 50.773614960478845 ], [ 24.01750379828389, 50.772751945851844 ], [ 24.032287962955543, 50.762764346001759 ], [ 24.031080341090334, 50.751239566180658 ], [ 24.029876635559251, 50.739714607732225 ], [ 24.028676603977623, 50.728189481187606 ], [ 24.032100449523888, 50.725873469216289 ], [ 24.051624636587167, 50.725002778241972 ], [ 24.071147869131465, 50.724128891822133 ], [ 24.085923660937546, 50.714122894255432 ], [ 24.08471325494768, 50.702598599311671 ], [ 24.083506146301012, 50.691074151284539 ], [ 24.066637476280139, 50.682401552932838 ], [ 24.062838372402755, 50.680398785701989 ], [ 24.066177281763196, 50.678138520644929 ], [ 24.085680415185333, 50.677260874487125 ], [ 24.100557983271376, 50.6671727539985 ], [ 24.099353847435872, 50.655648282175385 ], [ 24.082396514155324, 50.646926677450281 ], [ 24.078704914517338, 50.644975081259183 ], [ 24.081947922321117, 50.642778842104249 ], [ 24.096952143650341, 50.632599024124758 ], [ 24.095754001753281, 50.621074263096276 ], [ 24.094557299377971, 50.609549430172947 ], [ 24.097697062839334, 50.607421811902633 ], [ 24.11278864330599, 50.59717129818393 ], [ 24.095630647758398, 50.588337658310714 ], [ 24.092167190768293, 50.586499593456267 ], [ 24.09097331348989, 50.574974610292571 ], [ 24.089779936422289, 50.563449596372827 ], [ 24.0885868696251, 50.551924559999669 ], [ 24.087393942287449, 50.540399508632632 ], [ 24.086201002626243, 50.528874448893347 ], [ 24.085007917475625, 50.517349386584065 ], [ 24.083814571622884, 50.505824326717352 ], [ 24.066221158830558, 50.496739833753452 ], [ 24.063228553786981, 50.495146542108756 ], [ 24.06203811473155, 50.483621204347209 ], [ 24.060847139044615, 50.472095880790292 ], [ 24.059655580288521, 50.46057057342253 ], [ 24.041857691578482, 50.451364634639688 ], [ 24.03908395471522, 50.449888200056542 ], [ 24.021216065122125, 50.440638494383201 ], [ 24.018517166171435, 50.439202083461822 ], [ 24.017330972012445, 50.427676248508384 ], [ 24.016144121971564, 50.416150432298558 ], [ 23.998147430523506, 50.406820820808996 ], [ 23.97874834289625, 50.407637681962903 ], [ 23.959348407686811, 50.408451806781443 ], [ 23.939947626828484, 50.409263185786941 ], [ 23.920546002254756, 50.410071809352253 ], [ 23.901143535902612, 50.410877667730105 ], [ 23.898720799928199, 50.409589260265392 ], [ 23.880551699616035, 50.400138261897382 ], [ 23.861152289593178, 50.400938762479527 ], [ 23.841752042899586, 50.401736459302739 ], [ 23.822350961513202, 50.402531342279218 ], [ 23.802949047432424, 50.403323401358023 ], [ 23.800666139478547, 50.402109830942727 ], [ 23.782382267808, 50.392571738575974 ], [ 23.762983420111759, 50.393358264818161 ], [ 23.760760627099522, 50.392177167294037 ], [ 23.742429981677507, 50.382601958855247 ], [ 23.723034201214642, 50.383382864168254 ], [ 23.720864688562155, 50.382230561251546 ], [ 23.702494081415974, 50.37262172526728 ], [ 23.70035641593547, 50.371486813537594 ], [ 23.699228126674718, 50.359956387640409 ], [ 23.698099606965453, 50.348425959492992 ], [ 23.696970883603424, 50.33689552798073 ], [ 23.678554160038672, 50.327246155695349 ], [ 23.676480622456101, 50.326147109879329 ], [ 23.658049314799744, 50.316482263207625 ], [ 23.638678464409178, 50.317251803304295 ], [ 23.636637343091461, 50.316170228543434 ], [ 23.635520510516063, 50.304638898700127 ], [ 23.617067648136633, 50.294947059858721 ], [ 23.615050875783059, 50.293879102257932 ], [ 23.61393806483586, 50.282347460254215 ], [ 23.595477838362857, 50.272641038008523 ], [ 23.59347964390453, 50.271583564558156 ], [ 23.575015740282279, 50.261867356158682 ], [ 23.57302841089934, 50.260815872743223 ], [ 23.554562932382495, 50.251090980599542 ], [ 23.552584428402351, 50.250044385176153 ], [ 23.534119405294089, 50.240311876462592 ], [ 23.532147747545455, 50.239269102716221 ], [ 23.513685150361471, 50.22953001566637 ], [ 23.511718407890047, 50.228490026709849 ], [ 23.49326015963436, 50.218745376995983 ], [ 23.473924882371161, 50.219490493902896 ], [ 23.471965223964784, 50.218454269415666 ], [ 23.470881851651875, 50.206920501854533 ], [ 23.452437942481101, 50.197167716105135 ], [ 23.45047465479611, 50.196130058102483 ], [ 23.432040703627315, 50.186374686779665 ], [ 23.430074838051972, 50.185335830997609 ], [ 23.411652704121941, 50.175578865711053 ], [ 23.409682379938634, 50.174537824290461 ], [ 23.391273939482723, 50.164780268040957 ], [ 23.38929724571345, 50.163736042220059 ], [ 23.37090440592965, 50.153978916836529 ], [ 23.368919386857808, 50.152930489521935 ], [ 23.367856743084801, 50.141395230426312 ], [ 23.349496634852692, 50.131644803325393 ], [ 23.347490097995461, 50.13058562491247 ], [ 23.329150914707014, 50.120838492494293 ], [ 23.327130515676473, 50.11977226336046 ], [ 23.308814415618418, 50.11002958992129 ], [ 23.30677789111359, 50.108955152449219 ], [ 23.288487137309524, 50.099218160805229 ], [ 23.286432102086337, 50.098134299422661 ], [ 23.285384593865697, 50.086597914153195 ], [ 23.267143759282078, 50.076876898960634 ], [ 23.265049060494214, 50.075773058998344 ], [ 23.264004579838147, 50.064236411302922 ], [ 23.245821030965701, 50.054535361014501 ], [ 23.243678779568988, 50.053407577054692 ], [ 23.225532125177843, 50.04371846825314 ], [ 23.223359031390828, 50.042575038479733 ], [ 23.222320227977246, 50.031037895111872 ], [ 23.204244640130462, 50.021376229248006 ], [ 23.202009164356404, 50.020201421985789 ], [ 23.200972177510341, 50.00866406110196 ], [ 23.182977843698506, 49.999035372281838 ], [ 23.180668979462652, 49.997823685856645 ], [ 23.162727370238368, 49.988215552006807 ], [ 23.160370608907016, 49.986979657657081 ], [ 23.159336902559861, 49.975441888933702 ], [ 23.141495926726972, 49.965877280485749 ], [ 23.139044838280078, 49.964594018725244 ], [ 23.121269358395505, 49.955056933531367 ], [ 23.118756612325928, 49.953742534048757 ], [ 23.117724205255495, 49.942204427728484 ], [ 23.100073385529321, 49.93272397002859 ], [ 23.097440401545427, 49.931349170325866 ], [ 23.096406531321634, 49.919810961639136 ], [ 23.078898299431863, 49.910396915758412 ], [ 23.076125796152354, 49.908951979243788 ], [ 23.058710451976719, 49.899580439140571 ], [ 23.055846931745055, 49.89808945367421 ], [ 23.054810303221117, 49.886551046136354 ], [ 23.037571104095267, 49.877264274387343 ], [ 23.034532213094135, 49.875684874507179 ], [ 23.017407399295905, 49.866452404233229 ], [ 23.014254692071241, 49.86481520420454 ], [ 23.013212460103091, 49.853276691900355 ], [ 22.996303976197542, 49.844151022950818 ], [ 22.992933383855313, 49.842403452326479 ], [ 22.976164511240146, 49.833345964043986 ], [ 22.97265366262258, 49.831526753409229 ], [ 22.971602980011518, 49.819988227429242 ], [ 22.970547369557657, 49.808449853882543 ], [ 22.954160794365539, 49.799586812259065 ], [ 22.950261143481086, 49.797569601582332 ], [ 22.934051146432392, 49.788795133618315 ], [ 22.92997310385676, 49.786685924236721 ], [ 22.913950915370009, 49.778006263021744 ], [ 22.909683129701524, 49.775798824144175 ], [ 22.908612505307396, 49.764260498166259 ], [ 22.907536073599225, 49.752722350928003 ], [ 22.892023042294699, 49.744307108320854 ], [ 22.887236968417863, 49.741831764408744 ], [ 22.871952619481501, 49.733534032509702 ], [ 22.866936037734234, 49.73093774430167 ], [ 22.865846506817444, 49.719399711644307 ], [ 22.850985357431384, 49.711323086302023 ], [ 22.845540767904595, 49.708502199456888 ], [ 22.830939080609127, 49.700560332960855 ], [ 22.82523433836354, 49.697601211038908 ], [ 22.810902073424575, 49.689799745694039 ], [ 22.804927901241257, 49.686696722725308 ], [ 22.790874292221979, 49.679040917873849 ], [ 22.784622240600143, 49.675788708022345 ], [ 22.783516407306067, 49.664250563685648 ], [ 22.782405805879325, 49.652712556449579 ], [ 22.76908911973505, 49.64544840146926 ], [ 22.762099511257425, 49.641800738284495 ], [ 22.749090259761495, 49.63469871230334 ], [ 22.741797101846277, 49.630885290851353 ], [ 22.740681645664193, 49.619347097453748 ], [ 22.728228825691406, 49.612541591487876 ], [ 22.720385087768349, 49.608427795034039 ], [ 22.719267691957523, 49.596889480913866 ], [ 22.707387420476117, 49.590389960037818 ], [ 22.698979997251644, 49.585966228037428 ], [ 22.697862685232952, 49.574427727028159 ], [ 22.686565769241248, 49.568240776546794 ], [ 22.677586800914828, 49.563500432802634 ], [ 22.676471524271872, 49.551961682167374 ], [ 22.665763608904147, 49.546091076410178 ], [ 22.656210187509064, 49.541030264811226 ], [ 22.645829299973951, 49.535334501331398 ], [ 22.635960451068971, 49.530094988650028 ], [ 22.644982146199592, 49.523957561749768 ], [ 22.653986886187464, 49.517952143901809 ], [ 22.652874875532145, 49.506413064876334 ], [ 22.662313966589743, 49.499989183961659 ], [ 22.681385862391085, 49.499417199386592 ], [ 22.690007970256918, 49.493658737821839 ], [ 22.699573927292104, 49.487141227645033 ], [ 22.708002203478866, 49.481508199108035 ], [ 22.706871757556137, 49.469970086899671 ], [ 22.705741245098658, 49.458431956848742 ], [ 22.704610736560351, 49.446893806673152 ], [ 22.703480274532264, 49.435355634986557 ], [ 22.714208692934957, 49.428042209341555 ], [ 22.721437082617442, 49.423203913399277 ], [ 22.720299860198701, 49.41166606757708 ], [ 22.731473282711715, 49.404043795674987 ], [ 22.738237316066424, 49.399512211869329 ], [ 22.737092763914028, 49.38797471238901 ], [ 22.735947890055911, 49.376437203222437 ], [ 22.734802606092011, 49.364899687200989 ], [ 22.733656806065049, 49.353362167721109 ], [ 22.732510368469868, 49.341824648678653 ], [ 22.745156886934424, 49.333185658531434 ], [ 22.750395310420604, 49.329670268725138 ], [ 22.749239496480804, 49.3181331648208 ], [ 22.748082513593406, 49.30659607860288 ], [ 22.746924197342359, 49.295059015360664 ], [ 22.745764376426639, 49.28352198060152 ], [ 22.744602874216898, 49.271984980000141 ], [ 22.743439510181563, 49.260448019351998 ], [ 22.742274101178712, 49.248911104531246 ], [ 22.738616825425353, 49.246896465340164 ], [ 22.719646369769109, 49.247512724287752 ], [ 22.70317184243682, 49.238598197822036 ], [ 22.702018705250012, 49.227060538682828 ], [ 22.717321937502522, 49.216587286394883 ], [ 22.736280505438682, 49.21597036248221 ], [ 22.738763757171292, 49.214300694193888 ], [ 22.736041204596429, 49.212799704881881 ], [ 22.718645977144387, 49.203376292036815 ], [ 22.717476361225753, 49.191839254854784 ], [ 22.715377841355039, 49.190681089446144 ], [ 22.697380527533799, 49.180910517072746 ], [ 22.713802175587961, 49.169657006528247 ], [ 22.731869578432356, 49.179799646275292 ], [ 22.733626089334319, 49.180768865518068 ], [ 22.752570107595421, 49.180142857119975 ], [ 22.75415455822807, 49.179076356599822 ], [ 22.752416804408057, 49.178117980770821 ], [ 22.734043522236366, 49.168154478443391 ], [ 22.732855170465914, 49.156618140638621 ], [ 22.749905171823759, 49.14491103786596 ], [ 22.76883460128354, 49.144275324444116 ], [ 22.787647353265594, 49.154831349070641 ], [ 22.788660778920107, 49.155390019249282 ], [ 22.789584005142604, 49.154767716114605 ], [ 22.788364243015891, 49.143232864420845 ], [ 22.805790148364061, 49.131240796286441 ], [ 22.806034516747314, 49.131075931861545 ], [ 22.805132440398147, 49.122659016764324 ], [ 22.786124373413298, 49.122150531006604 ], [ 22.767108408644411, 49.121531981724381 ], [ 22.756462939916744, 49.121126835165818 ], [ 22.748083499986489, 49.120787824146056 ], [ 22.729049194028352, 49.11991008606168 ], [ 22.710006645583267, 49.118912159577519 ], [ 22.690955761471745, 49.117790917927316 ], [ 22.671896441327771, 49.116543069642375 ], [ 22.652828577233631, 49.115165149109799 ], [ 22.633752053352431, 49.113653506783521 ], [ 22.632306948013888, 49.113530487011971 ], [ 22.614663824036406, 49.111964139801366 ], [ 22.595566355303568, 49.110128266296442 ], [ 22.57645974651161, 49.108144893246262 ], [ 22.557343846477757, 49.10600950321151 ], [ 22.545896702300791, 49.104645796989146 ], [ 22.538299922366527, 49.10486119632229 ], [ 22.519078205389434, 49.101188340539522 ], [ 22.499929536035427, 49.098511684801544 ], [ 22.480770794546011, 49.095660735658505 ], [ 22.462600419926645, 49.106969648772882 ], [ 22.443673977180893, 49.107486677112504 ], [ 22.424746921466685, 49.107999748089519 ], [ 22.405819259783129, 49.108508902277542 ], [ 22.405255931795722, 49.108885111066726 ], [ 22.405798312170049, 49.120443366322284 ], [ 22.388446124302984, 49.131820209103793 ] ] ], [ [ [ 18.780903326689039, 54.618004113635301 ], [ 18.77793211414507, 54.619582557336358 ], [ 18.759381679638608, 54.629523772049694 ], [ 18.759317435916731, 54.641084132735976 ], [ 18.756366821561862, 54.642650520942141 ], [ 18.737779090329173, 54.652599893282584 ], [ 18.734852365881956, 54.654153013912762 ], [ 18.716230301577156, 54.664111791124995 ], [ 18.716152901542021, 54.675672045020619 ], [ 18.713244306886541, 54.677214412837039 ], [ 18.694587247573189, 54.687180031671787 ], [ 18.713103128321219, 54.6972364587279 ], [ 18.731760281420815, 54.687268006243066 ], [ 18.734646702389256, 54.685713151628555 ], [ 18.753270955147599, 54.675753304596604 ], [ 18.75617807992159, 54.674185095402009 ], [ 18.774767814703154, 54.664234749191145 ], [ 18.777697267732101, 54.662652234328888 ], [ 18.796250756994095, 54.652712345553319 ], [ 18.799204272507232, 54.651114513867093 ], [ 18.8177196812468, 54.641186099287751 ], [ 18.817775139810106, 54.62962570892094 ], [ 18.820749939078016, 54.62801364229832 ], [ 18.839224089072523, 54.618095590249148 ], [ 18.839274166300758, 54.606535142858945 ], [ 18.820888090396252, 54.596562876063963 ], [ 18.802414721683611, 54.606480602326471 ], [ 18.799416163463434, 54.608074124182316 ], [ 18.780903326689039, 54.618004113635301 ] ] ], [ [ [ 18.629928421271536, 54.710120670183997 ], [ 18.648499194350013, 54.720219820160672 ], [ 18.667243764626114, 54.71022883720709 ], [ 18.670073219737716, 54.708710444168346 ], [ 18.688789214921623, 54.698725682553395 ], [ 18.670236015691962, 54.688642352264061 ], [ 18.651520128931228, 54.698624265988542 ], [ 18.64867287573448, 54.700132541781564 ], [ 18.629928421271536, 54.710120670183997 ] ] ], [ [ [ 18.602643216172197, 54.733155070511621 ], [ 18.584028695361848, 54.723022087838871 ], [ 18.565207953374387, 54.733026625025673 ], [ 18.583822336147307, 54.74316247977486 ], [ 18.602643216172197, 54.733155070511621 ] ] ], [ [ [ 18.473199583577053, 54.778903366563597 ], [ 18.454521976584125, 54.768709869188726 ], [ 18.435572401768795, 54.778734162100079 ], [ 18.454249825802844, 54.788930559326573 ], [ 18.473199583577053, 54.778903366563597 ] ] ] ] } },
{ "type": "Feature", "properties": { "gatunek": "SO", "cykl": 4, "typ_zasiegu": "drzewostany", "miara": "powierzchnia", "prog_udzialu": 0.1, "zakres": "udzial >= 10%", "udzial_krajowy": 0.48731214003254181, "max_udzialu": 0.73614653222512116, "n_traktow": 10533, "n_traktow_gat": 6420 }, "geometry": { "type": "MultiPolygon", "coordinates": [ [ [ [ 22.5693373040246, 49.535634944807434 ], [ 22.550421784700916, 49.538570333259067 ], [ 22.531501098696868, 49.54146464652262 ], [ 22.512575159619512, 49.544316038709525 ], [ 22.502595482614463, 49.545788044346516 ], [ 22.49364021916023, 49.54707133562647 ], [ 22.47469603953126, 49.549725652486565 ], [ 22.455746615776793, 49.552333921650408 ], [ 22.436791902182353, 49.554894751199306 ], [ 22.417831863416993, 49.55740686664145 ], [ 22.39886647481778, 49.559869118191735 ], [ 22.392788633959828, 49.560637144263929 ], [ 22.379891422191321, 49.562218257728226 ], [ 22.36090920071489, 49.564488710531315 ], [ 22.341921827713776, 49.566708680054234 ], [ 22.322929321511729, 49.568877588927855 ], [ 22.30393171117586, 49.57099500486936 ], [ 22.284929036457136, 49.573060643937133 ], [ 22.265921347674691, 49.575074373066492 ], [ 22.255345139685364, 49.576162651705481 ], [ 22.246906581989549, 49.577004238033894 ], [ 22.227884480275321, 49.57884485422786 ], [ 22.208857764678214, 49.580636124608965 ], [ 22.189826522163987, 49.582378513760467 ], [ 22.170790848664222, 49.584072634858238 ], [ 22.151750848719878, 49.585719248624763 ], [ 22.132706635096042, 49.587319261804225 ], [ 22.113658328372736, 49.588873725212345 ], [ 22.09460605651643, 49.590383831416183 ], [ 22.075549954436752, 49.591850912099339 ], [ 22.058819208668133, 49.593101701033724 ], [ 22.056489797175846, 49.593270578030456 ], [ 22.037423616019449, 49.594610277623943 ], [ 22.018354179389888, 49.595913327113287 ], [ 21.99928163885199, 49.597181506952403 ], [ 21.980206150379647, 49.598416714863859 ], [ 21.961127873917363, 49.599620962415898 ], [ 21.942046972951189, 49.600796371624043 ], [ 21.92296361409095, 49.601945171608833 ], [ 21.903877966665046, 49.603069695333858 ], [ 21.884790202328634, 49.604172376440445 ], [ 21.865700494685399, 49.605255746187026 ], [ 21.84660901892267, 49.606322430492305 ], [ 21.827515951458992, 49.607375147072943 ], [ 21.808421469602948, 49.608416702656307 ], [ 21.78932575122133, 49.609449990241082 ], [ 21.770228974414618, 49.610477986369283 ], [ 21.751131317197192, 49.611503748365124 ], [ 21.732032957179499, 49.61253041148958 ], [ 21.72133673062924, 49.613107315192849 ], [ 21.712933311969788, 49.61354751679584 ], [ 21.693832341115751, 49.614554135143734 ], [ 21.674731178771978, 49.615570758068877 ], [ 21.655629989845558, 49.61660064020387 ], [ 21.636528937366002, 49.617647095394943 ], [ 21.617428182150242, 49.618713492597728 ], [ 21.598327882450658, 49.619803251267932 ], [ 21.57922819358431, 49.620919836187674 ], [ 21.560129267542322, 49.622066751677195 ], [ 21.541031252578961, 49.623247535151329 ], [ 21.521934292780735, 49.624465749992744 ], [ 21.502838527616596, 49.625724977727693 ], [ 21.483744091471248, 49.627028809505568 ], [ 21.46465111316423, 49.628380836899211 ], [ 21.445559715458316, 49.629784642059882 ], [ 21.426545294926818, 49.631238017532851 ], [ 21.426470003790225, 49.6312435705753 ], [ 21.40737926415569, 49.632703903010785 ], [ 21.388290331815185, 49.634223630067062 ], [ 21.369203298452501, 49.635806077333598 ], [ 21.350118247672476, 49.637454509804122 ], [ 21.331035254524899, 49.639172119391993 ], [ 21.311954385047631, 49.640962012238738 ], [ 21.292875695833875, 49.642827195910257 ], [ 21.273799233627869, 49.64477056656844 ], [ 21.26059044831867, 49.646170850110835 ], [ 21.254723870006039, 49.646769685747515 ], [ 21.235648053396591, 49.648792119968341 ], [ 21.216574442859901, 49.650897006113503 ], [ 21.19750304384095, 49.653086607946207 ], [ 21.178433850554963, 49.655363016142985 ], [ 21.159366845748853, 49.657728135317257 ], [ 21.141693386663661, 49.660003763875636 ], [ 21.140301677396725, 49.660176308296684 ], [ 21.121234410944293, 49.662619309900336 ], [ 21.102169130108436, 49.665151749557822 ], [ 21.083105772311235, 49.667774611829557 ], [ 21.064044262697912, 49.670488627236907 ], [ 21.044984514023721, 49.673294257884287 ], [ 21.044760261591488, 49.673328190780524 ], [ 21.025921556757037, 49.676074504434318 ], [ 21.006860030452994, 49.678941357989459 ], [ 20.987799871189686, 49.681895737377033 ], [ 20.968740943925535, 49.684936836387315 ], [ 20.960008256256295, 49.68636552133519 ], [ 20.949680336290065, 49.687994403038665 ], [ 20.930618262401488, 49.691074345922182 ], [ 20.911556902809107, 49.694232924987617 ], [ 20.892496074400377, 49.697467801094646 ], [ 20.882343389754247, 49.699225528059657 ], [ 20.873433167205118, 49.700713444078133 ], [ 20.854367608452087, 49.703955164106908 ], [ 20.835301944757799, 49.707260437835892 ], [ 20.816235947303674, 49.710625136802669 ], [ 20.808709862562399, 49.711970299039486 ], [ 20.797166288276401, 49.713961005098703 ], [ 20.778093796515709, 49.717289844842568 ], [ 20.759020235004829, 49.720660243362595 ], [ 20.739945336904714, 49.72406611703687 ], [ 20.736724656237353, 49.724643321294906 ], [ 20.720864761051043, 49.727385896283138 ], [ 20.701781508945277, 49.73070256697364 ], [ 20.682696125341621, 49.734031804550099 ], [ 20.664092099793276, 49.737280696897457 ], [ 20.66360820534009, 49.737362225950015 ], [ 20.644513165961609, 49.740558340095554 ], [ 20.625415208673193, 49.743741211031214 ], [ 20.60631404875723, 49.746901779217708 ], [ 20.58787232197734, 49.749921557415099 ], [ 20.587209261009924, 49.750026248325945 ], [ 20.568096857753527, 49.752989689850821 ], [ 20.548980551664648, 49.755902752541864 ], [ 20.529860091371553, 49.758755602338617 ], [ 20.510735237268619, 49.761538287971945 ], [ 20.503033513653151, 49.762624217222793 ], [ 20.491603783299858, 49.764176270716213 ], [ 20.472466334252008, 49.766683937004451 ], [ 20.453324052692768, 49.769095071621152 ], [ 20.434176782387418, 49.771400563067694 ], [ 20.415024391190059, 49.773591632919377 ], [ 20.397160236935616, 49.77552011370792 ], [ 20.39586661525798, 49.775654435271562 ], [ 20.376701543462371, 49.777516219615052 ], [ 20.357531329709023, 49.779245611025949 ], [ 20.338355961172379, 49.780836497051411 ], [ 20.319175455498286, 49.782283527997329 ], [ 20.299989861139583, 49.783582185188287 ], [ 20.280799257259773, 49.784728839112873 ], [ 20.261603753191409, 49.785720795878348 ], [ 20.242403487448037, 49.786556330674358 ], [ 20.22319862630113, 49.78723470727877 ], [ 20.203989361946164, 49.78775618301718 ], [ 20.18477591029378, 49.788121998992089 ], [ 20.165558508432738, 49.788334355812033 ], [ 20.146337411820177, 49.788396375453395 ], [ 20.127112891261628, 49.788312050263215 ], [ 20.107885229747502, 49.788086180440054 ], [ 20.088654719214666, 49.787724301601138 ], [ 20.069421657301255, 49.787232604247883 ], [ 20.050186344159624, 49.786617847070708 ], [ 20.030949079387632, 49.785887266090427 ], [ 20.011710159131447, 49.785048481616542 ], [ 19.992469873405156, 49.784109404922084 ], [ 19.973228503663581, 49.783078146396626 ], [ 19.953986320655414, 49.781962926757593 ], [ 19.934743582574495, 49.780771992683739 ], [ 19.926626824539305, 49.780238754649822 ], [ 19.915499801778775, 49.779474704371488 ], [ 19.896255399384518, 49.778087050570335 ], [ 19.877011150006744, 49.776646013132478 ], [ 19.85776725931775, 49.775159670516857 ], [ 19.838523914665174, 49.773635783425433 ], [ 19.819281284935816, 49.772081749206727 ], [ 19.800039520662665, 49.770504564389462 ], [ 19.790126902973984, 49.769679741702582 ], [ 19.780798122422517, 49.768871457244742 ], [ 19.761557211417667, 49.767185949350093 ], [ 19.742317588293634, 49.765496423539417 ], [ 19.723079338520208, 49.763808342627442 ], [ 19.703842531472485, 49.762126656408171 ], [ 19.684607221480174, 49.760455803622236 ], [ 19.666399500131607, 49.758887239001062 ], [ 19.665373389508549, 49.75879537584089 ], [ 19.646140112161248, 49.757076855936269 ], [ 19.626908508202153, 49.755381712599331 ], [ 19.607678582081849, 49.753712571263364 ], [ 19.588450328407202, 49.752071586529418 ], [ 19.56922373314725, 49.750460465353278 ], [ 19.549998774799668, 49.74888049168085 ], [ 19.538867217986766, 49.747980427342938 ], [ 19.530775089158141, 49.747301726409162 ], [ 19.511552578641844, 49.745715077010303 ], [ 19.492331690592888, 49.744163875388537 ], [ 19.473112380684693, 49.742647944381311 ], [ 19.453894602024331, 49.741166799779926 ], [ 19.434678306009843, 49.739719678409287 ], [ 19.415463443115051, 49.73830556556041 ], [ 19.397088028914112, 49.736982985919106 ], [ 19.396249941586188, 49.7369205178464 ], [ 19.377037327865825, 49.735507923550983 ], [ 19.357826065527483, 49.734126458129374 ], [ 19.338616104161499, 49.732774249808763 ], [ 19.319407395462374, 49.731449294768559 ], [ 19.300199893629038, 49.730149480039316 ], [ 19.280993555703635, 49.728872605142506 ], [ 19.261788341852164, 49.727616402467227 ], [ 19.242584215590618, 49.726378556387829 ], [ 19.234413331591902, 49.725856234486855 ], [ 19.223381010106383, 49.725127549062734 ], [ 19.204178767467631, 49.72386980534926 ], [ 19.184977569398626, 49.722624858001524 ], [ 19.165777391938782, 49.721390252737699 ], [ 19.146578215106373, 49.720163569041553 ], [ 19.127380022863033, 49.718942432610206 ], [ 19.108182803046301, 49.717724526629837 ], [ 19.088986547273528, 49.71650760192 ], [ 19.069791250820238, 49.715289485988635 ], [ 19.057557101192941, 49.714508974717553 ], [ 19.050596895064128, 49.714051330820752 ], [ 19.031403493952919, 49.712778718658541 ], [ 19.012211094793692, 49.711499670061485 ], [ 18.993019705003672, 49.710212322123986 ], [ 18.973829334872697, 49.708914925958879 ], [ 18.9546399973344, 49.707605850152952 ], [ 18.935451707730277, 49.706283583433503 ], [ 18.91626448356887, 49.704946736603247 ], [ 18.897078344281812, 49.703594043801736 ], [ 18.887364878048302, 49.702898350934234 ], [ 18.877893369549888, 49.702200991812305 ], [ 18.858709611271845, 49.700765955628249 ], [ 18.839527041221462, 49.699312412724048 ], [ 18.820345683654139, 49.697839578433111 ], [ 18.801165563531981, 49.696346795852463 ], [ 18.781986706279387, 49.694833534173874 ], [ 18.762809137543812, 49.693299386780197 ], [ 18.743632882962011, 49.691744069176224 ], [ 18.735598690530122, 49.691081135098678 ], [ 18.724453135769618, 49.691022216317748 ], [ 18.724398338354106, 49.691055024138016 ], [ 18.723648393167295, 49.702623440610964 ], [ 18.705135093648366, 49.713250832297447 ], [ 18.685943470699637, 49.71314453855954 ], [ 18.666751951821769, 49.713034440280495 ], [ 18.647560540861637, 49.712920578897048 ], [ 18.645783713828422, 49.713981682509974 ], [ 18.645079217672166, 49.725549697800801 ], [ 18.628198127121927, 49.735214533238953 ], [ 18.625109879562295, 49.737056946016388 ], [ 18.624454621358144, 49.74862495368864 ], [ 18.62382326926588, 49.760193012434698 ], [ 18.623214875896295, 49.771761119552089 ], [ 18.608636002742113, 49.780105653953676 ], [ 18.603332632643372, 49.783264827575834 ], [ 18.602766204653623, 49.794832929739421 ], [ 18.589227224673952, 49.802580961069715 ], [ 18.582921847448208, 49.806333233697629 ], [ 18.582393812227419, 49.817901333494419 ], [ 18.56979993376402, 49.825108402344867 ], [ 18.562583928294544, 49.829398248146198 ], [ 18.569723352373103, 49.833741819191879 ], [ 18.581392438669351, 49.841037654910416 ], [ 18.580917521373731, 49.852605871272559 ], [ 18.588762908608377, 49.857374256613532 ], [ 18.599763785530879, 49.864242373250917 ], [ 18.588650523077391, 49.870611413353082 ], [ 18.580015497556126, 49.8757424028055 ], [ 18.579586985499432, 49.887310713233447 ], [ 18.579172582676296, 49.898879050415459 ], [ 18.57877165492604, 49.910447412191203 ], [ 18.568991314386409, 49.916057653318347 ], [ 18.559070187061014, 49.921943977903794 ], [ 18.549613214006204, 49.927368855654727 ], [ 18.540334392772486, 49.921871233713816 ], [ 18.540165156521784, 49.910300758010727 ], [ 18.530558418557039, 49.904460424917076 ], [ 18.511291334025294, 49.904356839338568 ], [ 18.492024351925533, 49.904250466608978 ], [ 18.482220762952849, 49.91005652274297 ], [ 18.472633112567699, 49.915547790711635 ], [ 18.462513071643325, 49.921536685047982 ], [ 18.453232694305427, 49.926852581793128 ], [ 18.433956902620491, 49.926741192428715 ], [ 18.423504004969171, 49.932919157153258 ], [ 18.414542828614341, 49.938051771441209 ], [ 18.395262682738572, 49.937936666621667 ], [ 18.375982648998864, 49.937819088896838 ], [ 18.35670272905476, 49.93769910799719 ], [ 18.348012763924949, 49.932519358769049 ], [ 18.337579619990759, 49.926146745433691 ], [ 18.328679682083443, 49.920839212181754 ], [ 18.318465592174544, 49.914595695235029 ], [ 18.30807720372708, 49.920718123413288 ], [ 18.299029518011899, 49.925892836282806 ], [ 18.288372530155844, 49.932168759416577 ], [ 18.287975179403375, 49.943736170709208 ], [ 18.287587383643196, 49.955303616827344 ], [ 18.279242767328537, 49.960081703900968 ], [ 18.267903658281373, 49.966750870217119 ], [ 18.259778662920603, 49.97140473605797 ], [ 18.240485683572278, 49.971275384498384 ], [ 18.221192822674105, 49.971144186752852 ], [ 18.209620616764902, 49.977938228736321 ], [ 18.209247028375419, 49.98950547842864 ], [ 18.201520729373868, 49.993934012555158 ], [ 18.182218907568256, 49.993801114708482 ], [ 18.174639186631403, 49.989264443086853 ], [ 18.163116177742904, 49.982201506341028 ], [ 18.151350999195227, 49.989096434832852 ], [ 18.143615615639725, 49.993530767064193 ], [ 18.124314143323367, 49.993393597091952 ], [ 18.112386622094345, 50.000374701663183 ], [ 18.104799800009218, 50.004726363005219 ], [ 18.092717923415972, 50.011792379652086 ], [ 18.092344269050415, 50.023359246959338 ], [ 18.091976423922176, 50.034926136329936 ], [ 18.084839935813172, 50.039023829525931 ], [ 18.072313716861149, 50.046340379504421 ], [ 18.065297343078807, 50.050370798878447 ], [ 18.05265191072208, 50.057751298496136 ], [ 18.045745425539796, 50.061720236743476 ], [ 18.026416848389619, 50.061580247631923 ], [ 18.019569643326385, 50.057476564627017 ], [ 18.007325456910106, 50.049950814589877 ], [ 18.000303692988417, 50.045742446437231 ], [ 18.000402228410145, 50.034173495603419 ], [ 18.007740222114332, 50.029833489537964 ], [ 18.014815486043059, 50.03429674975289 ], [ 18.026819499336675, 50.041675809686886 ], [ 18.039117754060278, 50.034500514447245 ], [ 18.039201143525418, 50.022931406740327 ], [ 18.039278736218208, 50.011362228535837 ], [ 18.027577047093128, 50.004166973520299 ], [ 18.008271615219471, 50.004026008088154 ], [ 17.996318759451142, 50.010998578831867 ], [ 17.988725467995096, 50.015361424579439 ], [ 17.981226713276438, 50.010867050645707 ], [ 17.969661026644534, 50.003744305646102 ], [ 17.950355857792729, 50.003604083387913 ], [ 17.942591313964012, 49.998951489004348 ], [ 17.931305118207643, 49.991992013288517 ], [ 17.923313596946933, 49.987204253344601 ], [ 17.912263371365615, 49.980385158916498 ], [ 17.892967562388847, 49.980249090694272 ], [ 17.884650475345371, 49.975268998815693 ], [ 17.873939387625427, 49.968650771094381 ], [ 17.862924346521204, 49.97505807150425 ], [ 17.854376050488959, 49.979983497052039 ], [ 17.84327845597188, 49.986433853181012 ], [ 17.834803330248629, 49.991321141439684 ], [ 17.823637165455981, 49.997806359493318 ], [ 17.823192141564537, 50.009371834046895 ], [ 17.81493914031422, 50.014135238178376 ], [ 17.795629709673207, 50.014009927587573 ], [ 17.784366329765284, 50.020541536848526 ], [ 17.783918449576525, 50.032106816547156 ], [ 17.775737064045099, 50.03683555458052 ], [ 17.764285662439733, 50.043469376110956 ], [ 17.763839880559853, 50.055034572557631 ], [ 17.763398313177923, 50.066599790776195 ], [ 17.755528023656865, 50.071151187262608 ], [ 17.743761448094745, 50.077958829292541 ], [ 17.735893798122653, 50.082511132640235 ], [ 17.724125413592482, 50.089314562770888 ], [ 17.723680707363062, 50.100879561838944 ], [ 17.715943159595199, 50.105358163362148 ], [ 17.704040965386337, 50.112231860012947 ], [ 17.696285242505112, 50.116722866812367 ], [ 17.688445366737586, 50.112056725583187 ], [ 17.677250898522047, 50.1051227542277 ], [ 17.657904666542279, 50.105012349614043 ], [ 17.646522523568887, 50.111575553580742 ], [ 17.646051498902423, 50.123139970286637 ], [ 17.637907115868977, 50.127863204985424 ], [ 17.626421387500642, 50.134479299902665 ], [ 17.618221023855586, 50.139236431003468 ], [ 17.606791035004271, 50.14581531908204 ], [ 17.598525452972506, 50.150611503403546 ], [ 17.587160261074054, 50.157148026295374 ], [ 17.598135244078911, 50.163955260676879 ], [ 17.605835767102594, 50.168943589854209 ], [ 17.617161855073785, 50.175963332830889 ], [ 17.636530048175558, 50.176307296539292 ], [ 17.655898810767901, 50.176639885876469 ], [ 17.662959033558511, 50.181185047237044 ], [ 17.674946102160707, 50.188601118191201 ], [ 17.69432068646022, 50.188910365989415 ], [ 17.700990558654961, 50.193186344286801 ], [ 17.713383108477952, 50.200843504519511 ], [ 17.732763393351149, 50.201131995377786 ], [ 17.739096537046695, 50.205175906123621 ], [ 17.751840813850407, 50.213040348193921 ], [ 17.757975440032702, 50.216948921780393 ], [ 17.757578745693941, 50.228514297782226 ], [ 17.757184529440391, 50.240079677499793 ], [ 17.751042156504415, 50.243624581390861 ], [ 17.737486698493896, 50.251436913697788 ], [ 17.731335208516729, 50.25498749907451 ], [ 17.717784932950572, 50.262790776711022 ], [ 17.717383837999623, 50.274355913271485 ], [ 17.73060374479774, 50.282506921859984 ], [ 17.736304539519779, 50.286132704505278 ], [ 17.749713343884704, 50.294393940658523 ], [ 17.755248305196726, 50.297906607849328 ], [ 17.749534891349533, 50.30120090343911 ], [ 17.730110345493539, 50.30104561763229 ], [ 17.716194121395219, 50.309051336568366 ], [ 17.715801892606933, 50.320616480296721 ], [ 17.710062712174548, 50.32392572518831 ], [ 17.690629011820334, 50.323769173001615 ], [ 17.684761474114268, 50.320269458001057 ], [ 17.684992008536405, 50.308702563288897 ], [ 17.685219821957507, 50.297135615807633 ], [ 17.672157627906074, 50.289074475283137 ], [ 17.665898803375011, 50.285345905183938 ], [ 17.653062833242569, 50.277418369790702 ], [ 17.646568146691248, 50.273552813123608 ], [ 17.633977043018824, 50.265770615052311 ], [ 17.614566633770313, 50.265632340938609 ], [ 17.601692080007332, 50.273021540036581 ], [ 17.594817766669536, 50.27699664717165 ], [ 17.575402712022811, 50.276862871724511 ], [ 17.568241149653009, 50.272614247239993 ], [ 17.556335225965551, 50.265239992704906 ], [ 17.536924632842823, 50.265118243502698 ], [ 17.524785812837941, 50.272070756403515 ], [ 17.517157190713963, 50.276488257574066 ], [ 17.497741826404642, 50.27637394071364 ], [ 17.489700779011578, 50.271620089600027 ], [ 17.478692173075096, 50.26478719064793 ], [ 17.459281042798889, 50.264690067275168 ], [ 17.450544571813065, 50.259534802700081 ], [ 17.440244280168379, 50.253133319282341 ], [ 17.429535113781093, 50.25925275810485 ], [ 17.428990952464694, 50.270815235713968 ], [ 17.420078755453439, 50.275983897748532 ], [ 17.40066244351047, 50.275906109037628 ], [ 17.3902360147097, 50.281854702963017 ], [ 17.380857148528786, 50.287294179130065 ], [ 17.371162757301772, 50.281588945162177 ], [ 17.371362483996396, 50.270021871685692 ], [ 17.362221768374297, 50.264330304914637 ], [ 17.352699598878864, 50.269758811686209 ], [ 17.352105469862572, 50.28132028135186 ], [ 17.351515836320857, 50.292881791782634 ], [ 17.35093062301307, 50.304443341971222 ], [ 17.341217750980437, 50.310073603585579 ], [ 17.331275531402756, 50.315732671319047 ], [ 17.340814060976577, 50.321670578493524 ], [ 17.349773157900824, 50.327566557608961 ], [ 17.34041999557251, 50.332983722010312 ], [ 17.330747371528687, 50.327294919897177 ], [ 17.321383626621948, 50.321464934032178 ], [ 17.301947849316722, 50.321412927078647 ], [ 17.282511684503309, 50.321371850547621 ], [ 17.27355689752844, 50.326459630003193 ], [ 17.262658259559053, 50.332773381678599 ], [ 17.243216808353168, 50.332748812103873 ], [ 17.23493257710383, 50.337449496432818 ], [ 17.223348844556192, 50.344156607631646 ], [ 17.21530081467445, 50.348719692312223 ], [ 17.214631953548054, 50.360279325301917 ], [ 17.20303995910518, 50.366985062435695 ], [ 17.19498740656589, 50.371545921307742 ], [ 17.194312480561205, 50.383105327441612 ], [ 17.182711370815959, 50.389809908159876 ], [ 17.163245982054271, 50.389798062192732 ], [ 17.150663638923351, 50.382419357801261 ], [ 17.144225250891228, 50.378396052871373 ], [ 17.137481015909596, 50.382208960212893 ], [ 17.124313572006429, 50.389813459804159 ], [ 17.117853432695636, 50.393462887159245 ], [ 17.117119208090244, 50.405020941026024 ], [ 17.103937421080403, 50.412625333518861 ], [ 17.084461060508939, 50.412650026817268 ], [ 17.064984078355089, 50.412688460151642 ], [ 17.045506450169999, 50.412740806088948 ], [ 17.040907403599164, 50.415332118524617 ], [ 17.025555713979795, 50.424169137524522 ], [ 17.006072460266992, 50.424240110173244 ], [ 16.986588524154119, 50.424324775991487 ], [ 16.96710389881164, 50.424422890265554 ], [ 16.96501163519223, 50.425599017625188 ], [ 16.947128631731509, 50.435861936918975 ], [ 16.945414759244073, 50.436824600998747 ], [ 16.927143736502725, 50.44729775346849 ], [ 16.925809199831129, 50.448046758734066 ], [ 16.907149253307622, 50.458729294028409 ], [ 16.887816047248709, 50.455103366718063 ], [ 16.884171201872213, 50.458867012808113 ], [ 16.873151487911599, 50.470236215958572 ], [ 16.867373112891226, 50.476212841798194 ], [ 16.861997199950441, 50.481601913325321 ], [ 16.85066643286163, 50.492963293029803 ], [ 16.846940644164146, 50.49668363884323 ], [ 16.839042697077137, 50.504318141397953 ], [ 16.827325498090758, 50.515670097028824 ], [ 16.826523070235261, 50.516438035257565 ], [ 16.815094798843521, 50.527011247740319 ], [ 16.806129447092484, 50.535301722255078 ], [ 16.80271643893149, 50.538348341115196 ], [ 16.789892822000411, 50.549675680969671 ], [ 16.785760391755218, 50.553287328746407 ], [ 16.776610734783912, 50.560992870045474 ], [ 16.765419634411895, 50.570341184001443 ], [ 16.762979438435636, 50.572301853318997 ], [ 16.748686200945485, 50.583596463242159 ], [ 16.745112674695775, 50.586374614594966 ], [ 16.733717719524975, 50.594876200380931 ], [ 16.724840607716999, 50.601393557837334 ], [ 16.718087515045433, 50.606141072666539 ], [ 16.704602802174801, 50.615439109115691 ], [ 16.701644123422049, 50.617387827722624 ], [ 16.684401588599293, 50.62849050441671 ], [ 16.684202788537789, 50.62861245142826 ], [ 16.665451219108171, 50.639808241017256 ], [ 16.664240063623748, 50.640512207952746 ], [ 16.645280216126775, 50.650972362394768 ], [ 16.644114986458124, 50.651596505820756 ], [ 16.624026278866982, 50.661769682113579 ], [ 16.623340315973952, 50.662096955281882 ], [ 16.603975568509473, 50.67102352372919 ], [ 16.599020782965354, 50.673168442463179 ], [ 16.583959213152578, 50.67945259395362 ], [ 16.571847725538053, 50.684175468407922 ], [ 16.563974622498968, 50.687127851801584 ], [ 16.544021579421983, 50.694072383832861 ], [ 16.540830572254446, 50.695095145073054 ], [ 16.524104000395873, 50.700229992174179 ], [ 16.504210340475769, 50.705837316262887 ], [ 16.504031678007692, 50.705882926786558 ], [ 16.484352964026233, 50.710676816473459 ], [ 16.464517533416057, 50.715032490877753 ], [ 16.457293961402812, 50.716442717060815 ], [ 16.444711528441758, 50.718778344407625 ], [ 16.424931111003396, 50.721998660636906 ], [ 16.405172245384382, 50.724778646533181 ], [ 16.390427478656218, 50.726534833242816 ], [ 16.385436720281383, 50.727096290251687 ], [ 16.365726982512069, 50.728918492054007 ], [ 16.346037181152418, 50.730359866504614 ], [ 16.326366877646251, 50.731436583801546 ], [ 16.306715552434955, 50.73216573001546 ], [ 16.287082615587739, 50.732565092187059 ], [ 16.267467417811982, 50.73265294640408 ], [ 16.247869261503244, 50.732447854411198 ], [ 16.228287411542173, 50.731968473194343 ], [ 16.208721105597569, 50.731233380866279 ], [ 16.189169563748109, 50.730260921120752 ], [ 16.16963199728664, 50.729069067558498 ], [ 16.150107616618484, 50.7276753083488 ], [ 16.130595638207257, 50.726096550989318 ], [ 16.111095290557721, 50.724349046368062 ], [ 16.091605819254539, 50.722448330909849 ], [ 16.0721264910987, 50.720409185294955 ], [ 16.055397030566848, 50.718549141228188 ], [ 16.052657297532395, 50.718234455083888 ], [ 16.033201470932948, 50.715875615076776 ], [ 16.013754011064833, 50.71341483983587 ], [ 15.994314254713711, 50.710864435276179 ], [ 15.974881572311734, 50.708235870095564 ], [ 15.955455368171906, 50.705539799256798 ], [ 15.94570052014932, 50.704153209596448 ], [ 15.936038458324706, 50.702734304867306 ], [ 15.916630477041748, 50.699826984530581 ], [ 15.897227456925187, 50.696879781854896 ], [ 15.877828906408253, 50.69390081324007 ], [ 15.857732897024617, 50.701386794238481 ], [ 15.856983606210829, 50.701792936733597 ], [ 15.855472629072377, 50.713323753493427 ], [ 15.836677522115735, 50.723016088911699 ], [ 15.834267494547444, 50.724320973852521 ], [ 15.832811335657857, 50.735853011204163 ], [ 15.831380834875922, 50.747385718674394 ], [ 15.814837178760277, 50.755908385791464 ], [ 15.795257399147385, 50.755297745571461 ], [ 15.780325341700893, 50.745985906803803 ], [ 15.776447882854635, 50.743490302439838 ], [ 15.756874279881814, 50.742870430489113 ], [ 15.737301286508876, 50.742248151645192 ], [ 15.717728896561484, 50.741623590520568 ], [ 15.698157104707803, 50.740996856808138 ], [ 15.693418679396537, 50.74355154411451 ], [ 15.69202888248066, 50.755084001781618 ], [ 15.676995745981106, 50.762808604895767 ], [ 15.657415268075024, 50.762185014848548 ], [ 15.637835380788161, 50.761559369971827 ], [ 15.631581378256408, 50.764923917141957 ], [ 15.617443999743257, 50.772182355706441 ], [ 15.610553838045416, 50.775886127622563 ], [ 15.597041924962594, 50.782822205059283 ], [ 15.577453964593643, 50.782196669691878 ], [ 15.557866597345928, 50.78156909492246 ], [ 15.538279823764228, 50.780939501636453 ], [ 15.518693644733508, 50.780307905672515 ], [ 15.510844399841195, 50.784514942459253 ], [ 15.49826367624866, 50.790965814431821 ], [ 15.478673794196627, 50.790332631127896 ], [ 15.470209364234512, 50.79486331554925 ], [ 15.458228977527259, 50.801004323704902 ], [ 15.449263448195291, 50.805799312813633 ], [ 15.437773657887583, 50.811688412330447 ], [ 15.427358698859848, 50.805129749711575 ], [ 15.419042468454384, 50.799731821248628 ], [ 15.408313801114044, 50.792971699136849 ], [ 15.408788086424321, 50.781413759896346 ], [ 15.401189142181, 50.776476642084091 ], [ 15.381607173175478, 50.775831142084478 ], [ 15.373216700384335, 50.780311770639059 ], [ 15.371914619320517, 50.791843881380863 ], [ 15.370629126696906, 50.803376487194029 ], [ 15.369359657945351, 50.814909570932237 ], [ 15.368105649417449, 50.826443115451667 ], [ 15.366866540848823, 50.837977103688594 ], [ 15.356734565630004, 50.843168206463417 ], [ 15.345982629867857, 50.848896837344292 ], [ 15.336233451304116, 50.853891638588912 ], [ 15.325110174513798, 50.859813274291973 ], [ 15.315722055678396, 50.864622943832877 ], [ 15.304247894576088, 50.870726381057764 ], [ 15.295200414827789, 50.875361402528959 ], [ 15.283394582890113, 50.881636125588116 ], [ 15.28221057977294, 50.893171143190663 ], [ 15.281037748556672, 50.904706498135674 ], [ 15.272846539835944, 50.908905051754587 ], [ 15.260207816635756, 50.915613019521174 ], [ 15.259052616453204, 50.927148758127942 ], [ 15.270776467401406, 50.934771487592485 ], [ 15.277581717922459, 50.939314443881003 ], [ 15.289496645019346, 50.94705558041916 ], [ 15.296128789845687, 50.951477629970171 ], [ 15.28884590040242, 50.955216498226399 ], [ 15.275325404020542, 50.962387838808112 ], [ 15.274210323627308, 50.973924926807875 ], [ 15.267354557909687, 50.977445775729059 ], [ 15.247689014681866, 50.976803930540555 ], [ 15.233726361536867, 50.984197639844353 ], [ 15.232619517718557, 50.995734690469931 ], [ 15.226165897008457, 50.999049024110484 ], [ 15.220316329796667, 50.995336748003368 ], [ 15.207426493661044, 50.986954470283465 ], [ 15.201433895324401, 50.983150590214201 ], [ 15.188696502930682, 50.974861178886592 ], [ 15.174671685038714, 50.982276053098758 ], [ 15.173552877380169, 50.993812316103757 ], [ 15.172441202151424, 51.00534879589592 ], [ 15.171336333812706, 51.016885481958255 ], [ 15.165255044161208, 51.020007334055549 ], [ 15.159747337854338, 51.016504630489329 ], [ 15.146524532927895, 51.007895274991043 ], [ 15.140886998024389, 51.004309322630242 ], [ 15.141687020464895, 50.992762746831694 ], [ 15.128757353875997, 50.984336128961957 ], [ 15.114498971035975, 50.991860341941354 ], [ 15.108133095201175, 50.995122453921908 ], [ 15.093688797430758, 51.002738503592241 ], [ 15.09256703939189, 51.014274103234044 ], [ 15.086533325355775, 51.017366808168468 ], [ 15.066854685463445, 51.016699241378724 ], [ 15.061407326846625, 51.013226349748081 ], [ 15.048152006740992, 51.004572130107519 ], [ 15.033504147037782, 51.012281005551891 ], [ 15.027499578400825, 51.015355162432883 ], [ 15.007823118387405, 51.014678643633147 ], [ 14.988147392164876, 51.013999134201377 ], [ 14.982738274907703, 51.010543896863908 ], [ 14.983589002384598, 50.998999700271156 ], [ 14.98443211572855, 50.987455228630616 ], [ 14.990733752347749, 50.984046407714537 ], [ 15.010397742320407, 50.984715118916711 ], [ 15.02456970632632, 50.977256757889741 ], [ 15.025385983215603, 50.965711177396926 ], [ 15.026193670937893, 50.954165291273767 ], [ 15.013717591112549, 50.94600245117131 ], [ 15.007357484327999, 50.941948399585463 ], [ 15.008152536661671, 50.930402133840602 ], [ 14.99603702319504, 50.922467587742602 ], [ 14.989314114458608, 50.918182049764305 ], [ 14.996752950688077, 50.914137927904726 ], [ 15.009713691281215, 50.907308573305116 ], [ 14.997998802235969, 50.899633230072496 ], [ 14.990866386929195, 50.895088306830047 ], [ 14.998757743850806, 50.890791418503795 ], [ 15.01123387946086, 50.884213560346176 ], [ 15.011977689837165, 50.872665477922766 ], [ 15.00093297463749, 50.865424733669933 ], [ 14.981320680391923, 50.864741091717548 ], [ 14.961709098726784, 50.86405474816857 ], [ 14.942098233321811, 50.863365694323775 ], [ 14.92982906257453, 50.869825249941414 ], [ 14.921491971724484, 50.874071699428391 ], [ 14.901877752729737, 50.873377371906749 ], [ 14.882264263600932, 50.872680281400868 ], [ 14.862651507983134, 50.871980420647176 ], [ 14.843039489514043, 50.871277782599257 ], [ 14.823428211822927, 50.870572360434998 ], [ 14.81083070603971, 50.877181944721571 ], [ 14.822167372381031, 50.884650749290905 ], [ 14.82919352547432, 50.889414726293353 ], [ 14.840744197633748, 50.897018836020038 ], [ 14.847575312563714, 50.901645153319933 ], [ 14.84633864278347, 50.913175083389383 ], [ 14.858294749553538, 50.921038634312012 ], [ 14.864751660027464, 50.925403714891864 ], [ 14.876896863481406, 50.933385654555266 ], [ 14.883182820107939, 50.937629941687547 ], [ 14.881978610225088, 50.949161266931107 ], [ 14.894481678944272, 50.957370583655049 ], [ 14.900439384392724, 50.96138561171351 ], [ 14.913108970299776, 50.969698020470069 ], [ 14.918917496724742, 50.973607503618339 ], [ 14.917743328252438, 50.985140119292979 ], [ 14.9165756666017, 50.996672946628848 ], [ 14.92970883685468, 51.005279545635887 ], [ 14.935092579359658, 51.008893370441427 ], [ 14.933941637265603, 51.020426886293961 ], [ 14.947350994935503, 51.02920608419435 ], [ 14.952485154893576, 51.032645275533859 ], [ 14.951349961267345, 51.044179441087415 ], [ 14.950219995897248, 51.05571377231243 ], [ 14.964001143673846, 51.064725910300766 ], [ 14.968798804105415, 51.067930528141126 ], [ 14.967683212020013, 51.079465456001074 ], [ 14.98168522758264, 51.088613251368727 ], [ 14.986286432871553, 51.091680069202937 ], [ 14.985184374738346, 51.103215560383141 ], [ 14.984086446381149, 51.114751178109081 ], [ 14.982992441208955, 51.126286915374479 ], [ 14.981902160323532, 51.137822765431977 ], [ 14.996377274583887, 51.147264746511951 ], [ 15.000554317549172, 51.150036392216563 ], [ 14.995931225257079, 51.152411271371577 ], [ 14.9797320128863, 51.160894778181891 ], [ 14.994367835511659, 51.170437661319163 ], [ 14.998400195630706, 51.173109170515097 ], [ 14.997327742681081, 51.184645694742493 ], [ 15.012109382984855, 51.194274365758019 ], [ 15.016017169845158, 51.196857794448185 ], [ 15.014955047902383, 51.208394762067144 ], [ 15.013895476731841, 51.219931801603991 ], [ 15.012838309033999, 51.231468908100204 ], [ 15.027873872886053, 51.241249485119063 ], [ 15.031562683181797, 51.243679376815223 ], [ 15.030514728201551, 51.255216884717242 ], [ 15.029468777725759, 51.266754445721965 ], [ 15.028424705510355, 51.278292055596758 ], [ 15.027382390256456, 51.289829710273914 ], [ 15.023504263946005, 51.291829895661429 ], [ 15.006538223723647, 51.30069269887305 ], [ 15.005494211580581, 51.312230150502664 ], [ 15.001705966873249, 51.314183772421835 ], [ 14.984639365134676, 51.32308902894215 ], [ 14.983593195125188, 51.334626261944429 ], [ 14.979885624965668, 51.336537965260796 ], [ 14.962727184754995, 51.34548100983433 ], [ 14.961678435123806, 51.357018009731661 ], [ 14.977205226954734, 51.367106312791186 ], [ 14.980461549268206, 51.369238109681781 ], [ 14.976854822381359, 51.371098481398271 ], [ 14.959583896480032, 51.380092068657071 ], [ 14.958537936081823, 51.391629121841902 ], [ 14.957492739523051, 51.40316618713193 ], [ 14.95644822915323, 51.414703261878415 ], [ 14.955404330334625, 51.426240343534992 ], [ 14.971108849279315, 51.436431406060251 ], [ 14.974221319335383, 51.438462208913272 ], [ 14.970773091161947, 51.440241422438447 ], [ 14.953318083258068, 51.449314517883828 ], [ 14.952275599904198, 51.460851605965033 ], [ 14.94887267084812, 51.46260660208609 ], [ 14.931359253447091, 51.471699706858203 ], [ 14.927978532576052, 51.473442372906248 ], [ 14.910434245603593, 51.482543876870878 ], [ 14.907074479882201, 51.484274844407274 ], [ 14.887199562450533, 51.483576812227298 ], [ 14.867325438819227, 51.482875499036005 ], [ 14.849738901354439, 51.491981491739097 ], [ 14.846403085513957, 51.493697533915707 ], [ 14.8287883346262, 51.502810484352239 ], [ 14.825470817182886, 51.504516175425174 ], [ 14.807828892751163, 51.51363552328305 ], [ 14.804528631496046, 51.51533138590591 ], [ 14.784642756101412, 51.514616111921875 ], [ 14.764757696075037, 51.513897544110407 ], [ 14.747078584974977, 51.52301863054771 ], [ 14.743797236776755, 51.524702141048465 ], [ 14.726093163032141, 51.533828427131276 ], [ 14.72499722636398, 51.545362235792766 ], [ 14.721744138538583, 51.547030073282698 ], [ 14.703997665812411, 51.556167739462566 ], [ 14.702896499208489, 51.567701212861515 ], [ 14.718824131582982, 51.578078653760336 ], [ 14.721708621427249, 51.579963555256221 ], [ 14.737654479691582, 51.59034489760338 ], [ 14.740531420845436, 51.592223108085896 ], [ 14.756495006761515, 51.602608010437741 ], [ 14.759364861117765, 51.60447986547284 ], [ 14.758277667175046, 51.616014148416113 ], [ 14.755089862686244, 51.617648688752048 ], [ 14.7372548522376, 51.626825063309113 ], [ 14.753258708020422, 51.637229694246962 ], [ 14.756102268465895, 51.639082638749095 ], [ 14.752933311293386, 51.640706915456825 ], [ 14.735068727684457, 51.64989290553325 ], [ 14.751097677384188, 51.660309529702758 ], [ 14.753925324770169, 51.66215102131541 ], [ 14.750773816061614, 51.663765707307341 ], [ 14.732880938310304, 51.672960635807748 ], [ 14.73178635637985, 51.684494456712962 ], [ 14.728651867693349, 51.686098934955155 ], [ 14.710726942284326, 51.695299734990208 ], [ 14.707600779991484, 51.696898793719605 ], [ 14.689657934105245, 51.706100999626052 ], [ 14.686539699524612, 51.707694837380309 ], [ 14.668579303360996, 51.716898245656722 ], [ 14.667467608152856, 51.728431036621693 ], [ 14.664363886371568, 51.730015901457996 ], [ 14.646373737699507, 51.739223921451249 ], [ 14.645255863958859, 51.750756340590456 ], [ 14.644137388611401, 51.762288725094876 ], [ 14.643018299829018, 51.773821074538823 ], [ 14.641898587112616, 51.785353388545737 ], [ 14.640778241233217, 51.796885666786004 ], [ 14.63771306488286, 51.79844765759492 ], [ 14.617707195872773, 51.797702097309418 ], [ 14.599636454421541, 51.80692432282725 ], [ 14.596577000318311, 51.808481395225144 ], [ 14.578490682707496, 51.817703719651369 ], [ 14.577353242228043, 51.829234964466337 ], [ 14.593521400085375, 51.839748752712659 ], [ 14.596239281257386, 51.841518985967703 ], [ 14.595105554309601, 51.853050466276855 ], [ 14.611297359977756, 51.863569301017407 ], [ 14.63133230591564, 51.864316176828339 ], [ 14.634042496896464, 51.866078572006408 ], [ 14.650253222551864, 51.876595568646721 ], [ 14.652959683874176, 51.87835412814136 ], [ 14.669184458569926, 51.888872076822388 ], [ 14.671887265319448, 51.890626854136023 ], [ 14.688126021709216, 51.901145698126868 ], [ 14.690825248449052, 51.902896745859309 ], [ 14.689713532697121, 51.914429572317253 ], [ 14.688601160944401, 51.925962362343903 ], [ 14.704872102135859, 51.936489467713884 ], [ 14.707558410825525, 51.938229947910735 ], [ 14.706449821315182, 51.949762968024899 ], [ 14.705340584413813, 51.961295952074984 ], [ 14.7042307021207, 51.972828900146659 ], [ 14.703120176664767, 51.984361812334058 ], [ 14.71944020899379, 51.994903624239939 ], [ 14.722105694187347, 51.996627616890876 ], [ 14.720999003083252, 52.008160759872162 ], [ 14.719891681033719, 52.01969386746498 ], [ 14.73624213144366, 52.030242659885467 ], [ 14.738896669247518, 52.031957351010668 ], [ 14.737793220031129, 52.043490689508239 ], [ 14.73668915268634, 52.055023993131442 ], [ 14.753069194189536, 52.065579178710912 ], [ 14.755713697578921, 52.067285148879286 ], [ 14.752764591329473, 52.068784205599975 ], [ 14.734479174562839, 52.078090496203991 ], [ 14.733373269189862, 52.089623695875638 ], [ 14.730431223683624, 52.091117606105634 ], [ 14.710292239658871, 52.09038508126369 ], [ 14.691980122203919, 52.099688984405617 ], [ 14.689040739885884, 52.101179576132253 ], [ 14.670715576177143, 52.110482116513204 ], [ 14.669592380320641, 52.122014301219856 ], [ 14.668468571335749, 52.133546451306358 ], [ 14.667344151710306, 52.145078566878034 ], [ 14.683769608074043, 52.155663336507295 ], [ 14.686386907482566, 52.157351263425305 ], [ 14.702824464076143, 52.167935528224774 ], [ 14.705440311614833, 52.169621096700169 ], [ 14.702518910938254, 52.1711010991705 ], [ 14.684145395299408, 52.180415935331155 ], [ 14.683023743309354, 52.19194822033166 ], [ 14.681901497309124, 52.203480471501976 ], [ 14.698365493490927, 52.214072808414983 ], [ 14.700973272331398, 52.215751389615519 ], [ 14.69985504510956, 52.227283878953891 ], [ 14.698736236099966, 52.23881633495315 ], [ 14.69761684803345, 52.250348757727302 ], [ 14.694708428138917, 52.251819618771826 ], [ 14.674497696062121, 52.251079458326871 ], [ 14.656066908320456, 52.260397847175931 ], [ 14.653158582604588, 52.261866697992211 ], [ 14.63294439534384, 52.261119347000125 ], [ 14.614499135958692, 52.27043186050836 ], [ 14.611590636320608, 52.271898832640041 ], [ 14.591373009894529, 52.271144283472417 ], [ 14.572913535596559, 52.280450782226744 ], [ 14.571760497336411, 52.291981212406405 ], [ 14.570606867000487, 52.303511608955638 ], [ 14.569452647861873, 52.315041972012686 ], [ 14.566544878234543, 52.316505517599865 ], [ 14.548056479680293, 52.325809774697262 ], [ 14.546895847010672, 52.33733975526799 ], [ 14.545734631427042, 52.348869702617243 ], [ 14.544572836818247, 52.360399616907578 ], [ 14.543410467247018, 52.371929498308234 ], [ 14.542247526947458, 52.383459346995089 ], [ 14.539335907959551, 52.384921875196291 ], [ 14.520812025114024, 52.394221269596692 ], [ 14.537322347995541, 52.404848146125808 ], [ 14.539919951925198, 52.406518946962485 ], [ 14.538755326472565, 52.418048698625704 ], [ 14.537590148811232, 52.429578418339652 ], [ 14.554114655667155, 52.440201528959101 ], [ 14.574408569259855, 52.440964059027223 ], [ 14.577013459440725, 52.442636021743454 ], [ 14.593550744984173, 52.453252779815678 ], [ 14.596158982270209, 52.454925373247491 ], [ 14.595008092473096, 52.466455948107445 ], [ 14.611554701283781, 52.477068025078829 ], [ 14.61416940721384, 52.478742704336952 ], [ 14.630722765666555, 52.489350694937372 ], [ 14.633341753840934, 52.491026577160525 ], [ 14.632199981338633, 52.502557688184538 ], [ 14.629264343082498, 52.504032998642927 ], [ 14.610728129111257, 52.513335099340239 ], [ 14.609580056311833, 52.524865838565667 ], [ 14.608431502898066, 52.536396548615606 ], [ 14.60728247449628, 52.547927229716457 ], [ 14.623840501881224, 52.558524651849034 ], [ 14.626483941200824, 52.560212806360589 ], [ 14.625339337306785, 52.5717437441944 ], [ 14.62237358430702, 52.573232206029289 ], [ 14.603832594828024, 52.582519101560628 ], [ 14.602681721564901, 52.594049669088172 ], [ 14.601530400434196, 52.605580208763108 ], [ 14.598545302137007, 52.607076523835502 ], [ 14.580001725296553, 52.616350727032703 ], [ 14.577009798089867, 52.617849259154127 ], [ 14.556634187008383, 52.617084696141816 ], [ 14.538082259203668, 52.626349778472459 ], [ 14.535083750851294, 52.627849513146501 ], [ 14.516528469821944, 52.637108154157737 ], [ 14.513522779826916, 52.638610257059369 ], [ 14.494964341144886, 52.647862358336162 ], [ 14.491951269481595, 52.649366918261642 ], [ 14.47156340375402, 52.648587250875877 ], [ 14.452996850466674, 52.65783011039116 ], [ 14.451805010292059, 52.669358233290474 ], [ 14.448776613241131, 52.670867952667145 ], [ 14.430209779093374, 52.680099894556001 ], [ 14.429011576841727, 52.691627632689411 ], [ 14.42596609846175, 52.693144244794908 ], [ 14.407400038404441, 52.702364744909815 ], [ 14.404346207198078, 52.703884240559532 ], [ 14.385778074363055, 52.71309765985314 ], [ 14.384567564853244, 52.724624650631135 ], [ 14.381495169809529, 52.726151718992838 ], [ 14.362929217514001, 52.735353000863078 ], [ 14.359847940733637, 52.736883178391885 ], [ 14.341280397449861, 52.746077142066035 ], [ 14.338190128779464, 52.747610469098916 ], [ 14.319621087336147, 52.756797069307304 ], [ 14.316521729866608, 52.758333579423009 ], [ 14.297951269706237, 52.767512777637116 ], [ 14.294842739940824, 52.769052497630348 ], [ 14.274404791321786, 52.768236876658264 ], [ 14.255826416583849, 52.777406732612512 ], [ 14.254580041705262, 52.788931517692191 ], [ 14.25145297094134, 52.790477710765884 ], [ 14.232878596270467, 52.799634539454516 ], [ 14.229742183855064, 52.801183982343247 ], [ 14.211166573322643, 52.810333322384821 ], [ 14.208020789722617, 52.811886015174636 ], [ 14.187565388084941, 52.811054611497894 ], [ 14.168981319563599, 52.820194878660345 ], [ 14.165829026347131, 52.821748437463704 ], [ 14.145370280690395, 52.820909559437752 ], [ 14.126777401771777, 52.830040925808873 ], [ 14.125495165857465, 52.841563461535756 ], [ 14.124212366253095, 52.853085965830843 ], [ 14.140590803563546, 52.863641705379905 ], [ 14.143411824550784, 52.865449874384389 ], [ 14.142133465601622, 52.876972670702358 ], [ 14.158499681797467, 52.887509871681111 ], [ 14.161349541448494, 52.889334054974739 ], [ 14.15811841165484, 52.890923725399055 ], [ 14.139575061900089, 52.90001816940719 ], [ 14.138295010427173, 52.911540871559538 ], [ 14.137014386788433, 52.92306354203658 ], [ 14.135733185578186, 52.934586180637027 ], [ 14.134451400395983, 52.946108787118618 ], [ 14.133169023738917, 52.957631361193719 ], [ 14.149476663125409, 52.968115361708747 ], [ 14.152420316679276, 52.969995006215029 ], [ 14.168718517243802, 52.980464517024856 ], [ 14.189253840344104, 52.981295900032464 ], [ 14.192225226849107, 52.983190170214485 ], [ 14.208513162837312, 52.9936384746252 ], [ 14.229055941449007, 52.994463018754544 ], [ 14.232056090033824, 52.996372546526125 ], [ 14.248332737134261, 53.006799018372547 ], [ 14.251355668259954, 53.008721205029829 ], [ 14.26762056864561, 53.019131757402306 ], [ 14.288177232311707, 53.019946169933043 ], [ 14.291230643720089, 53.021884684363286 ], [ 14.307482547556591, 53.032272365073418 ], [ 14.310560045399363, 53.034224362818527 ], [ 14.326798911199525, 53.044595334157783 ], [ 14.329900999286028, 53.046561140550764 ], [ 14.346126328738942, 53.056915099224788 ], [ 14.349253460374364, 53.05889501092684 ], [ 14.348027358309212, 53.070421106234541 ], [ 14.364225474580753, 53.080747129558347 ], [ 14.367396158325562, 53.082752362377548 ], [ 14.366174148629959, 53.094278717526393 ], [ 14.364951309603606, 53.105805031053009 ], [ 14.363727601543815, 53.11733130142224 ], [ 14.379870461763556, 53.127607139065361 ], [ 14.383122041701657, 53.129660514596594 ], [ 14.381902096236153, 53.14118703069299 ], [ 14.378215125952977, 53.143001530872901 ], [ 14.360050842744899, 53.151909837307613 ], [ 14.35882323244156, 53.16343591854244 ], [ 14.35759453563211, 53.174961948190202 ], [ 14.373671401985906, 53.185184754185386 ], [ 14.377011865557785, 53.187292596021742 ], [ 14.375786472336371, 53.198818853956581 ], [ 14.391835928599042, 53.209013738779554 ], [ 14.395219066052633, 53.211146820998913 ], [ 14.393996794857342, 53.222673299016961 ], [ 14.410019965397113, 53.232841009701922 ], [ 14.413444456335267, 53.234998570627411 ], [ 14.429453771611493, 53.245149221030651 ], [ 14.43290279265852, 53.247320863666303 ], [ 14.448898706436585, 53.257454756955759 ], [ 14.452371765137961, 53.25964017225747 ], [ 14.448461970441075, 53.261560101500741 ], [ 14.430471268888276, 53.27037472322985 ], [ 14.42655266164236, 53.272296750130373 ], [ 14.408558910938895, 53.281104957054737 ], [ 14.407333978320874, 53.292631393406808 ], [ 14.406107591350375, 53.304157764282266 ], [ 14.404879740276639, 53.315684069308517 ], [ 14.403650420174953, 53.327210308299122 ], [ 14.402419630924815, 53.338736481252994 ], [ 14.401187377109851, 53.350262588350724 ], [ 14.397178267509746, 53.352220629997142 ], [ 14.379220592048823, 53.360986090447568 ], [ 14.39514290460543, 53.371063519926452 ], [ 14.398718516529144, 53.373314606566538 ], [ 14.394686961372916, 53.375281605099815 ], [ 14.376737540222232, 53.384037304256999 ], [ 14.375493884692755, 53.395562814799497 ], [ 14.374248840264562, 53.407088262304242 ], [ 14.373002433830267, 53.418613647820571 ], [ 14.37175469476731, 53.430138972495058 ], [ 14.370505654490143, 53.441664237554022 ], [ 14.369255346003138, 53.453189444286352 ], [ 14.365172717726418, 53.455173419214972 ], [ 14.347220465884053, 53.463905394141229 ], [ 14.345961992894257, 53.475430145475357 ], [ 14.344702346650271, 53.486954842109014 ], [ 14.343441562621305, 53.498479485436391 ], [ 14.339344439873377, 53.500465800373306 ], [ 14.321374420627169, 53.509189892710054 ], [ 14.320105711060062, 53.520714087959455 ], [ 14.318835958826618, 53.532238233585389 ], [ 14.314734177780275, 53.534223170772819 ], [ 14.296743761755353, 53.542943495677648 ], [ 14.295466254298466, 53.554467198075038 ], [ 14.311379313901805, 53.564519716425657 ], [ 14.31502076856229, 53.566810385498002 ], [ 14.313747161004533, 53.578334345131182 ], [ 14.312472660904101, 53.58985826109901 ], [ 14.311197293393638, 53.601382134403153 ], [ 14.309921081815704, 53.612905965975635 ], [ 14.305786723895958, 53.61490144562331 ], [ 14.287782101605119, 53.623608480258248 ], [ 14.286498454408026, 53.635131881118241 ], [ 14.28521401772044, 53.646655242421154 ], [ 14.283928808084243, 53.658178564836881 ], [ 14.279787852681803, 53.660173319807711 ], [ 14.261758847756834, 53.668875546326611 ], [ 14.277687240077553, 53.678921894995533 ], [ 14.281356127635602, 53.681225095352957 ], [ 14.277204952420512, 53.683223450466102 ], [ 14.25917304578374, 53.69192129808863 ], [ 14.257879049429732, 53.703444118256023 ], [ 14.256584335144799, 53.71496690179405 ], [ 14.255288910423756, 53.726489649018738 ], [ 14.271218309225896, 53.736525644361969 ], [ 14.274911744481345, 53.73884077570866 ], [ 14.270731798959593, 53.740849745023809 ], [ 14.252695953259687, 53.74953503553953 ], [ 14.268624524696495, 53.75956611197892 ], [ 14.272329073489185, 53.76188679599106 ], [ 14.271036701475643, 53.77340975292055 ], [ 14.269743641063236, 53.784932674504276 ], [ 14.268449893093749, 53.796455560794662 ], [ 14.264235802690532, 53.798477758444292 ], [ 14.246201423271359, 53.807147879419986 ], [ 14.244900446442225, 53.818670342038985 ], [ 14.243598777939397, 53.830192769262013 ], [ 14.239376677479399, 53.832215772840279 ], [ 14.221326124884799, 53.840879922760493 ], [ 14.220017210853168, 53.852401924173058 ], [ 14.218707595494346, 53.863923889866122 ], [ 14.21739727535917, 53.875445819721492 ], [ 14.216086246592715, 53.886967713604768 ], [ 14.214774504983994, 53.898489571367236 ], [ 14.210516516156698, 53.900524815102195 ], [ 14.192457921112878, 53.909170369772887 ], [ 14.208377091521989, 53.919176991423974 ], [ 14.212148864894255, 53.9215331778747 ], [ 14.228055584880657, 53.931523639237874 ], [ 14.249057399200572, 53.932349260762578 ], [ 14.270060279692988, 53.933171071823025 ], [ 14.291064221377521, 53.933989073536985 ], [ 14.309037681402453, 53.925365262339511 ], [ 14.313362718829342, 53.923284658379288 ], [ 14.331317912312217, 53.91466168388343 ], [ 14.335649875137689, 53.912575749545482 ], [ 14.356645465594406, 53.91338179746014 ], [ 14.377642094784306, 53.91418405038624 ], [ 14.38154241100497, 53.91660795611682 ], [ 14.397370150808195, 53.926502334883452 ], [ 14.418374594842382, 53.927297271503662 ], [ 14.439380062575076, 53.928088424824175 ], [ 14.443345085099271, 53.930546900972466 ], [ 14.459133340899371, 53.940396266975029 ], [ 14.463127166952679, 53.942870272108607 ], [ 14.478898290658039, 53.952700722902513 ], [ 14.482921517294834, 53.955190615364728 ], [ 14.49867491914004, 53.965001802963151 ], [ 14.51970172190688, 53.965778660216813 ], [ 14.523774688995086, 53.96829538286223 ], [ 14.53949680793146, 53.978072886622627 ], [ 14.560531375318863, 53.978842515585995 ], [ 14.564655215301983, 53.981386749411726 ], [ 14.580344919522148, 53.991129935033825 ], [ 14.601387234308016, 53.991892382583494 ], [ 14.622430524380032, 53.992651130731687 ], [ 14.626626531527712, 53.995234409331516 ], [ 14.642269280134352, 54.004928378403548 ], [ 14.663320287337337, 54.005680035249284 ], [ 14.684372251258939, 54.006428042806739 ], [ 14.688641112931291, 54.009050820182026 ], [ 14.70423619656226, 54.018695285688835 ], [ 14.725295845333347, 54.019436316567933 ], [ 14.729617231382916, 54.022087669346845 ], [ 14.745178228048127, 54.031697061862936 ], [ 14.766245540752264, 54.032431207618508 ], [ 14.770619098553821, 54.035110961568634 ], [ 14.786146355880293, 54.044685568807033 ], [ 14.807221310867856, 54.045412931661083 ], [ 14.828297176707702, 54.046136804090409 ], [ 14.849373946451715, 54.046857211646206 ], [ 14.853836213930331, 54.049585022225337 ], [ 14.869306600110242, 54.059098981321632 ], [ 14.890390963037072, 54.059812826532507 ], [ 14.911476209531699, 54.06052328838836 ], [ 14.932562332768004, 54.061230393334029 ], [ 14.937106047533288, 54.06400211501829 ], [ 14.952526756794322, 54.073460085465442 ], [ 14.973620424661057, 54.074160860463266 ], [ 14.978207514686144, 54.076955967195595 ], [ 14.993603227050722, 54.086384840147495 ], [ 15.014704418485271, 54.087079403000722 ], [ 15.035806454807469, 54.087770739899227 ], [ 15.040446170317992, 54.090593799036 ], [ 15.055814289350586, 54.09998627325696 ], [ 15.076923817835826, 54.100671552911386 ], [ 15.098034174001128, 54.101353669957696 ], [ 15.102718166864506, 54.104199756920423 ], [ 15.118067018825014, 54.113561011979336 ], [ 15.139184839638048, 54.114237194235763 ], [ 15.160303473003257, 54.114910258677511 ], [ 15.165022340510747, 54.117773770197026 ], [ 15.180361313497034, 54.127109600227449 ], [ 15.201487388797981, 54.127776807225139 ], [ 15.206227921155879, 54.130650815918187 ], [ 15.221563587422716, 54.139970992022988 ], [ 15.242697094115075, 54.140632365138764 ], [ 15.26383139369119, 54.141290641783243 ], [ 15.268589685130733, 54.144171731693064 ], [ 15.283932588823147, 54.153476952642677 ], [ 15.305074305936516, 54.154129379420141 ], [ 15.32621680713598, 54.154778687589712 ], [ 15.347360089621256, 54.155424865231559 ], [ 15.3685041507563, 54.156067898271978 ], [ 15.389648988050174, 54.156707770640175 ], [ 15.394402017173187, 54.159578612409625 ], [ 15.409795066380806, 54.168877710656929 ], [ 15.430947300692857, 54.169511546733823 ], [ 15.452100305476366, 54.170142158643777 ], [ 15.473254078634598, 54.170769523854879 ], [ 15.494408618106652, 54.171393618865736 ], [ 15.51556392184677, 54.172014419421906 ], [ 15.520278386292901, 54.174854189882076 ], [ 15.535754901517116, 54.184167117759067 ], [ 15.556917590277662, 54.184781561422575 ], [ 15.578081038265541, 54.185392628797871 ], [ 15.582771332641622, 54.188213286949797 ], [ 15.598297079676009, 54.197536420572547 ], [ 15.619467909820315, 54.198140947151551 ], [ 15.640639493603686, 54.198742015888023 ], [ 15.661811828566449, 54.199339602988232 ], [ 15.666459291552311, 54.202128244313457 ], [ 15.682059584132471, 54.21147092378353 ], [ 15.703239292699729, 54.212061739743028 ], [ 15.724419745480134, 54.212649001368121 ], [ 15.745600939500971, 54.213232688862966 ], [ 15.750199921505789, 54.215985592971954 ], [ 15.765880430320218, 54.225351022804453 ], [ 15.787068984912866, 54.225927742529429 ], [ 15.791647026788139, 54.228664329049913 ], [ 15.80736697876292, 54.238039525439724 ], [ 15.828562888589472, 54.238609190252681 ], [ 15.849759524694342, 54.23917519015 ], [ 15.854300671696851, 54.241884256962216 ], [ 15.870082658348592, 54.25127684735952 ], [ 15.891286636114986, 54.251835691513939 ], [ 15.912491329224238, 54.252390834846906 ], [ 15.933696733499945, 54.252942269437689 ], [ 15.95490284467053, 54.253489988431724 ], [ 15.976109658376973, 54.254033985972569 ], [ 15.997317170180672, 54.254574257128624 ], [ 16.018525375571453, 54.25511079781549 ], [ 16.022951091576271, 54.257737380543617 ], [ 16.038906690898553, 54.26718446858586 ], [ 16.060122180707822, 54.267713718883172 ], [ 16.081338350891965, 54.268239228237086 ], [ 16.085727203366474, 54.270838339629748 ], [ 16.101744783319898, 54.280302351375028 ], [ 16.122968217261715, 54.280820546314914 ], [ 16.127336222023949, 54.283403344983292 ], [ 16.143393178543796, 54.292876644088118 ], [ 16.147756075799116, 54.295454074838482 ], [ 16.163830090151389, 54.304929272941372 ], [ 16.185067360786721, 54.305436553073704 ], [ 16.189410193836597, 54.307998156309445 ], [ 16.205522818220512, 54.31748210438132 ], [ 16.209861159407524, 54.320038699205156 ], [ 16.225990245638322, 54.329524150627073 ], [ 16.230324379976814, 54.332075899173503 ], [ 16.2464696524906, 54.341562677047641 ], [ 16.250799883337887, 54.344109751856557 ], [ 16.266961048205161, 54.353597668930661 ], [ 16.271287697314815, 54.356140252880053 ], [ 16.287464442191105, 54.365629111555684 ], [ 16.291787849833735, 54.368167397855167 ], [ 16.307979843841245, 54.377656990155373 ], [ 16.312300368958027, 54.380191182379001 ], [ 16.311556162419627, 54.391739631108365 ], [ 16.327756731035244, 54.401223659386545 ], [ 16.332086736889401, 54.403760224460079 ], [ 16.34830162053894, 54.413244412282509 ], [ 16.352629748945866, 54.415777447201563 ], [ 16.351896458791916, 54.42732621527054 ], [ 16.368118401299526, 54.436803927392901 ], [ 16.372457626214548, 54.43934023402489 ], [ 16.388692853897876, 54.4488174791502 ], [ 16.393031295555403, 54.451350871774231 ], [ 16.39230897691823, 54.46289995390196 ], [ 16.408549651185897, 54.472369760581742 ], [ 16.412900881834982, 54.474907374313545 ], [ 16.429153741166186, 54.484376050286116 ], [ 16.433505344371195, 54.486911403063502 ], [ 16.43279401556217, 54.498460793147402 ], [ 16.449050675873927, 54.507921054086871 ], [ 16.453416770875961, 54.510461590642649 ], [ 16.469684476475425, 54.519920038080393 ], [ 16.491038635307884, 54.520372854156186 ], [ 16.495394298958125, 54.522903092727951 ], [ 16.511691171540683, 54.532364395978618 ], [ 16.516049208741244, 54.534893508058005 ], [ 16.532355841811828, 54.544352223855896 ], [ 16.553723809570812, 54.544793645124756 ], [ 16.558073612534372, 54.547313704703605 ], [ 16.574407231645509, 54.556773957039766 ], [ 16.595782385055593, 54.557207689885992 ], [ 16.617158110576106, 54.557637518764167 ], [ 16.621490917743674, 54.560141643375665 ], [ 16.637866892195021, 54.569606432304802 ], [ 16.659249782529184, 54.570028504712084 ], [ 16.680633231488041, 54.570446644227268 ], [ 16.702017234345096, 54.570860842531886 ], [ 16.723401786355719, 54.571271091315779 ], [ 16.744786882755513, 54.571677382306831 ], [ 16.766172518758836, 54.572079707299793 ], [ 16.770457852095788, 54.574542946798942 ], [ 16.786932988032046, 54.584021494850191 ], [ 16.80832573140766, 54.584415913095988 ], [ 16.829719000384586, 54.584806337640416 ], [ 16.8339997317712, 54.587260629233796 ], [ 16.85050478502459, 54.59673634804129 ], [ 16.871905138709511, 54.597118803902141 ], [ 16.893306003676962, 54.597497240695034 ], [ 16.914707374934007, 54.597871651677714 ], [ 16.918983721837535, 54.600315181979333 ], [ 16.935525020747871, 54.609785799814667 ], [ 16.939815050077186, 54.612234578402543 ], [ 16.956354856890766, 54.621696026513497 ], [ 16.960659314977718, 54.624150482694311 ], [ 16.977196890869077, 54.633602342179557 ], [ 16.981516492876668, 54.636062889173637 ], [ 16.998051130080444, 54.64550475998881 ], [ 17.002386554972844, 54.647971792093486 ], [ 17.018917581821867, 54.657403295863027 ], [ 17.0232694674398, 54.659877185647154 ], [ 17.039796253299706, 54.669297968404607 ], [ 17.061237423690567, 54.669644233934406 ], [ 17.065606309353612, 54.672123373090344 ], [ 17.082134870204104, 54.681531038982122 ], [ 17.086522026108241, 54.684018090395504 ], [ 17.1030445500319, 54.693414028007588 ], [ 17.124499273125558, 54.693748166284358 ], [ 17.128906968764998, 54.696242513751784 ], [ 17.145427734948306, 54.705623347566039 ], [ 17.166889446136395, 54.705949386778194 ], [ 17.171319888024989, 54.708452309472698 ], [ 17.187836690106121, 54.717816804205377 ], [ 17.209305372651546, 54.718134754158285 ], [ 17.213760621925825, 54.720647452716044 ], [ 17.230271398658427, 54.729994460886097 ], [ 17.251747035579942, 54.730304337895987 ], [ 17.256228981527439, 54.732827918472296 ], [ 17.272731843359473, 54.742156394922922 ], [ 17.294214417494413, 54.742458221147167 ], [ 17.31569739995123, 54.742755983617855 ], [ 17.337180785152679, 54.743049685603204 ], [ 17.341704764575304, 54.745589122074009 ], [ 17.358197392223985, 54.75488624647739 ], [ 17.379687675386794, 54.755171944661292 ], [ 17.401178344710775, 54.755453596827714 ], [ 17.422669394606046, 54.755731207383604 ], [ 17.444160819484534, 54.756004780927036 ], [ 17.465652613761403, 54.756274322223547 ], [ 17.470244228772398, 54.758840509006724 ], [ 17.48671393472695, 54.768087766923223 ], [ 17.508212565656731, 54.768349389111009 ], [ 17.529711549444194, 54.768606997393135 ], [ 17.551210880532615, 54.768860596964785 ], [ 17.572710553375149, 54.769110193048661 ], [ 17.577371086182985, 54.771705831902096 ], [ 17.593810001831311, 54.780904764269408 ], [ 17.615316461536359, 54.781146519699654 ], [ 17.636823246631501, 54.78138429021287 ], [ 17.658330351622759, 54.781618080813836 ], [ 17.663053855183726, 54.784241688149748 ], [ 17.679461410711294, 54.793397860943038 ], [ 17.700975264367852, 54.793623870901044 ], [ 17.722489421762138, 54.793845917613773 ], [ 17.727265428413219, 54.796493398031672 ], [ 17.743645626274457, 54.805614845823044 ], [ 17.76516650542839, 54.805829151539896 ], [ 17.786687672338733, 54.806039507983485 ], [ 17.808209121629346, 54.806245918505951 ], [ 17.813052512588573, 54.808923823849177 ], [ 17.829396871158451, 54.818000301958335 ], [ 17.850925005341587, 54.818199008951467 ], [ 17.872453406154076, 54.818393779184348 ], [ 17.877351108435416, 54.821096481555742 ], [ 17.893666265284097, 54.830137436559745 ], [ 17.915201325101584, 54.830324519504046 ], [ 17.93673663596298, 54.830507670089389 ], [ 17.958272192609396, 54.830686888417546 ], [ 17.979807989796946, 54.830862173999463 ], [ 18.001344022296383, 54.831033525706474 ], [ 18.022880284892683, 54.831200941717356 ], [ 18.044416772384551, 54.831364419460719 ], [ 18.065953479583872, 54.831523955552484 ], [ 18.087490401315101, 54.83167954572783 ], [ 18.10902753241454, 54.831831184766877 ], [ 18.13056486772955, 54.831978866413785 ], [ 18.152102402117634, 54.83212258328841 ], [ 18.173640130445428, 54.832262326790087 ], [ 18.195178047587529, 54.832398086992512 ], [ 18.216716148425192, 54.832529852529227 ], [ 18.238254427844861, 54.832657610468814 ], [ 18.259792880736477, 54.832781346178905 ], [ 18.28133150199157, 54.832901043178275 ], [ 18.302870286501147, 54.833016682975909 ], [ 18.32440922915324, 54.833128244896329 ], [ 18.345948324830143, 54.833235705889962 ], [ 18.362313987083795, 54.824612751690694 ], [ 18.367668189621583, 54.821782111012737 ], [ 18.384008949753905, 54.813164444777371 ], [ 18.389375772765838, 54.810324252962815 ], [ 18.405691042796448, 54.801712206889832 ], [ 18.411071082179976, 54.798862091795272 ], [ 18.427360191034651, 54.790256042848625 ], [ 18.427529246277032, 54.77869647919384 ], [ 18.427698814589199, 54.767136896004878 ], [ 18.411659041933614, 54.758369585021391 ], [ 18.406394104681727, 54.755474099763504 ], [ 18.406571220424592, 54.743914524732652 ], [ 18.406748922602766, 54.732354930618861 ], [ 18.41207692529499, 54.729528429637398 ], [ 18.428382690283026, 54.720898370035172 ], [ 18.433722511266676, 54.718062641654271 ], [ 18.450003488056698, 54.709437897425879 ], [ 18.455355892588553, 54.706592473096634 ], [ 18.471611229385818, 54.697973517657623 ], [ 18.47177210540184, 54.686413710647926 ], [ 18.471933680189231, 54.674853884662788 ], [ 18.472095976282393, 54.663294039795275 ], [ 18.472259015301958, 54.651734176134418 ], [ 18.472422817758872, 54.640174293764346 ], [ 18.477718710026235, 54.637352870253785 ], [ 18.499154826797511, 54.637426625009695 ], [ 18.515389029904718, 54.628793227813837 ], [ 18.515541475190084, 54.61723322344676 ], [ 18.515694751080726, 54.605673200327111 ], [ 18.520998294798861, 54.602840926442788 ], [ 18.537228617938108, 54.594196776854645 ], [ 18.537377143800491, 54.582636676183846 ], [ 18.542675293093346, 54.579803558809566 ], [ 18.558892101899829, 54.571156317223419 ], [ 18.559035966155026, 54.55959614039967 ], [ 18.55918075050878, 54.54803594480606 ], [ 18.559326462114964, 54.536475730463316 ], [ 18.559473104901532, 54.524915497380341 ], [ 18.559620679333598, 54.513355245553413 ], [ 18.559769182192831, 54.501794974965335 ], [ 18.564942132767847, 54.499022725435886 ], [ 18.581237939677518, 54.490310407280369 ], [ 18.565128313838919, 54.481483664991224 ], [ 18.560068940727394, 54.47867437736577 ], [ 18.560220169879241, 54.467114050246806 ], [ 18.560372274154741, 54.455553704150866 ], [ 18.565431937571457, 54.452840410770847 ], [ 18.581819472450579, 54.444068909149109 ], [ 18.586888060851667, 54.441347764242892 ], [ 18.603253473753533, 54.432580262477408 ], [ 18.603395703940492, 54.421019784337105 ], [ 18.608442235651417, 54.418306971631367 ], [ 18.629764305195877, 54.418348800567848 ], [ 18.646081601335748, 54.409591434927407 ], [ 18.651184440026864, 54.406842412430741 ], [ 18.672500652589562, 54.406874277774413 ], [ 18.688735811716086, 54.398147930602256 ], [ 18.693902877181447, 54.39535813525287 ], [ 18.710108008913632, 54.386640153123338 ], [ 18.715293123550708, 54.383837279911127 ], [ 18.731466621712592, 54.375128554650686 ], [ 18.736671398110445, 54.372311698867712 ], [ 18.757969856945795, 54.372322857694947 ], [ 18.779268345256188, 54.3723286753075 ], [ 18.80056685609453, 54.372329068767392 ], [ 18.816499586952574, 54.363726748789986 ], [ 18.821915318994428, 54.360782743407746 ], [ 18.84320788213277, 54.360772181418326 ], [ 18.859018748900933, 54.352222892028564 ], [ 18.864538411411626, 54.349215678762427 ], [ 18.885825001684804, 54.349194012638861 ], [ 18.907111577450813, 54.349166614489498 ], [ 18.92839813086108, 54.34913342776332 ], [ 18.934326036618391, 54.35228735779144 ], [ 18.949670553805674, 54.36063346160568 ], [ 18.96503545798166, 54.352300159883654 ], [ 18.970971138605279, 54.349049505709246 ], [ 18.99225757669349, 54.348998705982858 ], [ 19.01354395999163, 54.348941992617064 ], [ 19.034830280274367, 54.348879368891055 ], [ 19.056116529347161, 54.348810855637701 ], [ 19.077402699094876, 54.348736492985083 ], [ 19.098688781535447, 54.348656341926969 ], [ 19.119974768877622, 54.348570485651891 ], [ 19.141260653581828, 54.348479030558423 ], [ 19.162546428422619, 54.348382106885467 ], [ 19.183832086551057, 54.348279868890742 ], [ 19.191198908045479, 54.352153792203957 ], [ 19.205175046019967, 54.359700514796209 ], [ 19.226466402031093, 54.35958660833969 ], [ 19.247757621196676, 54.359467872942886 ], [ 19.269048698555746, 54.359344551579888 ], [ 19.290339629777549, 54.359216905314533 ], [ 19.298510446372354, 54.363497143649774 ], [ 19.311717628507715, 54.370605041442346 ], [ 19.333014197961727, 54.370467423729082 ], [ 19.354310609054753, 54.370326240710945 ], [ 19.375606859993869, 54.370181798878392 ], [ 19.384473321656003, 54.37481502186985 ], [ 19.397013998145667, 54.381545940618409 ], [ 19.418315857981078, 54.381393358422258 ], [ 19.427584721006337, 54.386231087951252 ], [ 19.439740558314959, 54.392745669305604 ], [ 19.461048017435342, 54.392585839750801 ], [ 19.470726065198988, 54.39763166472018 ], [ 19.482490276398305, 54.403926904716052 ], [ 19.503803328824834, 54.403760728734447 ], [ 19.513894488069131, 54.409016738536963 ], [ 19.525263145999546, 54.415091176895345 ], [ 19.546581788908256, 54.414919522179709 ], [ 19.557087152686112, 54.420386299703395 ], [ 19.568059166820166, 54.426239998254296 ], [ 19.578836785533401, 54.431845086950361 ], [ 19.589548353101208, 54.437554705917712 ], [ 19.600601797234216, 54.443299888891765 ], [ 19.611049354065017, 54.448863780719357 ], [ 19.622381928563509, 54.454750700228779 ], [ 19.632562176398789, 54.460167363888338 ], [ 19.642573745841105, 54.454645023398299 ], [ 19.653720684756607, 54.448496858661329 ], [ 19.675056102578743, 54.44831310331741 ], [ 19.696391357689492, 54.448129236379735 ], [ 19.717726451255277, 54.447945279757761 ], [ 19.73906138393632, 54.447761224726008 ], [ 19.760396155855787, 54.447577034556936 ], [ 19.781730766582246, 54.447392647419825 ], [ 19.80306521512426, 54.447207979439149 ], [ 19.812346840686125, 54.442061843678722 ], [ 19.824169322428872, 54.435560514442159 ], [ 19.845497529153064, 54.435377076940739 ], [ 19.866825567440724, 54.435192897542521 ], [ 19.888153434061739, 54.435007836228394 ], [ 19.909481125352468, 54.434821746542568 ], [ 19.930808637251541, 54.434634477908084 ], [ 19.952135965337384, 54.434445877706295 ], [ 19.961180894973467, 54.429408144314905 ], [ 19.973191722161818, 54.422805761277935 ], [ 19.994512756353416, 54.4226154040024 ], [ 20.015833591146635, 54.42242317985896 ], [ 20.037154221052067, 54.422228948834842 ], [ 20.058474640416389, 54.42203257583423 ], [ 20.079794843453016, 54.421833931360283 ], [ 20.101114824270606, 54.421632892035326 ], [ 20.122434576899249, 54.42142934097739 ], [ 20.131468732084798, 54.416371605750619 ], [ 20.1434356090687, 54.409781341459315 ], [ 20.164748974446834, 54.409573249699925 ], [ 20.186062093173206, 54.409362293219928 ], [ 20.207374959231661, 54.409148386588498 ], [ 20.228687566626164, 54.408931450972553 ], [ 20.24999990939288, 54.408711413970543 ], [ 20.271311981610374, 54.408488209403188 ], [ 20.292623777408082, 54.408261777069299 ], [ 20.301807238251442, 54.403093877290388 ], [ 20.313569722348745, 54.396594707259887 ], [ 20.334875037111523, 54.396362197579883 ], [ 20.356180058338264, 54.396126295784953 ], [ 20.377484780465778, 54.395886964891922 ], [ 20.398789197998997, 54.395644172169519 ], [ 20.420093305510413, 54.395397888802968 ], [ 20.429492438877254, 54.390087771080836 ], [ 20.440996306014334, 54.383712540301886 ], [ 20.462293870846612, 54.383459645677902 ], [ 20.483591110132128, 54.38320318779359 ], [ 20.504888018719576, 54.382943151236447 ], [ 20.526184591502865, 54.382679522668887 ], [ 20.547480823414151, 54.382412290500177 ], [ 20.568776709416031, 54.382141444563764 ], [ 20.590072244493037, 54.381866975801188 ], [ 20.599717144660026, 54.376389840798559 ], [ 20.610919647658694, 54.370155275511777 ], [ 20.632208565457741, 54.36987392926698 ], [ 20.653497117850364, 54.369588935662712 ], [ 20.67478529982241, 54.369300287344217 ], [ 20.696073106328747, 54.36900797657043 ], [ 20.717360532282662, 54.368711994984359 ], [ 20.738647572545524, 54.368412333405189 ], [ 20.759934221916751, 54.368108981644589 ], [ 20.781220475124478, 54.367801928350097 ], [ 20.80250632681696, 54.367491160878203 ], [ 20.812428652432178, 54.361820416430128 ], [ 20.823285290812329, 54.355745155907954 ], [ 20.84456443005373, 54.355427274752785 ], [ 20.865843151657309, 54.355105631317485 ], [ 20.887121449875615, 54.354780206880989 ], [ 20.90839931885559, 54.354450981274979 ], [ 20.929676752639384, 54.354117932980415 ], [ 20.9509537451674, 54.353781039265925 ], [ 20.972230290283829, 54.353440276368033 ], [ 20.993506381744691, 54.353095619712882 ], [ 21.014782013228636, 54.352747044178464 ], [ 21.036057178350376, 54.352394524395741 ], [ 21.057331870676954, 54.352038035086458 ], [ 21.078606083746767, 54.351677551434754 ], [ 21.099879811091252, 54.351313049489299 ], [ 21.110102752654566, 54.345418671634256 ], [ 21.120564398417731, 54.339515510240147 ], [ 21.141831248176143, 54.339143173548408 ], [ 21.163097592932665, 54.338766745048964 ], [ 21.184363426362488, 54.338386207199079 ], [ 21.20562874226621, 54.338001545469105 ], [ 21.226893534603466, 54.337612748821122 ], [ 21.237346440131958, 54.331562022594021 ], [ 21.247534138474848, 54.325789955212301 ], [ 21.268791980382147, 54.325393047756123 ], [ 21.279584474072063, 54.33077111263637 ], [ 21.290684712938507, 54.336421501263303 ], [ 21.311947355027286, 54.336016140774824 ], [ 21.333209446981545, 54.335606658716543 ], [ 21.354470984468843, 54.335193074435225 ], [ 21.375731963566817, 54.334775413690565 ], [ 21.38616624325671, 54.328709500576444 ], [ 21.396327498715273, 54.322924565906867 ], [ 21.417581456082488, 54.322498831794519 ], [ 21.438834843847395, 54.322069098037922 ], [ 21.460087659753697, 54.321635414713022 ], [ 21.481339902082034, 54.321197839093799 ], [ 21.502591569669494, 54.320756435667775 ], [ 21.523842661924711, 54.320311276079742 ], [ 21.54509317883814, 54.319862438999252 ], [ 21.56634312098679, 54.319410009906505 ], [ 21.577202617639646, 54.32477814285609 ], [ 21.588310532155397, 54.330385260847798 ], [ 21.609565255053159, 54.329926465454037 ], [ 21.630819413506391, 54.329464447235324 ], [ 21.652073010681548, 54.328999318190114 ], [ 21.673326050241609, 54.328531194405372 ], [ 21.694578536302579, 54.328060195231409 ], [ 21.715830473381303, 54.327586442362595 ], [ 21.737081866334435, 54.327110058828595 ], [ 21.758332720288777, 54.326631167903003 ], [ 21.779583040563256, 54.326149891937952 ], [ 21.790621594404154, 54.331592961262523 ], [ 21.801610866195858, 54.337105380888431 ], [ 21.822866133342757, 54.336621146434986 ], [ 21.844120890287375, 54.336134962249297 ], [ 21.865375142147855, 54.335646931694569 ], [ 21.886628893688645, 54.335157150046228 ], [ 21.90788214920946, 54.33466570321513 ], [ 21.929134912434964, 54.334172666536134 ], [ 21.950387186407163, 54.33367810364706 ], [ 21.971638973382547, 54.333182065481786 ], [ 21.992890274736169, 54.332684589400984 ], [ 22.01414109087461, 54.332185698481581 ], [ 22.035391421159858, 54.331685400983368 ], [ 22.056641263845769, 54.331183690008174 ], [ 22.067281512552995, 54.336438238112748 ], [ 22.07874770948909, 54.342143591068094 ], [ 22.100002646765528, 54.341641190308721 ], [ 22.121257086466048, 54.341137266835752 ], [ 22.142511021463314, 54.340631745807443 ], [ 22.163764443434275, 54.340124538834303 ], [ 22.185017342899638, 54.339615544941083 ], [ 22.206269709278779, 54.33910465168799 ], [ 22.2275215309587, 54.338591736427574 ], [ 22.248772795375555, 54.338076667670805 ], [ 22.270023489106823, 54.337559306533983 ], [ 22.291273597972076, 54.337039508237623 ], [ 22.312523107140215, 54.336517123627424 ], [ 22.322093863244419, 54.341252825018771 ], [ 22.334702708410962, 54.347479989773873 ], [ 22.355957045136087, 54.346953767662519 ], [ 22.377210731007548, 54.346424433812984 ], [ 22.398463749465389, 54.345891834620133 ], [ 22.419716083898958, 54.345355819681586 ], [ 22.440967717747299, 54.344816242899348 ], [ 22.449893327332397, 54.349230814765647 ], [ 22.463186372552439, 54.355770330699308 ], [ 22.484442606265592, 54.355224575818418 ], [ 22.505698086119999, 54.354674786943953 ], [ 22.526952796589256, 54.354120844840608 ], [ 22.548206722600934, 54.353562638385988 ], [ 22.56945984958092, 54.353000064839847 ], [ 22.59071216348848, 54.352433029997378 ], [ 22.611963650842437, 54.351861448236193 ], [ 22.633214298739063, 54.351285242467689 ], [ 22.641103180581268, 54.355175260088295 ], [ 22.655486791709354, 54.362211138074031 ], [ 22.676741736000558, 54.361626281595875 ], [ 22.697995801561255, 54.361036569170189 ], [ 22.719248977959406, 54.360441958152173 ], [ 22.740501255331672, 54.359842413110513 ], [ 22.76175262436486, 54.359237905420528 ], [ 22.769026140238811, 54.362812211758595 ], [ 22.784062482320692, 54.370138728537555 ], [ 22.805318001422076, 54.369524758383164 ], [ 22.812434093629857, 54.373016356344991 ], [ 22.813550569294623, 54.384550241891972 ], [ 22.814668810559333, 54.396084058498303 ], [ 22.82979097962302, 54.403436349307611 ], [ 22.836955995172378, 54.40694624241133 ], [ 22.85214280996572, 54.414323125803541 ], [ 22.873419469255939, 54.413695671343142 ], [ 22.88722403604444, 54.405336451255351 ], [ 22.893602955914957, 54.401552751168389 ], [ 22.91487168029251, 54.400914626056199 ], [ 22.93613942813073, 54.400271395743005 ], [ 22.957406194276377, 54.399623079061399 ], [ 22.971578311019332, 54.391017896150593 ], [ 22.977556544018924, 54.387457520866342 ], [ 22.998815352817687, 54.386798831899767 ], [ 23.013168938134914, 54.378070573343017 ], [ 23.012079104381492, 54.366536761651567 ], [ 23.01098907452166, 54.355002945172856 ], [ 23.016695455598093, 54.351593710309608 ], [ 23.037934373288767, 54.350924398705892 ], [ 23.059172295681815, 54.350250201635113 ], [ 23.07381191461533, 54.341325149177017 ], [ 23.057514137013701, 54.333444141169366 ], [ 23.051406449991344, 54.33051031740461 ], [ 23.050302121635227, 54.31897713888106 ], [ 23.055765534116819, 54.315702605836755 ], [ 23.070478449870162, 54.306726598051199 ], [ 23.075844578275532, 54.30350594124593 ], [ 23.097056716642577, 54.302821447480397 ], [ 23.102823531947902, 54.305629038235487 ], [ 23.119419761821952, 54.313649584545793 ], [ 23.140635832977985, 54.312955749765287 ], [ 23.155572875969664, 54.303820373046108 ], [ 23.16068712225664, 54.30073963812093 ], [ 23.175694537651776, 54.29155340202535 ], [ 23.180726312150149, 54.288518187289732 ], [ 23.201927492482767, 54.287810189943706 ], [ 23.217048245785122, 54.278540953670223 ], [ 23.22194766371317, 54.275578847015261 ], [ 23.237128947297467, 54.266264588698434 ], [ 23.241955769823495, 54.263342393982064 ], [ 23.26314206654639, 54.262620647565271 ], [ 23.284327340044825, 54.261894399708929 ], [ 23.305511586749873, 54.261163673592335 ], [ 23.326694803124745, 54.260428492242582 ], [ 23.34208944605118, 54.250951843499962 ], [ 23.346663139242821, 54.248169247241982 ], [ 23.362104016010868, 54.238656071939907 ], [ 23.366619456618963, 54.235905252295062 ], [ 23.382103669274517, 54.226357287783031 ], [ 23.386563769490657, 54.223636577146955 ], [ 23.402088537801657, 54.214055492648804 ], [ 23.400872767786637, 54.202527899755765 ], [ 23.405267843634547, 54.199842115532064 ], [ 23.420836825835767, 54.190223422117924 ], [ 23.419615059330852, 54.178696140791857 ], [ 23.423950665540325, 54.176042050978893 ], [ 23.445086482897615, 54.175281341416031 ], [ 23.466221256237304, 54.174516389873261 ], [ 23.481882652939817, 54.164818237227479 ], [ 23.48610575568847, 54.162225280880868 ], [ 23.501795427491462, 54.152501414009251 ], [ 23.500549347235356, 54.140975456916706 ], [ 23.499303498406395, 54.129449482075259 ], [ 23.49805788880122, 54.117923489167687 ], [ 23.502220653958812, 54.115361004154906 ], [ 23.517938845085339, 54.105604647756479 ], [ 23.516687607800719, 54.094078962342472 ], [ 23.515436645771072, 54.082553257509517 ], [ 23.51955543907243, 54.080012513412086 ], [ 23.535292099288586, 54.070232070863625 ], [ 23.534035626824252, 54.058706671004096 ], [ 23.532779469658752, 54.047181250210663 ], [ 23.531523639555665, 54.035655808014994 ], [ 23.530268149208965, 54.024130343913896 ], [ 23.512557913674083, 54.015608738538077 ], [ 23.50793725402092, 54.01339859678906 ], [ 23.506688537000436, 54.001872743383181 ], [ 23.489022362235129, 53.993361671022257 ], [ 23.484374808431038, 53.991136261624568 ], [ 23.48313291657297, 53.979610018327271 ], [ 23.487265513625257, 53.977053469652795 ], [ 23.502944722343237, 53.967295039678362 ], [ 23.507051597579249, 53.964751386405254 ], [ 23.52274318944799, 53.954977066001604 ], [ 23.521490527035045, 53.943451430946567 ], [ 23.520238348496811, 53.931925768367449 ], [ 23.518986678194434, 53.920400077324622 ], [ 23.517735542069556, 53.908874356819467 ], [ 23.516484967665537, 53.897348605793582 ], [ 23.520581112297339, 53.894804030366295 ], [ 23.536242892949822, 53.885029209885914 ], [ 23.534987547024947, 53.873503737686377 ], [ 23.533732857828159, 53.861978231330305 ], [ 23.537817434427748, 53.8594363451937 ], [ 23.553467286549409, 53.849656462712517 ], [ 23.5522080509345, 53.838131228204425 ], [ 23.550949578938766, 53.826605955425165 ], [ 23.549691907812861, 53.815080642942455 ], [ 23.548435075867712, 53.80355528928461 ], [ 23.54717912227721, 53.79202989294798 ], [ 23.545924086848615, 53.780504452405886 ], [ 23.544670009761024, 53.768978966118375 ], [ 23.548771218383187, 53.766418987803547 ], [ 23.564356296051141, 53.756656321524531 ], [ 23.568442285433083, 53.754103330955601 ], [ 23.584030346206994, 53.744330684354814 ], [ 23.582767532840883, 53.732805741143927 ], [ 23.586843832220826, 53.730255777495948 ], [ 23.602424645136754, 53.720477407556352 ], [ 23.601158205490716, 53.708952704909521 ], [ 23.599892959984103, 53.697427947218777 ], [ 23.59862894231043, 53.685903133178591 ], [ 23.597366183722883, 53.674378261578106 ], [ 23.60144488199758, 53.671822457827695 ], [ 23.616992701045785, 53.662048098672742 ], [ 23.615726661975042, 53.650523455186928 ], [ 23.614461959648793, 53.638998751014391 ], [ 23.613198612023069, 53.627473985454969 ], [ 23.617270984217459, 53.62491863757856 ], [ 23.632799831082668, 53.615141691583226 ], [ 23.631533370959389, 53.603617148508881 ], [ 23.63026829669635, 53.592092542700392 ], [ 23.634328542283431, 53.589541838763544 ], [ 23.649848980650127, 53.579757833319825 ], [ 23.648580835161656, 53.568233449351077 ], [ 23.647314065887276, 53.55670900288078 ], [ 23.651359364101058, 53.554164754928721 ], [ 23.66687428484494, 53.544371884985189 ], [ 23.665604402744048, 53.532847662934195 ], [ 23.664335846248914, 53.52132338021822 ], [ 23.668363520043151, 53.518787241193046 ], [ 23.683875543572309, 53.508983865770475 ], [ 23.682603753947948, 53.497459813172632 ], [ 23.681333203016656, 53.485935703185454 ], [ 23.685341058590826, 53.483408958797476 ], [ 23.700852207915915, 53.473593808762232 ], [ 23.69957823801283, 53.4620699372472 ], [ 23.698305392184448, 53.450546012734712 ], [ 23.702292009945971, 53.448029409967305 ], [ 23.717803444394779, 53.43820175867382 ], [ 23.71652694781239, 53.426678082911977 ], [ 23.720495155859773, 53.424170258965837 ], [ 23.736008538002761, 53.414331187639014 ], [ 23.734728225672661, 53.402807768464129 ], [ 23.733448815594475, 53.391284304891073 ], [ 23.737395909852911, 53.388786234946593 ], [ 23.752908916212437, 53.378935090853055 ], [ 23.751625431044165, 53.367411895479471 ], [ 23.755555632141562, 53.364921439134555 ], [ 23.77106870811139, 53.35506007182169 ], [ 23.769780983062333, 53.343537152665604 ], [ 23.768493940688394, 53.332014197749949 ], [ 23.772406254770132, 53.32953112197314 ], [ 23.787915178350797, 53.3196600977586 ], [ 23.786623661839712, 53.308137429914211 ], [ 23.785332712245122, 53.296614730907216 ], [ 23.789230368325796, 53.294136801293071 ], [ 23.804731618453992, 53.284258377661416 ], [ 23.803435991839347, 53.272735975440256 ], [ 23.807323202021433, 53.270261260740291 ], [ 23.822817582127609, 53.26037706012157 ], [ 23.821517166484604, 53.248854960836098 ], [ 23.825396327562842, 53.246381877007728 ], [ 23.840881356764921, 53.236493495264916 ], [ 23.844753437958126, 53.234022327228729 ], [ 23.860233393834243, 53.22412915485998 ], [ 23.858922779832184, 53.212607699823955 ], [ 23.862791013932775, 53.210135412334935 ], [ 23.87825732718013, 53.200240828115398 ], [ 23.876941722409804, 53.18871968926382 ], [ 23.880808955254579, 53.186244421817392 ], [ 23.901439903518529, 53.185398667455615 ], [ 23.916889876771585, 53.175498504851603 ], [ 23.915563559990765, 53.163978049437475 ], [ 23.914237541729758, 53.152457573828954 ], [ 23.912911813291469, 53.140937078358782 ], [ 23.911586368255879, 53.129416563265345 ], [ 23.894081493314825, 53.120893391605158 ], [ 23.889658405147795, 53.118746002865336 ], [ 23.888339186952891, 53.10722508507623 ], [ 23.887020247899134, 53.095704147688217 ], [ 23.885701591055408, 53.084183190548075 ], [ 23.884383221804541, 53.072662213407483 ], [ 23.888311312372146, 53.070136054121889 ], [ 23.903639576444267, 53.060293062114795 ], [ 23.902316126705585, 53.048772408424782 ], [ 23.906260032015066, 53.046232342750876 ], [ 23.921554955479206, 53.036400766856865 ], [ 23.92022646594252, 53.024880436668575 ], [ 23.924189311277857, 53.022324447339017 ], [ 23.939447821098593, 53.012506311230659 ], [ 23.938114346421539, 53.000986303995191 ], [ 23.936781247278429, 52.989466273116165 ], [ 23.935448546787359, 52.977946217606018 ], [ 23.939461429958971, 52.975352262464327 ], [ 23.954641927237731, 52.96557030427936 ], [ 23.95330439961436, 52.954050566829004 ], [ 23.936067038596274, 52.945630650322599 ], [ 23.931453106344168, 52.943385891844279 ], [ 23.930122282401324, 52.931865725835429 ], [ 23.928792010961235, 52.920345528676599 ], [ 23.927462330556772, 52.908825298743785 ], [ 23.926133282303013, 52.897305034306733 ], [ 23.924804909870534, 52.885784733530031 ], [ 23.923477259443271, 52.874264394475055 ], [ 23.922150379659296, 52.862744015102386 ], [ 23.920824321532777, 52.851223593275201 ], [ 23.925016410138863, 52.848503906460046 ], [ 23.939961558574499, 52.83885139364213 ], [ 23.938631493648241, 52.827331255296883 ], [ 23.937302404792803, 52.815811067981407 ], [ 23.935974351294799, 52.804290829210451 ], [ 23.940237310842608, 52.801520365958453 ], [ 23.955085517546141, 52.791916793770639 ], [ 23.953753865130782, 52.780396822637648 ], [ 23.952423423915388, 52.768876792588806 ], [ 23.951094259270672, 52.757356700880173 ], [ 23.94976643748878, 52.745836544731034 ], [ 23.948440025484143, 52.734316321336422 ], [ 23.94711509046952, 52.722796027880698 ], [ 23.945791699608577, 52.711275661552044 ], [ 23.929084812095603, 52.703063534834811 ], [ 23.924078926713534, 52.700605927039518 ], [ 23.907388273797153, 52.692394530001636 ], [ 23.902378728322383, 52.6899318551053 ], [ 23.885702123112157, 52.681720123266899 ], [ 23.880691171009108, 52.679253448400111 ], [ 23.864026352720902, 52.671040278023753 ], [ 23.859016303302145, 52.668570710364243 ], [ 23.842360956506472, 52.660354967818961 ], [ 23.837354153690733, 52.657883645292806 ], [ 23.820705929652775, 52.649664177492596 ], [ 23.815704728928125, 52.647192258386745 ], [ 23.799061268720585, 52.638967904151428 ], [ 23.794068012717904, 52.636496555786586 ], [ 23.792800512933866, 52.624972903791033 ], [ 23.776169819873697, 52.616744981162576 ], [ 23.77118428366477, 52.614272439844811 ], [ 23.754551945747895, 52.606036467243428 ], [ 23.734189468537959, 52.606846355165622 ], [ 23.713826024380463, 52.607652791022247 ], [ 23.693461617871975, 52.608455779337241 ], [ 23.673096253569955, 52.609255324342783 ], [ 23.652729935989633, 52.610051429944392 ], [ 23.647834714314822, 52.607612604270052 ], [ 23.631144044730302, 52.599317378466331 ], [ 23.610781122626609, 52.600106063074648 ], [ 23.605918812364965, 52.597679103745612 ], [ 23.58920998000405, 52.589362928049262 ], [ 23.568850477312481, 52.59014426136735 ], [ 23.564022808481795, 52.587730234375428 ], [ 23.547294108402717, 52.579392223298058 ], [ 23.542487462423679, 52.57698591120743 ], [ 23.525748161628446, 52.568635309134919 ], [ 23.520963648325747, 52.566237374131177 ], [ 23.50421264313724, 52.557873618994648 ], [ 23.483865343031013, 52.558640030712773 ], [ 23.479118657348632, 52.55625714632157 ], [ 23.477949892015427, 52.544727705034397 ], [ 23.461172916072535, 52.536336326403656 ], [ 23.456459584702152, 52.533966596199093 ], [ 23.439668719685816, 52.525560933754065 ], [ 23.43498008547251, 52.523201319586455 ], [ 23.418174975592567, 52.514781181144556 ], [ 23.413511222502116, 52.512431886066189 ], [ 23.396691688753922, 52.503997167623467 ], [ 23.392052833004353, 52.501658306050025 ], [ 23.390911468527204, 52.490127317115999 ], [ 23.374072096784349, 52.481672623964997 ], [ 23.369469596369619, 52.479349244972781 ], [ 23.368335427788114, 52.467817852114358 ], [ 23.35147583100747, 52.459342966142316 ], [ 23.346909646917293, 52.457035310896181 ], [ 23.345782382914329, 52.44550352650451 ], [ 23.328902890405327, 52.43700858940354 ], [ 23.324372316421648, 52.434716537107974 ], [ 23.323251690663351, 52.423184372498909 ], [ 23.322131810036169, 52.411652168917428 ], [ 23.305227693663397, 52.403132105163806 ], [ 23.300742793384693, 52.400860418730204 ], [ 23.283826955722745, 52.392327046882073 ], [ 23.279363250153708, 52.390064586256692 ], [ 23.27825522339165, 52.378531690171968 ], [ 23.261323933539799, 52.369980442443172 ], [ 23.256890603235746, 52.367731458181211 ], [ 23.255788601217684, 52.356198208284695 ], [ 23.238844180456518, 52.347630240027065 ], [ 23.234438748819894, 52.345393588681247 ], [ 23.233342629126174, 52.333859991330016 ], [ 23.21638766962209, 52.325276599174373 ], [ 23.212007434202839, 52.32305099428045 ], [ 23.210917081409452, 52.311517054792461 ], [ 23.193954370056087, 52.302919638696999 ], [ 23.189596471105702, 52.300703689041555 ], [ 23.188511792987342, 52.289169411850757 ], [ 23.192417053355914, 52.286669584785244 ], [ 23.207648363318579, 52.276915078422149 ], [ 23.206559510653463, 52.265381035751012 ], [ 23.205470990418085, 52.253846968761707 ], [ 23.204382787420048, 52.242312877978577 ], [ 23.203294887296053, 52.230778763896161 ], [ 23.207177466231379, 52.228289310968407 ], [ 23.227379935675724, 52.227564455143032 ], [ 23.247581545384811, 52.226836126248614 ], [ 23.262791466140833, 52.217068119161738 ], [ 23.26667509679751, 52.214573632126317 ], [ 23.271015461528783, 52.21677025550602 ], [ 23.287982165480454, 52.225369010281185 ], [ 23.303176364531581, 52.215599883719705 ], [ 23.307063610228692, 52.213100539505639 ], [ 23.327256551839177, 52.212358740440884 ], [ 23.347448610012322, 52.211613427266741 ], [ 23.367639779714441, 52.210864590902794 ], [ 23.382803530787289, 52.201090548625928 ], [ 23.386692531451203, 52.198584336793104 ], [ 23.401850235270523, 52.188806521253923 ], [ 23.405734783916614, 52.186301277665578 ], [ 23.420886542354708, 52.176519628175193 ], [ 23.424766544147953, 52.174015406469977 ], [ 23.429119863342322, 52.17621022041839 ], [ 23.44609016093797, 52.184781017282454 ], [ 23.461226451303876, 52.174998126333776 ], [ 23.465109786335155, 52.172489164217509 ], [ 23.469472068546256, 52.174685415407879 ], [ 23.486441896799533, 52.18324655457387 ], [ 23.506616386803888, 52.182473977325266 ], [ 23.521728098947133, 52.17269012956293 ], [ 23.504759924189116, 52.164136139260506 ], [ 23.500403152595975, 52.161933069325407 ], [ 23.499244472218191, 52.150403228094966 ], [ 23.50311759564261, 52.147897012398381 ], [ 23.518237843636264, 52.138101508431355 ], [ 23.522105793446972, 52.135596698674178 ], [ 23.542257837451277, 52.134819307883809 ], [ 23.557365725579626, 52.125018535536441 ], [ 23.561229506041659, 52.122513183746733 ], [ 23.581374551935173, 52.12172926674441 ], [ 23.601518662026233, 52.120941791701568 ], [ 23.616607196804516, 52.111134683253312 ], [ 23.615420683152841, 52.099606601379442 ], [ 23.619274397627397, 52.097102557428805 ], [ 23.634360538308233, 52.087287320588167 ], [ 23.638208658359723, 52.084784926821328 ], [ 23.653289900882207, 52.074965224821661 ], [ 23.652094095528597, 52.063437723880668 ], [ 23.655931174025078, 52.060939783616774 ], [ 23.671008251602629, 52.051113118184993 ], [ 23.669807724770617, 52.039585907876031 ], [ 23.668607168148359, 52.028058688445377 ], [ 23.667406576167537, 52.016531460085851 ], [ 23.671227755269069, 52.014039532258714 ], [ 23.68629592687579, 52.00420496338841 ], [ 23.685090507107983, 51.992678031645355 ], [ 23.683885028425681, 51.981151091944341 ], [ 23.682679488570464, 51.96962414434639 ], [ 23.665707320966764, 51.961064766676252 ], [ 23.661402949405463, 51.958895188779842 ], [ 23.644442982581165, 51.950334622308674 ], [ 23.640134897095219, 51.948162185283273 ], [ 23.643959529934239, 51.945664343094847 ], [ 23.659001138653487, 51.935840621226468 ], [ 23.642058056331447, 51.927283231573924 ], [ 23.637742600386932, 51.925106968840453 ], [ 23.620815849011457, 51.916550499531731 ], [ 23.616492663253482, 51.91436926944413 ], [ 23.62033333809357, 51.911859664594196 ], [ 23.635350106649941, 51.90205171739585 ], [ 23.63415378153471, 51.890524078649285 ], [ 23.63295740197325, 51.878996431272135 ], [ 23.616080004430682, 51.870454266462417 ], [ 23.611726662594148, 51.868257429935568 ], [ 23.615594972108131, 51.865726204180106 ], [ 23.630564472586965, 51.855941110785793 ], [ 23.61371713364829, 51.847408848699096 ], [ 23.609343362182688, 51.845201456431418 ], [ 23.608151629585233, 51.833673456433104 ], [ 23.61204898574222, 51.831120481432094 ], [ 23.626974625896636, 51.82135806636304 ], [ 23.630877192119009, 51.818799391759569 ], [ 23.645786833738928, 51.809039910932533 ], [ 23.644585128550283, 51.79751252501007 ], [ 23.643383348601159, 51.785985131148088 ], [ 23.626638585257712, 51.777493591481779 ], [ 23.622187237254355, 51.775247223589318 ], [ 23.605473511391089, 51.766764197027122 ], [ 23.600999941801511, 51.76450527466524 ], [ 23.584318487177029, 51.756031413064598 ], [ 23.564336870102171, 51.756814075991855 ], [ 23.559834338395589, 51.754537968066934 ], [ 23.543196042414205, 51.746074252328718 ], [ 23.538668828425902, 51.743784234445776 ], [ 23.537491303139966, 51.732255201038313 ], [ 23.541540645130091, 51.729598289494511 ], [ 23.556286932311234, 51.71995182130884 ], [ 23.555104319329821, 51.708423088350614 ], [ 23.553921628643931, 51.696894346875659 ], [ 23.552738856529288, 51.685365597000583 ], [ 23.551555998943329, 51.673836838854243 ], [ 23.550373051482605, 51.662308072579393 ], [ 23.549190009341967, 51.650779298334278 ], [ 23.548006867277035, 51.639250516294091 ], [ 23.546823619571633, 51.627721726652176 ], [ 23.545640260011929, 51.61619292962105 ], [ 23.544456781869368, 51.604664125433032 ], [ 23.5487496016632, 51.601834578496153 ], [ 23.563190821747735, 51.592361122553996 ], [ 23.562002076090291, 51.58083262807741 ], [ 23.560813181710667, 51.569304127649481 ], [ 23.5651838459823, 51.566418482210373 ], [ 23.579525932630347, 51.556999030022368 ], [ 23.578331691798219, 51.545470844227204 ], [ 23.577137266221008, 51.533942653923056 ], [ 23.581593594055047, 51.530995525533861 ], [ 23.601476481342409, 51.530219908907107 ], [ 23.61571370198925, 51.52085313295796 ], [ 23.614508809860926, 51.509325591792845 ], [ 23.619016038446102, 51.506339218340464 ], [ 23.633177945308734, 51.497012997576597 ], [ 23.637712014969441, 51.494006012893365 ], [ 23.657577242402816, 51.493221354011737 ], [ 23.671703547118383, 51.483906261370699 ], [ 23.676257175703668, 51.480881739529842 ], [ 23.690344540153106, 51.471585246462908 ], [ 23.674475242852882, 51.463487637135174 ], [ 23.669261766690308, 51.460853163589803 ], [ 23.653451684156533, 51.452778961171227 ], [ 23.648187940392813, 51.450117054047865 ], [ 23.652863923007018, 51.447009484644134 ], [ 23.672708312389066, 51.446222654752191 ], [ 23.686665365575081, 51.437006611181523 ], [ 23.685438304075603, 51.425480403463183 ], [ 23.690179533991845, 51.422323465189983 ], [ 23.704046571886789, 51.413158062587939 ], [ 23.702813720741123, 51.401632199906423 ], [ 23.687243179829679, 51.393676605689386 ], [ 23.68175497182126, 51.390901797463421 ], [ 23.680526460124359, 51.379375601798699 ], [ 23.679297580086207, 51.367849409290223 ], [ 23.66390794194681, 51.359974788563875 ], [ 23.658257448959098, 51.357114303186727 ], [ 23.657033031539608, 51.345587773215783 ], [ 23.655808303747406, 51.33406124382828 ], [ 23.640608861866081, 51.326272630250536 ], [ 23.634787343579923, 51.323321419509163 ], [ 23.639961246812167, 51.319868818371951 ], [ 23.653358032945413, 51.311008182051353 ], [ 23.652132570365907, 51.299481646392806 ], [ 23.650906960709477, 51.287955104683185 ], [ 23.656232175027128, 51.284395779078324 ], [ 23.662224811504608, 51.287504043587418 ], [ 23.677183288521991, 51.295171646471665 ], [ 23.690465108484577, 51.286373747132615 ], [ 23.695779191634614, 51.282817637182625 ], [ 23.709001463286786, 51.274052560868647 ], [ 23.714365023537766, 51.270460001481624 ], [ 23.727526346915681, 51.261728736014355 ], [ 23.726279024472991, 51.250203582808751 ], [ 23.731750956085939, 51.246533875176446 ], [ 23.744787004579045, 51.237877472953407 ], [ 23.743534309359678, 51.22635265432902 ], [ 23.742281787652789, 51.214827817028834 ], [ 23.747926623972393, 51.211036519777373 ], [ 23.760767717222691, 51.202499769411062 ], [ 23.76646969374287, 51.198666706646939 ], [ 23.779242290154055, 51.190169098536892 ], [ 23.785002742332495, 51.186293334181883 ], [ 23.804730848153454, 51.185483633331359 ], [ 23.817430697859386, 51.17702337009284 ], [ 23.816157475855071, 51.165499902240519 ], [ 23.822038808949362, 51.161535985076945 ], [ 23.828692859173568, 51.164981944019004 ], [ 23.842969397218504, 51.172287408622914 ], [ 23.855594725561023, 51.163865793099802 ], [ 23.861470729670629, 51.159900447507582 ], [ 23.874022840527662, 51.151521381597547 ], [ 23.872733922451374, 51.139998976315169 ], [ 23.858615144978231, 51.132774727475088 ], [ 23.851745488550485, 51.129297411602614 ], [ 23.850464629272381, 51.117774502934886 ], [ 23.856602368660962, 51.113629503902558 ], [ 23.86887375650366, 51.105431418283949 ], [ 23.867590156304999, 51.093908746228294 ], [ 23.873858173419077, 51.089672018419442 ], [ 23.88598424663838, 51.081563358792849 ], [ 23.892319034331514, 51.077278283199171 ], [ 23.911997162586214, 51.076447487874375 ], [ 23.924036263825304, 51.068386500908353 ], [ 23.922740604203817, 51.056864739650138 ], [ 23.921447742685814, 51.045342849300695 ], [ 23.920158083087969, 51.033820812849264 ], [ 23.918872048879447, 51.022298612467729 ], [ 23.917590079671367, 51.010776229659371 ], [ 23.924295964565637, 51.006234217879197 ], [ 23.943942451057502, 51.005393035726932 ], [ 23.955568187171366, 50.997591131335156 ], [ 23.954281225901667, 50.986069228769075 ], [ 23.961116774337434, 50.981433715669581 ], [ 23.972612574842284, 50.973711762467381 ], [ 23.971328846192698, 50.962189846186796 ], [ 23.970051004183308, 50.950667668245238 ], [ 23.977037914263732, 50.945928532547001 ], [ 23.988369970306749, 50.938307955537553 ], [ 23.995416193153851, 50.933525998370342 ], [ 24.006680153751741, 50.925945579183761 ], [ 24.013784762765656, 50.921121437277399 ], [ 24.024981675920234, 50.913580537660181 ], [ 24.032143638315194, 50.908714918066273 ], [ 24.043274653875848, 50.901212829554531 ], [ 24.050492834785253, 50.896306506586036 ], [ 24.070088054032119, 50.895434650593849 ], [ 24.081118776176801, 50.887990544940259 ], [ 24.088421675203513, 50.883020200430259 ], [ 24.108010086788251, 50.882141564647981 ], [ 24.118938994053295, 50.874756638358534 ], [ 24.126328138797305, 50.869721087742086 ], [ 24.137191073314717, 50.862375300571749 ], [ 24.13589894816749, 50.850854963737575 ], [ 24.123561426412472, 50.844545457809836 ], [ 24.115087768444052, 50.840194086960878 ], [ 24.10272503113287, 50.833866437792615 ], [ 24.083151463874874, 50.834695811723805 ], [ 24.063576887435108, 50.835521185236182 ], [ 24.044001307292319, 50.836342566974871 ], [ 24.024424729099824, 50.837159967336696 ], [ 24.004847158683972, 50.837973398489979 ], [ 23.996712869162288, 50.833758956768357 ], [ 23.984036971250333, 50.827248642393585 ], [ 23.975995544234035, 50.823069666961395 ], [ 23.974803930557091, 50.811543824335068 ], [ 23.973620512787395, 50.800017621976544 ], [ 23.972445020196602, 50.788491071589597 ], [ 23.971277115063273, 50.776964187731998 ], [ 23.97818074204439, 50.772300531036514 ], [ 23.997723814892584, 50.771418867483142 ], [ 24.017265953270233, 50.770534270293034 ], [ 24.028527059144043, 50.76292697081584 ], [ 24.027351505025504, 50.751400779392448 ], [ 24.026182971486197, 50.739874275725228 ], [ 24.025020974446413, 50.728347480838053 ], [ 24.031868726810192, 50.723715569578168 ], [ 24.0513894185579, 50.72282076922388 ], [ 24.070909142819815, 50.721922837997518 ], [ 24.082186371575617, 50.714286287703295 ], [ 24.08101624736269, 50.702760206952831 ], [ 24.07985189929828, 50.691233865429176 ], [ 24.066870487541802, 50.684559667139858 ], [ 24.059272219771213, 50.680554025498019 ], [ 24.06595009710853, 50.676033602641219 ], [ 24.085449548737525, 50.675130021576877 ], [ 24.096951724020261, 50.667330930161647 ], [ 24.095795603714205, 50.655804328765953 ], [ 24.082623997319672, 50.649029690151515 ], [ 24.075240741125434, 50.645126396621443 ], [ 24.081726812161325, 50.64073401954181 ], [ 24.093494043095284, 50.632750633361894 ], [ 24.092347456274567, 50.621223589674905 ], [ 24.091202931752395, 50.609696447497171 ], [ 24.09748251076385, 50.605441305888633 ], [ 24.109441847994578, 50.597318524448248 ], [ 24.095844991811944, 50.590318175875076 ], [ 24.088918027523665, 50.58664195716257 ], [ 24.087776707112617, 50.575114650201705 ], [ 24.086635573145358, 50.563587326900901 ], [ 24.085494246432148, 50.552060003838186 ], [ 24.084352386041967, 50.540532695907167 ], [ 24.083209689098993, 50.529005416327081 ], [ 24.082065889961459, 50.51747817667988 ], [ 24.080920758893505, 50.505950986969523 ], [ 24.066405172189892, 50.498455633282248 ], [ 24.060419924754953, 50.495268983440866 ], [ 24.059274300295119, 50.483741673615725 ], [ 24.058126797132552, 50.472214437028846 ], [ 24.056977323076925, 50.460687277632445 ], [ 24.042027063185426, 50.452954157418183 ], [ 24.036479557573642, 50.450001231001096 ], [ 24.021380062395924, 50.442184532998105 ], [ 24.015982234441779, 50.439311656908039 ], [ 24.014831731217303, 50.427784262400493 ], [ 24.013679120227568, 50.416256949804506 ], [ 23.998301857489857, 50.408285159895584 ], [ 23.978900396905921, 50.409085124841347 ], [ 23.959498153545461, 50.409882841234875 ], [ 23.940095127795214, 50.410678290482622 ], [ 23.920691320041239, 50.411471453690609 ], [ 23.901286730675618, 50.412262311723246 ], [ 23.896441235120939, 50.40968545288996 ], [ 23.880691118547276, 50.401492630309001 ], [ 23.861289763682521, 50.402279555598895 ], [ 23.841887626212401, 50.403064098337637 ], [ 23.822484706609806, 50.40384623870294 ], [ 23.803081005387487, 50.404625956944649 ], [ 23.798515168949169, 50.402198777003342 ], [ 23.782511148627417, 50.393849907308585 ], [ 23.763110664914379, 50.394625336982294 ], [ 23.758665059599906, 50.392263104802282 ], [ 23.74255447095544, 50.383847467810057 ], [ 23.723157192552897, 50.384618428757108 ], [ 23.718818149036419, 50.382313787499726 ], [ 23.702614612126627, 50.373838350711445 ], [ 23.698339263572745, 50.371568492832004 ], [ 23.697224453198128, 50.360037507988089 ], [ 23.696108438647855, 50.348506560458361 ], [ 23.694991274144098, 50.336975648000148 ], [ 23.678670076417475, 50.328424123303911 ], [ 23.674522984825987, 50.326225999237892 ], [ 23.658163422128702, 50.31764742139201 ], [ 23.638791463217661, 50.318410450438229 ], [ 23.634709204808448, 50.316247269444659 ], [ 23.633599641771603, 50.304715636522026 ], [ 23.617178588151159, 50.296090853751302 ], [ 23.613145028133623, 50.293954907793243 ], [ 23.612037399255261, 50.28242304718399 ], [ 23.59558706062365, 50.27377333499539 ], [ 23.591590656764069, 50.271658357871978 ], [ 23.575123789092725, 50.262992951635795 ], [ 23.571149115618702, 50.260889954886515 ], [ 23.554669927452473, 50.25221105546651 ], [ 23.550712904986121, 50.250117834943374 ], [ 23.534225460969768, 50.241427572731503 ], [ 23.530282131137621, 50.23934199574456 ], [ 23.513790376344119, 50.230642443250652 ], [ 23.509856877208147, 50.228562435967639 ], [ 23.493364661690588, 50.219855620578784 ], [ 23.474028707365463, 50.22059830173032 ], [ 23.470109376589477, 50.218525823558025 ], [ 23.469023144114466, 50.206992154217943 ], [ 23.452541301755666, 50.198276779754018 ], [ 23.4486147124517, 50.196201434414547 ], [ 23.432143639674656, 50.187484739369317 ], [ 23.428211894623118, 50.185406998371541 ], [ 23.4117553139628, 50.176690962011861 ], [ 23.407814651702246, 50.174608849580849 ], [ 23.391376319695489, 50.16589547395855 ], [ 23.387422918243573, 50.163806992512718 ], [ 23.371006653357433, 50.155098317339039 ], [ 23.367036601254117, 50.153001432631399 ], [ 23.365964546028184, 50.141466515976525 ], [ 23.349599316198251, 50.132775406864511 ], [ 23.345586228304956, 50.130657019275176 ], [ 23.329253728164936, 50.121976328821788 ], [ 23.325212915802677, 50.119843839340298 ], [ 23.308917466011856, 50.111175892210184 ], [ 23.304844402547509, 50.109026985527791 ], [ 23.288590533245234, 50.100374223431977 ], [ 23.284480448157577, 50.098206468324236 ], [ 23.283416837682971, 50.086670665859586 ], [ 23.26724842800683, 50.07805400267037 ], [ 23.263059015314443, 50.075846289109819 ], [ 23.261995523657173, 50.064310328065858 ], [ 23.245927325951399, 50.055737733652705 ], [ 23.241642807448208, 50.05348213051775 ], [ 23.225639310719568, 50.044937225801952 ], [ 23.221293107068718, 50.042650329990209 ], [ 23.220229794532088, 50.031114066361866 ], [ 23.204354100776733, 50.022628174162087 ], [ 23.199883132328182, 50.020278521221968 ], [ 23.198817552736557, 50.008742183280532 ], [ 23.183090056308398, 50.000326364946844 ], [ 23.178472309930441, 49.997902951075083 ], [ 23.16284119880126, 49.989532034953328 ], [ 23.158127657588501, 49.987060203478769 ], [ 23.15705752408639, 49.975523728001576 ], [ 23.14161339840124, 49.96724397049644 ], [ 23.136711201583239, 49.964677400659461 ], [ 23.121389018112261, 49.956456472996749 ], [ 23.116363505156624, 49.953827625316805 ], [ 23.115284892943052, 49.942291145802095 ], [ 23.100197777945549, 49.934187569312357 ], [ 23.094931787285564, 49.931437916362157 ], [ 23.093844407018889, 49.919901583583496 ], [ 23.079028235358741, 49.911934920628255 ], [ 23.073483203821326, 49.909044988166734 ], [ 23.058843782314867, 49.90116710652277 ], [ 23.053116715365363, 49.898185072140791 ], [ 23.05201280120184, 49.886649002085726 ], [ 23.0377114672124, 49.878944736266504 ], [ 23.031633655596917, 49.87578586497299 ], [ 23.017552081474616, 49.868193963727855 ], [ 23.011246635341532, 49.864919486618362 ], [ 23.010120534330081, 49.853383860340003 ], [ 22.99645744741963, 49.846009630850645 ], [ 22.989716226778231, 49.842514401443339 ], [ 22.976323366333787, 49.835280287287674 ], [ 22.96930163031335, 49.831641770298241 ], [ 22.968147685272477, 49.820106762778209 ], [ 22.966983272709289, 49.808572095951597 ], [ 22.954335718001413, 49.801731244838365 ], [ 22.946536368755162, 49.79769670525544 ], [ 22.93423299518091, 49.791036747733344 ], [ 22.926076858394495, 49.786818199586612 ], [ 22.91414013133339, 49.780351599050427 ], [ 22.905604503749085, 49.77593657949636 ], [ 22.904394030039203, 49.764402945035812 ], [ 22.903171341061242, 49.752869703161252 ], [ 22.892233716214982, 49.746936297834417 ], [ 22.882661498191545, 49.741985431509569 ], [ 22.87217228901369, 49.736290785069066 ], [ 22.862139048700353, 49.731098012426258 ], [ 22.86087932197232, 49.719565626782959 ], [ 22.851222462531879, 49.714317237839595 ], [ 22.840333193464279, 49.708675232851384 ], [ 22.831186324843397, 49.703700094477661 ], [ 22.819776741987294, 49.697781596564951 ], [ 22.811159789503737, 49.693090991328852 ], [ 22.799211337748339, 49.686884666609444 ], [ 22.791142773328829, 49.682489111212298 ], [ 22.778638552993513, 49.67598438603342 ], [ 22.777325232116862, 49.664452975664311 ], [ 22.776001796028655, 49.652921873273911 ], [ 22.769388010240306, 49.649313966436758 ], [ 22.755408647556138, 49.64201825803989 ], [ 22.749400829521722, 49.638738334544122 ], [ 22.734814355684822, 49.631111075516138 ], [ 22.73347048098211, 49.61958020663301 ], [ 22.72856157359498, 49.616897359792539 ], [ 22.712873915689837, 49.608669285329 ], [ 22.71152052702784, 49.597138492126987 ], [ 22.707742785393236, 49.595071651735161 ], [ 22.690927730556332, 49.586223634223181 ], [ 22.68956888764512, 49.574692782693411 ], [ 22.686943946748958, 49.573255118731176 ], [ 22.668985773279449, 49.563773799633957 ], [ 22.667625392141051, 49.552242762695705 ], [ 22.666164563002425, 49.551441822759443 ], [ 22.647057453097695, 49.54131948423246 ], [ 22.646241826144262, 49.540871943702406 ], [ 22.626503844433653, 49.53039215465968 ], [ 22.62603974911794, 49.526411482187022 ], [ 22.607148252211839, 49.529581139025375 ], [ 22.596552273366083, 49.531328233771319 ], [ 22.588247751795823, 49.53266040731436 ], [ 22.5693373040246, 49.535634944807434 ] ] ], [ [ [ 18.783865915865341, 54.618009437667077 ], [ 18.777923488962539, 54.621166397131283 ], [ 18.762318045192728, 54.629529570330988 ], [ 18.762258650543583, 54.641089941266813 ], [ 18.756357419868699, 54.644222788684836 ], [ 18.740695663912422, 54.652606171173773 ], [ 18.734842212912493, 54.655712482244674 ], [ 18.719123955229847, 54.664118533717399 ], [ 18.719050581094436, 54.675678797831765 ], [ 18.713233389533254, 54.678763602353733 ], [ 18.697463469092163, 54.687187245580056 ], [ 18.713114058090564, 54.695687273981505 ], [ 18.728884045537299, 54.687261606251845 ], [ 18.734656885369407, 54.684151964874587 ], [ 18.750373262241538, 54.675747370064606 ], [ 18.756187509824784, 54.67261102055275 ], [ 18.771847032979473, 54.664229284459779 ], [ 18.77770593721548, 54.661064324724144 ], [ 18.793305143692002, 54.652707355633773 ], [ 18.799212173042523, 54.649511763454981 ], [ 18.81474738495659, 54.641181589942271 ], [ 18.814807449244284, 54.629621207337287 ], [ 18.820757046259779, 54.626397146376739 ], [ 18.836228011146215, 54.618091575299133 ], [ 18.83628345639579, 54.606531135836562 ], [ 18.82088100693138, 54.598176941114431 ], [ 18.805405422382989, 54.60648544593397 ], [ 18.799408304274568, 54.609672563092715 ], [ 18.783865915865341, 54.618009437667077 ] ] ], [ [ [ 18.648659771453175, 54.701648998328338 ], [ 18.632745469511484, 54.71012923687681 ], [ 18.648512313621247, 54.718703368315566 ], [ 18.664426699043833, 54.710221072138452 ], [ 18.670085606762317, 54.707184351131794 ], [ 18.685955047017117, 54.698718372806731 ], [ 18.670223642795062, 54.690168450022377 ], [ 18.654354280490939, 54.698632380861014 ], [ 18.648659771453175, 54.701648998328338 ] ] ], [ [ [ 18.599874154700853, 54.733145965304701 ], [ 18.584013439928508, 54.724511856161079 ], [ 18.567976994559384, 54.733036521802291 ], [ 18.583837609115253, 54.74167271610051 ], [ 18.599874154700853, 54.733145965304701 ] ] ], [ [ [ 18.470502657811636, 54.778891627088072 ], [ 18.454502481573567, 54.770159181153943 ], [ 18.438269301415584, 54.778746677943154 ], [ 18.454269343389168, 54.787481251935233 ], [ 18.470502657811636, 54.778891627088072 ] ] ] ] } },
{ "type": "Feature", "properties": { "gatunek": "SO", "cykl": 4, "typ_zasiegu": "drzewostany", "miara": "powierzchnia", "prog_udzialu": 0.25, "zakres": "udzial >= 25%", "udzial_krajowy": 0.48731214003254181, "max_udzialu": 0.73614653222512116, "n_traktow": 10533, "n_traktow_gat": 6420 }, "geometry": { "type": "MultiPolygon", "coordinates": [ [ [ [ 22.877463834912849, 49.802568616134344 ], [ 22.858612468006115, 49.807386393370749 ], [ 22.839753947724518, 49.812160066676533 ], [ 22.836502470805289, 49.812971480346519 ], [ 22.820883427583333, 49.816827564846569 ], [ 22.802004508613809, 49.821433260766888 ], [ 22.783118267963427, 49.825990068325268 ], [ 22.781589678880874, 49.826352961115539 ], [ 22.764219509297629, 49.83043043441387 ], [ 22.745312760091302, 49.83481120392986 ], [ 22.726398545732867, 49.839138340048251 ], [ 22.723395338998667, 49.839813628113994 ], [ 22.707472367957216, 49.843352324497381 ], [ 22.688537729685805, 49.847497449122343 ], [ 22.669595532413133, 49.851584582834818 ], [ 22.66116381434772, 49.853372400183325 ], [ 22.650643036189308, 49.85557654188414 ], [ 22.631680714936412, 49.859478203723754 ], [ 22.612710811827501, 49.863318236848741 ], [ 22.593957596210373, 49.867051831731274 ], [ 22.593733344269904, 49.867095938041352 ], [ 22.574743842635922, 49.870749874375441 ], [ 22.555746823659298, 49.8743395565089 ], [ 22.536742374819443, 49.877865181683518 ], [ 22.52009773874644, 49.880894259202883 ], [ 22.517730060686549, 49.88131976217209 ], [ 22.498706837316881, 49.884660113032901 ], [ 22.479676367035051, 49.887935291587866 ], [ 22.460638758206645, 49.8911457696234 ], [ 22.441594120397436, 49.894292044641645 ], [ 22.437527929621247, 49.894947933270103 ], [ 22.422539712848561, 49.897334374630084 ], [ 22.403477722648422, 49.900302109470275 ], [ 22.384409043670892, 49.903206783511017 ], [ 22.365333816264137, 49.906049368509635 ], [ 22.346252184956786, 49.908830917146098 ], [ 22.343047336282041, 49.909286553900571 ], [ 22.327161768502858, 49.911515832225881 ], [ 22.308064765574805, 49.914134580628158 ], [ 22.288961849460712, 49.916695924017375 ], [ 22.269853195757534, 49.919201473831322 ], [ 22.250738984717128, 49.921652947041174 ], [ 22.231933039467396, 49.924012694112363 ], [ 22.23161936044303, 49.924051559605282 ], [ 22.212492161969664, 49.926363908193032 ], [ 22.193360010889524, 49.92862810856758 ], [ 22.174223110490036, 49.930846401459974 ], [ 22.155081667089238, 49.933021127013291 ], [ 22.135935889717505, 49.935154722981096 ], [ 22.116785989729056, 49.93724972177349 ], [ 22.098311836975945, 49.93923549398562 ], [ 22.097632111736562, 49.939307677263145 ], [ 22.078472717353211, 49.941303794785753 ], [ 22.059309875115567, 49.943269564571928 ], [ 22.040143800632592, 49.94520784943608 ], [ 22.020974708497231, 49.947121567625629 ], [ 22.001802811689224, 49.949013685054098 ], [ 21.982628320958817, 49.95088720692484 ], [ 21.963451444198739, 49.952745168835378 ], [ 21.944272385811384, 49.954590627454067 ], [ 21.940947489747604, 49.954908213835758 ], [ 21.925090085728637, 49.956405863967888 ], [ 21.905905746718581, 49.958210260611807 ], [ 21.886719820395072, 49.960011158407582 ], [ 21.867532488655467, 49.961811556231332 ], [ 21.848343926713934, 49.963614419946957 ], [ 21.829154302604216, 49.965422672850416 ], [ 21.809963776714323, 49.967239186268699 ], [ 21.790772501357011, 49.969066770387307 ], [ 21.775101370978955, 49.970569561383996 ], [ 21.771580365971634, 49.970903738923283 ], [ 21.752386618413201, 49.972737118811018 ], [ 21.733192512197103, 49.974588958336064 ], [ 21.713998161464879, 49.976461683333902 ], [ 21.694803670734551, 49.978357616119339 ], [ 21.675609134752325, 49.980278969134723 ], [ 21.656414638390466, 49.982227839161133 ], [ 21.637220256590922, 49.984206202114379 ], [ 21.623137510345948, 49.985679338660745 ], [ 21.618025682297297, 49.986209058475637 ], [ 21.598830293696636, 49.988225424929162 ], [ 21.579635155052628, 49.990275494710716 ], [ 21.560440299861465, 49.992360660823778 ], [ 21.541245752079888, 49.994482177222487 ], [ 21.522051526322969, 49.996641157347931 ], [ 21.502857628092098, 49.998838573179938 ], [ 21.491560764204817, 50.000152833849043 ], [ 21.483663459649794, 50.001063724866448 ], [ 21.464468721215248, 50.003311406847907 ], [ 21.445274235278937, 50.005598360477315 ], [ 21.426079972008218, 50.007924929855506 ], [ 21.406885894012127, 50.010291318885308 ], [ 21.38769195668506, 50.012697592632136 ], [ 21.376333835891291, 50.014142526861384 ], [ 21.368497508308831, 50.015131474397712 ], [ 21.349302186002248, 50.017586210643131 ], [ 21.330106785446759, 50.020078768380138 ], [ 21.310911235443957, 50.022608612399566 ], [ 21.291715459417173, 50.025175077010715 ], [ 21.272519375728461, 50.02777736731101 ], [ 21.272375869099676, 50.027796997750308 ], [ 21.253321424922493, 50.030383093864387 ], [ 21.234122929665599, 50.03302085481225 ], [ 21.214923805190839, 50.035689649598801 ], [ 21.195723952024402, 50.038388121008992 ], [ 21.17652326715573, 50.04111478653914 ], [ 21.175787534755163, 50.041219873906854 ], [ 21.157320245488709, 50.04383684230168 ], [ 21.138116071003282, 50.046580823349608 ], [ 21.118910686255592, 50.049346033975347 ], [ 21.099703976445532, 50.052130439640855 ], [ 21.083559460083166, 50.054483729788323 ], [ 21.080495603456527, 50.054926769236246 ], [ 21.06128447628398, 50.057709918230636 ], [ 21.042071615988455, 50.060503581637292 ], [ 21.022856900291991, 50.063305169281364 ], [ 21.003640205344855, 50.0661119550509 ], [ 20.993154966148602, 50.067642619511773 ], [ 20.984420803729023, 50.068906486702538 ], [ 20.965198416247642, 50.071681599312541 ], [ 20.945973625355627, 50.07445112965685 ], [ 20.926746305336039, 50.077211796931913 ], [ 20.907516330108734, 50.079960180012947 ], [ 20.901999094795404, 50.080743071766619 ], [ 20.888282688718874, 50.082670201830901 ], [ 20.869045753928717, 50.085350292020571 ], [ 20.849805752726954, 50.088005441039549 ], [ 20.830562565151748, 50.090631741834343 ], [ 20.811316072859011, 50.093225165028748 ], [ 20.806714498584032, 50.093835957865053 ], [ 20.792065306716339, 50.095758705986036 ], [ 20.772810721389764, 50.098242767178945 ], [ 20.753552474748872, 50.10068007494629 ], [ 20.734290466259722, 50.103066319893344 ], [ 20.71502459997361, 50.105397127557282 ], [ 20.701451012194727, 50.106997008651149 ], [ 20.695754503133202, 50.107660087322181 ], [ 20.676479710870211, 50.109839582272073 ], [ 20.657200812218207, 50.111949800620984 ], [ 20.63791774342296, 50.113986461204817 ], [ 20.618630448812635, 50.115945317726627 ], [ 20.59933888147652, 50.117822180978514 ], [ 20.580043003940443, 50.119612942587686 ], [ 20.571063079543627, 50.120405000168752 ], [ 20.56074242782223, 50.121302499536789 ], [ 20.541437217032207, 50.122889073910443 ], [ 20.522127683482928, 50.124378613399863 ], [ 20.502813839330518, 50.125767796215534 ], [ 20.48349570861058, 50.127053509613511 ], [ 20.464173327584142, 50.128232874842794 ], [ 20.444846745004728, 50.129303271502415 ], [ 20.42551602229684, 50.130262360932434 ], [ 20.406181233637358, 50.131108108257116 ], [ 20.386842465932585, 50.131838802701729 ], [ 20.367499818685307, 50.132453075817288 ], [ 20.348153403748139, 50.132949917271368 ], [ 20.328803344961429, 50.133328687895336 ], [ 20.309449777676207, 50.133589129721727 ], [ 20.290092848164853, 50.133731372795353 ], [ 20.270732712924548, 50.133755938599485 ], [ 20.251369537880553, 50.133663740000507 ], [ 20.232003497498511, 50.133456077679789 ], [ 20.212634773816724, 50.133134633088197 ], [ 20.193263555410855, 50.132701458022538 ], [ 20.173890036304737, 50.132158960985372 ], [ 20.154514414841728, 50.131509890545587 ], [ 20.135136892531651, 50.130757315965617 ], [ 20.115757672888275, 50.129904605402345 ], [ 20.096376960272153, 50.128955402019578 ], [ 20.076994958752888, 50.127913598372317 ], [ 20.05761187100412, 50.126783309433783 ], [ 20.049726206455571, 50.126288909630858 ], [ 20.038227615631126, 50.125555827521673 ], [ 20.018842477293926, 50.124239023694983 ], [ 19.999456852695854, 50.122846762041213 ], [ 19.980070932978759, 50.121383939886478 ], [ 19.960684902816151, 50.119855528393458 ], [ 19.941298939683072, 50.118266543049366 ], [ 19.921913213219646, 50.116622015258592 ], [ 19.913344439713853, 50.115872140752785 ], [ 19.902527586593806, 50.114911108036665 ], [ 19.883142295668907, 50.113142292950123 ], [ 19.863757732022595, 50.111333461682662 ], [ 19.844374030940298, 50.109489579580782 ], [ 19.824991317630133, 50.107615494344891 ], [ 19.80560970714685, 50.105715917154818 ], [ 19.799806247236081, 50.105140170818906 ], [ 19.786228951733513, 50.103773862031517 ], [ 19.766849383313826, 50.10180693134415 ], [ 19.747471244618037, 50.099828827245936 ], [ 19.728094610254047, 50.097843622497756 ], [ 19.708719545059736, 50.095855174499732 ], [ 19.693144552503185, 50.094256397611638 ], [ 19.689346016671028, 50.093861000647728 ], [ 19.669973825728039, 50.091846353389364 ], [ 19.650603387068884, 50.089840090384534 ], [ 19.631234728588627, 50.087845161269186 ], [ 19.611867870296734, 50.085864270151816 ], [ 19.592502824826703, 50.083899876498698 ], [ 19.586296238417496, 50.083275635203044 ], [ 19.57313935840596, 50.081934106197778 ], [ 19.553777631883015, 50.079980835425509 ], [ 19.534417756199261, 50.07805146560176 ], [ 19.515059717606576, 50.076147475435043 ], [ 19.495703497603699, 50.074270112534997 ], [ 19.476349073470246, 50.072420400163374 ], [ 19.474201508141785, 50.072218130696228 ], [ 19.456996190306178, 50.070575101700783 ], [ 19.437645051456567, 50.06875721826362 ], [ 19.418295652816983, 50.06697016057381 ], [ 19.398947957800239, 50.065214083793798 ], [ 19.379601928127176, 50.063488958150231 ], [ 19.360257524271365, 50.061794578630447 ], [ 19.351993405051971, 50.061083531799405 ], [ 19.340914607290443, 50.060116662480006 ], [ 19.321573184072761, 50.058459302179614 ], [ 19.302233291063732, 50.056832342604629 ], [ 19.282894885966186, 50.055234928415629 ], [ 19.263557927200083, 50.053666081181156 ], [ 19.244222374204007, 50.052124710226572 ], [ 19.224888187710544, 50.050609623510049 ], [ 19.215011274702828, 50.049848607253246 ], [ 19.205555286058136, 50.04910925154865 ], [ 19.186223647289214, 50.047622645293494 ], [ 19.166893287039329, 50.046159255542847 ], [ 19.147564172096519, 50.044717551420831 ], [ 19.128236271599587, 50.043295957335772 ], [ 19.108909557151208, 50.041892863841312 ], [ 19.089584002904754, 50.040506638417177 ], [ 19.070259585625006, 50.039135636165994 ], [ 19.060667345003118, 50.038462409259665 ], [ 19.050936275128315, 50.037769141269777 ], [ 19.031614064932185, 50.036406324326791 ], [ 19.012292951999978, 50.035054629591485 ], [ 18.992972922671477, 50.033712441980583 ], [ 18.973653965859494, 50.032378189030268 ], [ 18.954336072953698, 50.031050351085455 ], [ 18.935019237700104, 50.029727471425559 ], [ 18.915703456056303, 50.028408166346587 ], [ 18.896388726022579, 50.027091135225277 ], [ 18.892979636934552, 50.026859412785669 ], [ 18.877075080314189, 50.025762292737433 ], [ 18.857762504097131, 50.024431304167869 ], [ 18.838450993362208, 50.023099985989909 ], [ 18.819140551279521, 50.021767466874365 ], [ 18.799831181848294, 50.02043301211333 ], [ 18.780522889574357, 50.019096034228753 ], [ 18.761215679120795, 50.01775610388929 ], [ 18.741909554930356, 50.016412961216396 ], [ 18.722604520818102, 50.015066527569729 ], [ 18.721729684377745, 50.015005591767192 ], [ 18.703300660243645, 50.01370380962765 ], [ 18.683997903454276, 50.012338350697455 ], [ 18.664696244972383, 50.010971339350533 ], [ 18.645395680371745, 50.009603562648238 ], [ 18.626096202016484, 50.008236059013505 ], [ 18.60679779842183, 50.006870135014537 ], [ 18.587500453562786, 50.005507383562779 ], [ 18.568204146124877, 50.004149703716521 ], [ 18.550317413353106, 50.002898339062611 ], [ 18.548908856563219, 50.002798481017976 ], [ 18.529614641969644, 50.001447020092378 ], [ 18.510321360297706, 50.000109285213412 ], [ 18.491028959055544, 49.998788642976585 ], [ 18.471737375617721, 49.997488894101579 ], [ 18.452446535974527, 49.996214307305721 ], [ 18.433156353360342, 49.994969656562695 ], [ 18.413866726747724, 49.993760262057449 ], [ 18.394577539192841, 49.992592035154161 ], [ 18.375288656016732, 49.991471527694578 ], [ 18.356137279993831, 49.990413623780412 ], [ 18.355999923423116, 49.990405939726358 ], [ 18.336711243059334, 49.989397604122026 ], [ 18.317422326885072, 49.988461993484194 ], [ 18.298132946452672, 49.987608786696377 ], [ 18.278842843516291, 49.986848621141895 ], [ 18.259551726858316, 49.986193174262944 ], [ 18.240259268823035, 49.985655251090215 ], [ 18.2209651015418, 49.985248877627484 ], [ 18.220725227819294, 49.989583141274203 ], [ 18.201409403397967, 50.000655416078935 ], [ 18.182104851932539, 50.000524800846385 ], [ 18.163155629392723, 49.989182181431239 ], [ 18.162996735842999, 49.989084780580839 ], [ 18.162834501551199, 49.989179864714714 ], [ 18.143495959929758, 50.000266635595338 ], [ 18.124191603474518, 50.000139784958606 ], [ 18.123644073602946, 50.000460275476833 ], [ 18.104676935097956, 50.011340332370935 ], [ 18.103757375270529, 50.011878172248771 ], [ 18.103152709743068, 50.02344328371862 ], [ 18.102562781498705, 50.035008484057144 ], [ 18.084721485705497, 50.045253515867898 ], [ 18.082719277702541, 50.046423086329668 ], [ 18.065178268621178, 50.056499906456537 ], [ 18.062891919924088, 50.057834425833718 ], [ 18.045625633085042, 50.067757518709243 ], [ 18.026294007028124, 50.067648280919421 ], [ 18.009176072043321, 50.05738830346754 ], [ 18.007197100525595, 50.056171856368366 ], [ 17.989642773981295, 50.045650125873699 ], [ 17.989531367730986, 50.034079349516496 ], [ 18.007876262248139, 50.023230176245299 ], [ 18.025564509966095, 50.034387503805085 ], [ 18.02694961663493, 50.035238882627951 ], [ 18.028368661534532, 50.034411015482931 ], [ 18.028233536309912, 50.022840079272839 ], [ 18.028084142380511, 50.01126900069589 ], [ 18.027441707218362, 50.010873940465387 ], [ 18.008132896735471, 50.010766588205527 ], [ 18.007569352154622, 50.011095351059836 ], [ 17.988586029030404, 50.02200336766731 ], [ 17.969839238891439, 50.010766508339948 ], [ 17.969515153852601, 50.010566903042999 ], [ 17.950206180626044, 50.010475856799204 ], [ 17.930921521731129, 50.009291223986232 ], [ 17.926619868796394, 50.010374742973369 ], [ 17.911499598387611, 50.014224439403094 ], [ 17.892059186981328, 50.019787220087935 ], [ 17.886451033968847, 50.021566110986711 ], [ 17.872598837461613, 50.026008468564996 ], [ 17.853464218108179, 50.03281478468157 ], [ 17.853116508369162, 50.03293981519478 ], [ 17.833611000677518, 50.04059449456161 ], [ 17.825425172961502, 50.044104286080085 ], [ 17.814080244607769, 50.049020043872602 ], [ 17.800464727558563, 50.055418889656167 ], [ 17.794522694724296, 50.058239779246577 ], [ 17.777874997849075, 50.066753125302917 ], [ 17.774936939166949, 50.068270077013139 ], [ 17.757145853151794, 50.078102912334423 ], [ 17.755321717142323, 50.079120235310896 ], [ 17.737892848492582, 50.089465065256128 ], [ 17.735675943650481, 50.090792079541032 ], [ 17.735104123295443, 50.101004589957988 ], [ 17.715760128031469, 50.112202022974735 ], [ 17.715488203293067, 50.112359075673552 ], [ 17.696098767620548, 50.123587525660113 ], [ 17.686392440495755, 50.123603390206974 ], [ 17.676547353225384, 50.130646487743199 ], [ 17.670724944342805, 50.134994939890966 ], [ 17.656772367220412, 50.145481464400461 ], [ 17.655608784477987, 50.146390763669999 ], [ 17.641063070132532, 50.15779129964772 ], [ 17.636965051492759, 50.161018556306473 ], [ 17.626937285015622, 50.169194981866539 ], [ 17.636725093421056, 50.169453817904184 ], [ 17.656086594773829, 50.169946542341656 ], [ 17.673737273416457, 50.181308619488448 ], [ 17.675124143613971, 50.182166567541962 ], [ 17.694492454255215, 50.182610494700839 ], [ 17.711167239832832, 50.19329970383437 ], [ 17.713546366597299, 50.194769614646312 ], [ 17.732921199221902, 50.195171214451356 ], [ 17.748754150094598, 50.205280327924697 ], [ 17.751991141078761, 50.207277715394596 ], [ 17.767327791071015, 50.217048527262882 ], [ 17.766788964371688, 50.22861241917041 ], [ 17.766256628228245, 50.240176356266673 ], [ 17.750900618583373, 50.24903920157228 ], [ 17.746569911809232, 50.251535243412448 ], [ 17.731191108070174, 50.260412293806723 ], [ 17.726887395185997, 50.26289085032348 ], [ 17.726352846804197, 50.274454548259122 ], [ 17.730745875490367, 50.277162976416911 ], [ 17.744997936592419, 50.286226895744527 ], [ 17.74984905678328, 50.289215499059878 ], [ 17.763686528926304, 50.297996660845833 ], [ 17.74940292726933, 50.306232906239373 ], [ 17.729974124026445, 50.306160498261583 ], [ 17.724784956528907, 50.30914589283681 ], [ 17.724273797247147, 50.320709753277356 ], [ 17.709925776332145, 50.328983375870301 ], [ 17.690487512385779, 50.328917799033093 ], [ 17.675818744969572, 50.320167942566599 ], [ 17.675918602025298, 50.308599569396264 ], [ 17.676011967505353, 50.297031100455115 ], [ 17.672004983006314, 50.294558075061232 ], [ 17.656358010172692, 50.285236002047036 ], [ 17.652902419428219, 50.283101662679705 ], [ 17.636665799600632, 50.273437073164892 ], [ 17.633808217114595, 50.271670750011715 ], [ 17.614391427568492, 50.271669641277349 ], [ 17.611824481880749, 50.273143009535382 ], [ 17.594638589298945, 50.283081507481398 ], [ 17.575216467333043, 50.283101507585329 ], [ 17.557312685214097, 50.272479096403551 ], [ 17.55613830761283, 50.271751652953071 ], [ 17.536719506445351, 50.271811291045054 ], [ 17.536018538190611, 50.272212800889555 ], [ 17.51694684076676, 50.283257450982276 ], [ 17.500571522531086, 50.283330596784133 ], [ 17.49742675411629, 50.286381188936595 ], [ 17.488926295704843, 50.294749502252287 ], [ 17.477380393305751, 50.306168543095282 ], [ 17.477371880978307, 50.306176954982199 ], [ 17.465970539856361, 50.317588233587045 ], [ 17.457288928218215, 50.326318467045759 ], [ 17.454643066373865, 50.329007900320946 ], [ 17.443420208979358, 50.340427865161693 ], [ 17.437177585545058, 50.346800209280381 ], [ 17.432277238559003, 50.351847824986955 ], [ 17.421218567638441, 50.363267862748557 ], [ 17.417038340929896, 50.367592888718598 ], [ 17.410231945398564, 50.374687835075505 ], [ 17.39931719336089, 50.386107760019151 ], [ 17.396871681655657, 50.388668711369498 ], [ 17.388462837426669, 50.397527498914229 ], [ 17.37767324434077, 50.408947129690468 ], [ 17.376678124633411, 50.410000408607758 ], [ 17.366929715177278, 50.420366407954589 ], [ 17.356458308875705, 50.431558543876754 ], [ 17.35624657735546, 50.431785549066198 ], [ 17.345594478837178, 50.443204152375685 ], [ 17.336213075484764, 50.453309383999631 ], [ 17.334996220749513, 50.45462255289717 ], [ 17.324419343713746, 50.466040298046863 ], [ 17.315943050570539, 50.475226922522054 ], [ 17.313886095191499, 50.477457716236202 ], [ 17.303365240559504, 50.488874364097512 ], [ 17.295649331315957, 50.497273342133695 ], [ 17.292876114576163, 50.500290528844154 ], [ 17.282390335489364, 50.511705800414624 ], [ 17.275333282305422, 50.519405353840192 ], [ 17.271922597139696, 50.523120398133869 ], [ 17.261448614745458, 50.534533964416667 ], [ 17.254996581635538, 50.541573301657692 ], [ 17.250976869087889, 50.545946625299713 ], [ 17.240488485895067, 50.557358096436396 ], [ 17.234641256431225, 50.563720618868473 ], [ 17.229983855842328, 50.568768379618604 ], [ 17.219451349724732, 50.580177292980586 ], [ 17.214269701271895, 50.585783777400735 ], [ 17.208880614890631, 50.591584670124185 ], [ 17.198270096322659, 50.602990477015076 ], [ 17.193884672833786, 50.607692862897551 ], [ 17.187594761136975, 50.614394313693296 ], [ 17.176867474571008, 50.625796364234809 ], [ 17.173489255094882, 50.629372868022216 ], [ 17.166042728929348, 50.637195898344153 ], [ 17.155154276229364, 50.648593424007224 ], [ 17.153086792141139, 50.650745718781813 ], [ 17.144127804173507, 50.659987740207768 ], [ 17.133027263490042, 50.671379833295838 ], [ 17.132680790060011, 50.671732935079454 ], [ 17.121737844467013, 50.682767832169446 ], [ 17.112275467150063, 50.692241955090552 ], [ 17.110343493371296, 50.694153044215 ], [ 17.098742584006096, 50.705533781545547 ], [ 17.091873990666759, 50.71221035673377 ], [ 17.086971484812594, 50.716910580543541 ], [ 17.07499039163319, 50.728282733301427 ], [ 17.071479499727481, 50.731579250620072 ], [ 17.062749471383018, 50.739649348096826 ], [ 17.05109520779218, 50.750290609013582 ], [ 17.050292348148435, 50.751011074050112 ], [ 17.037483438063031, 50.762365560922511 ], [ 17.030725015556854, 50.768272615034796 ], [ 17.024377620585408, 50.773713624438848 ], [ 17.010945465253869, 50.785054664067538 ], [ 17.010369535362418, 50.785534031982209 ], [ 16.997045184537658, 50.796386133572049 ], [ 16.990032889020117, 50.802001479196257 ], [ 16.982734104678311, 50.807708859477799 ], [ 16.969714622938785, 50.817710158675077 ], [ 16.967962237270374, 50.819021821796582 ], [ 16.952600387691511, 50.830322580184557 ], [ 16.949417444482535, 50.832621675017329 ], [ 16.936610567127975, 50.841610232526094 ], [ 16.929141773656376, 50.846750843283992 ], [ 16.919949113453576, 50.852883745250814 ], [ 16.908887791483025, 50.860117189682924 ], [ 16.90252321114912, 50.864141165375131 ], [ 16.888656015608813, 50.872731979098816 ], [ 16.884222716175273, 50.875380156941112 ], [ 16.868446699846508, 50.88461177803218 ], [ 16.864916551746042, 50.886597914446774 ], [ 16.848259868006291, 50.895777459849384 ], [ 16.844448198956435, 50.897791052622509 ], [ 16.828095352704796, 50.906253163199793 ], [ 16.822630009125835, 50.908955464759892 ], [ 16.807952837012142, 50.9160652516941 ], [ 16.799235964470306, 50.920086138702025 ], [ 16.787831896916366, 50.92524131672706 ], [ 16.773992370117398, 50.931176915059062 ], [ 16.767732042828886, 50.933809257103022 ], [ 16.747652950270215, 50.941792496559174 ], [ 16.74651764155622, 50.94221923666197 ], [ 16.727595195377923, 50.949195114450681 ], [ 16.716025526017368, 50.953196158045195 ], [ 16.707556921971623, 50.9560704248101 ], [ 16.687538305159624, 50.962428917559002 ], [ 16.681927073044612, 50.964093635805369 ], [ 16.667539273535152, 50.968285608023002 ], [ 16.647558523279368, 50.973679344739828 ], [ 16.642763877311587, 50.9748790897332 ], [ 16.627596719066709, 50.978609006834908 ], [ 16.607652517320219, 50.983112542747818 ], [ 16.596112539988379, 50.985497575459078 ], [ 16.587725826115708, 50.987202465551448 ], [ 16.567816654287935, 50.990888925220659 ], [ 16.547923682316863, 50.994206909480901 ], [ 16.537037700000084, 50.995836147009207 ], [ 16.528047178619342, 50.997160377086736 ], [ 16.508186940661147, 50.999761929897247 ], [ 16.488341922325528, 51.002039364298227 ], [ 16.468511771963986, 51.004006829150129 ], [ 16.450293870410107, 51.005544089531966 ], [ 16.448696209721973, 51.005676708289307 ], [ 16.428895537673206, 51.007050468813162 ], [ 16.409108647181089, 51.008154826039465 ], [ 16.389335169531901, 51.009002497496482 ], [ 16.369574734768605, 51.009605828428256 ], [ 16.349826970828254, 51.00997682210005 ], [ 16.3300915029998, 51.010127163101551 ], [ 16.310367953672106, 51.010068234537862 ], [ 16.290655942338596, 51.009811130001246 ], [ 16.270955085823072, 51.009366661194285 ], [ 16.251264998690591, 51.008745362036933 ], [ 16.23158529380752, 51.007957490033959 ], [ 16.211915583016506, 51.007013025612693 ], [ 16.192255477893838, 51.005921670066158 ], [ 16.172604590559779, 51.004692842656077 ], [ 16.152962534515261, 51.003335677348971 ], [ 16.133328925481919, 51.001859019577971 ], [ 16.113703382225825, 51.000271423345033 ], [ 16.094085527348842, 50.998581148906844 ], [ 16.074474988034755, 50.99679616122117 ], [ 16.073561233981195, 50.996708870733578 ], [ 16.054872282140373, 50.994910153372651 ], [ 16.035276269062457, 50.992942988605499 ], [ 16.015686544296482, 50.990902543065211 ], [ 15.996102753473732, 50.988795711753873 ], [ 15.976524549792464, 50.986629095052791 ], [ 15.956951594427714, 50.98440900214991 ], [ 15.93738355686745, 50.982141455419779 ], [ 15.931969145376696, 50.981502169065202 ], [ 15.917821151342963, 50.97981656010581 ], [ 15.898263455111675, 50.97744921510678 ], [ 15.878709761949015, 50.975050722600727 ], [ 15.859159771468782, 50.972626095089446 ], [ 15.839613192753866, 50.970180082756727 ], [ 15.820069744357321, 50.967717181551812 ], [ 15.812208119326536, 50.966721034022761 ], [ 15.800530204961305, 50.965226361077256 ], [ 15.780993973159903, 50.962716805726181 ], [ 15.7614600832884, 50.96020271516683 ], [ 15.741928287560732, 50.957687697931959 ], [ 15.722398347570634, 50.955175144424928 ], [ 15.702870034112882, 50.952668235869801 ], [ 15.697280387408307, 50.951952992206103 ], [ 15.683344522972174, 50.950150359433877 ], [ 15.663820750414022, 50.947636538037109 ], [ 15.644297950559544, 50.945137316881855 ], [ 15.624775927097227, 50.94265514302576 ], [ 15.605254492183095, 50.940192291916176 ], [ 15.585733466203029, 50.937750875480894 ], [ 15.579589859488621, 50.936989846389714 ], [ 15.566214073732009, 50.935313913160684 ], [ 15.546695364793733, 50.932894132638417 ], [ 15.527176540148998, 50.930501957407394 ], [ 15.507657450030077, 50.928138917944011 ], [ 15.488137951921464, 50.925806415009021 ], [ 15.468617910318091, 50.923505726366393 ], [ 15.452360915014742, 50.921617204488264 ], [ 15.449097534084238, 50.921233583524533 ], [ 15.429578003327336, 50.918974113537438 ], [ 15.410057520280699, 50.916750438385286 ], [ 15.390535975156324, 50.914563392471237 ], [ 15.371013264124455, 50.91241371596206 ], [ 15.351489289082473, 50.910302060218008 ], [ 15.33196395742811, 50.908228992996783 ], [ 15.312437181836669, 50.906195003444317 ], [ 15.305464419149569, 50.905483073051343 ], [ 15.292910046855438, 50.904185834580581 ], [ 15.292791189424234, 50.905080805713787 ], [ 15.272312789045728, 50.915578164330164 ], [ 15.271562060832066, 50.91597663836022 ], [ 15.270066996834336, 50.927501588136487 ], [ 15.271294684425587, 50.928299742497565 ], [ 15.288308144785864, 50.939656322790682 ], [ 15.289998864912475, 50.940754683455708 ], [ 15.306579542401833, 50.951809038041375 ], [ 15.288372020000361, 50.961156978936629 ], [ 15.285443285503664, 50.962710488972185 ], [ 15.284044920697031, 50.974238622431017 ], [ 15.266905239836667, 50.983041426671299 ], [ 15.247238663499004, 50.98238310070586 ], [ 15.243233331417265, 50.984504183703251 ], [ 15.241871966931612, 50.99603309980845 ], [ 15.225737676180717, 51.004319537320072 ], [ 15.211113996205873, 50.99503825021722 ], [ 15.206985836583907, 50.992353488974111 ], [ 15.192004591780417, 50.982843162133285 ], [ 15.188242815586083, 50.980394823244048 ], [ 15.184100683588193, 50.982584877741843 ], [ 15.182731264889798, 50.99411300467785 ], [ 15.181380619225692, 51.005641724846903 ], [ 15.180047933522781, 51.01717101215079 ], [ 15.164844493707127, 51.024976177128757 ], [ 15.15107544296731, 51.01621888838325 ], [ 15.146102469147571, 51.012980746534595 ], [ 15.132008858229096, 51.004015310275619 ], [ 15.132573083855178, 50.992460952919785 ], [ 15.128311867270181, 50.989683581833823 ], [ 15.123612595364321, 50.992163543250747 ], [ 15.107697666433413, 51.000319408447375 ], [ 15.102548011474539, 51.003034811665422 ], [ 15.10120226695223, 51.014562986251555 ], [ 15.086117765461463, 51.022295273871087 ], [ 15.066437788742858, 51.02161886505472 ], [ 15.05281960843403, 51.012936116518439 ], [ 15.047723357558075, 51.009608594301724 ], [ 15.04209154435144, 51.012572655673715 ], [ 15.027079905430138, 51.02025856726889 ], [ 15.007402005686405, 51.019574660799108 ], [ 14.987724805139537, 51.018888237644902 ], [ 14.974202229864753, 51.010249631182319 ], [ 14.974833962910067, 50.998697914662358 ], [ 14.975447646270798, 50.987145563961896 ], [ 14.991201484809171, 50.978624079547501 ], [ 15.010863910087846, 50.979284335191657 ], [ 15.015316826074944, 50.976941001629505 ], [ 15.01587992967046, 50.965386809855517 ], [ 15.016422534057309, 50.953831906437507 ], [ 15.013226000366091, 50.951740302713944 ], [ 14.997326031444047, 50.941604464653139 ], [ 14.997831734894245, 50.93004830568686 ], [ 14.995515633900867, 50.928531336251361 ], [ 14.978708696325324, 50.917816698636862 ], [ 14.997305434017182, 50.907707185600046 ], [ 14.998773694128959, 50.906933570710436 ], [ 14.997446573237411, 50.906063986760785 ], [ 14.979615910622796, 50.894700786461968 ], [ 14.999343905713106, 50.883959456613695 ], [ 14.999617135335425, 50.883815410200263 ], [ 14.999788530556444, 50.87877538410094 ], [ 14.980230110964442, 50.877401529620911 ], [ 14.960669248595615, 50.87606808387153 ], [ 14.941105918525876, 50.874774746801876 ], [ 14.920898582682137, 50.880857851473223 ], [ 14.901282343275817, 50.880154098934383 ], [ 14.881666772187021, 50.879448371975542 ], [ 14.862051873075307, 50.87874065197817 ], [ 14.84243764958323, 50.878030920864333 ], [ 14.822824105333575, 50.877319161114734 ], [ 14.822300807154855, 50.877593740474097 ], [ 14.82277173137382, 50.877903962773708 ], [ 14.840337518928946, 50.889813031526437 ], [ 14.841328861761287, 50.890465594632019 ], [ 14.858407029738803, 50.902030562420535 ], [ 14.856860519096447, 50.913549561936705 ], [ 14.858844633825314, 50.914854396996091 ], [ 14.87498724831293, 50.925766361407241 ], [ 14.877429472515722, 50.927371269662515 ], [ 14.893144682991871, 50.937981289356301 ], [ 14.891667870611169, 50.949503082496548 ], [ 14.894983880227864, 50.951680137019039 ], [ 14.909878428768234, 50.961717080438362 ], [ 14.913596063743539, 50.964155987903673 ], [ 14.928117649158438, 50.973929100376679 ], [ 14.926704435327585, 50.985453432702528 ], [ 14.925308492415521, 50.996978348294931 ], [ 14.930157884575943, 51.000156071770157 ], [ 14.943617470925796, 51.009190122660577 ], [ 14.942258051297831, 51.020716445959039 ], [ 14.94777691956963, 51.024329423747297 ], [ 14.960612527526848, 51.032926937568725 ], [ 14.959287186729767, 51.044454573298729 ], [ 14.957975915078071, 51.055982677651059 ], [ 14.964396929690533, 51.060181394989534 ], [ 14.976391261383595, 51.068192534262515 ], [ 14.975110610744387, 51.079721820107899 ], [ 14.982062713459506, 51.084263472212392 ], [ 14.993565891842939, 51.091930144232592 ], [ 14.992313747093181, 51.103460529898591 ], [ 14.99107291991688, 51.11499128649718 ], [ 14.989842894681614, 51.12652239660305 ], [ 14.988623174989147, 51.138053843432509 ], [ 14.996717894380785, 51.143333642575968 ], [ 15.007160637044132, 51.150262450084469 ], [ 14.995602775584137, 51.156199954978895 ], [ 14.98621275931619, 51.16111768322267 ], [ 14.994696553216292, 51.166648992696111 ], [ 15.004777579514958, 51.17332747986768 ], [ 15.003599060462967, 51.184860414659298 ], [ 15.012426172404904, 51.190610026680673 ], [ 15.022195757198874, 51.197068330153677 ], [ 15.02103768735795, 51.208602067690151 ], [ 15.019886985582049, 51.220136039816474 ], [ 15.018743284476766, 51.231670234189657 ], [ 15.028171172811797, 51.237802723055843 ], [ 15.037393302738028, 51.243877213466931 ], [ 15.036267231898279, 51.255412106836644 ], [ 15.035147162023119, 51.266947187748201 ], [ 15.034032778358895, 51.278482445663599 ], [ 15.032923778516432, 51.290017870455152 ], [ 15.023228370715159, 51.295018549693751 ], [ 15.012009259851942, 51.300879434399562 ], [ 15.010905415611965, 51.312414876832904 ], [ 15.001434715505015, 51.317299137328632 ], [ 14.989987274726158, 51.323272537099712 ], [ 14.98888745560987, 51.334807961249815 ], [ 14.979618445090713, 51.339587416393144 ], [ 14.967964514292341, 51.345661678443641 ], [ 14.966867687925125, 51.357197051136659 ], [ 14.97747030738531, 51.364085632371726 ], [ 14.985611195210076, 51.369414938482663 ], [ 14.97659429727624, 51.374066053963233 ], [ 14.964684474062208, 51.380268111618484 ], [ 14.963597659866693, 51.391803784860052 ], [ 14.962513770065867, 51.403339544200676 ], [ 14.9614326114188, 51.41487538304694 ], [ 14.960353998217647, 51.426411295060454 ], [ 14.971362322066817, 51.433554566227038 ], [ 14.979143572185469, 51.438631403402972 ], [ 14.970522927695869, 51.443079607223787 ], [ 14.958203701472701, 51.449483314460188 ], [ 14.957131681968194, 51.461019410370852 ], [ 14.948624286795688, 51.465407066099012 ], [ 14.936182315808995, 51.471867220799133 ], [ 14.927730441681359, 51.476224049077288 ], [ 14.915226095136012, 51.482711151968701 ], [ 14.906826609415601, 51.487038731837472 ], [ 14.886950707900228, 51.486338286808447 ], [ 14.867075591488753, 51.485634680823559 ], [ 14.854492988382207, 51.49214990950577 ], [ 14.846153377405283, 51.496440173403599 ], [ 14.833515047160269, 51.502978766775733 ], [ 14.825221182611925, 51.507243151070099 ], [ 14.81252973179506, 51.513803714607114 ], [ 14.80427900811239, 51.518043526042042 ], [ 14.784392113903335, 51.517326498240706 ], [ 14.76450602694899, 51.516606281214486 ], [ 14.751748949415877, 51.523188150847098 ], [ 14.743545508245138, 51.527397079932605 ], [ 14.730740845205773, 51.533997945502307 ], [ 14.729625959147244, 51.545531090843063 ], [ 14.721493169757082, 51.549700834650274 ], [ 14.708605924285555, 51.556336662307288 ], [ 14.707487638774221, 51.567869535824023 ], [ 14.719074515037661, 51.575418505171577 ], [ 14.726285808503219, 51.580130612221659 ], [ 14.737903042498832, 51.587693552377985 ], [ 14.745095463539293, 51.592388932740363 ], [ 14.756741798137259, 51.599964996180304 ], [ 14.763916501511961, 51.60464448872019 ], [ 14.762814913054042, 51.616178277830635 ], [ 14.75484533516188, 51.620264772811403 ], [ 14.741775830627313, 51.626989403755736 ], [ 14.753503475397954, 51.634613623162345 ], [ 14.760612442826545, 51.63924584204009 ], [ 14.752689983954234, 51.643306676207551 ], [ 14.739563794387946, 51.650056357234689 ], [ 14.751341244037057, 51.657709781883135 ], [ 14.758410428120639, 51.662313370141995 ], [ 14.750531591077683, 51.666350225913682 ], [ 14.737351937853774, 51.673123265135821 ], [ 14.736245922027393, 51.684656696421385 ], [ 14.728409635414868, 51.688668031184285 ], [ 14.715173466416259, 51.695462287267219 ], [ 14.707357995832925, 51.699460072413423 ], [ 14.694091991078839, 51.706263881187915 ], [ 14.686296339807209, 51.7102486130998 ], [ 14.673001431652184, 51.717061472200029 ], [ 14.671879733347643, 51.728593920214323 ], [ 14.664120364357288, 51.732556218439086 ], [ 14.650774744355873, 51.739387174346682 ], [ 14.649647403484256, 51.750919268546703 ], [ 14.648519672791616, 51.762451335841632 ], [ 14.647391523691718, 51.773983375188472 ], [ 14.646262930922086, 51.785515385666933 ], [ 14.645133872396736, 51.797047366473926 ], [ 14.637470868172203, 51.800952476079843 ], [ 14.617463934082675, 51.800206468309675 ], [ 14.603981731265476, 51.80708715353849 ], [ 14.59633303234946, 51.810979966457801 ], [ 14.582826938337776, 51.817866981731868 ], [ 14.581681364693251, 51.829397946444494 ], [ 14.593765255304845, 51.837255522327631 ], [ 14.600560021489979, 51.841680975078027 ], [ 14.599418374938782, 51.853212184354717 ], [ 14.611539448122763, 51.86108620599542 ], [ 14.631573324420309, 51.861832738142141 ], [ 14.638348864178734, 51.866238596575492 ], [ 14.65049283724343, 51.87411691096225 ], [ 14.657259052389524, 51.878513180612408 ], [ 14.669422678757718, 51.886398126476855 ], [ 14.676179757011159, 51.890784941091951 ], [ 14.688362856504297, 51.898676382715983 ], [ 14.695110984278116, 51.90305387378757 ], [ 14.693991746297252, 51.914586449494827 ], [ 14.692871981130837, 51.926118993395264 ], [ 14.705106936290779, 51.934034561244374 ], [ 14.711822768116486, 51.938385634783501 ], [ 14.710707009301888, 51.94991841791758 ], [ 14.709590742687887, 51.961451169990021 ], [ 14.708473974259634, 51.972983891234399 ], [ 14.707356710577592, 51.984516581905481 ], [ 14.719672550373895, 51.992471611692402 ], [ 14.726336322340346, 51.996781468421794 ], [ 14.725223168243385, 52.008314400763744 ], [ 14.72410954727869, 52.019847303598333 ], [ 14.736472648885696, 52.027823283896325 ], [ 14.743109051656186, 52.032109887916135 ], [ 14.741999615615027, 52.043643033760006 ], [ 14.740889742573744, 52.055176151208144 ], [ 14.753297968252351, 52.063171625658114 ], [ 14.759909284309352, 52.067436428300837 ], [ 14.752536461262277, 52.071184192889511 ], [ 14.738668716820525, 52.07824230211677 ], [ 14.737557579601702, 52.089775336171286 ], [ 14.730202408399439, 52.093510233841585 ], [ 14.710062366954007, 52.092777502588326 ], [ 14.696158488193472, 52.099841870944744 ], [ 14.688809974556499, 52.103568471982705 ], [ 14.67488879944813, 52.110635557109191 ], [ 14.67376104402461, 52.122167598332986 ], [ 14.672632886562688, 52.133699612632697 ], [ 14.671504334291669, 52.145231600291588 ], [ 14.684000175031686, 52.153283775492142 ], [ 14.690543481033371, 52.157503472401217 ], [ 14.703053848350542, 52.165558690262792 ], [ 14.709593524334478, 52.169772491264915 ], [ 14.702289965616803, 52.173472617633195 ], [ 14.688294805789024, 52.180567929744001 ], [ 14.687169923887057, 52.192100120259553 ], [ 14.686044688618598, 52.203632285709475 ], [ 14.698594520655371, 52.211706091087187 ], [ 14.705114024626241, 52.215902424671185 ], [ 14.703993299860858, 52.22743484653212 ], [ 14.702872250110758, 52.23896724437877 ], [ 14.701750883214673, 52.250499618515768 ], [ 14.694479776804512, 52.25417689012432 ], [ 14.674267984355767, 52.253436617336838 ], [ 14.660198665338884, 52.260550073277308 ], [ 14.652927793879048, 52.264222319157042 ], [ 14.632712543284979, 52.263474888829542 ], [ 14.618628996638499, 52.270585465042338 ], [ 14.611357689867035, 52.274253014074361 ], [ 14.591138997464384, 52.273498413787358 ], [ 14.577041858455049, 52.28060577784094 ], [ 14.575887885327498, 52.292136197056436 ], [ 14.574733599022192, 52.303666593087343 ], [ 14.573579008768819, 52.315196966300292 ], [ 14.566309526487164, 52.318855948704673 ], [ 14.552182560646189, 52.325965494814525 ], [ 14.551022123779651, 52.337495506945139 ], [ 14.54986140608845, 52.349025497242557 ], [ 14.548700418351478, 52.360555466134521 ], [ 14.547539171783626, 52.372085414065481 ], [ 14.546377678029533, 52.383615341496423 ], [ 14.539098571815961, 52.387271780569414 ], [ 14.524943606156301, 52.394378056137882 ], [ 14.537559928918551, 52.40249825345964 ], [ 14.544053997611215, 52.406675136781658 ], [ 14.54289183624746, 52.41820500563535 ], [ 14.541729478247111, 52.429734855985842 ], [ 14.554351895493784, 52.437849125459884 ], [ 14.574644751630153, 52.438611423642683 ], [ 14.581157035733714, 52.442791211138044 ], [ 14.593786154452125, 52.45089866431092 ], [ 14.600306806184733, 52.455080028355688 ], [ 14.599160004234518, 52.466610779387501 ], [ 14.611789691746209, 52.474710456003756 ], [ 14.618326515111949, 52.478897034096512 ], [ 14.630957057042957, 52.486990837765099 ], [ 14.637504585923898, 52.491180422944886 ], [ 14.636368244651578, 52.502711758237083 ], [ 14.629029090271905, 52.506400155056483 ], [ 14.614901371361899, 52.51349009914626 ], [ 14.613759547417391, 52.52502109413966 ], [ 14.612617694141145, 52.536552076769894 ], [ 14.611475826657815, 52.548083047623464 ], [ 14.624077428807505, 52.556147983412664 ], [ 14.630686086757347, 52.560368247107064 ], [ 14.629549671397635, 52.571899511473532 ], [ 14.622135228798987, 52.575620789100299 ], [ 14.608050288236452, 52.582675895320484 ], [ 14.606908512266303, 52.594206824830948 ], [ 14.605766795204033, 52.605737745408966 ], [ 14.598303988246862, 52.609478657607902 ], [ 14.584246639127954, 52.616509339968943 ], [ 14.576766759337801, 52.62025579527004 ], [ 14.556390125549726, 52.619490299486102 ], [ 14.542334279459267, 52.626510155005903 ], [ 14.534837945999143, 52.630259617077826 ], [ 14.520789497433244, 52.637269633423358 ], [ 14.513275209285752, 52.641025016574027 ], [ 14.499234654403203, 52.648024954393534 ], [ 14.49170191149271, 52.651786480630996 ], [ 14.471313040762436, 52.651005650763523 ], [ 14.457274580569267, 52.657994497293096 ], [ 14.456094675121598, 52.669523103618964 ], [ 14.448523617523502, 52.673297529587991 ], [ 14.434509480700706, 52.68026592152286 ], [ 14.4333241266529, 52.691794180761576 ], [ 14.425710364683788, 52.695585839879641 ], [ 14.411723223540719, 52.702532479142008 ], [ 14.404088578854857, 52.706331347734022 ], [ 14.390112090210133, 52.713266591921766 ], [ 14.388915709872746, 52.724794158786572 ], [ 14.381234654462325, 52.728611960619681 ], [ 14.367288730411422, 52.735523734720964 ], [ 14.359585469974208, 52.739349310133903 ], [ 14.345651427884802, 52.746249111845266 ], [ 14.337925687028248, 52.75008256169108 ], [ 14.324003766134229, 52.75697028456598 ], [ 14.316255302576968, 52.760811692800949 ], [ 14.302345708636642, 52.76768724725023 ], [ 14.294574313628759, 52.771536680869488 ], [ 14.274135453077569, 52.770718743898918 ], [ 14.260228516693774, 52.777583062772869 ], [ 14.258998259444903, 52.789108519816949 ], [ 14.251180510496743, 52.792974137539026 ], [ 14.237308794330284, 52.799812818292025 ], [ 14.229467690521453, 52.803686561260541 ], [ 14.215608786954171, 52.810512883929015 ], [ 14.207744254445942, 52.814394752362951 ], [ 14.187287991797323, 52.813560488811618 ], [ 14.173430401430499, 52.82037629249389 ], [ 14.165549593997932, 52.82426032635005 ], [ 14.145090004172207, 52.823418444953212 ], [ 14.131232838183427, 52.8302241762755 ], [ 14.129967775079267, 52.841747445643378 ], [ 14.128702626220569, 52.853270703424187 ], [ 14.140873794882484, 52.861114573243178 ], [ 14.147926423846274, 52.865634854893102 ], [ 14.146666945930551, 52.877158452320202 ], [ 14.158784428449005, 52.884959826520777 ], [ 14.165909155310379, 52.889520141092596 ], [ 14.157831252496871, 52.89349446078581 ], [ 14.144147741708567, 52.900205612766051 ], [ 14.142888001011661, 52.911729175252816 ], [ 14.141628155156106, 52.923252725430473 ], [ 14.140368191836748, 52.934776262823149 ], [ 14.139108096262991, 52.946299786852798 ], [ 14.13784785088956, 52.957823296828067 ], [ 14.149771401463033, 52.965488481962169 ], [ 14.157130618453747, 52.970187440033307 ], [ 14.169014103378471, 52.977820726371 ], [ 14.189548723907457, 52.97864716102076 ], [ 14.196977274051569, 52.983382680550264 ], [ 14.208808951664359, 52.990972072036328 ], [ 14.229351029249537, 52.991791508015233 ], [ 14.236851485414562, 52.996565168657582 ], [ 14.248628782928721, 53.004109118543823 ], [ 14.256186196341059, 53.008914424072785 ], [ 14.267917615181839, 53.016422929509737 ], [ 14.288473580172376, 53.017231949453389 ], [ 14.296107195192413, 53.022078071327108 ], [ 14.307779937819019, 53.029538567263579 ], [ 14.315473769888232, 53.034418394919754 ], [ 14.327097377375065, 53.041841489297937 ], [ 14.334852686045297, 53.046755835996407 ], [ 14.346425899475657, 53.054140777040054 ], [ 14.354243818035817, 53.059090384365554 ], [ 14.353046321541054, 53.070617627913713 ], [ 14.364528023439846, 53.077936678760054 ], [ 14.372454824393516, 53.082949584169199 ], [ 14.371261923393217, 53.094477102714606 ], [ 14.37006822597592, 53.106004581238814 ], [ 14.368873634055509, 53.117532015932817 ], [ 14.380179807920971, 53.12472868957817 ], [ 14.388308853773854, 53.129861942780536 ], [ 14.387118007523888, 53.141389618022622 ], [ 14.377900483720905, 53.14592605611643 ], [ 14.3652834519553, 53.152114016632517 ], [ 14.364084228481975, 53.163641235038675 ], [ 14.362883572697925, 53.175168388689116 ], [ 14.373990011855073, 53.182230301765088 ], [ 14.382341272365512, 53.187499710501328 ], [ 14.381143198533593, 53.199027060065518 ], [ 14.39215744301603, 53.206023148015788 ], [ 14.400615390434046, 53.211355652796549 ], [ 14.399419425562167, 53.22288317902899 ], [ 14.410344245830407, 53.22981531897063 ], [ 14.418905579099178, 53.235209015703838 ], [ 14.429779017114667, 53.242102934336344 ], [ 14.438401676699572, 53.247531832504883 ], [ 14.449224853630733, 53.2543882941671 ], [ 14.457907608363005, 53.259851621202742 ], [ 14.44813301280506, 53.264651655488422 ], [ 14.436018123259137, 53.270587593850301 ], [ 14.426221495381416, 53.275392873082282 ], [ 14.414115363861333, 53.281319199260132 ], [ 14.412912138620898, 53.292846503701163 ], [ 14.411706557552209, 53.304373708180734 ], [ 14.410498597459412, 53.315900811793746 ], [ 14.409288247213425, 53.327427814099771 ], [ 14.408075507697349, 53.338954715121361 ], [ 14.406860391556254, 53.350481515334664 ], [ 14.396837502059014, 53.355376840989166 ], [ 14.38489554621086, 53.361206118526049 ], [ 14.395483989886193, 53.367907324790352 ], [ 14.404423136010521, 53.373534817404135 ], [ 14.394344131280924, 53.378452537698408 ], [ 14.382442065592517, 53.384258543450905 ], [ 14.381211943507527, 53.395784611290388 ], [ 14.379979645617469, 53.40731058575394 ], [ 14.378745240354913, 53.418836469487175 ], [ 14.377508802366053, 53.43036226537825 ], [ 14.37627041139128, 53.441887976514565 ], [ 14.375030151147291, 53.453413606139669 ], [ 14.364823459979689, 53.458373772761469 ], [ 14.352988797459973, 53.464130349812692 ], [ 14.351739118004998, 53.475655477207368 ], [ 14.350487816031476, 53.48718053249361 ], [ 14.34923498142971, 53.498705519178095 ], [ 14.338992052624148, 53.503671537174782 ], [ 14.327158655684284, 53.509416617056239 ], [ 14.325897042033448, 53.520941123868717 ], [ 14.324634142965943, 53.532465571626844 ], [ 14.314379567553276, 53.537428145529759 ], [ 14.30253125323161, 53.543171464695369 ], [ 14.301260035615462, 53.554695448462525 ], [ 14.311734791441415, 53.561312152475004 ], [ 14.32083855164243, 53.567038592734484 ], [ 14.319571311562372, 53.578562835749175 ], [ 14.318303167533132, 53.590087034716284 ], [ 14.317034183622527, 53.601611192162977 ], [ 14.315764419424641, 53.613135310442459 ], [ 14.305428399602137, 53.618124243902948 ], [ 14.293612948298216, 53.623838393686746 ], [ 14.292335722345838, 53.635362081535902 ], [ 14.291057862075954, 53.646885736004911 ], [ 14.289779410092374, 53.658409358792873 ], [ 14.279426895503123, 53.663396481010679 ], [ 14.26759664298425, 53.669106896358777 ], [ 14.278048534717437, 53.675698750275536 ], [ 14.287220880162049, 53.681456515289852 ], [ 14.276842815331406, 53.686452638940743 ], [ 14.265024973871126, 53.69215327612087 ], [ 14.263738427514919, 53.703676425583218 ], [ 14.262451439093066, 53.715199549416617 ], [ 14.261164028606284, 53.726722648437047 ], [ 14.271582682879844, 53.733286350924828 ], [ 14.280816399497997, 53.739073940341576 ], [ 14.270366406912199, 53.744096602565421 ], [ 14.25858800546643, 53.749768774672042 ], [ 14.268990257700862, 53.756319271029781 ], [ 14.278251759028556, 53.762120740709179 ], [ 14.276968876718175, 53.773644106538733 ], [ 14.27568562791031, 53.785167449822467 ], [ 14.274402015977168, 53.796690770718079 ], [ 14.26386665884182, 53.80174650747896 ], [ 14.252141389125535, 53.807383690533584 ], [ 14.250850976252831, 53.818906606755405 ], [ 14.249560199665385, 53.830429500697988 ], [ 14.239004816229297, 53.835487252928488 ], [ 14.227275863691247, 53.841117274256995 ], [ 14.225978280126393, 53.852639762043559 ], [ 14.224680318460232, 53.864162227111393 ], [ 14.223381971359704, 53.875684669192921 ], [ 14.222083230478948, 53.887207087980144 ], [ 14.220784086583594, 53.898729483129344 ], [ 14.210138979152338, 53.903817839488347 ], [ 14.198456675222365, 53.90941094326049 ], [ 14.208754979490454, 53.915883983992536 ], [ 14.218184549065951, 53.921774200988644 ], [ 14.228434289536009, 53.928211344890009 ], [ 14.24943595282399, 53.92902368279244 ], [ 14.270438693779465, 53.929831989868077 ], [ 14.2914425068304, 53.930636269527859 ], [ 14.30292740731549, 53.925125922560539 ], [ 14.313739863260048, 53.919924668025217 ], [ 14.325196119315025, 53.914423006885507 ], [ 14.336025888905805, 53.909208427419486 ], [ 14.357021361389116, 53.910000342096211 ], [ 14.378017880275252, 53.910788263113737 ], [ 14.387768810494974, 53.916847762141856 ], [ 14.397746872737425, 53.923084976832037 ], [ 14.418751227698241, 53.923865089522678 ], [ 14.439756610675134, 53.924641241863995 ], [ 14.449669309131073, 53.930787158517191 ], [ 14.459510890701283, 53.936926383424577 ], [ 14.469495599350006, 53.943111118719209 ], [ 14.479276876610578, 53.949207620866964 ], [ 14.489335088127318, 53.955432070553663 ], [ 14.499054572582917, 53.961484986753625 ], [ 14.520081317538226, 53.962245908204679 ], [ 14.530263882277943, 53.968537426674146 ], [ 14.539877502353704, 53.974515728144588 ], [ 14.560912009163589, 53.97526910288191 ], [ 14.571221758294016, 53.981629392394126 ], [ 14.580726672124197, 53.987531512995083 ], [ 14.601768913840713, 53.988277469455902 ], [ 14.622812117700532, 53.989019692057191 ], [ 14.633302287598035, 53.995477583593193 ], [ 14.642651988693061, 54.001271331536984 ], [ 14.663702880482964, 54.002006375823314 ], [ 14.684754707456309, 54.002737815547071 ], [ 14.695427016514529, 54.009294443860668 ], [ 14.704619732441451, 54.01497913969196 ], [ 14.725679195487492, 54.015703702316166 ], [ 14.736482817665408, 54.02233176169981 ], [ 14.745562617921603, 54.027938463812013 ], [ 14.766629681156573, 54.0286563894295 ], [ 14.777563734841284, 54.035355444276391 ], [ 14.786531476655094, 54.040884891390142 ], [ 14.807606102440776, 54.041596446752948 ], [ 14.828681593477684, 54.042304805540468 ], [ 14.849757939383688, 54.043010032178692 ], [ 14.860913770230406, 54.04982921581329 ], [ 14.869691387670231, 54.055226915768777 ], [ 14.890775215266181, 54.05592634153885 ], [ 14.911859866559309, 54.056622842897063 ], [ 14.932945331486827, 54.057316486493114 ], [ 14.944304782881778, 54.06424543602256 ], [ 14.952910289204826, 54.069523098567103 ], [ 14.974003156581103, 54.070211540223404 ], [ 14.98547104747796, 54.077198945969663 ], [ 14.993986333293229, 54.082413661275623 ], [ 15.015086567311268, 54.083097206640424 ], [ 15.036187567828135, 54.083778228915214 ], [ 15.047787023477845, 54.090835507937314 ], [ 15.056195506985974, 54.095974147094395 ], [ 15.077303825355118, 54.096650674822662 ], [ 15.098412887036069, 54.097324841707199 ], [ 15.11012303644509, 54.104439683828019 ], [ 15.118445536851327, 54.109515232296829 ], [ 15.139561877469395, 54.110185225234204 ], [ 15.160678943464736, 54.110852973170559 ], [ 15.17247627913229, 54.118011371688958 ], [ 15.180736270591131, 54.123038351132706 ], [ 15.201860588766637, 54.1237021329203 ], [ 15.213712086209251, 54.130886771297121 ], [ 15.221936052165743, 54.135884510180915 ], [ 15.243067613413775, 54.136544395805046 ], [ 15.264199883725521, 54.137202096948549 ], [ 15.276095777233778, 54.144404436115302 ], [ 15.284300023462222, 54.149379842927409 ], [ 15.305439532492018, 54.150033622330852 ], [ 15.326579748623365, 54.150685165716652 ], [ 15.34772067193847, 54.151334443771304 ], [ 15.368862302931799, 54.151981421793863 ], [ 15.390004642462223, 54.152626060087869 ], [ 15.401887373967309, 54.159802780977117 ], [ 15.410149110981664, 54.164793447637919 ], [ 15.431298707398945, 54.16543372236368 ], [ 15.452449018254546, 54.166071502384071 ], [ 15.473600045406133, 54.166706731839234 ], [ 15.494751790802631, 54.167339352442859 ], [ 15.515904256432503, 54.167969304023316 ], [ 15.527690567902352, 54.175068354049905 ], [ 15.536093220091075, 54.180124282333132 ], [ 15.557252982571141, 54.180749092918596 ], [ 15.578413472891166, 54.181371033612358 ], [ 15.590139354809093, 54.188422307336431 ], [ 15.5986273526359, 54.193518975578392 ], [ 15.619795163631897, 54.194135329732447 ], [ 15.640963708759637, 54.1947486138031 ], [ 15.662132988998122, 54.195358768751881 ], [ 15.673751786032515, 54.202330007973565 ], [ 15.682378460550909, 54.207496005701515 ], [ 15.703555084414168, 54.208100015659561 ], [ 15.724732446301076, 54.208700718415372 ], [ 15.745910545921555, 54.209298064914584 ], [ 15.757408133917714, 54.216179969447737 ], [ 15.766187695770309, 54.221423368608221 ], [ 15.787373151012387, 54.222014095890259 ], [ 15.798818385673773, 54.228855210096796 ], [ 15.807668792089116, 54.234133157699397 ], [ 15.828861607859556, 54.234717058806851 ], [ 15.850055157636271, 54.235297383524866 ], [ 15.861408150337759, 54.242069704706829 ], [ 15.870375944621953, 54.247406522370774 ], [ 15.891576852643803, 54.247979782911372 ], [ 15.912778487824147, 54.248549380898773 ], [ 15.933980846898649, 54.249115296942577 ], [ 15.955183926366624, 54.249677514314918 ], [ 15.976387722510283, 54.250236018780562 ], [ 15.997592231414469, 54.250790798413519 ], [ 16.018797448986568, 54.251341843402997 ], [ 16.029861851019945, 54.257907973187869 ], [ 16.039176504845226, 54.263422719213054 ], [ 16.060389036295124, 54.263966393237517 ], [ 16.08160226398369, 54.264506309972219 ], [ 16.092574502828956, 54.271003767400757 ], [ 16.102006480076355, 54.276576335424913 ], [ 16.123227002156707, 54.277108835074706 ], [ 16.134147119064071, 54.28356551411423 ], [ 16.143649777843596, 54.289171572263854 ], [ 16.154557124942787, 54.295614832456103 ], [ 16.164084520819898, 54.301230645739857 ], [ 16.185318925453746, 54.301752024184694 ], [ 16.196176109469199, 54.308155718871312 ], [ 16.205772247114439, 54.313803710317849 ], [ 16.216618200476699, 54.32019488482613 ], [ 16.226237557388885, 54.325851661186626 ], [ 16.237072992650219, 54.332230720810557 ], [ 16.246714866429954, 54.337895846832239 ], [ 16.257540542000552, 54.34426322287672 ], [ 16.267204184332961, 54.34993623742897 ], [ 16.278020904614113, 54.356292387041805 ], [ 16.287705521145547, 54.361972803136482 ], [ 16.298514136831614, 54.368318209292056 ], [ 16.30821888687375, 54.374005514002988 ], [ 16.319020295335907, 54.380340685584322 ], [ 16.318294473980977, 54.391889563713917 ], [ 16.327994509558966, 54.39756776525531 ], [ 16.338819619536157, 54.403908867841139 ], [ 16.348537413672446, 54.409592538929516 ], [ 16.359357829165003, 54.415924816601873 ], [ 16.358643781073063, 54.427474026123299 ], [ 16.368353000632471, 54.433146335012815 ], [ 16.379201157127099, 54.439486790616805 ], [ 16.388925520818862, 54.445163018883967 ], [ 16.399771718347715, 54.451496189785544 ], [ 16.399069508939242, 54.463045725054428 ], [ 16.408781196453617, 54.468708204497645 ], [ 16.419659366254578, 54.475051926575382 ], [ 16.429383407770541, 54.48071668235373 ], [ 16.440262508184311, 54.487054752198787 ], [ 16.439572110542819, 54.498604605563038 ], [ 16.449279290779838, 54.504253191351488 ], [ 16.460194620539006, 54.510604218803458 ], [ 16.469911265419348, 54.5162533902188 ], [ 16.491262810277878, 54.516717642963592 ], [ 16.502152059594636, 54.52304292733438 ], [ 16.511913564186315, 54.528709734645354 ], [ 16.522808746682486, 54.535032202652935 ], [ 16.532576476122308, 54.540697679934475 ], [ 16.553941891213686, 54.541149852187829 ], [ 16.564816486163174, 54.547449690502603 ], [ 16.574623600370138, 54.55312953751443 ], [ 16.59599624432737, 54.553573534209534 ], [ 16.61736948238979, 54.554013432382497 ], [ 16.62820158474765, 54.560273436249929 ], [ 16.63807662080119, 54.565980566256364 ], [ 16.659457069599274, 54.566412132525357 ], [ 16.680838100198141, 54.566839531320902 ], [ 16.702219708188718, 54.567262742161752 ], [ 16.723601889117734, 54.567681744584711 ], [ 16.744984638483707, 54.568096518218738 ], [ 16.766367951733226, 54.5685070428571 ], [ 16.777081362130357, 54.574664841855281 ], [ 16.787126950898706, 54.580443992034802 ], [ 16.808517421676946, 54.580845834868832 ], [ 16.829908442837734, 54.581243362751415 ], [ 16.840610345849171, 54.58737879316395 ], [ 16.85069283375153, 54.59316693057189 ], [ 16.87209099022197, 54.593555635455367 ], [ 16.893489682834435, 54.593939965250328 ], [ 16.914888906539364, 54.594319903387976 ], [ 16.925579845071084, 54.600428431882939 ], [ 16.935705258152343, 54.606225354224392 ], [ 16.94643040244425, 54.61234700173177 ], [ 16.956533820660329, 54.618126251830518 ], [ 16.967295036559282, 54.624262091509209 ], [ 16.977374599491867, 54.630022629326341 ], [ 16.988173674921093, 54.636173694122846 ], [ 16.998227599803986, 54.641914526763969 ], [ 17.009066232187976, 54.648081802321535 ], [ 17.01909282650254, 54.653801991065833 ], [ 17.029972610455346, 54.659986408711461 ], [ 17.039970284267209, 54.665685075861518 ], [ 17.061409470382578, 54.666033050763538 ], [ 17.072331753397645, 54.672230589819463 ], [ 17.082305731616938, 54.677907224696675 ], [ 17.093273690023985, 54.684124542018552 ], [ 17.10321423090269, 54.689777156633561 ], [ 17.124667028110174, 54.690111457075126 ], [ 17.135686334880454, 54.696347012 ], [ 17.14559432762259, 54.701972659386925 ], [ 17.167054147877565, 54.702297894496297 ], [ 17.178130319339751, 54.708554884634644 ], [ 17.188000241073464, 54.714150496668999 ], [ 17.209467063583904, 54.714466701521644 ], [ 17.220605252615265, 54.720748128159045 ], [ 17.230431943360159, 54.726310856210851 ], [ 17.251905746807122, 54.726618082146707 ], [ 17.263110676653763, 54.732926710387552 ], [ 17.272889405768755, 54.738453961621254 ], [ 17.294370168463203, 54.738752274570601 ], [ 17.315851351836848, 54.739046134897158 ], [ 17.33733294948555, 54.739335551002945 ], [ 17.348642960844529, 54.74568381366575 ], [ 17.358348407046709, 54.751154597045577 ], [ 17.379836916148307, 54.751435233914499 ], [ 17.401325820136922, 54.751711465834902 ], [ 17.422815112587553, 54.751983304044096 ], [ 17.444304787080583, 54.75225076025432 ], [ 17.465794837205276, 54.752513846593502 ], [ 17.47727393419612, 54.758928976316895 ], [ 17.486854981005465, 54.764308144556573 ], [ 17.508351869063922, 54.764562685306991 ], [ 17.529849113552601, 54.76481290509259 ], [ 17.551346708141498, 54.765058817103871 ], [ 17.572844646526086, 54.765300434597187 ], [ 17.584496035358377, 54.771789185309991 ], [ 17.593942858297442, 54.777075157283839 ], [ 17.615447575714377, 54.777308444246593 ], [ 17.636952618236407, 54.7775374861301 ], [ 17.658457979701417, 54.777762295634354 ], [ 17.670266793334562, 54.784320958968337 ], [ 17.679587731710434, 54.789522168393695 ], [ 17.701099827935856, 54.789738813398017 ], [ 17.722612224986882, 54.789951270669661 ], [ 17.734552294806608, 54.796569609426882 ], [ 17.743767055230681, 54.801700622248603 ], [ 17.765286156497993, 54.80190502728825 ], [ 17.786805540965617, 54.80210528248022 ], [ 17.808325202785376, 54.802301396372656 ], [ 17.820433731102259, 54.808995788029321 ], [ 17.829511491787834, 54.814036622046039 ], [ 17.85103781731608, 54.814224793247327 ], [ 17.872564403205622, 54.814408848973343 ], [ 17.884808708090652, 54.821165225504934 ], [ 17.893775728360989, 54.826133953204398 ], [ 17.9153089503098, 54.826310119898061 ], [ 17.936842416091714, 54.826482185017468 ], [ 17.958376120170545, 54.826650148964426 ], [ 17.979910057048141, 54.82681401066079 ], [ 18.001444221263494, 54.826973767426452 ], [ 18.022978607391654, 54.827129414846844 ], [ 18.044513210042528, 54.827280946629124 ], [ 18.066048023859494, 54.827428354445821 ], [ 18.08758304351781, 54.827571627764527 ], [ 18.109118263722866, 54.827710753662245 ], [ 18.130653679208145, 54.827845716623166 ], [ 18.152189284732959, 54.827976498317838 ], [ 18.173725075079897, 54.828103077362407 ], [ 18.195261045051897, 54.828225429056047 ], [ 18.21679718946897, 54.828343525094589 ], [ 18.238333503164494, 54.828457333258456 ], [ 18.259869980981016, 54.828566817072762 ], [ 18.281406617765484, 54.828671935437576 ], [ 18.302943408363866, 54.828772642225452 ], [ 18.324480347615097, 54.828868885844877 ], [ 18.346017430344151, 54.828960608766074 ], [ 18.354349692881343, 54.824570655956457 ], [ 18.367735167295287, 54.817494487045543 ], [ 18.376023593113171, 54.813123658301805 ], [ 18.389440619639689, 54.806023613906412 ], [ 18.397683727117201, 54.801672732272316 ], [ 18.41113379550325, 54.794547882138389 ], [ 18.419329895279859, 54.790217882562089 ], [ 18.419509874994844, 54.77865837684115 ], [ 18.419691310264472, 54.767098856121393 ], [ 18.411596610366299, 54.762674030146236 ], [ 18.398434296983012, 54.755434884344844 ], [ 18.398625763282226, 54.743875386445538 ], [ 18.398818874584133, 54.732315874736365 ], [ 18.412138851901165, 54.725250051845933 ], [ 18.420432782911003, 54.720860628729895 ], [ 18.433782306890617, 54.713771739558389 ], [ 18.442032572609556, 54.709401472012729 ], [ 18.455413556395165, 54.702288345318742 ], [ 18.463618015719835, 54.697938409427664 ], [ 18.463797226676672, 54.686378689121518 ], [ 18.463978343098407, 54.674818955204138 ], [ 18.464161421167894, 54.663259207915374 ], [ 18.464346514783763, 54.651699447484688 ], [ 18.46453367507063, 54.640139674129003 ], [ 18.477773379883061, 54.63308654098077 ], [ 18.499207562327914, 54.633135107917099 ], [ 18.507432858505062, 54.628761129780763 ], [ 18.507610165336757, 54.617201231964572 ], [ 18.50778969336654, 54.60564132107244 ], [ 18.521048528840574, 54.598561063891104 ], [ 18.529300825770743, 54.594166210964048 ], [ 18.529477860429211, 54.58260622652039 ], [ 18.542723210946654, 54.57552386011001 ], [ 18.550969115651359, 54.571127179713834 ], [ 18.551143851802394, 54.559567122714377 ], [ 18.551321019314901, 54.548007052567755 ], [ 18.551500635947505, 54.536446969329354 ], [ 18.551682711394136, 54.524886873024442 ], [ 18.551867246691881, 54.513326763646049 ], [ 18.552054233669349, 54.501766641152884 ], [ 18.564986589515861, 54.494836425054245 ], [ 18.573503264106684, 54.49028336993095 ], [ 18.565083893442647, 54.485669974756767 ], [ 18.552435480998707, 54.478646356475224 ], [ 18.552629674791703, 54.467086194021789 ], [ 18.552826186505293, 54.455526017913456 ], [ 18.565475325390945, 54.448743174751087 ], [ 18.574257942206998, 54.44404250408067 ], [ 18.586929394438386, 54.437240033756375 ], [ 18.595674711907794, 54.432555137595564 ], [ 18.595864934743357, 54.420994825449419 ], [ 18.608481246368662, 54.414213182551073 ], [ 18.62980153497174, 54.414216898153306 ], [ 18.638462537342413, 54.40956886982142 ], [ 18.651219617948847, 54.402696711672483 ], [ 18.67253401317981, 54.402686847513309 ], [ 18.681016521694076, 54.398127788728118 ], [ 18.693934170807715, 54.391153709045241 ], [ 18.702359571752162, 54.38662130289832 ], [ 18.715322344696066, 54.379614531706359 ], [ 18.72368661113066, 54.375111000312899 ], [ 18.736698539384069, 54.368069276113275 ], [ 18.757995097707468, 54.368030304205945 ], [ 18.779291646366413, 54.367983615558586 ], [ 18.800588175330624, 54.367929002856847 ], [ 18.808395148710943, 54.363714157697615 ], [ 18.821934469390367, 54.35635459491133 ], [ 18.843224971795127, 54.356283885092815 ], [ 18.850754126231234, 54.352212956124909 ], [ 18.864553275001164, 54.344695391680759 ], [ 18.885837711143409, 54.344608203567098 ], [ 18.907122071769393, 54.344512317054857 ], [ 18.928406344582712, 54.344407590779966 ], [ 18.943226113112299, 54.352291872088237 ], [ 18.949676461172036, 54.355800071914096 ], [ 18.956135376545475, 54.352297253680504 ], [ 18.970974576050097, 54.344171161804439 ], [ 18.99225850874117, 54.344039298120421 ], [ 19.013542301836395, 54.343898282043206 ], [ 19.034825942098617, 54.343748121770176 ], [ 19.056109416367779, 54.343588869380028 ], [ 19.077392711682489, 54.343420625186688 ], [ 19.098675815414019, 54.343243541665558 ], [ 19.119958715410721, 54.343057826776032 ], [ 19.141241400150026, 54.342863746499958 ], [ 19.162523858894502, 54.342661626417105 ], [ 19.183806081847784, 54.342451852151605 ], [ 19.202223118008483, 54.352135826110796 ], [ 19.205145218112243, 54.353713547591617 ], [ 19.226432853521874, 54.353485889518694 ], [ 19.247720224860529, 54.353251793024533 ], [ 19.269007327057071, 54.353011865513075 ], [ 19.290294156615165, 54.352766759609857 ], [ 19.310721164313538, 54.363466332014518 ], [ 19.311667428719243, 54.363975550168341 ], [ 19.332959589177065, 54.363716819380429 ], [ 19.354251468537967, 54.363454811461764 ], [ 19.365870707726476, 54.363311784762693 ], [ 19.37546289419263, 54.354398706188071 ], [ 19.378515260923194, 54.351711729805352 ], [ 19.392385689156495, 54.340106337573417 ], [ 19.396582433260846, 54.336763368746446 ], [ 19.407590889229354, 54.328494815357871 ], [ 19.417705510139498, 54.321255550187857 ], [ 19.424221282409206, 54.316876338089884 ], [ 19.438831314826515, 54.307492807844767 ], [ 19.44256673371585, 54.305249250415798 ], [ 19.459959888657252, 54.295239020936151 ], [ 19.462996857377671, 54.293611348004994 ], [ 19.481091217750819, 54.284294682459198 ], [ 19.485981898844404, 54.28195967291299 ], [ 19.502225253452792, 54.274490895725798 ], [ 19.512121319225216, 54.270290213976104 ], [ 19.523361927006039, 54.265684369365587 ], [ 19.542183622725901, 54.258597458647792 ], [ 19.544501160117537, 54.257753264936255 ], [ 19.565643994709134, 54.250675768383253 ], [ 19.578117351255017, 54.246869133513485 ], [ 19.586789611885205, 54.244302107419735 ], [ 19.607938653070235, 54.238602599104539 ], [ 19.622352004260865, 54.235087452372468 ], [ 19.629090817000723, 54.233489564909384 ], [ 19.650246821465544, 54.228951527384723 ], [ 19.671405852273875, 54.224884040094679 ], [ 19.681136013303473, 54.223208098396555 ], [ 19.692568651526198, 54.221288363574473 ], [ 19.713735158316673, 54.21811904452187 ], [ 19.734904953736141, 54.215315680345519 ], [ 19.756078072490396, 54.212849444518845 ], [ 19.773335068653509, 54.211090133425358 ], [ 19.777254637508573, 54.210699338244275 ], [ 19.798434960987368, 54.2088563947935 ], [ 19.819618479743717, 54.207268345490043 ], [ 19.84080512889431, 54.205912713052378 ], [ 19.861994827072348, 54.204768430300476 ], [ 19.883187479383839, 54.203815810728855 ], [ 19.90438298007663, 54.203036510013511 ], [ 19.92558121494146, 54.202413480747062 ], [ 19.946782063464632, 54.201930922308122 ], [ 19.967985400751758, 54.201574227432594 ], [ 19.989191099241172, 54.201329926763165 ], [ 20.010399030224928, 54.201185632403394 ], [ 20.031609065193905, 54.201129981290542 ], [ 20.052821077022443, 54.201152579021432 ], [ 20.074034941006481, 54.20124394461385 ], [ 20.095250535767793, 54.201395456560753 ], [ 20.116467744035667, 54.20159930042896 ], [ 20.137686453315808, 54.201848418167771 ], [ 20.158906556455239, 54.202136459222928 ], [ 20.18012795211046, 54.202457733494377 ], [ 20.201350545125269, 54.202807166130732 ], [ 20.222574246823342, 54.203180254118756 ], [ 20.243798975219839, 54.203573024598796 ], [ 20.265024655155475, 54.203981994817958 ], [ 20.286251218355567, 54.204404133619036 ], [ 20.307478603416079, 54.204836824355901 ], [ 20.328706755718027, 54.205277829121719 ], [ 20.349935627271236, 54.205725254177757 ], [ 20.358636198135596, 54.205911697118353 ], [ 20.37116542763351, 54.206185099554254 ], [ 20.392396061282298, 54.2066539278037 ], [ 20.413627325655437, 54.207125373459178 ], [ 20.434859195613193, 54.207598567254784 ], [ 20.456091650862774, 54.208072828476347 ], [ 20.477324675381816, 54.208547635245942 ], [ 20.498558256775091, 54.20902259548749 ], [ 20.519792385566483, 54.209497418565626 ], [ 20.541027054429126, 54.209971887609953 ], [ 20.562262257357453, 54.210445832559344 ], [ 20.583497988785869, 54.210919103982846 ], [ 20.604734242659887, 54.211391547756584 ], [ 20.625971011466799, 54.211862980697312 ], [ 20.647208285234086, 54.212333167275354 ], [ 20.668446050505246, 54.212801797548728 ], [ 20.689684289303926, 54.213268466479114 ], [ 20.69017080407842, 54.21327918964451 ], [ 20.710923569097446, 54.213746950290258 ], [ 20.732163293751718, 54.214222547994972 ], [ 20.753403410583172, 54.214694098546815 ], [ 20.774643872027358, 54.215160615974618 ], [ 20.795884620982317, 54.215620941297537 ], [ 20.817125589999414, 54.216073734237199 ], [ 20.838366700572649, 54.21651746772293 ], [ 20.859607862544173, 54.216950425360139 ], [ 20.880848973643424, 54.217370702008914 ], [ 20.902089919176543, 54.217776207590568 ], [ 20.923330571881575, 54.218164674205596 ], [ 20.944570791963486, 54.218533666605381 ], [ 20.965810427320989, 54.218880596016376 ], [ 20.98704931397495, 54.219202737265626 ], [ 21.008287276705303, 54.219497249105707 ], [ 21.024105449518057, 54.219694454517565 ], [ 21.029524274403702, 54.219764143206973 ], [ 21.050760367091105, 54.220005470805908 ], [ 21.071994928391241, 54.220209494305728 ], [ 21.093227745606484, 54.220373128634066 ], [ 21.114458601145721, 54.220493316920908 ], [ 21.13568727439139, 54.220567065183396 ], [ 21.1569135437306, 54.220591478097553 ], [ 21.178137188731821, 54.220563795434487 ], [ 21.199357992446892, 54.220481428737045 ], [ 21.220575743816877, 54.220341997823169 ], [ 21.241790240159656, 54.22014336672482 ], [ 21.263001289717632, 54.219883678706537 ], [ 21.284208714244862, 54.219561390053691 ], [ 21.305412351614798, 54.219175302377209 ], [ 21.326612058432541, 54.218724593246947 ], [ 21.347807712638723, 54.218208845036713 ], [ 21.368999216095965, 54.217628071940489 ], [ 21.390186497153284, 54.216982745196141 ], [ 21.411369513188394, 54.216273816629851 ], [ 21.432548253132552, 54.21550274070654 ], [ 21.453722739987551, 54.214671495340035 ], [ 21.474893033348931, 54.213782601774433 ], [ 21.496059231953815, 54.212839143898869 ], [ 21.517221476275804, 54.211844787396217 ], [ 21.538379951192503, 54.210803799152671 ], [ 21.559534888754101, 54.209721067370751 ], [ 21.566367735702137, 54.209360745144323 ], [ 21.580687098292788, 54.208610575768667 ], [ 21.601836689053851, 54.207474720781349 ], [ 21.622983800051379, 54.206316291226571 ], [ 21.644128875333649, 54.205142760670839 ], [ 21.665272420928421, 54.203962328633743 ], [ 21.686415008707215, 54.202783951775864 ], [ 21.707557280563655, 54.201617378401934 ], [ 21.728699952932292, 54.200473186484295 ], [ 21.749843821670527, 54.19936282534028 ], [ 21.770989767322323, 54.198298661021184 ], [ 21.792138760776833, 54.197294025388061 ], [ 21.813291869329809, 54.19636326876023 ], [ 21.834450263148824, 54.195521815928871 ], [ 21.855615222136166, 54.194786225226764 ], [ 21.876788143175116, 54.19417425023866 ], [ 21.897970547736243, 54.193704903623555 ], [ 21.919164089810721, 54.193398522401161 ], [ 21.940370564126599, 54.193276833929197 ], [ 21.961591914592617, 54.19336302166851 ], [ 21.982830242901581, 54.193681789698175 ], [ 22.004087817212277, 54.19425942480752 ], [ 22.025367080815165, 54.195123854855886 ], [ 22.046670660673275, 54.196304701960024 ], [ 22.065866857616758, 54.19767710254348 ], [ 22.068001701332324, 54.197837720941635 ], [ 22.089366369722839, 54.19979812662249 ], [ 22.110765059089488, 54.202182216685799 ], [ 22.132201239826141, 54.205026995539804 ], [ 22.146098951164049, 54.207173526149568 ], [ 22.153680782434645, 54.208399880841583 ], [ 22.175210107126908, 54.212373534078957 ], [ 22.196789366836487, 54.216937476630122 ], [ 22.19857462028375, 54.217357542819407 ], [ 22.218431060674625, 54.222240028039508 ], [ 22.238760287069791, 54.227850213339508 ], [ 22.240133617290812, 54.228245837065238 ], [ 22.261910614437259, 54.235112312562471 ], [ 22.271776534992917, 54.238524727310583 ], [ 22.283763828790356, 54.242843927095926 ], [ 22.300292873467722, 54.249313795585486 ], [ 22.305700683556164, 54.251515396327477 ], [ 22.325494180780623, 54.260187867034801 ], [ 22.327729028777277, 54.261204471443946 ], [ 22.348162088171222, 54.271127270062536 ], [ 22.349856156979111, 54.271979652279896 ], [ 22.368863002658458, 54.282117574325667 ], [ 22.372088447480387, 54.283896099693351 ], [ 22.388015059895938, 54.293148018637453 ], [ 22.394431009467784, 54.296991712343704 ], [ 22.405931905858747, 54.304210462440217 ], [ 22.416887351031942, 54.31128369643838 ], [ 22.422852109477702, 54.315298669593631 ], [ 22.438945565727753, 54.326408203256364 ], [ 22.439459482783306, 54.326770504423351 ], [ 22.454200480537835, 54.337539725086415 ], [ 22.462151449141768, 54.343474454824829 ], [ 22.468913531788072, 54.348685009008982 ], [ 22.483862091855457, 54.348370694670372 ], [ 22.505122514075008, 54.347920445935301 ], [ 22.526382216348736, 54.347465419129428 ], [ 22.547641168219659, 54.347005335977315 ], [ 22.568899340473781, 54.346539939156109 ], [ 22.590156705227709, 54.346068992678816 ], [ 22.61141323599416, 54.3455922820118 ], [ 22.6326689077267, 54.345109613953092 ], [ 22.652390744924052, 54.354833788001393 ], [ 22.654941925795328, 54.356081632621432 ], [ 22.676201944814942, 54.355588951259769 ], [ 22.697461029449379, 54.355089733552624 ], [ 22.718719160827291, 54.354583872396191 ], [ 22.739976321496542, 54.354071278717569 ], [ 22.761232495377829, 54.353551880457722 ], [ 22.779415962609374, 54.362486909520513 ], [ 22.783543198478988, 54.364497789695257 ], [ 22.804803443837134, 54.36396636187834 ], [ 22.822593362457543, 54.372694652506958 ], [ 22.823781539837213, 54.384226214178533 ], [ 22.824973000540798, 54.395757657948323 ], [ 22.829269515554, 54.39784645747131 ], [ 22.847181736300513, 54.406620477038665 ], [ 22.851622214873739, 54.408777268129541 ], [ 22.87290363215423, 54.408230663425819 ], [ 22.877147909639429, 54.405660817270636 ], [ 22.893095514383148, 54.396202259798315 ], [ 22.914368680811577, 54.395639762722752 ], [ 22.935640752639127, 54.395070110018139 ], [ 22.956911724192626, 54.394493348241788 ], [ 22.962123679291029, 54.391328967457 ], [ 22.977069536511646, 54.382428639110906 ], [ 22.99833224481932, 54.381836712799434 ], [ 23.004026135468113, 54.378374608178206 ], [ 23.002993488108295, 54.366838856224007 ], [ 23.001959158716552, 54.355303149227673 ], [ 23.016225364681553, 54.346780618529003 ], [ 23.037467757479227, 54.346171990479306 ], [ 23.058709046709389, 54.345556743547661 ], [ 23.065171900297297, 54.341616971537157 ], [ 23.057977043476154, 54.338137615677489 ], [ 23.042707585965804, 54.330802539896688 ], [ 23.041651661749082, 54.319267697360722 ], [ 23.055310427854828, 54.311081875566103 ], [ 23.061979503526846, 54.307013542847777 ], [ 23.07539505249833, 54.298962393948635 ], [ 23.096610111863573, 54.298330768035882 ], [ 23.111026931550228, 54.305349285750339 ], [ 23.118973592939231, 54.309189515053198 ], [ 23.140192445202345, 54.308546164229455 ], [ 23.147462871931101, 54.304099959076751 ], [ 23.160248699791413, 54.296398570667435 ], [ 23.167712941673631, 54.291829944153179 ], [ 23.180292584467956, 54.284242342145156 ], [ 23.201496161926929, 54.283579403362879 ], [ 23.209271886542719, 54.278813113919753 ], [ 23.221520629492193, 54.271408260041184 ], [ 23.229465532791234, 54.266534121777575 ], [ 23.241532782507747, 54.2592290358699 ], [ 23.262721126323999, 54.258547510846917 ], [ 23.283908365813655, 54.257860304563479 ], [ 23.305094499157597, 54.257167474401683 ], [ 23.326279524615053, 54.256469077360556 ], [ 23.334816778895828, 54.251214058825624 ], [ 23.346251190616762, 54.244257929157243 ], [ 23.354921845469974, 54.238916264077695 ], [ 23.366210622173771, 54.232039567037688 ], [ 23.375007418178118, 54.226615591452926 ], [ 23.386157840576551, 54.219814158584214 ], [ 23.395073812632734, 54.214312038258853 ], [ 23.393877989421348, 54.202783680058069 ], [ 23.404865846803474, 54.196069553525646 ], [ 23.413917606904644, 54.190477631514241 ], [ 23.412712974188175, 54.178949684980694 ], [ 23.423552153818669, 54.172314785744 ], [ 23.444689126899753, 54.171582527084773 ], [ 23.465824997482578, 54.170845214348667 ], [ 23.475153543289888, 54.165068972316412 ], [ 23.485711458461083, 54.158586890624335 ], [ 23.495128406564138, 54.15275098229516 ], [ 23.493894083653799, 54.14122454957144 ], [ 23.492659021754832, 54.129698135467265 ], [ 23.491423241604892, 54.118171739166847 ], [ 23.501830309019397, 54.111765827325392 ], [ 23.511358497156053, 54.105851996465191 ], [ 23.510114736466782, 54.094325994452632 ], [ 23.508870345293396, 54.082800007070432 ], [ 23.519167480546276, 54.076448441448392 ], [ 23.528774268811169, 54.070478117666994 ], [ 23.52752216605257, 54.058952517215374 ], [ 23.526269530629559, 54.047426927815359 ], [ 23.525016393197191, 54.035901348273114 ], [ 23.523762786734984, 54.024375777307817 ], [ 23.512944127825424, 54.019169976230359 ], [ 23.501392327894862, 54.013644328924521 ], [ 23.500144353673139, 54.002118411717447 ], [ 23.489408737768471, 53.996946085579374 ], [ 23.477789701461457, 53.991382265446489 ], [ 23.476547516569067, 53.979855997044858 ], [ 23.486879161034295, 53.973464922057737 ], [ 23.496398424728635, 53.967540679274997 ], [ 23.506665763550796, 53.961181839296366 ], [ 23.516233486421285, 53.955222447141622 ], [ 23.514977755564605, 53.943696891548299 ], [ 23.51372192587451, 53.932171330308506 ], [ 23.512466059484534, 53.920645761052036 ], [ 23.51121022247797, 53.909120181261365 ], [ 23.509954484940881, 53.897594588269811 ], [ 23.520194997015142, 53.891233441694531 ], [ 23.529742241705332, 53.885275180208247 ], [ 23.528480570303095, 53.873749910743747 ], [ 23.527219233631449, 53.862224619201342 ], [ 23.537430825438026, 53.855870194438872 ], [ 23.546980228922553, 53.84990295396139 ], [ 23.545713497441199, 53.838377967464297 ], [ 23.544447365682299, 53.826852948816686 ], [ 23.543181928000504, 53.815327894418196 ], [ 23.541917281399641, 53.803802800570168 ], [ 23.540653525039442, 53.792277663494382 ], [ 23.539390759661522, 53.780752479354895 ], [ 23.538129086935555, 53.769227244282924 ], [ 23.548382260376968, 53.762827591795002 ], [ 23.557837857220534, 53.756904858061276 ], [ 23.568052982177679, 53.750522672943092 ], [ 23.57753331303768, 53.744579512512011 ], [ 23.576262950543239, 53.733054821118259 ], [ 23.586453850445753, 53.726680202120185 ], [ 23.59594053231671, 53.720726808717664 ], [ 23.594666998018763, 53.709202341564371 ], [ 23.593395135619001, 53.697677800935352 ], [ 23.592125030578227, 53.686153183546466 ], [ 23.590856762254784, 53.674628486349974 ], [ 23.601053660013896, 53.668239267693991 ], [ 23.610503833455482, 53.662298638145309 ], [ 23.609233227775153, 53.650774133515135 ], [ 23.60796465080508, 53.639249541470626 ], [ 23.606698148659333, 53.627724860238764 ], [ 23.616879231236123, 53.621336780597034 ], [ 23.62632062086097, 53.615392848478535 ], [ 23.625052174806186, 53.603868344945127 ], [ 23.62378587934073, 53.59234374905882 ], [ 23.63393664504958, 53.585967277748878 ], [ 23.643388407574815, 53.580009291702964 ], [ 23.642120248330123, 53.568484870871934 ], [ 23.640854213443223, 53.556960358466377 ], [ 23.650967610152165, 53.55060002520316 ], [ 23.660436893988308, 53.544623460537942 ], [ 23.659168868357334, 53.533099128600419 ], [ 23.657902838465183, 53.521574709870862 ], [ 23.6679721733571, 53.51523464663628 ], [ 23.677465450970164, 53.50923538883044 ], [ 23.676197106703111, 53.497711163774312 ], [ 23.674930538813019, 53.486186860301395 ], [ 23.684950327225948, 53.479870281070781 ], [ 23.694472577787128, 53.473845145161029 ], [ 23.693203208129926, 53.462321055201308 ], [ 23.691935326241936, 53.450796897986834 ], [ 23.701902019095495, 53.444505670031177 ], [ 23.711456062746691, 53.438452827182104 ], [ 23.710184776938807, 53.42692890813111 ], [ 23.720105444760446, 53.420659624840169 ], [ 23.729688331542203, 53.414582215729801 ], [ 23.728413209972075, 53.40305855317748 ], [ 23.727139016320788, 53.391534845260949 ], [ 23.737006898665594, 53.385289944239595 ], [ 23.74661979092614, 53.379185875856557 ], [ 23.745341090619331, 53.367662452431219 ], [ 23.755166739433438, 53.3614365832507 ], [ 23.76480368110057, 53.355310919623712 ], [ 23.763520042928899, 53.343787799489306 ], [ 23.762236778512978, 53.332264655980595 ], [ 23.772017709038003, 53.326057235953883 ], [ 23.781675079792951, 53.319910928835306 ], [ 23.780386269494425, 53.308388114727045 ], [ 23.779097541587099, 53.296865288919676 ], [ 23.788841826607786, 53.290670732485935 ], [ 23.798510746327697, 53.284509412871742 ], [ 23.797215943043081, 53.272986939735432 ], [ 23.806934113176101, 53.266800419334977 ], [ 23.816609578114612, 53.260628587423447 ], [ 23.815308400395555, 53.249106481108697 ], [ 23.825006447806341, 53.242924036965512 ], [ 23.834682214860241, 53.236745672516747 ], [ 23.844362562706099, 53.230568017044199 ], [ 23.854042377320333, 53.224382046668907 ], [ 23.852728190607355, 53.21286069921721 ], [ 23.862398921072138, 53.206680244766744 ], [ 23.872068242733427, 53.200494646809204 ], [ 23.870747123566698, 53.188973695446769 ], [ 23.880415351457515, 53.18278579114596 ], [ 23.901045206132952, 53.18194499082103 ], [ 23.910707049353441, 53.175754151882344 ], [ 23.909372900019292, 53.164233981196496 ], [ 23.908038137670037, 53.152713827829899 ], [ 23.906702741810097, 53.141193692584544 ], [ 23.905366697635053, 53.12967357602686 ], [ 23.89447752275473, 53.12437141454388 ], [ 23.883419654592014, 53.119002674403795 ], [ 23.882088271208584, 53.107482217446879 ], [ 23.880756238135568, 53.095961778870667 ], [ 23.879423564279961, 53.084441358264087 ], [ 23.878090264332137, 53.072920954978578 ], [ 23.887910641532393, 53.066605829831154 ], [ 23.897336704901878, 53.060553271251223 ], [ 23.895996185970745, 53.049033281620567 ], [ 23.905856101909936, 53.042683392891711 ], [ 23.915222179728733, 53.03666323414302 ], [ 23.91387452493521, 53.025143657115756 ], [ 23.923781793081179, 53.018753962087153 ], [ 23.933080162512521, 53.012771252476711 ], [ 23.931725489949699, 53.001252085507105 ], [ 23.930370403225197, 52.989732927403125 ], [ 23.929014961370811, 52.978213775669801 ], [ 23.939047328643451, 52.97172917341878 ], [ 23.948187505036561, 52.965839811737609 ], [ 23.946825415896701, 52.954321057120126 ], [ 23.936482182398414, 52.949268518246065 ], [ 23.924947190166709, 52.94365632982818 ], [ 23.923591044979805, 52.932137173389904 ], [ 23.922234935451161, 52.920618006901243 ], [ 23.92087895914101, 52.909098826278843 ], [ 23.919523220063709, 52.897579627174061 ], [ 23.918167828620927, 52.886060404975915 ], [ 23.916812901496378, 52.874541154815809 ], [ 23.915458561507712, 52.863021871573693 ], [ 23.914104937411455, 52.851502549886519 ], [ 23.924585332217951, 52.844703644774739 ], [ 23.933211371174608, 52.839132758708381 ], [ 23.931853117563389, 52.827613750251054 ], [ 23.930495964104619, 52.816094687275076 ], [ 23.929140060235188, 52.804575563547893 ], [ 23.939797638893982, 52.79764972822575 ], [ 23.948217779988013, 52.792204069780475 ], [ 23.946858242113471, 52.780685219008504 ], [ 23.945500391680159, 52.769166289054368 ], [ 23.944144393334426, 52.757647273040114 ], [ 23.942790414024852, 52.746128163996126 ], [ 23.941438622254218, 52.734608954892394 ], [ 23.940089187269709, 52.72308963867242 ], [ 23.938742278194287, 52.711570208289494 ], [ 23.929534425590553, 52.707043983153675 ], [ 23.917019522138116, 52.700899618830817 ], [ 23.907836468845549, 52.696381594421148 ], [ 23.895312415575997, 52.690224561611885 ], [ 23.886148701139177, 52.68571206970752 ], [ 23.87362113188394, 52.679545036549214 ], [ 23.864471111119038, 52.675035310777027 ], [ 23.851945799332956, 52.668861045533319 ], [ 23.84280369045041, 52.664351244781272 ], [ 23.830286496104787, 52.658172592591583 ], [ 23.821146434061106, 52.653659827108207 ], [ 23.808643246049865, 52.647479684015664 ], [ 23.799499340331799, 52.642961043815745 ], [ 23.787016015403005, 52.636782328445491 ], [ 23.785742439058623, 52.625258878241496 ], [ 23.776605452561132, 52.620738230393627 ], [ 23.764141428383056, 52.61455653344143 ], [ 23.754984600533561, 52.610022085030536 ], [ 23.734619072761884, 52.610820855997353 ], [ 23.714252594511109, 52.611616233365858 ], [ 23.693885171087132, 52.612408229020161 ], [ 23.673516807696053, 52.613196854112523 ], [ 23.653147509436572, 52.613982118976182 ], [ 23.640909282149821, 52.607884722334632 ], [ 23.631558355773031, 52.603237143868057 ], [ 23.611192458221939, 52.604014829354519 ], [ 23.59903651311587, 52.597947102628957 ], [ 23.589617911706117, 52.593259168077068 ], [ 23.569255450121521, 52.594029441824397 ], [ 23.557186112318654, 52.587994050204621 ], [ 23.547695566257765, 52.583263529348663 ], [ 23.535678787693506, 52.577247427579984 ], [ 23.526146014262089, 52.572491697697345 ], [ 23.514184569560143, 52.566496541381788 ], [ 23.504606816651947, 52.561714190477744 ], [ 23.484256610570199, 52.562469554183437 ], [ 23.472389738763379, 52.556512029026905 ], [ 23.471233671327369, 52.544982068374537 ], [ 23.461559575899244, 52.54014316166365 ], [ 23.449776092772193, 52.534218526116547 ], [ 23.440051577565924, 52.529350151219376 ], [ 23.428329839610516, 52.52345080878947 ], [ 23.418554022328419, 52.518552478544407 ], [ 23.406894489453389, 52.512678936872497 ], [ 23.397066929782461, 52.507750384591652 ], [ 23.385469642515908, 52.501902929704983 ], [ 23.384344408690097, 52.490371304732619 ], [ 23.374442486097347, 52.485399564605778 ], [ 23.362936090171765, 52.4795908206154 ], [ 23.361818590322251, 52.468058775264005 ], [ 23.351841371725868, 52.463043289762346 ], [ 23.340425769583785, 52.457273859543292 ], [ 23.339315299642767, 52.445741421553628 ], [ 23.329263642845646, 52.440682532772087 ], [ 23.317937068867938, 52.434952114214219 ], [ 23.316832987174468, 52.423419308652349 ], [ 23.315729620015897, 52.411886465408877 ], [ 23.305582703515817, 52.406771991128444 ], [ 23.294370317330433, 52.401092492703299 ], [ 23.284178503456928, 52.39595093011468 ], [ 23.273019105957179, 52.390294498666968 ], [ 23.27192617934346, 52.378761020743582 ], [ 23.261671139651533, 52.373581457128353 ], [ 23.250587682808899, 52.367958720137182 ], [ 23.249499682906649, 52.35642493106829 ], [ 23.239187255069016, 52.351210242984969 ], [ 23.22817354721748, 52.345618341505102 ], [ 23.227090141947635, 52.334084254014677 ], [ 23.216726840820847, 52.328837671266605 ], [ 23.205776125653998, 52.323273388787804 ], [ 23.2046970503756, 52.311739013014559 ], [ 23.194289877598912, 52.306464023761151 ], [ 23.183395005559461, 52.300923881886106 ], [ 23.182320053577296, 52.289389225770648 ], [ 23.192083328370305, 52.283139925050008 ], [ 23.201459008625662, 52.277135840853852 ], [ 23.200379242560537, 52.265601440335786 ], [ 23.199299199778384, 52.254067037273245 ], [ 23.198218843290014, 52.242532632956518 ], [ 23.197138138177817, 52.230998228601372 ], [ 23.206844708353874, 52.224774860338968 ], [ 23.227045341382382, 52.224047465881476 ], [ 23.24724510930097, 52.223316565070668 ], [ 23.25662818172642, 52.217290967970094 ], [ 23.266337383175742, 52.211055014981028 ], [ 23.277188169838634, 52.216546308007906 ], [ 23.28764202367816, 52.221844144931971 ], [ 23.297003997398704, 52.215825187525063 ], [ 23.306722237989565, 52.20957709233879 ], [ 23.326913335434831, 52.208832757624172 ], [ 23.347103537526575, 52.208084809277935 ], [ 23.367292837707854, 52.207333224081047 ], [ 23.376621809527844, 52.201320418549543 ], [ 23.386344440227081, 52.195055155085427 ], [ 23.395674055093892, 52.189037213688415 ], [ 23.405385556059571, 52.182774370370026 ], [ 23.414716056537944, 52.17675113521954 ], [ 23.424416190674446, 52.170490846130541 ], [ 23.43529935865029, 52.175977615039471 ], [ 23.445737234248551, 52.181249040486321 ], [ 23.455047309210528, 52.175232086598314 ], [ 23.464755777980788, 52.168959947193848 ], [ 23.475661351931073, 52.174450308395656 ], [ 23.486085197402488, 52.179708861845725 ], [ 23.506257769627812, 52.178933152856558 ], [ 23.515533801886566, 52.172927864257026 ], [ 23.505118231625353, 52.167676979950706 ], [ 23.494226169966737, 52.162169039440606 ], [ 23.493078511512557, 52.150638741000961 ], [ 23.502761451786924, 52.144373466534198 ], [ 23.512078585835305, 52.138337789599937 ], [ 23.521748592328439, 52.132076029416943 ], [ 23.541898849131211, 52.131296687907039 ], [ 23.551209904032874, 52.125256768062101 ], [ 23.560869488127615, 52.118993652496997 ], [ 23.581012750293318, 52.118207816727889 ], [ 23.601155055740705, 52.117418235803356 ], [ 23.610451668044483, 52.111376046642576 ], [ 23.609276171019907, 52.099847495719459 ], [ 23.618910591310531, 52.093587648786816 ], [ 23.628223415115315, 52.087528944368813 ], [ 23.637843849561662, 52.081273222273396 ], [ 23.647160073593945, 52.075207578948557 ], [ 23.645973181274613, 52.06367968818536 ], [ 23.655566011618212, 52.057435098499184 ], [ 23.664893960233318, 52.051355835164252 ], [ 23.663700552732667, 52.039828304600597 ], [ 23.662505857326025, 52.028300814844435 ], [ 23.661309861171279, 52.016773366353711 ], [ 23.670862942386847, 52.010543805786192 ], [ 23.680203691445996, 52.004447701764434 ], [ 23.679000891010837, 51.992920627645084 ], [ 23.677796729064241, 51.981393597396057 ], [ 23.676591201038136, 51.969866611145839 ], [ 23.666071127547273, 51.96456095664837 ], [ 23.655310065641334, 51.959136753098832 ], [ 23.644805344055651, 51.953834293201282 ], [ 23.634034997705808, 51.948402941187311 ], [ 23.643596712625733, 51.942158595156037 ], [ 23.652900798458816, 51.936082404490058 ], [ 23.642420560047327, 51.930788996061963 ], [ 23.631631787246242, 51.925348078792766 ], [ 23.621177253140544, 51.920063126609406 ], [ 23.610369155926044, 51.914609789826237 ], [ 23.619970976205011, 51.908336039245789 ], [ 23.629223293711984, 51.902293381385505 ], [ 23.628017057541598, 51.8907660947457 ], [ 23.62680949080994, 51.879238849580375 ], [ 23.616442999638192, 51.873991865693888 ], [ 23.605559510661571, 51.868499508958209 ], [ 23.615230419399722, 51.862171709957188 ], [ 23.624390352578999, 51.856184483976143 ], [ 23.614081374122627, 51.850963359464593 ], [ 23.603146809954552, 51.8454446107839 ], [ 23.601938475331284, 51.833917222655749 ], [ 23.611682002600674, 51.827535054591586 ], [ 23.620751581752828, 51.821603248615148 ], [ 23.630508135182897, 51.815206832411441 ], [ 23.639553123239985, 51.809286542831934 ], [ 23.638331512603411, 51.79775990401528 ], [ 23.637108524014046, 51.786233308452857 ], [ 23.627009452997292, 51.781111720649029 ], [ 23.615880942530147, 51.775495523173888 ], [ 23.60584447216803, 51.770401341596433 ], [ 23.594660406952659, 51.764753754964801 ], [ 23.584689628387757, 51.759688602985342 ], [ 23.564706927179028, 51.76047651112755 ], [ 23.553450456023445, 51.754785956580918 ], [ 23.543566362742606, 51.749757842012933 ], [ 23.532248184957552, 51.744032509234671 ], [ 23.531042023276282, 51.732504541710476 ], [ 23.541165523511189, 51.725862553459294 ], [ 23.549817625746844, 51.720203003017488 ], [ 23.548603992794323, 51.708675432343497 ], [ 23.54738900288471, 51.697147902309382 ], [ 23.546172647730994, 51.6856204131822 ], [ 23.544954918249182, 51.674092965259518 ], [ 23.543735804451806, 51.662565558873617 ], [ 23.542515295345876, 51.651038194395326 ], [ 23.541293378839068, 51.639510872237729 ], [ 23.540070041658272, 51.627983592859195 ], [ 23.538845269285019, 51.616456356765859 ], [ 23.537619045912713, 51.604929164513266 ], [ 23.548351258985949, 51.597855624151727 ], [ 23.55631979159298, 51.592628581885862 ], [ 23.555085603891804, 51.581101810143821 ], [ 23.553849887929871, 51.569575085417917 ], [ 23.564776718888922, 51.562361310989751 ], [ 23.572525309514671, 51.557272590336773 ], [ 23.571281412045217, 51.5457462974056 ], [ 23.570035894359911, 51.534220055255886 ], [ 23.581176891699847, 51.526852587109374 ], [ 23.601058612846199, 51.526083290700761 ], [ 23.608581688450268, 51.521134120537162 ], [ 23.607322646598423, 51.509608663544633 ], [ 23.618590901590593, 51.502143091233314 ], [ 23.625947134675886, 51.497299013742428 ], [ 23.637282495406449, 51.489781917866168 ], [ 23.657146542817962, 51.489003681377056 ], [ 23.664437709166872, 51.484196095216447 ], [ 23.675821970601106, 51.476635159982628 ], [ 23.683030889722087, 51.471878185666085 ], [ 23.674910118372903, 51.467734234413832 ], [ 23.661876234824902, 51.46114766867867 ], [ 23.653888785557676, 51.457068308640871 ], [ 23.6407292300885, 51.45041315129351 ], [ 23.652419385832371, 51.442644617152077 ], [ 23.672262522716203, 51.441864038352669 ], [ 23.679164470985363, 51.437306891521978 ], [ 23.677871631177428, 51.425783263437459 ], [ 23.689724912656146, 51.417891318492657 ], [ 23.696423135241147, 51.413464441443438 ], [ 23.695120894467713, 51.401941312409548 ], [ 23.687701415180516, 51.398150245143007 ], [ 23.673980680874962, 51.391212801230964 ], [ 23.672679511334238, 51.37968945595545 ], [ 23.671376247442829, 51.368166181667071 ], [ 23.664377210984206, 51.364584729001386 ], [ 23.650250752487747, 51.357433066366944 ], [ 23.648948897051515, 51.345909561236788 ], [ 23.647645100108345, 51.334386120344327 ], [ 23.641089809423413, 51.331026851129749 ], [ 23.626535774949886, 51.323648347026939 ], [ 23.639470776249777, 51.315017321189629 ], [ 23.645031975515394, 51.311339419298655 ], [ 23.643722850970875, 51.299816150930319 ], [ 23.642412197218153, 51.288292930129394 ], [ 23.655725491697211, 51.279395121752287 ], [ 23.670706824224045, 51.287165278916454 ], [ 23.676679803774583, 51.290226834722134 ], [ 23.681983480947341, 51.286713939280666 ], [ 23.695268948923854, 51.277824168409452 ], [ 23.700438684522759, 51.274397403112104 ], [ 23.713847851314299, 51.26541651834826 ], [ 23.718880133780246, 51.262078346462758 ], [ 23.717541174222898, 51.250556833439489 ], [ 23.731221281442835, 51.241383099339245 ], [ 23.73596145599543, 51.238235705235951 ], [ 23.734614063077863, 51.226714663336658 ], [ 23.733265924423478, 51.21519363853691 ], [ 23.747378312386694, 51.205715965082781 ], [ 23.751658298179311, 51.202870867825013 ], [ 23.765913544029374, 51.193288792483486 ], [ 23.770037140380158, 51.190545592540602 ], [ 23.784438583018694, 51.180856775519644 ], [ 23.804164485542497, 51.180048199477284 ], [ 23.808129759770821, 51.177406874142747 ], [ 23.806754458979981, 51.165887542728996 ], [ 23.821458119984392, 51.155978369512468 ], [ 23.838092916849732, 51.164592647556418 ], [ 23.842392554212196, 51.166792703187838 ], [ 23.846195058971976, 51.164256491937593 ], [ 23.860885400021154, 51.15434374711878 ], [ 23.864519675338094, 51.151917923828762 ], [ 23.863124679394662, 51.140399869514177 ], [ 23.859206424620108, 51.138394881181227 ], [ 23.84203193782384, 51.129700929730753 ], [ 23.840647378824038, 51.118182252394014 ], [ 23.855992087541928, 51.107820430450047 ], [ 23.858948931941995, 51.10584524397607 ], [ 23.857562414010737, 51.094326784759801 ], [ 23.873232833875157, 51.083735670233544 ], [ 23.875847229902384, 51.081987594399038 ], [ 23.891684585891479, 51.071275625871756 ], [ 23.911359612154058, 51.070439585709757 ], [ 23.913779994683392, 51.068819128230587 ], [ 23.912381546964482, 51.057301620821441 ], [ 23.910988881933868, 51.045783857142801 ], [ 23.909603010210333, 51.034265794745878 ], [ 23.908224991544699, 51.022747389145906 ], [ 23.906855926043153, 51.011228594193021 ], [ 23.923621074044569, 50.999874372908465 ], [ 23.943263385733079, 50.999019210604558 ], [ 23.944703924775723, 50.998052576194148 ], [ 23.943334447552957, 50.986534093298637 ], [ 23.960423775008771, 50.974946151081312 ], [ 23.961560155267641, 50.974182899137965 ], [ 23.960203560270884, 50.962664003221924 ], [ 23.958860463785914, 50.95114452100303 ], [ 23.976328216839132, 50.939297560325997 ], [ 23.977081880759322, 50.938790788787152 ], [ 23.994697925741889, 50.926836789839058 ], [ 23.995295967284623, 50.926434361652305 ], [ 24.0130579876928, 50.914374916159787 ], [ 24.013503015633482, 50.914075230015648 ], [ 24.031408429479921, 50.901912105476271 ], [ 24.031703307235041, 50.901713384576901 ], [ 24.049749277311378, 50.889448516608475 ], [ 24.069338342569804, 50.888546544517617 ], [ 24.069405688806064, 50.888501100636041 ], [ 24.069028991710805, 50.876940407194681 ], [ 24.0679692131203, 50.875960400547484 ], [ 24.058223420665481, 50.865833300127854 ], [ 24.052174346216688, 50.854518924276199 ], [ 24.049942630340443, 50.843038720872251 ], [ 24.044747422619221, 50.84324512167202 ], [ 24.025163266996092, 50.84401898823711 ], [ 24.005578043280131, 50.844787840750307 ], [ 23.985241815086987, 50.834250812631929 ], [ 23.984758034257087, 50.834002327918327 ], [ 23.964653974764484, 50.823553986175455 ], [ 23.963519084110938, 50.812025648512972 ], [ 23.962403474204542, 50.800496479874028 ], [ 23.961306469234376, 50.788966509396083 ], [ 23.960227225900287, 50.77743577333252 ], [ 23.977486755277681, 50.765777489422284 ], [ 23.997020144283056, 50.764830578794552 ], [ 24.016552598240381, 50.763881233685822 ], [ 24.01724413914955, 50.763414119840064 ], [ 24.016164791884954, 50.751883705868615 ], [ 24.015101778239742, 50.740352579877261 ], [ 24.014053889013177, 50.72882079424415 ], [ 24.031173729177773, 50.717241861240446 ], [ 24.050683939481388, 50.716274732497844 ], [ 24.07019314346056, 50.715304666600041 ], [ 24.070974295437267, 50.714775751510892 ], [ 24.069925021086981, 50.703244328645553 ], [ 24.068888959519207, 50.691712322703594 ], [ 24.067569692738765, 50.691034000275359 ], [ 24.048573573364507, 50.681019092298271 ], [ 24.065268706072015, 50.669718839610006 ], [ 24.084757116998951, 50.668737453567331 ], [ 24.086132752075073, 50.667804791271308 ], [ 24.085120683559254, 50.656271818758277 ], [ 24.083306609781754, 50.65533871922473 ], [ 24.06484804256533, 50.645579726770478 ], [ 24.081063635630123, 50.634599543320149 ], [ 24.083119563050953, 50.633204847254383 ], [ 24.082127646797659, 50.621670973709485 ], [ 24.081139661152644, 50.610136921830723 ], [ 24.096838999131286, 50.59949977982005 ], [ 24.099401294514045, 50.597759628171147 ], [ 24.096488168432867, 50.596259720545085 ], [ 24.079170380530094, 50.587068506220426 ], [ 24.078186735819493, 50.575534245220311 ], [ 24.077202336136569, 50.56400001074644 ], [ 24.076216234527735, 50.552465844147918 ], [ 24.075227579688569, 50.540931782575193 ], [ 24.074235615454867, 50.529397859004384 ], [ 24.073239678749406, 50.517864102329213 ], [ 24.072239196261357, 50.506330537508077 ], [ 24.066957319533945, 50.503603025889134 ], [ 24.05199392092112, 50.495635902135263 ], [ 24.050982743982711, 50.484102688919165 ], [ 24.049965661958019, 50.472569725462819 ], [ 24.048942445400442, 50.461037021626737 ], [ 24.042535269397103, 50.457722720649492 ], [ 24.028666266294483, 50.450339975217396 ], [ 24.021872140270883, 50.446822644034128 ], [ 24.008377345051112, 50.43964004694633 ], [ 24.007333917296119, 50.428107982986852 ], [ 24.006284025981852, 50.416576189945467 ], [ 23.998765215092615, 50.412678172862769 ], [ 23.979356633589497, 50.413427449298233 ], [ 23.959947463810217, 50.414175940526228 ], [ 23.940537701498382, 50.414923600605661 ], [ 23.921127342394492, 50.415670382842315 ], [ 23.901716382252697, 50.41641623993582 ], [ 23.889602466367233, 50.409973763568267 ], [ 23.881109439381529, 50.405555731954856 ], [ 23.861702248465566, 50.40630193145266 ], [ 23.842294437201957, 50.407047012019326 ], [ 23.822886001545744, 50.407790924629012 ], [ 23.803476937550212, 50.408533620434198 ], [ 23.792062192513338, 50.402465377245932 ], [ 23.782897846947126, 50.397684410370275 ], [ 23.763492453996481, 50.398426550404338 ], [ 23.752378296070642, 50.392520691461797 ], [ 23.74292799135921, 50.38758399171985 ], [ 23.723526218091049, 50.388325119626877 ], [ 23.712678472746674, 50.382563250799954 ], [ 23.702976253967787, 50.37748822424674 ], [ 23.692287750668257, 50.37181332139393 ], [ 23.691213377715325, 50.360280662481941 ], [ 23.690134879346669, 50.34874815935958 ], [ 23.689052392066262, 50.337215806409482 ], [ 23.679017871804287, 50.331958023520919 ], [ 23.668650019657107, 50.326462470097475 ], [ 23.658505789140612, 50.321142893403248 ], [ 23.63913050398213, 50.321886389335738 ], [ 23.628924739683676, 50.31647820080984 ], [ 23.627836985659005, 50.304945660074708 ], [ 23.61751145115117, 50.299522232999443 ], [ 23.607427436306441, 50.294182137427264 ], [ 23.606335353917718, 50.282649622002616 ], [ 23.595914769256005, 50.277170223585394 ], [ 23.585923647561511, 50.271882554103954 ], [ 23.57544797667169, 50.266369735733981 ], [ 23.565511182701535, 50.261112019470247 ], [ 23.554990953201305, 50.255571277766421 ], [ 23.545098288265709, 50.250338003883087 ], [ 23.534543668015218, 50.244774659264408 ], [ 23.524685235948809, 50.239560495587753 ], [ 23.514106093873696, 50.233979723752071 ], [ 23.504272239610742, 50.228779485266905 ], [ 23.493678207084091, 50.223186349093609 ], [ 23.474340221234034, 50.223921722996948 ], [ 23.46454178959512, 50.218740308579775 ], [ 23.463446976511971, 50.207206933342192 ], [ 23.452851418319586, 50.201603968489721 ], [ 23.443034840580236, 50.196415385131878 ], [ 23.432452486425479, 50.190814894932174 ], [ 23.422623019565897, 50.185620321682457 ], [ 23.412063182035514, 50.180027248708889 ], [ 23.402211422205561, 50.174821745705039 ], [ 23.391683498898058, 50.169241089502407 ], [ 23.38179989094413, 50.164019662354711 ], [ 23.371313434292709, 50.158456516629847 ], [ 23.361388199363841, 50.153214079269638 ], [ 23.360287909344258, 50.141680188092259 ], [ 23.34990739942435, 50.13616721523028 ], [ 23.339874573377458, 50.130871015527646 ], [ 23.329562208022281, 50.125389835532829 ], [ 23.319460069885974, 50.120058377722565 ], [ 23.309226657053831, 50.114614796780657 ], [ 23.299043890011699, 50.109242292034587 ], [ 23.288900761380795, 50.103842408985912 ], [ 23.278625438881825, 50.098422778643886 ], [ 23.27751352087661, 50.086888721325018 ], [ 23.267562475733165, 50.081585311398065 ], [ 23.257088830658898, 50.076065775223562 ], [ 23.255968305074006, 50.064531870198188 ], [ 23.246246253995665, 50.059344849072161 ], [ 23.235534839948389, 50.053705577116503 ], [ 23.225960911376905, 50.048593495894849 ], [ 23.215095281709186, 50.042875984374959 ], [ 23.213958440573315, 50.03134235469431 ], [ 23.204682528889325, 50.026384006221186 ], [ 23.193504981053561, 50.020509585749494 ], [ 23.192353621752485, 50.008976310303566 ], [ 23.183426742930653, 50.004199340100719 ], [ 23.171882242731829, 49.9981404977569 ], [ 23.163182734953256, 49.993481480850008 ], [ 23.151398742841767, 49.987301581345626 ], [ 23.150219325908541, 49.975768977086986 ], [ 23.141965867468304, 49.971344037370095 ], [ 23.129710226043386, 49.964927265402672 ], [ 23.121748053626405, 49.960655088093596 ], [ 23.109184115169526, 49.954082603527979 ], [ 23.107966884884757, 49.942550992883305 ], [ 23.100571016446455, 49.938578363570414 ], [ 23.08740586966946, 49.931703829603123 ], [ 23.086157956078655, 49.920173110517403 ], [ 23.079418110348985, 49.916548931286414 ], [ 23.065555344242995, 49.909323654383194 ], [ 23.059243844464039, 49.905927104480163 ], [ 23.044925978527356, 49.898471542647592 ], [ 23.043620203106798, 49.886942465807145 ], [ 23.038132635848303, 49.883986117224204 ], [ 23.022937884810482, 49.87608840248182 ], [ 23.017986212691188, 49.873418637204658 ], [ 23.002222359842317, 49.865231866529449 ], [ 23.000844645793428, 49.853704871870498 ], [ 22.996917956912416, 49.851585448870672 ], [ 22.980064635769153, 49.842846714149829 ], [ 22.976800034825484, 49.841083250890492 ], [ 22.959245404040129, 49.831986240502935 ], [ 22.957781663677395, 49.820461752005087 ], [ 22.956290836062216, 49.808938165835436 ], [ 22.954860614835592, 49.808164535077118 ], [ 22.935361885853681, 49.798077299378861 ], [ 22.934778678247437, 49.797761581915104 ], [ 22.915136840856615, 49.792700735602757 ], [ 22.896305597349539, 49.797676834539921 ], [ 22.888737573980841, 49.799653596261315 ], [ 22.877463834912849, 49.802568616134344 ] ] ], [ [ [ 18.792753689116001, 54.618024974881877 ], [ 18.777897608378321, 54.625917914009008 ], [ 18.771127148042726, 54.629546538020023 ], [ 18.771082300634411, 54.641106938353495 ], [ 18.756329209336485, 54.648939589441817 ], [ 18.749445391328479, 54.652624583551606 ], [ 18.734811748162134, 54.660390884808528 ], [ 18.72780492330109, 54.664138346853747 ], [ 18.727743626887285, 54.675698640529184 ], [ 18.734687428442015, 54.679468402176212 ], [ 18.741680189956757, 54.67572915072919 ], [ 18.756215794057031, 54.667888793529038 ], [ 18.763084693786531, 54.664212467814053 ], [ 18.777731940587024, 54.656300593390988 ], [ 18.784468309298681, 54.652691956148331 ], [ 18.799235869978194, 54.644703509653127 ], [ 18.805830501122319, 54.641167624295768 ], [ 18.805904382565316, 54.629607266269289 ], [ 18.820778363569982, 54.621547656002498 ], [ 18.827239781896896, 54.618079085681536 ], [ 18.827311331192163, 54.606518671531248 ], [ 18.820859752323607, 54.603019133663409 ], [ 18.814377529724414, 54.60649953352069 ], [ 18.799384722077516, 54.614467877271039 ], [ 18.792753689116001, 54.618024974881877 ] ] ], [ [ [ 18.720255344767118, 54.687241996731842 ], [ 18.713200631229796, 54.683411168503319 ], [ 18.706092141224552, 54.687208477762098 ], [ 18.713146841147235, 54.691039717342235 ], [ 18.720255344767118, 54.687241996731842 ] ] ], [ [ [ 18.677452551034754, 54.698696045970408 ], [ 18.670186517132077, 54.694746740965407 ], [ 18.662856743581976, 54.698656327886169 ], [ 18.670122760855087, 54.702606069690574 ], [ 18.677452551034754, 54.698696045970408 ] ] ], [ [ [ 18.655975510456244, 54.710197384176801 ], [ 18.648620451269597, 54.706198365664932 ], [ 18.641196623065724, 54.710154544203824 ], [ 18.648551664086067, 54.714154010476875 ], [ 18.655975510456244, 54.710197384176801 ] ] ], [ [ [ 18.591566979679868, 54.733118270309703 ], [ 18.583967665230102, 54.728981158899948 ], [ 18.5762841281664, 54.733065832762847 ], [ 18.583883419610018, 54.737203422850072 ], [ 18.591566979679868, 54.733118270309703 ] ] ], [ [ [ 18.462411892297418, 54.778856049005448 ], [ 18.454443986090396, 54.774507114930579 ], [ 18.446360012772868, 54.778783865822639 ], [ 18.454327885683139, 54.783133327642553 ], [ 18.462411892297418, 54.778856049005448 ] ] ] ] } },
{ "type": "Feature", "properties": { "gatunek": "SO", "cykl": 4, "typ_zasiegu": "drzewostany", "miara": "powierzchnia", "prog_udzialu": 0.5, "zakres": "udzial >= 50%", "udzial_krajowy": 0.48731214003254181, "max_udzialu": 0.73614653222512116, "n_traktow": 10533, "n_traktow_gat": 6420 }, "geometry": { "type": "MultiPolygon", "coordinates": [ [ [ [ 23.213340416103879, 50.125107507988986 ], [ 23.194255293718406, 50.128312909551461 ], [ 23.175167741142737, 50.131518699077787 ], [ 23.156077483894887, 50.134721728953494 ], [ 23.136984282776361, 50.137919203164664 ], [ 23.134233606334028, 50.138387320982439 ], [ 23.117896935405717, 50.141213362664189 ], [ 23.098807277578281, 50.144510167126896 ], [ 23.079713587035101, 50.147789452698206 ], [ 23.060615760526314, 50.151049771368029 ], [ 23.049492436363771, 50.152952503822533 ], [ 23.041517923998985, 50.154339737961926 ], [ 23.022421393277906, 50.157675433551233 ], [ 23.003319972773358, 50.160983445538022 ], [ 22.984213650685419, 50.164263254021307 ], [ 22.965639938292579, 50.167424654447878 ], [ 22.96510269474329, 50.167517702033756 ], [ 22.945996053634918, 50.170854937216433 ], [ 22.926884005528628, 50.174157721919812 ], [ 22.907766602643793, 50.177426212225441 ], [ 22.888643902278812, 50.180660629179897 ], [ 22.881673788847571, 50.181839290340839 ], [ 22.869521668871894, 50.183931731922129 ], [ 22.850397178548182, 50.187206239493761 ], [ 22.831267119797982, 50.190442886636106 ], [ 22.812131593980844, 50.193642397796758 ], [ 22.79650561747356, 50.196231812898397 ], [ 22.792992260317032, 50.196825145315934 ], [ 22.773854394041965, 50.200057706522358 ], [ 22.754710938034336, 50.203251008348239 ], [ 22.735562027823679, 50.206406204703164 ], [ 22.716407799936732, 50.209524485037598 ], [ 22.709695544545031, 50.210613648500775 ], [ 22.697253513515207, 50.212673263481641 ], [ 22.678096639153988, 50.215820164030752 ], [ 22.658934478376572, 50.218929938121704 ], [ 22.639767194474693, 50.222004165021204 ], [ 22.620938219836312, 50.224990643581236 ], [ 22.620595085344426, 50.225046231954295 ], [ 22.601425419231834, 50.228152028978052 ], [ 22.582250770846045, 50.231223589989455 ], [ 22.563071326125758, 50.234262875866222 ], [ 22.543887270678358, 50.237271884231525 ], [ 22.53055918231329, 50.239348429407642 ], [ 22.524700960178031, 50.240282047133782 ], [ 22.505515174914485, 50.243331254761898 ], [ 22.486325039979913, 50.246353411074068 ], [ 22.467130759875527, 50.249350901726871 ], [ 22.447932538316561, 50.252326153372621 ], [ 22.439294738697555, 50.253661413089482 ], [ 22.428734357466567, 50.255334230213997 ], [ 22.409535551423385, 50.25836637099227 ], [ 22.390333171936696, 50.261381502603264 ], [ 22.371127437758265, 50.264382447204952 ], [ 22.35191856607242, 50.267372068079681 ], [ 22.348631982963134, 50.2678846453462 ], [ 22.332712438085018, 50.270434352067028 ], [ 22.313504597125341, 50.273506410922757 ], [ 22.294294078575358, 50.276574462766412 ], [ 22.275081109381066, 50.279641755477883 ], [ 22.26056445061408, 50.281963616666765 ], [ 22.255867644012078, 50.282736908891422 ], [ 22.236657460702151, 50.285916072836528 ], [ 22.217445350508651, 50.289103569395557 ], [ 22.198231543964955, 50.292302995930214 ], [ 22.179016266667173, 50.295517961392939 ], [ 22.17704308927183, 50.295850942199735 ], [ 22.159806510760699, 50.298854205768713 ], [ 22.140596414604648, 50.302225001938346 ], [ 22.121385417669906, 50.305622436841013 ], [ 22.102173737581065, 50.309050354370733 ], [ 22.099594796634939, 50.30951577642896 ], [ 22.082968778563842, 50.312623724200876 ], [ 22.063764638078819, 50.316253494543531 ], [ 22.044560396154495, 50.319926341194424 ], [ 22.028944863327812, 50.322951449636513 ], [ 22.025357986410199, 50.323673519135589 ], [ 22.006163487755273, 50.327592714789652 ], [ 21.98696946410503, 50.331568693119706 ], [ 21.967776087972929, 50.335605321088821 ], [ 21.965134742986653, 50.336169396509078 ], [ 21.948592730208418, 50.339855021739339 ], [ 21.929411870464318, 50.344199762220327 ], [ 21.910232165523894, 50.348619446583093 ], [ 21.907795072116723, 50.349190210953786 ], [ 21.891064476782052, 50.353294265545451 ], [ 21.871899852971872, 50.358080997922805 ], [ 21.856342309236361, 50.362037885671022 ], [ 21.852739459506186, 50.363001300494382 ], [ 21.833592353700773, 50.368209817407731 ], [ 21.814447098050355, 50.373519135327179 ], [ 21.810132375211623, 50.374735873232943 ], [ 21.795316487443579, 50.379148848724107 ], [ 21.77619167180934, 50.38495395843254 ], [ 21.768579396447187, 50.387304432002203 ], [ 21.757080389858448, 50.391071398145186 ], [ 21.737978936389393, 50.397443281243973 ], [ 21.731143080624925, 50.399761291945381 ], [ 21.718893866960169, 50.404189347571844 ], [ 21.699819004923796, 50.41120871370665 ], [ 21.697375400272026, 50.412120859913465 ], [ 21.680768854036057, 50.418763862419894 ], [ 21.666925463535648, 50.42439441040392 ], [ 21.661732391604975, 50.426669448251161 ], [ 21.642720007086826, 50.435119318282112 ], [ 21.639446597143749, 50.436592444430957 ], [ 21.623738823580144, 50.444253650012676 ], [ 21.614692385663858, 50.448722630264108 ], [ 21.604787283693074, 50.454058505792901 ], [ 21.592425889581115, 50.460792008308388 ], [ 21.585874245128498, 50.464710372049616 ], [ 21.572462476956243, 50.47280610755471 ], [ 21.567011588500669, 50.476446380361381 ], [ 21.554637333952027, 50.484769748361586 ], [ 21.548215496481699, 50.489590098153911 ], [ 21.538806637280452, 50.496687065870404 ], [ 21.529508416465799, 50.504591084729874 ], [ 21.52484858916743, 50.508561529664505 ], [ 21.51265058936389, 50.52039625645147 ], [ 21.510934168060533, 50.522313472881095 ], [ 21.502078684136009, 50.532194690269364 ], [ 21.493090114510665, 50.543958199610039 ], [ 21.492593851118237, 50.544730044335701 ], [ 21.485511485592863, 50.555690863205214 ], [ 21.479323170642232, 50.567393382326522 ], [ 21.474813158884583, 50.578146986784489 ], [ 21.47442308605379, 50.579068156233483 ], [ 21.470664057516878, 50.590718477958276 ], [ 21.468017165862836, 50.602345077120304 ], [ 21.466389897512197, 50.613949995073845 ], [ 21.465693298707169, 50.625535163453435 ], [ 21.465842162521284, 50.637102407978844 ], [ 21.466755138155026, 50.648653452813782 ], [ 21.468354768996917, 50.660189925416397 ], [ 21.470567466662281, 50.671713361817851 ], [ 21.473323428544251, 50.683225212265143 ], [ 21.476556506395873, 50.69472684716839 ], [ 21.480204033187984, 50.706219563295214 ], [ 21.481794646036672, 50.710792206829261 ], [ 21.484174483051834, 50.717705275187399 ], [ 21.488417587020194, 50.729185025004867 ], [ 21.492902021939724, 50.740659454468194 ], [ 21.497577898961239, 50.752129606121031 ], [ 21.502397563085179, 50.763596481094218 ], [ 21.50447017883744, 50.768448948227544 ], [ 21.507283872588889, 50.775061721634692 ], [ 21.512201808529291, 50.786526074441369 ], [ 21.51713272646569, 50.797989938307985 ], [ 21.522035814116279, 50.809454194533934 ], [ 21.526870856752069, 50.82091971803365 ], [ 21.526932277004946, 50.821070547981911 ], [ 21.53156447972065, 50.83238810986483 ], [ 21.536114424462575, 50.843859435564376 ], [ 21.540481318976507, 50.855334568846345 ], [ 21.544624340062551, 50.866814419935359 ], [ 21.548501222933222, 50.878299934895864 ], [ 21.549957772526493, 50.8830417606396 ], [ 21.552064118941079, 50.889792185592071 ], [ 21.555271987323561, 50.901292097972686 ], [ 21.558078361061686, 50.912800718131287 ], [ 21.560429300713945, 50.924319256375568 ], [ 21.562266005190725, 50.935849028734197 ], [ 21.563523842808078, 50.947391476222194 ], [ 21.564131211731748, 50.958948187228849 ], [ 21.564008183337304, 50.970520923826918 ], [ 21.563064868020675, 50.98211165302466 ], [ 21.561199424131409, 50.993722584279453 ], [ 21.558295604998843, 51.00535621498441 ], [ 21.556890160580636, 51.009502549303782 ], [ 21.554261856862357, 51.017014464158116 ], [ 21.548963250955865, 51.02870015299591 ], [ 21.542216863805262, 51.040417083413466 ], [ 21.539099413042482, 51.044920475645561 ], [ 21.533924896864569, 51.052167117392536 ], [ 21.523902906348354, 51.063953901475408 ], [ 21.520575938351701, 51.067342427024045 ], [ 21.512025523751024, 51.075779675516401 ], [ 21.5017562595743, 51.084601335211914 ], [ 21.498089859409475, 51.087648200226923 ], [ 21.482768986351115, 51.098989756093225 ], [ 21.481969475265856, 51.099561412095447 ], [ 21.46366639859459, 51.111428725588496 ], [ 21.463518046512789, 51.111521478119847 ], [ 21.444479942324399, 51.122470834672413 ], [ 21.442565244674615, 51.123530839587382 ], [ 21.425229494930736, 51.132464014525397 ], [ 21.418911027790578, 51.135592275723276 ], [ 21.40592809339746, 51.141635009716396 ], [ 21.392317872917292, 51.147708991024636 ], [ 21.386584518913136, 51.150134950646489 ], [ 21.367202869081186, 51.158028127290635 ], [ 21.36245488964833, 51.159885648666226 ], [ 21.347787326486507, 51.165382456416211 ], [ 21.328853474672652, 51.172129057513324 ], [ 21.328343892450061, 51.172304066023507 ], [ 21.308870703672763, 51.178745132619937 ], [ 21.290591149112242, 51.184454045017397 ], [ 21.289374171892486, 51.184823148104037 ], [ 21.269851830676046, 51.190478870905586 ], [ 21.250308059424476, 51.19579147296762 ], [ 21.246028854011747, 51.196887496523829 ], [ 21.230741339740607, 51.200720753952929 ], [ 21.211153620837869, 51.205297468784799 ], [ 21.191746222875711, 51.209486312655201 ], [ 21.191545688229343, 51.209528913527635 ], [ 21.171916257676894, 51.213378639423752 ], [ 21.152267034908846, 51.216872952091521 ], [ 21.132598074870678, 51.220003371572432 ], [ 21.115000901020846, 51.222467965660776 ], [ 21.112909304088689, 51.222758272090665 ], [ 21.093200188049778, 51.225115404371067 ], [ 21.073471336463683, 51.227077100441768 ], [ 21.053722654700234, 51.228629930947655 ], [ 21.033954018053308, 51.229759232741905 ], [ 21.014165273981742, 51.230449097644907 ], [ 20.994356243871511, 51.230682349061865 ], [ 20.97452672431081, 51.23044050540404 ], [ 20.95467648786153, 51.229703728971543 ], [ 20.934805283304144, 51.228450758682307 ], [ 20.914912835328312, 51.226658824767128 ], [ 20.909341121851643, 51.226005133303225 ], [ 20.894998035306884, 51.224283865305637 ], [ 20.875060760085489, 51.221304130418225 ], [ 20.855100929320539, 51.217697939695697 ], [ 20.844614963269148, 51.21547507344183 ], [ 20.835116928295253, 51.213404018460352 ], [ 20.815107753165243, 51.208373830142158 ], [ 20.801846251004818, 51.204573198543386 ], [ 20.795072775533178, 51.202566228514073 ], [ 20.77500954041161, 51.195890580856421 ], [ 20.768581395094273, 51.193512467564318 ], [ 20.754915813240373, 51.188257738264042 ], [ 20.741036215563362, 51.182357341891723 ], [ 20.734789786560178, 51.179585597103056 ], [ 20.71740917107681, 51.171138308542034 ], [ 20.714627161755722, 51.169720818990079 ], [ 20.69683224902721, 51.159870324438636 ], [ 20.694422287060323, 51.158465466383689 ], [ 20.678675447439961, 51.148564033281772 ], [ 20.674167840453784, 51.145565360741855 ], [ 20.66247298032135, 51.137227176377699 ], [ 20.653854410351979, 51.130694622797947 ], [ 20.647875117395213, 51.125865488235874 ], [ 20.634662561793686, 51.114482630145503 ], [ 20.633468287028709, 51.113388163815422 ], [ 20.622841870308243, 51.103078975432886 ], [ 20.612982291353212, 51.092768489650204 ], [ 20.611976968516881, 51.091660955574611 ], [ 20.602254300483857, 51.080226277703034 ], [ 20.593283162375396, 51.068780549696264 ], [ 20.592355510565795, 51.06750895916722 ], [ 20.585252083231211, 51.057321384467919 ], [ 20.57789564296964, 51.045852556788965 ], [ 20.571505927628483, 51.034991038584721 ], [ 20.571157634209577, 51.034374947414982 ], [ 20.565150291206255, 51.022887157547231 ], [ 20.559659505304591, 51.011392156001811 ], [ 20.554650707209106, 50.999890473837567 ], [ 20.550228191845505, 50.988735530781526 ], [ 20.55009268897583, 50.9883825854956 ], [ 20.54604086228203, 50.976867808630701 ], [ 20.542355833212561, 50.965348035238037 ], [ 20.539003976457391, 50.953823741919074 ], [ 20.535951230278837, 50.942295404266879 ], [ 20.533162930640554, 50.930763499902682 ], [ 20.530603620741491, 50.919228511730722 ], [ 20.528236833454507, 50.907690931442076 ], [ 20.527774772340031, 50.905282923676964 ], [ 20.526056282084266, 50.896150852269479 ], [ 20.523996428134193, 50.884609139810856 ], [ 20.522008762147923, 50.873066432695829 ], [ 20.520050947827425, 50.861523285839255 ], [ 20.518078034019087, 50.849980285462962 ], [ 20.516041993507418, 50.838438054904799 ], [ 20.513891195255631, 50.826897261054278 ], [ 20.511569798843276, 50.815358621499961 ], [ 20.509017057529913, 50.803822912484392 ], [ 20.506166513523706, 50.792290977770662 ], [ 20.504232750114369, 50.785348061200018 ], [ 20.502965292973446, 50.780763477860411 ], [ 20.499350319466533, 50.769241195970899 ], [ 20.495202910001193, 50.757725616806226 ], [ 20.490424673159669, 50.74621794294562 ], [ 20.484905308076613, 50.734719503646261 ], [ 20.482886334929692, 50.731047887071298 ], [ 20.478582381532807, 50.723230987739107 ], [ 20.471297368780245, 50.711754267822016 ], [ 20.462865300067246, 50.700291487919216 ], [ 20.462301492952747, 50.699617082206075 ], [ 20.453219495958628, 50.688843233776907 ], [ 20.44207261053986, 50.677412763413912 ], [ 20.442026052984701, 50.677370525250133 ], [ 20.429317357899297, 50.666000966151223 ], [ 20.421923635694124, 50.660210355854609 ], [ 20.414644311601943, 50.654611075114921 ], [ 20.401923245816739, 50.645980710531362 ], [ 20.397801866674303, 50.643245389482217 ], [ 20.381998937453908, 50.633929357342708 ], [ 20.378478053562574, 50.631906665449868 ], [ 20.362132064260578, 50.623509919659426 ], [ 20.356293691928851, 50.620598089370397 ], [ 20.342309104560258, 50.614322046546356 ], [ 20.33079639002883, 50.609323202648582 ], [ 20.322520176645618, 50.606070181043989 ], [ 20.302758934547473, 50.598568210821327 ], [ 20.301451979378907, 50.598085806508266 ], [ 20.283026185377992, 50.591881289212601 ], [ 20.267591974921451, 50.586890278284741 ], [ 20.263310476569632, 50.585620417846194 ], [ 20.243615488758994, 50.579946040568942 ], [ 20.22843066819398, 50.575740978196933 ], [ 20.223933545108824, 50.574590747048106 ], [ 20.204268014387832, 50.56970261481748 ], [ 20.184611516422201, 50.565010937504191 ], [ 20.183023730293709, 50.564642164281338 ], [ 20.164969253749447, 50.560736865348623 ], [ 20.145334897588381, 50.556641034907862 ], [ 20.13024292850281, 50.553597496339236 ], [ 20.125708631222899, 50.552740624625869 ], [ 20.106092364059144, 50.549127795862518 ], [ 20.086481812054924, 50.545631894299802 ], [ 20.068987874847021, 50.542607064574504 ], [ 20.066877044604208, 50.542262551443287 ], [ 20.04728042601829, 50.539133740609365 ], [ 20.027688265321277, 50.53608950810618 ], [ 20.008100313952177, 50.533123206813251 ], [ 19.998264885926453, 50.531666027877812 ], [ 19.98851766774677, 50.530291989094096 ], [ 19.968939935031806, 50.527585017899391 ], [ 19.949365538579478, 50.524931465317032 ], [ 19.929794308994108, 50.52232615065904 ], [ 19.91783257576639, 50.520759044247548 ], [ 19.91022686473158, 50.519804403150346 ], [ 19.890663386631395, 50.517381413560862 ], [ 19.871102495287154, 50.51498896302266 ], [ 19.851544085403194, 50.512623360014594 ], [ 19.831988063021097, 50.510281208255044 ], [ 19.828442909728583, 50.50986064671568 ], [ 19.812435547036671, 50.508029458787576 ], [ 19.792885427577819, 50.505808597156367 ], [ 19.773337373764782, 50.503600764035717 ], [ 19.75379133866203, 50.501404078240327 ], [ 19.734247283472008, 50.499216981922189 ], [ 19.731754666783992, 50.498939786969473 ], [ 19.714706151999426, 50.497102861066878 ], [ 19.695167011193476, 50.495004366414697 ], [ 19.675629699307411, 50.492911570789197 ], [ 19.65609420687122, 50.490824355852588 ], [ 19.6365605287994, 50.488742914688309 ], [ 19.629269956311802, 50.487970163023775 ], [ 19.617029203070178, 50.486709165346483 ], [ 19.597499958446726, 50.484706345113928 ], [ 19.577972468314144, 50.482710877738143 ], [ 19.558446739220297, 50.480724153644168 ], [ 19.538922778249518, 50.478747811878513 ], [ 19.520916384926807, 50.476936778694743 ], [ 19.519400642892638, 50.476788337669497 ], [ 19.499880854301704, 50.474897197044143 ], [ 19.480362795065798, 50.473021876034871 ], [ 19.460846468386375, 50.471164788454367 ], [ 19.441331874815329, 50.469328490038585 ], [ 19.421819011766946, 50.467515656209372 ], [ 19.403455611292117, 50.465834501193321 ], [ 19.402307898784667, 50.465732088858857 ], [ 19.382798880024712, 50.46402498454303 ], [ 19.36329151091072, 50.462348728513973 ], [ 19.343785773211451, 50.460706150868575 ], [ 19.324281644044852, 50.459100080624324 ], [ 19.304779095747268, 50.457533324680099 ], [ 19.285278095800507, 50.456008647788465 ], [ 19.26747407843752, 50.45465775730154 ], [ 19.265778626567787, 50.454532279222057 ], [ 19.246280807546896, 50.453138833310653 ], [ 19.226784370491611, 50.451793717779566 ], [ 19.207289265462808, 50.450499276176899 ], [ 19.187795438237856, 50.44925773816162 ], [ 19.168302830515504, 50.448071211069113 ], [ 19.14881138014804, 50.446941673636701 ], [ 19.12932102139467, 50.445870971938405 ], [ 19.10983168518981, 50.444860817547372 ], [ 19.090343299419818, 50.443912787916531 ], [ 19.078372639993333, 50.443370052167985 ], [ 19.070855802025406, 50.443036917610549 ], [ 19.051369108549046, 50.44223776003215 ], [ 19.031883115579539, 50.441502760100256 ], [ 19.01239774390362, 50.440832992764356 ], [ 18.992912912570244, 50.440229438666371 ], [ 18.973428539076377, 50.439692995914008 ], [ 18.953944539522158, 50.439224493342032 ], [ 18.934460828731421, 50.438824705140675 ], [ 18.914977320333886, 50.438494366731348 ], [ 18.895493926805617, 50.438234191771642 ], [ 18.87601055946492, 50.438044890177039 ], [ 18.856527128420993, 50.437927187053184 ], [ 18.837043542473129, 50.437881842440355 ], [ 18.817559708958377, 50.437909671780879 ], [ 18.798075533546026, 50.438011567029498 ], [ 18.778590919977276, 50.438188518335757 ], [ 18.759105769748814, 50.438441636236625 ], [ 18.739619981739025, 50.438772174305555 ], [ 18.72013345177583, 50.43918155221052 ], [ 18.700646072145144, 50.43967137913863 ], [ 18.681157731039118, 50.440243477547959 ], [ 18.661668311943448, 50.440899907206607 ], [ 18.642177692963138, 50.441642989476954 ], [ 18.622685746086347, 50.442475331796111 ], [ 18.616575790909849, 50.442764789478481 ], [ 18.60319221716323, 50.443414110298527 ], [ 18.583696998962353, 50.444456530634028 ], [ 18.564199989910822, 50.445599677686118 ], [ 18.544701026578416, 50.4468475774773 ], [ 18.525199934700876, 50.448204671320624 ], [ 18.505696528069578, 50.449675839504621 ], [ 18.486190607369767, 50.451266424173632 ], [ 18.466681958972625, 50.452982251119259 ], [ 18.45900304084406, 50.453707700709522 ], [ 18.447170075322273, 50.454853534855829 ], [ 18.427654755320845, 50.456880955884621 ], [ 18.408135906241714, 50.459056409771904 ], [ 18.388613240640861, 50.461387922172356 ], [ 18.369086450151581, 50.463884084056168 ], [ 18.362457707591552, 50.464787639426433 ], [ 18.349554694132358, 50.466591239616513 ], [ 18.330017787956411, 50.469503874588753 ], [ 18.310475603444871, 50.472613202563423 ], [ 18.290927731636543, 50.475930160267175 ], [ 18.290860747991214, 50.475942218019092 ], [ 18.271372594912584, 50.479540499438997 ], [ 18.251810753516942, 50.483385539655863 ], [ 18.233804255675249, 50.487149414777932 ], [ 18.232241601189894, 50.487484568573898 ], [ 18.212663298637903, 50.491929104625449 ], [ 18.193076582295959, 50.496650508484713 ], [ 18.18623549676327, 50.4983953878764 ], [ 18.17347962601335, 50.501733471523778 ], [ 18.153872242904082, 50.507163012776715 ], [ 18.145299662313015, 50.509670835497303 ], [ 18.134253130459353, 50.512986466206023 ], [ 18.114621751997408, 50.519205943040681 ], [ 18.109336528279293, 50.520970059080518 ], [ 18.094976348502883, 50.525887208254609 ], [ 18.077224676266916, 50.532288779259481 ], [ 18.075317030937505, 50.532994650471011 ], [ 18.05564103005381, 50.540639803994083 ], [ 18.048322428870737, 50.54362493556215 ], [ 18.035948093476666, 50.548801471521266 ], [ 18.021865828001665, 50.554974499717815 ], [ 18.016237029928668, 50.557505176920067 ], [ 17.997457228651804, 50.566335713195144 ], [ 17.996506222513723, 50.566794337122332 ], [ 17.976753404355364, 50.576738840701879 ], [ 17.974907340354552, 50.57770819523904 ], [ 17.956977377216056, 50.587354674558945 ], [ 17.953879323861635, 50.589089998187944 ], [ 17.937176564699588, 50.598673240315293 ], [ 17.93414689358158, 50.6004798739175 ], [ 17.917349094299539, 50.610736318338049 ], [ 17.915548600400431, 50.611876976227975 ], [ 17.897962091757996, 50.623280689411494 ], [ 17.897492860752934, 50.623592372357436 ], [ 17.881350442028012, 50.634691115670911 ], [ 17.877604795035221, 50.637326594256805 ], [ 17.865529999420669, 50.646106882571786 ], [ 17.857683685525004, 50.651941245895607 ], [ 17.85040334106537, 50.657527350153103 ], [ 17.837727681492947, 50.667464035264729 ], [ 17.835885522309852, 50.668951939076429 ], [ 17.822048464765079, 50.680381602892268 ], [ 17.817732314448307, 50.684024608886375 ], [ 17.808754843905191, 50.691815179535588 ], [ 17.797696780698381, 50.701600041463841 ], [ 17.795878866124465, 50.703251554726229 ], [ 17.783557705143433, 50.714692297695137 ], [ 17.777616422286204, 50.720316728504784 ], [ 17.771617170590751, 50.726135748194828 ], [ 17.760031912878283, 50.737581752999645 ], [ 17.757490455613564, 50.740145751234962 ], [ 17.748877580572632, 50.749031229157993 ], [ 17.737944237741001, 50.760482027718723 ], [ 17.737315533494257, 50.761154906595131 ], [ 17.72744513502305, 50.771936537681874 ], [ 17.717088863011917, 50.783386794174362 ], [ 17.71708457784214, 50.783391623338524 ], [ 17.707124531162641, 50.794850225459392 ], [ 17.697260646876362, 50.806309047353174 ], [ 17.696808661179336, 50.806844412951826 ], [ 17.687736127560886, 50.817770849325861 ], [ 17.678295564384499, 50.829232820703119 ], [ 17.676474576715972, 50.831479395798269 ], [ 17.669112835043894, 50.840696965298505 ], [ 17.660023777617827, 50.852161458509762 ], [ 17.656088145701524, 50.857180264365823 ], [ 17.651097740026255, 50.863627123786365 ], [ 17.642289555419232, 50.875093472864513 ], [ 17.63565302151936, 50.883769614933705 ], [ 17.63354234027253, 50.886559866370206 ], [ 17.624945312858667, 50.898027369070995 ], [ 17.616330865222125, 50.909494027423399 ], [ 17.615173864643065, 50.911046816875128 ], [ 17.607850552320681, 50.920961645136565 ], [ 17.599349762405581, 50.932428396589422 ], [ 17.594657406216694, 50.938754693584336 ], [ 17.590871217455888, 50.943894793146292 ], [ 17.582415854795045, 50.955360851169488 ], [ 17.574114788797875, 50.966507583870296 ], [ 17.573879387607544, 50.966825302392252 ], [ 17.565402738617486, 50.978289860510614 ], [ 17.556811637032776, 50.98975238551045 ], [ 17.553552982715178, 50.994077333278589 ], [ 17.548190515079483, 51.001213902073346 ], [ 17.539485391954823, 51.012673729021415 ], [ 17.532983066731944, 51.021119309015724 ], [ 17.530666013679742, 51.024131467583686 ], [ 17.521785749511867, 51.035587767658775 ], [ 17.512727720893054, 51.047041128270337 ], [ 17.512411987389214, 51.047438276519237 ], [ 17.503609930534957, 51.058493019902258 ], [ 17.494295417747225, 51.069941664603562 ], [ 17.491844312029802, 51.072923635584772 ], [ 17.484862860920707, 51.081388036134214 ], [ 17.475240471893621, 51.09283117017916 ], [ 17.471284588204139, 51.097471814512787 ], [ 17.46545712126396, 51.104271399719323 ], [ 17.455479965865134, 51.115708251270931 ], [ 17.450734680683979, 51.121065354036354 ], [ 17.445312512374162, 51.127141722771974 ], [ 17.43493821343656, 51.138571544038385 ], [ 17.43019540523283, 51.143718744992881 ], [ 17.424355072950583, 51.149997634124269 ], [ 17.413545462286461, 51.161419698228748 ], [ 17.409666921402149, 51.165464810061309 ], [ 17.402515370912102, 51.172837756463807 ], [ 17.391235788239022, 51.184251348568992 ], [ 17.389149086543387, 51.18634330795701 ], [ 17.379725871798513, 51.195660668933378 ], [ 17.368641405723796, 51.206401886899918 ], [ 17.367946239755533, 51.207065101376742 ], [ 17.355917159223569, 51.218464850550852 ], [ 17.348142557359822, 51.225708814905055 ], [ 17.343606529518961, 51.229859386404748 ], [ 17.331012731448208, 51.241248598406969 ], [ 17.327653713473694, 51.24426011723493 ], [ 17.318119158472548, 51.252632157940504 ], [ 17.307174250115796, 51.262100927887374 ], [ 17.304916355684799, 51.264009830538512 ], [ 17.291377893473737, 51.275381127371418 ], [ 17.286703646372214, 51.279271363946215 ], [ 17.277484747337017, 51.286745653772208 ], [ 17.266243497809292, 51.295753397990083 ], [ 17.263225490996696, 51.298103115787981 ], [ 17.248552846935414, 51.309452674343895 ], [ 17.24579363133806, 51.311576270113527 ], [ 17.233420888412965, 51.320793483270322 ], [ 17.225354591953902, 51.326749221383629 ], [ 17.217808737107536, 51.332125049100078 ], [ 17.204929046747509, 51.341226752162186 ], [ 17.201662551123928, 51.343446355490549 ], [ 17.184905736775047, 51.354755997322464 ], [ 17.184517603576321, 51.355017587480177 ], [ 17.167402951823359, 51.366051598180498 ], [ 17.164119849150701, 51.368155571687886 ], [ 17.149085682019376, 51.37733174481037 ], [ 17.143739249756919, 51.380577116843234 ], [ 17.129805119286811, 51.38859368372686 ], [ 17.12337715432761, 51.392273232645806 ], [ 17.109364960368985, 51.399833776471965 ], [ 17.103034993656518, 51.403233329925392 ], [ 17.087503238264993, 51.411047146156598 ], [ 17.082714254866868, 51.413445911125237 ], [ 17.063865188799131, 51.422227142771746 ], [ 17.062416453485049, 51.422899271531769 ], [ 17.042140880435863, 51.431634193009366 ], [ 17.037780002670914, 51.433361469658252 ], [ 17.021889389279313, 51.43963039115836 ], [ 17.008464792945265, 51.444435203161035 ], [ 17.00166421035156, 51.446859752345127 ], [ 16.981463951052351, 51.453377380074549 ], [ 16.974413837897099, 51.455419921863367 ], [ 16.961288454173136, 51.459208369466268 ], [ 16.941139341451684, 51.464337243922081 ], [ 16.932563322559826, 51.466257520040635 ], [ 16.921014360252332, 51.468834295962125 ], [ 16.900913633938611, 51.472715275434318 ], [ 16.880838239718326, 51.475974702638048 ], [ 16.87486311880442, 51.47679401180666 ], [ 16.860784044355199, 51.478718586234294 ], [ 16.840751824925292, 51.480944978188326 ], [ 16.820741365355321, 51.482672793328973 ], [ 16.800751369288161, 51.483942663707637 ], [ 16.780780626804287, 51.484791936177899 ], [ 16.760828013742614, 51.485254840960565 ], [ 16.740892490156281, 51.485362667416638 ], [ 16.720973098077792, 51.48514394325904 ], [ 16.701068958744681, 51.484624614150768 ], [ 16.681179269414312, 51.483828221270592 ], [ 16.66130329987681, 51.482776074971142 ], [ 16.641440388756315, 51.4814874231215 ], [ 16.621589939675101, 51.479979613115745 ], [ 16.60175141734064, 51.478268246854434 ], [ 16.581924343603738, 51.476367328269653 ], [ 16.562108293525291, 51.474289403177259 ], [ 16.542302891480706, 51.472045691406358 ], [ 16.524830212768642, 51.469924916032731 ], [ 16.522507524533495, 51.469651429410725 ], [ 16.502719835615977, 51.467153299989661 ], [ 16.482941725143821, 51.464519190665811 ], [ 16.463172977794347, 51.461756112360618 ], [ 16.443413407734546, 51.458870329477897 ], [ 16.426050644834163, 51.456227763315496 ], [ 16.423662458106914, 51.455874498726551 ], [ 16.403917295906616, 51.452820996040515 ], [ 16.384180696449565, 51.449662557173347 ], [ 16.364452555150251, 51.44640330349884 ], [ 16.34473278073585, 51.44304700294353 ], [ 16.343407488997403, 51.44281376766196 ], [ 16.325017447730392, 51.439662901247857 ], [ 16.305309837178854, 51.436195855123387 ], [ 16.285610151275279, 51.432644212548524 ], [ 16.268725686493109, 51.429526890804802 ], [ 16.265917669790383, 51.429021809718584 ], [ 16.246228868395885, 51.425388709521549 ], [ 16.226547548457823, 51.421682356975786 ], [ 16.206873628625832, 51.417905585309121 ], [ 16.198691044161645, 51.416303200702849 ], [ 16.187204008240442, 51.414110308827055 ], [ 16.167539246651511, 51.410287837823184 ], [ 16.147881367183448, 51.406406203482717 ], [ 16.131411886664399, 51.403104742256488 ], [ 16.128229359554457, 51.402482693041009 ], [ 16.10857917012758, 51.398582361086639 ], [ 16.088935259600426, 51.394634500783582 ], [ 16.069297483032173, 51.390642293008291 ], [ 16.065722836681143, 51.389907079232806 ], [ 16.049660762297712, 51.386685482281827 ], [ 16.030028548356661, 51.382710086413738 ], [ 16.010401748935411, 51.378702519363138 ], [ 16.000607577361947, 51.376686856574423 ], [ 15.990777055751098, 51.374713790340188 ], [ 15.971154118099779, 51.37074882808362 ], [ 15.951535811860154, 51.366763887292699 ], [ 15.935152055103918, 51.363421094561048 ], [ 15.93192088259905, 51.362778078146896 ], [ 15.912304740356833, 51.358859599451279 ], [ 15.892692412086184, 51.354932943670391 ], [ 15.873083674375408, 51.351001519051579 ], [ 15.868525592580568, 51.350086981146312 ], [ 15.853473364754899, 51.3471406982773 ], [ 15.833864570127576, 51.343304418650973 ], [ 15.814258540585513, 51.339474200162137 ], [ 15.799807028346219, 51.336657299838336 ], [ 15.794653390949248, 51.335676918803941 ], [ 15.77504584671726, 51.331958593713786 ], [ 15.755440276774443, 51.328255959839979 ], [ 15.735836455459701, 51.324571896615758 ], [ 15.727954791462803, 51.32309919927161 ], [ 15.716230526574282, 51.320960005860393 ], [ 15.696623416971004, 51.317406118577843 ], [ 15.677017332601476, 51.3138787071276 ], [ 15.657412061802154, 51.310380207238737 ], [ 15.65170334914697, 51.309370632416048 ], [ 15.63780334548446, 51.306968324867682 ], [ 15.61819335419858, 51.303612063839807 ], [ 15.59858354383352, 51.300290788138547 ], [ 15.578973723689248, 51.297006454280577 ], [ 15.56934397356358, 51.295412809989323 ], [ 15.559361035348784, 51.293796624686898 ], [ 15.539745416381709, 51.290660869758568 ], [ 15.520129255260413, 51.287566380108615 ], [ 15.500512385670413, 51.284514645560982 ], [ 15.480894646204524, 51.281507059283811 ], [ 15.478463587891252, 51.281140074692814 ], [ 15.461271803609549, 51.278597914405218 ], [ 15.441647246649181, 51.27574178431756 ], [ 15.422021407110801, 51.272932245953868 ], [ 15.402394148861905, 51.270170277754673 ], [ 15.38276534083891, 51.267456772817695 ], [ 15.375033221801356, 51.266407551208488 ], [ 15.363132436934944, 51.264823164347476 ], [ 15.343496228723973, 51.262258209931048 ], [ 15.323858167889298, 51.259742638831405 ], [ 15.304218147048593, 51.257277001823198 ], [ 15.284576063581838, 51.254861779152975 ], [ 15.26493181956276, 51.252497383193671 ], [ 15.25177597096037, 51.250948565777506 ], [ 15.245284255533676, 51.250197234026849 ], [ 15.225632269784189, 51.247973771219996 ], [ 15.205977931022332, 51.245800702184738 ], [ 15.186321161682246, 51.243678184801823 ], [ 15.166661888309548, 51.241606324236713 ], [ 15.147000041455394, 51.239585175520951 ], [ 15.127335555567063, 51.237614746098508 ], [ 15.107668368875794, 51.235694998329741 ], [ 15.090972595231554, 51.234108593933762 ], [ 15.087998076723725, 51.233829932423276 ], [ 15.068323115063183, 51.232037052445435 ], [ 15.048645371984527, 51.230293271358953 ], [ 15.02896480104887, 51.22859839739472 ], [ 15.028585061607483, 51.232005116895635 ], [ 15.028666542060813, 51.232058112324772 ], [ 15.047111148928064, 51.244206297029542 ], [ 15.045854881137299, 51.255736850047903 ], [ 15.044611275323597, 51.267267813579522 ], [ 15.043379702534184, 51.278799166651467 ], [ 15.042159558547372, 51.290330889104794 ], [ 15.022768436367816, 51.300332966830602 ], [ 15.021127783677127, 51.301190093359395 ], [ 15.019924216493013, 51.312722199515115 ], [ 15.000982521978353, 51.322491406180802 ], [ 14.998900582578948, 51.323577842447946 ], [ 14.997711345834299, 51.335110262704809 ], [ 14.979173041212329, 51.344669829180255 ], [ 14.976693517621808, 51.34596227347933 ], [ 14.975516561201243, 51.357494943702669 ], [ 14.977912005790211, 51.359051159344041 ], [ 14.994194054720529, 51.369709151166823 ], [ 14.976159989935931, 51.379012002771944 ], [ 14.973185551378059, 51.380561024143105 ], [ 14.972030645735078, 51.392094405380675 ], [ 14.970882265521103, 51.403627995565365 ], [ 14.969740024837298, 51.415161781560663 ], [ 14.968603552852255, 51.426695750737686 ], [ 14.971784683418045, 51.428759828026827 ], [ 14.987347433418135, 51.438912935844542 ], [ 14.970105897706647, 51.447809910190472 ], [ 14.96634650396099, 51.449764190558781 ], [ 14.965225256307951, 51.461298638336665 ], [ 14.948210224304686, 51.470074501222228 ], [ 14.944220856445932, 51.472145970749288 ], [ 14.927316868470831, 51.480860171176126 ], [ 14.923212613596837, 51.482989509569556 ], [ 14.906413404210859, 51.491645206076932 ], [ 14.886535862285632, 51.490940739622737 ], [ 14.866659090963907, 51.490233312304611 ], [ 14.862416569242098, 51.492430178429288 ], [ 14.845737109477506, 51.501011234423075 ], [ 14.841393003213485, 51.503258815080223 ], [ 14.824805037756315, 51.511788105719397 ], [ 14.820364564773749, 51.514083615736162 ], [ 14.803862882363328, 51.522563754875229 ], [ 14.783974289833584, 51.521843804032855 ], [ 14.76408649103025, 51.521120838302785 ], [ 14.7595329915475, 51.523470272389851 ], [ 14.743125873724203, 51.531888640016156 ], [ 14.738487083086195, 51.534280067870448 ], [ 14.737340613927534, 51.545812111037321 ], [ 14.721074802490943, 51.554152098936186 ], [ 14.716286454833609, 51.556617799109993 ], [ 14.715139637108072, 51.568149675836764 ], [ 14.719491735352754, 51.570984919563905 ], [ 14.73391455166607, 51.580408644688475 ], [ 14.738317229284041, 51.58327463908951 ], [ 14.752702298418178, 51.592664913657771 ], [ 14.75715303338378, 51.595559967883332 ], [ 14.771502664948377, 51.604918469460188 ], [ 14.770377085061376, 51.616451438024569 ], [ 14.7544377071369, 51.624624908464973 ], [ 14.74931088995236, 51.627262918495425 ], [ 14.753911338793451, 51.630253500241011 ], [ 14.76812949457211, 51.639517463394803 ], [ 14.752284357116086, 51.647639606399167 ], [ 14.74705566655155, 51.650328395217997 ], [ 14.751747107103364, 51.653376864455907 ], [ 14.765885693873178, 51.662583571721413 ], [ 14.750127802305919, 51.670657752579814 ], [ 14.744803697147923, 51.673393936644274 ], [ 14.743678624386753, 51.684926720527848 ], [ 14.728005834929645, 51.692949853920467 ], [ 14.722584432842471, 51.695732834555187 ], [ 14.706953275593055, 51.70372886593205 ], [ 14.701482178854501, 51.706534979414833 ], [ 14.685890660331577, 51.71450490166815 ], [ 14.680371738256294, 51.717333147430821 ], [ 14.679233367740336, 51.728865025564033 ], [ 14.663714414721648, 51.736790075802347 ], [ 14.658109847846681, 51.739658897090777 ], [ 14.656966728061425, 51.751190451331524 ], [ 14.655823571440894, 51.762721991511363 ], [ 14.654680321467888, 51.774253515561476 ], [ 14.653536928273635, 51.785785021657908 ], [ 14.652393348343274, 51.797316508210855 ], [ 14.637067128814499, 51.805127169376433 ], [ 14.617058419263939, 51.804380415783442 ], [ 14.611223950448016, 51.807358182058209 ], [ 14.595926340504519, 51.815144247653677 ], [ 14.590054122235058, 51.818138730717024 ], [ 14.58889499300831, 51.829669229955883 ], [ 14.594171602290075, 51.833100134175425 ], [ 14.607761345397275, 51.84195060504328 ], [ 14.606606499210995, 51.853481363922832 ], [ 14.611942850832984, 51.856947710162331 ], [ 14.631974944727434, 51.8576936695505 ], [ 14.645526231819911, 51.8665049547024 ], [ 14.650892118441497, 51.869985810737468 ], [ 14.664424754756457, 51.878777919741005 ], [ 14.669819636355586, 51.88227487184713 ], [ 14.683333997350244, 51.891048072172005 ], [ 14.68875750568054, 51.89456085300705 ], [ 14.702253964198437, 51.903315407610165 ], [ 14.701122188897688, 51.914847566647936 ], [ 14.699990101108979, 51.926379701563292 ], [ 14.705498252090756, 51.929943046496277 ], [ 14.718930115971801, 51.938644770389494 ], [ 14.717802408061452, 51.950177159741919 ], [ 14.716674425010261, 51.961709526345636 ], [ 14.715546179446649, 51.973241870680255 ], [ 14.714417685150483, 51.984774193267654 ], [ 14.720059712944735, 51.98841825356336 ], [ 14.733387453379889, 51.997037550687651 ], [ 14.732263527403347, 52.008570133026943 ], [ 14.731139408028634, 52.020102695632929 ], [ 14.736856772460918, 52.023790986749539 ], [ 14.750129772099816, 52.032363782137445 ], [ 14.749010357812976, 52.043896607874423 ], [ 14.747890808413766, 52.055429415983312 ], [ 14.753679187042707, 52.059159033453909 ], [ 14.766902010998164, 52.067688229470846 ], [ 14.752156173566823, 52.075184167945295 ], [ 14.745651369572753, 52.078494981764052 ], [ 14.744531512436714, 52.090027740648125 ], [ 14.729820978650245, 52.097497942980276 ], [ 14.709679174516324, 52.09676486769385 ], [ 14.703122514232204, 52.100096353471706 ], [ 14.688425294225102, 52.107549961292698 ], [ 14.681844254504501, 52.110890963910222 ], [ 14.680708899653075, 52.122422766744997 ], [ 14.679573494588327, 52.133954555448575 ], [ 14.678438054442191, 52.145486330600136 ], [ 14.684384382132965, 52.149317836716769 ], [ 14.69747118563652, 52.157756829240796 ], [ 14.703436084742298, 52.161597289931642 ], [ 14.716515627066729, 52.170024491307068 ], [ 14.701908319615859, 52.177425144692201 ], [ 14.695210571736798, 52.180820930164366 ], [ 14.694080306552181, 52.192352963742337 ], [ 14.692950089083361, 52.20388498682437 ], [ 14.698976162211643, 52.207761558506313 ], [ 14.712015359619071, 52.216153827608906 ], [ 14.71089047221416, 52.227686137429743 ], [ 14.70976568783964, 52.239218438737502 ], [ 14.708641022847631, 52.250750732153776 ], [ 14.694098621185454, 52.258105672035299 ], [ 14.673885061129589, 52.257365211995825 ], [ 14.667085008738429, 52.260803462832762 ], [ 14.652543075322175, 52.268148350729476 ], [ 14.63232605218368, 52.267400788161559 ], [ 14.625512180192356, 52.270841152321964 ], [ 14.610969374465604, 52.278176646069184 ], [ 14.590748905111624, 52.277421960568304 ], [ 14.583922479705642, 52.280863783868433 ], [ 14.582766948459785, 52.292394184989114 ], [ 14.581611568877435, 52.303924580291714 ], [ 14.580456360116191, 52.315454970522637 ], [ 14.565917201578483, 52.322773330126651 ], [ 14.559059445826827, 52.326224708834623 ], [ 14.557899335338544, 52.337754773568761 ], [ 14.5567394475201, 52.349284835403481 ], [ 14.555579804634103, 52.360814895207383 ], [ 14.554420429816023, 52.372344953882482 ], [ 14.553261347061705, 52.383875012363795 ], [ 14.538702938892079, 52.391188285750189 ], [ 14.531829658928727, 52.394639046888749 ], [ 14.537955824358574, 52.398581761906598 ], [ 14.550944157872289, 52.406935132644001 ], [ 14.549786103455695, 52.418465196467544 ], [ 14.54862844503732, 52.429995264142725 ], [ 14.554747222416099, 52.433928449188279 ], [ 14.575038316441459, 52.434690360910153 ], [ 14.58806308005256, 52.443049538242413 ], [ 14.594178431267098, 52.446975134720567 ], [ 14.607219929689782, 52.455337464353192 ], [ 14.606079941014553, 52.466868508403849 ], [ 14.612181270207524, 52.470781170464498 ], [ 14.625255111972763, 52.479153926467134 ], [ 14.631347470488562, 52.483057738737173 ], [ 14.644442722965142, 52.491436507828759 ], [ 14.643315433992839, 52.502968216088803 ], [ 14.628636929508229, 52.510345411979372 ], [ 14.621856859557401, 52.513748105848713 ], [ 14.620725450656341, 52.525279526179929 ], [ 14.619594764580112, 52.536810962096574 ], [ 14.618464832284431, 52.54834241478347 ], [ 14.624472233403713, 52.552186865549686 ], [ 14.637689748034614, 52.560626984315562 ], [ 14.636566980597578, 52.572158791649564 ], [ 14.621737895144236, 52.579601757042305 ], [ 14.615079863700032, 52.582936885177254 ], [ 14.613953250291074, 52.594468416591091 ], [ 14.612827540437751, 52.605999970523051 ], [ 14.597901722552093, 52.613482209988369 ], [ 14.591321583589702, 52.61677335758948 ], [ 14.576361618174335, 52.624266684857794 ], [ 14.555983279584014, 52.623499634441337 ], [ 14.549421069107972, 52.626777110871096 ], [ 14.534428193667056, 52.634276452978789 ], [ 14.527891300164695, 52.637538425782601 ], [ 14.512862513413632, 52.645049611747197 ], [ 14.506351934052995, 52.648295606632374 ], [ 14.491286235801882, 52.655819080527813 ], [ 14.470895689787907, 52.655036313177995 ], [ 14.464404222805571, 52.658268133133724 ], [ 14.463244209118967, 52.66979754329612 ], [ 14.448101877431816, 52.677346820333398 ], [ 14.441675743549201, 52.680542287361192 ], [ 14.440511803769709, 52.692071413078118 ], [ 14.425284059847032, 52.699655160836883 ], [ 14.418928627123783, 52.702811686718121 ], [ 14.403659115598815, 52.710409855469571 ], [ 14.397335545916942, 52.713547794182688 ], [ 14.396162714863493, 52.72507631893837 ], [ 14.380800378120146, 52.732712359042694 ], [ 14.374554682839596, 52.735807935904347 ], [ 14.359147933759294, 52.743459525375378 ], [ 14.352936577196381, 52.746535371062983 ], [ 14.337484864963766, 52.754202711642023 ], [ 14.331308330384537, 52.757258617722364 ], [ 14.315811170408239, 52.764941877353536 ], [ 14.309669874119558, 52.767977669114025 ], [ 14.294126848872791, 52.775676981815579 ], [ 14.273686468220559, 52.77485518483725 ], [ 14.267565452079991, 52.777876584340277 ], [ 14.266362058333439, 52.789403158710407 ], [ 14.250726320393921, 52.7971348442899 ], [ 14.24469256146236, 52.800109583106405 ], [ 14.229010111362218, 52.807857521541713 ], [ 14.223012581091139, 52.810811784643569 ], [ 14.20728327113331, 52.818575976385453 ], [ 14.186825573288358, 52.817736946367752 ], [ 14.180845643892171, 52.820678279269032 ], [ 14.165083781141737, 52.828446803150264 ], [ 14.14462278420118, 52.8275999161269 ], [ 14.138658672801055, 52.830529223101628 ], [ 14.137422231916508, 52.842053712384597 ], [ 14.136186501863644, 52.853578223064652 ], [ 14.141345353016655, 52.856902681588593 ], [ 14.15545086579785, 52.865942775339775 ], [ 14.154222857233291, 52.877467704804225 ], [ 14.159258910650063, 52.880709746423022 ], [ 14.173508623349507, 52.889829896681135 ], [ 14.157352556717219, 52.897779014852823 ], [ 14.151768987485944, 52.900517628246554 ], [ 14.150543099129306, 52.912042621196022 ], [ 14.149317883987775, 52.923567634018426 ], [ 14.148093318257091, 52.935092665780481 ], [ 14.146869373163, 52.946617715344843 ], [ 14.1456460144228, 52.958142781347988 ], [ 14.150262529975613, 52.961110343910271 ], [ 14.164981240827165, 52.970507749391693 ], [ 14.169506643908056, 52.973414403426936 ], [ 14.19004009353565, 52.974232590816044 ], [ 14.204897473275345, 52.98370311011049 ], [ 14.209301829034498, 52.986528062486826 ], [ 14.229842738288164, 52.987338984883692 ], [ 14.244843932803519, 52.996885776866677 ], [ 14.24912208754227, 52.999625946877686 ], [ 14.264237199532555, 53.009236020875043 ], [ 14.268412586575126, 53.011908211016248 ], [ 14.288967387143535, 53.012708243315998 ], [ 14.304234905347952, 53.022399939710347 ], [ 14.308275480958189, 53.024982232185856 ], [ 14.323663436467909, 53.034741331795821 ], [ 14.327594712497843, 53.037251742411641 ], [ 14.343105624511342, 53.04707987151474 ], [ 14.346925074294999, 53.049516901218624 ], [ 14.362561209476452, 53.059415542756639 ], [ 14.361411390460511, 53.070944694759255 ], [ 14.365032159207916, 53.073252588457542 ], [ 14.38088606623584, 53.083277810464921 ], [ 14.379741681298039, 53.094807262559726 ], [ 14.378596554811121, 53.106336677265169 ], [ 14.377450491380207, 53.11786604699374 ], [ 14.380695267104922, 53.119931267866953 ], [ 14.396953678636754, 53.130197155503609 ], [ 14.395811332685373, 53.141726757078956 ], [ 14.377375958236653, 53.150800258761393 ], [ 14.37400460856745, 53.152453805833133 ], [ 14.372852698067978, 53.163982914041192 ], [ 14.371698778907406, 53.175511935585249 ], [ 14.374520903684335, 53.177306208170869 ], [ 14.391223763091254, 53.187844372777441 ], [ 14.390071223131855, 53.199373536355196 ], [ 14.392693173022083, 53.201038823717838 ], [ 14.409609413580242, 53.211703164036344 ], [ 14.408457294095491, 53.223232432063469 ], [ 14.41088458319704, 53.224772494599179 ], [ 14.428007602579678, 53.235559202779015 ], [ 14.430320961623393, 53.237025783296609 ], [ 14.447566637113356, 53.247882884879921 ], [ 14.449768299688019, 53.24927751624196 ], [ 14.467134168839618, 53.26020346623244 ], [ 14.447584615173859, 53.269804238745934 ], [ 14.445263037033865, 53.270941806145288 ], [ 14.425669415572056, 53.280553071228937 ], [ 14.423376276538232, 53.281675695624756 ], [ 14.422209231556192, 53.293204442457203 ], [ 14.421038328240478, 53.304733032024778 ], [ 14.419863520985361, 53.316261462539622 ], [ 14.418684788320173, 53.327789733141358 ], [ 14.417502132800131, 53.339317843893575 ], [ 14.416315580505977, 53.350845795765117 ], [ 14.396269416703479, 53.360637185554388 ], [ 14.394353968943342, 53.361572233785431 ], [ 14.396052322288863, 53.36264699247274 ], [ 14.413931001988232, 53.37390123105807 ], [ 14.393772603250641, 53.383737418202692 ], [ 14.391949775532773, 53.384626671133283 ], [ 14.390742210049648, 53.396153665004704 ], [ 14.389531157206971, 53.4076805150981 ], [ 14.38831675467263, 53.419207226711627 ], [ 14.387099152543144, 53.430733805627419 ], [ 14.385878511104687, 53.442260258025172 ], [ 14.384654998597286, 53.453786590396 ], [ 14.364241214867961, 53.463707687993704 ], [ 14.362602856085131, 53.464504658569723 ], [ 14.361367833115253, 53.476030410924906 ], [ 14.360130438827175, 53.487556062252523 ], [ 14.358890853816149, 53.499081619568742 ], [ 14.338404589946137, 53.509014424430241 ], [ 14.336799222114122, 53.509793870511032 ], [ 14.335549435487017, 53.521318895149449 ], [ 14.334297958845566, 53.532843845066232 ], [ 14.313788398891424, 53.542769762673458 ], [ 14.31217724820921, 53.543550792143684 ], [ 14.310916514111746, 53.555075243587837 ], [ 14.312327101867535, 53.555966205088083 ], [ 14.330535033818606, 53.567418310846719 ], [ 14.329278406657968, 53.578943024868856 ], [ 14.328020856537375, 53.590467694207796 ], [ 14.326762512418963, 53.601992323924748 ], [ 14.32550349431826, 53.61351691873373 ], [ 14.304831038127993, 53.623495566813155 ], [ 14.303331205100552, 53.624220953035575 ], [ 14.302064681686781, 53.635745117891972 ], [ 14.300797782587486, 53.647269259628445 ], [ 14.299530593844647, 53.658793381653766 ], [ 14.278825144588048, 53.668768408746097 ], [ 14.277326482182577, 53.669491848872212 ], [ 14.278650536696356, 53.670326834803134 ], [ 14.296995649126096, 53.681841578544507 ], [ 14.276239097022255, 53.691834612094169 ], [ 14.274778368851967, 53.692539272403799 ], [ 14.273504239691881, 53.704062969157214 ], [ 14.272230128259752, 53.715586658554301 ], [ 14.270956075400349, 53.727110342241311 ], [ 14.27218981424271, 53.727887520831445 ], [ 14.290657675446834, 53.739461903141446 ], [ 14.269757261208492, 53.749508024063921 ], [ 14.268408276834661, 53.750157697811169 ], [ 14.269599653611042, 53.750907861707425 ], [ 14.288123087119578, 53.762509999872542 ], [ 14.286856021648381, 53.774034045205269 ], [ 14.285589126203687, 53.785558089252035 ], [ 14.284322408375354, 53.797082132345054 ], [ 14.263251257223292, 53.807194414678165 ], [ 14.262041519947401, 53.80777605690848 ], [ 14.26076871441021, 53.819299726897739 ], [ 14.259496091779083, 53.830823396393342 ], [ 14.238384884163644, 53.840939711826032 ], [ 14.237192284440365, 53.841512206050325 ], [ 14.235913585782674, 53.853035502051846 ], [ 14.234635047756129, 53.864558796927248 ], [ 14.233356656554379, 53.876082090160551 ], [ 14.232078396346544, 53.887605381154906 ], [ 14.230800249525783, 53.899128669242401 ], [ 14.209509583668465, 53.909306205388816 ], [ 14.20845479257722, 53.909811234744517 ], [ 14.209384625483477, 53.910395630193911 ], [ 14.228244218132071, 53.922175233725049 ], [ 14.229065295286178, 53.922690846168145 ], [ 14.250066706242531, 53.923481044670666 ], [ 14.271069214008852, 53.924266845074634 ], [ 14.292072812027365, 53.925048254612847 ], [ 14.29274381402251, 53.924726333749859 ], [ 14.314368266942397, 53.91432467587294 ], [ 14.314993327619595, 53.914024520010571 ], [ 14.336652408329599, 53.903596215650992 ], [ 14.357647683527096, 53.90436457489831 ], [ 14.378644017897065, 53.905128609367871 ], [ 14.398146343548714, 53.917246723069589 ], [ 14.398374569524735, 53.917389371715721 ], [ 14.419378775317417, 53.91814477782134 ], [ 14.4403840163115, 53.918895928494187 ], [ 14.454865785048112, 53.919411305585008 ], [ 14.462181543714921, 53.912360721546698 ], [ 14.46642584297544, 53.908276191242201 ], [ 14.477893183783372, 53.89713656184459 ], [ 14.485741129344895, 53.889449008499405 ], [ 14.489279211196131, 53.885992871569059 ], [ 14.500584782593146, 53.874845174159418 ], [ 14.50931282696677, 53.866174473389449 ], [ 14.511820571573859, 53.863693890726537 ], [ 14.522993088974884, 53.852539282824097 ], [ 14.53288932563871, 53.842599510422616 ], [ 14.53410920075267, 53.841381622835485 ], [ 14.545185981139682, 53.830221560441132 ], [ 14.556221936390997, 53.819059050053255 ], [ 14.556460390303339, 53.81881566019986 ], [ 14.567250324503828, 53.807895333431084 ], [ 14.57826077013817, 53.796730028736306 ], [ 14.580013245242899, 53.794940878618938 ], [ 14.589296981157659, 53.78556475096957 ], [ 14.600349817656948, 53.774399156748224 ], [ 14.603526487651441, 53.771178493261054 ], [ 14.611467848436099, 53.763235022510997 ], [ 14.622649647898497, 53.752072278197545 ], [ 14.626976992086677, 53.747753493220578 ], [ 14.633945895577108, 53.74091275587395 ], [ 14.645367686096966, 53.729756827903046 ], [ 14.650338780390713, 53.724924073023573 ], [ 14.656969709509927, 53.718606445311686 ], [ 14.668775245509901, 53.707462400460294 ], [ 14.673584979581596, 53.702963511245621 ], [ 14.680854969515197, 53.696327187933271 ], [ 14.693232801375798, 53.685201589013779 ], [ 14.696690554858156, 53.682133721149263 ], [ 14.706026844316705, 53.674089756343811 ], [ 14.719228357607664, 53.662991247587854 ], [ 14.719635409208859, 53.662654164323285 ], [ 14.733070133564377, 53.651914243050356 ], [ 14.74240681555027, 53.644676236198848 ], [ 14.747534737580114, 53.64085790667253 ], [ 14.76280927872466, 53.629828653761898 ], [ 14.764998228866022, 53.62829286940007 ], [ 14.779147826046421, 53.618835157898921 ], [ 14.787410432013177, 53.613525174851546 ], [ 14.796692857053809, 53.607882006610396 ], [ 14.809650709870347, 53.60032859892182 ], [ 14.81577321490842, 53.596980199692545 ], [ 14.83172860436834, 53.588634093807066 ], [ 14.836850242997933, 53.586145097723062 ], [ 14.85365555761101, 53.578351122630373 ], [ 14.860589289270976, 53.575398725641683 ], [ 14.875444203902905, 53.569374397962093 ], [ 14.887982431230457, 53.564773685808667 ], [ 14.897107719175906, 53.561590274555435 ], [ 14.918658333568379, 53.554892044385532 ], [ 14.920707671177309, 53.554324832487715 ], [ 14.940102609877931, 53.549229471974428 ], [ 14.961457050871616, 53.544446723409457 ], [ 14.962814161999729, 53.544184805285703 ], [ 14.982722938009893, 53.540544868055179 ], [ 15.003914038129677, 53.53739245796924 ], [ 15.025036617788542, 53.534934999678661 ], [ 15.026945823313952, 53.534765166020868 ], [ 15.04609267069079, 53.533162506272703 ], [ 15.067091207637581, 53.531989063712302 ], [ 15.088037083234704, 53.531371844056082 ], [ 15.108934465955203, 53.531274501367911 ], [ 15.129787212143141, 53.531663266360596 ], [ 15.150598886751203, 53.532506800078096 ], [ 15.17137278307796, 53.533776051779654 ], [ 15.192111941490447, 53.535444121660198 ], [ 15.212819167136116, 53.537486128819459 ], [ 15.233497046661961, 53.539879084721044 ], [ 15.249154143817465, 53.541951800239119 ], [ 15.254147304942421, 53.542609226760987 ], [ 15.274770306506428, 53.545677944509812 ], [ 15.295370242046559, 53.549042888483434 ], [ 15.315949004500963, 53.55268718462996 ], [ 15.334195588533179, 53.556161855665714 ], [ 15.336507855334229, 53.556600876663204 ], [ 15.357044720310945, 53.560812553209615 ], [ 15.377564987785334, 53.565264200298145 ], [ 15.396688469149638, 53.569632536394451 ], [ 15.398069675170312, 53.569947879687206 ], [ 15.418555048924196, 53.574911617760314 ], [ 15.439027437412946, 53.580084930254031 ], [ 15.449201154377398, 53.58277377516859 ], [ 15.459484653614435, 53.585497510186428 ], [ 15.479927487048364, 53.591143942969559 ], [ 15.495924966227605, 53.595721862873923 ], [ 15.500358604739226, 53.59699599644528 ], [ 15.520774415455467, 53.603100855542898 ], [ 15.538386546823334, 53.608527906912784 ], [ 15.541180527271564, 53.609394334060013 ], [ 15.561571386077562, 53.615947986492152 ], [ 15.577547276272927, 53.621224044579144 ], [ 15.581953051517585, 53.62269142617869 ], [ 15.602320680443409, 53.629688206803792 ], [ 15.614078260975056, 53.633832577853553 ], [ 15.622678013287384, 53.636896005012211 ], [ 15.643023895059851, 53.644333087377561 ], [ 15.648456666580845, 53.646369331777478 ], [ 15.663356662521222, 53.652024574564919 ], [ 15.680937699998987, 53.658843278139301 ], [ 15.683680481554035, 53.659921993701595 ], [ 15.703989873047636, 53.668099188530256 ], [ 15.711683826257758, 53.671260457463234 ], [ 15.724287904014705, 53.676521706351615 ], [ 15.74099952862726, 53.683630527065453 ], [ 15.744575807035067, 53.685178033452353 ], [ 15.764849890292746, 53.694120541094406 ], [ 15.768939284401299, 53.695956030556758 ], [ 15.785110383075386, 53.703351457284306 ], [ 15.795634924026263, 53.708241481171569 ], [ 15.80535924240816, 53.712850278344632 ], [ 15.821242567933099, 53.720491874985399 ], [ 15.825595824062377, 53.72263050904327 ], [ 15.845819423978206, 53.732706777894613 ], [ 15.845824971015913, 53.732709578987851 ], [ 15.866026000498962, 53.743138879538073 ], [ 15.86938847879094, 53.74489540491961 ], [ 15.886218637796782, 53.753891806373083 ], [ 15.892069735377627, 53.757053514304616 ], [ 15.906396620769955, 53.76498132361889 ], [ 15.913920018920885, 53.769185741565643 ], [ 15.926559222298902, 53.776423745755856 ], [ 15.934987803562615, 53.781293792816385 ], [ 15.946705715690163, 53.788235780926449 ], [ 15.955318520697107, 53.793379245727579 ], [ 15.966835387597781, 53.800434362795372 ], [ 15.97495447312007, 53.805443553025412 ], [ 15.986947551254154, 53.813036471704699 ], [ 15.993934883617227, 53.817488048996474 ], [ 16.007041559930641, 53.826058945829459 ], [ 16.01229605849133, 53.829513958394458 ], [ 16.027116820681211, 53.839518281207759 ], [ 16.030071645727219, 53.841522407164895 ], [ 16.047172808598113, 53.853430416978625 ], [ 16.047292966698407, 53.853514434420369 ], [ 16.063969493039661, 53.865490517735118 ], [ 16.067204544175411, 53.867875316554652 ], [ 16.080148620635562, 53.877452044886525 ], [ 16.087215226983929, 53.882817393708805 ], [ 16.09585744080233, 53.88939987909545 ], [ 16.107204874333608, 53.898266176552099 ], [ 16.111121195965975, 53.90133481862231 ], [ 16.125958046170737, 53.913257473635682 ], [ 16.127171699710537, 53.91425768639796 ], [ 16.140376864427946, 53.925168218983863 ], [ 16.147111328203906, 53.930866778398133 ], [ 16.154422787834577, 53.937068280378185 ], [ 16.167030188319313, 53.948010925022906 ], [ 16.168119247042551, 53.94895834585467 ], [ 16.181460419099949, 53.960838402403098 ], [ 16.186921154118274, 53.965806595264247 ], [ 16.194491618285625, 53.972709631304454 ], [ 16.206791875183665, 53.984152585517627 ], [ 16.207242574207235, 53.984572828425136 ], [ 16.219696408060521, 53.996427695559916 ], [ 16.226636248138369, 54.003151781235154 ], [ 16.231912549048619, 54.00827569795144 ], [ 16.243902104855458, 54.0201171656757 ], [ 16.246462816642158, 54.022688141003798 ], [ 16.255669249394703, 54.03195226450687 ], [ 16.266272348082346, 54.042760999149841 ], [ 16.267271974039481, 54.043782381012349 ], [ 16.278683835211641, 54.055606966069234 ], [ 16.286067910979177, 54.063334404262619 ], [ 16.289970665684429, 54.067427560370511 ], [ 16.301129913058681, 54.079244143379334 ], [ 16.305857932272687, 54.084288794561928 ], [ 16.312189507982744, 54.091057376497474 ], [ 16.323184002952658, 54.102868057566084 ], [ 16.325649014361435, 54.1055297882723 ], [ 16.334106550225069, 54.114676053602359 ], [ 16.345026105986225, 54.126482907082639 ], [ 16.345448979807781, 54.126941427580476 ], [ 16.355903602539414, 54.138287760597322 ], [ 16.365265736514807, 54.148403310456501 ], [ 16.366828338455115, 54.150092580365921 ], [ 16.377767202440424, 54.161896631947705 ], [ 16.385109114862882, 54.169761314995874 ], [ 16.388788752881545, 54.173701398977315 ], [ 16.399889997972, 54.185506793665283 ], [ 16.404987689149088, 54.190877129912764 ], [ 16.411106857709601, 54.197313565905581 ], [ 16.422472650560142, 54.209122395814909 ], [ 16.424908894901009, 54.211626875205795 ], [ 16.433988364035653, 54.220933261221091 ], [ 16.444878959443916, 54.231902683788164 ], [ 16.445721058587406, 54.232747540149717 ], [ 16.457651485440273, 54.244564761350226 ], [ 16.464903149309343, 54.251609189226919 ], [ 16.46984909852894, 54.256386323126215 ], [ 16.482330767816578, 54.268212494738336 ], [ 16.484984625473363, 54.270682718618218 ], [ 16.495119714671539, 54.280043668364925 ], [ 16.505125794242794, 54.289070074915799 ], [ 16.508270660963255, 54.291880875007223 ], [ 16.521804040625966, 54.30372441340711 ], [ 16.52532754391628, 54.306741613277957 ], [ 16.53576458583175, 54.315575066015299 ], [ 16.54558989713254, 54.323681159021589 ], [ 16.550200248142069, 54.327433655253159 ], [ 16.565152380934119, 54.339300841627001 ], [ 16.565911750981726, 54.339890911615015 ], [ 16.580676508739003, 54.351177542645644 ], [ 16.586292746244116, 54.355360288756806 ], [ 16.596831548893622, 54.363064706616605 ], [ 16.606730354460804, 54.370115486551938 ], [ 16.613680419407196, 54.374963319511494 ], [ 16.627222866245965, 54.384169191120158 ], [ 16.631297188719305, 54.386874539118843 ], [ 16.647768392176175, 54.397537495058479 ], [ 16.649769989129766, 54.398799739333249 ], [ 16.668364933199964, 54.410238810333773 ], [ 16.669204689156516, 54.410740564644257 ], [ 16.68901044330897, 54.422292865675921 ], [ 16.689729585849399, 54.422698998086048 ], [ 16.709702883834808, 54.433719803543731 ], [ 16.711501484468172, 54.43467744710965 ], [ 16.730440269344069, 54.44453938203673 ], [ 16.734713689297749, 54.44667885352915 ], [ 16.751220705571306, 54.454770279248834 ], [ 16.759606663920856, 54.458706836106785 ], [ 16.772042420157291, 54.464429491594593 ], [ 16.786482478598753, 54.470765877849516 ], [ 16.792903787163816, 54.473531813458024 ], [ 16.813803227655743, 54.482091608806321 ], [ 16.815780827190814, 54.482862589355577 ], [ 16.834738783456185, 54.490130862726119 ], [ 16.848265693397373, 54.495008794960285 ], [ 16.855709519351567, 54.497652776758343 ], [ 16.876713710979381, 54.504675811399636 ], [ 16.884825996375096, 54.507217459524654 ], [ 16.897749874430144, 54.511214391190663 ], [ 16.918817105436908, 54.517272045497691 ], [ 16.927213924585523, 54.519514908996079 ], [ 16.939913552687884, 54.522871186019906 ], [ 16.961038344274801, 54.528015426312095 ], [ 16.978751872911147, 54.531950552732368 ], [ 16.982190617083667, 54.532708293361246 ], [ 17.003367803617866, 54.536988310303165 ], [ 17.024570282667078, 54.540834603902162 ], [ 17.045796778358071, 54.544259972107803 ], [ 17.048580494979742, 54.544660456831885 ], [ 17.067044689352102, 54.547305751423835 ], [ 17.088314100274268, 54.549957635321391 ], [ 17.109604027129173, 54.552223743785383 ], [ 17.130913317138347, 54.554116218728971 ], [ 17.152240853217769, 54.555646936833597 ], [ 17.173585555986648, 54.556827453700379 ], [ 17.19494638535566, 54.55766895319843 ], [ 17.216322341720176, 54.558182201853306 ], [ 17.237712466786338, 54.558377508060666 ], [ 17.259115844059078, 54.558264685863406 ], [ 17.280531599021842, 54.557853022993093 ], [ 17.301958899037935, 54.557151252847468 ], [ 17.32339695300298, 54.556167530054267 ], [ 17.344845010777362, 54.554909409255139 ], [ 17.366302362426296, 54.553383826732585 ], [ 17.387768337294126, 54.551597084495015 ], [ 17.405648832203759, 54.549894363237989 ], [ 17.409242005442881, 54.549562480825259 ], [ 17.430721356008036, 54.547322197788176 ], [ 17.452207297793652, 54.544843650366374 ], [ 17.473699303724459, 54.542130867238726 ], [ 17.493230495585156, 54.53945508168114 ], [ 17.495196656496912, 54.539193274804184 ], [ 17.516696676632929, 54.536094949124042 ], [ 17.538201134829798, 54.532779247177665 ], [ 17.559709627556142, 54.529247866995028 ], [ 17.562629386258976, 54.528737882835642 ], [ 17.581219156854058, 54.525577427832339 ], [ 17.602731355766455, 54.52171369075549 ], [ 17.623007920961744, 54.517878664209775 ], [ 17.624246125782356, 54.517650504007953 ], [ 17.645760171749046, 54.51347794547852 ], [ 17.667276167605323, 54.509108607801572 ], [ 17.677551596227506, 54.506925773887936 ], [ 17.68879205338499, 54.504597122927827 ], [ 17.710307546861287, 54.499945359361405 ], [ 17.728236536337278, 54.495907880271666 ], [ 17.731823474707902, 54.495119500701726 ], [ 17.753337109635666, 54.490200171524286 ], [ 17.774851176317249, 54.485091375433228 ], [ 17.775879534364197, 54.484838087825771 ], [ 17.796361945353468, 54.479909953370722 ], [ 17.817872451906187, 54.474546769844849 ], [ 17.821055349743034, 54.473725582299942 ], [ 17.839379523746825, 54.469103809244757 ], [ 17.860885506423571, 54.463492197396306 ], [ 17.864277882548386, 54.462577945129496 ], [ 17.882387654512954, 54.457803004363356 ], [ 17.903888282386866, 54.451945139201413 ], [ 17.90582931181569, 54.451399814542349 ], [ 17.92538445059645, 54.446020783360986 ], [ 17.945897016630965, 54.440194537964999 ], [ 17.946878844989119, 54.43992130575181 ], [ 17.968368294067666, 54.433762040874235 ], [ 17.984590824648791, 54.428964504465426 ], [ 17.989855291539079, 54.427437941165131 ], [ 18.011337803528679, 54.421022844538442 ], [ 18.022093469186387, 54.417712504342894 ], [ 18.03281669994842, 54.414473877329478 ], [ 18.054291801910363, 54.407789813838683 ], [ 18.058504062961315, 54.406440411345812 ], [ 18.075761996255927, 54.401010879495402 ], [ 18.093826067087747, 54.395149231376784 ], [ 18.097228741605026, 54.394064042778588 ], [ 18.118690259295661, 54.387020169962703 ], [ 18.128090014216387, 54.383840132776093 ], [ 18.140147481540733, 54.37982758976645 ], [ 18.161445659812983, 54.372515049623814 ], [ 18.161600660850102, 54.372462658145736 ], [ 18.183047963775, 54.365004343001118 ], [ 18.193721123029501, 54.361173580584854 ], [ 18.204490947228773, 54.357364753389199 ], [ 18.225160396243293, 54.349818152357471 ], [ 18.225929380928481, 54.349541264670627 ], [ 18.247361901359334, 54.341593006941459 ], [ 18.255573003690024, 54.338448238062398 ], [ 18.268789532705142, 54.33345156466563 ], [ 18.28513719633386, 54.327065664388961 ], [ 18.290212149547262, 54.325106964828286 ], [ 18.311629249047645, 54.316570619345285 ], [ 18.313816479900161, 54.31567084240757 ], [ 18.333040424972278, 54.307849478175292 ], [ 18.34156198501848, 54.304264131611276 ], [ 18.354446110160229, 54.298897819699548 ], [ 18.368492077763577, 54.292846791414469 ], [ 18.375846073360137, 54.289707542477302 ], [ 18.394614716611819, 54.281419403736031 ], [ 18.397240082206132, 54.280269503302847 ], [ 18.418627769770758, 54.27058280961883 ], [ 18.419910094418974, 54.269982394009112 ], [ 18.440008871367855, 54.26063894030051 ], [ 18.444379772416184, 54.258536286231212 ], [ 18.461383394656799, 54.25040716348574 ], [ 18.468105554975072, 54.24708194049829 ], [ 18.482751053845259, 54.239875146951029 ], [ 18.491110343175166, 54.235619889446362 ], [ 18.504111546020425, 54.229029918780299 ], [ 18.513419911736303, 54.22415064689465 ], [ 18.525464547598691, 54.21785804005021 ], [ 18.535062471799993, 54.212674704915187 ], [ 18.546809710812855, 54.206345824298992 ], [ 18.556068161398287, 54.201192531277513 ], [ 18.568146660361567, 54.19447960805568 ], [ 18.576468484939401, 54.189704567359982 ], [ 18.589474990378154, 54.182246075125093 ], [ 18.596295724054446, 54.178211226589028 ], [ 18.610794261907035, 54.169632635099227 ], [ 18.615582341828393, 54.16671289343914 ], [ 18.632104001102284, 54.156627853676426 ], [ 18.634360400897886, 54.155209922998296 ], [ 18.652644832334889, 54.143702594401049 ], [ 18.653403680674145, 54.143224049194266 ], [ 18.670426771283271, 54.132191106526939 ], [ 18.674692734420113, 54.129416693462922 ], [ 18.687788169552412, 54.120675892964556 ], [ 18.695970656327852, 54.115191997404679 ], [ 18.704757858029335, 54.109157204919455 ], [ 18.717236839397572, 54.100547111981356 ], [ 18.721362198328393, 54.097635267734638 ], [ 18.737609934595568, 54.086110250414691 ], [ 18.738490652936438, 54.08548234082668 ], [ 18.753469729169741, 54.074582231984401 ], [ 18.759731480349011, 54.0699960147901 ], [ 18.769039196677301, 54.063051552130929 ], [ 18.780958644970884, 54.054097643151728 ], [ 18.78433626182499, 54.051518354668914 ], [ 18.799341357802604, 54.039982709888264 ], [ 18.802171520613598, 54.037790679994508 ], [ 18.81407316951729, 54.028444755000884 ], [ 18.823369461000123, 54.021085523235342 ], [ 18.828590604590275, 54.016904673534832 ], [ 18.842888327822791, 54.005362535333695 ], [ 18.844551785663477, 54.004008065248584 ], [ 18.85695864056099, 53.993818408820218 ], [ 18.865717946531916, 53.986560164091635 ], [ 18.870860927388495, 53.982272436898448 ], [ 18.88458878232273, 53.97072467100039 ], [ 18.886867277271879, 53.968789562861375 ], [ 18.898152637900257, 53.959175179047442 ], [ 18.907999289400202, 53.950708253367388 ], [ 18.911584552674711, 53.947624039503687 ], [ 18.924885566039674, 53.93607129663026 ], [ 18.929113462702301, 53.932362472301868 ], [ 18.938080992983, 53.924517006339883 ], [ 18.950209361496938, 53.913807596715053 ], [ 18.951173188712414, 53.912961203788477 ], [ 18.964198047409603, 53.901403932859203 ], [ 18.971286693789168, 53.895054746758255 ], [ 18.977153831678169, 53.889845214563948 ], [ 18.990051346420362, 53.878285071599997 ], [ 18.992345174390628, 53.876207625595036 ], [ 19.002942912348924, 53.866723520926662 ], [ 19.013384704949694, 53.857299206884484 ], [ 19.015789884648338, 53.855160569006379 ], [ 19.028667554743233, 53.843596211656688 ], [ 19.034405283168134, 53.838398402440703 ], [ 19.041564059940708, 53.832030442561418 ], [ 19.054466235110013, 53.820463261081244 ], [ 19.055407093941504, 53.819611407230433 ], [ 19.067501553944705, 53.808894593176305 ], [ 19.07639038915584, 53.800964880474645 ], [ 19.080573181509564, 53.797324459958503 ], [ 19.093766918377, 53.78575278193572 ], [ 19.097355694798551, 53.782581358087207 ], [ 19.107134047061884, 53.774179472398636 ], [ 19.118303631342677, 53.764530832315771 ], [ 19.120604553800227, 53.762604543180984 ], [ 19.134336888324921, 53.751027781350359 ], [ 19.139234934010386, 53.746876608577196 ], [ 19.148308914944533, 53.739449123607585 ], [ 19.160150601117582, 53.729718858585279 ], [ 19.162489998589667, 53.727868526939396 ], [ 19.17705885618561, 53.716285652440298 ], [ 19.181051574642741, 53.713099167047758 ], [ 19.192022826019056, 53.704700346026215 ], [ 19.201939027969747, 53.697090955712191 ], [ 19.207362838103741, 53.69311249172317 ], [ 19.222814208134384, 53.681754800724697 ], [ 19.223146978275249, 53.681521817265278 ], [ 19.239649136666721, 53.669927598238438 ], [ 19.243678142520078, 53.667093124407259 ], [ 19.25680275084828, 53.658329679218696 ], [ 19.26453220310135, 53.653163150985634 ], [ 19.274714166111824, 53.646727534860268 ], [ 19.28537759111277, 53.639980636628358 ], [ 19.293531902230455, 53.63512045936924 ], [ 19.306215470939367, 53.627552393057215 ], [ 19.313439917811102, 53.623507541886426 ], [ 19.32704697305261, 53.61587947408659 ], [ 19.334666609952276, 53.611887597715452 ], [ 19.347873187391642, 53.604958054365326 ], [ 19.357496558456248, 53.600259072688004 ], [ 19.368695159949052, 53.594780376920049 ], [ 19.382286037596959, 53.588619908119455 ], [ 19.389513892536783, 53.58533574306329 ], [ 19.409483779153035, 53.576967346899025 ], [ 19.410330345638901, 53.576611521414783 ], [ 19.431145278172963, 53.568577831874748 ], [ 19.440475151504028, 53.565294648167118 ], [ 19.451959700040899, 53.561233929832412 ], [ 19.472774451556248, 53.554564077205121 ], [ 19.476140290332218, 53.553595354893218 ], [ 19.493590188155256, 53.548539356132849 ], [ 19.514407909193743, 53.543163924091786 ], [ 19.520201697104952, 53.541849141272671 ], [ 19.535228207146943, 53.538409067116795 ], [ 19.556051976050341, 53.534273391379244 ], [ 19.576880057789719, 53.530751872801019 ], [ 19.582272335193846, 53.530000284122359 ], [ 19.597713036071688, 53.527821842692298 ], [ 19.618551807836035, 53.525485163336342 ], [ 19.639397210264889, 53.523739463085839 ], [ 19.660250028931511, 53.522579317660679 ], [ 19.681111052576291, 53.522000123163167 ], [ 19.701981069985003, 53.521997777692512 ], [ 19.72286086572732, 53.522568351109143 ], [ 19.743751214750571, 53.523707745160259 ], [ 19.764652875849613, 53.525411347187912 ], [ 19.785566584065158, 53.527673681712074 ], [ 19.793861228656695, 53.528782739121539 ], [ 19.806492592514822, 53.530464402605922 ], [ 19.827431445987564, 53.53377113088365 ], [ 19.848383960130651, 53.537596187976405 ], [ 19.859543868141092, 53.539891580286309 ], [ 19.869349905673396, 53.54189059302432 ], [ 19.890329216596591, 53.546617711514443 ], [ 19.908495251973033, 53.551092698197714 ], [ 19.911322598539485, 53.551780151596802 ], [ 19.932328249335292, 53.557266154278821 ], [ 19.950483864522738, 53.562329378516189 ], [ 19.953347524070882, 53.563114246403025 ], [ 19.97437783132003, 53.569187870884193 ], [ 19.988893610034403, 53.573581015671323 ], [ 19.995420148271975, 53.575514008487602 ], [ 20.016472346689959, 53.581987916786318 ], [ 20.025443025979559, 53.584836334206237 ], [ 20.037533892493688, 53.588578504252197 ], [ 20.058604424916442, 53.595264099779094 ], [ 20.061147936349936, 53.596088033251135 ], [ 20.079680894951284, 53.601919326693725 ], [ 20.096646813471231, 53.607331020797901 ], [ 20.100764832848149, 53.608604596950762 ], [ 20.121852864254738, 53.615190735037103 ], [ 20.132585712478527, 53.618559371237914 ], [ 20.142945557014954, 53.621704133084442 ], [ 20.16404184684454, 53.628109952062225 ], [ 20.169508749400642, 53.629767378227484 ], [ 20.185139723404678, 53.634342118498772 ], [ 20.20624078864217, 53.640465842931619 ], [ 20.207917392591433, 53.640949079241743 ], [ 20.227340980861509, 53.646346772941541 ], [ 20.248369662840432, 53.652097236268943 ], [ 20.248443832357317, 53.65211678688911 ], [ 20.26954423005915, 53.657611206672449 ], [ 20.290646495673201, 53.662985022285397 ], [ 20.291516104651127, 53.663202774207264 ], [ 20.311745619219153, 53.668082721238761 ], [ 20.332845425740999, 53.673038631755325 ], [ 20.338139313663795, 53.674254052603509 ], [ 20.353942417594379, 53.677750307760675 ], [ 20.375038403669951, 53.682284547952449 ], [ 20.389188863208418, 53.685236017946217 ], [ 20.396132826852963, 53.68663255800449 ], [ 20.417224048711773, 53.690753883363342 ], [ 20.438314485015226, 53.694729381066992 ], [ 20.445973362228184, 53.696127241835804 ], [ 20.459401625318698, 53.698492809400683 ], [ 20.480486284751699, 53.702076474746768 ], [ 20.501569569325852, 53.705519021837652 ], [ 20.5103227148809, 53.706896538318524 ], [ 20.522649499121922, 53.708771484264552 ], [ 20.543726519348215, 53.71185382417346 ], [ 20.564801787895945, 53.714804118109093 ], [ 20.584910661932707, 53.717496409876858 ], [ 20.58587507045679, 53.717621400704118 ], [ 20.606943934128562, 53.72024709647382 ], [ 20.628010815245727, 53.722751724476112 ], [ 20.649075635585781, 53.725137922030783 ], [ 20.670138324262858, 53.727408377860719 ], [ 20.674362720725536, 53.727843227133889 ], [ 20.691197148674444, 53.729524251081649 ], [ 20.712253367763683, 53.731522223849389 ], [ 20.733307341988123, 53.733415349051214 ], [ 20.754359014587287, 53.735206032213561 ], [ 20.775408328202591, 53.73689654981267 ], [ 20.787048601027262, 53.737779221087067 ], [ 20.796454512474643, 53.738472356115068 ], [ 20.817497400099509, 53.739933555139665 ], [ 20.83853780077073, 53.741302622100449 ], [ 20.859575638916905, 53.742580964346146 ], [ 20.88061083073152, 53.743769741230999 ], [ 20.901643282721771, 53.744869845726825 ], [ 20.922672890289206, 53.745881887934914 ], [ 20.943699536353218, 53.746806180587981 ], [ 20.945449154966472, 53.746876030599431 ], [ 20.964722191144876, 53.74762346670866 ], [ 20.98574158617059, 53.748352643924029 ], [ 21.006757641469648, 53.748994793101822 ], [ 21.027770178846534, 53.749548910220547 ], [ 21.048779002195023, 53.750013663760306 ], [ 21.069783896698151, 53.750387394975704 ], [ 21.090784628169892, 53.750668120977551 ], [ 21.11178094255359, 53.750853540724712 ], [ 21.132772565591491, 53.750941044004691 ], [ 21.153759202678415, 53.750927723452563 ], [ 21.174740538911195, 53.75081038962297 ], [ 21.195716239343135, 53.750585589087713 ], [ 21.216685949450241, 53.750249625484471 ], [ 21.237649295812886, 53.749798583389669 ], [ 21.258605887012841, 53.749228354831573 ], [ 21.279555314741767, 53.748534668200186 ], [ 21.300497155112737, 53.747713119249262 ], [ 21.321430970161845, 53.746759203825157 ], [ 21.342356309522184, 53.745668351897919 ], [ 21.363272712247529, 53.744435962416375 ], [ 21.384179708758591, 53.743057438460298 ], [ 21.405076822880122, 53.741528222123449 ], [ 21.425963573933327, 53.739843828532379 ], [ 21.446839478844502, 53.737999878388926 ], [ 21.451009155714381, 53.737599433158991 ], [ 21.467702738504077, 53.735969678677662 ], [ 21.488553654767234, 53.733762967693814 ], [ 21.509392064759421, 53.731381356091376 ], [ 21.530217487021254, 53.728821091573074 ], [ 21.551029447715777, 53.72607866113654 ], [ 21.568904823831669, 53.723563171119174 ], [ 21.571827085647477, 53.723144311530461 ], [ 21.592607681608065, 53.719978398636457 ], [ 21.613373181554167, 53.716617722082759 ], [ 21.634123148874124, 53.713059812851569 ], [ 21.649714796617616, 53.710236428684105 ], [ 21.654856163751585, 53.709286660418229 ], [ 21.675569517193555, 53.705260483347566 ], [ 21.696265799237104, 53.701027473352347 ], [ 21.713948990668889, 53.697231496073897 ], [ 21.71694388418361, 53.696574767331107 ], [ 21.737599473304723, 53.691840995492448 ], [ 21.758236543318421, 53.686893105789238 ], [ 21.768113921844808, 53.684424932507923 ], [ 21.778851444437194, 53.681680317427528 ], [ 21.799443782920797, 53.676202364504739 ], [ 21.815527500221499, 53.671752497637904 ], [ 21.820014644397261, 53.670481106603511 ], [ 21.840559245148718, 53.66445055699522 ], [ 21.857862779994718, 53.659182335898251 ], [ 21.861081674853565, 53.658177479737105 ], [ 21.881575506868291, 53.651572667969383 ], [ 21.896222802404516, 53.646693190168378 ], [ 21.902044811299366, 53.644702100257035 ], [ 21.922484827542942, 53.637502288500045 ], [ 21.931402300743517, 53.634269450211228 ], [ 21.942896016733183, 53.629986400257671 ], [ 21.963279168058818, 53.622171904182281 ], [ 21.963972526354013, 53.621899797833031 ], [ 21.983626972903746, 53.613961025800421 ], [ 21.994204568948927, 53.609579603023441 ], [ 22.003943850419223, 53.605423617639673 ], [ 22.022541515712618, 53.597299461826523 ], [ 22.024227937600259, 53.596539816427004 ], [ 22.044473607083138, 53.587237900473816 ], [ 22.04912982154946, 53.585057005029881 ], [ 22.064681606610144, 53.577535975338449 ], [ 22.074202776420101, 53.572847416813403 ], [ 22.08485098949507, 53.567428387256754 ], [ 22.09792226073116, 53.56066746970059 ], [ 22.104979494237899, 53.556891634062652 ], [ 22.12041395181441, 53.548514701204816 ], [ 22.125064756018805, 53.545901332731205 ], [ 22.141788939040062, 53.536386895700183 ], [ 22.145104320222941, 53.534432419064871 ], [ 22.162145185439808, 53.524282070639117 ], [ 22.165095659842056, 53.522459391238897 ], [ 22.181568749742866, 53.5121984647472 ], [ 22.185036196908019, 53.509956597581109 ], [ 22.200134805603479, 53.500134528108049 ], [ 22.204923327886899, 53.496898566022381 ], [ 22.217908487320106, 53.488088914060292 ], [ 22.224754452654416, 53.483260368794802 ], [ 22.234945585151696, 53.476060472847962 ], [ 22.24452700627911, 53.469018011162312 ], [ 22.251293108136657, 53.464048246991126 ], [ 22.264238492361894, 53.454148827323351 ], [ 22.266989727890202, 53.452051468374442 ], [ 22.282094295676067, 53.440068781970673 ], [ 22.283883441742891, 53.43859202801967 ], [ 22.29666981256516, 53.428098678078335 ], [ 22.303456554555183, 53.422290198654125 ], [ 22.310700529493005, 53.416141793105659 ], [ 22.322960060997215, 53.405283534898466 ], [ 22.324199253372928, 53.404197968078584 ], [ 22.337291274058369, 53.392263883515703 ], [ 22.342381312031403, 53.387421501486521 ], [ 22.349927468269829, 53.380341057493688 ], [ 22.361724670211252, 53.368772334448508 ], [ 22.362079148520419, 53.368430448617715 ], [ 22.373940439381929, 53.356526716641255 ], [ 22.380974018820812, 53.349144175521616 ], [ 22.385355413274198, 53.344634379587767 ], [ 22.396414485403128, 53.332750994022682 ], [ 22.400131764693807, 53.328581469495596 ], [ 22.407157932310387, 53.320875511300784 ], [ 22.417494878052675, 53.309010626532469 ], [ 22.419188773612124, 53.306983273414673 ], [ 22.427614729825304, 53.297151000963694 ], [ 22.437298926353506, 53.285302998811048 ], [ 22.438134832610828, 53.284236894004785 ], [ 22.446827303307177, 53.273458633511986 ], [ 22.455919010026324, 53.261626094169429 ], [ 22.456958406932831, 53.260215064128737 ], [ 22.46487372355876, 53.249796766218701 ], [ 22.473425686665824, 53.237978435146552 ], [ 22.475646330118284, 53.234772345810143 ], [ 22.48181189218052, 53.226164261090339 ], [ 22.489870982851016, 53.21435901169415 ], [ 22.494183450432853, 53.207741058218453 ], [ 22.497683063553243, 53.202560402915715 ], [ 22.505291954161535, 53.190767195366156 ], [ 22.512517423098366, 53.178984750805689 ], [ 22.512552150681707, 53.178925716310935 ], [ 22.519714559021274, 53.167202638836599 ], [ 22.526548033610521, 53.155430806283753 ], [ 22.530715906033276, 53.14790317768832 ], [ 22.533157834318207, 53.143665161644321 ], [ 22.539638517182997, 53.131902930442791 ], [ 22.545794039581875, 53.120149981049032 ], [ 22.548653498501107, 53.114441800192786 ], [ 22.551806463780508, 53.108400929003778 ], [ 22.557668216566743, 53.096656024223869 ], [ 22.563245702473836, 53.084919295449588 ], [ 22.566329831166762, 53.078144523790797 ], [ 22.568683475984262, 53.073186445558513 ], [ 22.574029833721202, 53.061456042778183 ], [ 22.579133333546661, 53.049732662179366 ], [ 22.583719325000398, 53.038733105480915 ], [ 22.584031587819638, 53.038015203132041 ], [ 22.588970183368392, 53.026296274012317 ], [ 22.593706893285187, 53.01458319817128 ], [ 22.598261674081218, 53.002875397377039 ], [ 22.600811634629185, 52.996114033754615 ], [ 22.602756282404435, 52.991169200710971 ], [ 22.607233435688283, 52.97946331792582 ], [ 22.611566275079159, 52.967761610332587 ], [ 22.615772146684378, 52.95606356698282 ], [ 22.617643201907956, 52.950752847886172 ], [ 22.619988506088482, 52.944365010669877 ], [ 22.624198705764705, 52.932666448545447 ], [ 22.628313901508204, 52.920970597875865 ], [ 22.632348361704366, 52.90927703279386 ], [ 22.634290274241014, 52.903582709409662 ], [ 22.636421462546831, 52.897582103411658 ], [ 22.640530861099563, 52.885885877238024 ], [ 22.644584567774732, 52.874191176788464 ], [ 22.648593728538682, 52.862497665487382 ], [ 22.650857375492979, 52.855861487450113 ], [ 22.652653820689121, 52.850802407382076 ], [ 22.656793659195664, 52.839104507988289 ], [ 22.660906958897172, 52.82740724023747 ], [ 22.665002015215123, 52.815710350713118 ], [ 22.667441219149236, 52.808739868129443 ], [ 22.669163665779688, 52.804011215214061 ], [ 22.673429482661081, 52.792308661393051 ], [ 22.677688712533858, 52.780606114305904 ], [ 22.681947202805876, 52.768903393030236 ], [ 22.68410686956749, 52.762981026874591 ], [ 22.686303199482619, 52.757197440631778 ], [ 22.690757988033504, 52.745488205236938 ], [ 22.695218315181275, 52.733778584075225 ], [ 22.699687942759056, 52.72206845894577 ], [ 22.700885322753532, 52.718937331276152 ], [ 22.704307174267331, 52.710353439638723 ], [ 22.708985878283116, 52.698636330530427 ], [ 22.713675582774865, 52.68691864448293 ], [ 22.717783768487383, 52.676676719339923 ], [ 22.718402113745107, 52.675199568795271 ], [ 22.723305455959196, 52.663474695036271 ], [ 22.728218456649831, 52.651749265317029 ], [ 22.733141746199927, 52.640023258442945 ], [ 22.734793346153548, 52.636077761425696 ], [ 22.738201494509479, 52.628292686700362 ], [ 22.743330855955854, 52.616559646249989 ], [ 22.748464612939877, 52.604826193999138 ], [ 22.751899417994888, 52.596952683317255 ], [ 22.753664971130274, 52.593090355110697 ], [ 22.758992511828477, 52.58135019444294 ], [ 22.764314565738378, 52.569609916949013 ], [ 22.769082528664363, 52.559059696635181 ], [ 22.769647718283665, 52.557868994629622 ], [ 22.775141417346983, 52.546122653539115 ], [ 22.780614436173821, 52.534376665937181 ], [ 22.786060822447514, 52.522631225596228 ], [ 22.78631540691714, 52.522069163518971 ], [ 22.791660709897183, 52.510880557124537 ], [ 22.797226433417983, 52.49913066781766 ], [ 22.802739187988273, 52.487382168133557 ], [ 22.803563537555711, 52.48557175288343 ], [ 22.808356165121587, 52.475629998801381 ], [ 22.813925647630494, 52.463879042504928 ], [ 22.819402879246447, 52.452130753820157 ], [ 22.82078282947549, 52.44905289541245 ], [ 22.824918313446265, 52.440380921509721 ], [ 22.830355579292039, 52.428633314700321 ], [ 22.835641207308274, 52.416890331851128 ], [ 22.837895815844348, 52.411620660675602 ], [ 22.840858235750723, 52.405149293440694 ], [ 22.845952507918305, 52.393411973835768 ], [ 22.850803527820396, 52.381682321668301 ], [ 22.85474799164556, 52.371510478485185 ], [ 22.855396051135212, 52.369960867643059 ], [ 22.859813086339798, 52.358244929642922 ], [ 22.863841682430259, 52.346541503139214 ], [ 22.867417661314356, 52.334852736068619 ], [ 22.870466576215509, 52.323181117242029 ], [ 22.870735222699398, 52.321833117694844 ], [ 22.873018446719609, 52.3115257075413 ], [ 22.874852307762637, 52.299893804696062 ], [ 22.875830740468835, 52.288289966549073 ], [ 22.875809351114182, 52.27671896984652 ], [ 22.874618717693878, 52.2651863924903 ], [ 22.872059728617277, 52.253698751200865 ], [ 22.86789798905286, 52.242263662271945 ], [ 22.86298728495337, 52.232943079264594 ], [ 22.861903929611621, 52.230888494085136 ], [ 22.854036425149072, 52.219574329660688 ], [ 22.843762006225013, 52.208338213387478 ], [ 22.840327235719787, 52.205297852356765 ], [ 22.831191343141079, 52.197175939165241 ], [ 22.818586219569603, 52.188026916812227 ], [ 22.815950888411074, 52.186098891130236 ], [ 22.798220128013767, 52.175100268984828 ], [ 22.797185667489192, 52.174545304244234 ], [ 22.778128895951888, 52.164174804105002 ], [ 22.775974950462921, 52.1631463910661 ], [ 22.755764886494973, 52.153318510449701 ], [ 22.754875198970652, 52.152932248263127 ], [ 22.733855986441739, 52.143561178055108 ], [ 22.731567256694426, 52.142516197115619 ], [ 22.712892361530912, 52.134748809976841 ], [ 22.70587941159603, 52.131755940992306 ], [ 22.691966049944089, 52.126284505919649 ], [ 22.678981503411674, 52.121028024462042 ], [ 22.671066426826556, 52.118045489279815 ], [ 22.651215432877503, 52.110321024408464 ], [ 22.650186039915312, 52.109944791388479 ], [ 22.629326389032318, 52.102003464782506 ], [ 22.623259878320511, 52.099613448613354 ], [ 22.60847561344444, 52.09407768331198 ], [ 22.5951443898755, 52.088904259217557 ], [ 22.587629228816716, 52.086111963458279 ], [ 22.567092320761422, 52.078186573557076 ], [ 22.566784555421751, 52.078072069630018 ], [ 22.545943554909549, 52.069981439755516 ], [ 22.53964822364134, 52.067444061901533 ], [ 22.525098127036653, 52.06173644419755 ], [ 22.512700094210981, 52.056680485928425 ], [ 22.504245939796263, 52.053304496274286 ], [ 22.486408892591353, 52.045891413381646 ], [ 22.483384757717506, 52.044653427789349 ], [ 22.462512626935027, 52.035753893454718 ], [ 22.460971939419096, 52.035071475753753 ], [ 22.441626411253765, 52.026560411023226 ], [ 22.436503098898552, 52.024217894428183 ], [ 22.420721819983545, 52.017011201509789 ], [ 22.41297078531127, 52.013332181119345 ], [ 22.399795279613535, 52.007052323781892 ], [ 22.390429518127462, 52.002413318746427 ], [ 22.378842534726527, 51.996619360555783 ], [ 22.368910999730364, 51.991460960805519 ], [ 22.357858488896252, 51.985634935666688 ], [ 22.348427861492681, 51.980475300473472 ], [ 22.336837007541622, 51.974005614109984 ], [ 22.328977578354699, 51.969456941512263 ], [ 22.315770670096715, 51.961617981220336 ], [ 22.310546313366199, 51.958406777263086 ], [ 22.29465045464967, 51.948333627077382 ], [ 22.293112517131533, 51.947325881840754 ], [ 22.276690751261995, 51.936214285012603 ], [ 22.27346287466947, 51.933948925910428 ], [ 22.261222441569021, 51.925074027041696 ], [ 22.252193076796679, 51.918235484011561 ], [ 22.246649610124127, 51.91390707738632 ], [ 22.232957018097729, 51.902714180824745 ], [ 22.230821407063708, 51.900891311508964 ], [ 22.220124104847645, 51.891496201024076 ], [ 22.209316972632596, 51.881447621704453 ], [ 22.208067964316008, 51.880255675238246 ], [ 22.196790829386011, 51.86899277552898 ], [ 22.187637396032098, 51.859258763380929 ], [ 22.186214377578928, 51.857709843241018 ], [ 22.176321380964403, 51.846407527592341 ], [ 22.167057057909965, 51.835087472225489 ], [ 22.165720002482601, 51.833369188143649 ], [ 22.158382193504202, 51.82375087495577 ], [ 22.150262548813362, 51.812398779744051 ], [ 22.143464516860817, 51.802251253760957 ], [ 22.142661048657807, 51.801032289129822 ], [ 22.135522815499989, 51.789652964462448 ], [ 22.128834827344029, 51.778261233422754 ], [ 22.122564312496518, 51.766858040702466 ], [ 22.120698877405353, 51.76328317628532 ], [ 22.11665405888186, 51.755444968295869 ], [ 22.111087341328101, 51.744022510886396 ], [ 22.105846969600115, 51.732591169358336 ], [ 22.100905961409172, 51.721151697535362 ], [ 22.097125387709909, 51.711905707277779 ], [ 22.096230656725353, 51.709705018679635 ], [ 22.09177102594743, 51.698252480252535 ], [ 22.087539072516936, 51.686793789360102 ], [ 22.083514156384627, 51.675329511159681 ], [ 22.079677188145919, 51.663860166323666 ], [ 22.076010580970564, 51.65238623286713 ], [ 22.072498199209573, 51.640908147989123 ], [ 22.072215680601051, 51.639955815261452 ], [ 22.069085093625461, 51.629427361905769 ], [ 22.065793874027975, 51.617943291548855 ], [ 22.062615868687026, 51.606456172644613 ], [ 22.059540086403882, 51.594966300234262 ], [ 22.056556744850155, 51.583473936522175 ], [ 22.053657231399921, 51.571979312120583 ], [ 22.050834069264312, 51.560482627129808 ], [ 22.048080889418969, 51.54898405204559 ], [ 22.045392408754136, 51.537483728486094 ], [ 22.045331480063368, 51.537218392722629 ], [ 22.042719434805601, 51.525982937364972 ], [ 22.040101463913746, 51.514480655097962 ], [ 22.037537376723602, 51.502976913935967 ], [ 22.035026107264819, 51.491471744587166 ], [ 22.032567701546466, 51.479965148828803 ], [ 22.030163347232001, 51.468457098845164 ], [ 22.027815414255205, 51.456947536278626 ], [ 22.025527507615283, 51.445436370961993 ], [ 22.023304533903488, 51.433923479292467 ], [ 22.021152783510658, 51.4224087021964 ], [ 22.01908003096073, 51.410891842621105 ], [ 22.017095656438965, 51.399372662472111 ], [ 22.015704561956756, 51.39086211891982 ], [ 22.01519950338216, 51.387851169613164 ], [ 22.013386902911598, 51.376327487846645 ], [ 22.011704686744611, 51.364800415591652 ], [ 22.010171512049354, 51.353269477726101 ], [ 22.008808986032879, 51.34173412357282 ], [ 22.007642093755965, 51.330193715766057 ], [ 22.006699721057391, 51.318647516578288 ], [ 22.006015297008876, 51.30709467104063 ], [ 22.005627587721513, 51.29553418598406 ], [ 22.005581683312737, 51.283964903847689 ], [ 22.005930233474039, 51.27238546971482 ], [ 22.006735005910613, 51.26079428950068 ], [ 22.007013887813251, 51.258279637296503 ], [ 22.00797870418597, 51.249191795413815 ], [ 22.009770568126783, 51.237575158941219 ], [ 22.012225784393323, 51.225941383851044 ], [ 22.015454092833121, 51.214287593495477 ], [ 22.019587671523308, 51.202610304506393 ], [ 22.022723915294609, 51.195418832018674 ], [ 22.024637952557139, 51.19090911852755 ], [ 22.030613785177081, 51.179183680625663 ], [ 22.037942398505685, 51.167422738212018 ], [ 22.040460060596942, 51.163970654963393 ], [ 22.046406141941244, 51.155631700416613 ], [ 22.056416723037174, 51.143799544405034 ], [ 22.058759249617466, 51.141387094578796 ], [ 22.067762158640654, 51.131931426507414 ], [ 22.077337986035342, 51.12326821449296 ], [ 22.080870005229883, 51.12001567359966 ], [ 22.09566928198937, 51.108053559298845 ], [ 22.096077006387254, 51.107758418017255 ], [ 22.112005130755016, 51.09604855264466 ], [ 22.114929898536317, 51.094124429512462 ], [ 22.130115699133238, 51.083993613980994 ], [ 22.133856112740595, 51.081735264949124 ], [ 22.149959691282579, 51.071889016242103 ], [ 22.152836040844544, 51.07028163287827 ], [ 22.171494597174348, 51.059735014914516 ], [ 22.171855935982052, 51.059546717741966 ], [ 22.190909416825285, 51.049425565347171 ], [ 22.194424779836066, 51.047538747608023 ], [ 22.209986075026951, 51.039757305392015 ], [ 22.218828132780075, 51.03529723134077 ], [ 22.229079867079541, 51.0304473814506 ], [ 22.244675552994867, 51.023010336756826 ], [ 22.248186645286665, 51.021430431296594 ], [ 22.267305597987846, 51.012689962401595 ], [ 22.271630893573679, 51.010686512396582 ], [ 22.286433040572863, 51.004169225381737 ], [ 22.299618455279017, 50.998327118944722 ], [ 22.305565088904807, 50.995809911773186 ], [ 22.324701664530981, 50.987608204587289 ], [ 22.328551166203564, 50.985933885847345 ], [ 22.34384138317035, 50.979542210769608 ], [ 22.358190504212835, 50.973512964115365 ], [ 22.36298136927876, 50.971569886517763 ], [ 22.38212203784655, 50.96369536328254 ], [ 22.388441339121119, 50.961066569197541 ], [ 22.401261631726999, 50.955892963704429 ], [ 22.419266275762691, 50.948595313262544 ], [ 22.420399175002224, 50.948148192096184 ], [ 22.439534389439512, 50.94045630667712 ], [ 22.450290269825985, 50.93610982760071 ], [ 22.458666062705479, 50.932800087684846 ], [ 22.477794004433349, 50.92517636771305 ], [ 22.481685540857246, 50.923604807899252 ], [ 22.496916875479652, 50.917566737464377 ], [ 22.513205500012866, 50.911087377198591 ], [ 22.516035285730393, 50.909979008391545 ], [ 22.535147308056235, 50.902387371214417 ], [ 22.544721279867652, 50.898561348312647 ], [ 22.554253419960016, 50.894798097673331 ], [ 22.57335362365961, 50.887211127196139 ], [ 22.576304356692578, 50.886024529728132 ], [ 22.592445334653618, 50.879592802984916 ], [ 22.607736341791757, 50.87348362243506 ], [ 22.611531177342631, 50.871977460926665 ], [ 22.630607928911591, 50.864323562579024 ], [ 22.638993006396536, 50.8609395042347 ], [ 22.649676644744424, 50.856645133498183 ], [ 22.668738412737525, 50.848956335146923 ], [ 22.670124356695563, 50.848390740949789 ], [ 22.687788271647566, 50.841194412824471 ], [ 22.70089545162659, 50.835844893465598 ], [ 22.706831052093264, 50.833421285574268 ], [ 22.725863640268599, 50.825597996519129 ], [ 22.731420774994731, 50.823298582653806 ], [ 22.744885123528569, 50.817713822511607 ], [ 22.761644848257504, 50.810753793341 ], [ 22.76389904318637, 50.80981358990153 ], [ 22.782899202285666, 50.801820835827819 ], [ 22.79144832279729, 50.798214645506675 ], [ 22.801889420388569, 50.793783832837889 ], [ 22.820871366360798, 50.785723595474686 ], [ 22.820981155145247, 50.785676545514143 ], [ 22.83983641926562, 50.777535272942849 ], [ 22.84999672591935, 50.773147852761944 ], [ 22.858792350155795, 50.769314912437423 ], [ 22.87773838205861, 50.761053514380528 ], [ 22.878722375481267, 50.760621385921858 ], [ 22.896666808582598, 50.752658909222554 ], [ 22.906936997765452, 50.748104779816408 ], [ 22.915585263498183, 50.74422424644542 ], [ 22.934493438703207, 50.735746340380885 ], [ 22.934835918558498, 50.735591808757313 ], [ 22.953382047617843, 50.727115542027541 ], [ 22.962202884791754, 50.723090061884385 ], [ 22.972259664601918, 50.718435112173395 ], [ 22.989233710015359, 50.710593208138974 ], [ 22.991126255615086, 50.709705251550055 ], [ 23.009973998725499, 50.700834983844231 ], [ 23.015774361709944, 50.698106798575509 ], [ 23.028807255965525, 50.691876935383547 ], [ 23.041915833735654, 50.685628012271408 ], [ 23.047628188381566, 50.682857268991285 ], [ 23.066434776510537, 50.673753386455338 ], [ 23.067664203675601, 50.673156908868592 ], [ 23.085220021222259, 50.664485781709089 ], [ 23.09291764104179, 50.660697334582551 ], [ 23.103991470454556, 50.655142957808046 ], [ 23.117798748774877, 50.648245276556331 ], [ 23.122748824771531, 50.645722389233633 ], [ 23.141490336040029, 50.636205132716171 ], [ 23.142284013670604, 50.635801813974005 ], [ 23.160208399068267, 50.626506299217304 ], [ 23.166284496779269, 50.623370385926414 ], [ 23.178910617028162, 50.616713737555912 ], [ 23.189905476957875, 50.610947504161615 ], [ 23.197596517268746, 50.606823234240871 ], [ 23.213143813667148, 50.598533516977447 ], [ 23.216265568939175, 50.596829990426315 ], [ 23.234914871052627, 50.586702905558539 ], [ 23.23597309486604, 50.586129619349819 ], [ 23.25353954751106, 50.576389485156696 ], [ 23.258353251265522, 50.573737523573094 ], [ 23.272145224970057, 50.565954008768372 ], [ 23.28035045749202, 50.561355056747324 ], [ 23.290731174507371, 50.555389842953815 ], [ 23.301962937848501, 50.548982505521593 ], [ 23.309296594468975, 50.544689656502769 ], [ 23.323189008350109, 50.536620150744767 ], [ 23.327840605217272, 50.533845375946555 ], [ 23.344027005357965, 50.52426826998768 ], [ 23.34636224318675, 50.522848134406317 ], [ 23.364475222961701, 50.511927139817708 ], [ 23.36486045417486, 50.511688213149206 ], [ 23.383330382566207, 50.50031504245721 ], [ 23.384504258322981, 50.49959807934296 ], [ 23.401773981048695, 50.488751948323149 ], [ 23.404138600921318, 50.487280381175069 ], [ 23.420191162094156, 50.477000057381126 ], [ 23.42338517735347, 50.474973985616309 ], [ 23.43858060735284, 50.465047344812696 ], [ 23.442241964115293, 50.462679166686634 ], [ 23.456940883941805, 50.452880735704959 ], [ 23.460706718499459, 50.450396204312767 ], [ 23.475270434515519, 50.440486017112441 ], [ 23.478776950441297, 50.438125385518063 ], [ 23.493567566131148, 50.427847738922445 ], [ 23.496449896867912, 50.425867005529931 ], [ 23.511830437740223, 50.414949101965732 ], [ 23.513722497971106, 50.413621368822966 ], [ 23.530057046107448, 50.401771831518538 ], [ 23.530591374875417, 50.40138879011409 ], [ 23.547020479541082, 50.3891708616286 ], [ 23.548238861348072, 50.388229803781385 ], [ 23.563011858598092, 50.37696769431507 ], [ 23.566373944655627, 50.374306597672422 ], [ 23.578574513626169, 50.364779118665886 ], [ 23.584461846353445, 50.360001411694398 ], [ 23.593702744464345, 50.352605537365498 ], [ 23.60249911512205, 50.345282427014595 ], [ 23.608390351562569, 50.34044737118321 ], [ 23.620481936825602, 50.330114482898878 ], [ 23.62263060792381, 50.328305060188733 ], [ 23.619283797095349, 50.316862448603679 ], [ 23.618232392743622, 50.305328399599546 ], [ 23.618066366042079, 50.305241190313232 ], [ 23.5978979538632, 50.29456023022523 ], [ 23.596831783232705, 50.283026626778977 ], [ 23.596461089844663, 50.282831696665937 ], [ 23.576478473146416, 50.272255602106974 ], [ 23.575988426496046, 50.271997701453031 ], [ 23.556114471112188, 50.261481520937771 ], [ 23.555526131279027, 50.261171640595549 ], [ 23.53574043901374, 50.250704350891517 ], [ 23.535074146518443, 50.250353129239066 ], [ 23.51535692426912, 50.239924064502688 ], [ 23.51463242172737, 50.239541850415613 ], [ 23.494964358627513, 50.229140639167881 ], [ 23.494200913521283, 50.228737555838968 ], [ 23.474859540665513, 50.229460751055207 ], [ 23.455262328559581, 50.219097192247865 ], [ 23.45415321405757, 50.20756430531214 ], [ 23.453368408424978, 50.20714927567851 ], [ 23.433734904851324, 50.196771375580667 ], [ 23.432967359737582, 50.196365146849246 ], [ 23.413308078753587, 50.185975264480639 ], [ 23.412576424021911, 50.185587719185257 ], [ 23.392872557272621, 50.175175973404805 ], [ 23.392195592814705, 50.174817108045154 ], [ 23.372428029334401, 50.164373508620848 ], [ 23.371824864722981, 50.164053508058181 ], [ 23.351974046140555, 50.15356788134865 ], [ 23.350826696684837, 50.142035693151044 ], [ 23.350421002131718, 50.141820221667246 ], [ 23.330354995842686, 50.131227053145103 ], [ 23.330076472762659, 50.131079005812332 ], [ 23.309871839242465, 50.120415309817091 ], [ 23.309742108362737, 50.120346296743193 ], [ 23.289707056339658, 50.112853179373424 ], [ 23.270614912612341, 50.115871769605327 ], [ 23.251522587847457, 50.118914409541183 ], [ 23.232429568903505, 50.121975618255931 ], [ 23.222195428873789, 50.123642195337951 ], [ 23.213340416103879, 50.125107507988986 ] ] ], [ [ [ 23.900387557617599, 53.176188854091315 ], [ 23.900402127919435, 53.176179519049249 ], [ 23.89973791074188, 53.170500802776026 ], [ 23.889283348763179, 53.176637471482557 ], [ 23.900387557617599, 53.176188854091315 ] ] ], [ [ [ 23.861745612409294, 53.200921623208536 ], [ 23.861752894099833, 53.200916965459051 ], [ 23.86131935389108, 53.197163274497328 ], [ 23.856716880730399, 53.201122816478104 ], [ 23.861745612409294, 53.200921623208536 ] ] ], [ [ [ 23.843711282877141, 53.224810824493638 ], [ 23.843723809168299, 53.224802820227239 ], [ 23.842709778853045, 53.215953834933238 ], [ 23.835678393143692, 53.225130273018962 ], [ 23.843711282877141, 53.224810824493638 ] ] ] ] } }
]
}
