{
"type": "FeatureCollection",
"name": "zasieg_DB_cykl_4_gatunek_epsg4326",
"crs": { "type": "name", "properties": { "name": "urn:ogc:def:crs:OGC:1.3:CRS84" } },
"features": [
{ "type": "Feature", "properties": { "gatunek": "DB", "cykl": 4, "typ_zasiegu": "gatunek", "prog_udzialu": 0.05, "zakres": "udzial >= 5%", "udzial_krajowy": 0.065315721008597422, "max_udzialu": 0.17420768922413174, "n_traktow": 10429, "n_traktow_gat": 5060 }, "geometry": { "type": "MultiPolygon", "coordinates": [ [ [ [ 20.581223157030688, 49.565677236242067 ], [ 20.562117599011227, 49.566615034979506 ], [ 20.543014941519314, 49.567667188019037 ], [ 20.523914891014257, 49.56882856949106 ], [ 20.504817165849392, 49.570094179635625 ], [ 20.485721495849287, 49.571459139320964 ], [ 20.466627621855867, 49.572918683054333 ], [ 20.447535295255026, 49.574468150737829 ], [ 20.428444277493583, 49.576102978397486 ], [ 20.409354339595257, 49.577818688090233 ], [ 20.398969213368776, 49.578795052327315 ], [ 20.39026499412962, 49.579601461412217 ], [ 20.37117595000505, 49.581443719311331 ], [ 20.352087327618104, 49.583352345152917 ], [ 20.332998935128433, 49.585323156982035 ], [ 20.313910588115615, 49.587352007611763 ], [ 20.294822109187514, 49.589434772447923 ], [ 20.275733327621079, 49.591567337447131 ], [ 20.273574307023853, 49.591813871770043 ], [ 20.25664346431347, 49.593721664683173 ], [ 20.237552890476625, 49.595913448104 ], [ 20.218461535938687, 49.598141648397785 ], [ 20.199369257205191, 49.600402171991639 ], [ 20.180275916130238, 49.602690883889004 ], [ 20.165111708202826, 49.60452735899139 ], [ 20.161181238570325, 49.604997653600051 ], [ 20.142084695322847, 49.607300760335363 ], [ 20.122986716112379, 49.609618750024254 ], [ 20.10388718607545, 49.611947334969933 ], [ 20.084785995223154, 49.614282146845035 ], [ 20.06568303848368, 49.616618731283218 ], [ 20.061804959236657, 49.617091824843271 ], [ 20.046577723086067, 49.618929540776335 ], [ 20.027470339980169, 49.62122701039813 ], [ 20.008360928765864, 49.623512335358569 ], [ 19.989249407309526, 49.625780791063704 ], [ 19.970135698984237, 49.628027558992926 ], [ 19.95677561919328, 49.62957816741239 ], [ 19.951019577511968, 49.630239748231254 ], [ 19.931900793904084, 49.632402222983067 ], [ 19.912779657440215, 49.634528451538294 ], [ 19.893656117452167, 49.636613380272259 ], [ 19.874530130056012, 49.638651892452252 ], [ 19.855401658494671, 49.640638820409329 ], [ 19.841462412017275, 49.642044259747962 ], [ 19.83627057248313, 49.642563062927017 ], [ 19.817136704720401, 49.644410268425467 ], [ 19.798000319007109, 49.646191082228164 ], [ 19.77886141067194, 49.647900364054884 ], [ 19.759719983660403, 49.649533007781372 ], [ 19.740576050818131, 49.651083964162254 ], [ 19.72142963414019, 49.652548264890278 ], [ 19.702280764979498, 49.653921047771398 ], [ 19.692023620308518, 49.654604330006059 ], [ 19.683129400096924, 49.655191573919666 ], [ 19.663975600400068, 49.656355517921433 ], [ 19.644819524983472, 49.657415467485457 ], [ 19.625661242704808, 49.658367284793059 ], [ 19.606500831879071, 49.659207066542052 ], [ 19.587338380127683, 49.659931169552102 ], [ 19.56817398415264, 49.660536235188474 ], [ 19.549007749434633, 49.661019212220268 ], [ 19.529839789855384, 49.661377377736777 ], [ 19.510670227245644, 49.661608355761487 ], [ 19.491499190861948, 49.661710133227871 ], [ 19.472326816796414, 49.661681073014257 ], [ 19.453153247325353, 49.661519923774698 ], [ 19.433978630203587, 49.661225826351618 ], [ 19.414803117912708, 49.660798316608762 ], [ 19.395626866872352, 49.660237324582475 ], [ 19.376450036624377, 49.659543169910052 ], [ 19.357272789000589, 49.658716553558627 ], [ 19.338095287284819, 49.65775854594046 ], [ 19.318917695380438, 49.656670571563225 ], [ 19.31230644948241, 49.65625109630853 ], [ 19.299740123690516, 49.655445711451108 ], [ 19.280562761856942, 49.65408894153591 ], [ 19.26138580248357, 49.652607257519215 ], [ 19.242209405679013, 49.651003330358378 ], [ 19.223033728402857, 49.649280069219955 ], [ 19.203858923867575, 49.647440591266189 ], [ 19.184685141007936, 49.645488190267137 ], [ 19.179807062717821, 49.64496236716969 ], [ 19.165512465468151, 49.643409031283134 ], [ 19.146341087772676, 49.64121703684205 ], [ 19.127171165342418, 49.638921841879018 ], [ 19.10800282738327, 49.636527194034414 ], [ 19.088836197192588, 49.634036860567988 ], [ 19.084869826616615, 49.633500576006746 ], [ 19.069671357592885, 49.631430420893786 ], [ 19.050508466009887, 49.628728666434277 ], [ 19.031347640305778, 49.625941696316758 ], [ 19.012188980823208, 49.623073153269786 ], [ 19.00498371150157, 49.621961254311991 ], [ 18.993032585394506, 49.620103789928969 ], [ 18.973878565387739, 49.617045372389747 ], [ 18.954727008616214, 49.6139151047309 ], [ 18.935577994380221, 49.610716146254305 ], [ 18.933570071782786, 49.6103719578241 ], [ 18.91643166197359, 49.607413631148127 ], [ 18.89728805668031, 49.604043397001234 ], [ 18.878147239112298, 49.600612590370666 ], [ 18.867935002774246, 49.598745315151696 ], [ 18.859009335405165, 49.597101731407989 ], [ 18.83987444288573, 49.593509426089526 ], [ 18.839649882479829, 49.598709589166035 ], [ 18.839159963871936, 49.610279283903544 ], [ 18.820628071673308, 49.62107757720235 ], [ 18.819392175268771, 49.621820484256354 ], [ 18.81893173883001, 49.633390095017205 ], [ 18.81848590986737, 49.6449597037209 ], [ 18.818054309492226, 49.656529309938527 ], [ 18.817636570088435, 49.668098913247995 ], [ 18.801241807973732, 49.677649821764483 ], [ 18.797931147181284, 49.679636444421426 ], [ 18.782013222566103, 49.688904933905796 ], [ 18.762831061301711, 49.688793861434398 ], [ 18.747374013956676, 49.679537195481878 ], [ 18.743708767006883, 49.677310929042719 ], [ 18.740020204908564, 49.679520920519309 ], [ 18.72446705282978, 49.68856020636651 ], [ 18.720316297485834, 49.691045238507172 ], [ 18.71993062039104, 49.702614510599517 ], [ 18.705147485098898, 49.711203970044799 ], [ 18.685956772230828, 49.71108160764345 ], [ 18.666766175046298, 49.710955592611143 ], [ 18.647575697309403, 49.710825952937626 ], [ 18.642309152703326, 49.713971005195631 ], [ 18.641941490437635, 49.725540041715163 ], [ 18.62821120683784, 49.733502424620141 ], [ 18.622268480182573, 49.737047716286803 ], [ 18.621921179096486, 49.748616713901868 ], [ 18.621584312128011, 49.760185721580676 ], [ 18.621257614304348, 49.771754738543507 ], [ 18.608644319433981, 49.779073099162723 ], [ 18.601617372015948, 49.783258943402281 ], [ 18.601308390699142, 49.794827923573642 ], [ 18.589233540418089, 49.801834485840224 ], [ 18.581681222923162, 49.806328762389128 ], [ 18.581388670637978, 49.81789770757959 ], [ 18.569804258069631, 49.824620776139774 ], [ 18.561773116443671, 49.829395185556756 ], [ 18.569719025859445, 49.834229444620362 ], [ 18.580829734564301, 49.841035621527325 ], [ 18.580562933078308, 49.852604588890827 ], [ 18.588761099611496, 49.857587404485471 ], [ 18.599642793421356, 49.864241955500077 ], [ 18.588650328254438, 49.870634351730303 ], [ 18.580053675669586, 49.875742541090936 ], [ 18.579810846561731, 49.887311524674153 ], [ 18.579575646696089, 49.898880512447626 ], [ 18.579347906600752, 49.910449503839374 ], [ 18.56898753872191, 49.916481231766745 ], [ 18.5597758603862, 49.921946658623931 ], [ 18.549608584829912, 49.927865640461903 ], [ 18.539706721986384, 49.921868744298884 ], [ 18.539702684878193, 49.910298923318337 ], [ 18.530555723950116, 49.904738088936071 ], [ 18.511288766106208, 49.904611017422809 ], [ 18.49202193371034, 49.904480748583033 ], [ 18.482604312984297, 49.910058234597436 ], [ 18.472629800583725, 49.915851464353047 ], [ 18.463018981448482, 49.921539028563402 ], [ 18.453228478754067, 49.927225237095648 ], [ 18.433952845156828, 49.927087659279088 ], [ 18.424081343751933, 49.932922025371091 ], [ 18.414537855741624, 49.938462157296776 ], [ 18.395257892884164, 49.938319347546624 ], [ 18.375978072474581, 49.938173429964053 ], [ 18.35669839763144, 49.93802442175501 ], [ 18.347669099525799, 49.932517426373991 ], [ 18.337576793555829, 49.926352982870817 ], [ 18.32853937943322, 49.920838399947414 ], [ 18.318464405172247, 49.914679913178141 ], [ 18.308217505431486, 49.920718960399711 ], [ 18.299027418106402, 49.926037634949232 ], [ 18.288613813069272, 49.932170239608368 ], [ 18.288364435349713, 49.943738559581433 ], [ 18.288120538075127, 49.955306890024644 ], [ 18.279237228795132, 49.960452673636226 ], [ 18.268522264055132, 49.966754772503208 ], [ 18.259772240246093, 49.971823443178856 ], [ 18.240479643397453, 49.971659154232846 ], [ 18.221187209824013, 49.971491972538161 ], [ 18.210200697866572, 49.977942179299149 ], [ 18.209959568928575, 49.989510332625443 ], [ 18.201512989415274, 49.994401401634462 ], [ 18.182211632886691, 49.99423003997903 ], [ 18.174118831560918, 49.98926074014939 ], [ 18.16311076647516, 49.982513408027302 ], [ 18.151871349469189, 49.989100239868421 ], [ 18.143609429209761, 49.99387908703288 ], [ 18.124308585572624, 49.993699623494948 ], [ 18.112897290870603, 50.00037860717989 ], [ 18.104793519813651, 50.005064493408788 ], [ 18.093282299128987, 50.011796791152079 ], [ 18.093033048120262, 50.023364632327848 ], [ 18.092787551543502, 50.034932479988257 ], [ 18.084830188321277, 50.039536565226037 ], [ 18.07317014656174, 50.04634722193002 ], [ 18.065286905321102, 50.050908145197354 ], [ 18.053549662424057, 50.057758622489899 ], [ 18.045734322706558, 50.062279882046923 ], [ 18.0264065207563, 50.06209048489918 ], [ 18.018920315670695, 50.0574710778656 ], [ 18.007317439309535, 50.050339467065754 ], [ 17.999862974767964, 50.045738649351421 ], [ 18.000083328252693, 50.034170748300014 ], [ 18.007743738552279, 50.029662834497145 ], [ 18.015309982093459, 50.034300946638069 ], [ 18.026825486275037, 50.041379685961587 ], [ 18.038623252466014, 50.034496418987189 ], [ 18.038829670931889, 50.022928330445396 ], [ 18.039032427161796, 50.011360188913216 ], [ 18.027574069833282, 50.004314543273566 ], [ 18.008269650597647, 50.004121490453343 ], [ 17.996478126992201, 50.0109999572541 ], [ 17.988723015289356, 50.015478276608917 ], [ 17.981251491101258, 50.010867268195277 ], [ 17.969661343985024, 50.00372946049746 ], [ 17.950357455360439, 50.003530723698546 ], [ 17.942945964542758, 49.998954720692979 ], [ 17.931309828679616, 49.991779478396801 ], [ 17.923909383843835, 49.987209781147556 ], [ 17.912271424263409, 49.980028028232823 ], [ 17.892977311432535, 49.979824274116858 ], [ 17.88561686852945, 49.975278286454497 ], [ 17.873952907767052, 49.968071344585937 ], [ 17.861957965282297, 49.975048594875204 ], [ 17.854389586683165, 49.979413521397312 ], [ 17.842327611132209, 49.986424368568464 ], [ 17.834816964323394, 49.990756918032709 ], [ 17.822695692872159, 49.997796809644697 ], [ 17.822387240836616, 50.009363667496302 ], [ 17.814950964965423, 50.013654490803766 ], [ 17.7956437948848, 50.013446454103601 ], [ 17.78342566134717, 50.020531678068537 ], [ 17.783112567021767, 50.032098368377966 ], [ 17.775749469984301, 50.036347723507774 ], [ 17.76347088126094, 50.043460697355435 ], [ 17.763156963571031, 50.055027296668854 ], [ 17.762844999627173, 50.066593894335803 ], [ 17.75553682246797, 50.07081123398526 ], [ 17.743193243609547, 50.077952678410654 ], [ 17.735903053051327, 50.082159254476352 ], [ 17.723537137550711, 50.089308095479552 ], [ 17.723219725988212, 50.100874492839445 ], [ 17.715950931047999, 50.105067517114136 ], [ 17.703554824183875, 50.112226432424244 ], [ 17.696293626284991, 50.116414174099113 ], [ 17.68925567567964, 50.11206587675705 ], [ 17.67726424232244, 50.104638302659673 ], [ 17.65792112901072, 50.10442328816805 ], [ 17.645537260366702, 50.111564063006654 ], [ 17.645199248456787, 50.1231300287333 ], [ 17.637922381296534, 50.127325436829231 ], [ 17.625521484592831, 50.134468650866189 ], [ 17.618237432897764, 50.138666844494516 ], [ 17.605837660090959, 50.145803876655883 ], [ 17.598543136317957, 50.15000655764397 ], [ 17.586147460526753, 50.157135699996935 ], [ 17.598117546845771, 50.164560204870476 ], [ 17.605144622763479, 50.168935291059476 ], [ 17.617149940223342, 50.176376049830807 ], [ 17.636521342934213, 50.17661311852607 ], [ 17.65589308196417, 50.176844042683562 ], [ 17.662899607705835, 50.181184363147388 ], [ 17.67494512034644, 50.18863659520558 ], [ 17.694322205343948, 50.18885466821154 ], [ 17.701344950386371, 50.193190306898352 ], [ 17.713388794718593, 50.200631987445107 ], [ 17.732771182097292, 50.200837839163796 ], [ 17.739833432377207, 50.205183902022206 ], [ 17.751852285871752, 50.212600646721057 ], [ 17.758948183018738, 50.216959316893622 ], [ 17.758659307010944, 50.228525847398551 ], [ 17.758371805472102, 50.240092370260314 ], [ 17.751023944268294, 50.244321394627946 ], [ 17.738655623558206, 50.251449607639373 ], [ 17.73131706247619, 50.25567071518396 ], [ 17.718931323015251, 50.262803419525504 ], [ 17.718634786762976, 50.274369711899375 ], [ 17.730623571035188, 50.281761575826181 ], [ 17.73778549522692, 50.28614879633502 ], [ 17.749736465984132, 50.293511770377222 ], [ 17.756953658658002, 50.297924856844737 ], [ 17.749508605721108, 50.302203331085444 ], [ 17.730085648404454, 50.301973060553102 ], [ 17.717751829059374, 50.309068528844186 ], [ 17.717459614469611, 50.320634779890753 ], [ 17.710036493071534, 50.324894225595067 ], [ 17.690604573071109, 50.324658513349554 ], [ 17.683504372110434, 50.320255229292201 ], [ 17.683836451242048, 50.308689485718794 ], [ 17.684167198031723, 50.297123704759308 ], [ 17.672140180275306, 50.289701348338006 ], [ 17.665095841884316, 50.285336685836484 ], [ 17.653049334695623, 50.277896679558417 ], [ 17.64602453180791, 50.273546481178315 ], [ 17.633967776370973, 50.266094517347341 ], [ 17.614559980450331, 50.265861640418272 ], [ 17.602076911874775, 50.27302616963383 ], [ 17.594811961774145, 50.277193814157471 ], [ 17.575399868648571, 50.276958132749705 ], [ 17.568376600963035, 50.272615915896914 ], [ 17.556337666179274, 50.265159285112453 ], [ 17.536930578216214, 50.264924214745349 ], [ 17.52446018219911, 50.272066622408289 ], [ 17.517164651351194, 50.276248121963107 ], [ 17.497753259012079, 50.276010714492671 ], [ 17.490657367294776, 50.271632517507754 ], [ 17.478710333526855, 50.264217203239603 ], [ 17.459303918173539, 50.263981140986182 ], [ 17.452121767240737, 50.25955582261431 ], [ 17.440274974472445, 50.252193300589113 ], [ 17.427957945316091, 50.259231431792969 ], [ 17.427555155061459, 50.270795816636905 ], [ 17.420109370763939, 50.275059024865307 ], [ 17.400698810627262, 50.274820813556552 ], [ 17.388414230957984, 50.281829454392394 ], [ 17.380896677417859, 50.286129434617983 ], [ 17.37357025233305, 50.281622662805809 ], [ 17.373930821168759, 50.270057838526853 ], [ 17.36227426164071, 50.262799898429066 ], [ 17.350131305048048, 50.2697223758896 ], [ 17.349698015920552, 50.281286119319311 ], [ 17.349265339825841, 50.292849849538698 ], [ 17.348833269857536, 50.30441356645948 ], [ 17.341264300876993, 50.308735855029646 ], [ 17.329028370039993, 50.31570038978878 ], [ 17.32143405440214, 50.320033453334489 ], [ 17.302005804651184, 50.319786592902332 ], [ 17.282577726327776, 50.319539566090853 ], [ 17.270478312035017, 50.326413867359875 ], [ 17.262729194251847, 50.330828635308315 ], [ 17.243296836982626, 50.330579026195217 ], [ 17.2312860771411, 50.33739407463969 ], [ 17.223434486374419, 50.341861541143587 ], [ 17.211442850320093, 50.348660405599034 ], [ 17.210957114497671, 50.360222838867557 ], [ 17.203127366833854, 50.364671044873987 ], [ 17.191095704876989, 50.371485444441987 ], [ 17.19060300128789, 50.383047668163336 ], [ 17.182800698990768, 50.387473420598511 ], [ 17.163345939091986, 50.387211270738476 ], [ 17.15566490106896, 50.382498787670556 ], [ 17.144341275328056, 50.375423008393931 ], [ 17.132479835771754, 50.382128748887673 ], [ 17.124437007277031, 50.386685377978132 ], [ 17.112590196927421, 50.393377584391047 ], [ 17.112065777622124, 50.40493901768005 ], [ 17.1040635686233, 50.409465465088466 ], [ 17.084600351563786, 50.409196402738004 ], [ 17.065137344885908, 50.408926575387987 ], [ 17.045674551858266, 50.40865591622466 ], [ 17.03403107456904, 50.415216088048901 ], [ 17.02573333820774, 50.419898214909225 ], [ 17.006266360155418, 50.419623403215496 ], [ 16.986799609314414, 50.41934753167665 ], [ 16.967333089993186, 50.419070520247622 ], [ 16.955999716967352, 50.425440993981162 ], [ 16.947369331042147, 50.43029779266886 ], [ 16.936044037753692, 50.436658703758155 ], [ 16.927396212510427, 50.44152001228332 ], [ 16.916076433885539, 50.447872808191399 ], [ 16.907413732037448, 50.452737159389393 ], [ 16.898978011180031, 50.447565239493215 ], [ 16.888446396736327, 50.440947648271113 ], [ 16.879801423055135, 50.435647115584274 ], [ 16.880209655536124, 50.424084357430814 ], [ 16.870004133879409, 50.417665391278874 ], [ 16.861030878092354, 50.412162973141221 ], [ 16.870488415960359, 50.406867551767604 ], [ 16.881020851008135, 50.400958684354812 ], [ 16.890459121877793, 50.395671731204274 ], [ 16.90100459410251, 50.389750879865353 ], [ 16.910420358126309, 50.384474213047433 ], [ 16.920982077793024, 50.378539561466098 ], [ 16.921379530717971, 50.366976426791084 ], [ 16.921775298856048, 50.355413241631005 ], [ 16.931383308420354, 50.350026044401702 ], [ 16.94174124406133, 50.344198197890364 ], [ 16.942132755385369, 50.332634856898608 ], [ 16.942522604527838, 50.321071466057177 ], [ 16.952315104375732, 50.315578025052694 ], [ 16.96247738575056, 50.309852708848553 ], [ 16.972227489131182, 50.30438070720583 ], [ 16.99164097590495, 50.304804141309567 ], [ 17.001985779320982, 50.298968380826977 ], [ 17.011539657675726, 50.293601963345111 ], [ 17.021924142284835, 50.287739215478531 ], [ 17.022304513624089, 50.276175422929882 ], [ 17.022683348522452, 50.264611583566165 ], [ 17.013000744235253, 50.258525128425298 ], [ 17.003506944538451, 50.252713317685405 ], [ 17.003883271799541, 50.241149432266219 ], [ 17.013958703523038, 50.235489209115599 ], [ 17.023810554842481, 50.229919783268549 ], [ 17.014435088833036, 50.224022451625018 ], [ 16.995046338472591, 50.223788142273449 ], [ 16.985362092477732, 50.229259310314454 ], [ 16.984766441591294, 50.240819375300767 ], [ 16.974683667718921, 50.246543408874736 ], [ 16.964767044729289, 50.240470709913851 ], [ 16.965142789278996, 50.228906868978918 ], [ 16.956269412303801, 50.223316502165368 ], [ 16.936881246953877, 50.223078967221156 ], [ 16.91749328742663, 50.222840150945849 ], [ 16.898105539470855, 50.222599948897489 ], [ 16.887252609854539, 50.21594569099382 ], [ 16.887626353983158, 50.204381920544847 ], [ 16.879736087751997, 50.199398195186802 ], [ 16.860357838242798, 50.199160432491816 ], [ 16.85223946078678, 50.203732873790088 ], [ 16.840461910129303, 50.210394977689411 ], [ 16.828903566375537, 50.203298952813626 ], [ 16.829276123993843, 50.191735247496744 ], [ 16.822124056412289, 50.187209619512778 ], [ 16.802751013285334, 50.1869693326083 ], [ 16.790489308814166, 50.179432960995506 ], [ 16.790857879778716, 50.167869210151864 ], [ 16.791224221587029, 50.156305397029655 ], [ 16.784969020166127, 50.15234047366841 ], [ 16.772007447415934, 50.144367360735629 ], [ 16.766143928847175, 50.140647927487919 ], [ 16.746789604738225, 50.140413112747972 ], [ 16.733203415512317, 50.132045197823992 ], [ 16.733562590678485, 50.120481286568889 ], [ 16.72852017227693, 50.117277918806835 ], [ 16.714334466558192, 50.108533242828322 ], [ 16.709721475950506, 50.105600493227236 ], [ 16.690381333026806, 50.105367757057294 ], [ 16.671041455079116, 50.105132466711538 ], [ 16.666674329017571, 50.107584785952454 ], [ 16.651142295984872, 50.116329296832269 ], [ 16.631798514037989, 50.116085523957189 ], [ 16.627731504909907, 50.118366357932814 ], [ 16.626948415143591, 50.129921432029768 ], [ 16.61131677731181, 50.138700461637924 ], [ 16.591964665341383, 50.138444852763669 ], [ 16.587957171742062, 50.140688789188928 ], [ 16.587159293749089, 50.152243312339301 ], [ 16.571454991370224, 50.161041647527462 ], [ 16.567241038328067, 50.163398697422664 ], [ 16.566437975358042, 50.174952966029913 ], [ 16.565636980254027, 50.186507255943141 ], [ 16.564838041984139, 50.198061566974928 ], [ 16.56404114882735, 50.209615898922998 ], [ 16.563246288443874, 50.221170251571685 ], [ 16.548583257572016, 50.229358869422185 ], [ 16.543276949409194, 50.232320560086698 ], [ 16.528604976691788, 50.240504234714237 ], [ 16.523292294730112, 50.243467148206307 ], [ 16.508617587602583, 50.25164243745585 ], [ 16.503292356741404, 50.254610009635073 ], [ 16.502478971805193, 50.266163575224496 ], [ 16.488019369396508, 50.274206083385465 ], [ 16.482457143029603, 50.277302435020644 ], [ 16.468008773460127, 50.285329012550207 ], [ 16.462420233967478, 50.288437556687526 ], [ 16.461595879433652, 50.299990611724205 ], [ 16.447376872558351, 50.307877158663196 ], [ 16.441537584172011, 50.311121723637825 ], [ 16.440709115318167, 50.322674540503883 ], [ 16.426725337215085, 50.33041831328088 ], [ 16.407300021098759, 50.330086658319523 ], [ 16.387875117860453, 50.329751408338531 ], [ 16.382123490885121, 50.33294056274346 ], [ 16.381274395476762, 50.344492558791501 ], [ 16.367186585508573, 50.352269323814312 ], [ 16.361157676848183, 50.35560865811334 ], [ 16.366802269438569, 50.35921274611664 ], [ 16.379583522929696, 50.367596651130242 ], [ 16.365920504423254, 50.375133234636763 ], [ 16.359455337244359, 50.378712234000425 ], [ 16.345839930749534, 50.386213881947249 ], [ 16.326393601482575, 50.385856220868746 ], [ 16.306947719967209, 50.385494812036612 ], [ 16.293618279604431, 50.377197978064757 ], [ 16.288154310702467, 50.373703621018123 ], [ 16.282306709832948, 50.376934050353633 ], [ 16.268057327032668, 50.384760575068405 ], [ 16.262131113572377, 50.388031833028599 ], [ 16.26124670464629, 50.399582251314207 ], [ 16.247288945303747, 50.407237427654124 ], [ 16.241052910949467, 50.41067601727282 ], [ 16.227168465933048, 50.418282685139175 ], [ 16.220846257367249, 50.421766018666638 ], [ 16.207038764558323, 50.429322439520703 ], [ 16.20062708292274, 50.432852257913332 ], [ 16.199732034621324, 50.444402001923798 ], [ 16.205917305999527, 50.448361378277021 ], [ 16.212551105776313, 50.444710000262099 ], [ 16.226061294597358, 50.437223250747223 ], [ 16.238403130586182, 50.445326828375016 ], [ 16.225163114950586, 50.452573610658227 ], [ 16.218183199431735, 50.45641611637712 ], [ 16.224694279305272, 50.460580944660691 ], [ 16.244160332485141, 50.461118707674778 ], [ 16.256001085646464, 50.468885748273394 ], [ 16.262952666533558, 50.47332665801391 ], [ 16.282424668023651, 50.473857546293964 ], [ 16.293849840057288, 50.481343617506766 ], [ 16.30123236100733, 50.48605379169426 ], [ 16.312366474061122, 50.493343950152045 ], [ 16.311529549106488, 50.504895608812944 ], [ 16.319389369636259, 50.509905482527508 ], [ 16.327795678323795, 50.505270368634804 ], [ 16.339533359005742, 50.498762054288861 ], [ 16.359017250356136, 50.499278612017115 ], [ 16.369641865549116, 50.506224003664158 ], [ 16.377855657398399, 50.511451126071378 ], [ 16.388207541545054, 50.518213108917401 ], [ 16.396704014180891, 50.523616074253383 ], [ 16.406790433897633, 50.530199544995583 ], [ 16.396015200425317, 50.536123490894113 ], [ 16.386603866194026, 50.541318730830582 ], [ 16.395420073320256, 50.546922594983471 ], [ 16.405205845599959, 50.553305748334793 ], [ 16.404417084601139, 50.56485889735638 ], [ 16.413649550563758, 50.570721675393699 ], [ 16.43316482055905, 50.571217927929403 ], [ 16.442461044588409, 50.577271718351426 ], [ 16.441691023248922, 50.588825431293365 ], [ 16.431914393494065, 50.594200081804892 ], [ 16.421493850976962, 50.599950472322838 ], [ 16.41175325925277, 50.605300313807895 ], [ 16.401286089000497, 50.611071821234908 ], [ 16.391582688643581, 50.616396423080921 ], [ 16.381068032143872, 50.622189480119111 ], [ 16.380287281699257, 50.633742587927898 ], [ 16.370762200676051, 50.638963734708682 ], [ 16.360055300682827, 50.644856354786796 ], [ 16.350567492526682, 50.650052834989538 ], [ 16.339813852143006, 50.655966440894204 ], [ 16.330363288748849, 50.661138490549973 ], [ 16.310805743856818, 50.660743310229492 ], [ 16.291248645745597, 50.660345009775945 ], [ 16.280635728010118, 50.666170454243186 ], [ 16.271026402843152, 50.67141918891609 ], [ 16.25146549875641, 50.671013643869621 ], [ 16.231905055017293, 50.670604940538958 ], [ 16.222568298498352, 50.664800141339157 ], [ 16.223108437561681, 50.653242105804999 ], [ 16.22364448222714, 50.641683954547936 ], [ 16.214382585594944, 50.635780755202696 ], [ 16.194837210469988, 50.635368273061154 ], [ 16.185001247702385, 50.640756154561196 ], [ 16.174604303776533, 50.646419308596471 ], [ 16.155055180309994, 50.645999358027105 ], [ 16.145256708612369, 50.651359594528245 ], [ 16.134808520140641, 50.65704361372115 ], [ 16.115255655022093, 50.656616317232285 ], [ 16.095703282233739, 50.65618573213996 ], [ 16.085611742693242, 50.649882046596993 ], [ 16.076863579480882, 50.644286437383592 ], [ 16.066538347323171, 50.637831843453803 ], [ 16.067100267205138, 50.626274735731187 ], [ 16.058748845089582, 50.620927708240238 ], [ 16.048030327863394, 50.614221429744291 ], [ 16.039931849789248, 50.609032439554383 ], [ 16.028964426456216, 50.602164999743728 ], [ 16.021124140649171, 50.597137655740738 ], [ 16.012674972278621, 50.601748068527456 ], [ 16.000869347766276, 50.60814632842736 ], [ 15.992341606632113, 50.612795879942603 ], [ 16.000250491040571, 50.617869541138298 ], [ 16.010878654455418, 50.624844764218956 ], [ 16.009986187312098, 50.636393228188865 ], [ 16.009097500915935, 50.647941769325158 ], [ 16.008212586419358, 50.659490387477568 ], [ 16.007331436273425, 50.671039082528473 ], [ 15.996484902231739, 50.67691702914054 ], [ 15.9869886617799, 50.682085883098239 ], [ 15.976188372595969, 50.687935952026592 ], [ 15.956625344068831, 50.687480917255527 ], [ 15.937062836145198, 50.687022635075131 ], [ 15.917500852826574, 50.686561099360254 ], [ 15.907044949004799, 50.679990099364502 ], [ 15.898696112566833, 50.674627388302049 ], [ 15.879139940536803, 50.674159603867786 ], [ 15.870208354524431, 50.67900588432807 ], [ 15.869299573544087, 50.690553059477821 ], [ 15.858051193034893, 50.696627995980307 ], [ 15.848923752294166, 50.701575150830671 ], [ 15.848018247977171, 50.713122267281257 ], [ 15.836941214616379, 50.719103073407361 ], [ 15.827636922000019, 50.724140582702823 ], [ 15.826734802469179, 50.735687645318485 ], [ 15.825836717218799, 50.7472347988938 ], [ 15.81503005140727, 50.753069379378275 ], [ 15.795442657131135, 50.752587469765189 ], [ 15.785194367991291, 50.746120370925972 ], [ 15.776645270181678, 50.740618238046565 ], [ 15.757063764767949, 50.740129974866804 ], [ 15.737482816992779, 50.739638473367599 ], [ 15.717902431644125, 50.739143716482111 ], [ 15.698322613617421, 50.738645686018657 ], [ 15.689432997321919, 50.743438340897434 ], [ 15.688507631672742, 50.75498396282039 ], [ 15.677115803991498, 50.76111533353032 ], [ 15.657527542977814, 50.760610781887308 ], [ 15.637939863146782, 50.760102921360271 ], [ 15.629111288112343, 50.764852473385346 ], [ 15.617523476859766, 50.771081595083707 ], [ 15.608686543860463, 50.775831790203029 ], [ 15.597097318238681, 50.78205991415939 ], [ 15.577501796797275, 50.781542193546699 ], [ 15.557906877885541, 50.781021079506715 ], [ 15.538312567494311, 50.780496542297051 ], [ 15.518718871734832, 50.779968551221351 ], [ 15.510268623381002, 50.784497697945937 ], [ 15.498266103805657, 50.790933362498691 ], [ 15.478668837245793, 50.790398528097427 ], [ 15.470321195278336, 50.794866703406875 ], [ 15.458202083101881, 50.801359646612447 ], [ 15.449866593914852, 50.805817690735942 ], [ 15.437725523344834, 50.812320447137388 ], [ 15.426440956947546, 50.805101606885678 ], [ 15.419001093941157, 50.800272476255991 ], [ 15.407560241525564, 50.792948465995245 ], [ 15.408364601093696, 50.781400704572462 ], [ 15.401169961091954, 50.77672625077075 ], [ 15.38158074830168, 50.776173157178583 ], [ 15.373796938734676, 50.780329833668027 ], [ 15.372821837451321, 50.79187212993191 ], [ 15.371851110862957, 50.803414545457265 ], [ 15.370884787037363, 50.814957081211475 ], [ 15.369922898930483, 50.826499738314162 ], [ 15.368965484398309, 50.83804251803766 ], [ 15.356619353954128, 50.84464556569305 ], [ 15.348492712325243, 50.84897550526177 ], [ 15.336099279169009, 50.855601807017266 ], [ 15.328016491025627, 50.859904870092876 ], [ 15.315569341189171, 50.866557832788715 ], [ 15.307536882126282, 50.870830613689051 ], [ 15.295029527006069, 50.877513680441858 ], [ 15.287053956104021, 50.881752737535216 ], [ 15.286104075188918, 50.893295240978091 ], [ 15.285159098900222, 50.904837884677391 ], [ 15.272636559051744, 50.911530598986637 ], [ 15.264675132402228, 50.915756217404102 ], [ 15.263736411210818, 50.927298924444194 ], [ 15.270996860532737, 50.93201940484078 ], [ 15.282354442542982, 50.939466685211137 ], [ 15.289720131316546, 50.944251981841504 ], [ 15.300984996486376, 50.951631744011884 ], [ 15.288603054573294, 50.958261023283896 ], [ 15.280510841901453, 50.962553307815618 ], [ 15.279597206165514, 50.974096856088231 ], [ 15.267085567730339, 50.980795901614016 ], [ 15.247412864133535, 50.980225230027834 ], [ 15.23955627366121, 50.984385712447697 ], [ 15.238646796056988, 50.995929165451344 ], [ 15.225863595404885, 51.002769897425608 ], [ 15.214051246413241, 50.995133605513004 ], [ 15.207126503454701, 50.990630192062483 ], [ 15.195251517082847, 50.98294910956254 ], [ 15.188399057241433, 50.978489335261465 ], [ 15.180853825850175, 50.982478620936845 ], [ 15.179933609160264, 50.994021428883045 ], [ 15.179019474415433, 51.005564421116503 ], [ 15.17811157223222, 51.017107602679602 ], [ 15.164911686935115, 51.024163042535719 ], [ 15.152743554302267, 51.016273903526006 ], [ 15.146183666699134, 51.012002507742956 ], [ 15.13397128882546, 51.00408035738225 ], [ 15.134970694433973, 50.99254041538191 ], [ 15.128429075719914, 50.988276814951391 ], [ 15.121215036411161, 50.992083848120913 ], [ 15.107787898231047, 50.999242596017879 ], [ 15.100712363099186, 51.002973471473119 ], [ 15.099790476822564, 51.014515800088681 ], [ 15.086161000639846, 51.021782577420247 ], [ 15.066475252600178, 51.021176826583648 ], [ 15.053870395716492, 51.012971663339357 ], [ 15.047775813780262, 51.008992331916261 ], [ 15.041040781028208, 51.012537003129474 ], [ 15.027106121418239, 51.019952303470028 ], [ 15.007422754211609, 51.019333462752236 ], [ 14.987740196416965, 51.018710192967717 ], [ 14.974817157625488, 51.010270850742437 ], [ 14.975873669667768, 50.998733787817017 ], [ 14.976922108364871, 50.987196431423293 ], [ 14.991099044773881, 50.979811790530981 ], [ 15.010756583234272, 50.980534826719193 ], [ 15.017447377013905, 50.977013772406991 ], [ 15.018468207350384, 50.965475204698997 ], [ 15.019481575584644, 50.95393636735799 ], [ 15.013379920580311, 50.949943947638971 ], [ 15.000761827290118, 50.941722360757396 ], [ 15.001766607612858, 50.930183313193368 ], [ 14.995714439471834, 50.926219479504304 ], [ 14.983052865298749, 50.917966470159776 ], [ 14.997053889045992, 50.910635388444014 ], [ 15.003755129729512, 50.90710445284558 ], [ 14.997698052639093, 50.903135780208551 ], [ 14.985039239367582, 50.894887728070138 ], [ 14.999036170020291, 50.887546578333776 ], [ 15.005716471444844, 50.884024602708543 ], [ 15.006687252141083, 50.872484317067027 ], [ 15.000666273941679, 50.868536875128854 ], [ 14.981048250017723, 50.867904600510187 ], [ 14.961431041457841, 50.867267939299836 ], [ 14.941814655139588, 50.866626870473326 ], [ 14.935372410883327, 50.870018737076769 ], [ 14.921191195252375, 50.877511787373102 ], [ 14.90157161405382, 50.876862056013572 ], [ 14.881952875844876, 50.87620785702925 ], [ 14.862334987015373, 50.875549176464396 ], [ 14.842717953806268, 50.874886002291845 ], [ 14.823101782304315, 50.874218324426877 ], [ 14.81702910043628, 50.877404618281616 ], [ 14.822493996063596, 50.88100479618938 ], [ 14.835551520724117, 50.889642102993307 ], [ 14.841077795111893, 50.893279991035264 ], [ 14.854086151385959, 50.901876940190412 ], [ 14.853066718276445, 50.913414648771955 ], [ 14.858646389536577, 50.917084191084548 ], [ 14.871623313023923, 50.925647276905607 ], [ 14.87725445145459, 50.92934789006933 ], [ 14.890192295755993, 50.937877249959314 ], [ 14.889198407397719, 50.949416042129009 ], [ 14.894855902604306, 50.953130428824714 ], [ 14.907789823676671, 50.961643801504444 ], [ 14.913488297216807, 50.965382281450871 ], [ 14.926393811417993, 50.973868898114155 ], [ 14.925426474879137, 50.985408792765831 ], [ 14.924465794147778, 50.99694890634327 ], [ 14.930114558540184, 51.00065047202893 ], [ 14.943103142477598, 51.009172236580376 ], [ 14.942159892032516, 51.020713031737124 ], [ 14.947771893082232, 51.024386982908645 ], [ 14.960820764050831, 51.032934146737517 ], [ 14.959895539107421, 51.044475638561501 ], [ 14.958977879053377, 51.056017378962352 ], [ 14.964448052155095, 51.059594307338479 ], [ 14.977673757211969, 51.068236742598955 ], [ 14.976775154071468, 51.079779208373097 ], [ 14.982147297616264, 51.083288657672476 ], [ 14.995495623377643, 51.091996360849706 ], [ 14.99461677706168, 51.103539569947273 ], [ 14.993746586668347, 51.115083062937295 ], [ 14.992885327107039, 51.126626849386923 ], [ 14.992033285829898, 51.138170939296167 ], [ 14.996890687128495, 51.141339095887105 ], [ 15.010814950720498, 51.150387333727267 ], [ 14.995392652348164, 51.158623303822488 ], [ 14.990358074383483, 51.161260071786593 ], [ 14.994906773092127, 51.16422564925513 ], [ 15.009164958006934, 51.173477464701222 ], [ 15.008355404376578, 51.185023038810002 ], [ 15.012666387451636, 51.187830916363076 ], [ 15.027189514537998, 51.197238252908363 ], [ 15.026404097989266, 51.208784699085719 ], [ 15.025630096942725, 51.220331521052223 ], [ 15.024867915846299, 51.231878732703507 ], [ 15.028479466103683, 51.234227785347905 ], [ 15.043757763225232, 51.24409283021626 ], [ 15.043022245924021, 51.255640988078476 ], [ 15.042299750342091, 51.267189574610356 ], [ 15.041590760606852, 51.278738606340802 ], [ 15.040895785018188, 51.290288100618021 ], [ 15.022796660172355, 51.300006895333041 ], [ 15.020568302253965, 51.301171052954565 ], [ 15.019901972486085, 51.312721442392601 ], [ 15.000946982836737, 51.322899415000627 ], [ 14.999600998051282, 51.323601804691272 ], [ 14.998966288169184, 51.335153202003561 ], [ 14.979070879355222, 51.345835366949458 ], [ 14.978695342419016, 51.346031116786925 ], [ 14.978172665547417, 51.356079475324805 ], [ 14.984421837121896, 51.357800996360176 ], [ 14.997590041674899, 51.361395658252057 ], [ 15.017004460288229, 51.366796249093177 ], [ 15.031819167450561, 51.370991443004222 ], [ 15.036415971480119, 51.37228188997549 ], [ 15.055825531258243, 51.377842710717616 ], [ 15.075232598518728, 51.383486129339474 ], [ 15.077293577080544, 51.384097842934644 ], [ 15.094638164361958, 51.389201735125773 ], [ 15.114042015233121, 51.394993114751784 ], [ 15.12107760515031, 51.397130180812091 ], [ 15.133444607521342, 51.400855991102532 ], [ 15.152846243649194, 51.406787836714273 ], [ 15.163525307095753, 51.410101990199834 ], [ 15.172247092537235, 51.412787671720046 ], [ 15.19164755825568, 51.418851672142246 ], [ 15.204817624283072, 51.423020615736348 ], [ 15.211047858669824, 51.424978187770698 ], [ 15.230448246613836, 51.431165112073877 ], [ 15.245114461758998, 51.435892429779585 ], [ 15.249849177523604, 51.437407826690624 ], [ 15.26925063498571, 51.443707404457797 ], [ 15.284559422280276, 51.448723035304965 ], [ 15.288653378213581, 51.450055387135599 ], [ 15.308057113382713, 51.456456182118899 ], [ 15.323283597271974, 51.461517424995279 ], [ 15.327462871181824, 51.462897807724971 ], [ 15.346870158156751, 51.46938709826226 ], [ 15.361408626323696, 51.47428010669298 ], [ 15.366280168489766, 51.475909816782249 ], [ 15.385692349776802, 51.482473499739072 ], [ 15.399049201918741, 51.487015203289928 ], [ 15.405107898013107, 51.489063637149748 ], [ 15.424526383140714, 51.495686174517246 ], [ 15.436315173144301, 51.499726533650289 ], [ 15.443948808804096, 51.502328785051326 ], [ 15.463375067757701, 51.5089932130265 ], [ 15.473313385779191, 51.512417680051264 ], [ 15.482805765049845, 51.515672003132003 ], [ 15.502241315480516, 51.522360021935341 ], [ 15.51014938226392, 51.525092046702255 ], [ 15.521681726610122, 51.529057363971816 ], [ 15.541128114213338, 51.535749522415671 ], [ 15.546929070445371, 51.537752913042141 ], [ 15.56057971508023, 51.54244657080725 ], [ 15.580038487157019, 51.54912255267952 ], [ 15.583760452135968, 51.55040348462213 ], [ 15.59950276563899, 51.555799467018652 ], [ 15.618975438584551, 51.562438477149961 ], [ 15.620755479175756, 51.563046943390781 ], [ 15.638453866470662, 51.569074746398172 ], [ 15.657941888692495, 51.575655983853068 ], [ 15.658032073304588, 51.575686498036987 ], [ 15.677435889080279, 51.582230834712703 ], [ 15.695699145132657, 51.588324950110056 ], [ 15.69694031122461, 51.588738028902775 ], [ 15.716451514099791, 51.595226892898403 ], [ 15.73392006806551, 51.600966473356983 ], [ 15.735973614056279, 51.601639803159799 ], [ 15.755503157963721, 51.608023876899985 ], [ 15.772844114804762, 51.613614631863612 ], [ 15.77504410311796, 51.614322873655603 ], [ 15.794592905945533, 51.620585581669694 ], [ 15.812632356958725, 51.626273099269355 ], [ 15.814153704263941, 51.62675238423563 ], [ 15.833722456437899, 51.632879598793679 ], [ 15.853303894348629, 51.638898254048307 ], [ 15.853459238065721, 51.638945670453083 ], [ 15.872893080121658, 51.644878128420785 ], [ 15.892495079342806, 51.650744544258131 ], [ 15.895504620757944, 51.651636014086705 ], [ 15.912105596013157, 51.656558604617793 ], [ 15.931728207975198, 51.662266456411984 ], [ 15.938988363572298, 51.664348547870105 ], [ 15.951360364592482, 51.667904115634897 ], [ 15.971003386938547, 51.673450511476638 ], [ 15.984124839530061, 51.677087172363031 ], [ 15.990657296584599, 51.678903623032127 ], [ 16.010320283854398, 51.684289152681735 ], [ 16.029995579782582, 51.689556505542562 ], [ 16.03112666646614, 51.689855347627201 ], [ 16.049678154832183, 51.694780702741824 ], [ 16.069372356100757, 51.699893699472561 ], [ 16.080212884475497, 51.702656268401121 ], [ 16.089075879756759, 51.704929200686109 ], [ 16.108788014659741, 51.709896842381262 ], [ 16.128511227058532, 51.714756385490517 ], [ 16.131538391207101, 51.715491090545456 ], [ 16.148240929282338, 51.719578545151329 ], [ 16.167980342500485, 51.724311078957086 ], [ 16.185213378354341, 51.728359504297138 ], [ 16.187729200918685, 51.728956455865941 ], [ 16.207483471169326, 51.733578294696905 ], [ 16.227247154987118, 51.738110802108928 ], [ 16.24120912698897, 51.741257598807948 ], [ 16.247018370096903, 51.742583074035096 ], [ 16.266794753572889, 51.747032986590789 ], [ 16.286579410632331, 51.751408310011271 ], [ 16.299280418288404, 51.754176403687673 ], [ 16.306370136662864, 51.755744493593419 ], [ 16.326165201937783, 51.760069979529462 ], [ 16.34596738049196, 51.764337289722974 ], [ 16.358946444865762, 51.767102023120827 ], [ 16.365774529459845, 51.768581955455844 ], [ 16.385584775672228, 51.772835898772037 ], [ 16.405401001321337, 51.777049137805356 ], [ 16.419468076804069, 51.780015792614769 ], [ 16.425221330167005, 51.781253720780555 ], [ 16.445043321814921, 51.785492651296941 ], [ 16.464870234407059, 51.789708672555548 ], [ 16.479928401910442, 51.79289673440951 ], [ 16.484700444995845, 51.793930438501555 ], [ 16.504530961121279, 51.798212290717004 ], [ 16.524365470008163, 51.802488401030125 ], [ 16.539391876169294, 51.805725372968688 ], [ 16.544202343425273, 51.806788610759682 ], [ 16.564038556665952, 51.811169603818094 ], [ 16.583878029990093, 51.815560108148489 ], [ 16.597083170919394, 51.818487395031433 ], [ 16.603718622185927, 51.820000730139611 ], [ 16.623558323436392, 51.824530912173337 ], [ 16.64340082589429, 51.829082204164479 ], [ 16.652508348355319, 51.831175574301405 ], [ 16.663242753016654, 51.833720374370614 ], [ 16.683084631680412, 51.838437392813724 ], [ 16.702929216866057, 51.843181203781157 ], [ 16.705474767287459, 51.843789385614166 ], [ 16.722771048751095, 51.848060670774025 ], [ 16.742615022048859, 51.852981568248239 ], [ 16.756106852681423, 51.856334554994568 ], [ 16.762459953214883, 51.857968870637933 ], [ 16.782303814285115, 51.863065594160517 ], [ 16.802151366898215, 51.8681770477478 ], [ 16.804658499668669, 51.868818863598001 ], [ 16.821997066856937, 51.873418384051035 ], [ 16.841846519544994, 51.878676147106276 ], [ 16.851644229403888, 51.881254309728867 ], [ 16.861697524246846, 51.88399719890085 ], [ 16.881550934228692, 51.889365197159265 ], [ 16.897541789925718, 51.893651327584585 ], [ 16.901409321397175, 51.894726318273392 ], [ 16.921269403942613, 51.90015150249949 ], [ 16.941137346334052, 51.905507852683769 ], [ 16.943100192630506, 51.906024302271447 ], [ 16.961008030138899, 51.91090642657467 ], [ 16.980887655388358, 51.916210338269458 ], [ 16.989302849312903, 51.918390445221036 ], [ 17.000773974772599, 51.921467445592675 ], [ 17.020669031455601, 51.926629991484972 ], [ 17.037185207244168, 51.930766274631452 ], [ 17.040575036473633, 51.931644457527071 ], [ 17.060489292916078, 51.936568941664689 ], [ 17.080417052356108, 51.941277752008673 ], [ 17.088952203317312, 51.94318555877215 ], [ 17.100356045703112, 51.945817952162017 ], [ 17.120307821325831, 51.950147285257174 ], [ 17.140274653437473, 51.954204155061618 ], [ 17.148236270084087, 51.955700354326076 ], [ 17.160254503995848, 51.958029624160119 ], [ 17.180248693337443, 51.96158360755264 ], [ 17.200258668743245, 51.964821071616761 ], [ 17.220284315475354, 51.967734376314887 ], [ 17.225981824027642, 51.968464694567047 ], [ 17.240323839409299, 51.970358374526718 ], [ 17.260378379951163, 51.972653759667111 ], [ 17.280448242094231, 51.974601170993289 ], [ 17.300533029860315, 51.97619883338605 ], [ 17.320632303780535, 51.977446023608572 ], [ 17.340745587875787, 51.978342945899129 ], [ 17.360872376644956, 51.978890598563758 ], [ 17.381012141943611, 51.979090633954641 ], [ 17.401164339655061, 51.978945213923097 ], [ 17.42132841607533, 51.978456862488194 ], [ 17.441503813953844, 51.977628317070597 ], [ 17.461689978150854, 51.976462379220877 ], [ 17.481886360891515, 51.97496176532416 ], [ 17.502092426614233, 51.973128957290641 ], [ 17.509108106836095, 51.972390354465325 ], [ 17.522306254085571, 51.971008678123887 ], [ 17.542527665547698, 51.968594402483937 ], [ 17.562756869934567, 51.96586713993495 ], [ 17.582993378425769, 51.962828922871367 ], [ 17.589268072796369, 51.961811556652322 ], [ 17.603234618703038, 51.959548922929159 ], [ 17.623480940035591, 51.956005027016197 ], [ 17.643732783911581, 51.952170730760542 ], [ 17.649839164679829, 51.950955297463622 ], [ 17.663987262335503, 51.948129935927192 ], [ 17.684244966390008, 51.943852877550981 ], [ 17.701636799313476, 51.939971536717955 ], [ 17.704505944614247, 51.939326743252842 ], [ 17.724766953666101, 51.934654003237632 ], [ 17.745030435579142, 51.929740027293285 ], [ 17.748394705471647, 51.928911586211683 ], [ 17.765292808920847, 51.924703405959058 ], [ 17.785555736794041, 51.919476400775672 ], [ 17.791983358648601, 51.917800646001169 ], [ 17.805816844586531, 51.914138816872608 ], [ 17.826076636354692, 51.908665642440056 ], [ 17.833509495406265, 51.906653199236302 ], [ 17.84633348783327, 51.903113165563198 ], [ 17.866587472999374, 51.897474267922419 ], [ 17.873820560921565, 51.895479532933763 ], [ 17.886837134762029, 51.891803272417164 ], [ 17.907082486868223, 51.886097940398713 ], [ 17.913663506004784, 51.884287787342352 ], [ 17.927321975429503, 51.880421727090365 ], [ 17.947555618938932, 51.874775678200137 ], [ 17.953870107947267, 51.873085831753222 ], [ 17.967781759685337, 51.86923413427607 ], [ 17.988000229362935, 51.863811067196579 ], [ 17.995644183578971, 51.86188357380135 ], [ 18.008209450776349, 51.858585660549096 ], [ 18.028408663040029, 51.853605829419514 ], [ 18.041225308272079, 51.850697618200655 ], [ 18.048596667710612, 51.848944318691963 ], [ 18.068771524755849, 51.844716133532735 ], [ 18.088932324754467, 51.84099543071104 ], [ 18.098570693567844, 51.839584793451017 ], [ 18.109076381406517, 51.837953073803803 ], [ 18.129201175670513, 51.835767042347918 ], [ 18.149303747379278, 51.834655476838776 ], [ 18.169379705359429, 51.834935235990315 ], [ 18.189423136816757, 51.837038981905408 ], [ 18.204402811448261, 51.840348230427587 ], [ 18.209425267016098, 51.841606015360746 ], [ 18.229371332354887, 51.849691408357657 ], [ 18.23348658619549, 51.852107488258213 ], [ 18.249235473672794, 51.863126058142988 ], [ 18.249941951885923, 51.863779663212789 ], [ 18.260745368335492, 51.875414118760801 ], [ 18.268946193904423, 51.886746005524664 ], [ 18.269115885724677, 51.887032460602164 ], [ 18.27484075959169, 51.898633902068823 ], [ 18.279120126268182, 51.910226190962277 ], [ 18.282103792175125, 51.921810401429035 ], [ 18.283904501777936, 51.933387320288311 ], [ 18.284607321155157, 51.944957520936882 ], [ 18.284276280869307, 51.956521414291458 ], [ 18.282959158057455, 51.96807928446983 ], [ 18.280690967910072, 51.979631314081594 ], [ 18.27749654205741, 51.9911776022808 ], [ 18.273392448523566, 52.002718177660093 ], [ 18.268388427719728, 52.014253007380681 ], [ 18.266820792739725, 52.017251702003463 ], [ 18.262269534856372, 52.025780632838718 ], [ 18.255164051588295, 52.037301693517001 ], [ 18.247156763800188, 52.048816554649093 ], [ 18.246105105460124, 52.050143368087042 ], [ 18.237894982770086, 52.060322754197188 ], [ 18.227686255599764, 52.071822014666225 ], [ 18.225514698810532, 52.074022303341621 ], [ 18.216209223790333, 52.083311955836692 ], [ 18.204977893479654, 52.093640616479746 ], [ 18.20370745752404, 52.094793855589174 ], [ 18.18987734855115, 52.106265304670913 ], [ 18.184474825511394, 52.110415584711035 ], [ 18.174864423848156, 52.117726857327348 ], [ 18.16398915370856, 52.125433189057347 ], [ 18.158665406179335, 52.129178041457749 ], [ 18.143514797995547, 52.139138179060872 ], [ 18.14125283521787, 52.14061817154721 ], [ 18.123048509106162, 52.151788867337061 ], [ 18.122627473218433, 52.152046719178436 ], [ 18.102813947106732, 52.163463300714746 ], [ 18.102587704938731, 52.163586418776006 ], [ 18.08212926740342, 52.174739813613343 ], [ 18.08189505263524, 52.174867965518843 ], [ 18.061671796601548, 52.185357906637812 ], [ 18.059943552994113, 52.186260709039296 ], [ 18.041213251176469, 52.195569954502467 ], [ 18.037086384608131, 52.19764199453995 ], [ 18.020752053620456, 52.205473167503236 ], [ 18.013466508710582, 52.209012494477179 ], [ 18.000286815734725, 52.215148263561403 ], [ 17.989243730905894, 52.220373122942583 ], [ 17.979816299575962, 52.22466284479286 ], [ 17.964587999198912, 52.23172500273806 ], [ 17.959339382748688, 52.234074183562278 ], [ 17.939672458826294, 52.243069420679191 ], [ 17.938855027430694, 52.243431524932348 ], [ 17.918364842560717, 52.252671520449439 ], [ 17.914609020201148, 52.254407243539333 ], [ 17.897865623100326, 52.261929778387263 ], [ 17.889617871976231, 52.265740450222737 ], [ 17.877355786968984, 52.271267592359685 ], [ 17.864859276359645, 52.277070628907893 ], [ 17.856834341042308, 52.280718884532185 ], [ 17.84046073957343, 52.288399178961015 ], [ 17.836300262264441, 52.290316267357625 ], [ 17.816529641605506, 52.299727400232321 ], [ 17.815752473758813, 52.300092045460303 ], [ 17.795191206954161, 52.31002806666546 ], [ 17.793132578724077, 52.311056257569476 ], [ 17.774613878651703, 52.320209279242974 ], [ 17.770359191071364, 52.322387001407762 ], [ 17.754018561300207, 52.330691533037793 ], [ 17.74826436680403, 52.333720573589005 ], [ 17.733403711500699, 52.341513472823443 ], [ 17.726878416573868, 52.345057680712593 ], [ 17.712767603289031, 52.352717433657062 ], [ 17.706217971639969, 52.356398888852311 ], [ 17.692108296321095, 52.364350201153215 ], [ 17.686288372557158, 52.367744636801781 ], [ 17.671423601773451, 52.376463770430128 ], [ 17.667085966645285, 52.379095251852931 ], [ 17.650711045875802, 52.389116105119157 ], [ 17.648600225558731, 52.390450966704002 ], [ 17.630809783102027, 52.401811868667529 ], [ 17.629968384472054, 52.402354032028555 ], [ 17.613681402295573, 52.413177880422936 ], [ 17.609193760963553, 52.416209044925452 ], [ 17.597207476263527, 52.424549198009686 ], [ 17.58838224403301, 52.430806793477934 ], [ 17.581364915859449, 52.435925816438328 ], [ 17.567529837776348, 52.446236346558393 ], [ 17.566130543798067, 52.447307706907601 ], [ 17.551446633965931, 52.458694395896977 ], [ 17.546634949032015, 52.46250828332925 ], [ 17.537306587162945, 52.470086005425493 ], [ 17.525691016538367, 52.47978089803631 ], [ 17.523698553733308, 52.481482581209818 ], [ 17.510557747498954, 52.492883489743932 ], [ 17.50469492099759, 52.498101478208667 ], [ 17.497883601138703, 52.504288878240992 ], [ 17.485657936830471, 52.515698662703038 ], [ 17.483640069841506, 52.517615066976653 ], [ 17.4738176499311, 52.527112167018501 ], [ 17.462521773563996, 52.538403455809181 ], [ 17.462397261701348, 52.538529954253505 ], [ 17.451299385405772, 52.549950870504375 ], [ 17.441334683476228, 52.560561840302661 ], [ 17.440580751892625, 52.561375752904986 ], [ 17.430144865516752, 52.572803423788798 ], [ 17.42007246452954, 52.584206845837556 ], [ 17.420048128101175, 52.584234709734538 ], [ 17.410186558940023, 52.595668300446988 ], [ 17.400623094218968, 52.607105103977126 ], [ 17.398730325937642, 52.609405503474257 ], [ 17.391272195201267, 52.618544029774426 ], [ 17.382165940406487, 52.629985565695272 ], [ 17.377303513579676, 52.636219321173236 ], [ 17.373263540572033, 52.64142920728515 ], [ 17.364545099284562, 52.652874725238114 ], [ 17.356033058096557, 52.664322470974298 ], [ 17.355789202439741, 52.664654139702471 ], [ 17.347641087493322, 52.675771284615649 ], [ 17.339425478215794, 52.687221980095892 ], [ 17.334187269162712, 52.69464363381087 ], [ 17.331345716399369, 52.698674023194023 ], [ 17.323371537258311, 52.710127013258912 ], [ 17.31553411552353, 52.721581414283527 ], [ 17.312499818569741, 52.726066579243536 ], [ 17.307778477703607, 52.733036468413943 ], [ 17.300112034191415, 52.744492297768915 ], [ 17.292547402048402, 52.755949101100626 ], [ 17.290732354674073, 52.758720826620873 ], [ 17.28502517239902, 52.767406038638377 ], [ 17.277572710463353, 52.778863515817299 ], [ 17.270193473343941, 52.790321596071323 ], [ 17.268892776470285, 52.792354318000861 ], [ 17.262828888043277, 52.801779435340258 ], [ 17.255514331329096, 52.813237556583267 ], [ 17.248250550794037, 52.82469598004829 ], [ 17.246990327694434, 52.826694814505935 ], [ 17.240983035357729, 52.836153907135824 ], [ 17.233747763266468, 52.847611872740757 ], [ 17.226546869699831, 52.859069914698672 ], [ 17.22503405688532, 52.861489240154967 ], [ 17.219331631985543, 52.870527308558778 ], [ 17.212134544557582, 52.881984541252102 ], [ 17.204961450780679, 52.893441704515475 ], [ 17.203031249303489, 52.896540510608752 ], [ 17.197770160332936, 52.904898162562112 ], [ 17.190587769905232, 52.916354325156824 ], [ 17.183424932964421, 52.927810356982619 ], [ 17.180986208583803, 52.931733014855567 ], [ 17.176246226769102, 52.939265717919774 ], [ 17.169072551799069, 52.950720727438835 ], [ 17.161919779211043, 52.962175632119262 ], [ 17.158899503763628, 52.967045048112205 ], [ 17.15475939888389, 52.973629993175557 ], [ 17.147605515800244, 52.985084029297276 ], [ 17.140479406784028, 52.996538074658361 ], [ 17.136767541034011, 53.002552645121703 ], [ 17.133359885971608, 53.007991801670627 ], [ 17.126253115225531, 53.019445308788825 ], [ 17.119186158348079, 53.030899026493294 ], [ 17.11458216663188, 53.038432312487409 ], [ 17.112146124306896, 53.042352757236131 ], [ 17.105128972652501, 53.053806441482571 ], [ 17.098168472655406, 53.065260623261167 ], [ 17.092329945352194, 53.074970777611803 ], [ 17.091261780100755, 53.0767152667703 ], [ 17.084390915298084, 53.0881700918072 ], [ 17.077598077247337, 53.099625786317752 ], [ 17.070888153672239, 53.111082442650137 ], [ 17.069987515498518, 53.112661424351096 ], [ 17.064238823258815, 53.122539711524958 ], [ 17.057688475346467, 53.133998229344883 ], [ 17.051248682385808, 53.145458201504113 ], [ 17.047517996108095, 53.152269824100735 ], [ 17.044914851435976, 53.156919570074031 ], [ 17.038696454535348, 53.168382507544784 ], [ 17.032621756944572, 53.17984749844814 ], [ 17.026700334370794, 53.191314722754996 ], [ 17.024861091292255, 53.19503060212871 ], [ 17.020928916877555, 53.202784148266389 ], [ 17.015333917106464, 53.214256236078896 ], [ 17.00993595348692, 53.225731354541672 ], [ 17.004749406831788, 53.237209770206896 ], [ 17.001871241792003, 53.243942408324251 ], [ 16.999785473678916, 53.248691697480133 ], [ 16.995066029933483, 53.260177530961947 ], [ 16.990620257044363, 53.27166779025405 ], [ 16.986471329020102, 53.283162895837592 ], [ 16.982645827808525, 53.294663326766489 ], [ 16.979174424084658, 53.306169632065647 ], [ 16.977984180345867, 53.310699670032577 ], [ 16.976093626236235, 53.317682460147566 ], [ 16.97344788785081, 53.329202594258618 ], [ 16.971285363719115, 53.340730879691222 ], [ 16.969662652936403, 53.352268303011627 ], [ 16.968647220517997, 53.363816031515434 ], [ 16.968320122224263, 53.375375456968335 ], [ 16.968779578263153, 53.386948252415756 ], [ 16.970145720551205, 53.398536446827293 ], [ 16.972566988615004, 53.410142524436012 ], [ 16.973172461175327, 53.412180835748345 ], [ 16.976267783502827, 53.421770218202532 ], [ 16.981483066170135, 53.433423373089262 ], [ 16.988521798458365, 53.445106985300392 ], [ 16.992209887692812, 53.449998376308798 ], [ 16.997909733135266, 53.456829534820017 ], [ 17.010258647331085, 53.468600644485377 ], [ 17.012109479166288, 53.470085471756718 ], [ 17.026704923365489, 53.480438152003991 ], [ 17.032322996145886, 53.483791927950556 ], [ 17.048851841651846, 53.492366530142554 ], [ 17.05270501222061, 53.4941026611179 ], [ 17.073199420929658, 53.502150966564663 ], [ 17.079977321279816, 53.504435282185035 ], [ 17.093772518176287, 53.50861691966491 ], [ 17.114403430292914, 53.513919990603412 ], [ 17.127379587886431, 53.516751902521982 ], [ 17.135079892441421, 53.518301532992297 ], [ 17.155793909427796, 53.521915070621688 ], [ 17.176536905595732, 53.524934385250035 ], [ 17.197304337782807, 53.527446149498481 ], [ 17.218092540518988, 53.529520078066128 ], [ 17.220738717385426, 53.529742359868294 ], [ 17.2388990247271, 53.53120076335874 ], [ 17.259720613320908, 53.532551659660477 ], [ 17.280555251650462, 53.533611557197965 ], [ 17.301401279225413, 53.534411278177664 ], [ 17.322257280915586, 53.534976953204563 ], [ 17.343122040520448, 53.53533092071023 ], [ 17.363994504213178, 53.535492437429241 ], [ 17.384873751495295, 53.535478245458229 ], [ 17.405758971923444, 53.53530302937957 ], [ 17.426649446315515, 53.534979788356374 ], [ 17.447544531464576, 53.534520141927786 ], [ 17.4684436476233, 53.533934583732275 ], [ 17.484848592176263, 53.533381370518612 ], [ 17.489346246809191, 53.533233294805989 ], [ 17.51025174469428, 53.532428062649956 ], [ 17.531159753537079, 53.531525666454328 ], [ 17.552069860699415, 53.530534007064553 ], [ 17.572981681180291, 53.529460627315729 ], [ 17.593894853249356, 53.528312817481314 ], [ 17.614809034768783, 53.527097709129634 ], [ 17.635723900088983, 53.525822359717523 ], [ 17.656639137425966, 53.524493829833183 ], [ 17.664715527933801, 53.523961929778473 ], [ 17.677554228296636, 53.523126264290532 ], [ 17.698468917226993, 53.521726141295211 ], [ 17.719383056218796, 53.520296800798015 ], [ 17.740296376253241, 53.518845885044016 ], [ 17.761208614402278, 53.517381345767959 ], [ 17.782119512908338, 53.515911502779701 ], [ 17.80302881844063, 53.514445102391626 ], [ 17.810368103298103, 53.513936630202053 ], [ 17.823936016572375, 53.513000944074804 ], [ 17.844840967033416, 53.511585435137079 ], [ 17.865743571746165, 53.510203876005221 ], [ 17.886643598261681, 53.508867092250199 ], [ 17.907540817042065, 53.507586625919643 ], [ 17.928435001465544, 53.506374804700435 ], [ 17.949325927932335, 53.505244815160239 ], [ 17.970213376069143, 53.504210780722737 ], [ 17.976972420659166, 53.503915283004062 ], [ 17.991096947387263, 53.503295494719431 ], [ 18.011976551131401, 53.502510443059577 ], [ 18.0328520709032, 53.501869226790269 ], [ 18.053723310664342, 53.501390219388796 ], [ 18.0745900799662, 53.501093190573613 ], [ 18.095452194737678, 53.500999428681084 ], [ 18.116309478194108, 53.501131874332124 ], [ 18.137161761877113, 53.50151526678021 ], [ 18.158008886837624, 53.502176304514364 ], [ 18.178850704975904, 53.503143821904786 ], [ 18.199687080554913, 53.504448983932271 ], [ 18.215538795401443, 53.50571891138717 ], [ 18.220517799506293, 53.506130537570655 ], [ 18.241342466796524, 53.508241594032853 ], [ 18.262161283503833, 53.510806907243413 ], [ 18.282974181299391, 53.513870038073527 ], [ 18.303781116307313, 53.517478227820966 ], [ 18.305608012601589, 53.517838902287352 ], [ 18.324581098013851, 53.521744010032201 ], [ 18.34537490868744, 53.526679156306706 ], [ 18.356566602504863, 53.529686821400745 ], [ 18.366161962997207, 53.532388542928473 ], [ 18.386942108479449, 53.538961201924884 ], [ 18.39400590305473, 53.541445189696901 ], [ 18.407714884932226, 53.546520602873386 ], [ 18.423859111520894, 53.553155464996799 ], [ 18.428480445692461, 53.555162487853565 ], [ 18.448780588396083, 53.564835606348545 ], [ 18.44923803583789, 53.565066833988254 ], [ 18.469986691248337, 53.576458281450158 ], [ 18.470047565656305, 53.576494371832418 ], [ 18.488535237177999, 53.58813746255872 ], [ 18.490725271284433, 53.589612392449624 ], [ 18.504837937843178, 53.599768633352191 ], [ 18.511452273871303, 53.604882320607189 ], [ 18.519384528899838, 53.611390504580108 ], [ 18.532165883951293, 53.622711334678463 ], [ 18.532480152800854, 53.623004912228602 ], [ 18.54412201394485, 53.634612324652721 ], [ 18.552859208020767, 53.644103835610515 ], [ 18.55471556695505, 53.646214677174349 ], [ 18.564185789871367, 53.657811976914637 ], [ 18.572805835953012, 53.669405466940674 ], [ 18.573523353993732, 53.670453607556851 ], [ 18.580473127283852, 53.680994973007145 ], [ 18.587380355265129, 53.692581343445063 ], [ 18.593573579607011, 53.704164867160912 ], [ 18.594131228784246, 53.705323562468656 ], [ 18.598993412921622, 53.715745457211824 ], [ 18.603753133466441, 53.727323594256049 ], [ 18.607880598422089, 53.738899449012521 ], [ 18.611390910985151, 53.750473136625466 ], [ 18.61429655428395, 53.762044752294877 ], [ 18.614561057517758, 53.763357414359781 ], [ 18.616577409398253, 53.77361427643585 ], [ 18.618276187883232, 53.785181881469917 ], [ 18.61940241780043, 53.796747623104018 ], [ 18.61996006439928, 53.808311530744383 ], [ 18.619951624653687, 53.819873620936036 ], [ 18.619378288423345, 53.831433898034682 ], [ 18.61824009449661, 53.842992354766778 ], [ 18.616536083051624, 53.854548972698495 ], [ 18.614264445797719, 53.866103722632992 ], [ 18.613592096618603, 53.86882754573832 ], [ 18.611391005445814, 53.877656462433428 ], [ 18.607924406679707, 53.88920717790473 ], [ 18.603869989891955, 53.900755836081501 ], [ 18.599223050578111, 53.912302362530845 ], [ 18.593978655193311, 53.923846672634866 ], [ 18.591976001877594, 53.927793623111121 ], [ 18.588063375186977, 53.935388437214904 ], [ 18.581490088347429, 53.946927603036016 ], [ 18.574287601537907, 53.95846416519899 ], [ 18.570532681513971, 53.963987015543829 ], [ 18.566367544482898, 53.969997692731511 ], [ 18.55771256007073, 53.981527981093549 ], [ 18.549138975227148, 53.992129608356159 ], [ 18.548373887029285, 53.993055065345288 ], [ 18.538152913268394, 54.004578024535526 ], [ 18.527770013550334, 54.01552690529315 ], [ 18.527215467737552, 54.016097287499711 ], [ 18.515297996754772, 54.027611598105722 ], [ 18.506415244653677, 54.035692337690925 ], [ 18.502540108578025, 54.039121244544368 ], [ 18.488778380333091, 54.050625266734556 ], [ 18.485068062165286, 54.05356540267519 ], [ 18.473935589158533, 54.062122984696579 ], [ 18.463726506075485, 54.069573551620792 ], [ 18.458009434913134, 54.073613990451072 ], [ 18.442388039571082, 54.084121204343305 ], [ 18.440887029501962, 54.085097331969074 ], [ 18.422401650377182, 54.096571701555469 ], [ 18.421052623621506, 54.097373248646385 ], [ 18.402449488921512, 54.108035959391302 ], [ 18.399719270544448, 54.109536694566039 ], [ 18.380925541549793, 54.119488840099116 ], [ 18.378387126245094, 54.120781016373613 ], [ 18.35767018861381, 54.130928653553241 ], [ 18.357055870234962, 54.131218597795339 ], [ 18.335725834719131, 54.140906541082671 ], [ 18.332412937731078, 54.142352902163239 ], [ 18.314396444269839, 54.149949774151878 ], [ 18.304987778161863, 54.153759374312457 ], [ 18.293067266757131, 54.158432087265197 ], [ 18.27522021649774, 54.165145545920666 ], [ 18.2717380600598, 54.166416590676036 ], [ 18.250409604203853, 54.173902656757626 ], [ 18.242684623919686, 54.176507012806113 ], [ 18.22908122530183, 54.180967926974276 ], [ 18.207752328961053, 54.187677479149855 ], [ 18.207214808074866, 54.187840448091748 ], [ 18.18642434732077, 54.193986347930505 ], [ 18.168257291423526, 54.199139451232448 ], [ 18.165095454802177, 54.200015822875542 ], [ 18.143767081282988, 54.205717595501149 ], [ 18.125550776659647, 54.210398756456001 ], [ 18.122437813487206, 54.211182230959089 ], [ 18.101108912643294, 54.216368494622536 ], [ 18.079778920689343, 54.221361302960517 ], [ 18.078676356579017, 54.221611191017779 ], [ 18.058449250117093, 54.226111687661721 ], [ 18.037118580177172, 54.230692487779407 ], [ 18.027139334355944, 54.232767917203176 ], [ 18.015787485254357, 54.235090547480972 ], [ 17.994455887673361, 54.239320659157038 ], [ 17.973123149679697, 54.243418935267016 ], [ 17.970755391025854, 54.243861401112916 ], [ 17.9517902332178, 54.247355440847606 ], [ 17.930456264275026, 54.251173606664786 ], [ 17.90915472722725, 54.254881518931086 ], [ 17.909121058765749, 54.254887307783704 ], [ 17.887785576919974, 54.258466834521798 ], [ 17.866448818002041, 54.261956210908039 ], [ 17.845110714552273, 54.265362803190555 ], [ 17.842189785971506, 54.265818883478211 ], [ 17.823772011016768, 54.268664929060641 ], [ 17.802432050474465, 54.271890796020692 ], [ 17.781090646499173, 54.275050684601567 ], [ 17.769966010084932, 54.276665661608106 ], [ 17.759748154634579, 54.278136120808988 ], [ 17.738404626353965, 54.281149161023734 ], [ 17.717059575209262, 54.284109035177387 ], [ 17.695712941495533, 54.287020201886321 ], [ 17.69276283105966, 54.287415464414487 ], [ 17.674365439174803, 54.289862743806538 ], [ 17.653016478187379, 54.292657969072813 ], [ 17.631665894291899, 54.295413007021608 ], [ 17.610855055284915, 54.298061926591423 ], [ 17.610313661618164, 54.298130438657381 ], [ 17.588960634822584, 54.300786943718911 ], [ 17.567605985557726, 54.303409072184493 ], [ 17.546249679347909, 54.305999279737968 ], [ 17.524891684516277, 54.308559801361589 ], [ 17.524556199387401, 54.3085993318779 ], [ 17.503532976352567, 54.311064994431042 ], [ 17.482172692342669, 54.313540598619177 ], [ 17.460810804118427, 54.315988570964201 ], [ 17.439447302334653, 54.318410258622116 ], [ 17.433978998532687, 54.319019752703859 ], [ 17.418083016852901, 54.320785066952553 ], [ 17.396717539406353, 54.323125338919958 ], [ 17.375350619995974, 54.32543874931077 ], [ 17.353982278384123, 54.327725818053445 ], [ 17.338950279686848, 54.329311202199577 ], [ 17.332612910471695, 54.329977742691497 ], [ 17.31124315549587, 54.332180232620161 ], [ 17.289872257251258, 54.334353336589238 ], [ 17.268500273226163, 54.336496747109315 ], [ 17.247127270512625, 54.338609946527072 ], [ 17.238449523368189, 54.339448301581868 ], [ 17.225754188133777, 54.340672200175369 ], [ 17.204380974233842, 54.34268649615403 ], [ 17.183007192811498, 54.344664388520137 ], [ 17.161632964143777, 54.346604429862722 ], [ 17.140258423376878, 54.348504910938694 ], [ 17.130095894825761, 54.349380543926223 ], [ 17.118884584266684, 54.350344969969228 ], [ 17.097511648985787, 54.352122252388511 ], [ 17.076139086399063, 54.353850201091554 ], [ 17.054767108695533, 54.355525934434304 ], [ 17.033395951411791, 54.357146208435097 ], [ 17.012025875897713, 54.358707385272155 ], [ 17.007936790348246, 54.358988699326225 ], [ 16.990658627057417, 54.360175595584955 ], [ 16.969293529453807, 54.361567454707554 ], [ 16.947930614476586, 54.362884707236489 ], [ 16.926570269485467, 54.364121960655467 ], [ 16.905212923076544, 54.365273233310369 ], [ 16.883859049707254, 54.366331894119547 ], [ 16.862509174899376, 54.367290594715641 ], [ 16.848975336462036, 54.36782316775404 ], [ 16.841164477636489, 54.368129824404797 ], [ 16.819825973508035, 54.368833921556416 ], [ 16.798493391823172, 54.369411868598803 ], [ 16.777167492942581, 54.369853217925133 ], [ 16.755849119205603, 54.370146414866753 ], [ 16.734539204347399, 54.370278677869365 ], [ 16.713238784005409, 54.370235865492326 ], [ 16.691949007413697, 54.370002329251854 ], [ 16.670671150379984, 54.369560751446478 ], [ 16.649406629630317, 54.368891967317779 ], [ 16.628157018586876, 54.36797477125409 ], [ 16.606924064612066, 54.366785707291406 ], [ 16.585709707700932, 54.365298844978263 ], [ 16.564516100527644, 54.363485542842106 ], [ 16.551330971774345, 54.362149803810667 ], [ 16.54334736898554, 54.361285070691999 ], [ 16.52220850132764, 54.358624406622184 ], [ 16.501100035378933, 54.355506229520309 ], [ 16.480025488566255, 54.351884417097111 ], [ 16.464252614719786, 54.348786316963746 ], [ 16.458991841689542, 54.347658193914867 ], [ 16.438011763981802, 54.342638547606086 ], [ 16.41708182996102, 54.336898973863789 ], [ 16.414644837580362, 54.336168430341139 ], [ 16.396228030985931, 54.33004517531915 ], [ 16.379607761018484, 54.323847313091917 ], [ 16.375449766079523, 54.322112278904015 ], [ 16.354774815663752, 54.312691864483398 ], [ 16.352746938793139, 54.311695577806319 ], [ 16.334230467781794, 54.301394858974682 ], [ 16.331314759631702, 54.299657973260793 ], [ 16.3138483217413, 54.287776605525792 ], [ 16.313745064445275, 54.287702552054064 ], [ 16.299085906517515, 54.275809708825193 ], [ 16.293702554139301, 54.270754556373333 ], [ 16.286696649973518, 54.263966109107471 ], [ 16.276159267901381, 54.252163024219882 ], [ 16.273870502047945, 54.249225682870275 ], [ 16.267065116735751, 54.240391687050888 ], [ 16.259236543898908, 54.228648395658858 ], [ 16.254535564000442, 54.220514342030327 ], [ 16.252445008058157, 54.216928194664696 ], [ 16.24643755159898, 54.205225484660907 ], [ 16.241205862604566, 54.193540200024778 ], [ 16.236623748398824, 54.181869552284283 ], [ 16.236007661906719, 54.180104747164606 ], [ 16.232396844652971, 54.170206852990368 ], [ 16.228570921637846, 54.158553197086711 ], [ 16.225083501561208, 54.146907185719698 ], [ 16.221846776381721, 54.135266823809083 ], [ 16.218776227687922, 54.123630179779461 ], [ 16.218630176381115, 54.123054592055325 ], [ 16.215543084070372, 54.111989656706129 ], [ 16.212267246950699, 54.10034801957989 ], [ 16.208864008574757, 54.088703298147117 ], [ 16.205228630938507, 54.077053045555701 ], [ 16.201323564415684, 54.065618315851914 ], [ 16.201235406961082, 54.06539431168148 ], [ 16.196215142606089, 54.053711447959465 ], [ 16.19041533446272, 54.042010102522433 ], [ 16.183603699349845, 54.030284710422357 ], [ 16.182664048758969, 54.02885727994218 ], [ 16.174267964687157, 54.018499529017298 ], [ 16.1630180130669, 54.007062004391265 ], [ 16.162496218175633, 54.006656025545425 ], [ 16.144269944706377, 53.994657975637978 ], [ 16.14280461755369, 53.993841767668975 ], [ 16.122235143600793, 53.985965558687887 ], [ 16.10414432934633, 53.982130904697115 ], [ 16.101427619415841, 53.981625276209805 ], [ 16.080428646491079, 53.980080923661028 ], [ 16.059283743624938, 53.980627229112102 ], [ 16.056301817924886, 53.980967592794507 ], [ 16.038007893309182, 53.983008208735392 ], [ 16.016622193191889, 53.986889109950617 ], [ 15.999079240184109, 53.991117702395911 ], [ 15.995140185801851, 53.992049257217651 ], [ 15.973558814280928, 53.998502702906627 ], [ 15.964159195902953, 54.001806671847596 ], [ 15.951891029569092, 54.006043878166409 ], [ 15.935195277889349, 54.012637804573224 ], [ 15.930140549988641, 54.014598265765137 ], [ 15.909660697511635, 54.023550386115396 ], [ 15.908308330316803, 54.024130528216411 ], [ 15.886561337532092, 54.034520817805948 ], [ 15.886395909669211, 54.034598331536245 ], [ 15.865234063209321, 54.045533185711051 ], [ 15.864405396334465, 54.045952823726481 ], [ 15.845221458655603, 54.056576411461911 ], [ 15.842339427664717, 54.058139427049632 ], [ 15.826199231486884, 54.067642577742831 ], [ 15.820201109246266, 54.071098871462105 ], [ 15.807932178196733, 54.07872590084056 ], [ 15.797993938365799, 54.084768390085841 ], [ 15.790246433310818, 54.089822076909037 ], [ 15.775721717165775, 54.099082997110862 ], [ 15.773011403254658, 54.100927852917884 ], [ 15.756398907806258, 54.112048054892988 ], [ 15.753384429086008, 54.114028316349305 ], [ 15.7403065944031, 54.123180161483205 ], [ 15.730986091094465, 54.129539091665158 ], [ 15.72438696431316, 54.134314913227165 ], [ 15.708600266577953, 54.145451290215817 ], [ 15.708535103123797, 54.145496679482441 ], [ 15.69347323894401, 54.156603824241365 ], [ 15.686027015894775, 54.161946484402947 ], [ 15.678352636887125, 54.167754724415232 ], [ 15.663475396660109, 54.178708921834023 ], [ 15.663223915614305, 54.178903590622518 ], [ 15.64863036331972, 54.190065552635261 ], [ 15.662525283735867, 54.190494899114022 ], [ 15.682513078952125, 54.202571823059543 ], [ 15.682761455407878, 54.202720549334245 ], [ 15.703933313218462, 54.203353731986205 ], [ 15.725106419799172, 54.203977530924618 ], [ 15.74628074873787, 54.204592110760402 ], [ 15.765948446640003, 54.216409706908365 ], [ 15.766551645024482, 54.216769926795408 ], [ 15.787734385955673, 54.217364938458196 ], [ 15.807287633170313, 54.229080085436891 ], [ 15.808025131268806, 54.229519860429264 ], [ 15.829216148049934, 54.230096411794079 ], [ 15.850408244809925, 54.23066474629924 ], [ 15.869886900238322, 54.242290381235442 ], [ 15.870725720871997, 54.242789534190699 ], [ 15.891925904318381, 54.243340966763306 ], [ 15.913127089245004, 54.243884764295593 ], [ 15.934329253280916, 54.244421082505973 ], [ 15.95553237440147, 54.24495007673206 ], [ 15.97673643091502, 54.245471902100768 ], [ 15.997941401450737, 54.245986713689319 ], [ 16.019147264947769, 54.246494666674707 ], [ 16.038801086186567, 54.25812804925156 ], [ 16.039525419817956, 54.258556858124699 ], [ 16.060738927289485, 54.259051738728807 ], [ 16.081953256979354, 54.259540368698616 ], [ 16.101745815539939, 54.271224731094925 ], [ 16.10235690096701, 54.271585741812011 ], [ 16.123578704357648, 54.272063073385894 ], [ 16.143469231202499, 54.283786850335204 ], [ 16.144000888621125, 54.284100474392424 ], [ 16.163924979886229, 54.295835632215123 ], [ 16.164434878916829, 54.296136161998149 ], [ 16.185670601399138, 54.296599826862881 ], [ 16.205689439916249, 54.308376618485759 ], [ 16.206122862095814, 54.308631696538164 ], [ 16.226162223569645, 54.320414843421261 ], [ 16.226586775898351, 54.320664485913575 ], [ 16.246637340023419, 54.332449490484301 ], [ 16.247062293395075, 54.332699153192081 ], [ 16.267113142349054, 54.344480522523185 ], [ 16.267549371511322, 54.34473658857533 ], [ 16.287588140473279, 54.356507907057747 ], [ 16.288047974558186, 54.356777596030177 ], [ 16.308061033373011, 54.368531616861155 ], [ 16.308558075171451, 54.36882287593717 ], [ 16.328530738229649, 54.380551630440792 ], [ 16.327679892068723, 54.392097768093727 ], [ 16.328325605817035, 54.392475725225736 ], [ 16.348141618345601, 54.404114050377842 ], [ 16.348863790125133, 54.404536395084186 ], [ 16.368598783798554, 54.416126614540957 ], [ 16.367735692779473, 54.427672601264938 ], [ 16.36866903320777, 54.428217833851868 ], [ 16.388184703857647, 54.439681443019168 ], [ 16.389235389242021, 54.440294693581649 ], [ 16.408629513085035, 54.451686583391805 ], [ 16.407756435981231, 54.463232476647995 ], [ 16.409078640680296, 54.464003341709478 ], [ 16.42819548284016, 54.475233957836288 ], [ 16.429673405359285, 54.476094861123244 ], [ 16.448632292567311, 54.487231787100782 ], [ 16.447753437100257, 54.49877768324194 ], [ 16.449555163453702, 54.499826030382287 ], [ 16.468189000308701, 54.510771957207119 ], [ 16.470178691785115, 54.511928667305185 ], [ 16.491527993448944, 54.512392724700021 ], [ 16.509940805402596, 54.523203626001994 ], [ 16.512169821580439, 54.524497541995423 ], [ 16.530380904082485, 54.535187121198746 ], [ 16.532823573747748, 54.536603826834039 ], [ 16.554186364582371, 54.537064124377004 ], [ 16.572142654914813, 54.547597012828085 ], [ 16.574858629294223, 54.549169887185869 ], [ 16.596228481162953, 54.54962616371251 ], [ 16.617598871612671, 54.550079512560337 ], [ 16.635233338241601, 54.560411134844394 ], [ 16.638296332451855, 54.562181241222888 ], [ 16.659673826850447, 54.562629680167227 ], [ 16.681051864611334, 54.563074937961765 ], [ 16.702430444943634, 54.563516957352135 ], [ 16.723809566978542, 54.563955680329194 ], [ 16.745189229753294, 54.564391048383776 ], [ 16.766569432196395, 54.564823002752561 ], [ 16.783630910832791, 54.574785018623977 ], [ 16.787318704577945, 54.576906461081478 ], [ 16.80870606392196, 54.577331757161168 ], [ 16.830093964033136, 54.577753379772069 ], [ 16.846800712113183, 54.587489117275616 ], [ 16.850868889307506, 54.58982444807625 ], [ 16.872263969386346, 54.590238554395064 ], [ 16.893659588232953, 54.590648749105718 ], [ 16.915055743222627, 54.591054982488657 ], [ 16.931357084271145, 54.600527326494849 ], [ 16.935863086353844, 54.603106942889724 ], [ 16.951943959572901, 54.61244042419883 ], [ 16.9566829468619, 54.615151044487284 ], [ 16.972551726189838, 54.624350247303077 ], [ 16.977515348196562, 54.62718686600968 ], [ 16.993181047124953, 54.636256797425247 ], [ 16.998360309633775, 54.639214054114277 ], [ 17.013832465898172, 54.648160073761943 ], [ 17.019217846590024, 54.651232320286468 ], [ 17.034506412956439, 54.660060073295568 ], [ 17.040087970949905, 54.663241437289955 ], [ 17.061524686306075, 54.663614270142801 ], [ 17.076597628652419, 54.672298402448547 ], [ 17.08241408680993, 54.675608690168062 ], [ 17.097327357998893, 54.684188274106525 ], [ 17.103316087742236, 54.687593605983167 ], [ 17.124766665780687, 54.68795105586392 ], [ 17.13949646008539, 54.696405575217341 ], [ 17.145687938790473, 54.699920916400508 ], [ 17.167145677845443, 54.700268288792387 ], [ 17.181710683915405, 54.708608656569417 ], [ 17.188086207500643, 54.712223061993001 ], [ 17.209551082794817, 54.712560348843503 ], [ 17.223969840292611, 54.720797474948562 ], [ 17.230510847960904, 54.724500128841377 ], [ 17.251982832172665, 54.724827380562935 ], [ 17.266273424778745, 54.732971982872058 ], [ 17.27296180727107, 54.736752372435248 ], [ 17.294440871139543, 54.737069691357199 ], [ 17.315920376708906, 54.737382534956758 ], [ 17.337400317007013, 54.737690924659816 ], [ 17.351550424573553, 54.745723376206968 ], [ 17.358411679496758, 54.749590848277599 ], [ 17.37989863811179, 54.749889578599664 ], [ 17.40138600905599, 54.750183946933703 ], [ 17.422873785321642, 54.750473981297461 ], [ 17.444361959916829, 54.750759710838295 ], [ 17.465850525871332, 54.75104116575671 ], [ 17.479879581019564, 54.758961664232039 ], [ 17.486907253002897, 54.762907185577198 ], [ 17.508402744209036, 54.763179518179179 ], [ 17.529898604667231, 54.763447695760888 ], [ 17.551394827570309, 54.763711752290014 ], [ 17.572891406160828, 54.763971722361674 ], [ 17.586847879465374, 54.771816607153575 ], [ 17.593986705286799, 54.775811062367453 ], [ 17.61549013399954, 54.776062449423108 ], [ 17.636993897258584, 54.776309881154901 ], [ 17.65849798857835, 54.776553394000139 ], [ 17.672406511597892, 54.784344392138728 ], [ 17.679625198912525, 54.78837244723379 ], [ 17.701136083696081, 54.788607844148515 ], [ 17.722647276495671, 54.788839456305574 ], [ 17.736519836449403, 54.796590112355119 ], [ 17.743799837385922, 54.800643737448851 ], [ 17.765317783956476, 54.800867601322494 ], [ 17.786836019454306, 54.801087813974057 ], [ 17.808354537970605, 54.801304413052485 ], [ 17.822194507453073, 54.809012888609253 ], [ 17.829538830115876, 54.813091095545815 ], [ 17.851064053193834, 54.813300398096267 ], [ 17.872589541426244, 54.813506219547108 ], [ 17.886399076665651, 54.821179826183403 ], [ 17.893799068323496, 54.825280193179843 ], [ 17.915331227497575, 54.825479060452345 ], [ 17.936863634886318, 54.825674578528918 ], [ 17.958396285131084, 54.825866787602905 ], [ 17.979929172931929, 54.826055728928651 ], [ 18.001462293046835, 54.826241444968275 ], [ 18.02299564029115, 54.826423979547222 ], [ 18.044529209537366, 54.826603378017978 ], [ 18.06606299571526, 54.826779687430474 ], [ 18.087596993812433, 54.826952956708226 ], [ 18.109131198875346, 54.827123236828136 ], [ 18.130665606010879, 54.827290581002337 ], [ 18.1522002103885, 54.827455044859029 ], [ 18.173735007243064, 54.827616686619947 ], [ 18.195269991878352, 54.827775567270287 ], [ 18.216805159671345, 54.82793175071744 ], [ 18.238340506077339, 54.828085303933342 ], [ 18.259876026635887, 54.828236297074703 ], [ 18.281411716977662, 54.828384803574878 ], [ 18.302947572832217, 54.828530900199652 ], [ 18.324483590036667, 54.828674667058571 ], [ 18.346019764545279, 54.828816187562509 ], [ 18.354080643794671, 54.824569224757475 ], [ 18.36773687711829, 54.817385016603581 ], [ 18.37581971351171, 54.813122610076121 ], [ 18.389441716119762, 54.805950885605192 ], [ 18.397548315258263, 54.801672060173296 ], [ 18.411134288947792, 54.794513932263222 ], [ 18.419266702450557, 54.79021758015967 ], [ 18.419406211653644, 54.778657880836178 ], [ 18.419543512709417, 54.767098149036443 ], [ 18.41159545788604, 54.762753478993965 ], [ 18.398124873703281, 54.755433349367145 ], [ 18.398263176392732, 54.74387358796907 ], [ 18.398398971512798, 54.732313792234038 ], [ 18.412141685414579, 54.72505426337159 ], [ 18.420068977322, 54.720858889128756 ], [ 18.433784582709549, 54.713608405548733 ], [ 18.441729158655079, 54.709400075118822 ], [ 18.455415274665697, 54.702160073044261 ], [ 18.463379801097911, 54.697937355039031 ], [ 18.463488461992597, 54.686377322634243 ], [ 18.463594309413534, 54.674817255813473 ], [ 18.463697245943958, 54.663257154144112 ], [ 18.463797171836681, 54.651697017183103 ], [ 18.463893985137297, 54.64013684447751 ], [ 18.477777421857766, 54.63277106860226 ], [ 18.499210393047488, 54.632904717246412 ], [ 18.507005730983899, 54.628759391811556 ], [ 18.507086056384317, 54.617199099635179 ], [ 18.507163101614612, 54.605638772095304 ], [ 18.521052094196286, 54.598257258233119 ], [ 18.528738072941398, 54.594164021513741 ], [ 18.528803507856811, 54.58260360318318 ], [ 18.54272688120243, 54.575196011194009 ], [ 18.550362171302705, 54.571124926229459 ], [ 18.550415910997511, 54.559564420295551 ], [ 18.550466030847655, 54.548003878850501 ], [ 18.550512435412664, 54.536443301535243 ], [ 18.550555030848191, 54.524882687996261 ], [ 18.550593725531009, 54.513322037887917 ], [ 18.550628430750102, 54.501761350874958 ], [ 18.564994478359466, 54.49409345415166 ], [ 18.572130541090733, 54.490278519732172 ], [ 18.565076008668971, 54.486412946709983 ], [ 18.550685537144936, 54.47863986486324 ], [ 18.55070778265689, 54.467079065272486 ], [ 18.550725729259415, 54.455518227600095 ], [ 18.56548715612908, 54.447625785475864 ], [ 18.572195781196729, 54.4440352208359 ], [ 18.586940384805331, 54.436147637181001 ], [ 18.593659243316207, 54.432548375947121 ], [ 18.593657231733914, 54.420987419567886 ], [ 18.608492384352068, 54.413044172668179 ], [ 18.629810794959045, 54.413189026848649 ], [ 18.636567185930154, 54.409563181775681 ], [ 18.651228000309235, 54.401708699146454 ], [ 18.672540660630442, 54.401852329249287 ], [ 18.67947813642801, 54.398123715668618 ], [ 18.69393999338542, 54.390371302425741 ], [ 18.700917657557625, 54.386617740169292 ], [ 18.71532736153339, 54.378889438536341 ], [ 18.722350697559786, 54.375107935606131 ], [ 18.736702778214067, 54.367406609671562 ], [ 18.757997934822271, 54.36754774156271 ], [ 18.779293237803138, 54.36768681120202 ], [ 18.800588685749464, 54.367823643240669 ], [ 18.808201088017363, 54.36371384953398 ], [ 18.821934547914243, 54.356336435352738 ], [ 18.843224266297593, 54.356469195910655 ], [ 18.851095352138707, 54.352213377553483 ], [ 18.864552346981803, 54.344977655820827 ], [ 18.885836334103722, 54.345105127309601 ], [ 18.907120455894749, 54.34522905420485 ], [ 18.928404708265489, 54.345349169380654 ], [ 18.940862893946782, 54.352290737407181 ], [ 18.94967489277132, 54.357083472275733 ], [ 18.958498596629966, 54.352298089349539 ], [ 18.970973585645076, 54.345576871654941 ], [ 18.992258199691928, 54.345683910120989 ], [ 19.013542922392197, 54.345786046386124 ], [ 19.034827746866544, 54.345883019117586 ], [ 19.056112665710319, 54.345974577931798 ], [ 19.077397671027185, 54.346060486240425 ], [ 19.098682754470794, 54.346140523771396 ], [ 19.119967907293169, 54.346214488711901 ], [ 19.141253120398321, 54.346282199435898 ], [ 19.162538384399483, 54.346343495794152 ], [ 19.183823689678388, 54.34639823996072 ], [ 19.194218585036019, 54.352148971179787 ], [ 19.205166874679797, 54.358060606500189 ], [ 19.226458235633523, 54.358101777734653 ], [ 19.247749608140651, 54.358136128931903 ], [ 19.269040982227896, 54.358163608788566 ], [ 19.290332347963755, 54.358184186985731 ], [ 19.2999749531205, 54.363493513405565 ], [ 19.311711606669114, 54.369809926690593 ], [ 19.333008931896913, 54.369816567302756 ], [ 19.354306219504824, 54.369816326249428 ], [ 19.375603460100944, 54.369809241626982 ], [ 19.384732228046772, 54.374814197124451 ], [ 19.397012642045897, 54.381405413280902 ], [ 19.418315769734605, 54.381384679457135 ], [ 19.427179464411484, 54.38623252229528 ], [ 19.439742909758209, 54.392965570065762 ], [ 19.461051892339832, 54.392931463550831 ], [ 19.46967439236828, 54.397635759332303 ], [ 19.482496972804945, 54.404497405177651 ], [ 19.50381177991148, 54.404450260731572 ], [ 19.51221565795284, 54.409023869735712 ], [ 19.525274785139231, 54.416001636994565 ], [ 19.546595388266098, 54.415941827144117 ], [ 19.55480177771647, 54.420396817466269 ], [ 19.568076304528262, 54.427479053207307 ], [ 19.576154359626816, 54.431857908841927 ], [ 19.589569232241637, 54.43900862021767 ], [ 19.597525582336903, 54.44331514018134 ], [ 19.611074175226559, 54.450530665983784 ], [ 19.618915195564803, 54.454768504500933 ], [ 19.632591137588026, 54.462045328418753 ], [ 19.646040452563405, 54.454626540500264 ], [ 19.653750313513601, 54.450356726309629 ], [ 19.67508815095227, 54.450261276156084 ], [ 19.696425825641878, 54.45016030233446 ], [ 19.717763331559915, 54.45005389844863 ], [ 19.739100662816682, 54.449942154660505 ], [ 19.76043781364185, 54.449825157447748 ], [ 19.78177477837151, 54.449702989428012 ], [ 19.803111551435855, 54.44957572924055 ], [ 19.816716334777627, 54.442032387524357 ], [ 19.824215184176833, 54.437844987802741 ], [ 19.845545533450455, 54.437707959915414 ], [ 19.866875675180211, 54.437566055113088 ], [ 19.888205604067949, 54.437419335716733 ], [ 19.909535314857546, 54.437267860092227 ], [ 19.930864802326234, 54.437111682722204 ], [ 19.952194061276508, 54.436950854291183 ], [ 19.965802193330113, 54.429371286737769 ], [ 19.973248149586897, 54.425187179015843 ], [ 19.994570918417296, 54.42501741027958 ], [ 20.015893443647549, 54.424843124180782 ], [ 20.037215720119047, 54.424664357287639 ], [ 20.058537742665063, 54.424481142902444 ], [ 20.079859506105112, 54.424293511168045 ], [ 20.101181005239528, 54.424101489173069 ], [ 20.122502234844411, 54.423905101055468 ], [ 20.136034668336478, 54.416328746305162 ], [ 20.143500319848197, 54.412106768629329 ], [ 20.164814984471604, 54.411901965593024 ], [ 20.186129364222662, 54.41169285636461 ], [ 20.207443453747608, 54.411479454403263 ], [ 20.228757247646978, 54.411261770701074 ], [ 20.250070740471969, 54.411039813873394 ], [ 20.271383926721033, 54.41081359024858 ], [ 20.292696800836804, 54.410583103957819 ], [ 20.306086965103685, 54.403047664481257 ], [ 20.313638644344888, 54.39875164757575 ], [ 20.334944875314761, 54.398512933946741 ], [ 20.356250777744226, 54.398269962826539 ], [ 20.377556345841246, 54.398022730555972 ], [ 20.3988615737473, 54.397771231739483 ], [ 20.420166455536503, 54.397515459349776 ], [ 20.433395264366808, 54.390041498583777 ], [ 20.441064512875283, 54.385659212319815 ], [ 20.462362689924042, 54.385395190590565 ], [ 20.483660503368583, 54.385126870717301 ], [ 20.504957947025886, 54.384854240283914 ], [ 20.526255014649202, 54.384577285843761 ], [ 20.547551699930963, 54.384295993068967 ], [ 20.568847996506626, 54.384010346909989 ], [ 20.590143897959386, 54.383720331766163 ], [ 20.603131857912409, 54.376344538086229 ], [ 20.6109852589871, 54.371831109237924 ], [ 20.632274365579441, 54.37153267076647 ], [ 20.65356305828314, 54.37122981912367 ], [ 20.674851330538502, 54.370922538167441 ], [ 20.6961391757707, 54.370610812192908 ], [ 20.717426587400848, 54.370294626170455 ], [ 20.738713558858283, 54.369973965994866 ], [ 20.760000083594022, 54.369648818743961 ], [ 20.781286155095401, 54.369319172945922 ], [ 20.802571766901842, 54.368985018853344 ], [ 20.815180026533518, 54.361779063025793 ], [ 20.823343256087579, 54.357053865385147 ], [ 20.844621954620994, 54.356711057359711 ], [ 20.865900175154241, 54.356363724139158 ], [ 20.887177911579368, 54.356011864912183 ], [ 20.908455157928742, 54.355655481923932 ], [ 20.92973190839507, 54.355294580734736 ], [ 20.951008157351495, 54.354929170463457 ], [ 20.972283899371487, 54.354559264010639 ], [ 20.993559129248162, 54.354184878255928 ], [ 21.014833842012727, 54.35380603422449 ], [ 21.036108032951578, 54.353422757216741 ], [ 21.057381697621704, 54.353035076895644 ], [ 21.07865483186395, 54.352643027325762 ], [ 21.099927431813626, 54.352246646959046 ], [ 21.111821553357103, 54.345388596076191 ], [ 21.120602574327446, 54.340256964092625 ], [ 21.141868127607921, 54.339852338990504 ], [ 21.163133136593395, 54.339443508751856 ], [ 21.184397598558991, 54.339030526982256 ], [ 21.205661511074716, 54.338613450721972 ], [ 21.226924871992978, 54.33819234005194 ], [ 21.238413135751966, 54.331542230987196 ], [ 21.247555312941969, 54.326178152814158 ], [ 21.26881159846754, 54.325749343918687 ], [ 21.278693826989677, 54.330787942961948 ], [ 21.290711627521716, 54.336905437821258 ], [ 21.31197276550569, 54.336468833571182 ], [ 21.333233344602984, 54.336028522503746 ], [ 21.354493363818634, 54.335584571085917 ], [ 21.375752822215176, 54.33513704439985 ], [ 21.386831751788108, 54.328696331242867 ], [ 21.396337569998138, 54.323097748227951 ], [ 21.417589931960208, 54.32264329963742 ], [ 21.438841729365464, 54.32218543683171 ], [ 21.460092961024362, 54.321724212561207 ], [ 21.481343625554555, 54.321259674564921 ], [ 21.502593721326566, 54.320791864889074 ], [ 21.523843246410902, 54.32032081926311 ], [ 21.545092198527438, 54.319846566543568 ], [ 21.566340574997902, 54.31936912823577 ], [ 21.577033921449395, 54.324781748232915 ], [ 21.588316292703578, 54.330476935945704 ], [ 21.609569484765647, 54.329993230544339 ], [ 21.630822090416821, 54.329506360585405 ], [ 21.65207410488058, 54.329016313271573 ], [ 21.673325522812778, 54.328523067463088 ], [ 21.694576338287234, 54.328026593785616 ], [ 21.715826544787372, 54.327526854825308 ], [ 21.737076135203793, 54.327023805404373 ], [ 21.758325101837613, 54.326517392928935 ], [ 21.779573436409102, 54.32600755780053 ], [ 21.790665074567869, 54.331591954975075 ], [ 21.801609258788886, 54.337081756270635 ], [ 21.822862277773243, 54.336564906096385 ], [ 21.844114635566569, 54.336044407240067 ], [ 21.86536632168729, 54.335520176629942 ], [ 21.886617325192152, 54.334992127048352 ], [ 21.907867634706584, 54.334460167712749 ], [ 21.929117238456421, 54.333924204850454 ], [ 21.950366124300473, 54.333384142260243 ], [ 21.971614279763436, 54.332839881854945 ], [ 21.992861692068775, 54.332291324180069 ], [ 22.014108348171156, 54.331738368904965 ], [ 22.035354234788198, 54.331180915283397 ], [ 22.056599338431219, 54.330618862581844 ], [ 22.068212533508309, 54.336414548803198 ], [ 22.078709877837856, 54.341637788090232 ], [ 22.099959340691896, 54.34106616083605 ], [ 22.121207978508266, 54.340489633949026 ], [ 22.142455777350943, 54.339908111771983 ], [ 22.163702723218165, 54.339321500351794 ], [ 22.18494880206395, 54.338729707660498 ], [ 22.206193999818293, 54.338132643789613 ], [ 22.227438302405869, 54.337530221119508 ], [ 22.248681695763587, 54.336922354465955 ], [ 22.269924165856938, 54.336308961206392 ], [ 22.29116569869522, 54.335689961387651 ], [ 22.312406280345829, 54.335065277817243 ], [ 22.324784482455378, 54.341178649440913 ], [ 22.334584261048352, 54.346018408856146 ], [ 22.355828869111715, 54.345382143808571 ], [ 22.377072485468108, 54.344739996555568 ], [ 22.398315096664458, 54.34409190286673 ], [ 22.419556689363208, 54.343437801485052 ], [ 22.440797250352016, 54.342777634150366 ], [ 22.453716461780257, 54.349121347550025 ], [ 22.463011552880022, 54.353693957240942 ], [ 22.484255992931566, 54.353021627565276 ], [ 22.505499364016885, 54.352343098261805 ], [ 22.526741653614323, 54.35165832404136 ], [ 22.547982849365091, 54.350967262574237 ], [ 22.569222939080436, 54.35026987448429 ], [ 22.590461910748488, 54.349566123339834 ], [ 22.611699752540787, 54.348855975641328 ], [ 22.632936452818488, 54.348139400805799 ], [ 22.647016640940787, 54.354996498070577 ], [ 22.655201316997296, 54.358999958727949 ], [ 22.676441703923576, 54.358270828972543 ], [ 22.697680917930715, 54.357535225921467 ], [ 22.718918948240866, 54.356793130549335 ], [ 22.740155784283534, 54.356044526528557 ], [ 22.761391415699059, 54.355289400191545 ], [ 22.776440912327026, 54.362580149350748 ], [ 22.783691874409758, 54.366113043964802 ], [ 22.804931090157144, 54.365345410363723 ], [ 22.820281903417328, 54.372767922834328 ], [ 22.82126353290337, 54.384306043521818 ], [ 22.822247527526798, 54.395844077385753 ], [ 22.829407427224375, 54.399325003561032 ], [ 22.844688080890283, 54.406699998674704 ], [ 22.851749152185388, 54.410129695305855 ], [ 22.873008824629984, 54.409345268287304 ], [ 22.879202981012405, 54.405594730015906 ], [ 22.893168276870824, 54.396969579455117 ], [ 22.914419384745052, 54.396171563033143 ], [ 22.935669223628089, 54.395367112890916 ], [ 22.956917785005665, 54.394556234104165 ], [ 22.962239585533695, 54.39132515848118 ], [ 22.977042554997762, 54.382149980253175 ], [ 22.998282471990663, 54.381325398118555 ], [ 23.00308401913313, 54.378405897721507 ], [ 23.001854056434642, 54.366876693488202 ], [ 23.000623553591648, 54.355347494367841 ], [ 23.016121557711184, 54.345717584679804 ], [ 23.037340685382102, 54.34487754114695 ], [ 23.058558486249211, 54.344031032546638 ], [ 23.062363244430514, 54.34171170169067 ], [ 23.05812754976343, 54.339663329275673 ], [ 23.040131722413335, 54.330888950209726 ], [ 23.038884162090575, 54.319360522511793 ], [ 23.055129339373984, 54.309242905599021 ], [ 23.058597033061851, 54.307127575478553 ], [ 23.075180119671728, 54.296789529655911 ], [ 23.096371095145027, 54.295926910419013 ], [ 23.115684342126816, 54.305190208693709 ], [ 23.11872033498268, 54.30665731191705 ], [ 23.139914625419788, 54.305782579856412 ], [ 23.142380088668457, 54.304274904178961 ], [ 23.159935879331762, 54.293300453013046 ], [ 23.162016588489983, 54.292026983141383 ], [ 23.179944521023426, 54.280810195659292 ], [ 23.201122654354862, 54.279914897916036 ], [ 23.202536278941132, 54.279048441349616 ], [ 23.221111325935251, 54.267409837332281 ], [ 23.222118359343401, 54.266792071597763 ], [ 23.241087459989199, 54.25489735791124 ], [ 23.262249435234626, 54.253982086652492 ], [ 23.283410017195617, 54.253060654425475 ], [ 23.284123510514611, 54.253029521059617 ], [ 23.283318684100532, 54.252180862366217 ], [ 23.273571161699561, 54.241833296209855 ], [ 23.263057586151366, 54.230634859089918 ], [ 23.259438408115212, 54.226748094482495 ], [ 23.252664620051593, 54.219431325757611 ], [ 23.242349706597587, 54.208224226423667 ], [ 23.235533082701242, 54.200772862615466 ], [ 23.232110280631659, 54.197013669921482 ], [ 23.221990467889277, 54.185798124795141 ], [ 23.211901508863814, 54.174580728558006 ], [ 23.211602603200184, 54.174244032823239 ], [ 23.201967148808251, 54.163357162962917 ], [ 23.19206701926479, 54.15213166170809 ], [ 23.187638061557212, 54.147063094400565 ], [ 23.182263139210356, 54.140902074283481 ], [ 23.172541788488871, 54.129668898920983 ], [ 23.163653509945846, 54.119357537882699 ], [ 23.162857169782832, 54.118433740756842 ], [ 23.15330090472537, 54.107193440543284 ], [ 23.143767427573671, 54.095951668230704 ], [ 23.139640856583664, 54.091036300580505 ], [ 23.134312926217664, 54.084706494593078 ], [ 23.124919249365082, 54.073458560260633 ], [ 23.115622109632117, 54.062309745960611 ], [ 23.115538134396452, 54.062209532341313 ], [ 23.106257296355448, 54.050956413542437 ], [ 23.096975940497551, 54.039702665101309 ], [ 23.091593553928401, 54.033132570011986 ], [ 23.087723115468112, 54.028447297327233 ], [ 23.078502610259115, 54.017190187301807 ], [ 23.069255039064327, 54.005933355236991 ], [ 23.067593068071815, 54.003884106133142 ], [ 23.060030115502389, 53.994675112816523 ], [ 23.050764448660257, 53.983417604703 ], [ 23.043641878660562, 53.974782703716137 ], [ 23.041444180466886, 53.972161288383617 ], [ 23.032082449952416, 53.960905709746086 ], [ 23.022607680812623, 53.949653259719881 ], [ 23.019783452651374, 53.946283800252772 ], [ 23.013030058642276, 53.938403571633586 ], [ 23.003294890042298, 53.927158447609479 ], [ 22.99606744605677, 53.918920292728892 ], [ 22.993361083229491, 53.915919219345739 ], [ 22.983198929047965, 53.904686826491734 ], [ 22.972728356874544, 53.893463866945545 ], [ 22.972546234236162, 53.893268348638337 ], [ 22.961903423125907, 53.882251781735775 ], [ 22.950625293187723, 53.87105373663897 ], [ 22.949251820039617, 53.86970355770309 ], [ 22.938794817761963, 53.859872867543849 ], [ 22.926292531767828, 53.848712931535658 ], [ 22.92621977452109, 53.848648902095839 ], [ 22.912933931231734, 53.837579751748308 ], [ 22.903446030434111, 53.830111728656163 ], [ 22.898534805111474, 53.82647904604228 ], [ 22.882814810612786, 53.81541953838434 ], [ 22.880931009034231, 53.814146689954022 ], [ 22.865374931708814, 53.804413601409038 ], [ 22.858641852525768, 53.800446487201867 ], [ 22.84572535702717, 53.793476232381032 ], [ 22.836556437357736, 53.788812304133522 ], [ 22.823113653270301, 53.78263039241817 ], [ 22.814644913147067, 53.778954317038654 ], [ 22.796411108059161, 53.771910227844799 ], [ 22.792881593104134, 53.77062093876372 ], [ 22.771240183547825, 53.763547134259895 ], [ 22.763675653841339, 53.761374111115067 ], [ 22.749703035096449, 53.757557978091363 ], [ 22.728255560917713, 53.752508597024665 ], [ 22.721558560145482, 53.751121302259406 ], [ 22.706880067917396, 53.748215200049913 ], [ 22.685567941918787, 53.744593069795528 ], [ 22.6643110776165, 53.741561204686242 ], [ 22.66276192292457, 53.741365512034079 ], [ 22.643095885529885, 53.738973259630413 ], [ 22.621920426085598, 53.736814674084918 ], [ 22.600778965764828, 53.735026164637851 ], [ 22.579666395673481, 53.733554338283717 ], [ 22.565504748898213, 53.732733077315132 ], [ 22.558577480249589, 53.732342998143807 ], [ 22.537507931418027, 53.731345849018659 ], [ 22.516456575222126, 53.730552736675769 ], [ 22.495420655744965, 53.729934202816438 ], [ 22.474397778104411, 53.729464437651863 ], [ 22.453385845268354, 53.729120624563819 ], [ 22.432383007849417, 53.72888241879744 ], [ 22.411387623976278, 53.728731530450858 ], [ 22.390398227068815, 53.728651389525133 ], [ 22.369413499874238, 53.728626876243027 ], [ 22.348432253509277, 53.728644103838121 ], [ 22.327453410540976, 53.728690243971556 ], [ 22.306475991352325, 53.72875338713456 ], [ 22.300227183263807, 53.728772474611667 ], [ 22.285498525207156, 53.728815026344691 ], [ 22.264520528758055, 53.72886891067521 ], [ 22.243541493992197, 53.728908307048364 ], [ 22.222560730006251, 53.728923917505185 ], [ 22.201577609090943, 53.728907030767942 ], [ 22.180591563676934, 53.728849501087126 ], [ 22.159602084155775, 53.728743737879689 ], [ 22.138608717399677, 53.728582704311897 ], [ 22.117611065821684, 53.728359923118937 ], [ 22.096608786831514, 53.728069488047922 ], [ 22.075601592553653, 53.72770607937391 ], [ 22.054589249683666, 53.727264981986082 ], [ 22.033571579367909, 53.726742104581731 ], [ 22.012548457000904, 53.726133998550544 ], [ 21.991519811844427, 53.725437875189634 ], [ 21.989591153385348, 53.725365177601262 ], [ 21.970483767927334, 53.724625273388412 ], [ 21.949441940701742, 53.723716765612252 ], [ 21.928394613140902, 53.722714354820603 ], [ 21.907341927017328, 53.721618055850662 ], [ 21.886284071528216, 53.72042857511704 ], [ 21.865221280326995, 53.719147292656139 ], [ 21.844153828081655, 53.71777623639921 ], [ 21.839495915845568, 53.717452233837541 ], [ 21.823079738301836, 53.716283901333064 ], [ 21.802000949654794, 53.714696693210492 ], [ 21.780918507604081, 53.713028292014101 ], [ 21.759832817351626, 53.711283023864404 ], [ 21.738744301589865, 53.709465618325353 ], [ 21.727783540468284, 53.708483226050113 ], [ 21.717651731415955, 53.70755534107434 ], [ 21.696555393430952, 53.70555448933036 ], [ 21.675457576166096, 53.703496973170253 ], [ 21.654358725206116, 53.701388524330767 ], [ 21.63325927707848, 53.699234915529111 ], [ 21.631668189722326, 53.699068546399779 ], [ 21.612156124125264, 53.69698490192394 ], [ 21.591052965324216, 53.694696320739524 ], [ 21.569950480520305, 53.692379390177216 ], [ 21.548849031324842, 53.690039405448331 ], [ 21.543272474169044, 53.689413309430918 ], [ 21.527745986763151, 53.687631905453109 ], [ 21.506643606719084, 53.685193220441867 ], [ 21.485543248195906, 53.682745604965596 ], [ 21.46444515302807, 53.680292993212227 ], [ 21.45864746359215, 53.679615747418211 ], [ 21.443346496459565, 53.677786497657074 ], [ 21.422249400244684, 53.675261685497354 ], [ 21.401155173238223, 53.672741101060595 ], [ 21.380063927608788, 53.67022687488241 ], [ 21.375837026903547, 53.669722673020999 ], [ 21.358972292594633, 53.66765888797579 ], [ 21.337882968635537, 53.665084461527869 ], [ 21.316796853258566, 53.662519803240151 ], [ 21.295713944791551, 53.659965183487046 ], [ 21.293973423614307, 53.659754467111455 ], [ 21.274630113633382, 53.657344242902795 ], [ 21.253549098341786, 53.654725195755255 ], [ 21.232471200327794, 53.652113829317287 ], [ 21.213052464655615, 53.649713133438972 ], [ 21.211395962810162, 53.649501670035505 ], [ 21.190319333050674, 53.646810552158549 ], [ 21.169245544717644, 53.644120645134429 ], [ 21.148174465014911, 53.641429404537519 ], [ 21.133779249364032, 53.639587997111342 ], [ 21.127104364648424, 53.638702463625734 ], [ 21.106033258392269, 53.635898928728075 ], [ 21.084964414282464, 53.633082744106673 ], [ 21.063897666126625, 53.630250148090568 ], [ 21.057328884997769, 53.629362115009123 ], [ 21.042829085952334, 53.627319362107421 ], [ 21.021760532975975, 53.624326204831924 ], [ 21.000693530949661, 53.621300930646633 ], [ 20.984981870062718, 53.619019636813761 ], [ 20.979626363449309, 53.618205867056894 ], [ 20.958555828760161, 53.614969621895007 ], [ 20.937486254225902, 53.611682069835368 ], [ 20.917757414116888, 53.608551643591888 ], [ 20.916417030520815, 53.608328087472103 ], [ 20.89534194563317, 53.604766774634925 ], [ 20.874267204304726, 53.601131214579915 ], [ 20.856247780471129, 53.597957548952763 ], [ 20.85319150351819, 53.597389127076312 ], [ 20.832109002892899, 53.593401875131185 ], [ 20.811026215340899, 53.589313119370559 ], [ 20.800582741617387, 53.587244180290881 ], [ 20.78993837594097, 53.585006539860714 ], [ 20.768845255758073, 53.580468815432468 ], [ 20.750549747158466, 53.576422774294983 ], [ 20.747749799049974, 53.57576289266602 ], [ 20.726643888486883, 53.57068337321185 ], [ 20.705797810752511, 53.565505373786827 ], [ 20.705536360763251, 53.565435843089624 ], [ 20.684414744547773, 53.559700099482633 ], [ 20.665893054695378, 53.554503923256824 ], [ 20.663289258675018, 53.553717825513111 ], [ 20.642148411889746, 53.547182654305288 ], [ 20.630366466902196, 53.54342964512152 ], [ 20.620997056632969, 53.540199652686496 ], [ 20.599832626215939, 53.532682754430724 ], [ 20.598759495664918, 53.532292551546639 ], [ 20.578644566253189, 53.524326381147226 ], [ 20.57073163657974, 53.521100205285641 ], [ 20.557435219628182, 53.515159531554559 ], [ 20.545896998075175, 53.509860096951144 ], [ 20.536197189664929, 53.504943474011725 ], [ 20.523962165280839, 53.498577942586898 ], [ 20.514920144724591, 53.493343297346613 ], [ 20.504664152338503, 53.487258636065171 ], [ 20.493589230852532, 53.47987550535435 ], [ 20.487769930166937, 53.475906343750957 ], [ 20.4730792717585, 53.464524542687535 ], [ 20.472179195853933, 53.463726753786865 ], [ 20.46044360249525, 53.453115851850825 ], [ 20.450619342582449, 53.442699115300428 ], [ 20.449678410409536, 53.441683153354745 ], [ 20.440693928678442, 53.430228027268967 ], [ 20.433352483020681, 53.418752520025556 ], [ 20.428671883682934, 53.409467320217352 ], [ 20.427573138920259, 53.407257894995901 ], [ 20.423287156052144, 53.395745191604114 ], [ 20.42041858908377, 53.384215467819899 ], [ 20.418916098338471, 53.372669429951614 ], [ 20.418737372436048, 53.361107626619187 ], [ 20.419848542639212, 53.349530460981811 ], [ 20.422223675487878, 53.337938200483002 ], [ 20.425844334165173, 53.326330984425717 ], [ 20.42588908487334, 53.326224242501709 ], [ 20.430697320966612, 53.314708852170206 ], [ 20.436772887572701, 53.303071765211307 ], [ 20.444070224647195, 53.291419540957385 ], [ 20.445426027470841, 53.289565922262042 ], [ 20.452579198591035, 53.279752072935544 ], [ 20.462308495487221, 53.268068989528679 ], [ 20.465337942361536, 53.264837267370737 ], [ 20.473245853713646, 53.256370137679141 ], [ 20.485385315488603, 53.244674099415676 ], [ 20.485405048958835, 53.244655007281857 ], [ 20.4987483709189, 53.232923692535216 ], [ 20.505517826608678, 53.227468417761571 ], [ 20.513288667155564, 53.221175626460258 ], [ 20.525692570687784, 53.211900317908302 ], [ 20.529003513009119, 53.20941065234328 ], [ 20.545860455923499, 53.19762872015 ], [ 20.545898609296014, 53.197603798617699 ], [ 20.563802539502674, 53.185830086396813 ], [ 20.566130855527252, 53.184391452461156 ], [ 20.582797388701813, 53.174014684645378 ], [ 20.58637776022324, 53.171909838143669 ], [ 20.602783075368183, 53.162182838330104 ], [ 20.606635012381599, 53.160016489367059 ], [ 20.62368779866971, 53.150335021451397 ], [ 20.626899150226425, 53.148598261420737 ], [ 20.645430993820316, 53.138471857367151 ], [ 20.647167362198203, 53.137564398795668 ], [ 20.667437767372469, 53.126852467391799 ], [ 20.667921286761615, 53.126594161162267 ], [ 20.687709883989534, 53.1164386698862 ], [ 20.691052012080352, 53.114703019373572 ], [ 20.707980327222391, 53.106227056497993 ], [ 20.714741446367984, 53.102799231068317 ], [ 20.728247655260578, 53.096174528157682 ], [ 20.738894542805319, 53.090883846816482 ], [ 20.748510657278988, 53.086245631229673 ], [ 20.763417893616801, 53.078957964386667 ], [ 20.768768310378537, 53.076411080111974 ], [ 20.788221834888667, 53.067022698756041 ], [ 20.789019746269954, 53.066646612437808 ], [ 20.809266459819224, 53.056985419463608 ], [ 20.813210251828636, 53.055079336139656 ], [ 20.829505761559261, 53.047360488371275 ], [ 20.838324295921247, 53.043128666949514 ], [ 20.849736624068736, 53.037746476306296 ], [ 20.863501388885346, 53.031171589626467 ], [ 20.869958594065654, 53.028132375418537 ], [ 20.888685323508899, 53.019208954687961 ], [ 20.890171299228932, 53.018509486754624 ], [ 20.910375935383101, 53.00890497053318 ], [ 20.913842464948281, 53.007241297315936 ], [ 20.93057113946864, 52.999287540452578 ], [ 20.938943007434538, 52.995269118979103 ], [ 20.950756091625248, 52.989639215982073 ], [ 20.963960432905534, 52.983292892204148 ], [ 20.97093074145009, 52.979959630312941 ], [ 20.98888212464033, 52.971312879300434 ], [ 20.991095120932712, 52.970250221215665 ], [ 21.011250140906494, 52.960531300402174 ], [ 21.013738188454628, 52.959328629053182 ], [ 21.031395736225008, 52.950801577144432 ], [ 21.038548515350602, 52.947339839943339 ], [ 21.051531493720951, 52.941052454477905 ], [ 21.063310079972378, 52.935346591652738 ], [ 21.071657889906053, 52.93129428274424 ], [ 21.088055593205315, 52.923348338137032 ], [ 21.091775530134274, 52.921539699615245 ], [ 21.11188537945657, 52.911808270419662 ], [ 21.112854110240448, 52.911343859182963 ], [ 21.13198889976719, 52.90212896740789 ], [ 21.137854332793811, 52.89933044228156 ], [ 21.152086247805439, 52.892503382916352 ], [ 21.163049080128264, 52.887308087598996 ], [ 21.172178688817482, 52.882955226232809 ], [ 21.188535270036958, 52.875274881347949 ], [ 21.19226766000055, 52.873510780974335 ], [ 21.212355133381614, 52.86420592417258 ], [ 21.214522901831266, 52.863226714045922 ], [ 21.232443201061926, 52.855077631292417 ], [ 21.241293434459809, 52.851157935665412 ], [ 21.252533161002049, 52.846146273331748 ], [ 21.268906692973804, 52.839066864636209 ], [ 21.272627148177417, 52.837447556829062 ], [ 21.292728166634358, 52.829032481898984 ], [ 21.297945815756712, 52.826941611535425 ], [ 21.312838560973887, 52.820937921409765 ], [ 21.328872292319691, 52.814772057430474 ], [ 21.33296023982129, 52.813191377287431 ], [ 21.353096976181408, 52.80585395100222 ], [ 21.362817460086617, 52.802534178074218 ], [ 21.373250940983699, 52.798955307265913 ], [ 21.39342501615851, 52.79253707179118 ], [ 21.401486723999735, 52.790190834211003 ], [ 21.413622557330868, 52.786648049635829 ], [ 21.433846100326026, 52.781320750130043 ], [ 21.449610475764704, 52.7776397377867 ], [ 21.454098376625833, 52.776590074841849 ], [ 21.474383399779651, 52.772512358483276 ], [ 21.4947027715715, 52.769099910072178 ], [ 21.515059527770909, 52.766389454442006 ], [ 21.535456572949521, 52.764414219718155 ], [ 21.539342087021382, 52.764184998445806 ], [ 21.555896930622094, 52.763208328000864 ], [ 21.576382500175985, 52.762785692674576 ], [ 21.591308919357317, 52.763060572591776 ], [ 21.596915560218292, 52.763166054904424 ], [ 21.617498578707767, 52.764371577860899 ], [ 21.638132836056961, 52.766403971041314 ], [ 21.658819495043822, 52.769262832247179 ], [ 21.678186817400654, 52.772697254394679 ], [ 21.67955938411453, 52.772942198574341 ], [ 21.700354262449082, 52.777451186723034 ], [ 21.721202330978024, 52.782741488525026 ], [ 21.722939935512496, 52.783245438445121 ], [ 21.742104354452287, 52.788806917029433 ], [ 21.758141281823494, 52.793999463497151 ], [ 21.763057738509307, 52.795588377676502 ], [ 21.784061065300914, 52.803046899635582 ], [ 21.78874461345162, 52.80485139766845 ], [ 21.805111360451352, 52.811120448574044 ], [ 21.816436919408858, 52.815764726241298 ], [ 21.826204949116221, 52.81973802469949 ], [ 21.842387524771503, 52.826713456679862 ], [ 21.847337824288996, 52.828825662795133 ], [ 21.867111820839515, 52.837686266967708 ], [ 21.868505427048657, 52.838303239220586 ], [ 21.889702833338362, 52.848087543124763 ], [ 21.890933256925607, 52.848676036031115 ], [ 21.910924865863034, 52.858094088009473 ], [ 21.914188764950381, 52.859675028119881 ], [ 21.932166312116017, 52.868240410916982 ], [ 21.93717103289648, 52.870676329175176 ], [ 21.953422078489325, 52.878448278382159 ], [ 21.960068000048782, 52.881675409910315 ], [ 21.974687289352158, 52.888644985464694 ], [ 21.983047351799666, 52.89266810606285 ], [ 21.995957389636033, 52.898764643275626 ], [ 22.006264885605102, 52.903650426029841 ], [ 22.017228215879577, 52.908748952094683 ], [ 22.029871021007835, 52.914618394098696 ], [ 22.038496035596694, 52.918547485344121 ], [ 22.05401604129802, 52.925567916909067 ], [ 22.059757557071396, 52.928117540060491 ], [ 22.078854415902494, 52.936494665671191 ], [ 22.081009913297134, 52.937423628947634 ], [ 22.102251029901108, 52.946442356117522 ], [ 22.104536166805175, 52.947394289686962 ], [ 22.123479209225962, 52.955156216016931 ], [ 22.1312578951188, 52.958261065825191 ], [ 22.144692454315074, 52.963544075527984 ], [ 22.15923546858054, 52.969088559331603 ], [ 22.165889294791683, 52.971592589157638 ], [ 22.187068873301236, 52.979297099147324 ], [ 22.188695409388462, 52.979869812588014 ], [ 22.208232334480702, 52.986680061724428 ], [ 22.219965020793978, 52.990594863373893 ], [ 22.229377019712594, 52.993712383283473 ], [ 22.250502885981593, 53.000400538793819 ], [ 22.253318652459853, 53.001254784702191 ], [ 22.271612636812268, 53.006787106024227 ], [ 22.289245000790746, 53.011834309180827 ], [ 22.292702169642624, 53.012824200445742 ], [ 22.313776267852919, 53.018581041319528 ], [ 22.328273468005946, 53.022316294635004 ], [ 22.334831251805241, 53.024015413768588 ], [ 22.355870923363483, 53.029182465558662 ], [ 22.371019961551017, 53.032680236169384 ], [ 22.376892519086958, 53.034051975155847 ], [ 22.397900798290546, 53.038690058073158 ], [ 22.418267255722267, 53.042899634051288 ], [ 22.418890192342673, 53.043030767269116 ], [ 22.439870668302238, 53.047204704329921 ], [ 22.460833749863763, 53.051109274750438 ], [ 22.471263821032782, 53.052932690002613 ], [ 22.481785490227512, 53.054824441633741 ], [ 22.502726739309121, 53.058364126483362 ], [ 22.523653636003569, 53.06168424713902 ], [ 22.530792005947387, 53.062748509126983 ], [ 22.544574101567083, 53.0648851270618 ], [ 22.565485903674702, 53.067941892765361 ], [ 22.586386754282781, 53.070829592183813 ], [ 22.597726398542616, 53.072310843742919 ], [ 22.607282800071395, 53.073624657840398 ], [ 22.628176135088214, 53.076353579917225 ], [ 22.649062318874964, 53.078965052988394 ], [ 22.669942650638056, 53.08147635794051 ], [ 22.67129023550314, 53.081631215217541 ], [ 22.69082937805474, 53.084032195244269 ], [ 22.711714023864733, 53.086533380742104 ], [ 22.732597320707168, 53.088989287346358 ], [ 22.748239123461776, 53.090799701837071 ], [ 22.753484157420903, 53.091456772203593 ], [ 22.774383029673615, 53.094032568424126 ], [ 22.795285887057922, 53.096623485548484 ], [ 22.816194453064107, 53.099248699825459 ], [ 22.822267286202347, 53.100012688258737 ], [ 22.8371225019396, 53.102062180029144 ], [ 22.858065704097115, 53.105012465924553 ], [ 22.879021353119199, 53.108067239379416 ], [ 22.888245644406538, 53.109443512875529 ], [ 22.900003824083292, 53.111383394165479 ], [ 22.921013885044761, 53.114965035167977 ], [ 22.942044547819552, 53.118731505076788 ], [ 22.944403215636768, 53.119164327064006 ], [ 22.963124251835872, 53.122988454998271 ], [ 22.984234836603353, 53.127531776614944 ], [ 22.991544562504668, 53.129161990378151 ], [ 23.005400524271483, 53.132616805045302 ], [ 23.026614622120668, 53.138163178074841 ], [ 23.031179477929648, 53.139395992907097 ], [ 23.047905498815492, 53.144464529076629 ], [ 23.064817888595698, 53.149822180680722 ], [ 23.069263502192644, 53.15140648157881 ], [ 23.090718564396372, 53.159292751728529 ], [ 23.093662232691109, 53.160404208018569 ], [ 23.112292056793727, 53.168330801997051 ], [ 23.118667749095138, 53.171112444646759 ], [ 23.133998917982233, 53.178656438821406 ], [ 23.140529322353764, 53.181925088706414 ], [ 23.155871644454738, 53.190583366216131 ], [ 23.159805217980431, 53.192824322127159 ], [ 23.176940534492502, 53.203795749106781 ], [ 23.177952802989672, 53.204521051408825 ], [ 23.192366573700927, 53.214825075391836 ], [ 23.200315158726553, 53.221176889419006 ], [ 23.2062855110158, 53.225905801207887 ], [ 23.218995025733957, 53.237027885667516 ], [ 23.222994461286056, 53.240864912964469 ], [ 23.23076808891452, 53.248181999415181 ], [ 23.241738326915787, 53.259363648087756 ], [ 23.246043155205189, 53.264058020162452 ], [ 23.252183570082611, 53.270563120342537 ], [ 23.262256230994591, 53.281775091924985 ], [ 23.26939013113811, 53.289977982636643 ], [ 23.272117782729325, 53.292993859519967 ], [ 23.282110737100361, 53.304207156354977 ], [ 23.292226661090865, 53.315415255296713 ], [ 23.292778479043708, 53.316016301825357 ], [ 23.303047066798001, 53.326597117855414 ], [ 23.314517018510013, 53.337754550742531 ], [ 23.315889285597521, 53.339017470287502 ], [ 23.327369758210374, 53.348860740066925 ], [ 23.338577866269066, 53.357615343337116 ], [ 23.341768044201448, 53.359909323348894 ], [ 23.35860180565852, 53.370867206616339 ], [ 23.360876227532618, 53.372200156428597 ], [ 23.378902568092407, 53.381695482795607 ], [ 23.382857080092812, 53.38354616431802 ], [ 23.404179035135815, 53.392336669791611 ], [ 23.404601638445452, 53.392491028244109 ], [ 23.42614614169695, 53.399421049164062 ], [ 23.438006167523813, 53.402654581079993 ], [ 23.447552409980268, 53.404958661507685 ], [ 23.468837750250753, 53.409289546569354 ], [ 23.487509238844225, 53.412373950201491 ], [ 23.490034940027286, 53.412742064871082 ], [ 23.511138358841507, 53.415275953056614 ], [ 23.532179920462433, 53.4172038674769 ], [ 23.553166429178059, 53.418597922045521 ], [ 23.574103675616914, 53.41951940993988 ], [ 23.592217364281762, 53.419958860856262 ], [ 23.594995610505418, 53.420011423634989 ], [ 23.615843005656849, 53.420086945550509 ], [ 23.636656089930248, 53.419845436983671 ], [ 23.657437836191828, 53.419318297586614 ], [ 23.678190840483204, 53.418532927733537 ], [ 23.698917379751901, 53.41751334365722 ], [ 23.719476652970805, 53.414993715473358 ], [ 23.719487790985504, 53.41498665248082 ], [ 23.718309280230766, 53.403459104178047 ], [ 23.717125425793526, 53.39193175988347 ], [ 23.736391460983683, 53.379757112246118 ], [ 23.736667158754752, 53.379582063742326 ], [ 23.735470121676947, 53.368055334537921 ], [ 23.75455768869903, 53.355977430061706 ], [ 23.754989114721056, 53.355703221746197 ], [ 23.753780032159593, 53.344177066587896 ], [ 23.752567297749486, 53.332651049539201 ], [ 23.771419019532466, 53.32070308935031 ], [ 23.772057323441434, 53.320296885525536 ], [ 23.770834571093133, 53.308771365842716 ], [ 23.769609326836612, 53.297245938311306 ], [ 23.788252534971292, 53.285412454295709 ], [ 23.789073067174108, 53.28488963298576 ], [ 23.787839966367841, 53.273364619608955 ], [ 23.806349881431931, 53.261602483454539 ], [ 23.807285439311951, 53.261005757107206 ], [ 23.80604589779265, 53.249481103321195 ], [ 23.824427502877349, 53.237788055854665 ], [ 23.825474378699603, 53.237119641071928 ], [ 23.843784960152341, 53.225462217630863 ], [ 23.844891307636434, 53.224755256869635 ], [ 23.843642525900655, 53.213231188049249 ], [ 23.86182739019975, 53.20164256644491 ], [ 23.863044324054002, 53.200864142635012 ], [ 23.86179238987253, 53.189340304869837 ], [ 23.879850590326118, 53.177821933716253 ], [ 23.900477792690594, 53.176978763431876 ], [ 23.901816277056877, 53.176121198984369 ], [ 23.900557923216017, 53.164597845909391 ], [ 23.899301150097834, 53.153074420484657 ], [ 23.898046223467951, 53.141550911749377 ], [ 23.896793387912382, 53.130027309621951 ], [ 23.895023541567799, 53.12916549221827 ], [ 23.874929320571081, 53.119351449369191 ], [ 23.873685951345642, 53.107827326204387 ], [ 23.872445322415878, 53.096303083262804 ], [ 23.871207590173324, 53.084778714144761 ], [ 23.869972887971006, 53.073254213399053 ], [ 23.887401863680548, 53.062122024071542 ], [ 23.889331176976803, 53.060883287374693 ], [ 23.888097944592442, 53.049358827208586 ], [ 23.905360217947454, 53.038325502574956 ], [ 23.907445799341136, 53.036985067335401 ], [ 23.906214122204428, 53.025460643916986 ], [ 23.923300093314239, 53.014532550214696 ], [ 23.925551512181531, 53.013084055459871 ], [ 23.9243213001191, 53.001559672207904 ], [ 23.923094252630698, 52.990035150710661 ], [ 23.921870331344383, 52.978510492583496 ], [ 23.938598687931737, 52.967803005282946 ], [ 23.941193049311348, 52.966131469106273 ], [ 23.939970010993388, 52.954606874359442 ], [ 23.936921535834244, 52.953117673519309 ], [ 23.918216702272048, 52.943935724464716 ], [ 23.917004593451722, 52.932410548752884 ], [ 23.915795199834996, 52.920885253559085 ], [ 23.914588405511644, 52.909359843704948 ], [ 23.91338408684787, 52.897834324329786 ], [ 23.912182113992028, 52.886308700827939 ], [ 23.910982352351684, 52.874782978787529 ], [ 23.90978466402748, 52.863257163930705 ], [ 23.908588909190613, 52.851731262056646 ], [ 23.924244817363999, 52.841701153859212 ], [ 23.927878145092347, 52.839354787230647 ], [ 23.926679989359009, 52.827829082171355 ], [ 23.925483290232556, 52.816303309718847 ], [ 23.924287913081145, 52.80477747546751 ], [ 23.939499025356543, 52.795020385571249 ], [ 23.943552431821804, 52.79239899144175 ], [ 23.942353319535663, 52.780873410382576 ], [ 23.94115509671451, 52.769347785444289 ], [ 23.939957649434497, 52.757822121368086 ], [ 23.93876087038247, 52.746296422616808 ], [ 23.937564659264833, 52.734770693358044 ], [ 23.936368923111594, 52.723244937451575 ], [ 23.935173576478135, 52.711719158441277 ], [ 23.929762075382595, 52.709059018370411 ], [ 23.913569254277977, 52.701043005667799 ], [ 23.908055558686321, 52.698330235968761 ], [ 23.89197799532122, 52.69036253502842 ], [ 23.886359464237103, 52.687595745864591 ], [ 23.870400218896279, 52.679677734890802 ], [ 23.864673762872659, 52.676855311931433 ], [ 23.848836331911528, 52.668988594430253 ], [ 23.842998426688709, 52.666108704797729 ], [ 23.827286717985309, 52.658295104063768 ], [ 23.821333429700221, 52.655355708023265 ], [ 23.805751725753851, 52.647597255904088 ], [ 23.799678748532202, 52.644596124726569 ], [ 23.784231656754276, 52.636895044218448 ], [ 23.783085210636141, 52.625366432179952 ], [ 23.77676948450349, 52.622241592779062 ], [ 23.761587497735938, 52.614659449140618 ], [ 23.755141516217762, 52.611467360555586 ], [ 23.734776419796074, 52.612276324394912 ], [ 23.714410225352225, 52.613080612369195 ], [ 23.69404293630981, 52.613880202153609 ], [ 23.673674556648578, 52.614675076240331 ], [ 23.653305090929852, 52.615465222282701 ], [ 23.638406775801108, 52.607982951836341 ], [ 23.631708089045983, 52.604653535257789 ], [ 23.611341704357663, 52.605432835196218 ], [ 23.596653693933181, 52.598039796394367 ], [ 23.589759167880942, 52.594608125578418 ], [ 23.569395903400956, 52.59537669730571 ], [ 23.554932899213981, 52.588080910489893 ], [ 23.547827895937147, 52.584539405919379 ], [ 23.533552760712261, 52.577329005929698 ], [ 23.526270262062717, 52.573695852280913 ], [ 23.512186072828158, 52.566572870160059 ], [ 23.504723036272427, 52.562846392674523 ], [ 23.484371447738408, 52.56359335610086 ], [ 23.470536409220696, 52.556582163055722 ], [ 23.469490203947895, 52.54504803591805 ], [ 23.461659962342893, 52.541131370059652 ], [ 23.448159482353347, 52.534279406093404 ], [ 23.440144195614948, 52.530266682239755 ], [ 23.426839164677432, 52.523506680979125 ], [ 23.41863899769487, 52.519397819332518 ], [ 23.405528440764343, 52.512729894997115 ], [ 23.397144409293805, 52.50852524261478 ], [ 23.38422651565444, 52.50194908143181 ], [ 23.38319490524044, 52.490413974761189 ], [ 23.374507327136392, 52.486051925375783 ], [ 23.36190415884306, 52.479628942922517 ], [ 23.360873539464581, 52.4680936831423 ], [ 23.351894387433717, 52.463579894131854 ], [ 23.339592598231917, 52.457304486834765 ], [ 23.338562471517658, 52.44576909158657 ], [ 23.329305642484528, 52.44111021006119 ], [ 23.317290205331272, 52.434975774640968 ], [ 23.316260212346346, 52.423440256192649 ], [ 23.315227871193983, 52.411904812807492 ], [ 23.305610529144634, 52.407057251935825 ], [ 23.293965691400381, 52.401107216763187 ], [ 23.284200827648458, 52.39618102994735 ], [ 23.272708481803921, 52.390305746912219 ], [ 23.271678270417663, 52.378769996686344 ], [ 23.261684741126551, 52.373722507964295 ], [ 23.250428007375252, 52.36796447309645 ], [ 23.249397738024083, 52.356428603523611 ], [ 23.239192816946485, 52.351268275273604 ], [ 23.228154396479649, 52.345619027990587 ], [ 23.227124288761999, 52.334083030149813 ], [ 23.216724988319392, 52.328818223260235 ], [ 23.205888091329243, 52.323269395668397 ], [ 23.204858490370437, 52.311733256289529 ], [ 23.194281168724793, 52.30637203039413 ], [ 23.183629880333505, 52.300915548257869 ], [ 23.182601242785559, 52.289379250311477 ], [ 23.192099478638792, 52.28331075608061 ], [ 23.201758567195146, 52.277125163694123 ], [ 23.20072183876016, 52.265589230982094 ], [ 23.19968355418693, 52.254053341771566 ], [ 23.198643812454005, 52.242517492490343 ], [ 23.19760271659997, 52.23098167942355 ], [ 23.206870278350049, 52.225044945766783 ], [ 23.22706931901191, 52.224299523837125 ], [ 23.247267417081947, 52.223549956145291 ], [ 23.257036887115834, 52.217276200247589 ], [ 23.266359883533269, 52.211289467413394 ], [ 23.276847740448133, 52.216558667346789 ], [ 23.287660781038152, 52.222038545139512 ], [ 23.297344412195539, 52.215812770170835 ], [ 23.306741008504392, 52.209770849702174 ], [ 23.326930153919431, 52.209005556846932 ], [ 23.347118353254412, 52.20823632593401 ], [ 23.367305605552733, 52.207463195220974 ], [ 23.376849327705212, 52.201311963971662 ], [ 23.386356830275183, 52.195180786236762 ], [ 23.39589391491754, 52.189029007083349 ], [ 23.405397414355786, 52.182894141155657 ], [ 23.414925602271669, 52.176743278722121 ], [ 23.424427366556497, 52.17060328690394 ], [ 23.43517003649082, 52.17598248625837 ], [ 23.445744619469174, 52.181322956902385 ], [ 23.45517662570289, 52.175227193641113 ], [ 23.464762349140514, 52.169025463745065 ], [ 23.475612231304943, 52.174452175586858 ], [ 23.486088028040594, 52.17973693859529 ], [ 23.506258306463234, 52.17893845387789 ], [ 23.51554307552064, 52.17292750858357 ], [ 23.505117695142847, 52.167671678910871 ], [ 23.494299785791558, 52.162166229123422 ], [ 23.493175937398053, 52.150635022281023 ], [ 23.50276595643486, 52.144418038280769 ], [ 23.512156498996912, 52.138334802723108 ], [ 23.521751851324442, 52.132108154235503 ], [ 23.541899593257398, 52.131303990495752 ], [ 23.551222665477557, 52.125256274524581 ], [ 23.560868787280022, 52.118986800309969 ], [ 23.581009471310708, 52.118175898750444 ], [ 23.601149202945884, 52.117361512870175 ], [ 23.610352574414001, 52.111379929536483 ], [ 23.609192861003198, 52.099850759653414 ], [ 23.618903903198607, 52.093523024925176 ], [ 23.628110579403227, 52.087533383791595 ], [ 23.637835266460645, 52.081190591344146 ], [ 23.647015836887874, 52.075213277744808 ], [ 23.645842570755057, 52.063684847824192 ], [ 23.655556178091761, 52.057340710230477 ], [ 23.664729288881766, 52.05136236764455 ], [ 23.663549210710116, 52.0398343073891 ], [ 23.662368601917816, 52.028306258068788 ], [ 23.661187614365151, 52.016778213625493 ], [ 23.670853413020058, 52.010452483470772 ], [ 23.680044536900212, 52.004454038842859 ], [ 23.67885772541657, 51.992926327206611 ], [ 23.677670973786498, 51.981398603058928 ], [ 23.676484444606348, 51.969870859902478 ], [ 23.666077507408865, 51.96462226089443 ], [ 23.655282520321819, 51.959137844465246 ], [ 23.644806982411605, 51.953850114743737 ], [ 23.634091677272167, 51.948400705577484 ], [ 23.64359805695328, 51.942171586142322 ], [ 23.652923404176043, 51.936081509114565 ], [ 23.642419216608978, 51.930776005028754 ], [ 23.63174562986746, 51.925343589909886 ], [ 23.621170519661622, 51.919997687902971 ], [ 23.610579612014966, 51.914601528817492 ], [ 23.619981653670973, 51.908439877836891 ], [ 23.6294038474174, 51.902286264282857 ], [ 23.628234913274518, 51.890757508617284 ], [ 23.627067463457088, 51.879228683968769 ], [ 23.616427766591691, 51.873843425488104 ], [ 23.605930310191898, 51.868484963182802 ], [ 23.61525091562665, 51.862371573655942 ], [ 23.624737515903785, 51.856170808062146 ], [ 23.614060891462685, 51.85076349504704 ], [ 23.60361556913249, 51.845426228053277 ], [ 23.602461057492334, 51.833896732466243 ], [ 23.611711784115347, 51.827826048071806 ], [ 23.621256647465554, 51.821583361864448 ], [ 23.630537079169645, 51.815488612858339 ], [ 23.640042063912745, 51.809267210314971 ], [ 23.638882358266503, 51.797738127263983 ], [ 23.637724948895062, 51.786208943017243 ], [ 23.626973016562832, 51.780756286134725 ], [ 23.616645517767449, 51.775465437495015 ], [ 23.605799492999083, 51.769960377160395 ], [ 23.595579141558069, 51.764717766190593 ], [ 23.584635837522779, 51.759158601227128 ], [ 23.564648692655066, 51.759900218949142 ], [ 23.554610520041315, 51.754740918673612 ], [ 23.543499063528671, 51.749088473047671 ], [ 23.533574833428027, 51.743981239085379 ], [ 23.532457418889784, 51.732449850537726 ], [ 23.541248085081769, 51.726684831818297 ], [ 23.551241601769476, 51.720147745561782 ], [ 23.550123287853243, 51.708616485456346 ], [ 23.549007285323665, 51.697085124875699 ], [ 23.547893571914035, 51.685553664698894 ], [ 23.546782118215987, 51.674022106081381 ], [ 23.545672888053645, 51.662490450440437 ], [ 23.544565838869797, 51.65095869943989 ], [ 23.543460922119184, 51.639426854974801 ], [ 23.542358083664475, 51.627894919155814 ], [ 23.541257264170817, 51.61636289429385 ], [ 23.540158399495237, 51.604830782884783 ], [ 23.548501036263215, 51.599351823141909 ], [ 23.558903504063434, 51.592528056744371 ], [ 23.557803620253861, 51.580996076701794 ], [ 23.55670554605711, 51.569464015559042 ], [ 23.564946019840605, 51.564048573265126 ], [ 23.575436682181802, 51.557158875013918 ], [ 23.574337489301694, 51.54562694943268 ], [ 23.573239928429498, 51.534094949505622 ], [ 23.581367755327463, 51.528750315143597 ], [ 23.601245436642635, 51.527932843804678 ], [ 23.611770547438478, 51.521008539661977 ], [ 23.610667442615991, 51.509476963145417 ], [ 23.618792128985049, 51.504129345313181 ], [ 23.62936988239661, 51.497163682278234 ], [ 23.637489424187621, 51.491817080780876 ], [ 23.657349629681221, 51.490992560084202 ], [ 23.66786398956522, 51.484059477638027 ], [ 23.676031214766152, 51.478677021970348 ], [ 23.686547490517043, 51.471737389981108 ], [ 23.674701006105071, 51.465692365330078 ], [ 23.665643301011194, 51.460997511939361 ], [ 23.653665824942383, 51.454880492843465 ], [ 23.64474782165745, 51.450253679940957 ], [ 23.652663230964929, 51.445039045517888 ], [ 23.672502974266664, 51.444215140358814 ], [ 23.683210579041756, 51.437144975388463 ], [ 23.682100643496671, 51.425614055743694 ], [ 23.689983926949207, 51.420416612872231 ], [ 23.700766738966571, 51.413289937307944 ], [ 23.699655018812361, 51.401759184208117 ], [ 23.687431319613669, 51.39551350841861 ], [ 23.678776316893007, 51.391021017414978 ], [ 23.677669644549226, 51.37948992708499 ], [ 23.67656349537879, 51.367958805760715 ], [ 23.664069899239681, 51.361565941142452 ], [ 23.655700178182475, 51.357216173390583 ], [ 23.654598154194403, 51.345684752404928 ], [ 23.653496265792555, 51.334153315771694 ], [ 23.640745066672178, 51.327619162698824 ], [ 23.632646681843898, 51.323406288912025 ], [ 23.639839553915852, 51.318665218029977 ], [ 23.651292447984574, 51.31109041329406 ], [ 23.650190297363835, 51.299558956202802 ], [ 23.649087840132385, 51.288027500961114 ], [ 23.656129592200454, 51.283383465318629 ], [ 23.664127338114508, 51.287428112111016 ], [ 23.677070344643685, 51.294062527733352 ], [ 23.68856269703987, 51.286450105408797 ], [ 23.695671068870883, 51.281759618519118 ], [ 23.707187190456597, 51.274125678409433 ], [ 23.714262023158252, 51.269455654963934 ], [ 23.725804574554942, 51.261798407385761 ], [ 23.724687919323106, 51.250267956402368 ], [ 23.731661363022809, 51.245662742645436 ], [ 23.7432943824329, 51.237938106185226 ], [ 23.742173252585097, 51.2264079342117 ], [ 23.741051320340372, 51.214877784901162 ], [ 23.747858890040241, 51.210379350296009 ], [ 23.759642574981047, 51.202545644028554 ], [ 23.766408302985035, 51.198073145795043 ], [ 23.778226325948982, 51.190210687700926 ], [ 23.784947970367156, 51.185765595167197 ], [ 23.804674735660075, 51.184945192587449 ], [ 23.816509343917193, 51.177061393408451 ], [ 23.815370910628548, 51.165532357702411 ], [ 23.821998075377994, 51.161146193218237 ], [ 23.829510379568042, 51.164948117263734 ], [ 23.842919222642578, 51.171809540880339 ], [ 23.854777255857421, 51.163899801624339 ], [ 23.861428093801543, 51.159495753177168 ], [ 23.873330731983835, 51.15155028777432 ], [ 23.872180373183429, 51.140022091754183 ], [ 23.858649201388268, 51.133098485373495 ], [ 23.851335631027357, 51.129314454256139 ], [ 23.850185699390028, 51.117786099477186 ], [ 23.856592976578174, 51.113540118346222 ], [ 23.868721042571625, 51.105437792284725 ], [ 23.8675649479203, 51.093909798208266 ], [ 23.873864521448603, 51.089732269866545 ], [ 23.88608713195114, 51.081559048482028 ], [ 23.892333462516838, 51.077414767354156 ], [ 23.912012071501223, 51.076587955918718 ], [ 23.924276058224009, 51.068376375100094 ], [ 23.923105491916921, 51.056849334046937 ], [ 23.921933202267308, 51.045322356501003 ], [ 23.920759141961149, 51.033795444398635 ], [ 23.919583265959279, 51.022268599578794 ], [ 23.918405531271151, 51.010741823792628 ], [ 23.924354552101789, 51.006786209132237 ], [ 23.944002941050947, 51.005960692098292 ], [ 23.956535751580205, 50.997549985906751 ], [ 23.955347859490075, 50.986023877898731 ], [ 23.961191559360117, 50.982133676709189 ], [ 23.973805034190846, 50.973660867872574 ], [ 23.972610073894337, 50.962135171901267 ], [ 23.97141315390726, 50.950609550275601 ], [ 23.977131018641188, 50.946798254814148 ], [ 23.989850501634287, 50.938244546065881 ], [ 23.995517043456395, 50.934465009450243 ], [ 24.00827820841382, 50.925876876711008 ], [ 24.013893342710027, 50.922129141002699 ], [ 24.026696176771193, 50.91350655056803 ], [ 24.032259917580578, 50.909790595180326 ], [ 24.045104315261742, 50.90113357579807 ], [ 24.050616769555578, 50.897449321305864 ], [ 24.070216108963379, 50.896610905769521 ], [ 24.083118943355636, 50.887903242090282 ], [ 24.088557566954016, 50.884264470030566 ], [ 24.10815025251549, 50.883420059354556 ], [ 24.121112393675766, 50.874661053597237 ], [ 24.126476307327074, 50.871068319078731 ], [ 24.13948071125537, 50.862274232447902 ], [ 24.138238670475662, 50.850751701671093 ], [ 24.123410208604124, 50.843168407556064 ], [ 24.117396458073493, 50.840092601869799 ], [ 24.102576451578745, 50.832507339836752 ], [ 24.083008135623313, 50.833379714220129 ], [ 24.063438900406926, 50.834249248187518 ], [ 24.043868749987809, 50.835115950751089 ], [ 24.024297688401738, 50.835979830852295 ], [ 24.004725719659206, 50.836840897333786 ], [ 23.998547059295202, 50.83368020483335 ], [ 23.983921699092075, 50.826168727604532 ], [ 23.977716634781579, 50.822996073988683 ], [ 23.976491448207376, 50.811471678459519 ], [ 23.975264027588906, 50.799947368547798 ], [ 23.974034351911442, 50.788423145075669 ], [ 23.972802400808771, 50.776899008836729 ], [ 23.978279394423694, 50.773227604077995 ], [ 23.99783033245804, 50.772415947902751 ], [ 24.017380277561042, 50.771600269267381 ], [ 24.030334865719873, 50.762848814934934 ], [ 24.029090478380073, 50.751325611259517 ], [ 24.027843919442827, 50.739802491650323 ], [ 24.026595173516963, 50.72827945669588 ], [ 24.031970884092146, 50.724666934089406 ], [ 24.051500300714643, 50.723849405698701 ], [ 24.071028705568022, 50.723027744114724 ], [ 24.084058203816927, 50.714204466737009 ], [ 24.082797183993822, 50.702682371476286 ], [ 24.081534091260686, 50.691160357163142 ], [ 24.066763220113867, 50.683566205897392 ], [ 24.060707944315332, 50.680491539570312 ], [ 24.066043417993193, 50.676898272706239 ], [ 24.085552337634724, 50.676078775367074 ], [ 24.098557400297459, 50.667260516604458 ], [ 24.097285465425724, 50.65573900430639 ], [ 24.082528745456706, 50.648149146369732 ], [ 24.076460787332181, 50.645073116767165 ], [ 24.081806181505819, 50.641468053202971 ], [ 24.094735406865119, 50.632696221701671 ], [ 24.093457274326298, 50.621174951628916 ], [ 24.092177071137485, 50.609653762352032 ], [ 24.097546036841013, 50.606027731268846 ], [ 24.110432832621715, 50.597274940931896 ], [ 24.095781522309313, 50.589731747353575 ], [ 24.08961046512578, 50.586611625335351 ], [ 24.088324077192503, 50.575090676787504 ], [ 24.087035649190028, 50.56356980738466 ], [ 24.085745199119408, 50.552049016260781 ], [ 24.084452749964445, 50.540528302332099 ], [ 24.083158330125912, 50.529007664278211 ], [ 24.081861973859578, 50.517487100523219 ], [ 24.080563721714686, 50.505966609216657 ], [ 24.066427876814213, 50.498667326855085 ], [ 24.059742317829109, 50.495298513268274 ], [ 24.058442566238096, 50.483777914311467 ], [ 24.057141094131797, 50.472257379480602 ], [ 24.055837978982392, 50.460736905329782 ], [ 24.042099118997868, 50.45363034496701 ], [ 24.03501698491047, 50.450064680922708 ], [ 24.021472165518418, 50.443052749898158 ], [ 24.014195255677272, 50.439388866296468 ], [ 24.012892319176579, 50.427868043901533 ], [ 24.011588270768414, 50.416347258153721 ], [ 23.998432853925088, 50.409527225617531 ], [ 23.979041696291929, 50.410430084797198 ], [ 23.959649743959858, 50.411331384449362 ], [ 23.940256998311188, 50.412231123698014 ], [ 23.920863460379543, 50.413129298295111 ], [ 23.901469130833782, 50.414025900398521 ], [ 23.893141309917574, 50.409824622661858 ], [ 23.880892960620177, 50.40345321607272 ], [ 23.861501812914025, 50.404347484234002 ], [ 23.842109868847409, 50.40524009337804 ], [ 23.822717127063687, 50.406131014486128 ], [ 23.803323585767753, 50.407020213744396 ], [ 23.79415017481822, 50.402379153204876 ], [ 23.782772714874994, 50.396443691378309 ], [ 23.763382289345568, 50.397329800422177 ], [ 23.753780881969124, 50.392463253197754 ], [ 23.742844652061692, 50.386750373010315 ], [ 23.723457282430214, 50.387632752089139 ], [ 23.713417987243581, 50.382533220636525 ], [ 23.702932691088197, 50.37704860558101 ], [ 23.692616791736, 50.371800017402364 ], [ 23.691372126327707, 50.360274244955193 ], [ 23.690131253706479, 50.348748305903648 ], [ 23.688894496255902, 50.3372221872784 ], [ 23.679027119449703, 50.332051977876567 ], [ 23.668134498839635, 50.326483212910851 ], [ 23.658535844653375, 50.321449718727251 ], [ 23.639172614098236, 50.322318065927831 ], [ 23.627868250907984, 50.316520347353809 ], [ 23.626666391229463, 50.304992350624765 ], [ 23.617579074466601, 50.300219258717448 ], [ 23.605962039632118, 50.294240329883195 ], [ 23.604780349871426, 50.282711362279343 ], [ 23.59600414880353, 50.278096580485162 ], [ 23.584113011454573, 50.271954127170098 ], [ 23.575551568277135, 50.267448624409177 ], [ 23.563469986705996, 50.261192349318556 ], [ 23.555107193574859, 50.256787824529738 ], [ 23.542852440698439, 50.250425994976091 ], [ 23.534670966587765, 50.24611348181935 ], [ 23.522261274728873, 50.239655041487289 ], [ 23.514242845306107, 50.235425053889983 ], [ 23.50169710435619, 50.228879477908926 ], [ 23.493822804701239, 50.224722168269217 ], [ 23.474491635365084, 50.225536876004433 ], [ 23.461719996725389, 50.218848912370952 ], [ 23.460650714843695, 50.207314536417925 ], [ 23.453006951878475, 50.203272426032456 ], [ 23.440168226467904, 50.196525195635566 ], [ 23.432611175025002, 50.19252571857637 ], [ 23.419712213695497, 50.185731317794342 ], [ 23.412223547764029, 50.181764841125478 ], [ 23.399281845282502, 50.174932947371026 ], [ 23.391844125184519, 50.170990284551088 ], [ 23.378876052349103, 50.164130137226337 ], [ 23.37147297444502, 50.160202682084304 ], [ 23.358493558508243, 50.153322947267348 ], [ 23.35750171700046, 50.141784959884511 ], [ 23.350058632203094, 50.137831957816317 ], [ 23.337152479073684, 50.130972903611358 ], [ 23.329709244713939, 50.127016649108725 ], [ 23.31682240065842, 50.12015664723846 ], [ 23.309368439323535, 50.116191513154348 ], [ 23.296509739077802, 50.109336264437822 ], [ 23.289036312891032, 50.105357589383139 ], [ 23.276212690579932, 50.098511829922273 ], [ 23.275260405689703, 50.086971866747305 ], [ 23.267682353551752, 50.082933091405607 ], [ 23.254983235659186, 50.076143110982201 ], [ 23.254036491170027, 50.064602811112842 ], [ 23.246348488053883, 50.060500973343736 ], [ 23.233774305295707, 50.053769922357915 ], [ 23.226053619701471, 50.049647354453477 ], [ 23.213519926299487, 50.042933287830273 ], [ 23.212578055509603, 50.031392557346074 ], [ 23.204754827798375, 50.027210693821083 ], [ 23.192331009385857, 50.020552077376259 ], [ 23.191386894706028, 50.009011294523859 ], [ 23.183477102731782, 50.004778566456487 ], [ 23.171142669455644, 49.998167133035437 ], [ 23.163221068443246, 49.993924705643764 ], [ 23.150899036477981, 49.987319491018319 ], [ 23.149947794105245, 49.975778707088651 ], [ 23.141979864916028, 49.971506841941235 ], [ 23.12970013425252, 49.964927625271756 ], [ 23.121748571227581, 49.960661140282042 ], [ 23.109449082564488, 49.954073201075538 ], [ 23.10848385827968, 49.942532651492861 ], [ 23.100544646546108, 49.938268182557231 ], [ 23.088222462929327, 49.931675000674637 ], [ 23.087243788005612, 49.920134784157803 ], [ 23.079363028626993, 49.915897134426395 ], [ 23.066968329200435, 49.90927402753902 ], [ 23.059172533901201, 49.905078734419291 ], [ 23.046683764624262, 49.898410113232565 ], [ 23.045680594976648, 49.886870476737229 ], [ 23.038029228119992, 49.882748461095261 ], [ 23.025376406327865, 49.87600362923596 ], [ 23.017864458870687, 49.871953511828913 ], [ 23.005060076935472, 49.86513371364866 ], [ 23.004026183674394, 49.853594852202086 ], [ 22.996759991452848, 49.849673010774382 ], [ 22.983685137058732, 49.8427221518469 ], [ 22.976621210007149, 49.838906459034405 ], [ 22.963329307084813, 49.831846454571092 ], [ 22.962258598260746, 49.820308551673691 ], [ 22.961174563510561, 49.808771087959286 ], [ 22.954620848212976, 49.805226173368084 ], [ 22.940775064369294, 49.797893066065477 ], [ 22.93451431254055, 49.79450393577941 ], [ 22.92035786544777, 49.78701211762116 ], [ 22.914417909013473, 49.783794099660071 ], [ 22.89992241661308, 49.776128251036788 ], [ 22.89877745099729, 49.764592362538892 ], [ 22.897616193889778, 49.753057004372117 ], [ 22.892501890522638, 49.750282524947487 ], [ 22.877127336460557, 49.742171053485592 ], [ 22.872438028280119, 49.739625121581739 ], [ 22.85661821877591, 49.731282217014787 ], [ 22.855402842349832, 49.719748305322312 ], [ 22.85148392188481, 49.717618350436396 ], [ 22.834853807812003, 49.708857043678009 ], [ 22.831446518313385, 49.70700370140618 ], [ 22.814283753902536, 49.697962890840316 ], [ 22.811419222043245, 49.696403543860228 ], [ 22.793692755667777, 49.68706583238707 ], [ 22.791402002509979, 49.685817846197324 ], [ 22.773080991739317, 49.676165850557553 ], [ 22.771763409340469, 49.66463452814596 ], [ 22.770423763202633, 49.653103902739083 ], [ 22.769648400110277, 49.652680918220113 ], [ 22.749747065623666, 49.642202012358325 ], [ 22.749663674851828, 49.642156484279937 ], [ 22.741550021459819, 49.642467565518636 ], [ 22.730741615752144, 49.645408484963689 ], [ 22.711952854671285, 49.650443211364134 ], [ 22.693156067302343, 49.655422115334943 ], [ 22.692383943269949, 49.655622278764625 ], [ 22.674350903594473, 49.660339747926812 ], [ 22.655537299636759, 49.665194363806904 ], [ 22.641268040194618, 49.668817197525527 ], [ 22.636715225232866, 49.66998463265989 ], [ 22.617884490056291, 49.674707039926105 ], [ 22.599044854773922, 49.67935733484078 ], [ 22.587869902655072, 49.682060033785746 ], [ 22.580196386283159, 49.683935342698277 ], [ 22.561338893476108, 49.688437356278797 ], [ 22.542472025766369, 49.692857398200879 ], [ 22.531496439409658, 49.695368771006478 ], [ 22.523595945397258, 49.697196447907693 ], [ 22.504710499651594, 49.701451129815666 ], [ 22.485815207814284, 49.705613416339702 ], [ 22.471113841555592, 49.708770058052771 ], [ 22.466910161014827, 49.709683131341428 ], [ 22.447995585631809, 49.71366200033227 ], [ 22.429070708182856, 49.717537601145374 ], [ 22.410135441627354, 49.721307028708523 ], [ 22.404907599806158, 49.722310994664127 ], [ 22.39119033650217, 49.724976453663352 ], [ 22.372234759604968, 49.728535111955189 ], [ 22.353268370258203, 49.73197623892905 ], [ 22.334291085385924, 49.735296671024457 ], [ 22.329642571327199, 49.736074663081197 ], [ 22.315303518354924, 49.738503380483543 ], [ 22.296304988180456, 49.741584409517053 ], [ 22.277295188459455, 49.744533078397914 ], [ 22.258274048321415, 49.747346062460636 ], [ 22.239241497191522, 49.750019960167023 ], [ 22.237382271342497, 49.750265573698741 ], [ 22.220198190234054, 49.752562235851073 ], [ 22.201143305353998, 49.754958105506724 ], [ 22.182076707270252, 49.757202915840871 ], [ 22.162998342670917, 49.759293156485427 ], [ 22.143908160117459, 49.761225256563122 ], [ 22.124806110396371, 49.7629955880873 ], [ 22.105692146803793, 49.76460046843183 ], [ 22.088159550540691, 49.76591605456143 ], [ 22.086566259637067, 49.766036701122992 ], [ 22.067428664587986, 49.767304573381956 ], [ 22.048278946702862, 49.768394327040774 ], [ 22.029117075636218, 49.769302118362184 ], [ 22.009943023827422, 49.770024044908268 ], [ 21.990756766868586, 49.770556149393627 ], [ 21.971558283965081, 49.770894425199188 ], [ 21.952347558518856, 49.77103482411939 ], [ 21.933124578865343, 49.770973266958229 ], [ 21.913889339195038, 49.770705657625712 ], [ 21.908409771806582, 49.770571515058819 ], [ 21.894642104506008, 49.770232327548612 ], [ 21.875382802577167, 49.7695479147336 ], [ 21.856111350930114, 49.76864673073527 ], [ 21.836827784594245, 49.767524936656983 ], [ 21.817532153575986, 49.766178839040961 ], [ 21.798224525456686, 49.764604939876378 ], [ 21.77890498832679, 49.762799994632097 ], [ 21.774088717242339, 49.762295513932656 ], [ 21.759574223459566, 49.760771103544485 ], [ 21.740232077388487, 49.758510761890619 ], [ 21.720878542930173, 49.756013855056295 ], [ 21.701513834316206, 49.753279096572882 ], [ 21.696741468157658, 49.752550752002158 ], [ 21.682138846599635, 49.750317493596675 ], [ 21.662753548916665, 49.747123469975811 ], [ 21.643358096018179, 49.743694691793053 ], [ 21.636313566294646, 49.742370406879786 ], [ 21.623953429011937, 49.740043321558083 ], [ 21.604539895486035, 49.736170804774837 ], [ 21.585117744818579, 49.732076779590514 ], [ 21.584608272465914, 49.73196422586711 ], [ 21.565688355318212, 49.727782274488568 ], [ 21.54625177065434, 49.723283468328752 ], [ 21.538490481126047, 49.721412663041974 ], [ 21.526809112807449, 49.718597184701785 ], [ 21.50736116629141, 49.7137342288651 ], [ 21.495884643786262, 49.710767149119121 ], [ 21.487908775641632, 49.708706925707368 ], [ 21.468453070698974, 49.703533625669337 ], [ 21.455703346693259, 49.700054624588944 ], [ 21.448994888919877, 49.698227462912818 ], [ 21.429535479015431, 49.692810249229524 ], [ 21.41713683693909, 49.68929451805532 ], [ 21.410075773074833, 49.687298119484929 ], [ 21.390617020765347, 49.681714222405247 ], [ 21.379546472296219, 49.678501568517014 ], [ 21.371160238558033, 49.676077694206356 ], [ 21.351706624772273, 49.670412091833199 ], [ 21.342392582483839, 49.667687645811618 ], [ 21.332257204592334, 49.66473815963861 ], [ 21.312813108151225, 49.659079571189444 ], [ 21.305179470254675, 49.656863041516701 ], [ 21.29337526867117, 49.653456634507485 ], [ 21.273944743075692, 49.647893022403309 ], [ 21.267406641757887, 49.646037503771318 ], [ 21.254522284777554, 49.642406671686921 ], [ 21.235108860892215, 49.6370208211925 ], [ 21.228517597846249, 49.635221202116782 ], [ 21.215705007481393, 49.631750040699913 ], [ 21.196311546178283, 49.626615769826365 ], [ 21.187836901764872, 49.624425784376427 ], [ 21.176928845922703, 49.621630065591376 ], [ 21.157557455267241, 49.616809485672448 ], [ 21.144482531785506, 49.613665713107345 ], [ 21.138197749982954, 49.612167242548828 ], [ 21.118849769878974, 49.607709282445839 ], [ 21.099514136789924, 49.603455312077578 ], [ 21.097178305026407, 49.602961124798497 ], [ 21.080190273423518, 49.59939759440671 ], [ 21.060878762368805, 49.595555599133519 ], [ 21.043786951334468, 49.592344954071848 ], [ 21.041579520736008, 49.591933593491582 ], [ 21.022291819601712, 49.588520374755646 ], [ 21.003016154749734, 49.585334192488254 ], [ 20.983752267942997, 49.582375409942927 ], [ 20.980284098595046, 49.581877734311384 ], [ 20.964499248614857, 49.579628147730283 ], [ 20.945257264901045, 49.577103006761398 ], [ 20.926026079256083, 49.574800698106579 ], [ 20.90680529623862, 49.572717897580411 ], [ 20.896499420712441, 49.571709990798006 ], [ 20.887594211714557, 49.570843130019512 ], [ 20.868392394017899, 49.569171570310502 ], [ 20.849199738778818, 49.567706843528043 ], [ 20.830015802721555, 49.566443654133984 ], [ 20.810840140665235, 49.565376420176712 ], [ 20.791672308566632, 49.564499342102835 ], [ 20.77251186614544, 49.563806464508936 ], [ 20.753358379113578, 49.563291730876841 ], [ 20.734211421034704, 49.562949031463802 ], [ 20.723321171225056, 49.562847764318235 ], [ 20.715070503977049, 49.562770222022579 ], [ 20.695935253932944, 49.562750073107132 ], [ 20.676805369280881, 49.562885224792993 ], [ 20.657680467176124, 49.563169759173022 ], [ 20.638560177160844, 49.563597848274348 ], [ 20.619444141418921, 49.56416376776933 ], [ 20.611313886240289, 49.56446186534064 ], [ 20.600331921391057, 49.564859047479459 ], [ 20.581223157030688, 49.565677236242067 ] ] ], [ [ [ 18.790022961351099, 54.61802027056698 ], [ 18.77790492370189, 54.62457500638083 ], [ 18.768637454858546, 54.629541807443225 ], [ 18.768528867725639, 54.641102085740542 ], [ 18.756336699638577, 54.647687344710029 ], [ 18.747122459254193, 54.652619756936588 ], [ 18.734819137784712, 54.659256201206986 ], [ 18.725699469693051, 54.664133598573791 ], [ 18.725583726730466, 54.67569376857805 ], [ 18.73467984044397, 54.680632093980726 ], [ 18.743840094795544, 54.675733735780618 ], [ 18.756208113503813, 54.669171245286869 ], [ 18.765464348508857, 54.664217097517444 ], [ 18.777724253619837, 54.657708965938326 ], [ 18.78708087211054, 54.652696576039688 ], [ 18.799228273115695, 54.646245114922415 ], [ 18.80868939915764, 54.641172173401195 ], [ 18.808701578907026, 54.629611716834262 ], [ 18.820771120322718, 54.623195590104018 ], [ 18.830294123825723, 54.618083404686153 ], [ 18.830296268152335, 54.606522892084492 ], [ 18.820866824223966, 54.601408184306962 ], [ 18.811392597082634, 54.606494920520539 ], [ 18.799391968336817, 54.612994539770277 ], [ 18.790022961351099, 54.61802027056698 ] ] ], [ [ [ 18.722208299447459, 54.687246488789427 ], [ 18.713208046319274, 54.682359273457465 ], [ 18.704139191127396, 54.687203726013962 ], [ 18.713139422096258, 54.692091610866051 ], [ 18.722208299447459, 54.687246488789427 ] ] ], [ [ [ 18.678980029817044, 54.698700100950127 ], [ 18.670193187555466, 54.693924247893904 ], [ 18.661329268924305, 54.698652069732347 ], [ 18.67011608686656, 54.703428561570526 ], [ 18.678980029817044, 54.698700100950127 ] ] ], [ [ [ 18.657333574081594, 54.710201230444618 ], [ 18.648626770572342, 54.705467304932313 ], [ 18.639838563351081, 54.710150517169296 ], [ 18.648545341403086, 54.714885070149258 ], [ 18.657333574081594, 54.710201230444618 ] ] ], [ [ [ 18.58397244689721, 54.728514349114775 ], [ 18.575416463587352, 54.73306279790458 ], [ 18.583878635383158, 54.737670231956741 ], [ 18.592434647220372, 54.733121189612405 ], [ 18.58397244689721, 54.728514349114775 ] ] ], [ [ [ 18.454444970673389, 54.774433941142391 ], [ 18.446223849503607, 54.778783244430144 ], [ 18.454326900571907, 54.783206501323718 ], [ 18.462548056177816, 54.778856652232157 ], [ 18.454444970673389, 54.774433941142391 ] ] ] ] } },
{ "type": "Feature", "properties": { "gatunek": "DB", "cykl": 4, "typ_zasiegu": "gatunek", "prog_udzialu": 0.1, "zakres": "udzial >= 10%", "udzial_krajowy": 0.065315721008597422, "max_udzialu": 0.17420768922413174, "n_traktow": 10429, "n_traktow_gat": 5060 }, "geometry": { "type": "MultiPolygon", "coordinates": [ [ [ [ 23.666071825701717, 50.396022287063502 ], [ 23.665874891470196, 50.396211710057322 ], [ 23.653480975889547, 50.408103673579163 ], [ 23.648064640800776, 50.413235252355918 ], [ 23.640701299163034, 50.42019114737176 ], [ 23.630213726740607, 50.429969003724288 ], [ 23.627721036433961, 50.432285112756951 ], [ 23.614472213012341, 50.444388201547511 ], [ 23.612314025845372, 50.446326893196968 ], [ 23.600938258688281, 50.456500975408296 ], [ 23.59436510837407, 50.462300915683691 ], [ 23.587166531748547, 50.468621461157454 ], [ 23.576374542096495, 50.477965571580604 ], [ 23.573140663768374, 50.4807502161363 ], [ 23.558830593162, 50.492888325325495 ], [ 23.558340305654784, 50.493296901459679 ], [ 23.544156244417703, 50.505038812753142 ], [ 23.540255706220705, 50.508221974447046 ], [ 23.529174744253591, 50.517199309612046 ], [ 23.522129095075147, 50.522823905517583 ], [ 23.513862825865161, 50.529370597639748 ], [ 23.503960070619129, 50.53709521820079 ], [ 23.498194853338397, 50.541553534990292 ], [ 23.485748348619673, 50.551029533902472 ], [ 23.482142519326707, 50.553749065530432 ], [ 23.467493766041457, 50.564621630595298 ], [ 23.465674497977467, 50.565958229420922 ], [ 23.44919628337124, 50.577867487253869 ], [ 23.448756045798568, 50.578182175170618 ], [ 23.431336704179142, 50.590422624587283 ], [ 23.430855157732495, 50.590755512945208 ], [ 23.41338632331496, 50.602680491561884 ], [ 23.412471599247603, 50.603294754702823 ], [ 23.394868752707122, 50.614956890733019 ], [ 23.39404664563483, 50.615492515398273 ], [ 23.375731816458142, 50.627253508219553 ], [ 23.375580661366023, 50.627348937293824 ], [ 23.357072577445216, 50.638848659742344 ], [ 23.355887735148986, 50.639573319091326 ], [ 23.338523654216626, 50.650001295383134 ], [ 23.335277758678835, 50.651918143369549 ], [ 23.319934855316646, 50.660813347303403 ], [ 23.313829210276602, 50.664290260633393 ], [ 23.301307010526006, 50.671289928829196 ], [ 23.291455695101948, 50.67669238466906 ], [ 23.28264101862877, 50.681436962262367 ], [ 23.26805938483994, 50.689127560165844 ], [ 23.263937833911402, 50.69126104817456 ], [ 23.245196891552226, 50.700752071996774 ], [ 23.243482512373355, 50.701600912052548 ], [ 23.226416488613097, 50.709887090336082 ], [ 23.217492798867816, 50.714120096800535 ], [ 23.207601979757463, 50.718721427795174 ], [ 23.19005458424434, 50.726685435735206 ], [ 23.188754511726632, 50.727264202524871 ], [ 23.169868744554698, 50.735451737440144 ], [ 23.160725383046405, 50.739311704452945 ], [ 23.150951526770463, 50.743356859162624 ], [ 23.132003357219947, 50.750981622594914 ], [ 23.129395568824417, 50.752001340393335 ], [ 23.113020219475089, 50.758276673043731 ], [ 23.095558802788698, 50.764770516532003 ], [ 23.094010620939919, 50.765335031444053 ], [ 23.074966878676364, 50.772065316318994 ], [ 23.058695285495222, 50.777635135760526 ], [ 23.055898569669075, 50.778573703402088 ], [ 23.03679858633317, 50.784774823996031 ], [ 23.018195628326822, 50.790613313756751 ], [ 23.017676255134976, 50.790773145144676 ], [ 22.998522985521547, 50.79646539695478 ], [ 22.979348611602681, 50.801962960590629 ], [ 22.97292165174672, 50.803740039491636 ], [ 22.96014804337544, 50.807203030476266 ], [ 22.940924608752884, 50.812221489145692 ], [ 22.921716050868135, 50.817048651153222 ], [ 22.921681820582887, 50.817057090472922 ], [ 22.90241270100346, 50.821623652642018 ], [ 22.883125307298975, 50.826014294191665 ], [ 22.863820282220779, 50.830234249593254 ], [ 22.861993893644279, 50.83061696004556 ], [ 22.844492317796789, 50.834216521106661 ], [ 22.825147201973667, 50.838028310506637 ], [ 22.805786112369795, 50.84168155196609 ], [ 22.789846763456588, 50.844558929630054 ], [ 22.786408635672551, 50.845168785163359 ], [ 22.767011937629583, 50.848452376504497 ], [ 22.747600866514006, 50.851589658870189 ], [ 22.72817592717465, 50.854584726258281 ], [ 22.70873759910241, 50.857441432732145 ], [ 22.696703337040542, 50.859123475656816 ], [ 22.68928481371017, 50.860144115960203 ], [ 22.669817236123105, 50.862686115653489 ], [ 22.650337739133725, 50.86510164749884 ], [ 22.630846756371493, 50.867394288314841 ], [ 22.611344706953389, 50.869567500037533 ], [ 22.591831997890868, 50.871624658268921 ], [ 22.572309026317168, 50.873569079377283 ], [ 22.55642164038295, 50.875060367963265 ], [ 22.552775749647392, 50.875398372876603 ], [ 22.533231300055498, 50.877099193295379 ], [ 22.513677922875729, 50.878699242939383 ], [ 22.494115999363821, 50.880201942546897 ], [ 22.474545907426389, 50.881610742248398 ], [ 22.454968023214885, 50.882929144178007 ], [ 22.435382722626358, 50.884160724577562 ], [ 22.415790382719386, 50.885309155491015 ], [ 22.396191383052717, 50.886378226136848 ], [ 22.376586106952836, 50.887371864034684 ], [ 22.356974942715858, 50.888294155950767 ], [ 22.337358284747797, 50.889149368714307 ], [ 22.31773653464645, 50.889941969943578 ], [ 22.298110102226751, 50.890676648706062 ], [ 22.278479406490508, 50.891358336121591 ], [ 22.258844876540113, 50.891992225900836 ], [ 22.239206952434884, 50.892583794794419 ], [ 22.219566085987271, 50.893138822909421 ], [ 22.199922741495321, 50.893663413831661 ], [ 22.180277396406602, 50.894164014473169 ], [ 22.160630541907874, 50.894647434545796 ], [ 22.140982683433904, 50.895120865543703 ], [ 22.121334341088247, 50.895591899101483 ], [ 22.101686049968269, 50.89606854457962 ], [ 22.082038360386406, 50.896559245717924 ], [ 22.062391837979803, 50.897072896189094 ], [ 22.042747063700794, 50.897618853881603 ], [ 22.023104633681406, 50.898206953743482 ], [ 22.0034651589663, 50.89884751902644 ], [ 21.983829265110035, 50.899551370787307 ], [ 21.964197591636744, 50.900329835526819 ], [ 21.944570791362686, 50.901194750880357 ], [ 21.92494952958517, 50.902158469317598 ], [ 21.905334483144827, 50.903233859860862 ], [ 21.885726339371974, 50.904434307895642 ], [ 21.869136221749091, 50.905566035550329 ], [ 21.866125700428551, 50.90577217540708 ], [ 21.846532790932518, 50.90725397490548 ], [ 21.826948870892615, 50.908903475983927 ], [ 21.807374665598257, 50.910736221298457 ], [ 21.787810905026841, 50.912768260686185 ], [ 21.768258322311432, 50.915016141773584 ], [ 21.748717652262275, 50.917496900948059 ], [ 21.729189629990454, 50.920228055530409 ], [ 21.727108230989597, 50.920542878808945 ], [ 21.709674232735043, 50.923214576381987 ], [ 21.69017291997832, 50.926487249631819 ], [ 21.670686525599745, 50.930066821008282 ], [ 21.651824367039442, 50.933848351476335 ], [ 21.651215762397861, 50.933972497114411 ], [ 21.631760830487416, 50.938214954303895 ], [ 21.612323120500371, 50.942826397629211 ], [ 21.59743265198124, 50.946641772825124 ], [ 21.592903307499252, 50.947827108964397 ], [ 21.573502102678361, 50.953238605576388 ], [ 21.554120393506235, 50.959086237495647 ], [ 21.553845736816882, 50.959173676257613 ], [ 21.53475930161105, 50.965400389547995 ], [ 21.517258898413157, 50.971538358846416 ], [ 21.515419325780858, 50.972200809671087 ], [ 21.496102005563703, 50.97952721376555 ], [ 21.485525872484256, 50.983788168427331 ], [ 21.476807901298443, 50.98740209934801 ], [ 21.457537895670455, 50.995854714616101 ], [ 21.457318850748365, 50.995955050674958 ], [ 21.438294039153547, 51.004937428265258 ], [ 21.432007333125494, 51.008054719250097 ], [ 21.419076694516274, 51.014671750542092 ], [ 21.408923387055239, 51.020102856358854 ], [ 21.39988708537923, 51.0250964728668 ], [ 21.387695179878264, 51.032108400104057 ], [ 21.380726481592468, 51.036252437355358 ], [ 21.368030010306576, 51.044078308955235 ], [ 21.361596129659521, 51.0481812389963 ], [ 21.349695038888527, 51.056018066113019 ], [ 21.342497173016465, 51.06092366567988 ], [ 21.332503262933145, 51.067932040098171 ], [ 21.323430562580725, 51.07451787115351 ], [ 21.31630314614538, 51.079823747035235 ], [ 21.304396958875678, 51.088997293982423 ], [ 21.300970841621631, 51.091696044386126 ], [ 21.286405241879311, 51.10355125731791 ], [ 21.285397039888547, 51.104396704881616 ], [ 21.272516026859485, 51.115391433438759 ], [ 21.266431893410303, 51.120760265187542 ], [ 21.259222544057973, 51.127218376921832 ], [ 21.24749921566044, 51.138063629032281 ], [ 21.246463874453067, 51.139033465362445 ], [ 21.234169750708677, 51.15083821994218 ], [ 21.228599761530916, 51.156345076588742 ], [ 21.222295431141124, 51.162633640427551 ], [ 21.210799505795922, 51.174420640178894 ], [ 21.209729401394625, 51.175541893259009 ], [ 21.199613323143744, 51.186200624341275 ], [ 21.19088617005087, 51.195634940852386 ], [ 21.188730221644011, 51.197973808358952 ], [ 21.17808220373928, 51.209741544859583 ], [ 21.172064588238879, 51.21652978617675 ], [ 21.167657519029024, 51.221504117232669 ], [ 21.157414207515505, 51.233262360329675 ], [ 21.15325816786315, 51.238107357748405 ], [ 21.14731828229899, 51.245016946675896 ], [ 21.137356021202535, 51.256768166015767 ], [ 21.134459418331925, 51.260223122533844 ], [ 21.127472888720689, 51.268517044782378 ], [ 21.117678961629192, 51.280263421271449 ], [ 21.11565970036316, 51.282702898466361 ], [ 21.107901712286203, 51.292008624636551 ], [ 21.098171180469564, 51.303752120879501 ], [ 21.096849742372047, 51.305352982357036 ], [ 21.088398297792214, 51.315495510917742 ], [ 21.078631354509696, 51.327237926778906 ], [ 21.078020263610274, 51.327973116549849 ], [ 21.068763723546645, 51.338981253989161 ], [ 21.059162597407379, 51.350370078691597 ], [ 21.058860086817216, 51.350724329578348 ], [ 21.048801745899674, 51.362469220878104 ], [ 21.040269148023501, 51.372368193445006 ], [ 21.038653662894806, 51.374214756752799 ], [ 21.028314405486803, 51.385962669932624 ], [ 21.021333821319597, 51.393819776141683 ], [ 21.017817090588107, 51.397712338606027 ], [ 21.007097835739046, 51.409464814021881 ], [ 21.002352190340986, 51.414610055597507 ], [ 20.996140936699664, 51.421220301859762 ], [ 20.984938057598363, 51.432978875650804 ], [ 20.983321412765676, 51.434656645216577 ], [ 20.973403627198238, 51.444741904696656 ], [ 20.964239840080353, 51.453901830999556 ], [ 20.961575554755726, 51.45650865525424 ], [ 20.949367013700353, 51.468280481115663 ], [ 20.94510732245006, 51.472320818500165 ], [ 20.93676021685912, 51.480057555621471 ], [ 20.925924516140292, 51.48990680169593 ], [ 20.923746133513323, 51.491839896771488 ], [ 20.910239033554419, 51.503628763872086 ], [ 20.906692746065456, 51.50666851204906 ], [ 20.896212904780725, 51.515424405059527 ], [ 20.887413869704268, 51.52262767752859 ], [ 20.881644974521681, 51.527226997273452 ], [ 20.868090132605058, 51.5378161422543 ], [ 20.866483893393607, 51.539037153488842 ], [ 20.850652029854029, 51.550855866000539 ], [ 20.848723879423282, 51.552269263064495 ], [ 20.834102802367564, 51.562683588691058 ], [ 20.829317571535729, 51.56602655049651 ], [ 20.816795467426022, 51.574520645952077 ], [ 20.809873665367068, 51.57912884538765 ], [ 20.798667906508157, 51.586367651443858 ], [ 20.790394573569877, 51.591617427354926 ], [ 20.77965574938278, 51.598225197951805 ], [ 20.770882622264271, 51.603532964531794 ], [ 20.759692957983656, 51.610093842220202 ], [ 20.751340020779232, 51.614914718742881 ], [ 20.738712636822832, 51.621974086446123 ], [ 20.731768840760441, 51.625799942358171 ], [ 20.716648116225119, 51.633866356126127 ], [ 20.712171002897332, 51.636223434751685 ], [ 20.69343435708079, 51.645770974067943 ], [ 20.692548269682064, 51.646217228029599 ], [ 20.67290264434628, 51.65582127779907 ], [ 20.668957157321572, 51.657688877767008 ], [ 20.653235505246155, 51.665060158478219 ], [ 20.643183252502254, 51.66961973812996 ], [ 20.633548105771048, 51.673956068849861 ], [ 20.616076110908455, 51.681563199707284 ], [ 20.613841628953587, 51.682530235846073 ], [ 20.594117903162282, 51.690823233279282 ], [ 20.587497507179904, 51.693520203350509 ], [ 20.574377681415406, 51.698846602441385 ], [ 20.557470702842632, 51.705489362016372 ], [ 20.55462153901005, 51.706607241377561 ], [ 20.534851333471959, 51.714150236350292 ], [ 20.525874413337974, 51.717471136338673 ], [ 20.515067317007496, 51.721474931376441 ], [ 20.495269992942493, 51.728588223127261 ], [ 20.492766528692162, 51.729463520250398 ], [ 20.475461288883626, 51.7355410766395 ], [ 20.458066561749728, 51.741466231010733 ], [ 20.455640279028245, 51.742298387366958 ], [ 20.435809290546779, 51.748925709991731 ], [ 20.421794299192477, 51.753477615278392 ], [ 20.415967437485683, 51.755389474394413 ], [ 20.396116380854721, 51.761736783504297 ], [ 20.384048365378064, 51.765495052907617 ], [ 20.376255891761186, 51.7679552687664 ], [ 20.356387038198502, 51.774075091037048 ], [ 20.344940570168017, 51.777515842758611 ], [ 20.336509896833441, 51.780094622232312 ], [ 20.316625333152086, 51.786039220891297 ], [ 20.304666733174201, 51.789536451385615 ], [ 20.296733381520681, 51.791906796620282 ], [ 20.276835085911358, 51.797730864827315 ], [ 20.263529332290634, 51.801552430193738 ], [ 20.256930106421624, 51.803497276097744 ], [ 20.23702001773426, 51.8092609078465 ], [ 20.221953846174213, 51.813558453519995 ], [ 20.217103822191952, 51.814984709190519 ], [ 20.197183906987949, 51.820756885473322 ], [ 20.180489968332946, 51.825548543389765 ], [ 20.177258441164224, 51.826509750357268 ], [ 20.157330763250272, 51.832372664380557 ], [ 20.139788340989931, 51.837516519606616 ], [ 20.13739823991547, 51.838246965188162 ], [ 20.117465038129033, 51.844301652765594 ], [ 20.100547210596002, 51.849456649905385 ], [ 20.097528118714454, 51.850421638093813 ], [ 20.077591900745944, 51.856795615297557 ], [ 20.063432484120046, 51.86136438731797 ], [ 20.057653958765748, 51.863334504633997 ], [ 20.037717622401562, 51.870192512487499 ], [ 20.028986778967379, 51.873237010416943 ], [ 20.017783145619887, 51.877399573173427 ], [ 19.997850145178155, 51.884959217547554 ], [ 19.997552102725816, 51.885073975634342 ], [ 19.977925379110399, 51.893204236166405 ], [ 19.969290895698027, 51.896876369523817 ], [ 19.958006952724752, 51.902087955205779 ], [ 19.944209676823029, 51.908646436941162 ], [ 19.938098729646136, 51.911836136667638 ], [ 19.922214268570666, 51.920386958871639 ], [ 19.918206490527567, 51.922787734032852 ], [ 19.903156373722112, 51.932100812218955 ], [ 19.898339245785195, 51.935472824121767 ], [ 19.886850361308511, 51.943790830369792 ], [ 19.878511798966763, 51.950764690463629 ], [ 19.873088712248581, 51.955459703043935 ], [ 19.861692895610485, 51.967109635421572 ], [ 19.858760504424382, 51.970742121306785 ], [ 19.852520059043343, 51.978742354350118 ], [ 19.845376263172575, 51.990359776704381 ], [ 19.840112561620661, 52.001963338767915 ], [ 19.839254250655941, 52.004758271529475 ], [ 19.836641817262102, 52.013553915697777 ], [ 19.834807882020787, 52.025132776455493 ], [ 19.834491088591321, 52.0367008486405 ], [ 19.835582001647715, 52.048258923832734 ], [ 19.837972696653409, 52.059807733439222 ], [ 19.840433385140926, 52.067680815785607 ], [ 19.841563426465601, 52.071347913458702 ], [ 19.846260947275145, 52.082880026331523 ], [ 19.851952136481277, 52.094404759795857 ], [ 19.858543628262098, 52.105922652149381 ], [ 19.861440680584924, 52.110374402899545 ], [ 19.865961249828128, 52.117434099274675 ], [ 19.874118872637293, 52.128939585732567 ], [ 19.882220322966756, 52.139492605802218 ], [ 19.882936299031133, 52.140439560244594 ], [ 19.892372105647929, 52.151934189958517 ], [ 19.90234415867107, 52.163423956459788 ], [ 19.902935291693687, 52.164063364999024 ], [ 19.912845883042387, 52.174908776163214 ], [ 19.923622835812992, 52.186199301739805 ], [ 19.923802422888645, 52.186389095316173 ], [ 19.935250105692877, 52.197864500712825 ], [ 19.944294179301689, 52.206593414690879 ], [ 19.947125208384893, 52.20933536241764 ], [ 19.959476872909956, 52.220801153347459 ], [ 19.964956784991983, 52.225703888390129 ], [ 19.972307413559985, 52.232261706427352 ], [ 19.985608040867056, 52.243716940548481 ], [ 19.98561305784056, 52.24372110331452 ], [ 19.999546450054574, 52.255165278811937 ], [ 20.006257985998232, 52.260491776022832 ], [ 20.014088873875345, 52.266606787537299 ], [ 20.026895312551641, 52.276254139230524 ], [ 20.029321474096282, 52.278040494660559 ], [ 20.045431645269765, 52.289464476772224 ], [ 20.047520909468801, 52.290893530862625 ], [ 20.06260307849881, 52.300876725244365 ], [ 20.06813299597793, 52.304401935655072 ], [ 20.081002866023272, 52.312275251767879 ], [ 20.088731024023659, 52.316822188949381 ], [ 20.100948988981123, 52.323656523474504 ], [ 20.109313381906695, 52.3281513367481 ], [ 20.122891848809417, 52.335015482371311 ], [ 20.12987895350361, 52.338406054635144 ], [ 20.14748220431585, 52.346344704474809 ], [ 20.150427070241609, 52.347618992365099 ], [ 20.170956074656882, 52.355782995740405 ], [ 20.176074988856097, 52.357629068132681 ], [ 20.191465822690887, 52.362947592286865 ], [ 20.210710403358728, 52.368844797136838 ], [ 20.21195760361223, 52.369211191247473 ], [ 20.232427987392082, 52.374495982072602 ], [ 20.252880142994407, 52.378962334576542 ], [ 20.258133634482803, 52.379914986402724 ], [ 20.273311250504065, 52.382551985256761 ], [ 20.293722406190486, 52.385344244582775 ], [ 20.314113765381837, 52.387381695651356 ], [ 20.334484921164488, 52.388685585203739 ], [ 20.354835577078443, 52.389279405323357 ], [ 20.375165535200715, 52.389188345366044 ], [ 20.395474684373877, 52.3884387981388 ], [ 20.415762988922417, 52.387057925155268 ], [ 20.436030478118507, 52.3850732827988 ], [ 20.456277236583372, 52.382512508775768 ], [ 20.476503395742714, 52.379403066342334 ], [ 20.488487344955455, 52.377238176892831 ], [ 20.49670829535993, 52.375747465607375 ], [ 20.516891544070457, 52.371555863253711 ], [ 20.537054698506655, 52.366893934200817 ], [ 20.544657093609352, 52.364951401419212 ], [ 20.55719627280941, 52.361737407649365 ], [ 20.57731724060584, 52.356132240675684 ], [ 20.588408747939919, 52.352805336773947 ], [ 20.597417612249661, 52.350095335918667 ], [ 20.617497431816165, 52.343643639218556 ], [ 20.626056682718961, 52.340727086377449 ], [ 20.637556927204443, 52.336798203468504 ], [ 20.657597263262485, 52.329604092721276 ], [ 20.660023151427783, 52.328688494263623 ], [ 20.677616905278747, 52.322032857480814 ], [ 20.691238286709432, 52.316679435690425 ], [ 20.697618467367388, 52.314165725798027 ], [ 20.717601507693395, 52.306001245530197 ], [ 20.720708068496084, 52.304687449188798 ], [ 20.737565775565365, 52.297542878762904 ], [ 20.748671464320104, 52.29271030917625 ], [ 20.757513396297163, 52.288853923897875 ], [ 20.775696435433257, 52.280740550439802 ], [ 20.777445034531645, 52.27995838826233 ], [ 20.79735993338284, 52.270844084314277 ], [ 20.801794275334288, 52.268778648014894 ], [ 20.817259816683368, 52.261559988269205 ], [ 20.82728328112562, 52.256820292677737 ], [ 20.837146125236146, 52.252146149272868 ], [ 20.85236579362066, 52.244862704683015 ], [ 20.857019853280789, 52.242630245409963 ], [ 20.876881975958227, 52.233038356419769 ], [ 20.877157444462203, 52.232904304363529 ], [ 20.896731980255602, 52.223360581677149 ], [ 20.901683611504115, 52.22094486598386 ], [ 20.916572766537183, 52.213666695147175 ], [ 20.926184522493916, 52.208980633007506 ], [ 20.936405658534841, 52.203987442712261 ], [ 20.950774869313069, 52.197009723043649 ], [ 20.95623206582167, 52.194354319525111 ], [ 20.975576154187287, 52.185030042953827 ], [ 20.976053482065581, 52.184799497123663 ], [ 20.995869411891341, 52.175309490113406 ], [ 21.000681014080257, 52.173039885271031 ], [ 21.015683082840905, 52.165953690337375 ], [ 21.026299603622579, 52.161035441540513 ], [ 21.035496376154221, 52.156769378280458 ], [ 21.052613503897057, 52.14901321102689 ], [ 21.055311035173382, 52.14778945543214 ], [ 21.075126938667875, 52.139005506578712 ], [ 21.079852220928743, 52.136968673261762 ], [ 21.094946304387733, 52.130459278239996 ], [ 21.108311744828793, 52.124895885739349 ], [ 21.114772058104879, 52.122205956791198 ], [ 21.134604689129045, 52.114247751542486 ], [ 21.138384671150316, 52.112786831931942 ], [ 21.154444476161657, 52.106582424607574 ], [ 21.17064379558029, 52.100629714791488 ], [ 21.174295627809421, 52.099288603304139 ], [ 21.194156388634326, 52.092320621305539 ], [ 21.205974347340515, 52.088406152123021 ], [ 21.214030289333905, 52.085741168878137 ], [ 21.233917224086255, 52.0795379427284 ], [ 21.24574470978397, 52.076087281206426 ], [ 21.253818949575724, 52.07373602203392 ], [ 21.273735423010855, 52.068324202969592 ], [ 21.292585797819619, 52.063617397497886 ], [ 21.293669461829268, 52.063347455306477 ], [ 21.313618335670345, 52.058741883451368 ], [ 21.333585894206902, 52.054571947852601 ], [ 21.353453722594985, 52.050849222190202 ], [ 21.353572157964553, 52.050827096859194 ], [ 21.373575184224396, 52.047460071165517 ], [ 21.393597608097121, 52.044510795744145 ], [ 21.413639436266937, 52.041969094878596 ], [ 21.433700686000662, 52.039825296253248 ], [ 21.453781379513671, 52.038070108620055 ], [ 21.471351283596817, 52.03686630182203 ], [ 21.473881476480024, 52.036693385351285 ], [ 21.494000844038737, 52.035683621015011 ], [ 21.514139914804478, 52.035039730236257 ], [ 21.53429863604692, 52.034752061669693 ], [ 21.554476943754622, 52.034811048851417 ], [ 21.561217902467742, 52.034946041796147 ], [ 21.57467458313122, 52.035204085129678 ], [ 21.594891507120213, 52.035922522592571 ], [ 21.615127741592332, 52.036959210817635 ], [ 21.635383189375247, 52.038305109578928 ], [ 21.655657729837458, 52.039951041611026 ], [ 21.675951218160545, 52.041887686762912 ], [ 21.691641603475507, 52.04360555882856 ], [ 21.696263462795237, 52.044105214202624 ], [ 21.716594335436579, 52.046595115339386 ], [ 21.736943797226218, 52.049350583761012 ], [ 21.757311632190202, 52.05236212529433 ], [ 21.764332821654772, 52.053490304786727 ], [ 21.777698001562836, 52.055626590217898 ], [ 21.798102722871121, 52.059135409908073 ], [ 21.818525366061145, 52.062876323147165 ], [ 21.822631775744874, 52.063676245093035 ], [ 21.838966811509135, 52.066858062670725 ], [ 21.859426248329658, 52.071062636999898 ], [ 21.873145656327218, 52.074023705326127 ], [ 21.879903842024785, 52.075487724455137 ], [ 21.900400367289024, 52.080140447729832 ], [ 21.918720350364865, 52.084472184897585 ], [ 21.920914447407146, 52.084994784620456 ], [ 21.94144852215101, 52.090083434291159 ], [ 21.960594041841009, 52.094996283377974 ], [ 21.961999914753751, 52.095360961903303 ], [ 21.982572153538726, 52.100876152574479 ], [ 21.999596156851915, 52.105578815405501 ], [ 22.003162148937516, 52.106577973373845 ], [ 22.023773298717195, 52.112512617214847 ], [ 22.036289733504152, 52.116208111284806 ], [ 22.044403616371696, 52.11864601260524 ], [ 22.065054519382194, 52.124994591981029 ], [ 22.071056660733532, 52.126876364514779 ], [ 22.085727247154235, 52.131571742803558 ], [ 22.104132710919501, 52.137579061225573 ], [ 22.106419705648154, 52.13834259550881 ], [ 22.127136268518932, 52.145365467058667 ], [ 22.135705050301105, 52.148312637452108 ], [ 22.147874900382842, 52.152606282198235 ], [ 22.1659601696674, 52.159073285122716 ], [ 22.168635293137161, 52.160056175508359 ], [ 22.189421211394031, 52.167763409227327 ], [ 22.195028265800858, 52.169858483248355 ], [ 22.210231682390305, 52.17570918124958 ], [ 22.223025334598578, 52.180665932803684 ], [ 22.231065961588616, 52.183878321886269 ], [ 22.250041715555891, 52.191493901206456 ], [ 22.251924608250807, 52.192273900042792 ], [ 22.272810308060301, 52.20092780099214 ], [ 22.276222251500606, 52.202339032753073 ], [ 22.293721953597604, 52.20981980340369 ], [ 22.301654584915703, 52.21319942604719 ], [ 22.314658187091322, 52.218926842903471 ], [ 22.326416288550213, 52.22407337333216 ], [ 22.335618449905674, 52.228237098497836 ], [ 22.35061276482617, 52.234958299033181 ], [ 22.356601663178701, 52.237732155952713 ], [ 22.374356263967087, 52.245851336709279 ], [ 22.377606104293729, 52.247385601843959 ], [ 22.39776782102976, 52.256749271166946 ], [ 22.398629290688177, 52.257161770333262 ], [ 22.419668692821407, 52.267025304834775 ], [ 22.42102792384626, 52.267647064089097 ], [ 22.440719551312586, 52.276912998240007 ], [ 22.444278905599681, 52.2785406493011 ], [ 22.461776162587999, 52.286751170895364 ], [ 22.467670416793077, 52.28942563447044 ], [ 22.482832554939222, 52.296464618741645 ], [ 22.491414121249516, 52.300295674409128 ], [ 22.503882082556842, 52.305971527443567 ], [ 22.515768262236175, 52.311142865342156 ], [ 22.524917678491146, 52.315186859521958 ], [ 22.541056464016748, 52.321957123346792 ], [ 22.545932186931115, 52.324026600148933 ], [ 22.566918780185482, 52.332412891252488 ], [ 22.567751601060717, 52.33272355985482 ], [ 22.587870785131567, 52.340271685289601 ], [ 22.596907643561369, 52.343409111808064 ], [ 22.60878198585905, 52.347536322610765 ], [ 22.629104470018415, 52.353994144513905 ], [ 22.629648184546657, 52.3541663164902 ], [ 22.650463594732589, 52.360102846002277 ], [ 22.667366522567384, 52.364382254227522 ], [ 22.671227545428437, 52.36535004533777 ], [ 22.691935319484891, 52.369863421886421 ], [ 22.712588790922425, 52.373677928488334 ], [ 22.717292013482641, 52.374391407708707 ], [ 22.733183863116331, 52.376756943200149 ], [ 22.7537225887388, 52.379137000700418 ], [ 22.774205940316243, 52.380841096231123 ], [ 22.794634317867676, 52.381884978029376 ], [ 22.815008407874782, 52.382287299610418 ], [ 22.835329153510312, 52.382069203410644 ], [ 22.855597723199065, 52.381253900025719 ], [ 22.875815478296442, 52.379866251779085 ], [ 22.895983940604559, 52.37793236826009 ], [ 22.916104760364604, 52.375479220258704 ], [ 22.936179685273022, 52.372534277266872 ], [ 22.956210530972495, 52.369125172470099 ], [ 22.971947055299207, 52.366095500493593 ], [ 22.976197783660567, 52.365264165596592 ], [ 22.996138564929478, 52.360925999848455 ], [ 23.016039750150327, 52.356193288117119 ], [ 23.030227261183676, 52.352547127845298 ], [ 23.035900457729436, 52.351061999658008 ], [ 23.055717361010437, 52.34550147096418 ], [ 23.075499177976287, 52.339612369264593 ], [ 23.076188478353245, 52.339395729705963 ], [ 23.095235124111966, 52.333282662881473 ], [ 23.114938063243834, 52.326656790045732 ], [ 23.115504149168029, 52.326458066578617 ], [ 23.134595105324308, 52.319600684468668 ], [ 23.150530458292994, 52.313657978592637 ], [ 23.154218307481088, 52.312248674441072 ], [ 23.173798079444456, 52.304502859857386 ], [ 23.173528811701743, 52.301273521141937 ], [ 23.172562701351161, 52.289734959826248 ], [ 23.191559562802112, 52.277598813401589 ], [ 23.191742369813092, 52.277481755947015 ], [ 23.190763825694116, 52.26594370385353 ], [ 23.189781430669534, 52.254405777193867 ], [ 23.188795383363765, 52.242867968833941 ], [ 23.187805890520437, 52.231330271354437 ], [ 23.206341386666942, 52.219457606370511 ], [ 23.226535776243605, 52.218689925816498 ], [ 23.246729136849858, 52.217917404614404 ], [ 23.247173290971428, 52.21763220304296 ], [ 23.265819667033352, 52.205659550608779 ], [ 23.2867949931527, 52.216197123204388 ], [ 23.28711277843535, 52.216358162242926 ], [ 23.287397382677732, 52.216175201564809 ], [ 23.306190968790148, 52.204092187575185 ], [ 23.32637509080924, 52.203301710383215 ], [ 23.346558196213053, 52.202506804834229 ], [ 23.366740287104644, 52.201707547098366 ], [ 23.366773802857704, 52.201685947094596 ], [ 23.385789219318962, 52.189424439948283 ], [ 23.385819966101362, 52.189404608915595 ], [ 23.404827378003557, 52.177135725149284 ], [ 23.404850829104827, 52.177120587812652 ], [ 23.423854772598808, 52.164841452434842 ], [ 23.426480529163371, 52.164735637384901 ], [ 23.441892750498276, 52.152581275549508 ], [ 23.442800166363067, 52.151827370452743 ], [ 23.456393772523914, 52.140459255651841 ], [ 23.461451775140304, 52.135986042309241 ], [ 23.470016116622478, 52.128368691534526 ], [ 23.479973095110068, 52.118975516324461 ], [ 23.482785980867341, 52.116308902110994 ], [ 23.49474401476056, 52.104278623511952 ], [ 23.498327551981127, 52.100445142872658 ], [ 23.505927568601443, 52.092276683590896 ], [ 23.516353909514532, 52.080302650565642 ], [ 23.516487749761229, 52.08013940315891 ], [ 23.526106572855102, 52.068353521425287 ], [ 23.534391696480682, 52.057464580408897 ], [ 23.535175933192349, 52.056429843776804 ], [ 23.543663199748547, 52.044527874233147 ], [ 23.551556459975483, 52.0326482075535 ], [ 23.5519900394067, 52.03195766643308 ], [ 23.558974382552421, 52.020786369608324 ], [ 23.565907486875517, 52.008942824755501 ], [ 23.569214047394855, 52.002969803570053 ], [ 23.572442335671557, 51.997114297815955 ], [ 23.578634484647818, 51.985298696097956 ], [ 23.584501844322293, 51.973495379470108 ], [ 23.586039790475844, 51.970295106794254 ], [ 23.590153219450787, 51.96170015054831 ], [ 23.595607831807353, 51.949912291432241 ], [ 23.600896242690151, 51.938130635181103 ], [ 23.602520445682391, 51.93447925043953 ], [ 23.60612214466698, 51.926351140459175 ], [ 23.600584042247689, 51.914993464952801 ], [ 23.616460622343521, 51.902795755486174 ], [ 23.618848474897032, 51.89741617448226 ], [ 23.618224714262784, 51.891151610648024 ], [ 23.617078737300847, 51.879621881089662 ], [ 23.617017680966981, 51.879590975774306 ], [ 23.596022347775811, 51.868873229326738 ], [ 23.614663977273761, 51.856647272197996 ], [ 23.614794301635925, 51.856562095430135 ], [ 23.614647629409962, 51.856487807122768 ], [ 23.593756568663856, 51.845812459247504 ], [ 23.592628211459857, 51.834281881259614 ], [ 23.611130076510104, 51.822141322222606 ], [ 23.611389799781747, 51.821971468990697 ], [ 23.629951079485355, 51.809782786367549 ], [ 23.630141311878553, 51.809658282641273 ], [ 23.629010337159631, 51.798128006458583 ], [ 23.627883161040408, 51.786597570272072 ], [ 23.627554841156286, 51.786431059027521 ], [ 23.606899435620058, 51.775848566005926 ], [ 23.606372925104523, 51.775581312717598 ], [ 23.585931824228126, 51.765095310962231 ], [ 23.585200753772597, 51.764723908634366 ], [ 23.565207355192239, 51.765427978126738 ], [ 23.545130628945575, 51.755108624430299 ], [ 23.544049095213133, 51.754558413274573 ], [ 23.524200264039145, 51.744343208734406 ], [ 23.523123871547114, 51.73281018383377 ], [ 23.540705568641386, 51.721280876798296 ], [ 23.541883255705677, 51.720510578209193 ], [ 23.540808563258036, 51.708977574572394 ], [ 23.539737718529942, 51.69744441157227 ], [ 23.538670677668918, 51.685911090945154 ], [ 23.537607382538006, 51.674377614979171 ], [ 23.536547761464185, 51.662843986484965 ], [ 23.535491730010644, 51.651310208765373 ], [ 23.534439191763447, 51.639776285584787 ], [ 23.533390039123496, 51.628242221138073 ], [ 23.532344154095657, 51.616708020019885 ], [ 23.531301409067584, 51.605173687194295 ], [ 23.547987010703647, 51.594216426106037 ], [ 23.550035381848417, 51.592872851735699 ], [ 23.548994068341294, 51.581338546331885 ], [ 23.547955603141801, 51.569804120199464 ], [ 23.564436871821918, 51.558973878340083 ], [ 23.56668023819913, 51.557500673227416 ], [ 23.565642992196249, 51.545966282214522 ], [ 23.564608238019144, 51.534431784062257 ], [ 23.580864205160299, 51.523743140957237 ], [ 23.600735905838579, 51.522888028238292 ], [ 23.603072609554811, 51.521350868444642 ], [ 23.602035195824417, 51.5098166593299 ], [ 23.618284884269229, 51.499122049410545 ], [ 23.620741175568462, 51.497504658284335 ], [ 23.636980575747369, 51.486812080544418 ], [ 23.656834975278599, 51.48595197948633 ], [ 23.659180434166284, 51.484405524629125 ], [ 23.675515207686896, 51.473641246506624 ], [ 23.677874568956348, 51.47208443929415 ], [ 23.675216776890192, 51.47072815350635 ], [ 23.657101049447661, 51.461337834092497 ], [ 23.654171451145967, 51.459841584945408 ], [ 23.636335138264943, 51.45058736485781 ], [ 23.652166258421211, 51.440158690547889 ], [ 23.672000523049469, 51.439301877388502 ], [ 23.674755103393522, 51.437483184169658 ], [ 23.673718445741567, 51.425949287504942 ], [ 23.689485314132178, 51.415554992040313 ], [ 23.692404527910533, 51.413625744327852 ], [ 23.691367683274262, 51.40209193884467 ], [ 23.68792502099555, 51.400332833599457 ], [ 23.670614725322825, 51.391347292071764 ], [ 23.669581457991352, 51.379813222829412 ], [ 23.668548454685851, 51.368279133717898 ], [ 23.664544760808138, 51.366230384197067 ], [ 23.647805048607776, 51.357530324928305 ], [ 23.646773796857907, 51.34599604483293 ], [ 23.645742039230722, 51.334461775310707 ], [ 23.641201948748225, 51.332135173265463 ], [ 23.625004927527343, 51.323708934831693 ], [ 23.63939091909311, 51.314227284149666 ], [ 23.643676113514239, 51.311393303338747 ], [ 23.642641504341995, 51.299859118341892 ], [ 23.641605507591116, 51.288324978805583 ], [ 23.655689249553653, 51.27903737843134 ], [ 23.671684500556211, 51.287126191508463 ], [ 23.676621778335029, 51.289656865981982 ], [ 23.681005827757577, 51.286753112453901 ], [ 23.695222815942248, 51.277372618957955 ], [ 23.699664361781924, 51.274428555689958 ], [ 23.71381427035416, 51.265088984781606 ], [ 23.718318626430424, 51.262101028800807 ], [ 23.717271551470503, 51.250567723190549 ], [ 23.731218675916963, 51.241357758341465 ], [ 23.735918035288005, 51.238237466039742 ], [ 23.734865343535009, 51.226704475043682 ], [ 23.733810260608745, 51.215171571790123 ], [ 23.747425626566802, 51.206175143725908 ], [ 23.752444473362257, 51.202838868910284 ], [ 23.76597615402283, 51.193894308384699 ], [ 23.771073585639083, 51.190503238035397 ], [ 23.784517097070786, 51.181613483445858 ], [ 23.804241053525608, 51.180783128978916 ], [ 23.809387358282461, 51.177355063392589 ], [ 23.808315665928042, 51.165823234563895 ], [ 23.821570213487572, 51.157051324444005 ], [ 23.836594602485157, 51.164654750184582 ], [ 23.842484488317929, 51.167668536058493 ], [ 23.847693339142282, 51.164194266694295 ], [ 23.860995236546394, 51.155386592008995 ], [ 23.866303181851112, 51.15184356213733 ], [ 23.865220668706574, 51.140312493717921 ], [ 23.85907743832874, 51.137169012730247 ], [ 23.844450084924514, 51.129600551690999 ], [ 23.843361952465951, 51.118069588510636 ], [ 23.856176712080998, 51.109578018153805 ], [ 23.861951800167898, 51.105720125982117 ], [ 23.860854603850115, 51.094189634951292 ], [ 23.87345394999743, 51.085834957298587 ], [ 23.879432036745303, 51.081837671062772 ], [ 23.891924894378764, 51.073549481631794 ], [ 23.911601915740079, 51.072723157546847 ], [ 23.917678375832448, 51.068654794680398 ], [ 23.916564382060464, 51.057125326125202 ], [ 23.915446133069697, 51.045596028362439 ], [ 23.914323534931341, 51.034066905249439 ], [ 23.913196498265499, 51.022537960448865 ], [ 23.912064937788699, 51.011009197447848 ], [ 23.923963158847858, 51.00309830667878 ], [ 23.943610665952303, 51.002279134721867 ], [ 23.950260537957039, 50.997816693922374 ], [ 23.949116708149674, 50.986288673508277 ], [ 23.960804282359042, 50.978508598108618 ], [ 23.967629286185936, 50.973924318087725 ], [ 23.966474520039892, 50.962396867910904 ], [ 23.96531502214501, 50.95086961058648 ], [ 23.976750919214549, 50.943247332889605 ], [ 23.983805723547459, 50.9385033178188 ], [ 23.995138972450079, 50.930944552362277 ], [ 24.002286893889423, 50.926134337456553 ], [ 24.013517325398187, 50.918639168399821 ], [ 24.02075833072271, 50.91376268233109 ], [ 24.031885972922936, 50.906331068547914 ], [ 24.039219843661627, 50.901388364885932 ], [ 24.050244910508422, 50.894020147583191 ], [ 24.069844265080857, 50.893195095231761 ], [ 24.077310491224242, 50.888156672464071 ], [ 24.088187893729309, 50.880879412524287 ], [ 24.107780647815389, 50.880048578892023 ], [ 24.115380962515435, 50.874913030171392 ], [ 24.12610894212138, 50.867727837812815 ], [ 24.133803495776366, 50.862524750239331 ], [ 24.132590378757428, 50.851000904374722 ], [ 24.123775280182894, 50.846492710858577 ], [ 24.111747630083805, 50.840340830724998 ], [ 24.102940010119788, 50.835832722251304 ], [ 24.083372061342686, 50.836721232268836 ], [ 24.06380322648322, 50.837607332973121 ], [ 24.044233510072633, 50.838491042765142 ], [ 24.024662916596203, 50.839372379902933 ], [ 24.005091450487502, 50.840251362445656 ], [ 23.992733976076501, 50.833929692654245 ], [ 23.984287052758173, 50.829591274392236 ], [ 23.971876769885203, 50.823245679685201 ], [ 23.970655824116314, 50.811721062253 ], [ 23.96942960383258, 50.800196660169973 ], [ 23.968198067696036, 50.788672475061119 ], [ 23.966961175664828, 50.777148508494008 ], [ 23.977915316740916, 50.769805986694799 ], [ 23.997467659798627, 50.769020840083279 ], [ 24.017018951081546, 50.768230914958536 ], [ 24.02462081917038, 50.763095750504469 ], [ 24.023371733396989, 50.751572708847 ], [ 24.022117492204842, 50.740049879861431 ], [ 24.020858065506584, 50.728527264704418 ], [ 24.031609636614014, 50.721302497076991 ], [ 24.051140785803227, 50.720514021982737 ], [ 24.070670853032773, 50.719720540519376 ], [ 24.078455414054798, 50.7144492836957 ], [ 24.077184061159908, 50.702927598747451 ], [ 24.075907743789642, 50.69140612068017 ], [ 24.067122014359725, 50.686888970902324 ], [ 24.055011314821069, 50.680739364467243 ], [ 24.065682411000104, 50.673553104470209 ], [ 24.08519343323076, 50.6727658211449 ], [ 24.092950512179492, 50.667506297734185 ], [ 24.091658792408431, 50.655985610532333 ], [ 24.082888500673594, 50.651474625732192 ], [ 24.070752435736701, 50.645322291555225 ], [ 24.081443373973357, 50.63811243933106 ], [ 24.089060519171348, 50.632944855321469 ], [ 24.0877539494013, 50.621424787735904 ], [ 24.086442421504113, 50.609904926752726 ], [ 24.097180504638303, 50.602653142074807 ], [ 24.104730173457938, 50.597525627526494 ], [ 24.096146786734501, 50.593106351415862 ], [ 24.083804518742348, 50.586865822802203 ], [ 24.082478175046042, 50.575346578173594 ], [ 24.08114693716233, 50.563827536755284 ], [ 24.079810841785825, 50.552308696792764 ], [ 24.078469935575882, 50.540790056096164 ], [ 24.077124276025081, 50.529271612002667 ], [ 24.075773932335252, 50.517753361338677 ], [ 24.074418986294482, 50.506235300382052 ], [ 24.066818670883507, 50.502310615988826 ], [ 24.053447374556971, 50.495572653989441 ], [ 24.052083122427192, 50.484054812623924 ], [ 24.050714623756509, 50.472537144085507 ], [ 24.049342034174092, 50.461019641464659 ], [ 24.04250999239515, 50.457485573919207 ], [ 24.028345525412831, 50.450353869583537 ], [ 24.021892342957003, 50.447013039570614 ], [ 24.007338314294756, 50.439684874841646 ], [ 24.005954323255409, 50.428167494304986 ], [ 24.004567312328319, 50.416650231226285 ], [ 23.998872795220624, 50.41369796442418 ], [ 23.979487198018553, 50.414669925230925 ], [ 23.960100923907291, 50.41564199109542 ], [ 23.940713972174613, 50.416614160627191 ], [ 23.921326341409792, 50.417586425690416 ], [ 23.901938029471321, 50.418558770959521 ], [ 23.885282120299141, 50.410155692896765 ], [ 23.881373756757675, 50.408122532147743 ], [ 23.861988930658029, 50.409096992362898 ], [ 23.842603402690187, 50.41007135950359 ], [ 23.823217166659138, 50.411045575885517 ], [ 23.803830215491587, 50.412019574232673 ], [ 23.785483075079792, 50.402736817339182 ], [ 23.783292184626099, 50.401593804949542 ], [ 23.763908550054133, 50.402568399954248 ], [ 23.744705388884835, 50.392834608224057 ], [ 23.743383967313161, 50.392144287376354 ], [ 23.724003515682742, 50.393118195564838 ], [ 23.703924549230443, 50.382918369534998 ], [ 23.703492001485529, 50.382692101773074 ], [ 23.683624221250358, 50.378695730602118 ], [ 23.67834795790484, 50.38395212564766 ], [ 23.666071825701717, 50.396022287063502 ] ] ], [ [ [ 19.902276348857068, 54.106292342635705 ], [ 19.881147056686999, 54.107868111365953 ], [ 19.860018973659088, 54.109577897066458 ], [ 19.838892100213343, 54.111431878259879 ], [ 19.817766433227586, 54.113441102195715 ], [ 19.796641965118084, 54.115617552927169 ], [ 19.775518682853761, 54.117974225890826 ], [ 19.770173149046407, 54.118616874484552 ], [ 19.754396209123641, 54.120505511773942 ], [ 19.733274712723464, 54.123236092023305 ], [ 19.712154276464265, 54.126188555044031 ], [ 19.691034852343211, 54.129380384101218 ], [ 19.682881768237781, 54.130705453390782 ], [ 19.669916018437736, 54.132808089650268 ], [ 19.648797792211486, 54.136495851441488 ], [ 19.627680309022548, 54.140478894671176 ], [ 19.617103936076237, 54.142622230622571 ], [ 19.60656313369331, 54.144758302940588 ], [ 19.585446093505421, 54.149353932282381 ], [ 19.56432936008688, 54.154313929113506 ], [ 19.563805232334644, 54.154445174665526 ], [ 19.543212068413542, 54.159614753590155 ], [ 19.522094634612934, 54.165330868755298 ], [ 19.519053943195164, 54.166207902610516 ], [ 19.500976236449365, 54.171446771572391 ], [ 19.48017282684869, 54.177930668908914 ], [ 19.479857040742147, 54.178029726051349 ], [ 19.458736171152331, 54.185065130195298 ], [ 19.445946649412051, 54.189623678597506 ], [ 19.437613647293841, 54.192620467520491 ], [ 19.416488892273506, 54.200717592051312 ], [ 19.415063838950562, 54.201295436333254 ], [ 19.395361278765527, 54.209377822345488 ], [ 19.387157858739993, 54.212949699620061 ], [ 19.37423043233882, 54.21865535849988 ], [ 19.361520459636029, 54.224590670078676 ], [ 19.353095715799864, 54.228586660329562 ], [ 19.337834223840584, 54.236220690767787 ], [ 19.331956456407099, 54.239213182845987 ], [ 19.315832241879679, 54.247841615823468 ], [ 19.310811934938521, 54.25058165119431 ], [ 19.295290754809557, 54.25945491923089 ], [ 19.289661373359653, 54.262744265453428 ], [ 19.276023186856868, 54.271061777690441 ], [ 19.268503921079112, 54.27575879727204 ], [ 19.257875266463561, 54.282663134359908 ], [ 19.247338639886252, 54.289688532601055 ], [ 19.240721007613033, 54.294259748350093 ], [ 19.226164487812433, 54.304602007859678 ], [ 19.224459377919313, 54.305852233509462 ], [ 19.209049779987389, 54.317441022794377 ], [ 19.204980407042772, 54.320593542519731 ], [ 19.194382763529791, 54.329026620484029 ], [ 19.183785100802211, 54.337748190776573 ], [ 19.18038657651746, 54.340609405882695 ], [ 19.183797960257266, 54.340631264135062 ], [ 19.204587731342787, 54.35213184136763 ], [ 19.205138821657993, 54.352429384763781 ], [ 19.226427706971645, 54.352549799553202 ], [ 19.247716667324045, 54.352660330217958 ], [ 19.269005687658542, 54.352760874130205 ], [ 19.290294753001792, 54.352851370629224 ], [ 19.309579937061329, 54.363469264028424 ], [ 19.311672119589904, 54.364595150624545 ], [ 19.332967260578101, 54.364665307773208 ], [ 19.354262402778581, 54.364725459007836 ], [ 19.375557532300572, 54.36477568049073 ], [ 19.393815038000525, 54.374784912465032 ], [ 19.396965075435009, 54.376475504795494 ], [ 19.418266171176036, 54.376505973015625 ], [ 19.43599352894023, 54.386201019344874 ], [ 19.439691774498165, 54.388182866878189 ], [ 19.460998787775093, 54.388194141097777 ], [ 19.478243754990171, 54.397602128402511 ], [ 19.482442415120438, 54.399848781322305 ], [ 19.503755300963434, 54.399841537293028 ], [ 19.520563023057299, 54.408988182023435 ], [ 19.525216920148463, 54.411474703792791 ], [ 19.546535637364762, 54.41144969278929 ], [ 19.562948381201995, 54.420359127474924 ], [ 19.568015220172107, 54.423062228569833 ], [ 19.584171295108263, 54.431819411193892 ], [ 19.589506836465521, 54.434663318792083 ], [ 19.605419501204096, 54.443275846243452 ], [ 19.611010486331839, 54.446253243880086 ], [ 19.626692491368509, 54.454728423537212 ], [ 19.632526170430214, 54.457832284470378 ], [ 19.638263204968059, 54.454667866513979 ], [ 19.653682964093662, 54.446128735564344 ], [ 19.675018963335624, 54.446055172680644 ], [ 19.696354792821374, 54.445974330320219 ], [ 19.717690445426594, 54.445886395629515 ], [ 19.739025914292267, 54.445791548868982 ], [ 19.760361192797824, 54.445689962928746 ], [ 19.781696274535278, 54.445581802976974 ], [ 19.803031153284529, 54.44546722622308 ], [ 19.809134415082532, 54.442083398854521 ], [ 19.824132158675418, 54.433709072178189 ], [ 19.845460573308891, 54.433582432370571 ], [ 19.866788767766767, 54.43344980445135 ], [ 19.88811673636636, 54.43331131298573 ], [ 19.909444473508714, 54.433167074626859 ], [ 19.930771973661319, 54.433017198259542 ], [ 19.952099231341858, 54.432861785170324 ], [ 19.95825848239182, 54.429431361005989 ], [ 19.973150447389383, 54.42106361358875 ], [ 19.994471171066422, 54.420897776797595 ], [ 20.015791636624364, 54.420726668827861 ], [ 20.037111838652692, 54.420550362725876 ], [ 20.058431771724347, 54.420368925004304 ], [ 20.079751430384391, 54.420182415854967 ], [ 20.101070809139234, 54.419990889359404 ], [ 20.122389902446425, 54.419794393695796 ], [ 20.12845346471299, 54.416399814738732 ], [ 20.143384830118855, 54.407956332078875 ], [ 20.164697311642119, 54.407750446087022 ], [ 20.186009491489042, 54.407539708890425 ], [ 20.207321363851342, 54.407324147302226 ], [ 20.228632922828982, 54.407103783199467 ], [ 20.24994416242285, 54.406878633703784 ], [ 20.271255076528007, 54.40664871136098 ], [ 20.292565658927465, 54.406414024320533 ], [ 20.298400611558328, 54.403130553825434 ], [ 20.313504043784317, 54.394539005904164 ], [ 20.334807929527386, 54.394295286077053 ], [ 20.35611146514719, 54.394046809960209 ], [ 20.377414643951159, 54.393793570114894 ], [ 20.398717459113321, 54.393535555627757 ], [ 20.420019903672546, 54.393272752319952 ], [ 20.425575659281819, 54.390134082102335 ], [ 20.440914240075571, 54.381370012464068 ], [ 20.462209916847016, 54.381098118229097 ], [ 20.483505202388329, 54.380821384057825 ], [ 20.504800089217756, 54.380539784986375 ], [ 20.526094569725583, 54.380253293987884 ], [ 20.547388636180056, 54.379961882271083 ], [ 20.568682280734969, 54.379665519599499 ], [ 20.589975495439141, 54.379364174632471 ], [ 20.595105848827963, 54.376450865047445 ], [ 20.610812749713375, 54.367424537116456 ], [ 20.632099086970221, 54.3671137352488 ], [ 20.653384971130471, 54.366797860695215 ], [ 20.674670393950528, 54.366476881024923 ], [ 20.695955347156001, 54.366150764679347 ], [ 20.717239822463871, 54.365819481448824 ], [ 20.738523811606989, 54.365483002970379 ], [ 20.759807306361033, 54.365141303245395 ], [ 20.781090298573737, 54.364794359173914 ], [ 20.802372780196411, 54.364442151103077 ], [ 20.806812994707176, 54.361904625409814 ], [ 20.82313957537125, 54.352454805803525 ], [ 20.844415031495952, 54.352092657596906 ], [ 20.865689954629303, 54.351725209518058 ], [ 20.886964337420761, 54.351352459778852 ], [ 20.908238172799702, 54.350974412702115 ], [ 20.929511454015529, 54.350591079239202 ], [ 20.950784174677779, 54.350202477456641 ], [ 20.972056328795919, 54.349808632982452 ], [ 20.99332791081795, 54.349409579400906 ], [ 21.014598915667278, 54.349005358585508 ], [ 21.035869338776894, 54.348596020958368 ], [ 21.057139176120167, 54.348181625664751 ], [ 21.07840842423732, 54.347762240651363 ], [ 21.099677080256662, 54.347337942637665 ], [ 21.10278434587325, 54.345546454564946 ], [ 21.120346552876644, 54.335283862010577 ], [ 21.14160804165536, 54.334850412084549 ], [ 21.162868932430818, 54.334412298331621 ], [ 21.184129224602799, 54.333969627771225 ], [ 21.205388918159926, 54.333522514290294 ], [ 21.22664801365471, 54.33307107785528 ], [ 21.228987783940319, 54.331716783082754 ], [ 21.247272328617662, 54.320989357025667 ], [ 21.268524249617897, 54.320529846808405 ], [ 21.288288508915031, 54.330606288006507 ], [ 21.290421724945354, 54.331692101318588 ], [ 21.311678443560194, 54.331224659192898 ], [ 21.332934573758827, 54.330753548292428 ], [ 21.354190118393554, 54.330278901344421 ], [ 21.37544508043079, 54.329800848304593 ], [ 21.377011507808856, 54.328890284567969 ], [ 21.396023364395603, 54.317693911128423 ], [ 21.41727117409016, 54.317209323004413 ], [ 21.438518407703679, 54.316721648677905 ], [ 21.459765067690647, 54.316230993433777 ], [ 21.481011156119195, 54.315737452532154 ], [ 21.502256674562553, 54.315241109845843 ], [ 21.523501623993248, 54.314742036612095 ], [ 21.544746004681919, 54.314240290320484 ], [ 21.565989816102359, 54.313735913756283 ], [ 21.5873762488498, 54.324560274728462 ], [ 21.587963185628109, 54.324856531936049 ], [ 21.609211863756794, 54.324347296050128 ], [ 21.630459966144485, 54.323835472843314 ], [ 21.651707488071064, 54.323321036487812 ], [ 21.672954423680739, 54.322803944469051 ], [ 21.694200765953184, 54.322284137801404 ], [ 21.715446506686821, 54.321761541418283 ], [ 21.723685758582253, 54.321558239279994 ], [ 21.715281873336803, 54.319263362591251 ], [ 21.693605666564761, 54.313181001327543 ], [ 21.685531082744095, 54.310848984230851 ], [ 21.671931244735585, 54.307025033590683 ], [ 21.650255837842824, 54.300750579167563 ], [ 21.648114497061087, 54.300111631245215 ], [ 21.628584937834859, 54.294440873498701 ], [ 21.611530834763649, 54.289344803524642 ], [ 21.60691266299121, 54.288002012909303 ], [ 21.585244532817441, 54.281518838459242 ], [ 21.575597218041555, 54.278553158036743 ], [ 21.563578693452428, 54.274960430334595 ], [ 21.541915041210373, 54.268323211319618 ], [ 21.540066032819219, 54.267742487389064 ], [ 21.520259206170646, 54.261697434296487 ], [ 21.504894181179623, 54.256914036917848 ], [ 21.498606867720582, 54.255012067919061 ], [ 21.476962574567285, 54.248341474353779 ], [ 21.469726889360871, 54.246075388237998 ], [ 21.455326895316034, 54.241695721623806 ], [ 21.434303804223301, 54.235231802971413 ], [ 21.433698382776992, 54.235051004033814 ], [ 21.412083541222401, 54.22851894853099 ], [ 21.398471795248451, 54.224386102703072 ], [ 21.390478131571946, 54.222029446880072 ], [ 21.368885509814429, 54.215642399447262 ], [ 21.36180501825924, 54.213546272947845 ], [ 21.347306697509048, 54.209378812255409 ], [ 21.325740131508031, 54.203214484491177 ], [ 21.323996049381257, 54.202717485870238 ], [ 21.304190474186473, 54.197236134861349 ], [ 21.284668416931424, 54.191905812409431 ], [ 21.282653415724848, 54.191371063654259 ], [ 21.261133889977192, 54.185713046579416 ], [ 21.243312696476703, 54.181119262342527 ], [ 21.239627955805197, 54.180195370164341 ], [ 21.21813934865397, 54.174892065893381 ], [ 21.199316578004094, 54.170366940952256 ], [ 21.196664703378868, 54.169746144430256 ], [ 21.175207392486399, 54.164826703352205 ], [ 21.153763769005216, 54.160070508411899 ], [ 21.151866619680177, 54.15966050774778 ], [ 21.132337006281947, 54.15554435366716 ], [ 21.110924104493979, 54.151196491556618 ], [ 21.099795298843723, 54.149016265689568 ], [ 21.089525983318623, 54.147050812119957 ], [ 21.068142409372211, 54.143109065690716 ], [ 21.046771776499792, 54.139345232700997 ], [ 21.041510527945899, 54.138455252020258 ], [ 21.025415260693283, 54.135789171111263 ], [ 21.004071408774962, 54.132417564855054 ], [ 20.982739414567302, 54.129219613795421 ], [ 20.974288143051822, 54.128013186275723 ], [ 20.96141967605632, 54.12620951840082 ], [ 20.94011138663523, 54.123376320027255 ], [ 20.918813619659513, 54.120705959635778 ], [ 20.89752595669859, 54.11819485383878 ], [ 20.893515362694025, 54.117747798572204 ], [ 20.876248524596182, 54.115851316539015 ], [ 20.854980333991424, 54.11365904401233 ], [ 20.833720811881673, 54.111610393934484 ], [ 20.812469524091242, 54.109700537746988 ], [ 20.791226038776891, 54.107924463852832 ], [ 20.7893560079366, 54.107778528257292 ], [ 20.769990168117832, 54.106282640742691 ], [ 20.748761205692805, 54.104763231991122 ], [ 20.727538724757881, 54.103360538414194 ], [ 20.706322335588538, 54.102069472984297 ], [ 20.685111661087628, 54.100884998667446 ], [ 20.663906338031516, 54.099802163358994 ], [ 20.642706018075597, 54.098816131397328 ], [ 20.633595488525497, 54.098431108731681 ], [ 20.621510368284316, 54.097922205318099 ], [ 20.600319051167801, 54.097115317015835 ], [ 20.579131765289539, 54.0963910721565 ], [ 20.557948231845636, 54.095745438457577 ], [ 20.536768188686782, 54.095174609362026 ], [ 20.515591390326566, 54.094675020396821 ], [ 20.494417607838052, 54.094243363770815 ], [ 20.473246628651282, 54.093876601396019 ], [ 20.452078256263462, 54.093571976509814 ], [ 20.430912309872557, 54.093327024067449 ], [ 20.409748623944193, 54.093139580070051 ], [ 20.3885870477209, 54.093007789988945 ], [ 20.367427444682079, 54.092930116444265 ], [ 20.346269691962323, 54.092905346295069 ], [ 20.325113679735146, 54.092932597298969 ], [ 20.303959310568569, 54.093011324499805 ], [ 20.28280649875849, 54.093141326506938 ], [ 20.261655169645277, 54.093322751832694 ], [ 20.240505258918372, 54.093556105460991 ], [ 20.219356711913473, 54.093842255827191 ], [ 20.198209482906087, 54.094182442397035 ], [ 20.177063534404887, 54.094578284041759 ], [ 20.155918836447853, 54.095031788416655 ], [ 20.134775365903469, 54.095545362561232 ], [ 20.113633105778813, 54.096121824951339 ], [ 20.092492044535788, 54.096764419245929 ], [ 20.071352175415932, 54.097476829984878 ], [ 20.050213495773871, 54.098263200508114 ], [ 20.029076006418403, 54.09912815338101 ], [ 20.007939710959629, 54.100076813625932 ], [ 19.986804615159624, 54.101114835074554 ], [ 19.965670726283186, 54.102248430171109 ], [ 19.944538052444223, 54.103484403570434 ], [ 19.923406601942187, 54.104830189888617 ], [ 19.904807166078832, 54.106118181059429 ], [ 19.902276348857068, 54.106292342635705 ] ] ], [ [ [ 20.211609110718882, 50.092509556490064 ], [ 20.192355528947477, 50.09615541086621 ], [ 20.17311234077982, 50.100345353688887 ], [ 20.166215054275323, 50.102037827659011 ], [ 20.153885737233288, 50.105364088476676 ], [ 20.134672240255416, 50.111106200752808 ], [ 20.125794756548871, 50.114006574679848 ], [ 20.115475650422393, 50.117772276097881 ], [ 20.09629451488685, 50.125346717249542 ], [ 20.095057359793508, 50.125870251081018 ], [ 20.077142817591181, 50.1345003174129 ], [ 20.070969543567674, 50.137664586719957 ], [ 20.058022211445213, 50.145392413549729 ], [ 20.051651714208063, 50.149410771987462 ], [ 20.038952324793833, 50.159022863465523 ], [ 20.036315959823714, 50.161118231528221 ], [ 20.024571772826253, 50.172791997037201 ], [ 20.02000353918212, 50.178847145829863 ], [ 20.015963864376317, 50.184437148639731 ], [ 20.010348902546738, 50.196055636784003 ], [ 20.007494905860501, 50.207649913498905 ], [ 20.007364789624781, 50.219220509300229 ], [ 20.009934454174111, 50.230767648179111 ], [ 20.015194323443595, 50.242291239987743 ], [ 20.021553700994499, 50.251494173906814 ], [ 20.02322576784082, 50.253790208321014 ], [ 20.034421874744989, 50.265260486121953 ], [ 20.041385654026801, 50.270933272641543 ], [ 20.048969878576798, 50.276699475595592 ], [ 20.06109984034547, 50.284344031778389 ], [ 20.067583533343868, 50.288099371858245 ], [ 20.080754071320367, 50.294615875207171 ], [ 20.091573443749994, 50.299445931005437 ], [ 20.100370429423656, 50.302876996026924 ], [ 20.119958237048934, 50.309631386451343 ], [ 20.123562147707503, 50.310710519713368 ], [ 20.139517539319112, 50.314959529745209 ], [ 20.159057523845803, 50.3193121085679 ], [ 20.172903815902448, 50.32179255955959 ], [ 20.178577479239269, 50.322709252858893 ], [ 20.19807494739058, 50.325100192531735 ], [ 20.217554277847849, 50.326703702099103 ], [ 20.237014643135343, 50.32752522547537 ], [ 20.25645525338566, 50.327571204725103 ], [ 20.275875345830343, 50.326848606104406 ], [ 20.295274173519584, 50.325364461089087 ], [ 20.314650993368137, 50.323125423972392 ], [ 20.334005053599611, 50.320137346526877 ], [ 20.334453426296108, 50.320050486380524 ], [ 20.353327902645695, 50.316134462935125 ], [ 20.372624618109999, 50.3113355230347 ], [ 20.384483080235519, 50.30789588076815 ], [ 20.391889253852245, 50.305569505141577 ], [ 20.411115797782983, 50.29867218531183 ], [ 20.417937337391852, 50.295923003939635 ], [ 20.430297499492426, 50.290463139739103 ], [ 20.443419372971206, 50.284039691524889 ], [ 20.449427602063164, 50.28077073907231 ], [ 20.463772291932528, 50.272215435664229 ], [ 20.468487201183429, 50.269036715140814 ], [ 20.480234476004494, 50.260437178398035 ], [ 20.487445320063202, 50.2543421026419 ], [ 20.493649041545179, 50.248695750050494 ], [ 20.504474588105165, 50.236986277903128 ], [ 20.506233477444749, 50.234620746578656 ], [ 20.512710634103794, 50.225309499750956 ], [ 20.518808758094202, 50.213660071007212 ], [ 20.522830944940718, 50.202037522241746 ], [ 20.524303926170187, 50.192854258739445 ], [ 20.524665459588583, 50.190443542138993 ], [ 20.524275809029803, 50.178878719858794 ], [ 20.523789827486731, 50.176701976886676 ], [ 20.52154013430393, 50.167344636210807 ], [ 20.516258384855472, 50.155843744473572 ], [ 20.508295625017894, 50.144377457261811 ], [ 20.503227492325976, 50.138970714785373 ], [ 20.496965471214295, 50.132954081865954 ], [ 20.4833620173181, 50.122728836428877 ], [ 20.481634544209292, 50.121580726120179 ], [ 20.463672192235087, 50.111803099286504 ], [ 20.46043500019336, 50.110279327644058 ], [ 20.444078353702178, 50.10376877937356 ], [ 20.430086617112618, 50.099087141865375 ], [ 20.424542930433656, 50.09748117187187 ], [ 20.405060162467887, 50.092817551730583 ], [ 20.385610257966253, 50.089161054416074 ], [ 20.378403005133276, 50.088142363691574 ], [ 20.366195022498513, 50.086618677222688 ], [ 20.34680704375484, 50.084974486349786 ], [ 20.327441068072314, 50.084077837979848 ], [ 20.30809504767441, 50.083886803327879 ], [ 20.288767104307961, 50.084363159923896 ], [ 20.269455513962395, 50.085472117566923 ], [ 20.250158692092754, 50.087182034079042 ], [ 20.23087517949687, 50.08946412636196 ], [ 20.22841802602785, 50.089826458044229 ], [ 20.211609110718882, 50.092509556490064 ] ] ], [ [ [ 18.298949479924623, 49.93141101665752 ], [ 18.297567679138723, 49.9322248136667 ], [ 18.297241426560671, 49.943792683239067 ], [ 18.296926246854039, 49.955360596435774 ], [ 18.279159578958151, 49.965652827270027 ], [ 18.277193731307324, 49.966809126547552 ], [ 18.259693634498998, 49.976947111372951 ], [ 18.240399612651952, 49.976743221053233 ], [ 18.221105780697066, 49.976536752835415 ], [ 18.218615038659888, 49.97799915778166 ], [ 18.218324241231386, 49.989566989855341 ], [ 18.201431032709227, 49.999349726504875 ], [ 18.182128322061239, 49.999141422851253 ], [ 18.165942769075475, 49.989202251385741 ], [ 18.163025729518544, 49.987414159616328 ], [ 18.160047365375831, 49.989159720102485 ], [ 18.14352347409319, 49.998717986341084 ], [ 18.124221336843192, 49.998503108869414 ], [ 18.120912924702949, 50.000439614946366 ], [ 18.10470533151749, 50.009811937037483 ], [ 18.101206307277078, 50.011858440069489 ], [ 18.100927453202488, 50.023426064428712 ], [ 18.100656250741956, 50.034993725105466 ], [ 18.084741473867329, 50.044202425116666 ], [ 18.080963617094422, 50.046409197199431 ], [ 18.065197084039699, 50.05553156314452 ], [ 18.061274087581236, 50.057821352542298 ], [ 18.045643357380509, 50.066864381856718 ], [ 18.026314298544143, 50.066646077638154 ], [ 18.01134193925164, 50.057406772579512 ], [ 18.007223851858907, 50.054875480893344 ], [ 17.992314974200166, 50.045673358370095 ], [ 17.992517183546159, 50.034105309362374 ], [ 18.00783795224552, 50.025089971189161 ], [ 18.022970491490312, 50.034365693662011 ], [ 18.026918220320443, 50.036792277884231 ], [ 18.030962686604315, 50.034432704988596 ], [ 18.031146456541752, 50.022864436333421 ], [ 18.031323050776837, 50.011296085174287 ], [ 18.027480870132795, 50.008933424978984 ], [ 18.008175211817051, 50.008710693647231 ], [ 18.004137884050543, 50.011065950857677 ], [ 17.988627607816028, 50.020023091389469 ], [ 17.973684612004078, 50.010800584923174 ], [ 17.969564419167174, 50.008263014568506 ], [ 17.950259275381168, 50.008038547349166 ], [ 17.935436347424698, 49.998886059056169 ], [ 17.931210073696462, 49.996279845987353 ], [ 17.916409238497266, 49.987139970392086 ], [ 17.912170037296541, 49.984523823411607 ], [ 17.892874614493092, 49.984298804236026 ], [ 17.878153784487523, 49.975206352531487 ], [ 17.873848485304471, 49.972546039630366 ], [ 17.869420983485874, 49.975121570457695 ], [ 17.854284169381422, 49.983851899914356 ], [ 17.849731819301045, 49.986498019031828 ], [ 17.834710468649913, 49.995163586847134 ], [ 17.830048749888824, 49.997871192295918 ], [ 17.829716187895549, 50.009437821123939 ], [ 17.814843579232871, 50.018019927061886 ], [ 17.795534891594343, 50.01780262310379 ], [ 17.790697910630268, 50.020607697199317 ], [ 17.790365705370753, 50.032174202381235 ], [ 17.775639453588578, 50.040673362421309 ], [ 17.770695630465521, 50.043537453174267 ], [ 17.770366802343442, 50.055103908439634 ], [ 17.770042076103678, 50.066670384626327 ], [ 17.755425663937928, 50.075105506670873 ], [ 17.750370791064256, 50.078030171795746 ], [ 17.735790351458682, 50.086443764229983 ], [ 17.730700072672349, 50.08938663923324 ], [ 17.730374342119081, 50.100952959399422 ], [ 17.715836693146567, 50.109339445368235 ], [ 17.710700161326553, 50.112306002490115 ], [ 17.696177705646079, 50.120681922082873 ], [ 17.682101864749008, 50.111984890110072 ], [ 17.677146423806061, 50.108915289528809 ], [ 17.657801393473431, 50.108707228820016 ], [ 17.652702589370513, 50.111647437431508 ], [ 17.652354695826066, 50.123213303140801 ], [ 17.637800898662309, 50.131604556745415 ], [ 17.632682194566552, 50.134553194262963 ], [ 17.618114027293814, 50.142950019533323 ], [ 17.613006863590069, 50.145889729613906 ], [ 17.598417751062023, 50.154295530600734 ], [ 17.59332807917821, 50.15722290099621 ], [ 17.598243004558384, 50.160271240083986 ], [ 17.61229722127327, 50.169020975564202 ], [ 17.617273232415094, 50.172104881782815 ], [ 17.636642680545688, 50.172349956220515 ], [ 17.656012553171749, 50.172585971714788 ], [ 17.670025666213427, 50.181266178964883 ], [ 17.675062840473963, 50.184382372690528 ], [ 17.694438242137998, 50.184599056965688 ], [ 17.708483792119679, 50.193269899105324 ], [ 17.713503323249608, 50.196371210885097 ], [ 17.732884177028478, 50.19656982927804 ], [ 17.747008736212287, 50.205261515306468 ], [ 17.751963976218345, 50.208319190070227 ], [ 17.766155828719256, 50.217036086771209 ], [ 17.76588001712916, 50.228602768152598 ], [ 17.765607151349119, 50.240169458525223 ], [ 17.750911370090527, 50.248627954239417 ], [ 17.745880028051719, 50.251527800047114 ], [ 17.731202846268694, 50.259970460722975 ], [ 17.726146024976437, 50.262882726286982 ], [ 17.72586507944083, 50.274449201934083 ], [ 17.730738147027409, 50.277453599003458 ], [ 17.745062055686731, 50.286227588045712 ], [ 17.749850057598554, 50.289177304985309 ], [ 17.764284503148097, 50.298003019194567 ], [ 17.74939433676359, 50.306560426365799 ], [ 17.729970130575243, 50.306310423109466 ], [ 17.725036767645911, 50.309148654850986 ], [ 17.724765281150063, 50.32071514540452 ], [ 17.709918976335924, 50.329234492273876 ], [ 17.690485795236999, 50.328980270325374 ], [ 17.676285455593337, 50.320173257560192 ], [ 17.676631960217332, 50.308607692517889 ], [ 17.676976007416457, 50.297042077158899 ], [ 17.67202096681056, 50.293983954277053 ], [ 17.657932352068503, 50.28525419132238 ], [ 17.652928893185251, 50.282163851203336 ], [ 17.638879349934374, 50.273463018694748 ], [ 17.633845961081036, 50.270351843173273 ], [ 17.614436526517, 50.27011580718893 ], [ 17.609216674234212, 50.273111831019243 ], [ 17.594686709409867, 50.281447555142464 ], [ 17.575272868079981, 50.281212485003785 ], [ 17.561226398693364, 50.272527614946085 ], [ 17.556208836709057, 50.269419685359004 ], [ 17.536799784187227, 50.269192218927991 ], [ 17.531623021728379, 50.272157346345324 ], [ 17.517031891310804, 50.28052078330424 ], [ 17.497618388445538, 50.280295221915189 ], [ 17.483426675888577, 50.27153838172184 ], [ 17.478573046913215, 50.268525651469211 ], [ 17.459164249067289, 50.268309155998026 ], [ 17.444800021542395, 50.259458061688683 ], [ 17.440132469579897, 50.256557116484657 ], [ 17.435279597680807, 50.259330253340785 ], [ 17.43485660217134, 50.27089438390027 ], [ 17.419964957375317, 50.279421255255592 ], [ 17.40055171028332, 50.279210284821318 ], [ 17.395782443007985, 50.281931396400225 ], [ 17.380747256365527, 50.290531820050063 ], [ 17.366094487410042, 50.281517799494324 ], [ 17.36642339402816, 50.269952545310147 ], [ 17.362120807161254, 50.267273389889091 ], [ 17.357638634970382, 50.269828721007727 ], [ 17.357173683379372, 50.28139203672621 ], [ 17.356710219906617, 50.292955351370168 ], [ 17.356248230962187, 50.30451866476561 ], [ 17.341110210435179, 50.313163710910729 ], [ 17.336466337698788, 50.315807073499137 ], [ 17.340921653163253, 50.318580476176393 ], [ 17.355328624584622, 50.327645287146403 ], [ 17.340307440320448, 50.336213717306805 ], [ 17.325691985024093, 50.327222218408942 ], [ 17.321277622343864, 50.324473672464784 ], [ 17.301846306009189, 50.3242620595313 ], [ 17.282415021414739, 50.324053357906635 ], [ 17.278062354873612, 50.326526455766135 ], [ 17.262564028793438, 50.335356482179208 ], [ 17.243128262084117, 50.335149222821066 ], [ 17.238966675684921, 50.337510675822429 ], [ 17.223263399201091, 50.346446111853233 ], [ 17.219149443519981, 50.348778707900429 ], [ 17.218614463940622, 50.360340409743202 ], [ 17.202954873173578, 50.369237321655241 ], [ 17.19877525785132, 50.371604659152808 ], [ 17.198231636421024, 50.383166117222551 ], [ 17.182626936047217, 50.392018118166995 ], [ 17.163168638451403, 50.391799379481242 ], [ 17.147806663703371, 50.382373886801531 ], [ 17.144158962853226, 50.380094412257968 ], [ 17.140337964527504, 50.382254684705067 ], [ 17.124252202610101, 50.391368469211848 ], [ 17.120469865014229, 50.393505203702681 ], [ 17.119882304033688, 50.405065641829594 ], [ 17.103877781109787, 50.414119057326459 ], [ 17.084410649833512, 50.41389975745706 ], [ 17.064943586774397, 50.4136821807963 ], [ 17.045476594897782, 50.413466193575523 ], [ 17.042128495186557, 50.415352680549532 ], [ 17.025532905201956, 50.424717492942477 ], [ 17.006061550128393, 50.424499841860978 ], [ 16.986590282336621, 50.424283325049963 ], [ 16.967119106870729, 50.424067782272452 ], [ 16.964413728261643, 50.425588555000061 ], [ 16.947152824796529, 50.435302755476371 ], [ 16.944473022645699, 50.436807962855639 ], [ 16.927177238808166, 50.446531185094877 ], [ 16.924517887900425, 50.448023726444788 ], [ 16.907192349187159, 50.457753035760625 ], [ 16.890321046848182, 50.447408557395228 ], [ 16.888217612206084, 50.44608676310618 ], [ 16.87092781250518, 50.435485026758613 ], [ 16.871230004060727, 50.423920346150048 ], [ 16.869764824808364, 50.422998726701813 ], [ 16.851818473622778, 50.411993167139848 ], [ 16.870733385438687, 50.401403047393707 ], [ 16.871824856231218, 50.400790750881924 ], [ 16.890701236235621, 50.39021756508847 ], [ 16.89182817869446, 50.38958487051331 ], [ 16.910659547287775, 50.379032254399519 ], [ 16.911828376875718, 50.37837552558166 ], [ 16.912120124230768, 50.366810511181178 ], [ 16.912408830540059, 50.35524542216838 ], [ 16.931624685378893, 50.344471775460704 ], [ 16.932405427059848, 50.3440325211591 ], [ 16.932690985840797, 50.332467314442752 ], [ 16.93297354488082, 50.320902034310649 ], [ 16.952558375723864, 50.309915929696793 ], [ 16.952967245973472, 50.309685590933839 ], [ 16.97246728695745, 50.298742358803011 ], [ 16.991874849426832, 50.299251987888233 ], [ 16.992662443362384, 50.298807713462871 ], [ 17.011770043918439, 50.288075619758125 ], [ 17.012646348526623, 50.287580916004366 ], [ 17.012930029119328, 50.276015488253151 ], [ 17.013210947846815, 50.264449992937493 ], [ 17.0127658026963, 50.264170155191486 ], [ 16.993700166426922, 50.255858934059596 ], [ 16.983988793699769, 50.263946618213623 ], [ 16.973583336952604, 50.272477052618385 ], [ 16.970123286780495, 50.275275556084758 ], [ 16.95591926118518, 50.286596900078557 ], [ 16.953477170812778, 50.288514754526297 ], [ 16.941353016297544, 50.297910107910603 ], [ 16.933381522907808, 50.303992857363049 ], [ 16.926443496657019, 50.309215383206698 ], [ 16.913294786047455, 50.318964721766655 ], [ 16.911178344262815, 50.320512373533184 ], [ 16.895519185876555, 50.331800245853849 ], [ 16.893217407450532, 50.333435131903613 ], [ 16.879453905404343, 50.343078621928299 ], [ 16.873148837879409, 50.347430987619148 ], [ 16.862989639241999, 50.354347466670468 ], [ 16.853087958311072, 50.360990761599801 ], [ 16.846111370725133, 50.365606334464658 ], [ 16.833034429368659, 50.374134326798604 ], [ 16.828803247915914, 50.376854751182151 ], [ 16.812987929900999, 50.386880400674343 ], [ 16.811048684534708, 50.388092214908156 ], [ 16.792948151342898, 50.399246722005593 ], [ 16.79283047629178, 50.399318196986577 ], [ 16.774114664067127, 50.410531832009035 ], [ 16.772915247599709, 50.411240504912712 ], [ 16.754903696087911, 50.421732929678278 ], [ 16.752888318073261, 50.42289097333888 ], [ 16.735182078356345, 50.432920945628119 ], [ 16.732867009573322, 50.434214819258642 ], [ 16.714932930368509, 50.44409529129635 ], [ 16.71285101079534, 50.445227259735972 ], [ 16.694139811904659, 50.455255368221536 ], [ 16.692840005766104, 50.455943060623945 ], [ 16.672833689157223, 50.466376245152361 ], [ 16.672786360530782, 50.466400560419068 ], [ 16.652832390236092, 50.476527533916332 ], [ 16.650828308204773, 50.477529668610373 ], [ 16.632835277024878, 50.486420857014892 ], [ 16.628272523476763, 50.488642493886658 ], [ 16.612841988215049, 50.496069979044329 ], [ 16.605108292608197, 50.499738471523727 ], [ 16.592852152081665, 50.505488396903736 ], [ 16.581328192048584, 50.510817087361374 ], [ 16.572865388521159, 50.514689311671511 ], [ 16.556928904707725, 50.521877897807599 ], [ 16.552881311742425, 50.523685589261902 ], [ 16.532899844184211, 50.532483759197405 ], [ 16.531893716370202, 50.532920162609763 ], [ 16.512921666991943, 50.541075718967583 ], [ 16.506160872030861, 50.543942151926515 ], [ 16.492945029388103, 50.549499467448811 ], [ 16.479820222290098, 50.554945352743736 ], [ 16.472969506767672, 50.557766972070048 ], [ 16.452994709449726, 50.565889166195134 ], [ 16.452893226199251, 50.565929825849977 ], [ 16.452075092672381, 50.577482553481545 ], [ 16.451163839706933, 50.589033220911503 ], [ 16.43161037212629, 50.599783284918459 ], [ 16.430929436206064, 50.600159069709541 ], [ 16.411448044692495, 50.610859509592849 ], [ 16.410683334014422, 50.611281189534125 ], [ 16.391276325302751, 50.621931143915589 ], [ 16.390426127653676, 50.622399588586262 ], [ 16.389509409329069, 50.633949694055516 ], [ 16.370459045303679, 50.644392710448486 ], [ 16.369239051011931, 50.645064182103638 ], [ 16.350263232831789, 50.655457859253964 ], [ 16.348959259176961, 50.656174977463863 ], [ 16.330057930641797, 50.666519787464587 ], [ 16.31049502797871, 50.666179213872596 ], [ 16.29093251773358, 50.665835677225232 ], [ 16.289928076470719, 50.666387048588511 ], [ 16.270709213210957, 50.676885251504238 ], [ 16.251142864930436, 50.676533967375583 ], [ 16.231576924902424, 50.676179644620817 ], [ 16.212903642215494, 50.664569252463039 ], [ 16.213223133773418, 50.655371472436521 ], [ 16.193217109389753, 50.662545853039539 ], [ 16.189143828802202, 50.663998213329997 ], [ 16.173203799232546, 50.669737951062167 ], [ 16.159025847031149, 50.674838406995853 ], [ 16.153182063036557, 50.676966137723234 ], [ 16.133151065769308, 50.684243245126972 ], [ 16.129190319689133, 50.685677861390637 ], [ 16.11310942582562, 50.691590631411209 ], [ 16.099731661930456, 50.696519144961009 ], [ 16.093056208042697, 50.699021823951909 ], [ 16.072990110218853, 50.706555850629641 ], [ 16.070826766538659, 50.707366991927806 ], [ 16.052908882767976, 50.71422628998841 ], [ 16.042515021582357, 50.718222813627186 ], [ 16.032811742214715, 50.722042571214629 ], [ 16.014996327640365, 50.729092163436157 ], [ 16.012697112635607, 50.730026299162823 ], [ 15.992561683195389, 50.738225529130766 ], [ 15.988281268369919, 50.739975874735848 ], [ 15.972403397430377, 50.746667534243912 ], [ 15.962479750129416, 50.750877363242658 ], [ 15.952220291086787, 50.755377395238895 ], [ 15.937678474183073, 50.761799511407261 ], [ 15.93200925227981, 50.76439701122402 ], [ 15.913917459043736, 50.77274401408016 ], [ 15.911766497087328, 50.773777297831884 ], [ 15.891487156294492, 50.783584092025485 ], [ 15.891223483472338, 50.78371221790912 ], [ 15.871164542224379, 50.793908594472093 ], [ 15.869608176298472, 50.794705054230292 ], [ 15.850793339519788, 50.804819057600298 ], [ 15.849119727697166, 50.80572442134374 ], [ 15.830364982587207, 50.816429758569988 ], [ 15.829770208568405, 50.816771236702913 ], [ 15.811544047721323, 50.827845636209545 ], [ 15.809865492255319, 50.828931093295679 ], [ 15.794446694892969, 50.838948291133406 ], [ 15.789278328592772, 50.842545361700317 ], [ 15.778493888767908, 50.850080127274609 ], [ 15.768582882607781, 50.857547331605282 ], [ 15.763693898419127, 50.861241837945066 ], [ 15.750022396667267, 50.872433177791365 ], [ 15.747740389186736, 50.874464409699449 ], [ 15.737431315690781, 50.883653192559983 ], [ 15.72668165244826, 50.894242296743087 ], [ 15.726009420846765, 50.894904717993718 ], [ 15.715615787530819, 50.90618412214851 ], [ 15.706380706162321, 50.917495352841243 ], [ 15.705248238295939, 50.919060812426103 ], [ 15.698162784210691, 50.928834675773061 ], [ 15.691039745574212, 50.94020450403584 ], [ 15.685000526202188, 50.951604716585962 ], [ 15.682899405254043, 50.956396822540555 ], [ 15.679976767088778, 50.963033529284687 ], [ 15.675974773635387, 50.97449124594182 ], [ 15.673004647768572, 50.985978252533293 ], [ 15.671048017662947, 50.997494096438714 ], [ 15.670088966697593, 51.009038367174121 ], [ 15.670113963751197, 51.020610695968145 ], [ 15.671111792988789, 51.032210754993422 ], [ 15.673073483442348, 51.043838256283614 ], [ 15.675855846310059, 51.054944343176103 ], [ 15.67598916221985, 51.055492862780412 ], [ 15.679777853179186, 51.067172193135733 ], [ 15.684499653925549, 51.078877861798667 ], [ 15.690153988402129, 51.090609731884513 ], [ 15.692732528364932, 51.095203463493199 ], [ 15.696665534600458, 51.102365530305264 ], [ 15.70404928443314, 51.114145529839 ], [ 15.710501344570726, 51.123309140218083 ], [ 15.712326218084831, 51.125950148497964 ], [ 15.721405866401611, 51.137776650510645 ], [ 15.728648933817803, 51.14635662264439 ], [ 15.731366247489582, 51.149627024722889 ], [ 15.742128041622626, 51.16149882741351 ], [ 15.747019904172083, 51.166481097334341 ], [ 15.753718063383372, 51.173392575492883 ], [ 15.765539296068201, 51.184709377565476 ], [ 15.766158271743601, 51.185308623382106 ], [ 15.779362269567963, 51.197244312318688 ], [ 15.784184936119985, 51.201330860075501 ], [ 15.793395490467088, 51.209201172122199 ], [ 15.802919551157402, 51.216858177858839 ], [ 15.808259180123375, 51.221178931488971 ], [ 15.821729523893707, 51.231471508936302 ], [ 15.823951791380264, 51.233177224990548 ], [ 15.840477503067303, 51.245195825172068 ], [ 15.840606031808068, 51.245284811655566 ], [ 15.857837601871177, 51.257234406802027 ], [ 15.859543766848354, 51.258362861164045 ], [ 15.87607756060007, 51.269293806250566 ], [ 15.878532387703734, 51.270845959489002 ], [ 15.895225151808551, 51.281374342129737 ], [ 15.897567392881447, 51.282790889600541 ], [ 15.915317600384824, 51.293476543193051 ], [ 15.916645014574319, 51.294244715945084 ], [ 15.935762696143536, 51.30523735937404 ], [ 15.936400002569451, 51.305601096125585 ], [ 15.954918911168177, 51.315783837999071 ], [ 15.958530320623462, 51.317748964771056 ], [ 15.974109745410741, 51.325935723211188 ], [ 15.981792295883183, 51.329921706333103 ], [ 15.993333133830898, 51.335717538026969 ], [ 16.006277171606918, 51.342120971281652 ], [ 16.01258734075677, 51.345149300663877 ], [ 16.031871016910657, 51.354245511088081 ], [ 16.032093232465709, 51.354348728493541 ], [ 16.051185997902529, 51.362971444528768 ], [ 16.059414026580889, 51.366608446603308 ], [ 16.070527497513634, 51.371395142584994 ], [ 16.088378472217666, 51.378902515560959 ], [ 16.08989461443549, 51.379525132369359 ], [ 16.109289287077935, 51.387325101996616 ], [ 16.119285594715354, 51.391237060050827 ], [ 16.128707923340702, 51.394846041919919 ], [ 16.148150386739808, 51.402084735061649 ], [ 16.152379394100375, 51.403616460547369 ], [ 16.167616948034045, 51.409031270155161 ], [ 16.187104998548158, 51.415722326559518 ], [ 16.188085062256302, 51.416049055722453 ], [ 16.206616206794095, 51.422125445743568 ], [ 16.226147507975391, 51.428285375871219 ], [ 16.227003881797032, 51.428546672856761 ], [ 16.245700414241075, 51.434172023906171 ], [ 16.26527257264674, 51.439819113198077 ], [ 16.269978591040207, 51.441125726340829 ], [ 16.284864565254214, 51.445211840698335 ], [ 16.304475199419681, 51.450365082671397 ], [ 16.318186579901674, 51.453808676452432 ], [ 16.324104005323928, 51.455281770383273 ], [ 16.343750804955832, 51.459959880745977 ], [ 16.363414645387433, 51.464410753900168 ], [ 16.373760985834334, 51.466636848765219 ], [ 16.383095258266177, 51.468634090875383 ], [ 16.402792187383078, 51.472632876012725 ], [ 16.422504877346068, 51.476411928444975 ], [ 16.440636062024673, 51.479685684448114 ], [ 16.442232931431658, 51.479973365845822 ], [ 16.46197588616916, 51.483320560043268 ], [ 16.48173339730813, 51.486454812352399 ], [ 16.501505101747064, 51.489377797953459 ], [ 16.521290648801536, 51.492091004925157 ], [ 16.529806273210607, 51.493167951734613 ], [ 16.5410895649519, 51.494598239678353 ], [ 16.560901563946913, 51.496899914157709 ], [ 16.580726445850718, 51.498994814396838 ], [ 16.600563934026919, 51.500883136642983 ], [ 16.620413773007733, 51.502564667864803 ], [ 16.640275729836187, 51.504038742975801 ], [ 16.660149595299004, 51.505304201937747 ], [ 16.680035185055853, 51.506359346619149 ], [ 16.699932340670411, 51.507201897276943 ], [ 16.719840930548369, 51.507828948527582 ], [ 16.739760850786993, 51.508236924676062 ], [ 16.759692025939795, 51.508421534279336 ], [ 16.779634409699071, 51.508377723833078 ], [ 16.799587985497443, 51.508099630489752 ], [ 16.819552767028362, 51.507580533739429 ], [ 16.839528798683435, 51.506812806015738 ], [ 16.859516155902917, 51.505787862225652 ], [ 16.879514945433286, 51.504496108245775 ], [ 16.899525305483802, 51.502926888478555 ], [ 16.919547405771436, 51.501068432620229 ], [ 16.922269355758981, 51.50078045297662 ], [ 16.939580951623856, 51.498918793330198 ], [ 16.959626507688039, 51.49645669687623 ], [ 16.979684407830042, 51.493665224232423 ], [ 16.999574425215943, 51.490556672267466 ], [ 16.999754933746381, 51.490527949756363 ], [ 17.01983757600766, 51.487046018028458 ], [ 17.039933404347433, 51.483183786665656 ], [ 17.055383272261285, 51.47992750058777 ], [ 17.060042561888608, 51.478925934864399 ], [ 17.080164826931849, 51.474265162856213 ], [ 17.100301318506325, 51.469161568815927 ], [ 17.100531286766952, 51.46909963210171 ], [ 17.12045128904391, 51.463618915449018 ], [ 17.138794394230562, 51.458145358494868 ], [ 17.140616080633119, 51.457589702625306 ], [ 17.16079503766727, 51.451073987338923 ], [ 17.172292209509163, 51.447104465589149 ], [ 17.180989077000696, 51.444032244739752 ], [ 17.201198309507362, 51.436443627928078 ], [ 17.202322076492628, 51.436000925726553 ], [ 17.22142246363579, 51.428296146077003 ], [ 17.229524179070889, 51.424847063273475 ], [ 17.24166217094686, 51.419553693360797 ], [ 17.25454478819335, 51.413654463435847 ], [ 17.261917440420397, 51.410194830308484 ], [ 17.277749252744254, 51.402429884747342 ], [ 17.282188240204757, 51.400198146015931 ], [ 17.299425236419598, 51.391178573966869 ], [ 17.302474486335779, 51.389542563699898 ], [ 17.319801284875471, 51.379904650745047 ], [ 17.322776032035392, 51.378207653678608 ], [ 17.339060347569593, 51.368611381772737 ], [ 17.343092657665835, 51.366173952511936 ], [ 17.357349775328441, 51.357301379537574 ], [ 17.363424061422243, 51.353423286709344 ], [ 17.374788812674169, 51.345976748643935 ], [ 17.383769850853923, 51.339939099024008 ], [ 17.391474280923621, 51.334639195018724 ], [ 17.404129535312233, 51.325706774907459 ], [ 17.407484935833306, 51.323290108428729 ], [ 17.422890217195729, 51.311930697933747 ], [ 17.424502449027148, 51.310716021514118 ], [ 17.437759560218268, 51.30056212624855 ], [ 17.444887842144908, 51.29495847264446 ], [ 17.452129774401008, 51.289185081816861 ], [ 17.465285094746481, 51.278421405697557 ], [ 17.466035501609735, 51.277800200130763 ], [ 17.479550898457244, 51.266408607908666 ], [ 17.485693349360727, 51.261098621345724 ], [ 17.492675835495323, 51.255010436890757 ], [ 17.505428558603107, 51.243606049681262 ], [ 17.506111736284399, 51.24298396161047 ], [ 17.517891358995961, 51.232196608551689 ], [ 17.526539576069599, 51.22406497869742 ], [ 17.530018555140469, 51.220781630889228 ], [ 17.541874743950707, 51.209362024598761 ], [ 17.546975957768044, 51.204335878423386 ], [ 17.553462275032214, 51.197937899860896 ], [ 17.564779486198766, 51.186509314884511 ], [ 17.567420004639388, 51.183789456063934 ], [ 17.575889486862337, 51.175077115276601 ], [ 17.586729501587879, 51.163640600580749 ], [ 17.587870960394902, 51.162414171955028 ], [ 17.597410974014551, 51.15220118127737 ], [ 17.607826649600696, 51.140757623205708 ], [ 17.608328097092631, 51.140196885680126 ], [ 17.618118954293223, 51.129311679519255 ], [ 17.628156756993903, 51.117861843643894 ], [ 17.628790622340087, 51.117125871950563 ], [ 17.638092449118368, 51.10640995538138 ], [ 17.647794536263387, 51.094954519266679 ], [ 17.649257552824903, 51.093195282358103 ], [ 17.657401721845183, 51.083497185703749 ], [ 17.666807671989194, 51.072036764730548 ], [ 17.669727558231145, 51.068411076903537 ], [ 17.676112004469907, 51.060574432569283 ], [ 17.685260263434419, 51.049109600320833 ], [ 17.690198786195452, 51.042798218210351 ], [ 17.694286663336754, 51.037642686272868 ], [ 17.703215752373072, 51.026173990540372 ], [ 17.710668687594112, 51.016408581046598 ], [ 17.711989906173784, 51.014702899675633 ], [ 17.720739423407341, 51.003230874830372 ], [ 17.729326639425111, 50.991756423847576 ], [ 17.731134515532766, 50.989304966602845 ], [ 17.737900534982892, 50.980281191745767 ], [ 17.746369130536849, 50.968804193969255 ], [ 17.751591672826279, 50.961623712497307 ], [ 17.754774119441109, 50.957325897505648 ], [ 17.763169233958294, 50.945846884845004 ], [ 17.771455258868706, 50.934366114035747 ], [ 17.772034372864763, 50.933556099865598 ], [ 17.779812355119329, 50.922885490799089 ], [ 17.788095486724977, 50.911403494368187 ], [ 17.792456777906143, 50.905309258298693 ], [ 17.796392630879808, 50.899921047231985 ], [ 17.804725656468982, 50.888438370188673 ], [ 17.812851285202047, 50.877174982501678 ], [ 17.813013711204871, 50.876954633224031 ], [ 17.821452829482734, 50.865471825415327 ], [ 17.829868371756124, 50.853988163175586 ], [ 17.83321136950882, 50.849423509242222 ], [ 17.838394013229344, 50.84250498215188 ], [ 17.847001148386713, 50.831021975612387 ], [ 17.853530907172097, 50.82232888341558 ], [ 17.855676270778478, 50.819538993046457 ], [ 17.864538367865528, 50.808057177443906 ], [ 17.873445314794832, 50.796575113926771 ], [ 17.87380550595547, 50.796113753922789 ], [ 17.882619516162308, 50.785094922920329 ], [ 17.89187459830837, 50.773614771143649 ], [ 17.89403207562636, 50.770962369779326 ], [ 17.901392949375591, 50.7621363576134 ], [ 17.911064158272922, 50.75065858725231 ], [ 17.91420998420497, 50.746966619573847 ], [ 17.92101490260379, 50.739182594430538 ], [ 17.931171193355688, 50.727707629708931 ], [ 17.934339759258378, 50.724173971237057 ], [ 17.941648048477891, 50.716234683772548 ], [ 17.952358397545961, 50.70476288816382 ], [ 17.954423089581582, 50.702582867250335 ], [ 17.963459494181581, 50.693293577222825 ], [ 17.97446238233066, 50.682158038477553 ], [ 17.974800239576741, 50.681825310902816 ], [ 17.986618071087811, 50.670360084238567 ], [ 17.994459724033085, 50.662875709314648 ], [ 17.998745975500164, 50.658896317942194 ], [ 18.011290735723279, 50.647434821571984 ], [ 18.014419024839828, 50.64462237070137 ], [ 18.02430881775161, 50.635975933815608 ], [ 18.034342709301097, 50.62734683891383 ], [ 18.037725281300915, 50.624518877650281 ], [ 18.051645068943579, 50.613064370135497 ], [ 18.054233718362553, 50.610967288290617 ], [ 18.066113045341233, 50.60161259106232 ], [ 18.074094406182972, 50.595424178058323 ], [ 18.081076068595124, 50.590162917518512 ], [ 18.093927730370638, 50.580620814424314 ], [ 18.096568312474723, 50.578715424219418 ], [ 18.112652587232247, 50.567270378990528 ], [ 18.113735548664287, 50.566509967245771 ], [ 18.12938503999392, 50.555827956798936 ], [ 18.133519698020876, 50.553040864481126 ], [ 18.146723155388724, 50.544387567241422 ], [ 18.153282375322664, 50.540137555122968 ], [ 18.164690217097064, 50.532949107200132 ], [ 18.173025188545445, 50.527750173385705 ], [ 18.183304527578201, 50.521512414263974 ], [ 18.192749616150749, 50.515831306824012 ], [ 18.202578045432425, 50.510077260217514 ], [ 18.212457011540312, 50.504336079027539 ], [ 18.222514961449701, 50.498643345910175 ], [ 18.232148608582925, 50.493222173340747 ], [ 18.243110266670907, 50.487210298113268 ], [ 18.251825527911958, 50.482449806267553 ], [ 18.264348378918459, 50.475777668973151 ], [ 18.271488783748307, 50.471981657469435 ], [ 18.286201905127861, 50.464344938612413 ], [ 18.291139291053035, 50.461782761516226 ], [ 18.308630623602014, 50.452911521301424 ], [ 18.310777872857361, 50.451820364743647 ], [ 18.33040528325947, 50.442062642770196 ], [ 18.331608824494595, 50.44147693655826 ], [ 18.350022270236781, 50.432474271969532 ], [ 18.355099331848425, 50.430040652484351 ], [ 18.369629442407572, 50.423025932346675 ], [ 18.378964535586263, 50.418601623898162 ], [ 18.389227342508104, 50.413689582860854 ], [ 18.403106508146202, 50.407159117151195 ], [ 18.408816455564057, 50.404438032051942 ], [ 18.427415510746041, 50.395712419010508 ], [ 18.428397216168367, 50.395244492131283 ], [ 18.447970319008082, 50.386055914522849 ], [ 18.451845793531866, 50.384261208180995 ], [ 18.467536020513837, 50.376850517422504 ], [ 18.476205817810158, 50.372804544785822 ], [ 18.487094583626515, 50.367602560751656 ], [ 18.500340416816794, 50.361341805190669 ], [ 18.50664631291302, 50.358278175773599 ], [ 18.524111868941407, 50.349872564852241 ], [ 18.526191499706368, 50.348839197745527 ], [ 18.54573066960873, 50.339216297044374 ], [ 18.547409080473617, 50.33839661264691 ], [ 18.565264197602193, 50.329344120976216 ], [ 18.570090067127651, 50.326913707216406 ], [ 18.584792115653997, 50.319184351531135 ], [ 18.591987513415205, 50.315423620566079 ], [ 18.604314748246885, 50.308655869715267 ], [ 18.612974345117038, 50.303926370826353 ], [ 18.623832480107577, 50.297653037994529 ], [ 18.632929191327761, 50.292422066358242 ], [ 18.643345793358169, 50.286034008485565 ], [ 18.651736428320884, 50.280910890658788 ], [ 18.662855324815627, 50.273602102185372 ], [ 18.669285683326478, 50.269393085232153 ], [ 18.682361959202183, 50.26007489424142 ], [ 18.685470828375145, 50.25786893124328 ], [ 18.700212866069801, 50.246338793411311 ], [ 18.701867855695724, 50.244891476543089 ], [ 18.713455814310958, 50.234803081551675 ], [ 18.721377637277978, 50.226910098212031 ], [ 18.725057246149078, 50.223261970021255 ], [ 18.735007150553155, 50.211715926460862 ], [ 18.740902678672697, 50.203395223237401 ], [ 18.743204414446371, 50.200165150617053 ], [ 18.749662009712086, 50.188610040367713 ], [ 18.754280806236725, 50.177050675213174 ], [ 18.757055281880302, 50.165487261994812 ], [ 18.757983206391284, 50.15391992732345 ], [ 18.757065736257676, 50.142348717000353 ], [ 18.75430741344875, 50.130773596032697 ], [ 18.749716067058277, 50.119194449245398 ], [ 18.743302620072786, 50.107611082451889 ], [ 18.741433901490932, 50.104990139981396 ], [ 18.735174925433999, 50.096023438822201 ], [ 18.725310784743908, 50.084431104861217 ], [ 18.722222169958521, 50.081358227413503 ], [ 18.713824349078092, 50.072833918349268 ], [ 18.702994985896911, 50.063278969418242 ], [ 18.700718912839527, 50.061231405121276 ], [ 18.686119609925367, 50.049623354065346 ], [ 18.683764188538788, 50.04794324853254 ], [ 18.670095444313262, 50.038009396397349 ], [ 18.664533553012905, 50.034338785689798 ], [ 18.65270688923718, 50.026389121592096 ], [ 18.645305702977367, 50.021828026553223 ], [ 18.634045996308203, 50.01476220526056 ], [ 18.626081412569395, 50.010142306057944 ], [ 18.61420488738073, 50.003128338422961 ], [ 18.606861247119994, 49.999090973996033 ], [ 18.593276065445078, 49.991487238396545 ], [ 18.58764563155561, 49.988535265967869 ], [ 18.571352356193795, 49.979838657955113 ], [ 18.568434893474965, 49.978371963830874 ], [ 18.549229100727867, 49.968543226055878 ], [ 18.548536411435823, 49.96818243094733 ], [ 18.530027741939978, 49.959060177384117 ], [ 18.524964190315391, 49.956518586078161 ], [ 18.510831881345599, 49.949776718856072 ], [ 18.500685804965844, 49.944846876345537 ], [ 18.491641688366851, 49.940653735945901 ], [ 18.475789320570662, 49.93316725464571 ], [ 18.472457304588197, 49.931660345647643 ], [ 18.453163630148961, 49.932956878522475 ], [ 18.4338862391606, 49.932774181001456 ], [ 18.433557158921776, 49.932968690497482 ], [ 18.414470136690852, 49.94404972297847 ], [ 18.395188493683289, 49.943863007522751 ], [ 18.37590702695859, 49.943673280477597 ], [ 18.356625739291172, 49.943480576210739 ], [ 18.355522513925674, 49.944131152864735 ], [ 18.337187145813591, 49.954761668862226 ], [ 18.319436223962711, 49.943925033338218 ], [ 18.337484249831807, 49.933104331208682 ], [ 18.338567191428556, 49.932465876466324 ], [ 18.337501923777339, 49.931815160724319 ], [ 18.319427145401786, 49.920785284240814 ], [ 18.318387300835589, 49.920149620184255 ], [ 18.317329705811151, 49.920772956773433 ], [ 18.298949479924623, 49.93141101665752 ] ] ] ] } }
]
}
