{
"type": "FeatureCollection",
"name": "zasieg_BRZ_cykl_4_epsg4326",
"crs": { "type": "name", "properties": { "name": "urn:ogc:def:crs:OGC:1.3:CRS84" } },
"features": [
{ "type": "Feature", "properties": { "gatunek": "BRZ", "cykl": 4, "pokrycie": 0.95, "prog_kde": 1.6766156236645018e-12 }, "geometry": { "type": "MultiPolygon", "coordinates": [ [ [ [ 22.388276754424471, 49.13253374304346 ], [ 22.388945835502312, 49.144088297078362 ], [ 22.37111000831079, 49.155908068065621 ], [ 22.352166852098904, 49.156464329462978 ], [ 22.332783248391667, 49.145724868284503 ], [ 22.332452340853401, 49.145540168681507 ], [ 22.313512455393209, 49.14609101430554 ], [ 22.294572042934277, 49.146639469899448 ], [ 22.275631108681832, 49.147185577514541 ], [ 22.275353808382214, 49.147369997185983 ], [ 22.257443060171056, 49.159208697293508 ], [ 22.238496736531079, 49.159750479054132 ], [ 22.238128654786419, 49.15999497418823 ], [ 22.238759955897102, 49.17155117330605 ], [ 22.239388938392803, 49.183107420308986 ], [ 22.221786123484499, 49.194719066872693 ], [ 22.202708760082349, 49.184131507315215 ], [ 22.202084271730953, 49.183782014289221 ], [ 22.183127688528998, 49.184317388877375 ], [ 22.182567348725154, 49.184688869886429 ], [ 22.16490325694938, 49.196325714516028 ], [ 22.145941295356113, 49.19685673458892 ], [ 22.145294925224686, 49.197284725523176 ], [ 22.127703096134425, 49.208859344374311 ], [ 22.108735761912151, 49.209386009683463 ], [ 22.089767938408599, 49.209910501373088 ], [ 22.089061420761787, 49.210377506879254 ], [ 22.071511087313148, 49.221905168367506 ], [ 22.052537902725042, 49.222425330216254 ], [ 22.051752660496849, 49.222943736334976 ], [ 22.052327464262795, 49.234502065831137 ], [ 22.052900601917379, 49.246060421670997 ], [ 22.053472173875964, 49.257618801223892 ], [ 22.036378611771219, 49.268819201150592 ], [ 22.035076943781615, 49.269677405062467 ], [ 22.035640884819003, 49.281236012980315 ], [ 22.018787517708848, 49.292265793740782 ], [ 22.017229496770689, 49.293292068366611 ], [ 22.000482969010477, 49.304242973221839 ], [ 21.998808196423191, 49.305345361526001 ], [ 21.982169505190491, 49.316216893101391 ], [ 21.980377067110691, 49.317395885935078 ], [ 21.980922292118912, 49.32895509183475 ], [ 21.981466802947704, 49.340514298340437 ], [ 21.965225241591224, 49.351110146460371 ], [ 21.94620066128045, 49.351616045171689 ], [ 21.927175603455421, 49.352119655497646 ], [ 21.908150072051477, 49.35262100470289 ], [ 21.906032363868011, 49.354010233124313 ], [ 21.889796028832595, 49.36458006842949 ], [ 21.887558805801607, 49.366046643186486 ], [ 21.871433060313635, 49.376536165141616 ], [ 21.852397263005781, 49.377030486316805 ], [ 21.850075507109356, 49.378550598170897 ], [ 21.850583765691621, 49.390111042632313 ], [ 21.83468034072046, 49.400439731406514 ], [ 21.817555557088617, 49.390921287796075 ], [ 21.814979311790136, 49.389470979146175 ], [ 21.797651142679253, 49.379832108970035 ], [ 21.795287113500233, 49.378500244443785 ], [ 21.7777530123027, 49.368739386281973 ], [ 21.775603742628665, 49.367527583550682 ], [ 21.773596643134063, 49.368839257633951 ], [ 21.774084430340768, 49.380400429376287 ], [ 21.757853117367279, 49.390926973366433 ], [ 21.755572021701106, 49.39241632390668 ], [ 21.739447813645256, 49.402865275349754 ], [ 21.737050480989559, 49.4044293885011 ], [ 21.721033575828667, 49.414800802515302 ], [ 21.7185199334799, 49.416439616232481 ], [ 21.702610402269936, 49.426733630834036 ], [ 21.68551419291083, 49.417211413013298 ], [ 21.682927647898953, 49.415750969831372 ], [ 21.663874025102469, 49.416222825034382 ], [ 21.661501927583405, 49.417766973862037 ], [ 21.661959234616791, 49.42932908408892 ], [ 21.646052801123254, 49.439604281443415 ], [ 21.643402943577119, 49.441327633038547 ], [ 21.627601967521333, 49.451527074956381 ], [ 21.610642346212511, 49.442072302067025 ], [ 21.607925572087595, 49.44053606456756 ], [ 21.588861310672428, 49.440998702826505 ], [ 21.569796620475842, 49.441459163774134 ], [ 21.550731503176568, 49.441917437297917 ], [ 21.531665960309319, 49.442373510183728 ], [ 21.514243096519181, 49.432637148796935 ], [ 21.513477451967749, 49.421081372109427 ], [ 21.511429497968994, 49.419919798670975 ], [ 21.509504582566365, 49.421167711095798 ], [ 21.492952617018034, 49.43182539101354 ], [ 21.475225220369083, 49.421906993153641 ], [ 21.473314104774321, 49.420821943401023 ], [ 21.454255775149608, 49.421269577953659 ], [ 21.435197024494443, 49.42171487767726 ], [ 21.416137853409136, 49.42215780622378 ], [ 21.414540397436294, 49.423190774759867 ], [ 21.397636618708006, 49.434050341439907 ], [ 21.378572160647582, 49.43448817235334 ], [ 21.37693973638919, 49.435542445944897 ], [ 21.360057110962298, 49.446375366557596 ], [ 21.358320606857415, 49.447496044373231 ], [ 21.341533110979423, 49.458259982216994 ], [ 21.322458501197502, 49.458689889479288 ], [ 21.303383475746443, 49.459117207001214 ], [ 21.284308034844234, 49.459541881725926 ], [ 21.266154028411997, 49.449339651915132 ], [ 21.264704230287876, 49.448512390755447 ], [ 21.246290701310286, 49.438155282990493 ], [ 21.245109252907927, 49.437480626730576 ], [ 21.226041453213707, 49.437897108592182 ], [ 21.207289400046324, 49.427334579362459 ], [ 21.206586401045769, 49.415775954694006 ], [ 21.205883409159316, 49.40421730748406 ], [ 21.205432473610859, 49.403959342425331 ], [ 21.186377140324755, 49.404369822887759 ], [ 21.186027562173283, 49.404594581925402 ], [ 21.16782577429154, 49.416227382696178 ], [ 21.167373545857085, 49.416517928828121 ], [ 21.149265460215929, 49.428082081546265 ], [ 21.14871051064458, 49.42843836438427 ], [ 21.130696195501081, 49.439933991452484 ], [ 21.111557009349148, 49.429123033607866 ], [ 21.11113413586034, 49.428880639766973 ], [ 21.092067846775741, 49.429274834169135 ], [ 21.073001140207548, 49.429665535231187 ], [ 21.053934016618896, 49.430052664626558 ], [ 21.034600804310983, 49.424014737896172 ], [ 21.015727706974271, 49.42908834083795 ], [ 21.008715917826212, 49.430955858291604 ], [ 20.996848062052457, 49.434095461991127 ], [ 20.977962597661531, 49.43905237381658 ], [ 20.96152213584547, 49.443338026347774 ], [ 20.959071920795406, 49.443972923891046 ], [ 20.940173715340968, 49.448797445923809 ], [ 20.921270402752885, 49.453585126924274 ], [ 20.91268424836084, 49.455727996536034 ], [ 20.902360302993522, 49.458291543006382 ], [ 20.883443569715521, 49.462918336184757 ], [ 20.864521237260913, 49.467490408929848 ], [ 20.861813666798923, 49.468129940616215 ], [ 20.845591024367351, 49.471945447645787 ], [ 20.826654569548953, 49.476323950222699 ], [ 20.808027782732296, 49.48055497528464 ], [ 20.807711977988923, 49.480626442355025 ], [ 20.788760990812108, 49.484788597320509 ], [ 20.769803613594732, 49.488861621523 ], [ 20.750839643501717, 49.492837009180143 ], [ 20.749932716124714, 49.493020125865996 ], [ 20.73186713905276, 49.496656625435413 ], [ 20.712887679877756, 49.500360632504346 ], [ 20.693901162209102, 49.503942216716325 ], [ 20.684964878267341, 49.50555626259063 ], [ 20.674906590597924, 49.507368141561152 ], [ 20.655903995086373, 49.510634025597248 ], [ 20.636893929177162, 49.513750959260975 ], [ 20.617876231184109, 49.51670886703296 ], [ 20.607445951337567, 49.518230832955162 ], [ 20.598850245695672, 49.519482050736634 ], [ 20.579815843661287, 49.522059908530458 ], [ 20.56077351755415, 49.524450835328309 ], [ 20.541723156837985, 49.526644456778875 ], [ 20.522664667438519, 49.528630402473311 ], [ 20.50359797325039, 49.530398354231131 ], [ 20.491749992398056, 49.531351848128196 ], [ 20.484522828159765, 49.531931842780679 ], [ 20.46543918264851, 49.533220107087722 ], [ 20.44634733430907, 49.534263567882988 ], [ 20.427247289017771, 49.535052640050559 ], [ 20.408139076406826, 49.535578033439691 ], [ 20.389022750724692, 49.535830802744172 ], [ 20.369898391527368, 49.535802395652098 ], [ 20.350766104188942, 49.535484698686417 ], [ 20.331626020222672, 49.534870080204627 ], [ 20.312478297407338, 49.533951430083903 ], [ 20.306786962170612, 49.533588988402883 ], [ 20.293322811407446, 49.532710512635418 ], [ 20.274159877717729, 49.531144897048769 ], [ 20.254989869042184, 49.529254224826929 ], [ 20.235813050159564, 49.527033822226876 ], [ 20.216629709719296, 49.524479670049196 ], [ 20.207421774237293, 49.523097739300709 ], [ 20.197439733593118, 49.521570987940137 ], [ 20.17824343548892, 49.518303427785384 ], [ 20.159041573263629, 49.514691134970654 ], [ 20.146659938050416, 49.512145032934576 ], [ 20.13983416505031, 49.510717377185443 ], [ 20.120621269134151, 49.506366016518349 ], [ 20.101403960600848, 49.501665069371164 ], [ 20.099001612386466, 49.50103670950211 ], [ 20.082181647121963, 49.496568946605414 ], [ 20.062955617779949, 49.491115601995112 ], [ 20.058718558885289, 49.489841512555003 ], [ 20.043725493673723, 49.485267360193355 ], [ 20.024492418331956, 49.479056658349556 ], [ 20.023121436443382, 49.478590953654795 ], [ 20.005255903672676, 49.472438730839592 ], [ 19.991054731736806, 49.46729925723664 ], [ 19.986017198654995, 49.465451830626158 ], [ 19.966776201897179, 49.458068666388812 ], [ 19.961555205426322, 49.455977365409375 ], [ 19.94753338159067, 49.450289260048841 ], [ 19.934145781378714, 49.444631092072349 ], [ 19.928289422818651, 49.442125138851594 ], [ 19.909044614230005, 49.43356738864162 ], [ 19.908389329173882, 49.433265353787213 ], [ 19.889799008951485, 49.424593310329087 ], [ 19.88418486303808, 49.421882023860668 ], [ 19.870553410190197, 49.415220597932716 ], [ 19.861175377080546, 49.410484733304884 ], [ 19.851308182617931, 49.405443236202238 ], [ 19.839227259190654, 49.399075162933656 ], [ 19.832063696759352, 49.395255022618898 ], [ 19.818228162258777, 49.387654710155907 ], [ 19.812820327154377, 49.384649436831786 ], [ 19.79380595593252, 49.38774495823759 ], [ 19.793675413135972, 49.387825873119105 ], [ 19.793754645620897, 49.399396288702391 ], [ 19.793834169584837, 49.41096667946568 ], [ 19.775284876068586, 49.422327543097069 ], [ 19.756587005431971, 49.411216400659633 ], [ 19.756030278070448, 49.410885405802908 ], [ 19.737342684805174, 49.399769808371161 ], [ 19.736784590638614, 49.399437751880917 ], [ 19.718110936870222, 49.388319927220223 ], [ 19.71754781196875, 49.387984626242073 ], [ 19.716994554974448, 49.388326856049517 ], [ 19.698646278041902, 49.399544089680894 ], [ 19.697884901673074, 49.400014708509161 ], [ 19.679735882197722, 49.411101663955407 ], [ 19.660662085069792, 49.41114657194187 ], [ 19.64158821837783, 49.411187957596852 ], [ 19.640404666787123, 49.411918244376864 ], [ 19.640458934897879, 49.423488796726126 ], [ 19.641758700338265, 49.424263722227607 ], [ 19.659701852851139, 49.434951454637257 ], [ 19.642038753612407, 49.445722800783265 ], [ 19.640567740986892, 49.446629831013624 ], [ 19.62309736881511, 49.457275548304963 ], [ 19.604005549400789, 49.457313270615636 ], [ 19.58491367119661, 49.457347649046682 ], [ 19.583033459772981, 49.458504952116876 ], [ 19.583078089172819, 49.470075468458248 ], [ 19.566087041354862, 49.480407985749892 ], [ 19.563918966597491, 49.481741174446164 ], [ 19.563960247326833, 49.493311662288129 ], [ 19.564001535269792, 49.504882127064938 ], [ 19.547371286773007, 49.514982958704493 ], [ 19.544828552152815, 49.516544645197449 ], [ 19.5448663965904, 49.528115080948837 ], [ 19.544904240844662, 49.539685493660386 ], [ 19.544942089930572, 49.551255883310091 ], [ 19.528753648828552, 49.561074008974352 ], [ 19.525751494556182, 49.562915201218537 ], [ 19.525785818478692, 49.574485561200909 ], [ 19.509861124433478, 49.584134114353091 ], [ 19.490719700264805, 49.584160020014949 ], [ 19.487348806940339, 49.586224276934828 ], [ 19.47168927949923, 49.595700181925245 ], [ 19.46813677896175, 49.59787402857355 ], [ 19.468160288166253, 49.609444363709869 ], [ 19.452756564320516, 49.618756250131632 ], [ 19.43736453019142, 49.609564811470008 ], [ 19.437175601481023, 49.597995102997203 ], [ 19.433397236785687, 49.595738161167745 ], [ 19.414251167941099, 49.595752798326053 ], [ 19.398887652201932, 49.586562939555598 ], [ 19.39870992686496, 49.574993092777405 ], [ 19.39491906464475, 49.572725277224862 ], [ 19.375781950435954, 49.572733187882186 ], [ 19.36045187740649, 49.563548091209881 ], [ 19.360285423158835, 49.551978112446051 ], [ 19.360119232566234, 49.540408109524641 ], [ 19.356393221927579, 49.538175197565891 ], [ 19.337269561308737, 49.538176058681678 ], [ 19.318145889160764, 49.538174341154964 ], [ 19.299022208462432, 49.53817009311129 ], [ 19.279898522108596, 49.538163361137556 ], [ 19.264815177542868, 49.529094930911633 ], [ 19.260713531544134, 49.526630064397111 ], [ 19.24565056008348, 49.517566657528768 ], [ 19.24153756237008, 49.515093117321015 ], [ 19.226495608116281, 49.506035172904426 ], [ 19.226368404677238, 49.494464831115771 ], [ 19.226241600093648, 49.482894465210492 ], [ 19.222266208703687, 49.4805007387207 ], [ 19.20710779089492, 49.471359669161622 ], [ 19.222182851423714, 49.462074114964707 ], [ 19.225989240678139, 49.459753660944067 ], [ 19.222161937511167, 49.45744799502976 ], [ 19.203069653020187, 49.457427997971863 ], [ 19.187868805711123, 49.448251180944936 ], [ 19.187754514088798, 49.436680664090211 ], [ 19.187640706196138, 49.42511012311347 ], [ 19.187527393048676, 49.413539557996451 ], [ 19.183804985324112, 49.411292656338411 ], [ 19.164730607584527, 49.411266031809824 ], [ 19.145656247070022, 49.411237316773395 ], [ 19.126581905975012, 49.411206544757476 ], [ 19.107507586438601, 49.411173747764572 ], [ 19.103444492376696, 49.413645346774821 ], [ 19.08845401191487, 49.422670435024905 ], [ 19.073597178232134, 49.413668195439847 ], [ 19.0693590203397, 49.4111021995679 ], [ 19.050284777805789, 49.411063505263229 ], [ 19.035534880902855, 49.402115393506826 ], [ 19.031203255281731, 49.39948952616276 ], [ 19.012133541010229, 49.399446536109991 ], [ 18.993063860495472, 49.399401694344739 ], [ 18.973994215555667, 49.399355023699137 ], [ 18.969438991790916, 49.402116815104137 ], [ 18.969372582815431, 49.413687560237584 ], [ 18.973985164605207, 49.416487514308677 ], [ 18.9884561444835, 49.425261779256012 ], [ 18.988392238789555, 49.436832488791389 ], [ 18.988327751791381, 49.448403174960823 ], [ 18.97396371425646, 49.457025507413718 ], [ 18.969100861482282, 49.459970306049634 ], [ 18.969031483738039, 49.471540933844544 ], [ 18.968961559629104, 49.483111538186044 ], [ 18.968891106909798, 49.494682119079535 ], [ 18.968820144128745, 49.506252676530593 ], [ 18.954818706795429, 49.514643358897388 ], [ 18.949569958899485, 49.517816440848918 ], [ 18.935689208436298, 49.526129721317403 ], [ 18.916570373621123, 49.526082346662001 ], [ 18.90289090478926, 49.517786679274408 ], [ 18.897475692797482, 49.514500067663811 ], [ 18.878361435149529, 49.514448670783693 ], [ 18.872876826834709, 49.517757595544005 ], [ 18.859214112117868, 49.525929325781448 ], [ 18.85361407032449, 49.529305363762923 ], [ 18.853518439889083, 49.540875755337005 ], [ 18.853422321313175, 49.552446122985856 ], [ 18.839982488172879, 49.560475589108478 ], [ 18.83414479952441, 49.563990568277724 ], [ 18.834043845205677, 49.575560868170371 ], [ 18.833942467720593, 49.587131144152195 ], [ 18.83384069308169, 49.598701396261212 ], [ 18.833738547834802, 49.610271624536281 ], [ 18.820639055738212, 49.618085086909275 ], [ 18.814437686131992, 49.621812649044855 ], [ 18.814330902040737, 49.633382808302905 ], [ 18.814223822390428, 49.644952943789171 ], [ 18.814116475677185, 49.65652305555038 ], [ 18.814008890705836, 49.668093143633826 ], [ 18.801249789007972, 49.675691547468922 ], [ 18.794685073867786, 49.679630735095074 ], [ 18.782020987899976, 49.687168361777424 ], [ 18.762839246546307, 49.68711143004046 ], [ 18.750342909911467, 49.679543633727299 ], [ 18.743718179464921, 49.675519866622523 ], [ 18.737051312740299, 49.679514217645895 ], [ 18.724475914311878, 49.686992381036717 ], [ 18.717716827104013, 49.691038931970191 ], [ 18.71758850893541, 49.702608823627656 ], [ 18.705154791270694, 49.709997001536536 ], [ 18.685964172373186, 49.709933818304464 ], [ 18.666773608857913, 49.709868980186826 ], [ 18.647583102160215, 49.709802510773251 ], [ 18.640611470216463, 49.713965750318927 ], [ 18.640466565067189, 49.725535473393279 ], [ 18.62821654948814, 49.732803035128562 ], [ 18.621107780619262, 49.737043925932035 ], [ 18.620958565362265, 49.748613568565325 ], [ 18.620809288317066, 49.760183187742193 ], [ 18.620659980812608, 49.771752783566889 ], [ 18.608645940030893, 49.778871887787226 ], [ 18.601283123559487, 49.78325779381246 ], [ 18.601129707268601, 49.794827308709067 ], [ 18.589233224816407, 49.80187178841625 ], [ 18.581743218928462, 49.806328986142866 ], [ 18.581585782096049, 49.817898419320123 ], [ 18.56980203610793, 49.824871335202808 ], [ 18.562189739346348, 49.829396759928571 ], [ 18.569721248985207, 49.833978885966737 ], [ 18.5812712670532, 49.841037217276401 ], [ 18.581114248628474, 49.852606582276181 ], [ 18.588763912238988, 49.857256001174434 ], [ 18.600211436254035, 49.864243917761804 ], [ 18.588646515442321, 49.871083264761957 ], [ 18.580800836401853, 49.875745244861001 ], [ 18.580644499825034, 49.887314542658309 ], [ 18.580488446939331, 49.898883818264345 ], [ 18.580332705091845, 49.910453071780971 ], [ 18.568981497557726, 49.917158947631101 ], [ 18.560904921953494, 49.921950938785116 ], [ 18.549601502704039, 49.928625639214147 ], [ 18.53841117057928, 49.92186359524969 ], [ 18.538467737608929, 49.910294015064281 ], [ 18.530548528280576, 49.905479540787248 ], [ 18.511280736156294, 49.905405815484293 ], [ 18.492013009439916, 49.905330563863153 ], [ 18.484019737629719, 49.910064540919201 ], [ 18.472619549567586, 49.916791340451262 ], [ 18.464584783178942, 49.921546267807862 ], [ 18.45321687258572, 49.928251183577984 ], [ 18.433940148124361, 49.92817181535807 ], [ 18.425887939783784, 49.932930981968319 ], [ 18.414523710449625, 49.939629444403089 ], [ 18.395242521325251, 49.939547388195642 ], [ 18.375961403610109, 49.939463970479181 ], [ 18.356680358099599, 49.939379225979287 ], [ 18.348686578221336, 49.944092969050494 ], [ 18.337241077805253, 49.950832266775912 ], [ 18.325904048269475, 49.943962802471951 ], [ 18.337428569670035, 49.937165134851128 ], [ 18.345333922253406, 49.932504268904403 ], [ 18.337557587240493, 49.927754353255814 ], [ 18.326126479927662, 49.920824404725217 ], [ 18.31844399043694, 49.916128278478418 ], [ 18.310630390700634, 49.920733328188795 ], [ 18.299005072501334, 49.927578399743389 ], [ 18.291181243158643, 49.93218595886097 ], [ 18.290961752990917, 49.943754465933416 ], [ 18.290742550809707, 49.955322951694448 ], [ 18.279212535722479, 49.962106515931488 ], [ 18.271280109476951, 49.966772129390641 ], [ 18.259745668438903, 49.973555608103894 ], [ 18.240451238336266, 49.973463792644282 ], [ 18.221156884402838, 49.973370891341105 ], [ 18.213334599027764, 49.977963472131691 ], [ 18.213098496247273, 49.989531664522062 ], [ 18.201480594670844, 49.996357473706119 ], [ 18.182177159315692, 49.996262508491071 ], [ 18.170593992077553, 49.98923559531692 ], [ 18.163074108499959, 49.984626203873098 ], [ 18.155396162234069, 49.989125953427198 ], [ 18.143570519696425, 49.996069686764123 ], [ 18.124267315364083, 49.995971919855329 ], [ 18.116689094867716, 50.000407535999706 ], [ 18.104749882430934, 50.007413784795602 ], [ 18.097203521852883, 50.011827365979265 ], [ 18.096940995081148, 50.023395110041264 ], [ 18.09667882422837, 50.034962833959042 ], [ 18.084784547629727, 50.041937151090082 ], [ 18.077179884538804, 50.04637917356149 ], [ 18.06523892435343, 50.053378044609623 ], [ 18.057676162351846, 50.057792197765707 ], [ 18.045683959474719, 50.064818250821588 ], [ 18.026353374299902, 50.064715956325671 ], [ 18.01435564066232, 50.057432404210722 ], [ 18.007261071781699, 50.053071637689698 ], [ 17.995120203035238, 50.045697681221746 ], [ 17.995316361671339, 50.034129576720318 ], [ 18.007800943492054, 50.026886410761698 ], [ 18.019774549433265, 50.034338742884444 ], [ 18.02687953489442, 50.038706129513166 ], [ 18.034158645499222, 50.034459347717224 ], [ 18.034345124539747, 50.022891098487719 ], [ 18.034530993911861, 50.011322821575462 ], [ 18.027519654370419, 50.007011463836029 ], [ 18.008212286441392, 50.006909213060773 ], [ 18.001131060854895, 50.011040105495766 ], [ 17.988662807913673, 50.018346440736558 ], [ 17.976288342712269, 50.010823586052773 ], [ 17.969597773406683, 50.006703036519482 ], [ 17.950290626858987, 50.006599203765795 ], [ 17.93764600881314, 49.998906312829497 ], [ 17.931239428679248, 49.994955637439546 ], [ 17.918430403828324, 49.987158830979403 ], [ 17.912197361966797, 49.983312279469018 ], [ 17.892899659164776, 49.983207705834779 ], [ 17.879790736898627, 49.975222171634123 ], [ 17.873871391601686, 49.971564559048389 ], [ 17.867784040320938, 49.975105605067085 ], [ 17.85430445792548, 49.982997778696486 ], [ 17.848306951214866, 49.986483882446485 ], [ 17.834728188190002, 49.994430448425966 ], [ 17.828825417704351, 49.997858849541174 ], [ 17.828495797169062, 50.009425505457116 ], [ 17.814858817007011, 50.017400547627716 ], [ 17.795547607071065, 50.017294054781857 ], [ 17.78984889768363, 50.020598845705543 ], [ 17.789509626662859, 50.032165275395599 ], [ 17.775649899756289, 50.040262683945365 ], [ 17.770009707322764, 50.043530185250596 ], [ 17.769665787486424, 50.05509647911839 ], [ 17.769322106554032, 50.066662752910581 ], [ 17.75543438256112, 50.074768726680865 ], [ 17.749807887806853, 50.078024110378088 ], [ 17.73579682063901, 50.086197857234055 ], [ 17.730288959085609, 50.089382143209193 ], [ 17.729935921757129, 50.100948163815026 ], [ 17.715841374525947, 50.109164405336735 ], [ 17.710407384127137, 50.112302750784053 ], [ 17.696180152377764, 50.120591853535835 ], [ 17.682055680349592, 50.111984365834388 ], [ 17.677145663085859, 50.108942901447364 ], [ 17.657797913487094, 50.108831721527125 ], [ 17.652910816745816, 50.11164985371061 ], [ 17.652537573005816, 50.123215425665805 ], [ 17.637795526172972, 50.131793774139496 ], [ 17.632998833227969, 50.134556922478048 ], [ 17.618106315002727, 50.143217664185698 ], [ 17.613454850116277, 50.145895079661024 ], [ 17.598407667226681, 50.154640416762852 ], [ 17.593905490986923, 50.157229893753325 ], [ 17.598253091589878, 50.159926354282256 ], [ 17.612689999715347, 50.169025668085276 ], [ 17.617280002017818, 50.171870334972233 ], [ 17.636646555379269, 50.172213798134408 ], [ 17.656013527402578, 50.172551244963081 ], [ 17.669869863588865, 50.181264394838379 ], [ 17.675060266973503, 50.18447538593125 ], [ 17.694432752218319, 50.184800421022651 ], [ 17.707914355129585, 50.193263566461006 ], [ 17.713494188792023, 50.196711075493916 ], [ 17.732872162144691, 50.197023700689599 ], [ 17.746000253273287, 50.20525063360278 ], [ 17.751948279890161, 50.208920944286213 ], [ 17.764889775742148, 50.217022634209343 ], [ 17.764552527539543, 50.22858866035579 ], [ 17.764215932693141, 50.240154670925556 ], [ 17.750930821159006, 50.247883922613902 ], [ 17.744631886275194, 50.251514323054252 ], [ 17.731220310407917, 50.259313079237877 ], [ 17.725042977829453, 50.262870630188068 ], [ 17.724698070708559, 50.274436402262488 ], [ 17.730719655755106, 50.278148928918156 ], [ 17.743612824044256, 50.286211931887493 ], [ 17.749827436450413, 50.290040574830442 ], [ 17.762543511604154, 50.297984498409733 ], [ 17.749419199137229, 50.305612511191462 ], [ 17.729991839870841, 50.305495382697273 ], [ 17.723667840773487, 50.309133633066168 ], [ 17.723325992499472, 50.320699348931576 ], [ 17.709939639368759, 50.328471418068425 ], [ 17.690503056401724, 50.328352284826607 ], [ 17.67705527438039, 50.320182020314085 ], [ 17.677342376021873, 50.308615777781576 ], [ 17.677628262278613, 50.297049499294232 ], [ 17.672031780912185, 50.293595512981724 ], [ 17.658320694405116, 50.285258674783847 ], [ 17.652935423237682, 50.281932521714182 ], [ 17.639015904719788, 50.273464617903279 ], [ 17.633848289427345, 50.270270479347467 ], [ 17.614435495956087, 50.270151315543643 ], [ 17.60927626802679, 50.273112544166409 ], [ 17.594683001659117, 50.281573459808982 ], [ 17.575265704677552, 50.281452419066596 ], [ 17.560605313225256, 50.272519924115073 ], [ 17.556197644749432, 50.269789755828043 ], [ 17.536785211907343, 50.26966767034844 ], [ 17.532420957546378, 50.272167425589778 ], [ 17.517014377614345, 50.281084355409519 ], [ 17.497597467603928, 50.280959732737536 ], [ 17.482134664736062, 50.271521513728544 ], [ 17.478548512359161, 50.269295505640869 ], [ 17.459136493606572, 50.269169105818861 ], [ 17.443210085961226, 50.259436771650925 ], [ 17.440101519545038, 50.257504732841994 ], [ 17.436869523718471, 50.259351651828752 ], [ 17.436443582502655, 50.270915746910973 ], [ 17.419930945796349, 50.280448471103163 ], [ 17.400514625562355, 50.280316720077145 ], [ 17.397639724362552, 50.281957018825317 ], [ 17.380706962548668, 50.291718807113426 ], [ 17.363997157150038, 50.281488293587998 ], [ 17.364343395560233, 50.269923287038985 ], [ 17.362078284243434, 50.268512813925582 ], [ 17.35971862235353, 50.269858099216158 ], [ 17.359271002260165, 50.281421665701053 ], [ 17.358824210185503, 50.292985221855766 ], [ 17.358378268703927, 50.304548768011095 ], [ 17.341063208164861, 50.314514120668704 ], [ 17.338734783040259, 50.315839515318089 ], [ 17.340968666221201, 50.317230067464557 ], [ 17.357489021710172, 50.327675831561692 ], [ 17.340259561049052, 50.337587528434725 ], [ 17.32328385086732, 50.327187509682574 ], [ 17.321227120705792, 50.325906889228627 ], [ 17.301792897688337, 50.325760421677877 ], [ 17.28235887150846, 50.325610811913606 ], [ 17.280679191379885, 50.326565188933841 ], [ 17.262504358745492, 50.33699199171032 ], [ 17.243066087917789, 50.336834514219888 ], [ 17.241798963607053, 50.337553545361985 ], [ 17.223197693342204, 50.348206495233782 ], [ 17.222108636516097, 50.348823998003162 ], [ 17.221627758111708, 50.360386537448754 ], [ 17.202884205453461, 50.37110770640674 ], [ 17.201920883161783, 50.371653344197895 ], [ 17.201436402312929, 50.383215727897998 ], [ 17.182550975794456, 50.394004459173964 ], [ 17.163090337031022, 50.393825249609328 ], [ 17.144421159556853, 50.382319912896556 ], [ 17.144080403339057, 50.382106966227092 ], [ 17.143723456208324, 50.382308777396261 ], [ 17.124170031251083, 50.393450354789849 ], [ 17.123972821226751, 50.393561766080964 ], [ 17.123467794314863, 50.405123549209449 ], [ 17.103789857286319, 50.416320938731296 ], [ 17.094688620231409, 50.416225579135826 ], [ 17.089469357440805, 50.427709896361542 ], [ 17.084369153737832, 50.439195932790014 ], [ 17.083288779751879, 50.44168912433917 ], [ 17.079203867682438, 50.450680663549655 ], [ 17.074112554837594, 50.46216638222446 ], [ 17.069146366462888, 50.473653947190286 ], [ 17.06430522596461, 50.485143372807549 ], [ 17.061773131627756, 50.491316158862965 ], [ 17.059477944459346, 50.496632820243953 ], [ 17.054652560338049, 50.508122091315272 ], [ 17.049956633556068, 50.51961332360456 ], [ 17.045389284045466, 50.531106517582835 ], [ 17.040949423716377, 50.542601669651624 ], [ 17.04004155504898, 50.545025010861195 ], [ 17.036450001265532, 50.554095639214964 ], [ 17.032032372302623, 50.565590809125048 ], [ 17.027744212540266, 50.577087996018186 ], [ 17.023583627380589, 50.588587181599635 ], [ 17.019548538990332, 50.600088343767581 ], [ 17.01801160353002, 50.604615201742888 ], [ 17.015497202072321, 50.611589079903517 ], [ 17.011483558309656, 50.623090309400403 ], [ 17.0075949412408, 50.634593529937497 ], [ 17.00382854852894, 50.646098705570751 ], [ 17.000181446701323, 50.657605797361079 ], [ 16.996650588209874, 50.66911476367823 ], [ 16.995557332854272, 50.672806128093306 ], [ 16.993085628703653, 50.680623025236258 ], [ 16.989568398520245, 50.692131990933227 ], [ 16.9861644229298, 50.703642797282214 ], [ 16.982870208523277, 50.71515539332561 ], [ 16.979682243949476, 50.72666972709748 ], [ 16.976597025920356, 50.738185746105437 ], [ 16.973611086590441, 50.749703397839426 ], [ 16.972459927857788, 50.754305800871386 ], [ 16.970602136444686, 50.761220560919021 ], [ 16.967613679529926, 50.772737992043986 ], [ 16.964720664454671, 50.784257000969987 ], [ 16.961919864287175, 50.795777538036354 ], [ 16.95920825645927, 50.807299556639101 ], [ 16.956583062686288, 50.818823013977401 ], [ 16.954041790871443, 50.830347871836324 ], [ 16.951582279100698, 50.841874097408123 ], [ 16.949202741869964, 50.853401664153878 ], [ 16.948308514745428, 50.857901683159078 ], [ 16.946798238423799, 50.864928729943898 ], [ 16.944411855039309, 50.876456052439536 ], [ 16.942108659348666, 50.887984780210708 ], [ 16.939888944042469, 50.899514923012852 ], [ 16.937753710756127, 50.911046502966819 ], [ 16.935704741906424, 50.922579555884141 ], [ 16.93374467714122, 50.934114132672789 ], [ 16.931877094885955, 50.945650300830586 ], [ 16.930106599490063, 50.957188146033936 ], [ 16.928438914591435, 50.968727773830693 ], [ 16.926880983352724, 50.980269311446733 ], [ 16.925441076327463, 50.991812909715925 ], [ 16.924128907800654, 51.003358745145015 ], [ 16.922955761554679, 51.01490702212471 ], [ 16.921934627130415, 51.026457975299742 ], [ 16.921080347780052, 51.038011872111028 ], [ 16.920409781473932, 51.049569015523772 ], [ 16.919941976474352, 51.061129746956162 ], [ 16.919698363197984, 51.072694449423224 ], [ 16.9197029642974, 51.084263550911238 ], [ 16.919982625159975, 51.095837527997695 ], [ 16.92056726729194, 51.107416909731334 ], [ 16.92149016739527, 51.119002281786358 ], [ 16.922788265335072, 51.130594290903069 ], [ 16.924502504624943, 51.142193649624957 ], [ 16.926678209568276, 51.153801141338988 ], [ 16.929365503804743, 51.16541762562138 ], [ 16.932619775693894, 51.177044043884166 ], [ 16.93398406703513, 51.181204212750593 ], [ 16.936203564885879, 51.188676156139032 ], [ 16.940238150740598, 51.200316066225632 ], [ 16.94494706099136, 51.211967652367065 ], [ 16.950399444621098, 51.223632041306544 ], [ 16.951783873518959, 51.226264206207134 ], [ 16.956151668964779, 51.235301376669852 ], [ 16.962554484831809, 51.246981720663456 ], [ 16.969830940164357, 51.258676833055297 ], [ 16.970153837544984, 51.259148111423784 ], [ 16.977294528212759, 51.270374683762846 ], [ 16.985658975332917, 51.282087521428451 ], [ 16.988808770573751, 51.286095749250421 ], [ 16.994482285576193, 51.29380757674889 ], [ 17.004019616602111, 51.305539094438252 ], [ 17.007633875756792, 51.309609059917065 ], [ 17.014055525194465, 51.317278242367721 ], [ 17.024851304286138, 51.329029297915049 ], [ 17.026578844200916, 51.33077106973068 ], [ 17.036001815738143, 51.340785253221789 ], [ 17.045616487470451, 51.350158459373063 ], [ 17.047960303761268, 51.352553560884687 ], [ 17.060340904853884, 51.364327580211771 ], [ 17.064726413298651, 51.368206849824546 ], [ 17.073289466435064, 51.376109574575253 ], [ 17.083894716229942, 51.385212239337207 ], [ 17.086910402602072, 51.387901058309708 ], [ 17.101023733260202, 51.399698876910357 ], [ 17.103113184423908, 51.401343899053771 ], [ 17.115579080116994, 51.411502040221571 ], [ 17.122376335581141, 51.416710772242254 ], [ 17.130729268537163, 51.423312819681705 ], [ 17.141676518631968, 51.431479315228579 ], [ 17.14643649434246, 51.435130384255174 ], [ 17.161010312808074, 51.445717187540481 ], [ 17.16267091188946, 51.446954039937985 ], [ 17.179361982299667, 51.458782470112666 ], [ 17.180375365344172, 51.459467823535377 ], [ 17.196487678889138, 51.470615139259699 ], [ 17.199769068245999, 51.47278282733938 ], [ 17.214111323995166, 51.482452820022615 ], [ 17.219188252125722, 51.485730277858508 ], [ 17.232214435010224, 51.494295007529885 ], [ 17.238631130745844, 51.498345190064491 ], [ 17.250781174569521, 51.50614124194577 ], [ 17.258096135325729, 51.510658323861762 ], [ 17.269797624179262, 51.517991096329702 ], [ 17.277581883622272, 51.522696784872331 ], [ 17.28925121625095, 51.529844167361041 ], [ 17.297087154178662, 51.534484523559165 ], [ 17.309130290421269, 51.541700068313439 ], [ 17.31661086472884, 51.546042752862938 ], [ 17.329423749721695, 51.553558423828377 ], [ 17.336152053974423, 51.557390299894671 ], [ 17.350120798827749, 51.565418866149578 ], [ 17.355709866121693, 51.56854390378826 ], [ 17.371210751183163, 51.577281032558368 ], [ 17.37528353769471, 51.57951846923779 ], [ 17.392682894921986, 51.589144563802435 ], [ 17.394872386238415, 51.590327283287237 ], [ 17.414475804510101, 51.600982089218576 ], [ 17.414525128932109, 51.601009086046275 ], [ 17.434093378893163, 51.611489555558876 ], [ 17.436666318600363, 51.612873444808891 ], [ 17.453724387041149, 51.621865743057597 ], [ 17.459153941504649, 51.624738093997756 ], [ 17.473368379632117, 51.632119367446059 ], [ 17.481977397932919, 51.636602697229165 ], [ 17.493024953365925, 51.642258183949544 ], [ 17.505125926124645, 51.648466921497082 ], [ 17.512693745777955, 51.652289086007912 ], [ 17.528588702619611, 51.660330438889552 ], [ 17.532374430705953, 51.662218191128417 ], [ 17.552066705435113, 51.672051194172013 ], [ 17.55234945718129, 51.67219286056288 ], [ 17.57177013024625, 51.681798439243842 ], [ 17.576328324649502, 51.684053037831781 ], [ 17.591484534382317, 51.691462161203063 ], [ 17.600589985841872, 51.695911608248146 ], [ 17.611209705878515, 51.701046055650714 ], [ 17.625124758451797, 51.707768283638934 ], [ 17.630945453918539, 51.710553317119732 ], [ 17.649923557353322, 51.719622788955206 ], [ 17.650691606560706, 51.71998668045908 ], [ 17.670447633700327, 51.729361237436564 ], [ 17.674906798468069, 51.731474060123901 ], [ 17.690213609343942, 51.738672071278835 ], [ 17.700126391164886, 51.743322554574469 ], [ 17.709989470569553, 51.747918770634264 ], [ 17.725588278306525, 51.755168185327662 ], [ 17.729775109376479, 51.757102498888472 ], [ 17.749570254549205, 51.766230391370911 ], [ 17.751262917048312, 51.767010481835797 ], [ 17.769374503057758, 51.775314872153338 ], [ 17.777110400072878, 51.778848890477541 ], [ 17.789188181091781, 51.784341921088981 ], [ 17.803188415998161, 51.79068388561835 ], [ 17.809011222988818, 51.793311472404945 ], [ 17.828843495885273, 51.802226043001767 ], [ 17.829487278025649, 51.802515218382261 ], [ 17.848684315265778, 51.811109961467807 ], [ 17.855938586469897, 51.814342076184609 ], [ 17.868534267138994, 51.819938510553094 ], [ 17.88262101981741, 51.82616510501154 ], [ 17.888393310937069, 51.828710685258443 ], [ 17.908261259194191, 51.837431475869295 ], [ 17.909522443882839, 51.83798403615458 ], [ 17.928137507180878, 51.846123796098823 ], [ 17.936591018076545, 51.849798251906805 ], [ 17.948022685654319, 51.854759279334623 ], [ 17.963904783023043, 51.861608325603875 ], [ 17.967916764541954, 51.863336278340107 ], [ 17.987819287749101, 51.871871986367161 ], [ 17.99142879256296, 51.873413788121063 ], [ 18.007730144334229, 51.880369271799125 ], [ 18.019166006883758, 51.885214517949663 ], [ 18.027649768540339, 51.888805968097024 ], [ 18.047175047324455, 51.897010840378272 ], [ 18.047578128502568, 51.897180118889082 ], [ 18.067514296234542, 51.905532867179552 ], [ 18.075374995189275, 51.90880192694857 ], [ 18.087459053920366, 51.913824534329706 ], [ 18.103863681038742, 51.920588386863628 ], [ 18.107412408642666, 51.922051017287401 ], [ 18.12737375509143, 51.930239406266544 ], [ 18.132597216848257, 51.932369688489935 ], [ 18.147343208988477, 51.938381255866034 ], [ 18.1616052398936, 51.944145865154944 ], [ 18.167321101805509, 51.94645566535516 ], [ 18.187307016637426, 51.954481088389961 ], [ 18.190899298185716, 51.955916794878824 ], [ 18.207300668015741, 51.962470358250371 ], [ 18.220461659836193, 51.967682148392747 ], [ 18.227302572264882, 51.970390999609286 ], [ 18.247312378933049, 51.978258835032918 ], [ 18.250333929105981, 51.979441990177797 ], [ 18.267329648997748, 51.986096815293237 ], [ 18.280472091980524, 51.991195817238456 ], [ 18.287354955976951, 51.993866661153 ], [ 18.307387914219522, 52.001587847895728 ], [ 18.310920248242102, 52.002943685306271 ], [ 18.327428144801985, 52.009281690135694 ], [ 18.341630895175246, 52.01468509038844 ], [ 18.347476171054183, 52.016910076243221 ], [ 18.367531495429173, 52.024502471500078 ], [ 18.372619923500007, 52.026419913831525 ], [ 18.38759396841753, 52.0320666834292 ], [ 18.403861772509028, 52.038147808719259 ], [ 18.407663980862385, 52.039570682698269 ], [ 18.427740873747567, 52.047060167342877 ], [ 18.43531044983806, 52.049868355749766 ], [ 18.447824846333049, 52.054517804016669 ], [ 18.466990406019114, 52.061581502218466 ], [ 18.467916101641183, 52.06192334166029 ], [ 18.488013797859832, 52.069344720455057 ], [ 18.498759088854349, 52.073286457844624 ], [ 18.508118549229359, 52.076728424915721 ], [ 18.528230179759387, 52.084086821146009 ], [ 18.530680350355357, 52.084983407678436 ], [ 18.548348162877144, 52.091469177220738 ], [ 18.56260305686401, 52.096671669683587 ], [ 18.568473048135886, 52.098822375912562 ], [ 18.588604401842677, 52.106189817607735 ], [ 18.594514630486618, 52.108351202157195 ], [ 18.608742178831317, 52.113579400347433 ], [ 18.626343216204024, 52.120021789215656 ], [ 18.628886687945506, 52.120958109718316 ], [ 18.6490373637664, 52.128396669943641 ], [ 18.657948348901225, 52.131683093549697 ], [ 18.669194555341907, 52.135859507890437 ], [ 18.689358378656809, 52.143335372378331 ], [ 18.709528231229378, 52.150920310999048 ], [ 18.720319608856286, 52.154978183163131 ], [ 18.729704710240302, 52.158540894479891 ], [ 18.749887766294137, 52.166215448614871 ], [ 18.750923474173696, 52.166612075321915 ], [ 18.770077039406392, 52.174028975614412 ], [ 18.780913759696602, 52.178236854267169 ], [ 18.790273025590231, 52.181917171062892 ], [ 18.810374436307058, 52.189853125684841 ], [ 18.810475773395439, 52.189893706679769 ], [ 18.830684999474812, 52.198066159820222 ], [ 18.839031226442721, 52.201460915097563 ], [ 18.8509011965733, 52.206368506946575 ], [ 18.866974454820429, 52.213060912587309 ], [ 18.87112448939391, 52.214820721705991 ], [ 18.891354941235299, 52.223482927484099 ], [ 18.894059618659014, 52.224653497780814 ], [ 18.911592753134471, 52.232401073871017 ], [ 18.920191475887155, 52.236239199292321 ], [ 18.931838305172953, 52.24155914016395 ], [ 18.945386925268526, 52.24781866013489 ], [ 18.952091889365416, 52.25099647378584 ], [ 18.969583589855201, 52.259392465683057 ], [ 18.972353865247541, 52.260760235545405 ], [ 18.992624677231749, 52.270909509916656 ], [ 18.99272641817258, 52.270961228322165 ], [ 19.012904891881277, 52.281548942492392 ], [ 19.0147378487097, 52.282525578889647 ], [ 19.033195213323516, 52.292709558906694 ], [ 19.035649337982349, 52.294086141843557 ], [ 19.053496485352877, 52.304489695532759 ], [ 19.055441400675676, 52.305643511703785 ], [ 19.073809774951446, 52.317012284680082 ], [ 19.074104725410479, 52.317198257960669 ], [ 19.091581566799263, 52.328750961128073 ], [ 19.094136648570274, 52.330528003210006 ], [ 19.107906422974796, 52.340302116826805 ], [ 19.114479006870155, 52.345237056784285 ], [ 19.123104468145893, 52.351852176746775 ], [ 19.134839402375363, 52.361430881500226 ], [ 19.137201315927395, 52.363401546212323 ], [ 19.15011260955151, 52.374950726608944 ], [ 19.155222631358402, 52.379885214369033 ], [ 19.161914787201628, 52.386500001792847 ], [ 19.172637898712829, 52.398049660024697 ], [ 19.175635839297577, 52.401602506353143 ], [ 19.18222093088356, 52.409600088816752 ], [ 19.190750717598437, 52.421151425060025 ], [ 19.196095868586522, 52.429345170200136 ], [ 19.198231854404632, 52.432703888658963 ], [ 19.204603165761842, 52.444257784079532 ], [ 19.209979860090517, 52.455813085735947 ], [ 19.214359151631211, 52.467369933832565 ], [ 19.216670866834807, 52.475260205512775 ], [ 19.217716978737982, 52.478928482898453 ], [ 19.220050968154769, 52.490488823750042 ], [ 19.221419943523536, 52.502050906329828 ], [ 19.221833149086592, 52.51361474622329 ], [ 19.221302390854088, 52.525180330785425 ], [ 19.21984192094547, 52.536747620272429 ], [ 19.217468311209462, 52.548316549269849 ], [ 19.217037940381111, 52.549831488328337 ], [ 19.214130467105367, 52.559887154725452 ], [ 19.209887293633386, 52.571459250148955 ], [ 19.204772818345855, 52.583032678897418 ], [ 19.198812340407574, 52.594607285185198 ], [ 19.19684780738347, 52.597942922725494 ], [ 19.191912306978384, 52.60618309250426 ], [ 19.184153644775247, 52.617759810509632 ], [ 19.176541141228707, 52.628073897740641 ], [ 19.175592986752321, 52.62933718629256 ], [ 19.166073159738588, 52.6409152661845 ], [ 19.156184798037525, 52.652082764074791 ], [ 19.155814977322411, 52.652493528675272 ], [ 19.144587816935534, 52.664072063539336 ], [ 19.13579536670176, 52.672605870307663 ], [ 19.132606419929942, 52.675650355310431 ], [ 19.119742500306071, 52.68722830502066 ], [ 19.115381096897778, 52.690950215072469 ], [ 19.106024439863802, 52.698805600141682 ], [ 19.09494621996296, 52.707680180747765 ], [ 19.091517293803342, 52.710381894248577 ], [ 19.076154882148536, 52.721956940600833 ], [ 19.074493581255506, 52.723156460486138 ], [ 19.059888574462679, 52.733530431837579 ], [ 19.054025117486692, 52.737542769444289 ], [ 19.042793229391382, 52.745101969634625 ], [ 19.033542551540013, 52.751115167069038 ], [ 19.02484971144699, 52.756671200251837 ], [ 19.013047041094222, 52.76397434975862 ], [ 19.006037870910323, 52.768237740667331 ], [ 18.992539561191322, 52.776203606036404 ], [ 18.986336367830646, 52.779801176349032 ], [ 18.972020942072952, 52.787872241128767 ], [ 18.965722453225077, 52.791361058684629 ], [ 18.951491898466521, 52.799038222984571 ], [ 18.944171703928241, 52.802916901978726 ], [ 18.930953052496722, 52.809750248548383 ], [ 18.921657707139602, 52.814468179907962 ], [ 18.91040495178828, 52.820049373095742 ], [ 18.898151689959512, 52.826014321304548 ], [ 18.889848083901658, 52.829970306528949 ], [ 18.873622088151841, 52.837554705113 ], [ 18.869282887944596, 52.839542453276948 ], [ 18.848709797381346, 52.848781147228394 ], [ 18.848009099865767, 52.849088622403336 ], [ 18.828129431120498, 52.857647679002042 ], [ 18.821092502147049, 52.860615042812618 ], [ 18.807541929388442, 52.866228331547838 ], [ 18.79298035428776, 52.872133270985124 ], [ 18.786947613034357, 52.874539273443247 ], [ 18.766346945444333, 52.88256457603579 ], [ 18.763506516794486, 52.883642130187944 ], [ 18.745740489296711, 52.890276636991992 ], [ 18.732407411324974, 52.895140016639637 ], [ 18.725128173786498, 52.897756386785439 ], [ 18.704510552278478, 52.904970452270938 ], [ 18.699638086871314, 52.906625544157009 ], [ 18.683888127115186, 52.911901279675739 ], [ 18.664901832622327, 52.918096498655224 ], [ 18.663260707626392, 52.918625038937947 ], [ 18.642629405271638, 52.925042180373801 ], [ 18.627704942515759, 52.929549614518486 ], [ 18.621993780009511, 52.931253110205986 ], [ 18.601354750346992, 52.937189582018419 ], [ 18.587712194513401, 52.940981424953506 ], [ 18.580712199660997, 52.942903952408784 ], [ 18.560066891910097, 52.948351957723141 ], [ 18.544186514648171, 52.952386290676053 ], [ 18.539418673125102, 52.953583737867739 ], [ 18.518768547154831, 52.958536536960068 ], [ 18.498116007497082, 52.963288414427062 ], [ 18.495975839124473, 52.963755460729352 ], [ 18.477462417696316, 52.967749993833621 ], [ 18.456807306317572, 52.971991919458183 ], [ 18.440963905561098, 52.975073314889706 ], [ 18.436151183502371, 52.975999053998414 ], [ 18.415494964864259, 52.979728378168822 ], [ 18.394838291985067, 52.983233951648259 ], [ 18.37543091661939, 52.986310947673303 ], [ 18.37418161386724, 52.98650681701784 ], [ 18.353526067210087, 52.989493118552481 ], [ 18.332871250747218, 52.992245500366799 ], [ 18.312217563046111, 52.994759929045138 ], [ 18.291565403590791, 52.99703279079025 ], [ 18.287980200512493, 52.997383294000102 ], [ 18.270915677510764, 52.999030868434374 ], [ 18.250268338104387, 53.000779556397042 ], [ 18.229623669732749, 53.002282921915928 ], [ 18.208982055302485, 53.003539213390937 ], [ 18.188343871817114, 53.004547168681476 ], [ 18.167709488964075, 53.005306026298477 ], [ 18.147079267710197, 53.005815534592067 ], [ 18.126453558915053, 53.006075958828028 ], [ 18.105832701971682, 53.006088086047413 ], [ 18.085217023484727, 53.005853227609919 ], [ 18.064606835996017, 53.005373219328462 ], [ 18.04400243676784, 53.004650419113517 ], [ 18.023404106634072, 53.003687702059196 ], [ 18.002812108929025, 53.002488452919884 ], [ 17.982226688503868, 53.00105655594632 ], [ 17.961648070839569, 52.999396382072874 ], [ 17.941076461265006, 52.997512773473339 ], [ 17.92051204428784, 52.995411025530032 ], [ 17.912819146868419, 52.994544916052774 ], [ 17.899955506353272, 52.993076274267992 ], [ 17.87940687390039, 52.990520223803415 ], [ 17.858865955102878, 52.987762004722242 ], [ 17.83833284524048, 52.984808686081891 ], [ 17.820651420564626, 52.982102095778885 ], [ 17.817807790557449, 52.981661305452789 ], [ 17.797291838469224, 52.978291967066177 ], [ 17.776783940637177, 52.97474882927402 ], [ 17.756284099561086, 52.971040281596942 ], [ 17.749797981459945, 52.969813648087616 ], [ 17.735793442985855, 52.967135598730728 ], [ 17.715311403902316, 52.963063149154166 ], [ 17.694837388059291, 52.95885042767766 ], [ 17.688935964476336, 52.957593391445329 ], [ 17.674372744080678, 52.954459708306992 ], [ 17.653916599487147, 52.949927057709644 ], [ 17.634041216842078, 52.945410517402706 ], [ 17.63346831293909, 52.94527905998374 ], [ 17.613029959803658, 52.940455796883349 ], [ 17.592599176897007, 52.935537569737463 ], [ 17.583304822890291, 52.933251757835656 ], [ 17.572177201344644, 52.930490740686515 ], [ 17.551763682496635, 52.925331108414419 ], [ 17.535287722052971, 52.921104716855673 ], [ 17.531357782095899, 52.920088004667434 ], [ 17.510961097590801, 52.914718167203631 ], [ 17.490571106990728, 52.909299116100001 ], [ 17.489331154244759, 52.908964321139969 ], [ 17.470190527749821, 52.903755573813648 ], [ 17.449816412044129, 52.898174881236777 ], [ 17.444950116490332, 52.896826616397682 ], [ 17.429450888233326, 52.892499507907964 ], [ 17.409091990994867, 52.886786620859233 ], [ 17.401666469460523, 52.88468693596699 ], [ 17.388740940812283, 52.881004614632495 ], [ 17.368396550476689, 52.875187573862938 ], [ 17.359185996576507, 52.872542414069656 ], [ 17.348059330018845, 52.86932326121957 ], [ 17.327728699091306, 52.863428375806066 ], [ 17.317267855693729, 52.860390497806854 ], [ 17.307404617130771, 52.857504955521151 ], [ 17.287086979523345, 52.851556568427981 ], [ 17.275710104481245, 52.84822884701196 ], [ 17.266775310605833, 52.845595931874897 ], [ 17.246469896654503, 52.839616273103836 ], [ 17.234339257596826, 52.836055255913301 ], [ 17.226169892137147, 52.833638897839762 ], [ 17.205875941083306, 52.827648016793553 ], [ 17.193002555799644, 52.823867589539432 ], [ 17.185586837947341, 52.821672925994804 ], [ 17.165303607878574, 52.815688691252497 ], [ 17.151562094901184, 52.811663729990102 ], [ 17.14502463533379, 52.809733468658813 ], [ 17.124751410749376, 52.803771621473338 ], [ 17.109890256081325, 52.799441529199925 ], [ 17.104481794791685, 52.797852470032097 ], [ 17.084217892079391, 52.79192671742009 ], [ 17.067866070051675, 52.787198765907355 ], [ 17.063956858261459, 52.786058549614651 ], [ 17.043701629449139, 52.78018068350621 ], [ 17.025372278360351, 52.774933105408174 ], [ 17.023448404179792, 52.774377232096001 ], [ 17.003201239356542, 52.768557262484507 ], [ 16.982955224933647, 52.762827418539914 ], [ 16.982296818068367, 52.762642127256008 ], [ 16.962715378863663, 52.757077493699143 ], [ 16.942476524800057, 52.751417829760079 ], [ 16.938529383260509, 52.750323269775052 ], [ 16.922242745861919, 52.745759969465297 ], [ 16.902010546982677, 52.740176551369409 ], [ 16.893935060079876, 52.737973358867983 ], [ 16.88178207857629, 52.734621077236284 ], [ 16.861556071042028, 52.729118646672106 ], [ 16.848389264566961, 52.725589187515837 ], [ 16.841332154841503, 52.723675218784734 ], [ 16.821111916979834, 52.718257291687387 ], [ 16.801763749767865, 52.713167266342637 ], [ 16.800891791593489, 52.712935000647732 ], [ 16.78067694512302, 52.707603947050686 ], [ 16.760461742691156, 52.702374336665343 ], [ 16.753915672413484, 52.700703598109499 ], [ 16.740250056770442, 52.697168496515907 ], [ 16.720039720162788, 52.692027336996716 ], [ 16.704699866341187, 52.688193872380872 ], [ 16.699830195875613, 52.686959350987294 ], [ 16.679624467672426, 52.681906343978532 ], [ 16.659417971317758, 52.676953237317925 ], [ 16.653953006202624, 52.675633131071997 ], [ 16.639215027653933, 52.672017349631936 ], [ 16.619012815614255, 52.667150080946882 ], [ 16.601521204357912, 52.663016268868873 ], [ 16.598810497611581, 52.662364963735165 ], [ 16.578612455977996, 52.657580673220103 ], [ 16.558413423473763, 52.652891646032884 ], [ 16.54721524902461, 52.65033710542842 ], [ 16.538216119683835, 52.648247142717679 ], [ 16.51802117803976, 52.643634874682256 ], [ 16.497825222256303, 52.639113171959714 ], [ 16.490910729321911, 52.637590399088737 ], [ 16.477632334322124, 52.634608929955476 ], [ 16.457440568410576, 52.630155253090066 ], [ 16.437247856175478, 52.625786318782907 ], [ 16.432476591399496, 52.624770426822089 ], [ 16.417059020648928, 52.621418260799494 ], [ 16.396870808554784, 52.617105835962924 ], [ 16.376681823649694, 52.612871096483467 ], [ 16.371845629147995, 52.611872510030935 ], [ 16.356496979802682, 52.608630715698396 ], [ 16.336313059714865, 52.604437782738152 ], [ 16.31612866511097, 52.60031407785474 ], [ 16.309074783252441, 52.598894531638564 ], [ 16.295948147148387, 52.596187427271055 ], [ 16.275769693623527, 52.592087064502124 ], [ 16.255591213786111, 52.588045835016736 ], [ 16.244421431148893, 52.585839042600895 ], [ 16.235415876959685, 52.584012104872158 ], [ 16.215244602581581, 52.579971187364805 ], [ 16.195073933536655, 52.575977336155596 ], [ 16.178422081328197, 52.572715715479916 ], [ 16.174905328476445, 52.572006855392658 ], [ 16.15474362128991, 52.567984596967158 ], [ 16.134583380053449, 52.563994894100112 ], [ 16.114424914953531, 52.560032326889129 ], [ 16.111914245187617, 52.559542713926326 ], [ 16.09427510987857, 52.555992200781233 ], [ 16.074128841011856, 52.551953032004505 ], [ 16.05398559688615, 52.547922406594282 ], [ 16.046098988871552, 52.54634915674567 ], [ 16.033850775155436, 52.543820122394862 ], [ 16.013723242232999, 52.539664264759303 ], [ 15.993600393570883, 52.535493959920473 ], [ 15.982434875390748, 52.533173415532467 ], [ 15.973486853023177, 52.531242266257109 ], [ 15.953384459616455, 52.526884180845428 ], [ 15.933288964164491, 52.522482682875221 ], [ 15.922300646269182, 52.520054868334462 ], [ 15.913205853949265, 52.517960350774246 ], [ 15.893137267928912, 52.513289145616078 ], [ 15.873078562708228, 52.508537198754588 ], [ 15.866789096730164, 52.507027895934677 ], [ 15.853039213909955, 52.50357342699121 ], [ 15.833016321544244, 52.498442034054307 ], [ 15.816529661709552, 52.494116008198105 ], [ 15.813009947421417, 52.493145205359426 ], [ 15.793031453713276, 52.487529853751745 ], [ 15.773070869311077, 52.481737812265614 ], [ 15.77169656299292, 52.48133071840045 ], [ 15.753146782321693, 52.475519921115733 ], [ 15.733246955516504, 52.469048769153808 ], [ 15.732121623740058, 52.468673609826084 ], [ 15.713393384160332, 52.462033701153523 ], [ 15.697433059668766, 52.456139631616232 ], [ 15.693576051116395, 52.4546176726422 ], [ 15.673814487451352, 52.446548479153464 ], [ 15.667148416062181, 52.443719531405108 ], [ 15.654114224564905, 52.437764141928767 ], [ 15.640775798210258, 52.431402756499729 ], [ 15.634484809844059, 52.428151282892131 ], [ 15.61785558203281, 52.419178808672775 ], [ 15.614946097177397, 52.417464428720052 ], [ 15.597996657552494, 52.407038468620655 ], [ 15.595525639225178, 52.405363275057631 ], [ 15.580842094170738, 52.394972978403757 ], [ 15.576262807136134, 52.391361754744068 ], [ 15.566070561570948, 52.382974199733653 ], [ 15.557215871121054, 52.374740361511698 ], [ 15.553396024065844, 52.371034701236042 ], [ 15.542626221778983, 52.359149548793461 ], [ 15.538512691082952, 52.353902949722098 ], [ 15.533556682320624, 52.347313277977086 ], [ 15.526020211623747, 52.33552137630064 ], [ 15.520461842666657, 52.324979664884772 ], [ 15.519849555622477, 52.323769220125094 ], [ 15.515000419188794, 52.312055728964275 ], [ 15.511298742569226, 52.300375931571146 ], [ 15.508665181404758, 52.288727598780206 ], [ 15.507029244490912, 52.27710872490421 ], [ 15.506328071841919, 52.265517498870459 ], [ 15.506505400394417, 52.253952279405127 ], [ 15.507510684803346, 52.242411573637703 ], [ 15.509298347094434, 52.230894018605895 ], [ 15.511827133889561, 52.219398365228429 ], [ 15.515059563839555, 52.207923464384876 ], [ 15.518961451011215, 52.196468254799065 ], [ 15.523501492466886, 52.185031752471353 ], [ 15.528650910277097, 52.173613041443218 ], [ 15.532963911210681, 52.165059570000238 ], [ 15.53439793893526, 52.162211701000061 ], [ 15.5407541770035, 52.150827989312297 ], [ 15.547650475128078, 52.139459786364512 ], [ 15.555064763969764, 52.128106356286686 ], [ 15.556179602956625, 52.126523620133078 ], [ 15.563049159813662, 52.116769126266796 ], [ 15.571526600573844, 52.105445741485653 ], [ 15.578711292210246, 52.096374113298154 ], [ 15.580484793963599, 52.094135742344797 ], [ 15.589967986692688, 52.082840304228732 ], [ 15.599878716130029, 52.071556489615837 ], [ 15.600889320717004, 52.070462533771725 ], [ 15.610300302297295, 52.060286592767412 ], [ 15.621126918618002, 52.049027444090378 ], [ 15.622831073739007, 52.047330163850589 ], [ 15.632433551749099, 52.037781080104601 ], [ 15.644119112375551, 52.026544483376945 ], [ 15.64460748749986, 52.026092642359004 ], [ 15.656273247561815, 52.015320090764817 ], [ 15.666249657056042, 52.006374164016364 ], [ 15.668785999516521, 52.004104647384949 ], [ 15.681717939953488, 51.992899749357036 ], [ 15.687789027285943, 51.987782594120539 ], [ 15.695018420327887, 51.981703838301314 ], [ 15.708657348856184, 51.970515949513768 ], [ 15.709247450393571, 51.970044845944166 ], [ 15.72269483184194, 51.959337641888673 ], [ 15.730626850078012, 51.953153410918652 ], [ 15.737041488678644, 51.948166295494637 ], [ 15.751688516408374, 51.937001555684056 ], [ 15.751950414919259, 51.93680619071074 ], [ 15.766688931005266, 51.92584476943339 ], [ 15.773214153830349, 51.92107092469481 ], [ 15.781958718445916, 51.914693504154123 ], [ 15.79443451284712, 51.905730404301586 ], [ 15.797483283044482, 51.903547258568423 ], [ 15.813274109169349, 51.892406244128622 ], [ 15.815612542631373, 51.890778655948694 ], [ 15.829320887354545, 51.881270076610065 ], [ 15.836752104906925, 51.876169455540264 ], [ 15.84557210819068, 51.870137269937928 ], [ 15.857860283252714, 51.861808982388503 ], [ 15.862009707120688, 51.859007257661467 ], [ 15.878618658556576, 51.847879563004049 ], [ 15.878939616852282, 51.847666279071944 ], [ 15.89542374289498, 51.83675476833838 ], [ 15.899990132018653, 51.833746015440219 ], [ 15.912356853986896, 51.825631000454329 ], [ 15.921017821507686, 51.81996552639842 ], [ 15.929397559870482, 51.814507670070576 ], [ 15.942024798100112, 51.806296970281764 ], [ 15.946524946851609, 51.803384186702736 ], [ 15.963013032908801, 51.792713773111188 ], [ 15.963717697501925, 51.792259961201559 ], [ 15.98099412326291, 51.78113543507466 ], [ 15.983983343132495, 51.779205849535259 ], [ 15.998303896346107, 51.770009284934176 ], [ 16.004938728391142, 51.765729854924871 ], [ 16.015616610856306, 51.75888072276836 ], [ 16.025881084863475, 51.752257915484272 ], [ 16.032910828581514, 51.747749204795504 ], [ 16.046811943021869, 51.738766913680095 ], [ 16.050165088590187, 51.736614199105858 ], [ 16.067363528106902, 51.725475326019072 ], [ 16.067732765910332, 51.725234066465575 ], [ 16.08453279251145, 51.714333270535477 ], [ 16.088645233695701, 51.711632512112466 ], [ 16.101604306465006, 51.703186351408249 ], [ 16.109550940775613, 51.697935904684336 ], [ 16.118557809763406, 51.692034112526962 ], [ 16.13045122414113, 51.684121148959051 ], [ 16.13537306113842, 51.680876109479179 ], [ 16.15134739017855, 51.670164916865424 ], [ 16.152029739511033, 51.669711906924633 ], [ 16.168576396287257, 51.658542741995497 ], [ 16.172242252799958, 51.65601894383029 ], [ 16.184947281912766, 51.647367082527772 ], [ 16.19313649895529, 51.641667854812759 ], [ 16.201111005756982, 51.636184251485666 ], [ 16.214031208285896, 51.627089382101545 ], [ 16.217047624426549, 51.624993859433765 ], [ 16.232783715993815, 51.613796623724745 ], [ 16.234929261585926, 51.612230922623894 ], [ 16.248330600122902, 51.602592888657256 ], [ 16.255833368926186, 51.597040992736687 ], [ 16.263606122414014, 51.591380811118896 ], [ 16.276742992626019, 51.581520713145473 ], [ 16.278588196973004, 51.580159982385297 ], [ 16.293366275430564, 51.568932576981361 ], [ 16.297664310190193, 51.565558054706457 ], [ 16.30787422972973, 51.557697152102421 ], [ 16.31859735427345, 51.549141683694984 ], [ 16.322041608606636, 51.546452196850638 ], [ 16.335947867342973, 51.535199637453125 ], [ 16.339547085154127, 51.532175412708128 ], [ 16.34958595921654, 51.523939405421153 ], [ 16.360516491768443, 51.514593842794135 ], [ 16.362828149787621, 51.512668718787118 ], [ 16.375833863371199, 51.501391278033701 ], [ 16.381513466267752, 51.496243788985893 ], [ 16.388488302875903, 51.490104602274755 ], [ 16.400740685842933, 51.478807676527254 ], [ 16.402540022987846, 51.477070091607089 ], [ 16.4127729073547, 51.467504640057385 ], [ 16.423608119184333, 51.456839108414819 ], [ 16.424292596003816, 51.456189132702747 ], [ 16.435635888887294, 51.444868659527053 ], [ 16.444732005438642, 51.435267650217973 ], [ 16.446440305789917, 51.433535370364993 ], [ 16.457026157554772, 51.422196364419143 ], [ 16.465925630917614, 51.4120675012635 ], [ 16.467049631679984, 51.410844265375097 ], [ 16.476880333594014, 51.399487176578283 ], [ 16.48609444766721, 51.388116048830469 ], [ 16.487219768456878, 51.386632534797364 ], [ 16.495112512842134, 51.376740019849109 ], [ 16.503574155682404, 51.365351451228818 ], [ 16.508664789364843, 51.357972099350206 ], [ 16.511599204987352, 51.353953006970706 ], [ 16.519310532321725, 51.342547377719846 ], [ 16.526418748238136, 51.331128509168444 ], [ 16.530355312701744, 51.324232544780557 ], [ 16.533114007249434, 51.319700515171434 ], [ 16.539468321572926, 51.308264977981139 ], [ 16.545235845562061, 51.29681679486719 ], [ 16.550434107848833, 51.285356416104442 ], [ 16.552566038968305, 51.280096047125063 ], [ 16.555270822471201, 51.273888254107305 ], [ 16.559695760642395, 51.262411304024262 ], [ 16.563569259212475, 51.2509227017865 ], [ 16.566910783609593, 51.239422903892041 ], [ 16.569740144022472, 51.227912364500767 ], [ 16.57207739975868, 51.216391534283588 ], [ 16.573942760863332, 51.204860859211671 ], [ 16.575356487831819, 51.193320779293543 ], [ 16.576338790160413, 51.181771727266195 ], [ 16.576909724601954, 51.170214127250176 ], [ 16.577089093937346, 51.158648393377703 ], [ 16.576896347095044, 51.147074928404805 ], [ 16.57635048138167, 51.135494122317574 ], [ 16.575469947598663, 51.123906350944637 ], [ 16.574272558725138, 51.112311974586092 ], [ 16.572775402801906, 51.100711336670315 ], [ 16.570994760558825, 51.089104762448351 ], [ 16.568946028284198, 51.077492557736214 ], [ 16.566643646309963, 51.065875007713252 ], [ 16.564420447573255, 51.055710514185883 ], [ 16.564139345691569, 51.054253174675139 ], [ 16.561699064686636, 51.042632596192732 ], [ 16.559068930731375, 51.031007971223232 ], [ 16.556258425724927, 51.019379484295747 ], [ 16.553275894375236, 51.007747296228203 ], [ 16.550128520154836, 50.9961115436017 ], [ 16.548184297630851, 50.989263791909892 ], [ 16.546968239693467, 50.984475404483121 ], [ 16.543879814909285, 50.9728406610541 ], [ 16.540659867436869, 50.961203034841148 ], [ 16.537310805676903, 50.949562565044943 ], [ 16.533833941378415, 50.93791926755253 ], [ 16.531577680529789, 50.930625825980542 ], [ 16.530361609850832, 50.926275930759545 ], [ 16.526995725320159, 50.914634714965089 ], [ 16.523514895857151, 50.902990931327246 ], [ 16.519916580317702, 50.89134451490515 ], [ 16.516197306999398, 50.879695380261602 ], [ 16.514822077280172, 50.875523034222823 ], [ 16.512575067854971, 50.868048163728965 ], [ 16.508959334786425, 50.856400941573327 ], [ 16.505221407653238, 50.844750961570917 ], [ 16.501355029914176, 50.833098077245786 ], [ 16.497955378396991, 50.823192969648808 ], [ 16.497403063771237, 50.821443194987332 ], [ 16.493601725673571, 50.809791383476792 ], [ 16.489663218706919, 50.798136462019556 ], [ 16.485579304919717, 50.786478238273794 ], [ 16.481341156497027, 50.774816505409831 ], [ 16.48096543555868, 50.773818150411074 ], [ 16.477246357114204, 50.763157686844508 ], [ 16.473021373520233, 50.751495868199243 ], [ 16.468628114980358, 50.739830207223179 ], [ 16.464056546411712, 50.728160465557345 ], [ 16.46383765802787, 50.727621856638692 ], [ 16.459615458438325, 50.716493353933522 ], [ 16.455005623923306, 50.704822352185985 ], [ 16.450201314899559, 50.693146876237414 ], [ 16.446566140030328, 50.684661876303096 ], [ 16.445281032217249, 50.68146862254882 ], [ 16.440395133515612, 50.669790879927959 ], [ 16.435297905308772, 50.65810824246006 ], [ 16.429978456280825, 50.646420440853255 ], [ 16.429161395817879, 50.644692908571542 ], [ 16.424710898076018, 50.634733505700538 ], [ 16.419264023672394, 50.623042320161382 ], [ 16.413577940012445, 50.611345527573242 ], [ 16.411424457332288, 50.61128905790089 ], [ 16.411409446075805, 50.611297335508354 ], [ 16.391255760117136, 50.622302609441391 ], [ 16.391054205255511, 50.622413663236614 ], [ 16.390372777583206, 50.633969045710579 ], [ 16.370433887812563, 50.644843161099189 ], [ 16.3700010465631, 50.645081393385212 ], [ 16.350241340489209, 50.655846701784178 ], [ 16.349617192949914, 50.656189952142704 ], [ 16.330039450909396, 50.666845401069267 ], [ 16.310487837203439, 50.666304994912267 ], [ 16.290936893531903, 50.665759687926197 ], [ 16.289799472115622, 50.666384056032747 ], [ 16.270717398277618, 50.676744221371713 ], [ 16.251162983012151, 50.676189794121463 ], [ 16.231609214171659, 50.675631150824373 ], [ 16.214421602183108, 50.664605569765129 ], [ 16.215070288409926, 50.653050152054348 ], [ 16.215717092806202, 50.641494670599684 ], [ 16.214105334542644, 50.640467327016438 ], [ 16.19456719673979, 50.639900741455136 ], [ 16.192667774337291, 50.640941244968161 ], [ 16.174337535347689, 50.650863439161171 ], [ 16.154795863548813, 50.650289699954129 ], [ 16.152515330451347, 50.651537318087172 ], [ 16.134552574263306, 50.661246564569467 ], [ 16.115007339390537, 50.660666364504692 ], [ 16.095462709336349, 50.660083111066399 ], [ 16.079392255302427, 50.649726212160246 ], [ 16.076635281083043, 50.647962671242354 ], [ 16.060698948010515, 50.637684571225947 ], [ 16.061385399128834, 50.626130623158957 ], [ 16.058537838704403, 50.624307376340404 ], [ 16.042703582399859, 50.614086227825425 ], [ 16.039733947668783, 50.612183390657705 ], [ 16.024029815769968, 50.602038938842654 ], [ 16.020939672405859, 50.600057397705072 ], [ 16.017609501621969, 50.60187460986181 ], [ 16.000688324919281, 50.61099103938826 ], [ 15.99715046346007, 50.61292003308462 ], [ 16.000431584539946, 50.615024834692328 ], [ 16.01607544798404, 50.624978083857059 ], [ 16.015310059325266, 50.636529834753688 ], [ 16.014545713987609, 50.648081593701278 ], [ 16.013782375268562, 50.65963335978477 ], [ 16.013020006472406, 50.671185132088503 ], [ 15.996275347321566, 50.680197189176205 ], [ 15.992541851476377, 50.682229420668655 ], [ 15.975982494195566, 50.691135640512925 ], [ 15.956427598562248, 50.690534477276046 ], [ 15.9368732831584, 50.689931016867433 ], [ 15.917319546903236, 50.689325312454613 ], [ 15.902724829353451, 50.679875277354441 ], [ 15.89852778197714, 50.677179289291594 ], [ 15.87898000634177, 50.676569041904742 ], [ 15.874287171618583, 50.679115438983089 ], [ 15.87349737193386, 50.690665831285777 ], [ 15.857890247804889, 50.699034426646314 ], [ 15.852999448270454, 50.701685350405434 ], [ 15.852207124590977, 50.713235548282107 ], [ 15.836779599765272, 50.721501430410619 ], [ 15.831700909395755, 50.724251192309197 ], [ 15.830905906363855, 50.735801191333572 ], [ 15.830111586827243, 50.747351191054157 ], [ 15.81486404105153, 50.755513011449814 ], [ 15.795284880581521, 50.754895725883422 ], [ 15.781609311513781, 50.746021385012675 ], [ 15.776499937476062, 50.742732932648011 ], [ 15.756926764461832, 50.742111406753573 ], [ 15.737354175684079, 50.741487858160582 ], [ 15.71778217313506, 50.740862287922212 ], [ 15.698210759022389, 50.740234694006347 ], [ 15.692126665296671, 50.743514862703925 ], [ 15.691303884758625, 50.755063413276055 ], [ 15.677003844992804, 50.762694383395207 ], [ 15.657423966025599, 50.762063063885513 ], [ 15.637844683722186, 50.761429695143782 ], [ 15.631361453463141, 50.764917558268181 ], [ 15.617432595554558, 50.772340298407507 ], [ 15.610821767373723, 50.775893921782689 ], [ 15.597010859696359, 50.783249693129157 ], [ 15.57742372657944, 50.782610396290565 ], [ 15.557837203513751, 50.781968986210053 ], [ 15.538251294043565, 50.781325444437051 ], [ 15.518666001824863, 50.780679751431322 ], [ 15.511475304410954, 50.784533834782515 ], [ 15.498217742658673, 50.791579849962758 ], [ 15.478628863947225, 50.790929918131219 ], [ 15.471222996362615, 50.794894019020241 ], [ 15.458166748580952, 50.801826467132109 ], [ 15.450659003192211, 50.805841830780338 ], [ 15.437694981316778, 50.812721470051663 ], [ 15.426028187893245, 50.805088946836435 ], [ 15.418982484657569, 50.800515644721898 ], [ 15.407417033042355, 50.792944050153721 ], [ 15.408308663369311, 50.781398979993199 ], [ 15.401167427460985, 50.776759221327879 ], [ 15.381586566000456, 50.776097859728004 ], [ 15.373669194409159, 50.780325857190107 ], [ 15.372781187132714, 50.791870864332239 ], [ 15.371893439572691, 50.803415863539449 ], [ 15.37100593015715, 50.814960854160084 ], [ 15.370118637965716, 50.826505835562415 ], [ 15.369231542766721, 50.838050807135666 ], [ 15.356612502465838, 50.844733418387634 ], [ 15.348641977359275, 50.84898018163392 ], [ 15.336097907105612, 50.855619294579014 ], [ 15.328046210048612, 50.859905806345317 ], [ 15.315573647577974, 50.8665032738813 ], [ 15.307444140820076, 50.870827675863033 ], [ 15.295039721180149, 50.877385295491919 ], [ 15.286835671078306, 50.881745784757442 ], [ 15.28593191955909, 50.893289756601426 ], [ 15.28502821148669, 50.904833714301716 ], [ 15.272649276621307, 50.911371592911877 ], [ 15.264404585641053, 50.915747550031284 ], [ 15.263496537886446, 50.927291238495734 ], [ 15.270985574325058, 50.932160347989928 ], [ 15.282317206713872, 50.939465498213956 ], [ 15.289718387867707, 50.944273854862487 ], [ 15.301148781430477, 50.951636938267832 ], [ 15.288603101287329, 50.958260437687571 ], [ 15.280509844508133, 50.962553276010723 ], [ 15.279606123240919, 50.974097140481156 ], [ 15.267093435273345, 50.980697924799301 ], [ 15.247429194136222, 50.980022932144109 ], [ 15.239211555126884, 50.984374599984257 ], [ 15.238298824717132, 50.995917946378064 ], [ 15.225889065630856, 51.002456428303866 ], [ 15.214749222798009, 50.995156253798378 ], [ 15.207159927860605, 50.990220687678494 ], [ 15.196114857140797, 50.982977265147753 ], [ 15.188440598041165, 50.977982677982936 ], [ 15.179990510379108, 50.982450352768915 ], [ 15.179064384478163, 50.993992962796924 ], [ 15.178138137152049, 51.005535553895761 ], [ 15.177211761167964, 51.017078125844364 ], [ 15.164964811681603, 51.02352012990616 ], [ 15.153982205652916, 51.016314739374046 ], [ 15.146243956610009, 51.011276121119167 ], [ 15.135353983376469, 51.004126168542534 ], [ 15.136338459925966, 50.99258572418924 ], [ 15.128495935196339, 50.987474298924383 ], [ 15.119847310133222, 50.992038362582711 ], [ 15.107863816702093, 50.998336545075645 ], [ 15.099167818218747, 51.002921836353998 ], [ 15.098223464682574, 51.014463405865449 ], [ 15.08624789686135, 51.02075208882529 ], [ 15.06657046531501, 51.020053355120581 ], [ 15.055909993775616, 51.013040633266662 ], [ 15.047877626727557, 51.00779615820359 ], [ 15.039001241675551, 51.012467774151993 ], [ 15.027217791068095, 51.018647681541729 ], [ 15.007542557585467, 51.017940703743918 ], [ 14.987868066003864, 51.017230940662124 ], [ 14.9774482298204, 51.010361605446541 ], [ 14.978475593081184, 50.998823521569776 ], [ 14.979501905822936, 50.987285386812836 ], [ 14.990976353160233, 50.981234195985323 ], [ 15.010641741148008, 50.981872780702894 ], [ 15.019726954547522, 50.977091590032337 ], [ 15.020740662061591, 50.965552765999121 ], [ 15.021753277783459, 50.954013889871739 ], [ 15.013494213843884, 50.948609946675276 ], [ 15.0031806694473, 50.941805300063912 ], [ 15.00419631731042, 50.930266611179171 ], [ 14.995837184305126, 50.92479195971088 ], [ 14.985637112607144, 50.918055488705605 ], [ 14.996929193565469, 50.912086770436339 ], [ 15.006224228820946, 50.907189073064977 ], [ 14.997822684483392, 50.901684394617291 ], [ 14.987673251576144, 50.89497843077622 ], [ 14.998908450289383, 50.889035127214434 ], [ 15.00824753773999, 50.884111318061265 ], [ 15.009257430742823, 50.87257235801038 ], [ 15.000795847624474, 50.867024943734073 ], [ 14.981185337967805, 50.866312783072509 ], [ 14.961575572825284, 50.865597828706612 ], [ 14.941966556734002, 50.864880063388235 ], [ 14.932403179385073, 50.86991513083246 ], [ 14.921348535300895, 50.875712317587222 ], [ 14.90173618653186, 50.874988863640652 ], [ 14.882124600913336, 50.874262547024848 ], [ 14.86251378292156, 50.873533352496587 ], [ 14.842903737013094, 50.872801265318081 ], [ 14.823294467623906, 50.872066271255271 ], [ 14.813370448872826, 50.877273223501348 ], [ 14.822301212548968, 50.883156843853378 ], [ 14.832037421830824, 50.889516473719844 ], [ 14.840893423278793, 50.895346465694423 ], [ 14.850714425540225, 50.901756951844142 ], [ 14.849713968861561, 50.913295316790908 ], [ 14.858471170040101, 50.919054771755228 ], [ 14.868405215773448, 50.92553326385503 ], [ 14.877086998565307, 50.931238828793276 ], [ 14.887106545310969, 50.937768430695563 ], [ 14.886114220860694, 50.949307261021751 ], [ 14.894696051747417, 50.954941750965666 ], [ 14.904829852291408, 50.961539886225374 ], [ 14.913335556786707, 50.967120192876294 ], [ 14.923555640681393, 50.973769723802299 ], [ 14.922571427558227, 50.985309013411225 ], [ 14.921586934249294, 50.996848279425059 ], [ 14.929966536604018, 51.002339467941084 ], [ 14.940331317436559, 51.009075805487527 ], [ 14.939350729597262, 51.020615286964208 ], [ 14.947628035564106, 51.026034239151741 ], [ 14.958109595129301, 51.032840256596522 ], [ 14.957132920514937, 51.044379952457113 ], [ 14.956155938249189, 51.055919623759017 ], [ 14.964304065713062, 51.061247789278589 ], [ 14.974933623000918, 51.068142271479537 ], [ 14.973960574443595, 51.079682156514323 ], [ 14.982004271179266, 51.084936975235308 ], [ 14.992752987581971, 51.091902240725013 ], [ 14.991783913163337, 51.103442339527852 ], [ 14.990814534039997, 51.114982413869981 ], [ 14.989844848102621, 51.126522463693441 ], [ 14.988874854202926, 51.138062488973297 ], [ 14.996730647860254, 51.143186436987548 ], [ 15.007695201018221, 51.150280725609491 ], [ 14.995566221251083, 51.156621559968976 ], [ 14.986933942792325, 51.161142465969597 ], [ 14.994733128555826, 51.166227388880372 ], [ 15.005763094290753, 51.17336118462007 ], [ 15.004796616655579, 51.184901378622719 ], [ 15.012486657762976, 51.189910297754459 ], [ 15.023641148199063, 51.197117534567617 ], [ 15.022678910580403, 51.208657948597399 ], [ 15.021716431349745, 51.220198340371773 ], [ 15.020753718690536, 51.23173871018475 ], [ 15.028272378669229, 51.236629231438378 ], [ 15.039623130064577, 51.24395279571312 ], [ 15.038664871652104, 51.255493391337609 ], [ 15.037706436707705, 51.267033966928125 ], [ 15.036747837685102, 51.278574522923151 ], [ 15.035789087805137, 51.290115059787446 ], [ 15.023078889825516, 51.296745939788963 ], [ 15.014973111700616, 51.300980488202619 ], [ 15.014009067688674, 51.312520715040307 ], [ 15.001272780962392, 51.319158714110252 ], [ 14.993179497585865, 51.323381957953799 ], [ 14.992210102983833, 51.334921871744939 ], [ 14.979444857484769, 51.341568366589563 ], [ 14.971366761005122, 51.345778917228195 ], [ 14.970391957107305, 51.357318514847819 ], [ 14.977650308344938, 51.36203416043697 ], [ 14.989301147721845, 51.369541504232679 ], [ 14.976402348130151, 51.376252170309925 ], [ 14.968441943108342, 51.380397655222446 ], [ 14.967466764061331, 51.391937199082804 ], [ 14.966491491347249, 51.403476726140646 ], [ 14.965516140860478, 51.415016236962096 ], [ 14.964540728487213, 51.426555732113442 ], [ 14.971576690051052, 51.431121180332717 ], [ 14.983481197316856, 51.438780329922018 ], [ 14.970298309870408, 51.445627571388208 ], [ 14.962589781037535, 51.449634677652057 ], [ 14.961614276862447, 51.461174129143409 ], [ 14.948391165827363, 51.468035029908705 ], [ 14.94070833773203, 51.47202423644184 ], [ 14.92749395024282, 51.478875251273593 ], [ 14.919793230381289, 51.48287039931396 ], [ 14.906586839614075, 51.489711871599184 ], [ 14.886712411639623, 51.48898218485833 ], [ 14.86683875933206, 51.488249722868389 ], [ 14.858998767789837, 51.492309351743849 ], [ 14.845913362602142, 51.499075936934361 ], [ 14.838057614507557, 51.503140312533013 ], [ 14.824978074678056, 51.509898416471202 ], [ 14.817107001992953, 51.513967302560495 ], [ 14.804032894191241, 51.520717118791097 ], [ 14.784147466785891, 51.519971644579066 ], [ 14.764262836942777, 51.519223352834963 ], [ 14.75626131243739, 51.523351758374673 ], [ 14.743299409326283, 51.530031342707318 ], [ 14.735283933020575, 51.534163469770021 ], [ 14.734246400033083, 51.545699460059652 ], [ 14.721240027916487, 51.552394302259401 ], [ 14.713253410326995, 51.556506838551286 ], [ 14.712209672625995, 51.568042469052358 ], [ 14.719331994326803, 51.572682540003406 ], [ 14.73113216733916, 51.580307297461822 ], [ 14.7381661785126, 51.584886314457641 ], [ 14.750067644463416, 51.592569382876562 ], [ 14.757010613198212, 51.597085657587307 ], [ 14.769016265834637, 51.604828725411522 ], [ 14.767988819311274, 51.616365222250508 ], [ 14.75456446843585, 51.623269142399103 ], [ 14.746967880775426, 51.627177921877497 ], [ 14.753784526320013, 51.631609263538628 ], [ 14.765933445391758, 51.639438161382472 ], [ 14.752401056118325, 51.646393132431747 ], [ 14.744900432166096, 51.650250185627513 ], [ 14.751630360972632, 51.654623335876785 ], [ 14.763877459136014, 51.662511028954995 ], [ 14.750234636986113, 51.669518169466564 ], [ 14.742832275371267, 51.673322374661701 ], [ 14.741797936946861, 51.684858441409169 ], [ 14.728106533813628, 51.691882162093407 ], [ 14.720736463181924, 51.695665415992472 ], [ 14.707052812927902, 51.702679092504503 ], [ 14.699664786588267, 51.706468354437817 ], [ 14.685989132157683, 51.713471856524748 ], [ 14.678582877305715, 51.717267251409176 ], [ 14.677529753157604, 51.728802259899183 ], [ 14.663807317619618, 51.735821235799484 ], [ 14.656431333988831, 51.739596758635969 ], [ 14.655371698269386, 51.751131394199604 ], [ 14.654311800432007, 51.762666008338009 ], [ 14.653251636445196, 51.774200600920395 ], [ 14.652191200888138, 51.785735171764408 ], [ 14.651130486932439, 51.797269720635441 ], [ 14.637136582750093, 51.804409083141827 ], [ 14.617131835108582, 51.803624824762217 ], [ 14.609912914828442, 51.807309151940949 ], [ 14.595999269193856, 51.814397575885643 ], [ 14.588758251085615, 51.818090037647714 ], [ 14.587678465464935, 51.829623511147034 ], [ 14.594103082052001, 51.833800906865207 ], [ 14.606691686367258, 51.841910583249735 ], [ 14.605617290362892, 51.853444346462531 ], [ 14.611887341843909, 51.857517234445844 ], [ 14.6319235753913, 51.858223133804863 ], [ 14.644759795344585, 51.866476532633584 ], [ 14.650849485989321, 51.870426948204688 ], [ 14.663814745314234, 51.878755399863948 ], [ 14.669785847670703, 51.88262587833043 ], [ 14.682883643082544, 51.891031521178441 ], [ 14.688732665759773, 51.894819920926757 ], [ 14.701966482424933, 51.903304890153386 ], [ 14.700920480164086, 51.914840186042717 ], [ 14.699873985402055, 51.926375452188523 ], [ 14.70549186947037, 51.930009789663337 ], [ 14.718981834763296, 51.938646654485616 ], [ 14.717940283967158, 51.950182183279843 ], [ 14.716898121526128, 51.961717678025039 ], [ 14.715855311492286, 51.973253137423733 ], [ 14.714811817087336, 51.984788560147472 ], [ 14.720081320858265, 51.988192003454905 ], [ 14.733954569171152, 51.997058128675505 ], [ 14.7329154629073, 52.008593792338417 ], [ 14.731875518539681, 52.020129413804852 ], [ 14.73689698924769, 52.023368760194074 ], [ 14.75104142979284, 52.032396720024046 ], [ 14.750005424507481, 52.043932564774046 ], [ 14.748968407166604, 52.055468361117306 ], [ 14.753737855536047, 52.058541423136475 ], [ 14.768156404352426, 52.067733354749606 ], [ 14.752088643741928, 52.075894368031804 ], [ 14.746891159056071, 52.078539802201881 ], [ 14.745850840316367, 52.09007544377404 ], [ 14.729749641989708, 52.09824363835861 ], [ 14.709612681896662, 52.097456671541032 ], [ 14.70433077712055, 52.100140464179205 ], [ 14.688359383253603, 52.108232054815183 ], [ 14.683035847684547, 52.110934678179227 ], [ 14.681975751079381, 52.122469248958254 ], [ 14.680914530159511, 52.134003767024296 ], [ 14.679852150207514, 52.145538231108489 ], [ 14.684462727531606, 52.148509011018 ], [ 14.699051059201196, 52.157814550278367 ], [ 14.703523241162786, 52.160693894113642 ], [ 14.718261122043902, 52.170087971705939 ], [ 14.7018134000682, 52.178408039161212 ], [ 14.696930366608425, 52.180883782274314 ], [ 14.695867993944878, 52.19241830694898 ], [ 14.69480422611319, 52.203952769126083 ], [ 14.699078619075321, 52.206702439496908 ], [ 14.71402844758375, 52.216227084139931 ], [ 14.712966523997158, 52.2277616966281 ], [ 14.711903033080871, 52.23929624048872 ], [ 14.710837943413702, 52.250830714576452 ], [ 14.693978885792427, 52.259339663719473 ], [ 14.673769806538951, 52.258547486982636 ], [ 14.669157412979807, 52.260879639729964 ], [ 14.652428988151321, 52.269312429769577 ], [ 14.632216378181777, 52.268514669683221 ], [ 14.627465141726816, 52.270913624713792 ], [ 14.610860769743024, 52.279273852229792 ], [ 14.590644641118566, 52.278470493921589 ], [ 14.58576128416459, 52.280932666028633 ], [ 14.584663452811565, 52.29246523927619 ], [ 14.583564345892054, 52.303997753868117 ], [ 14.582463937482254, 52.315530208836748 ], [ 14.565804219363825, 52.323901294970661 ], [ 14.561039586556962, 52.326299272525347 ], [ 14.559932338347581, 52.337831339288691 ], [ 14.558823783107625, 52.34936334612204 ], [ 14.557713891854707, 52.360895291937133 ], [ 14.556602634242125, 52.372427175593721 ], [ 14.555489978389151, 52.383958995893131 ], [ 14.538576440330832, 52.392440347371462 ], [ 14.534031074705871, 52.394722398274034 ], [ 14.538082368490997, 52.397329702650993 ], [ 14.553260335752613, 52.40702244129497 ], [ 14.552143276021692, 52.418554063650411 ], [ 14.551024671834082, 52.43008561714241 ], [ 14.554884509114432, 52.432566688687331 ], [ 14.575178806026372, 52.433290451826878 ], [ 14.590627191200221, 52.443145347813747 ], [ 14.594324053276907, 52.445518400709254 ], [ 14.609878733834263, 52.455436366486694 ], [ 14.60876496341206, 52.466968400686163 ], [ 14.612333181639734, 52.469256573063682 ], [ 14.628023387209479, 52.479256451840136 ], [ 14.631503430741542, 52.481486310208126 ], [ 14.647286868407644, 52.491541366091205 ], [ 14.646172793921805, 52.503073577264637 ], [ 14.628478153105688, 52.511942489518837 ], [ 14.624672539699453, 52.513852433523468 ], [ 14.623551125002232, 52.525384239751645 ], [ 14.622427376397781, 52.536915948379168 ], [ 14.621301229453616, 52.548447557004707 ], [ 14.624632431760148, 52.550579313183789 ], [ 14.640566832194102, 52.560733151897004 ], [ 14.639438079054324, 52.572264754133712 ], [ 14.62157803132963, 52.581203201130592 ], [ 14.617907719378996, 52.583041757541288 ], [ 14.616771289305213, 52.594572940431298 ], [ 14.615632106130469, 52.606104010081459 ], [ 14.597744564722369, 52.615046066719842 ], [ 14.59408521134902, 52.616876373014208 ], [ 14.576205836046656, 52.625808671319099 ], [ 14.555827968917145, 52.625029919629192 ], [ 14.552125990588937, 52.626878891294993 ], [ 14.534273932461335, 52.635788440695833 ], [ 14.530564539731859, 52.637639492686681 ], [ 14.512709139178362, 52.646545067160076 ], [ 14.508996597533971, 52.648396066748646 ], [ 14.491133580216639, 52.657299798192682 ], [ 14.470742995568122, 52.656510751967346 ], [ 14.467012316661032, 52.658368123837285 ], [ 14.46584125385044, 52.669897124976849 ], [ 14.447950130895206, 52.678803560087651 ], [ 14.444253850509426, 52.680641604846173 ], [ 14.44307491891823, 52.692170167460752 ], [ 14.425133321086925, 52.701093812582897 ], [ 14.421476027808636, 52.702910292230129 ], [ 14.403508372820076, 52.711841188874381 ], [ 14.399870614872651, 52.713646376834873 ], [ 14.398678571296067, 52.725174168708975 ], [ 14.380650523763029, 52.734127038910479 ], [ 14.377061542063897, 52.735905885304852 ], [ 14.358997683190369, 52.744870747894012 ], [ 14.355437928571313, 52.746633553929207 ], [ 14.337334007615842, 52.755612470568487 ], [ 14.333807705793753, 52.757357171444937 ], [ 14.315659490178737, 52.766352187848014 ], [ 14.312170846024014, 52.768076734592618 ], [ 14.293974124204082, 52.777089879193774 ], [ 14.273531337817042, 52.776284145423439 ], [ 14.27010007627702, 52.777977878205462 ], [ 14.268877091807681, 52.789503684142225 ], [ 14.25057082086362, 52.798559094953504 ], [ 14.247220129319222, 52.800211063424115 ], [ 14.228852871066685, 52.809290571444841 ], [ 14.225556393900185, 52.810914374099291 ], [ 14.207124047869019, 52.820019926234224 ], [ 14.186662961070583, 52.819205375983337 ], [ 14.183452854207864, 52.820784347206313 ], [ 14.164918681887361, 52.829930376715375 ], [ 14.144454060083968, 52.82910968808779 ], [ 14.141339897838938, 52.830639250305722 ], [ 14.140088321162033, 52.842163134119566 ], [ 14.138832891560323, 52.853686851831739 ], [ 14.141512071537049, 52.855413322248431 ], [ 14.158012549454073, 52.866047496560135 ], [ 14.156750628116432, 52.877571054509367 ], [ 14.159417616355119, 52.879287931467971 ], [ 14.175926830276026, 52.889928360302967 ], [ 14.157198958995657, 52.899153555533601 ], [ 14.154214014420974, 52.900617623647108 ], [ 14.152939133985452, 52.912140627050995 ], [ 14.1516597580751, 52.923663438320716 ], [ 14.150375812022169, 52.935186054350254 ], [ 14.14908722996314, 52.946708472391613 ], [ 14.147793955365771, 52.958230690076746 ], [ 14.150397783308057, 52.95990443470545 ], [ 14.166948803143534, 52.970587944935723 ], [ 14.169630065238881, 52.972310080792774 ], [ 14.19015637084958, 52.973187760313458 ], [ 14.206557169452584, 52.983770189404993 ], [ 14.209405094974265, 52.985596819820536 ], [ 14.229938606605288, 52.986470740367388 ], [ 14.246168581645883, 52.996938861339231 ], [ 14.249203833064055, 52.998882924481634 ], [ 14.265324129776339, 53.00927939610871 ], [ 14.268479399579061, 53.011298704981066 ], [ 14.28902636918302, 53.012167834269967 ], [ 14.304941728531354, 53.022427904393815 ], [ 14.308318568891103, 53.024585996057013 ], [ 14.32409990899221, 53.034758526923149 ], [ 14.327621214157212, 53.037007131752105 ], [ 14.343259080757687, 53.047085891207139 ], [ 14.346934354628861, 53.049430925028091 ], [ 14.362419859191878, 53.059410021734948 ], [ 14.361108325161332, 53.070932855524831 ], [ 14.365013897060217, 53.073422290939945 ], [ 14.380270581913889, 53.083253870180968 ], [ 14.378954947736119, 53.094776656681276 ], [ 14.377636140125576, 53.106299309174254 ], [ 14.37631429532504, 53.1178218329309 ], [ 14.38062699208318, 53.120566788322378 ], [ 14.39548045886168, 53.130140074498094 ], [ 14.394156422443961, 53.141662626705319 ], [ 14.377476568868564, 53.149865435183521 ], [ 14.372331962758937, 53.15238868698146 ], [ 14.370999409991471, 53.163910751625963 ], [ 14.369664553716495, 53.175432715987164 ], [ 14.374398408174642, 53.17844249951186 ], [ 14.388837054039204, 53.187751828258179 ], [ 14.387502162532781, 53.199273906090433 ], [ 14.392539032865674, 53.202473065317022 ], [ 14.40668530723212, 53.21159025744354 ], [ 14.405351570143626, 53.223112494580931 ], [ 14.410698924200192, 53.226505372390385 ], [ 14.424547355665791, 53.235426157385845 ], [ 14.430114955380757, 53.238955913592655 ], [ 14.443753645206602, 53.247736919266842 ], [ 14.449542225798837, 53.251403793281575 ], [ 14.462971138884367, 53.260044802642867 ], [ 14.447831691118353, 53.267482982837706 ], [ 14.441098146546397, 53.270782320767864 ], [ 14.425917404233742, 53.278235360161965 ], [ 14.419216696863952, 53.281515663410872 ], [ 14.417882416009698, 53.293037950638748 ], [ 14.41654772934946, 53.304560211458416 ], [ 14.415212748065709, 53.316082450174825 ], [ 14.413877577766753, 53.327604670881257 ], [ 14.412542318331766, 53.339126877453019 ], [ 14.411207063795507, 53.35064907354289 ], [ 14.396574004311319, 53.357816978630794 ], [ 14.389283035883505, 53.361376042821824 ], [ 14.395747646687267, 53.365467195033958 ], [ 14.408536915905891, 53.373693447757745 ], [ 14.394094114443231, 53.380764632960954 ], [ 14.386601589054967, 53.384419689400787 ], [ 14.385261205988675, 53.395941510207912 ], [ 14.383921142913072, 53.40746333301442 ], [ 14.382581462268131, 53.418985160277344 ], [ 14.381242220689646, 53.43050699423052 ], [ 14.379903469118757, 53.442028836888475 ], [ 14.378565252931175, 53.453550690051351 ], [ 14.364605577957064, 53.460369978619866 ], [ 14.356586810226627, 53.46427052431585 ], [ 14.355243439384767, 53.475792022965948 ], [ 14.353900665674004, 53.487313534851495 ], [ 14.352558517082192, 53.498835061106504 ], [ 14.33878520452533, 53.505552986799152 ], [ 14.330553467524606, 53.509549551857546 ], [ 14.329206147368287, 53.521070722766353 ], [ 14.32785947601753, 53.532591909317816 ], [ 14.314177221346299, 53.539256677100255 ], [ 14.30583322408946, 53.543301402595773 ], [ 14.30448130985617, 53.55482223053415 ], [ 14.311932401047896, 53.559528802212682 ], [ 14.323823461176868, 53.567155567442875 ], [ 14.322479471544282, 53.578676820401796 ], [ 14.321136154829183, 53.59019809017272 ], [ 14.319793505116579, 53.601719376568795 ], [ 14.318451513403934, 53.613240679282022 ], [ 14.305258120771065, 53.619655525715316 ], [ 14.296383449792318, 53.623947535636958 ], [ 14.295036029962224, 53.635468474619024 ], [ 14.293689213811636, 53.646989428131242 ], [ 14.292342983618866, 53.658510395519215 ], [ 14.279263029819022, 53.664859509504026 ], [ 14.270246511616723, 53.669211815100354 ], [ 14.278212507344069, 53.674235727005723 ], [ 14.289652199296013, 53.681552368871927 ], [ 14.276686953830012, 53.687842266837876 ], [ 14.267543281485279, 53.692253016338356 ], [ 14.266192413880546, 53.703773633114125 ], [ 14.264842010613666, 53.71529425937171 ], [ 14.263492044336566, 53.726814894069186 ], [ 14.271727044856787, 53.732002792436411 ], [ 14.282933868602202, 53.739157484046778 ], [ 14.270229629406415, 53.745311837072556 ], [ 14.260793306948036, 53.749856184358336 ], [ 14.269127126010892, 53.755104040941561 ], [ 14.280249394788697, 53.762199580286641 ], [ 14.278907645857949, 53.773720634401926 ], [ 14.277566178168325, 53.785241690825607 ], [ 14.276224957898318, 53.796762748260136 ], [ 14.263747909380522, 53.802797889773387 ], [ 14.254051978789519, 53.807459476075074 ], [ 14.252704395426223, 53.818980135599858 ], [ 14.251356959964124, 53.830500792449868 ], [ 14.238887044576291, 53.836523223266674 ], [ 14.229159969764687, 53.841192374381464 ], [ 14.227805967152884, 53.852712624207044 ], [ 14.226452013411238, 53.864232867651545 ], [ 14.225098073931131, 53.875753103369021 ], [ 14.223744114136347, 53.887273330013933 ], [ 14.222390099550658, 53.898793546243894 ], [ 14.210032501966209, 53.904746455632541 ], [ 14.200148310372709, 53.909478729773099 ], [ 14.208861528443729, 53.91495537131533 ], [ 14.219681768973878, 53.921833942120209 ], [ 14.22852821891469, 53.927389699621742 ], [ 14.249520798347966, 53.928278226026485 ], [ 14.270514575178412, 53.929162339538443 ], [ 14.291509543758886, 53.930042039228411 ], [ 14.301844469969847, 53.925083471127977 ], [ 14.31380133970068, 53.919376907573735 ], [ 14.324198126634506, 53.914384067217014 ], [ 14.336081848440198, 53.908707233141548 ], [ 14.357068748966537, 53.909574007092253 ], [ 14.378056819757219, 53.910436346202907 ], [ 14.388225182950878, 53.916865326245883 ], [ 14.397774481806596, 53.92283449870736 ], [ 14.418770677028514, 53.92368783209659 ], [ 14.439768024606625, 53.924536739514217 ], [ 14.449679726570931, 53.930787553999188 ], [ 14.459511512541996, 53.936920667773158 ], [ 14.46932796386781, 53.943104783304896 ], [ 14.479266912234774, 53.949299568769902 ], [ 14.488991285015812, 53.95541913596638 ], [ 14.49903422323615, 53.961673506481333 ], [ 14.52005353716339, 53.962504475345966 ], [ 14.529619315119254, 53.968513400428094 ], [ 14.539839692154732, 53.974869056123531 ], [ 14.560867054726227, 53.975691178255353 ], [ 14.570281948513841, 53.981594687276974 ], [ 14.58067204078286, 53.988046519528986 ], [ 14.601707430520555, 53.988859835996706 ], [ 14.622743918232675, 53.989668772288944 ], [ 14.631952774281437, 53.995428455708499 ], [ 14.642574630925241, 54.002010604600365 ], [ 14.663619112600511, 54.002810785345496 ], [ 14.684664674524814, 54.003606596173398 ], [ 14.693681360935496, 54.009231809185927 ], [ 14.704521077657839, 54.015935103484082 ], [ 14.725574600583242, 54.016722209061186 ], [ 14.734467272971818, 54.022260143938965 ], [ 14.745449781449295, 54.029041878066622 ], [ 14.766511244508537, 54.029820319034719 ], [ 14.775286349294687, 54.035275314482575 ], [ 14.786405192696932, 54.042131258747133 ], [ 14.80747457517351, 54.042901075814385 ], [ 14.828544996431233, 54.043666554409533 ], [ 14.849616450621882, 54.044427696226663 ], [ 14.858181819628804, 54.049735006303152 ], [ 14.869542870308512, 54.05672153438136 ], [ 14.89062219962311, 54.057474115017442 ], [ 14.911702544141592, 54.058222371961442 ], [ 14.932783897985642, 54.058966307426694 ], [ 14.941159382887944, 54.064139173206989 ], [ 14.952742721347953, 54.071243310580073 ], [ 14.973831906139297, 54.071978750667675 ], [ 14.982116887758199, 54.077086797892967 ], [ 14.993809434382786, 54.084247468566552 ], [ 15.014906429790267, 54.084974457059438 ], [ 15.036004404881714, 54.085697151371797 ], [ 15.04416531321923, 54.090716313867006 ], [ 15.056007440364461, 54.097953577589564 ], [ 15.077113193965923, 54.098667878167149 ], [ 15.098219909465742, 54.099377901112668 ], [ 15.10626667310664, 54.104314790097291 ], [ 15.118248421703035, 54.111622216894958 ], [ 15.139362883714547, 54.112323906139039 ], [ 15.160478289836139, 54.11302133546878 ], [ 15.16842020160111, 54.117882137886646 ], [ 15.180532249020205, 54.125253723793463 ], [ 15.201655369796503, 54.125942881444985 ], [ 15.20953088907933, 54.130755007206659 ], [ 15.22172797842609, 54.138167508503692 ], [ 15.242858793998845, 54.138848442765671 ], [ 15.263990524112048, 54.139525151117986 ], [ 15.271775195648942, 54.144270546597845 ], [ 15.284088536230881, 54.151738173671205 ], [ 15.305227929700163, 54.15240672258944 ], [ 15.32636822005194, 54.153071065438148 ], [ 15.347509401381567, 54.153731206674969 ], [ 15.368651467789629, 54.154387150796296 ], [ 15.389794413382972, 54.155038902326417 ], [ 15.39742392027015, 54.159669167486179 ], [ 15.409938008408542, 54.16722885227329 ], [ 15.43108855144334, 54.167872554550144 ], [ 15.452239956227274, 54.168512084091624 ], [ 15.473392216917381, 54.169147445323787 ], [ 15.494545327682667, 54.169778642632608 ], [ 15.5156992827051, 54.170405680351337 ], [ 15.523200909022396, 54.174938686641802 ], [ 15.535888306410033, 54.18257307676253 ], [ 15.55704979464786, 54.183192168410393 ], [ 15.578212110084809, 54.183807118368549 ], [ 15.585655779370093, 54.188295168558774 ], [ 15.598426385656154, 54.195963658291348 ], [ 15.619596205438254, 54.1965707135965 ], [ 15.640766835641136, 54.197173642961687 ], [ 15.661938270599467, 54.197772449633803 ], [ 15.669314687888619, 54.202207298241859 ], [ 15.682184450733908, 54.209914528290902 ], [ 15.703363351280368, 54.210505493308354 ], [ 15.724543040193762, 54.211092347861161 ], [ 15.745723511908386, 54.211675094261075 ], [ 15.753041179111122, 54.216062261952089 ], [ 15.766001554205058, 54.2238028561448 ], [ 15.787189454292632, 54.224377798231338 ], [ 15.794475670766506, 54.228739670626439 ], [ 15.807486033880075, 54.236498707374196 ], [ 15.828681347127318, 54.237065858001756 ], [ 15.849877416939893, 54.237628912078399 ], [ 15.85712423827602, 54.241957979598723 ], [ 15.870199179979537, 54.249739290230153 ], [ 15.89140263821203, 54.250294560085727 ], [ 15.912606837563656, 54.250845734684582 ], [ 15.933811772688633, 54.251392813681001 ], [ 15.955017438254851, 54.251935796529061 ], [ 15.976223828942874, 54.252474682489485 ], [ 15.997430939444882, 54.253009470637437 ], [ 16.018638764463557, 54.253540159871292 ], [ 16.025822414862414, 54.257808307657029 ], [ 16.039018802650126, 54.265621510312734 ], [ 16.060233943301107, 54.266144394708419 ], [ 16.081449783481474, 54.26666317417812 ], [ 16.088609618409336, 54.270908025069474 ], [ 16.101854953832465, 54.278733856642859 ], [ 16.12307808705312, 54.279244804100863 ], [ 16.130218955179981, 54.283472030669337 ], [ 16.14350179237579, 54.291308456931276 ], [ 16.150625533031391, 54.295521947630277 ], [ 16.163937445295602, 54.303368766633291 ], [ 16.185174455802898, 54.303868093080759 ], [ 16.1922811918737, 54.308065061721436 ], [ 16.205628666143756, 54.315921238206627 ], [ 16.212718922535302, 54.320104801290604 ], [ 16.226094848534174, 54.327970936552482 ], [ 16.233168850444997, 54.332141201047854 ], [ 16.246573014607129, 54.340017142162587 ], [ 16.253631062709676, 54.344174258017567 ], [ 16.26706317598466, 54.35205980807924 ], [ 16.274105647415425, 54.356203969188151 ], [ 16.287565344241131, 54.364098886859431 ], [ 16.294592692695435, 54.368230331490423 ], [ 16.308079530868611, 54.376134331081644 ], [ 16.315092285828154, 54.380253341777284 ], [ 16.314317341737318, 54.391801115068759 ], [ 16.327854172986591, 54.39972556834612 ], [ 16.334835016469036, 54.403820944317616 ], [ 16.348397875004817, 54.411753759004824 ], [ 16.355365463631006, 54.415837414628349 ], [ 16.35460110754109, 54.427385510293746 ], [ 16.368212446466838, 54.43533778620656 ], [ 16.375149994019491, 54.43939879228892 ], [ 16.388785753108905, 54.447358425213189 ], [ 16.395711855996826, 54.45140870761854 ], [ 16.394958433753651, 54.462957126893031 ], [ 16.408640400357434, 54.470934790855168 ], [ 16.415539053853561, 54.47496384532127 ], [ 16.429243397811849, 54.482947613787999 ], [ 16.436132821266703, 54.486967188387574 ], [ 16.435390642805096, 54.498515931407873 ], [ 16.449138262499321, 54.506515925373904 ], [ 16.45600343538846, 54.510516067477958 ], [ 16.469771033317969, 54.518520713558615 ], [ 16.491125168015859, 54.51896202095719 ], [ 16.497993493650029, 54.522956921223191 ], [ 16.511776715139636, 54.530958723354487 ], [ 16.518640304021616, 54.534946717823132 ], [ 16.532440422375736, 54.54295134495483 ], [ 16.553808397296386, 54.543380417500202 ], [ 16.560680592690417, 54.547366325214931 ], [ 16.57449089168788, 54.555364921073611 ], [ 16.595866064997018, 54.555785795828101 ], [ 16.617241812450914, 54.55620250062475 ], [ 16.624140403803125, 54.560193722017559 ], [ 16.637949702412151, 54.568174875224074 ], [ 16.659332619604719, 54.568583408926202 ], [ 16.680716093876836, 54.568987786872086 ], [ 16.702100119432487, 54.569388013519252 ], [ 16.723484690477289, 54.569784093458466 ], [ 16.744869801219313, 54.570176031405133 ], [ 16.766255445869888, 54.570563832190395 ], [ 16.773259560984137, 54.574594552072469 ], [ 16.787015038650036, 54.582508227576305 ], [ 16.808407778738648, 54.582887943148705 ], [ 16.829801035641051, 54.583263539965351 ], [ 16.836852440151176, 54.587311665417346 ], [ 16.850585939770358, 54.595196018212576 ], [ 16.871986262905601, 54.595563576856328 ], [ 16.893387085800939, 54.595927036433686 ], [ 16.914788402712613, 54.596286402418606 ], [ 16.921915722502966, 54.600365566418169 ], [ 16.935605141947988, 54.608203166108147 ], [ 16.942743117231228, 54.612284383534195 ], [ 16.956434074284559, 54.62011598096457 ], [ 16.963583478428269, 54.624199710236503 ], [ 16.9772752066966, 54.632024867390271 ], [ 16.984436766661634, 54.636111540567413 ], [ 16.998128546141803, 54.643929847080102 ], [ 17.005302940456485, 54.64801986856525 ], [ 17.018994099575625, 54.655830942795355 ], [ 17.026181956708044, 54.659924688273094 ], [ 17.039871873964859, 54.667728178139868 ], [ 17.061312888642679, 54.668060357373982 ], [ 17.068540637832562, 54.672170197996095 ], [ 17.082209422299286, 54.679949956892372 ], [ 17.089451995675876, 54.684064332683292 ], [ 17.103118189982769, 54.691835759270141 ], [ 17.124572705670364, 54.692156344981782 ], [ 17.131857262397993, 54.696288036722464 ], [ 17.145500238686978, 54.704034612079511 ], [ 17.1669617070783, 54.704347439067604 ], [ 17.174289350180992, 54.708497081067264 ], [ 17.187908005734307, 54.716218230162163 ], [ 17.209376410080804, 54.716523331188981 ], [ 17.216748047688618, 54.720691441368871 ], [ 17.230341475028585, 54.728386702474381 ], [ 17.251816798820332, 54.728684107616026 ], [ 17.259233155183686, 54.732871093736257 ], [ 17.272800631072023, 54.740540111540938 ], [ 17.294282858033242, 54.740829847961457 ], [ 17.315765476278912, 54.74111562221848 ], [ 17.337248480419067, 54.741397436940929 ], [ 17.344767902081266, 54.745630976360736 ], [ 17.358264068000661, 54.753238761843583 ], [ 17.379753938476416, 54.753512946815498 ], [ 17.401244179113476, 54.753783181670734 ], [ 17.422734784562568, 54.754049468543535 ], [ 17.444225749480001, 54.754311809536446 ], [ 17.465717068526708, 54.754570206742514 ], [ 17.473402524165113, 54.758880305911447 ], [ 17.486777307945392, 54.766389661691925 ], [ 17.508275436555412, 54.766640470524337 ], [ 17.529773903727417, 54.766887342901065 ], [ 17.551272704138363, 54.767130280922672 ], [ 17.57277183246509, 54.767369286815637 ], [ 17.580597369687254, 54.771743627450803 ], [ 17.593870165196261, 54.779170658864246 ], [ 17.615376057124447, 54.779402104551195 ], [ 17.636882261451376, 54.779629625683462 ], [ 17.658388772850437, 54.779853225112525 ], [ 17.666324941725968, 54.78427769084491 ], [ 17.679518701436884, 54.79164022209924 ], [ 17.70103194082888, 54.791856284315053 ], [ 17.722545471765422, 54.79206843430692 ], [ 17.73056075577971, 54.796527917209382 ], [ 17.743700543590055, 54.803844721119539 ], [ 17.765220777112322, 54.804049353782375 ], [ 17.786741286621702, 54.804250086223533 ], [ 17.808262066759614, 54.804446923858364 ], [ 17.816388414325555, 54.8089564032908 ], [ 17.829448676866214, 54.816208936448774 ], [ 17.8509761239015, 54.81639829122723 ], [ 17.872503825946286, 54.816583768644229 ], [ 17.88070835279116, 54.82112748526761 ], [ 17.893715546515033, 54.828335156253985 ], [ 17.915249889913824, 54.828513184833255 ], [ 17.936784472656658, 54.828687358872678 ], [ 17.958319289346612, 54.828857688666368 ], [ 17.979854334583322, 54.829024185510164 ], [ 18.001389602964156, 54.829186861762309 ], [ 18.022925089085565, 54.829345730904272 ], [ 18.044460787544654, 54.829500807601569 ], [ 18.065996692940935, 54.829652107763827 ], [ 18.087532799878318, 54.829799648603881 ], [ 18.109069102967315, 54.829943448695126 ], [ 18.130605596827483, 54.83008352802652 ], [ 18.15214227609011, 54.830219908054652 ], [ 18.17367913540113, 54.830352611751685 ], [ 18.19521616942432, 54.830481663648598 ], [ 18.21675337284471, 54.830607089872679 ], [ 18.238290740372271, 54.830728918178096 ], [ 18.259828266745824, 54.830847177968259 ], [ 18.281365946737218, 54.830961900308964 ], [ 18.302903775155702, 54.831073117930977 ], [ 18.324441746852536, 54.831180865220098 ], [ 18.345979856725744, 54.8312851781942 ], [ 18.358680247313419, 54.824593610169551 ], [ 18.367698973599442, 54.819811593794419 ], [ 18.380339015857874, 54.813145765252507 ], [ 18.389405778479485, 54.80833441886373 ], [ 18.401986187983496, 54.801694008302221 ], [ 18.411100278228719, 54.796853764255033 ], [ 18.423621968120848, 54.790238344780477 ], [ 18.423758042226339, 54.778678627139705 ], [ 18.423894039374492, 54.76711888722091 ], [ 18.411629379583459, 54.7604148463789 ], [ 18.402554958310674, 54.755455250739956 ], [ 18.402696935865528, 54.743895505546178 ], [ 18.402838847652159, 54.73233573812383 ], [ 18.412107659008484, 54.727405243887084 ], [ 18.424437469964158, 54.720879705700312 ], [ 18.433752355917431, 54.715921147514138 ], [ 18.446025377855978, 54.709419783814802 ], [ 18.455384811580402, 54.704434051692715 ], [ 18.467602813102765, 54.69795597756687 ], [ 18.467726660358874, 54.686396010742364 ], [ 18.46785056121653, 54.674836022177487 ], [ 18.467974526682173, 54.663276011916999 ], [ 18.468098567555373, 54.651715980004766 ], [ 18.468222694390722, 54.640155926483537 ], [ 18.477747933124046, 54.635072496095695 ], [ 18.499182746215165, 54.635154737323241 ], [ 18.51117710696413, 54.628776300528905 ], [ 18.511289931513161, 54.617216139157996 ], [ 18.511402922336472, 54.605655956428642 ], [ 18.521025616680571, 54.600513284348118 ], [ 18.532917013658803, 54.594180217710296 ], [ 18.533024731143851, 54.58261996255068 ], [ 18.542701709551896, 54.577444358757809 ], [ 18.554524523386831, 54.571140319211985 ], [ 18.554627130842142, 54.559579993477556 ], [ 18.554729999107128, 54.54801964662601 ], [ 18.554833135175979, 54.536459278679473 ], [ 18.554936545260471, 54.524898889657166 ], [ 18.555040234739366, 54.51333847957526 ], [ 18.555144208108111, 54.50177804844661 ], [ 18.564968766542162, 54.496514866989095 ], [ 18.576604378090302, 54.490294269619667 ], [ 18.565101704578971, 54.4839915297662 ], [ 18.555353019781979, 54.478657123083408 ], [ 18.555457862216354, 54.46709662885673 ], [ 18.555562996703603, 54.455536113598733 ], [ 18.565459575307116, 54.450230619390688 ], [ 18.577003048741112, 54.444052144779015 ], [ 18.58691433894861, 54.438736367718661 ], [ 18.598435445784531, 54.432564344945938 ], [ 18.598530991332378, 54.421003715123867 ], [ 18.608467352770028, 54.41567129621194 ], [ 18.629787778995283, 54.415743710816336 ], [ 18.641277917429651, 54.409577264016932 ], [ 18.651206477305688, 54.404245453292212 ], [ 18.672521053507268, 54.404313676804051 ], [ 18.684015487385228, 54.39813567251182 ], [ 18.6939218263458, 54.392812367224963 ], [ 18.705416350684221, 54.386628798746287 ], [ 18.715310613764551, 54.381309900110452 ], [ 18.726810163958849, 54.375118108339898 ], [ 18.736687427563744, 54.369806285894988 ], [ 18.757984300046218, 54.369866739520553 ], [ 18.779281236666577, 54.369924900683571 ], [ 18.800578234881275, 54.369980754563045 ], [ 18.812174248536405, 54.363720096626245 ], [ 18.821925319895161, 54.358470383693025 ], [ 18.843216450596483, 54.358521980829579 ], [ 18.854875291398177, 54.352217981411194 ], [ 18.86454567006076, 54.347008348270442 ], [ 18.885830928904156, 54.347055521889594 ], [ 18.907116237061548, 54.34710021105338 ], [ 18.928401591701594, 54.347142369457536 ], [ 18.937806588212826, 54.352289201333505 ], [ 18.94967286420643, 54.358743268920172 ], [ 18.961554903974161, 54.352299101491759 ], [ 18.970972428640284, 54.34721888805209 ], [ 18.99225790477999, 54.34725313576903 ], [ 19.01354341506503, 54.347284628420191 ], [ 19.034828956109699, 54.347313301750411 ], [ 19.056114524392029, 54.347339088958506 ], [ 19.077400116247894, 54.347361921091277 ], [ 19.098685727866481, 54.347381727447782 ], [ 19.119971355286904, 54.347398435988701 ], [ 19.141256994396215, 54.347411973746098 ], [ 19.162542640928542, 54.347422267228779 ], [ 19.183828290465559, 54.347429242818855 ], [ 19.192505058472232, 54.352151716158495 ], [ 19.205171511435989, 54.358991178472493 ], [ 19.226463127025859, 54.358991156611523 ], [ 19.247754731415089, 54.358987613107544 ], [ 19.269046319616852, 54.358980476787693 ], [ 19.290337886508073, 54.3589696780328 ], [ 19.298679824293803, 54.363496724701506 ], [ 19.311716932035463, 54.370513082246511 ], [ 19.333014418442414, 54.370494673353754 ], [ 19.354311867411489, 54.370472415469024 ], [ 19.375609273347798, 54.370446246901125 ], [ 19.383684833697842, 54.37481753017525 ], [ 19.397018128158837, 54.381973910343348 ], [ 19.418321413131835, 54.381939693466883 ], [ 19.426269658674393, 54.386235737459735 ], [ 19.439748188889869, 54.393459249712897 ], [ 19.461057333673644, 54.39341679333797 ], [ 19.468880494673979, 54.397638844248988 ], [ 19.482502028011471, 54.404928070352454 ], [ 19.503817012755803, 54.404877198739648 ], [ 19.511517917488931, 54.409026826676211 ], [ 19.52527962268428, 54.416380034177756 ], [ 19.546600427009302, 54.416320588475507 ], [ 19.554182450929019, 54.420399660288027 ], [ 19.568080948995277, 54.42781483158862 ], [ 19.575607973889596, 54.43186051324269 ], [ 19.589573485358187, 54.439304769141096 ], [ 19.597046313559595, 54.443317509252978 ], [ 19.611078042545053, 54.450790363543454 ], [ 19.61849753723525, 54.454770642776374 ], [ 19.632594626940595, 54.462271578006124 ], [ 19.646458107207526, 54.45462430704324 ], [ 19.65375469657987, 54.450631843792976 ], [ 19.675092833497384, 54.450545901587645 ], [ 19.696430835189897, 54.450455474962631 ], [ 19.717768695288651, 54.45036054505821 ], [ 19.739106407430356, 54.450261095492621 ], [ 19.760443965261171, 54.450157112228418 ], [ 19.781781362440189, 54.450048583436306 ], [ 19.803118592642523, 54.44993549935765 ], [ 19.817380261402516, 54.442027897951277 ], [ 19.824223517763002, 54.438260067465009 ], [ 19.845554388650335, 54.438137894056474 ], [ 19.866885073866435, 54.43801114872678 ], [ 19.888215567181998, 54.437879828808008 ], [ 19.909545862392996, 54.437743933019604 ], [ 19.930875953321596, 54.437603461347884 ], [ 19.952205833816723, 54.437458414930546 ], [ 19.966738563989587, 54.429363797085003 ], [ 19.973261519781452, 54.425751392990072 ], [ 19.994584960096976, 54.425597257618165 ], [ 20.015908171908009, 54.425438559179874 ], [ 20.037231149180631, 54.425275302425334 ], [ 20.058553885907582, 54.425107492751536 ], [ 20.07987637610783, 54.424935136121938 ], [ 20.101198613826057, 54.424758238991622 ], [ 20.122520593132016, 54.424576808238051 ], [ 20.137273466851756, 54.416317088194525 ], [ 20.143520557554908, 54.412833956712753 ], [ 20.164836007512179, 54.41264355112623 ], [ 20.18615118168788, 54.412448637171877 ], [ 20.207466074251958, 54.41224922282904 ], [ 20.228780679395573, 54.412045316227207 ], [ 20.250094991330268, 54.411836925606636 ], [ 20.27140900428719, 54.411624059282957 ], [ 20.292722712516269, 54.411406725615713 ], [ 20.307605437138641, 54.403031231433431 ], [ 20.313666670812488, 54.399628665051232 ], [ 20.334973764141015, 54.39940251092694 ], [ 20.356280535926523, 54.399171917210914 ], [ 20.377586980492925, 54.398936892173197 ], [ 20.398893092179236, 54.398697444017877 ], [ 20.420198865338893, 54.398453580869415 ], [ 20.435124282614627, 54.390020958726971 ], [ 20.441099216424835, 54.386649586988568 ], [ 20.462398313586672, 54.386397020224976 ], [ 20.483697055728079, 54.386140064853464 ], [ 20.50499543726049, 54.385878728562311 ], [ 20.526293452606996, 54.385613018920012 ], [ 20.547591096201923, 54.38534294337159 ], [ 20.568888362490416, 54.385068509235936 ], [ 20.59018524592803, 54.38478972370411 ], [ 20.605102153907062, 54.376318354352229 ], [ 20.61102913583905, 54.372951708517789 ], [ 20.632319262119175, 54.37266436146534 ], [ 20.653608989383049, 54.372372686252319 ], [ 20.674898312129816, 54.372076689528562 ], [ 20.696187224867302, 54.371776377815216 ], [ 20.717475722111697, 54.371471757505276 ], [ 20.738763798387247, 54.371162834864258 ], [ 20.760051448225973, 54.370849616030732 ], [ 20.78133866616734, 54.370532107016693 ], [ 20.80262544675794, 54.370210313707744 ], [ 20.817436758902296, 54.361745097258385 ], [ 20.823399809114729, 54.358330588732976 ], [ 20.844679732223195, 54.358000385330406 ], [ 20.86595920211899, 54.357665916738732 ], [ 20.887238213378783, 54.357327188311238 ], [ 20.908516760584508, 54.356984205271196 ], [ 20.929794838322973, 54.35663697270968 ], [ 20.95107244118535, 54.35628549558291 ], [ 20.972349563766702, 54.355929778709111 ], [ 20.993626200665435, 54.355569826764814 ], [ 21.01490234648276, 54.355205644280737 ], [ 21.036177995822047, 54.354837235637099 ], [ 21.057453143288228, 54.354464605058652 ], [ 21.078727783487082, 54.354087756609104 ], [ 21.100001911024563, 54.353706694185412 ], [ 21.114509569302413, 54.34534151203821 ], [ 21.120680474116622, 54.341769832049529 ], [ 21.141947604634989, 54.341380521389361 ], [ 21.163214206835292, 54.340987009470382 ], [ 21.184480275323075, 54.340589299476186 ], [ 21.205745804700328, 54.340187394396317 ], [ 21.22701078956467, 54.339781297019954 ], [ 21.241337489828986, 54.331487923691796 ], [ 21.247644892456048, 54.327820337724404 ], [ 21.268902823856624, 54.32740604240832 ], [ 21.275689446054791, 54.330844667376361 ], [ 21.290802422972988, 54.338537875872177 ], [ 21.312065175644602, 54.338115032986515 ], [ 21.333327356695978, 54.337688008541221 ], [ 21.354588960680669, 54.337256804006486 ], [ 21.375849982142007, 54.336821420617568 ], [ 21.389931500793768, 54.328634943769835 ], [ 21.396438458435409, 54.324832489781741 ], [ 21.417692354433001, 54.324388947430641 ], [ 21.438945652113041, 54.32394123121427 ], [ 21.460198345983613, 54.323489341509152 ], [ 21.481450430539994, 54.323033278461303 ], [ 21.502701900264267, 54.322573041988797 ], [ 21.523952749624929, 54.322108631785852 ], [ 21.545202973076677, 54.321640047327904 ], [ 21.566452565060239, 54.321167287878161 ], [ 21.573793559839903, 54.324850955380363 ], [ 21.588426948867571, 54.332237851515323 ], [ 21.609681198876498, 54.331756514599846 ], [ 21.630934799874119, 54.331270995465715 ], [ 21.652187746227195, 54.330781292462795 ], [ 21.673440032288696, 54.330287403775721 ], [ 21.694691652398358, 54.329789327438839 ], [ 21.715942600883395, 54.329287061352503 ], [ 21.737192872059303, 54.328780603300565 ], [ 21.758442460230832, 54.328269950969315 ], [ 21.779691359693086, 54.327755101967448 ], [ 21.787537838975641, 54.331664290377361 ], [ 21.801724874418039, 54.338780912035872 ], [ 21.822978312121982, 54.338257388585795 ], [ 21.844231042953872, 54.337729655435652 ], [ 21.865483061159082, 54.337197709911685 ], [ 21.886734360980391, 54.336661549376146 ], [ 21.907984936659904, 54.336121171253453 ], [ 21.929234782441117, 54.33557657305689 ], [ 21.950483892571121, 54.335027752415805 ], [ 21.9717322613029, 54.334474707103475 ], [ 21.992979882897728, 54.333917435064997 ], [ 22.014226751627714, 54.333355934445748 ], [ 22.035472861778384, 54.332790203619609 ], [ 22.056718207651414, 54.33222024121752 ], [ 22.065361652795865, 54.336487065111925 ], [ 22.078825725712306, 54.343186605673374 ], [ 22.100075447521828, 54.342607812283838 ], [ 22.121324386722343, 54.342024776934259 ], [ 22.142572537678937, 54.341437499375559 ], [ 22.163819894787199, 54.340845979756416 ], [ 22.185066452476285, 54.34025021864997 ], [ 22.206312205212072, 54.339650217079736 ], [ 22.227557147500264, 54.339045976544874 ], [ 22.248801273889558, 54.33843749904451 ], [ 22.270044578974801, 54.337824787101198 ], [ 22.291287057400123, 54.337207843783268 ], [ 22.312528703862061, 54.336586672726035 ], [ 22.322063262976396, 54.341253668267122 ], [ 22.334704055564185, 54.347496612214165 ], [ 22.355949929546728, 54.346866524193295 ], [ 22.377194954292616, 54.346232212995311 ], [ 22.398439124709455, 54.345593684574666 ], [ 22.419682435772408, 54.344950945545357 ], [ 22.440924882527028, 54.344304003194402 ], [ 22.450971215494736, 54.349199964078146 ], [ 22.463137082058946, 54.35518492293933 ], [ 22.484383686142724, 54.354529062917315 ], [ 22.505629409649806, 54.353869015204126 ], [ 22.52687424790771, 54.353204789790261 ], [ 22.548118196327383, 54.352536397389009 ], [ 22.569361250405375, 54.351863849440129 ], [ 22.590603405725879, 54.351187158111479 ], [ 22.611844657962568, 54.350506336299041 ], [ 22.633085002880328, 54.349821397624773 ], [ 22.643961581557196, 54.355088887906597 ], [ 22.655348794632637, 54.360658948711759 ], [ 22.676593199824833, 54.359965191886921 ], [ 22.697836683523754, 54.359267352832092 ], [ 22.719079241854001, 54.358565448007717 ], [ 22.740320871037962, 54.357859494570775 ], [ 22.761561567396388, 54.357149510361332 ], [ 22.773042884012234, 54.362686555348425 ], [ 22.783861705268606, 54.367957935028571 ], [ 22.805106404645677, 54.367239259719696 ], [ 22.816817201012128, 54.372877666148064 ], [ 22.817915840532205, 54.38441209491031 ], [ 22.819015647184568, 54.395946473827379 ], [ 22.829570978827626, 54.401078260448891 ], [ 22.841481210730063, 54.406802188303033 ], [ 22.851912409585655, 54.411868922139334 ], [ 22.873177801138091, 54.411135560145794 ], [ 22.882503845541947, 54.405488506747751 ], [ 22.893349476288762, 54.398880267859305 ], [ 22.914607051411874, 54.398139724540528 ], [ 22.935863659577034, 54.397395279605242 ], [ 22.957119297967072, 54.396646956620316 ], [ 22.966093025551032, 54.39119846084467 ], [ 22.977258441146855, 54.384379469115395 ], [ 22.99850625705745, 54.383624208809124 ], [ 23.007319650330384, 54.378265165904018 ], [ 23.006228247881339, 54.366731380128975 ], [ 23.005137345538948, 54.355197566358903 ], [ 23.01637595781056, 54.348322642148894 ], [ 23.037604236915424, 54.347562155350126 ], [ 23.058831541753154, 54.346797947061326 ], [ 23.067456800013233, 54.34153985805667 ], [ 23.057854613194419, 54.336896409058994 ], [ 23.045221304845583, 54.330718160937543 ], [ 23.044122091219233, 54.319184782311126 ], [ 23.055426341911694, 54.312258884512978 ], [ 23.064144398593761, 54.306940508015245 ], [ 23.075495825595169, 54.299981060341011 ], [ 23.096697827607617, 54.299212860832874 ], [ 23.109625007201299, 54.305397133990375 ], [ 23.11904983314539, 54.309951726813914 ], [ 23.140255713380192, 54.309175452615499 ], [ 23.148620251867527, 54.304060092895433 ], [ 23.160297992496439, 54.296886703111426 ], [ 23.168610440488724, 54.291798874629059 ], [ 23.180328471836269, 54.284596175388842 ], [ 23.201519779989816, 54.283811093949382 ], [ 23.209697746428539, 54.278798222569883 ], [ 23.221531695927613, 54.271516352727168 ], [ 23.22966415355798, 54.266527142198036 ], [ 23.24153186280591, 54.259220091061017 ], [ 23.262708630045132, 54.258426577782302 ], [ 23.283884415980573, 54.257629673371149 ], [ 23.305059218695401, 54.256829400397557 ], [ 23.326233036284052, 54.256025781094237 ], [ 23.334002524072968, 54.251243389189042 ], [ 23.346194404865297, 54.243718693451484 ], [ 23.353931663901335, 54.238952102064857 ], [ 23.366144100478337, 54.231410492536739 ], [ 23.373852614294755, 54.226657586500693 ], [ 23.386082144884508, 54.219101273213248 ], [ 23.393765547277525, 54.214359839182578 ], [ 23.392594764615453, 54.202830559726486 ], [ 23.404783305069003, 54.195294828185375 ], [ 23.412496678522938, 54.190529786295656 ], [ 23.411324023496199, 54.17900065912113 ], [ 23.423464028181211, 54.171490435233167 ], [ 23.444591626030086, 54.170674806008705 ], [ 23.465718239246243, 54.169856001939024 ], [ 23.473340342512191, 54.16513646963508 ], [ 23.485598346515815, 54.157542997132012 ], [ 23.493215548934771, 54.152822518079127 ], [ 23.492029716530407, 54.141294262452149 ], [ 23.490845337810434, 54.129765943950055 ], [ 23.489662418495836, 54.118237562352974 ], [ 23.501721395979377, 54.110762569463844 ], [ 23.509522191259506, 54.105920956635018 ], [ 23.508338023347044, 54.094392707569092 ], [ 23.507155344242602, 54.082864394170997 ], [ 23.519062061361613, 54.075479849424831 ], [ 23.527002931398624, 54.07054492377393 ], [ 23.525819101252878, 54.059016739609405 ], [ 23.52463676493652, 54.047488490786478 ], [ 23.523455913615734, 54.035960177632631 ], [ 23.522276536563108, 54.024431800546594 ], [ 23.513032375289747, 54.019983587787642 ], [ 23.500090311012663, 54.013693170885702 ], [ 23.498917903982495, 54.002164412618278 ], [ 23.489481157360608, 53.997617836675609 ], [ 23.476746734942065, 53.991421194815167 ], [ 23.475581204554988, 53.979892060252411 ], [ 23.486820783894316, 53.972922631153928 ], [ 23.495409159395187, 53.967577768641007 ], [ 23.506606317345163, 53.960631803199 ], [ 23.515230389978083, 53.955260226917019 ], [ 23.514060870187436, 53.94373141956271 ], [ 23.512892669400635, 53.932202554072482 ], [ 23.511725759717812, 53.920673631488881 ], [ 23.510560111475534, 53.909144652920368 ], [ 23.50939569330864, 53.897615619538854 ], [ 23.520162559437736, 53.890933440945972 ], [ 23.529196053124124, 53.885295830618695 ], [ 23.528029881271681, 53.873766948119183 ], [ 23.52686482004961, 53.862238015217294 ], [ 23.537411259204273, 53.85568969144456 ], [ 23.546651879991796, 53.849915420961949 ], [ 23.54548473765146, 53.83838665198008 ], [ 23.544318563172059, 53.826857837926156 ], [ 23.54315331257002, 53.815328980456648 ], [ 23.541988941101529, 53.803800081256085 ], [ 23.540825403398003, 53.792271142031844 ], [ 23.539662653604502, 53.780742164508915 ], [ 23.538500645520006, 53.769213150424548 ], [ 23.548407202552646, 53.763057915779044 ], [ 23.558255901491233, 53.756888929498196 ], [ 23.568081099050723, 53.750781306905679 ], [ 23.578002602265212, 53.744561551226766 ], [ 23.576833614854106, 53.733032982915226 ], [ 23.586491553996115, 53.727025923601744 ], [ 23.596567483480392, 53.720702709482758 ], [ 23.595394864269782, 53.709174367184588 ], [ 23.594222607940278, 53.697646002797327 ], [ 23.593050668668365, 53.686117618059974 ], [ 23.591879001690305, 53.674589214669865 ], [ 23.60111890938088, 53.668836938627642 ], [ 23.611586173466204, 53.66225687292075 ], [ 23.610410157901747, 53.650728724604328 ], [ 23.60923425309646, 53.639200563882611 ], [ 23.608058419804554, 53.627672392243859 ], [ 23.616965120102677, 53.622122141926475 ], [ 23.627741266318925, 53.615337809558568 ], [ 23.626560540343455, 53.603809915729443 ], [ 23.62537974520415, 53.59228201647209 ], [ 23.634036932710679, 53.586882091975177 ], [ 23.645041828738606, 53.57994497075638 ], [ 23.643855757550551, 53.568417366007651 ], [ 23.642669497042373, 53.556889760560438 ], [ 23.651081584376282, 53.551637202499805 ], [ 23.662309896759911, 53.544550298964786 ], [ 23.661118029197457, 53.533023002879297 ], [ 23.659925875278148, 53.521495709955175 ], [ 23.668099049227465, 53.516386492766891 ], [ 23.679543784143128, 53.509153875925811 ], [ 23.678345750494699, 53.497626905098869 ], [ 23.67714735778334, 53.486099940365222 ], [ 23.685089317481683, 53.481129139622077 ], [ 23.696742094411576, 53.473755773055046 ], [ 23.695537610161477, 53.462229140895317 ], [ 23.694332718427884, 53.450702516823711 ], [ 23.702052396408458, 53.445864484206055 ], [ 23.713903731729616, 53.438356050776072 ], [ 23.712692597024002, 53.426829767473059 ], [ 23.720263103414123, 53.422079950515126 ], [ 23.732245359209589, 53.414480695485111 ], [ 23.731027897248936, 53.402954758422233 ], [ 23.729809992856278, 53.391428831053489 ], [ 23.737175043952302, 53.386801263009986 ], [ 23.749338360766089, 53.379077511249001 ], [ 23.748114073784201, 53.367551934608315 ], [ 23.755341783596865, 53.363005239124703 ], [ 23.767623800257489, 53.355198044862568 ], [ 23.766393110628805, 53.343672821920265 ], [ 23.765162001912014, 53.332147607961147 ], [ 23.772202748057165, 53.32771171199289 ], [ 23.784647005438895, 53.319791508442819 ], [ 23.783409518667064, 53.30826664949182 ], [ 23.782171650471231, 53.29674179809895 ], [ 23.789036755132368, 53.292409723912108 ], [ 23.801631884765921, 53.284383504314278 ], [ 23.800387700305304, 53.272859007718715 ], [ 23.807135888964652, 53.268595250846566 ], [ 23.819829129975929, 53.260498182799388 ], [ 23.818578683565544, 53.24897404094429 ], [ 23.825215184500369, 53.244775410038059 ], [ 23.838001327737832, 53.236610693525932 ], [ 23.844575240078388, 53.232447614961394 ], [ 23.857411113202726, 53.224244480165048 ], [ 23.85614858928119, 53.212721043485075 ], [ 23.86261883227338, 53.208618215807014 ], [ 23.875539652718668, 53.200352321807067 ], [ 23.874271057980042, 53.188829238281066 ], [ 23.880642696703205, 53.184783580963376 ], [ 23.901273495669997, 53.183942654516237 ], [ 23.914283309603626, 53.175606320468475 ], [ 23.913003100988242, 53.164083942283895 ], [ 23.911722762928918, 53.152561562141841 ], [ 23.910442319475177, 53.141039179014619 ], [ 23.909161794442866, 53.129516791884818 ], [ 23.894235865871842, 53.122249213519666 ], [ 23.887269534315088, 53.118844323572731 ], [ 23.885994535635316, 53.107321571492896 ], [ 23.884719519823445, 53.095798812525729 ], [ 23.883444508905342, 53.08427604573405 ], [ 23.88216952446377, 53.072753270199371 ], [ 23.88817390592574, 53.068925479519102 ], [ 23.901478223564617, 53.060382329850917 ], [ 23.900197765040843, 53.048859887472403 ], [ 23.906128213139699, 53.045074258326487 ], [ 23.91948846998174, 53.036486451515422 ], [ 23.918202643117269, 53.024964339785043 ], [ 23.924063075079896, 53.021218505775686 ], [ 23.937475477701923, 53.012588411958617 ], [ 23.936184387359258, 53.00106662835514 ], [ 23.934893483784073, 52.989544829480892 ], [ 23.933602784645689, 52.978023014572649 ], [ 23.939346275044397, 52.97434481830436 ], [ 23.952847205869876, 52.965645279233094 ], [ 23.951551431586314, 52.954123786458354 ], [ 23.936179352633019, 52.946614926042216 ], [ 23.929732079135903, 52.943457466492774 ], [ 23.928442359079938, 52.931935580463694 ], [ 23.92715292011389, 52.920413675077114 ], [ 23.925863775099081, 52.908891749772195 ], [ 23.924574936038312, 52.897369804023995 ], [ 23.923286414064307, 52.885847837344137 ], [ 23.921998219429984, 52.874325849281092 ], [ 23.920710361500628, 52.862803839420422 ], [ 23.919422848748198, 52.851281807385092 ], [ 23.924930105670875, 52.847743139363367 ], [ 23.938610259807636, 52.838907750245511 ], [ 23.937318039170265, 52.827386025220029 ], [ 23.936026195272671, 52.815864276689709 ], [ 23.934734733152602, 52.804342504420006 ], [ 23.940161096869943, 52.800849482548507 ], [ 23.953895165548321, 52.791966614689301 ], [ 23.952599101986856, 52.780445146620366 ], [ 23.951303441995243, 52.768923653881345 ], [ 23.950008187173452, 52.757402136381153 ], [ 23.948713338251196, 52.745880594065198 ], [ 23.947418895104907, 52.734359026914596 ], [ 23.946124856777402, 52.722837434945369 ], [ 23.944831221500458, 52.711315818207389 ], [ 23.929146065825606, 52.703605872167863 ], [ 23.923129147301527, 52.700645465330787 ], [ 23.907448568725517, 52.692930958006286 ], [ 23.901436541972753, 52.689970907670848 ], [ 23.885761661934517, 52.68225239347867 ], [ 23.879753349582003, 52.67929215125519 ], [ 23.864085343123136, 52.671570212494302 ], [ 23.858079513953076, 52.668609202082393 ], [ 23.842419609912099, 52.660884449123195 ], [ 23.836414979001404, 52.657922066108242 ], [ 23.820764459851254, 52.650195137406641 ], [ 23.814759689082333, 52.64723074923144 ], [ 23.799119890398231, 52.639502311160079 ], [ 23.79311358934957, 52.636535257279618 ], [ 23.79185938333173, 52.625011060379833 ], [ 23.776227902011708, 52.617277448618658 ], [ 23.77022786349055, 52.614311044558157 ], [ 23.754610694759648, 52.606577718599979 ], [ 23.734249638432424, 52.607403075715929 ], [ 23.713887630062942, 52.608225252786568 ], [ 23.693524673750261, 52.609044253239325 ], [ 23.673160773576168, 52.609860080396402 ], [ 23.652795933604352, 52.610672737464718 ], [ 23.646712530273639, 52.607656725488617 ], [ 23.631211172873076, 52.599952534500105 ], [ 23.610849788174438, 52.600758628655555 ], [ 23.604737437336659, 52.597725135521927 ], [ 23.589279996966834, 52.590031738420109 ], [ 23.568922083745566, 52.590831295762634 ], [ 23.562776826909399, 52.587778344212083 ], [ 23.547367267374288, 52.580097770088059 ], [ 23.541206208160645, 52.577035153415807 ], [ 23.525823022982443, 52.569361008007832 ], [ 23.519644389119751, 52.566287840663072 ], [ 23.504289345729084, 52.558621027753198 ], [ 23.483943736072749, 52.559407370583884 ], [ 23.477722878437064, 52.556310048294762 ], [ 23.476547061136891, 52.544780866154738 ], [ 23.461253671834118, 52.537131473018057 ], [ 23.455011519631057, 52.534021212345678 ], [ 23.439751664045687, 52.526381921923026 ], [ 23.433484713155156, 52.523257452464925 ], [ 23.418260201090323, 52.515629199162802 ], [ 23.411966638331538, 52.512489589982806 ], [ 23.396779276626976, 52.504873309109605 ], [ 23.390457297232796, 52.501717628166205 ], [ 23.389302292278028, 52.49018713720681 ], [ 23.374162849063698, 52.482585869697949 ], [ 23.367806864661375, 52.479410758764914 ], [ 23.366657119278692, 52.467879932638454 ], [ 23.351569963143707, 52.460295931418393 ], [ 23.34517562693906, 52.457099142377764 ], [ 23.344031152139053, 52.445567981612967 ], [ 23.329000571893605, 52.43800346727545 ], [ 23.322563635548452, 52.434782783683673 ], [ 23.32142445201946, 52.423251288466382 ], [ 23.320285376580404, 52.411719777384718 ], [ 23.305330073548419, 52.404181877611542 ], [ 23.298837106536936, 52.40092985663086 ], [ 23.283932078626759, 52.393410773538697 ], [ 23.277397731617373, 52.390135853499302 ], [ 23.276269226971678, 52.37860368876018 ], [ 23.261432876269279, 52.371110413703391 ], [ 23.254844047787028, 52.367805287144627 ], [ 23.253720944654503, 52.35627278688176 ], [ 23.238956968325951, 52.34880727109546 ], [ 23.232310060362895, 52.345469989060909 ], [ 23.231192406650102, 52.333937152569796 ], [ 23.216504302692638, 52.326501253084565 ], [ 23.209795924770827, 52.323129960614402 ], [ 23.208683770886516, 52.311596787133482 ], [ 23.194074826982284, 52.30419226065159 ], [ 23.187301804135707, 52.300785203026656 ], [ 23.186195200909552, 52.289251691813163 ], [ 23.192293038343756, 52.285358019084555 ], [ 23.205348505653916, 52.276997148073271 ], [ 23.2042371794536, 52.265463894373795 ], [ 23.203126082629844, 52.253930619768553 ], [ 23.202015223986642, 52.242397323923818 ], [ 23.200904612152868, 52.230864006512462 ], [ 23.207048997612656, 52.22693256471532 ], [ 23.22725284405848, 52.22622865466672 ], [ 23.247455830140048, 52.225521065629948 ], [ 23.260488604570536, 52.217151422746767 ], [ 23.266549503158632, 52.213265164772444 ], [ 23.273246820980333, 52.216689338709784 ], [ 23.287859200755527, 52.224094819807725 ], [ 23.300945147114525, 52.215681365156691 ], [ 23.306940722754252, 52.211832249941203 ], [ 23.327135016006778, 52.211110243603692 ], [ 23.347328424926602, 52.210384530058491 ], [ 23.367520944586811, 52.209655104002088 ], [ 23.380686310780131, 52.201169315077649 ], [ 23.386573663412609, 52.197379255330659 ], [ 23.399741313020314, 52.188885330249398 ], [ 23.405615842061383, 52.185100147089152 ], [ 23.418785118036052, 52.17659850686028 ], [ 23.424647488973626, 52.172817791714344 ], [ 23.431156726528755, 52.176133585892075 ], [ 23.44597382298797, 52.183616825419982 ], [ 23.459189723143997, 52.175075278804499 ], [ 23.464993286897851, 52.17132782658225 ], [ 23.471445441341462, 52.174610490112165 ], [ 23.486328160348041, 52.182118612788415 ], [ 23.506503950939642, 52.181363915459656 ], [ 23.519786171909583, 52.172764695232374 ], [ 23.504872246996911, 52.165246207047019 ], [ 23.498403288550065, 52.162009502849358 ], [ 23.497218134803557, 52.150480661211361 ], [ 23.503000658672935, 52.146740164785911 ], [ 23.516215649923812, 52.138179119477918 ], [ 23.521988583587376, 52.134441527263434 ], [ 23.542141828429582, 52.133681033748758 ], [ 23.555376586207593, 52.12509555137067 ], [ 23.561113164351049, 52.121375908082179 ], [ 23.581259383309394, 52.120608398390566 ], [ 23.601404664915918, 52.119837171910568 ], [ 23.614677473302613, 52.11121038417312 ], [ 23.61346368188412, 52.099683360249671 ], [ 23.619158414478719, 52.095982066821961 ], [ 23.632404140802553, 52.087364380603283 ], [ 23.638092223289636, 52.083664183794191 ], [ 23.651333605679383, 52.075042605511165 ], [ 23.650111033547851, 52.063516150896838 ], [ 23.655812718208981, 52.059802970149519 ], [ 23.669024969808298, 52.051191882908263 ], [ 23.66779826567215, 52.03966569954563 ], [ 23.666571992865869, 52.028139488410169 ], [ 23.665346157039522, 52.016613249257645 ], [ 23.671104370024306, 52.012857304643532 ], [ 23.684235588915758, 52.004287090827219 ], [ 23.683005685570361, 51.992761121775629 ], [ 23.681776232279969, 51.981235124158765 ], [ 23.680547229811381, 51.969709097926355 ], [ 23.66583472659164, 51.962289219120855 ], [ 23.65922364429867, 51.958981628116334 ], [ 23.644572584292892, 51.95158639209086 ], [ 23.637908986992226, 51.948250076273382 ], [ 23.643827285066553, 51.944386600901979 ], [ 23.656777752906308, 51.935928780675681 ], [ 23.642190169784783, 51.928560980701945 ], [ 23.635473838230379, 51.925196523080395 ], [ 23.620950019537002, 51.917854639109834 ], [ 23.614178819704886, 51.914460190814822 ], [ 23.620196723157395, 51.910531299213822 ], [ 23.633040379416766, 51.902142859275266 ], [ 23.631824260956567, 51.890615986742581 ], [ 23.630608534461093, 51.879089087701239 ], [ 23.616218681979795, 51.871805845997372 ], [ 23.609334765099678, 51.868351357695914 ], [ 23.615454064527817, 51.864352401991511 ], [ 23.628178201795873, 51.856035212202514 ], [ 23.613857902725041, 51.848782658225801 ], [ 23.606914939444877, 51.845296787589952 ], [ 23.605705519843955, 51.833769466322615 ], [ 23.611905122239488, 51.829715023755789 ], [ 23.624535253755088, 51.821454214952055 ], [ 23.630733158191042, 51.817397392945487 ], [ 23.643354133594915, 51.809136198453714 ], [ 23.642135812286178, 51.797609454406029 ], [ 23.640917737063745, 51.786082689490414 ], [ 23.626784304322424, 51.778915295458006 ], [ 23.619681890631814, 51.775345908160098 ], [ 23.605620876900264, 51.7682091581203 ], [ 23.598454567694478, 51.764605082904296 ], [ 23.584467494545279, 51.757499810990637 ], [ 23.564486667024038, 51.758296702249787 ], [ 23.557223319585248, 51.754639438025357 ], [ 23.543347495155778, 51.747580853715526 ], [ 23.536016407683526, 51.743886841657172 ], [ 23.534823336915409, 51.732358392629536 ], [ 23.541386548087353, 51.72806377650506 ], [ 23.55362957222987, 51.720055041222317 ], [ 23.552431736166014, 51.70852688244296 ], [ 23.551233884917767, 51.696998712500879 ], [ 23.550035984068725, 51.685470532704649 ], [ 23.54883799837414, 51.673942344394064 ], [ 23.54763989183504, 51.662414148937287 ], [ 23.546441627775248, 51.650885947727808 ], [ 23.545243168921694, 51.639357742181332 ], [ 23.544044477487656, 51.627829533732474 ], [ 23.542845515259589, 51.616301323831429 ], [ 23.541646243687261, 51.60477311394046 ], [ 23.548587314155899, 51.600213636499809 ], [ 23.560391720911849, 51.592470128308662 ], [ 23.559186937090246, 51.580942239993732 ], [ 23.557981729828374, 51.569414356182214 ], [ 23.565019804999633, 51.564783868390776 ], [ 23.576705429122295, 51.557109296244789 ], [ 23.575494483915257, 51.545581744771056 ], [ 23.574282999425087, 51.534054202391239 ], [ 23.581427670583491, 51.529346000355218 ], [ 23.601311422063581, 51.528586051188547 ], [ 23.612896752920044, 51.520964167538601 ], [ 23.611674522601373, 51.509437290825403 ], [ 23.618849921390481, 51.504699754203976 ], [ 23.630352816417897, 51.497124799601586 ], [ 23.637545756483192, 51.492371072335722 ], [ 23.657411802901287, 51.491601391611979 ], [ 23.668912830628706, 51.484017636565 ], [ 23.676091544786882, 51.479265694002599 ], [ 23.687561327198203, 51.471696778813161 ], [ 23.674640723251652, 51.46510369076023 ], [ 23.666434729663553, 51.460965949772948 ], [ 23.653618986134859, 51.454420848703528 ], [ 23.645315418367172, 51.450231144586546 ], [ 23.652694341654222, 51.445344511914115 ], [ 23.672539560590117, 51.444572848313058 ], [ 23.683826170316948, 51.437120328472233 ], [ 23.682579406303113, 51.425594890195327 ], [ 23.690009369062576, 51.420664644239139 ], [ 23.701193360318285, 51.413272789056393 ], [ 23.699939922920212, 51.40174773418034 ], [ 23.687414349289284, 51.39534782667134 ], [ 23.678833512138834, 51.391018728907689 ], [ 23.677582913469607, 51.379493396828742 ], [ 23.676331286293504, 51.367968093970468 ], [ 23.664083655102132, 51.361701079136566 ], [ 23.655239567211797, 51.357234516086372 ], [ 23.653990660222213, 51.345708940444752 ], [ 23.652740672156668, 51.334183395690793 ], [ 23.640789581688257, 51.328059219268333 ], [ 23.631663569815853, 51.323445252490984 ], [ 23.639777399870706, 51.318050452815001 ], [ 23.650237401798798, 51.311132400669102 ], [ 23.648984103037137, 51.299606950952651 ], [ 23.647729690853609, 51.288081533203133 ], [ 23.656044486850828, 51.282543578897091 ], [ 23.665342363822646, 51.287379603082279 ], [ 23.676998217902636, 51.29335419967277 ], [ 23.687347736175258, 51.286498854746277 ], [ 23.695593415409554, 51.280999712644856 ], [ 23.705884112163798, 51.274178176658701 ], [ 23.714178474183491, 51.26864093439638 ], [ 23.724407877297335, 51.261854905863856 ], [ 23.723130321339273, 51.25033095322668 ], [ 23.731561782539458, 51.244694448904916 ], [ 23.741635276026901, 51.238005479809182 ], [ 23.740350421239974, 51.226481944257593 ], [ 23.739064425224576, 51.214958442902095 ], [ 23.747732579702038, 51.209153793136331 ], [ 23.757544286873298, 51.202631166880231 ], [ 23.766274464514112, 51.196779048727379 ], [ 23.776011286197431, 51.190301330969469 ], [ 23.784806229207987, 51.184399815767719 ], [ 23.804535150154873, 51.18360569425645 ], [ 23.814217250693293, 51.177155953953687 ], [ 23.812906481752044, 51.16563401107809 ], [ 23.821839405872517, 51.159627753280596 ], [ 23.831892758876094, 51.164849508065672 ], [ 23.842773013545063, 51.170416955573678 ], [ 23.852395006149642, 51.16399887554806 ], [ 23.861272783803486, 51.158021490322731 ], [ 23.870809437645022, 51.151655555653939 ], [ 23.869480995696108, 51.140134776093142 ], [ 23.858815285533456, 51.134677280905571 ], [ 23.848425319429815, 51.129435428862365 ], [ 23.847100082312242, 51.117914339589348 ], [ 23.856394248967728, 51.111648696469636 ], [ 23.865489563601574, 51.105572621143843 ], [ 23.864157283835652, 51.094051954170638 ], [ 23.873644902654032, 51.087647666938089 ], [ 23.882527452449203, 51.081708125761729 ], [ 23.892103350019315, 51.075237878676631 ], [ 23.911782216455379, 51.074422193359091 ], [ 23.920578849176454, 51.06853244213606 ], [ 23.919228166898758, 51.057012976395612 ], [ 23.917876895245566, 51.045493523656262 ], [ 23.916525154924248, 51.033974078781199 ], [ 23.915173077791259, 51.022454636167339 ], [ 23.913820807186756, 51.010935189731619 ], [ 23.924058566168735, 51.003997354077377 ], [ 23.943705961569322, 51.003173569210105 ], [ 23.951785109401385, 50.997751928134875 ], [ 23.950421322504532, 50.98623326108612 ], [ 23.960871536301926, 50.979138177978705 ], [ 23.968701855714052, 50.973878587164059 ], [ 23.96733267373444, 50.962360285172316 ], [ 23.965963976199369, 50.950841950634775 ], [ 23.976776996382569, 50.943490971188865 ], [ 23.984220474644204, 50.938485572770404 ], [ 23.995150144714525, 50.931048594547519 ], [ 24.00246395997036, 50.926126732963525 ], [ 24.013513280341709, 50.918601620753428 ], [ 24.020694446651877, 50.913765436343127 ], [ 24.031866409381429, 50.906150058712768 ], [ 24.038911953353914, 50.901401687847923 ], [ 24.050209538236459, 50.893693919861249 ], [ 24.069805687283825, 50.892840675808266 ], [ 24.076707810448482, 50.888182951508604 ], [ 24.088132888440448, 50.880375678913161 ], [ 24.107722099788347, 50.879514452470765 ], [ 24.114472954221657, 50.874952923764035 ], [ 24.126033365408261, 50.867040533346376 ], [ 24.132635398693274, 50.862576260128492 ], [ 24.131219592059303, 50.851061341878712 ], [ 24.123863889228193, 50.847299479975597 ], [ 24.110245514880784, 50.840406792346144 ], [ 24.103036696971778, 50.836716986951416 ], [ 24.083464165610312, 50.837566820092576 ], [ 24.063890729553208, 50.83841377448848 ], [ 24.04431639151333, 50.839257846234581 ], [ 24.024741154163131, 50.840099030987822 ], [ 24.005165020132903, 50.8409373239421 ], [ 23.991486064275144, 50.833983212841254 ], [ 23.984365492920432, 50.830325995803825 ], [ 23.970567450111705, 50.823301601748319 ], [ 23.969217073679616, 50.811782501597222 ], [ 23.967870645260266, 50.800263221066281 ], [ 23.96652849163501, 50.788743746271173 ], [ 23.965190940960415, 50.777224063279135 ], [ 23.977791337075825, 50.768640667657088 ], [ 23.997336031152983, 50.767788454331722 ], [ 24.016879743849554, 50.766932639966733 ], [ 24.022419070888112, 50.763190824819645 ], [ 24.021069394834395, 50.751672109207199 ], [ 24.019725062052789, 50.740153151525398 ], [ 24.018386401630817, 50.728633937671205 ], [ 24.031439987239178, 50.719722263684943 ], [ 24.050961883803318, 50.718854029526049 ], [ 24.070482783905359, 50.717982191451263 ], [ 24.075510418664319, 50.714577857898135 ], [ 24.074160910815365, 50.703059561726612 ], [ 24.072817832776245, 50.691540973938928 ], [ 24.067319085800236, 50.688713765456313 ], [ 24.052020789713666, 50.680869351118368 ], [ 24.065479164592009, 50.671669498334403 ], [ 24.084979219124847, 50.670788166979236 ], [ 24.089603469500744, 50.667652887462467 ], [ 24.088273561580667, 50.656133846538459 ], [ 24.083104974053843, 50.65347534247018 ], [ 24.067515837614291, 50.645463446643603 ], [ 24.081224515518464, 50.636087902324299 ], [ 24.085636662918493, 50.633094729646764 ], [ 24.084330158622667, 50.621574632691534 ], [ 24.083031903507589, 50.610054164431936 ], [ 24.096950661318495, 50.600530898321587 ], [ 24.101143792767182, 50.597683139021584 ], [ 24.096376533291451, 50.595228600541809 ], [ 24.080460843557582, 50.587012083903268 ], [ 24.079188319743768, 50.575490459671506 ], [ 24.077924604397822, 50.563968440328154 ], [ 24.07666976193266, 50.552446023223396 ], [ 24.075423824771644, 50.540923207105735 ], [ 24.074186792939233, 50.529399992138522 ], [ 24.072958633955405, 50.517876379903527 ], [ 24.071739283036887, 50.50635237339084 ], [ 24.066989118551653, 50.503899426219277 ], [ 24.051194601810696, 50.49567067731099 ], [ 24.049999745939296, 50.484145449239193 ], [ 24.048813174877917, 50.472619851517678 ], [ 24.047634693475722, 50.461093892773391 ], [ 24.042617996761319, 50.458498839522377 ], [ 24.027155603721376, 50.450405408718773 ], [ 24.021967294985338, 50.447719389582069 ], [ 24.006694760236957, 50.439712635613169 ], [ 24.005551743248592, 50.428184857220415 ], [ 24.004415438294057, 50.41665678027146 ], [ 23.998882312884461, 50.413788183009395 ], [ 23.979475526113077, 50.414558856732079 ], [ 23.960067978103833, 50.415327260205856 ], [ 23.94065967061276, 50.416093387697671 ], [ 23.921250605365532, 50.416857233090447 ], [ 23.901840784058376, 50.417618789884756 ], [ 23.887515046658297, 50.41006168480326 ], [ 23.881237142595857, 50.406795911474227 ], [ 23.861830463800345, 50.407552045406142 ], [ 23.842423038525808, 50.408305905403878 ], [ 23.823014868254297, 50.409057482853122 ], [ 23.803605954445036, 50.409806768773834 ], [ 23.789905804935852, 50.402554386444329 ], [ 23.78302708709456, 50.398965770220073 ], [ 23.763621369947948, 50.399709893142081 ], [ 23.750229721090907, 50.392608646176008 ], [ 23.743055663163069, 50.388860978994295 ], [ 23.723653170736785, 50.389600119774165 ], [ 23.710565783441158, 50.382649016658604 ], [ 23.703100712565053, 50.378744148736438 ], [ 23.690222166708573, 50.371896816926579 ], [ 23.689192286312785, 50.360362347462775 ], [ 23.688164203878994, 50.348827794918719 ], [ 23.687137635043662, 50.337293170789778 ], [ 23.679130018421606, 50.333097378465908 ], [ 23.666818604882547, 50.326536149586332 ], [ 23.658612565128362, 50.322232904716664 ], [ 23.639235515648402, 50.322962858673797 ], [ 23.627210166066927, 50.316546595465624 ], [ 23.626197251555627, 50.305011059484187 ], [ 23.617606176590641, 50.300498605480932 ], [ 23.605893752148525, 50.29424304119766 ], [ 23.604884315652622, 50.282707235049365 ], [ 23.595998172853871, 50.278034645437671 ], [ 23.584587835242672, 50.271935360496627 ], [ 23.575524401697987, 50.267165695564202 ], [ 23.564294654255367, 50.261159899449289 ], [ 23.555060230179862, 50.256296325832402 ], [ 23.544004409711121, 50.250380866915037 ], [ 23.534605669845913, 50.245426756636796 ], [ 23.523716786246684, 50.239598275795288 ], [ 23.514160729177281, 50.234557180170775 ], [ 23.503431513024395, 50.228812137046255 ], [ 23.493725413827434, 50.223687762237766 ], [ 23.474385470418305, 50.224404417048184 ], [ 23.463862172919782, 50.218766471645608 ], [ 23.4628671369464, 50.207229251746035 ], [ 23.452883669009882, 50.201949944770668 ], [ 23.442587685362525, 50.196432518858359 ], [ 23.432477238880015, 50.191081762341128 ], [ 23.422309879899412, 50.185632265985817 ], [ 23.41208043320955, 50.180214176582808 ], [ 23.402033622782692, 50.174828496783874 ], [ 23.391693247071611, 50.169347250517625 ], [ 23.381758841214726, 50.164021213898394 ], [ 23.371315674082172, 50.158481032298205 ], [ 23.361485484473896, 50.153210419096361 ], [ 23.360492957342331, 50.141672474822194 ], [ 23.349896270071529, 50.136044699171663 ], [ 23.340221578295743, 50.130858022505045 ], [ 23.329543465105136, 50.125182453192359 ], [ 23.319951522642938, 50.120040061397262 ], [ 23.309200241364504, 50.114321020611683 ], [ 23.299682799836816, 50.109218590935711 ], [ 23.288866587860291, 50.103460400519353 ], [ 23.279415430494648, 50.098393610153558 ], [ 23.278422548526397, 50.086855163535809 ], [ 23.267514112996583, 50.081041542640271 ], [ 23.258156939364518, 50.07602653028799 ], [ 23.257161977067934, 50.064488019478674 ], [ 23.24618308646545, 50.058630474885334 ], [ 23.23689808953268, 50.053655733662659 ], [ 23.225889127301372, 50.047777449909596 ], [ 23.216635633290036, 50.042819933374453 ], [ 23.215638758833354, 50.031281221597737 ], [ 23.204594524963586, 50.025377690656136 ], [ 23.195378056417546, 50.020441765483831 ], [ 23.194378856339625, 50.008902994207482 ], [ 23.183321247186033, 50.002985891983812 ], [ 23.174119922314858, 49.998059880209468 ], [ 23.163066757221106, 49.992140439550788 ], [ 23.153862585791682, 49.987213244583486 ], [ 23.152861170853576, 49.975674276510055 ], [ 23.141829686798133, 49.969760039496173 ], [ 23.13260569324029, 49.964823977758435 ], [ 23.121599553883772, 49.95891863035925 ], [ 23.112351954869652, 49.953970151849234 ], [ 23.111348175803563, 49.942430988079423 ], [ 23.100398550583211, 49.936549602527016 ], [ 23.091096415782264, 49.931573492926475 ], [ 23.090090005998135, 49.920034273318095 ], [ 23.079218655612607, 49.914188616070888 ], [ 23.069840286111212, 49.909173105322694 ], [ 23.059027601739139, 49.903354375363882 ], [ 23.049592567442268, 49.898308400321049 ], [ 23.048583571881409, 49.886768985668304 ], [ 23.037883543872717, 49.881004663641548 ], [ 23.028338083878186, 49.875900599518488 ], [ 23.017716596861614, 49.870174050929371 ], [ 23.008094822860858, 49.865028668501324 ], [ 23.007083172331715, 49.853489056801962 ], [ 22.996608224960191, 49.8478354277836 ], [ 22.986842408238214, 49.842613434017203 ], [ 22.976465281947849, 49.837008166411138 ], [ 22.966604155371424, 49.831734256845536 ], [ 22.965589858826309, 49.820194443374191 ], [ 22.964572573290123, 49.808654716088547 ], [ 22.954454044834797, 49.803181696507778 ], [ 22.94433739650718, 49.797771686152238 ], [ 22.934340362200139, 49.79236010749463 ], [ 22.924105145604969, 49.786885087934699 ], [ 22.914235893858745, 49.781538459871427 ], [ 22.903876012368141, 49.775994915643111 ], [ 22.902856536091292, 49.764454823785201 ], [ 22.901834069548649, 49.752914816013025 ], [ 22.892298268568698, 49.747741827079494 ], [ 22.881609126208311, 49.74202074970853 ], [ 22.872222818190139, 49.736924842855672 ], [ 22.861387916493968, 49.731123089783352 ], [ 22.860363519311498, 49.719582843478733 ], [ 22.851247086158676, 49.714628154948485 ], [ 22.840147003810056, 49.708681415064234 ], [ 22.831195165479123, 49.70381235171763 ], [ 22.819934876565412, 49.69777637350704 ], [ 22.811152321516406, 49.692995627557117 ], [ 22.79972742905812, 49.686867710683863 ], [ 22.791118532849694, 49.682177809957523 ], [ 22.779524963288733, 49.675955418331341 ], [ 22.778501591113972, 49.664414541822353 ], [ 22.777475622549883, 49.652873732384535 ], [ 22.76931921781841, 49.648424345017418 ], [ 22.757281341298778, 49.641957415989545 ], [ 22.74931389803951, 49.637607697349566 ], [ 22.737093052107159, 49.631037441183544 ], [ 22.736067945519473, 49.61949629262427 ], [ 22.72844170884559, 49.615328417319681 ], [ 22.715888009800761, 49.608572438583579 ], [ 22.714862801658185, 49.597031127848481 ], [ 22.707589463423702, 49.593051889360943 ], [ 22.694692142503197, 49.58610336762321 ], [ 22.693667426135484, 49.574561875015192 ], [ 22.686757050600992, 49.570777195835795 ], [ 22.673507011299762, 49.563630181005223 ], [ 22.67248343558866, 49.552088485396872 ], [ 22.665944356430934, 49.548503356768705 ], [ 22.652334262459977, 49.541152829875934 ], [ 22.646003978460215, 49.537679463950141 ], [ 22.632193730394068, 49.530213447764474 ], [ 22.644815565628544, 49.521719598528101 ], [ 22.650289562896415, 49.518069008057857 ], [ 22.64926550631084, 49.506527122996623 ], [ 22.662153789364574, 49.497845644249729 ], [ 22.681224033493887, 49.497262762354254 ], [ 22.686450416199342, 49.493772314062156 ], [ 22.699414563025833, 49.485029145206902 ], [ 22.704515458249741, 49.481620068083373 ], [ 22.703473783231587, 49.470079082768507 ], [ 22.702431393494329, 49.458538101670442 ], [ 22.701388443556777, 49.446997119803271 ], [ 22.700345092648888, 49.435456132034403 ], [ 22.714068409179692, 49.426186480107326 ], [ 22.718377199622715, 49.423302481539245 ], [ 22.717328188327176, 49.411761772079252 ], [ 22.73134010374309, 49.402288738420403 ], [ 22.735344832908204, 49.399605823935602 ], [ 22.734290597913485, 49.388065380448353 ], [ 22.7332366967672, 49.376524907404203 ], [ 22.732183312387342, 49.364984398877283 ], [ 22.731130629675555, 49.353443848882812 ], [ 22.730078834945619, 49.341903251395671 ], [ 22.745049111478629, 49.331767033714286 ], [ 22.748060631410528, 49.329746109271404 ], [ 22.747005339310544, 49.318205723059862 ], [ 22.745951447278998, 49.306665272631818 ], [ 22.744899144360865, 49.295124751862936 ], [ 22.743848618092617, 49.283584154683176 ], [ 22.742800053856602, 49.272043475097789 ], [ 22.741753634240762, 49.26050270720782 ], [ 22.740709538408677, 49.248961845230575 ], [ 22.738688826862905, 49.247848710216978 ], [ 22.719718663118112, 49.248473698683902 ], [ 22.70169902341647, 49.238645465742628 ], [ 22.700672314768394, 49.227103738960956 ], [ 22.717267410429649, 49.215861190742729 ], [ 22.736226680725487, 49.215257251477098 ], [ 22.737592921112025, 49.214338639101456 ], [ 22.736095021981754, 49.213512816342543 ], [ 22.717593645585804, 49.203410214845277 ], [ 22.716569880917245, 49.191868469155892 ], [ 22.715419262828231, 49.191233443912104 ], [ 22.696595708655963, 49.180935675165557 ], [ 22.713774985139615, 49.169293988917822 ], [ 22.732594750073321, 49.179776177853739 ], [ 22.733592794078962, 49.180326882879655 ], [ 22.752537924963566, 49.179717797788527 ], [ 22.753457165076721, 49.179099056955451 ], [ 22.752448984189229, 49.1785430402795 ], [ 22.733479990516738, 49.168172724387482 ], [ 22.732460332003015, 49.156630921637849 ], [ 22.749896764046984, 49.144799773433462 ], [ 22.768827764770613, 49.144185307092172 ], [ 22.787946385689484, 49.154821525833896 ], [ 22.788646851631636, 49.155207670346918 ], [ 22.789284973609281, 49.154777543584281 ], [ 22.788249997358033, 49.14323661813259 ], [ 22.80579544891205, 49.131309941258067 ], [ 22.806147852197125, 49.131072190286908 ], [ 22.823823839468417, 49.119048980974952 ], [ 22.824036830082296, 49.118905184355739 ], [ 22.841843332238273, 49.106785322690634 ], [ 22.841916922720824, 49.106735604476384 ], [ 22.841366708568383, 49.10061994828812 ], [ 22.82245522111867, 49.101263489509172 ], [ 22.8035383569018, 49.101842402188538 ], [ 22.784616489558051, 49.102360628734722 ], [ 22.765690020817221, 49.102822560774719 ], [ 22.746759379880992, 49.103233042456381 ], [ 22.727825022524669, 49.103597370115658 ], [ 22.708887429932165, 49.103921288360169 ], [ 22.689947107258224, 49.104210982353862 ], [ 22.671004581899815, 49.104473065917105 ], [ 22.652060401485407, 49.104714565401572 ], [ 22.633115131581377, 49.104942899171 ], [ 22.614169353122715, 49.105165852619322 ], [ 22.59522365958631, 49.105391548808242 ], [ 22.576278653915995, 49.105628414686883 ], [ 22.557334945227712, 49.105885143117874 ], [ 22.53839314531869, 49.106170650888458 ], [ 22.519453865013862, 49.106494033020887 ], [ 22.50051771037889, 49.106864513659254 ], [ 22.481585278851473, 49.10729139414056 ], [ 22.462657155325058, 49.107783998635682 ], [ 22.443733908227578, 49.10835161788463 ], [ 22.424816085649059, 49.109003451741721 ], [ 22.405904211563133, 49.109748551146815 ], [ 22.40653087221288, 49.12042172846072 ], [ 22.388485315966218, 49.132394584617124 ], [ 22.388276754424471, 49.13253374304346 ] ] ], [ [ [ 18.787457541300682, 54.618015794931722 ], [ 18.777912778814024, 54.623132883561297 ], [ 18.765963822392628, 54.629536670376325 ], [ 18.765877873801209, 54.641096990767167 ], [ 18.756345605332648, 54.646198345921988 ], [ 18.744360346516583, 54.652613959816051 ], [ 18.73482922082124, 54.657707813250866 ], [ 18.722826371725734, 54.664127060050745 ], [ 18.722725588461962, 54.675687262475847 ], [ 18.71321932577878, 54.680759052956226 ], [ 18.701168220831587, 54.687196436954309 ], [ 18.713128134768954, 54.693691828344448 ], [ 18.725179278845779, 54.687253262086912 ], [ 18.734669798609964, 54.682171976499397 ], [ 18.746698241191016, 54.675739743881707 ], [ 18.756199253832893, 54.670650452928733 ], [ 18.768209095288942, 54.664222379476769 ], [ 18.777716511349944, 54.659127347197717 ], [ 18.789712002673436, 54.652701171820851 ], [ 18.799221582305734, 54.647602736740517 ], [ 18.811207102214308, 54.641176123715738 ], [ 18.811241732964021, 54.629615702451325 ], [ 18.820765357052984, 54.62450669032021 ], [ 18.832724166563647, 54.618086785868634 ], [ 18.83275429875491, 54.606526312367606 ], [ 18.820872647253324, 54.600081602570107 ], [ 18.808934571252074, 54.606491066566676 ], [ 18.79939877534003, 54.611610391713 ], [ 18.787457541300682, 54.618015794931722 ] ] ], [ [ [ 18.648642168893112, 54.703685782346405 ], [ 18.636529108466274, 54.710140639979663 ], [ 18.648529932462417, 54.716666589404184 ], [ 18.660643041252907, 54.710210539708406 ], [ 18.670102095285859, 54.705152726528553 ], [ 18.682182039499601, 54.698708538817286 ], [ 18.670207169470459, 54.692200079705408 ], [ 18.658127270424316, 54.698643081024777 ], [ 18.648642168893112, 54.703685782346405 ] ] ], [ [ [ 18.596060187700278, 54.733133320718828 ], [ 18.583992425550804, 54.726563789424056 ], [ 18.571790938924526, 54.733050049618711 ], [ 18.583858643058001, 54.739620788023579 ], [ 18.596060187700278, 54.733133320718828 ] ] ], [ [ [ 18.466736431466323, 54.778875132724551 ], [ 18.454475254073383, 54.77218313010038 ], [ 18.442035498035334, 54.778764055889305 ], [ 18.454296596582783, 54.785457308194331 ], [ 18.466736431466323, 54.778875132724551 ] ] ], [ [ [ 16.267033531029611, 50.399718439731757 ], [ 16.247095205131856, 50.410578831082638 ], [ 16.246677160016176, 50.410809351964744 ], [ 16.22697879333796, 50.421528891869372 ], [ 16.226311556537276, 50.421896530431049 ], [ 16.206853108498549, 50.432475733864095 ], [ 16.205937203924552, 50.432979982848437 ], [ 16.205187842549034, 50.444533259378666 ], [ 16.206108180329295, 50.445122368640206 ], [ 16.207095243254145, 50.444579087679585 ], [ 16.226256101717581, 50.433892128791761 ], [ 16.244451689518034, 50.445470315380916 ], [ 16.224958318818505, 50.456071811062479 ], [ 16.224077088766162, 50.456556953930807 ], [ 16.224899127687639, 50.457082747762286 ], [ 16.244373865361421, 50.457446460281012 ], [ 16.262615079722107, 50.469041605103143 ], [ 16.263179409315818, 50.469402098816445 ], [ 16.282659603985763, 50.469762053007983 ], [ 16.301166207196157, 50.481513604356721 ], [ 16.301479713346787, 50.481713614672586 ], [ 16.320088375264074, 50.493522099819302 ], [ 16.31937441222188, 50.505076633238197 ], [ 16.319652892203521, 50.505254125866507 ], [ 16.319950729025777, 50.505089911159544 ], [ 16.339799958158757, 50.494018814789634 ], [ 16.349509062597086, 50.494196149994487 ], [ 16.342172318026631, 50.482457797419052 ], [ 16.340587095024638, 50.480006884586594 ], [ 16.334794448277265, 50.470717994016063 ], [ 16.327187663576037, 50.458972416091747 ], [ 16.322652814828118, 50.452216561614115 ], [ 16.31941137097877, 50.447222386738289 ], [ 16.311517281483322, 50.435469066509512 ], [ 16.304669820849366, 50.425642176942439 ], [ 16.303364030125284, 50.423709152155666 ], [ 16.295166997142328, 50.411947598600243 ], [ 16.286654308277683, 50.400178050999095 ], [ 16.28664372901217, 50.400163837710352 ], [ 16.278139724586982, 50.388407785346899 ], [ 16.2678644219381, 50.388115593194186 ], [ 16.267775568787233, 50.388164641687538 ], [ 16.267033531029611, 50.399718439731757 ] ] ] ] } }
]
}
