{
"type": "FeatureCollection",
"name": "zasieg_BK_cykl_1_epsg4326",
"crs": { "type": "name", "properties": { "name": "urn:ogc:def:crs:OGC:1.3:CRS84" } },
"features": [
{ "type": "Feature", "properties": { "gatunek": "BK", "cykl": 1, "pokrycie": 0.95, "prog_kde": 9.2578708699344595e-13 }, "geometry": { "type": "MultiPolygon", "coordinates": [ [ [ [ 22.815861027134897, 49.015323380594523 ], [ 22.798362340769938, 49.027153667195186 ], [ 22.797860120798539, 49.027495980913038 ], [ 22.780357190915172, 49.039320819487109 ], [ 22.779850428003218, 49.039666019938963 ], [ 22.762343338759084, 49.051485350139366 ], [ 22.761831942569504, 49.051833495302411 ], [ 22.76127240192368, 49.051520307009056 ], [ 22.742067996037534, 49.040897967655667 ], [ 22.723175830962393, 49.041509475355646 ], [ 22.704283037143004, 49.042118003808127 ], [ 22.703730758078404, 49.041808973050593 ], [ 22.684535210233268, 49.031172902619808 ], [ 22.666999662290358, 49.042983549654558 ], [ 22.666495575291549, 49.043326118288647 ], [ 22.647600913296056, 49.043925702270975 ], [ 22.630056748726989, 49.05572780473446 ], [ 22.630904034009486, 49.067275856866722 ], [ 22.630389910583094, 49.067624823768007 ], [ 22.612843163327376, 49.079418045089504 ], [ 22.612323868509726, 49.079770309151534 ], [ 22.594773583298693, 49.091557584810111 ], [ 22.594249011751813, 49.091913213401611 ], [ 22.575334420190092, 49.092501557751433 ], [ 22.574759709056561, 49.092179909229323 ], [ 22.555593220962798, 49.08153482541347 ], [ 22.538029663335738, 49.093312949316889 ], [ 22.537503422630955, 49.093669291330336 ], [ 22.53692713512643, 49.09334677838963 ], [ 22.517769772008183, 49.082696242050631 ], [ 22.498857151563644, 49.083272470682672 ], [ 22.479943937918172, 49.08384571244099 ], [ 22.462365082270559, 49.095610037447507 ], [ 22.461834255655173, 49.095968923260536 ], [ 22.442915487754227, 49.096536363593067 ], [ 22.423996135581643, 49.097100816533477 ], [ 22.40507620224324, 49.097662282054081 ], [ 22.387484997493946, 49.10940853450159 ], [ 22.38827682543862, 49.120959513351465 ], [ 22.387730436716186, 49.121328186041438 ], [ 22.370137043521865, 49.133065257034225 ], [ 22.370925668813399, 49.14461639074721 ], [ 22.370368589052422, 49.144991970584229 ], [ 22.35142938608454, 49.14554515050844 ], [ 22.350817037619183, 49.14520235504412 ], [ 22.331714138819265, 49.134541007074418 ], [ 22.312778189949078, 49.135088044177337 ], [ 22.293841677535511, 49.135632093848976 ], [ 22.274904604707679, 49.136173156342679 ], [ 22.257297148540712, 49.147881325352095 ], [ 22.256724881483624, 49.148266233251043 ], [ 22.237782304501184, 49.148801487839492 ], [ 22.220171399026054, 49.160497654356661 ], [ 22.220925450208611, 49.172050494465601 ], [ 22.221680110024888, 49.183603299204556 ], [ 22.221089445839745, 49.184000015657624 ], [ 22.220442730100665, 49.183637846190571 ], [ 22.201386398838174, 49.172974158319221 ], [ 22.182433380846959, 49.173500779995628 ], [ 22.164818312503453, 49.185177107622088 ], [ 22.164217187560812, 49.185580366186088 ], [ 22.145258684142931, 49.186101176201838 ], [ 22.127641549860318, 49.197764592816561 ], [ 22.127028675764429, 49.198175316488403 ], [ 22.10806469516405, 49.198690313703089 ], [ 22.089100183727513, 49.199202325016664 ], [ 22.071481138067437, 49.210846775862336 ], [ 22.070851417937572, 49.211268187090681 ], [ 22.051881443504652, 49.211774384621677 ], [ 22.034261868033774, 49.223404927013874 ], [ 22.034974053475516, 49.234959702957127 ], [ 22.03568682200418, 49.246514444663319 ], [ 22.036400176946938, 49.258069152047895 ], [ 22.035745335292553, 49.25850665672796 ], [ 22.018125739228299, 49.270121843162414 ], [ 22.018835771637182, 49.281676686339331 ], [ 22.01816774108508, 49.282122637034675 ], [ 22.000548691799874, 49.29372679761093 ], [ 21.999871481245211, 49.294178598196446 ], [ 21.982252880386756, 49.305774155106278 ], [ 21.981566294609259, 49.306231928001893 ], [ 21.963948335648116, 49.317818755091452 ], [ 21.964647198844876, 49.329374067969198 ], [ 21.965346656640808, 49.34092934650667 ], [ 21.964641199701642, 49.341399221154987 ], [ 21.945619409577755, 49.341889163956132 ], [ 21.926597112852345, 49.342376118634675 ], [ 21.907574312660138, 49.342860085169043 ], [ 21.889960250068729, 49.354413501764135 ], [ 21.889228408790878, 49.354900036508766 ], [ 21.87161595700033, 49.366444096856334 ], [ 21.870873547155107, 49.366937350389215 ], [ 21.851840353903391, 49.367412641662789 ], [ 21.834231029365579, 49.378940429262741 ], [ 21.834901154029289, 49.390496946820527 ], [ 21.834136926139841, 49.391004062577956 ], [ 21.833303464217611, 49.390536141660213 ], [ 21.814432952402836, 49.379913928515428 ], [ 21.813597471998261, 49.379444824552259 ], [ 21.794737837238937, 49.368820580467556 ], [ 21.793899800841661, 49.368349981282982 ], [ 21.775051575412554, 49.35772401445918 ], [ 21.757449417070681, 49.36922582960689 ], [ 21.758100869278053, 49.380783137792001 ], [ 21.757314164150134, 49.381304358319092 ], [ 21.739715192316087, 49.392793436712473 ], [ 21.738916659784024, 49.393322157343938 ], [ 21.721320784516166, 49.404800936291849 ], [ 21.720510177249601, 49.405337310291294 ], [ 21.70291764496416, 49.416805632788297 ], [ 21.702094710441632, 49.41734981651372 ], [ 21.701198072179572, 49.416845843392444 ], [ 21.682408870004611, 49.406237906450293 ], [ 21.663357518158527, 49.406683713288373 ], [ 21.645774543102213, 49.418128141995929 ], [ 21.64640108308674, 49.429686416052796 ], [ 21.645549214261234, 49.430248858171105 ], [ 21.627970960047399, 49.441679570685899 ], [ 21.627105893498118, 49.442250358182029 ], [ 21.626164238966997, 49.441720639297515 ], [ 21.607426339953658, 49.431126054539348 ], [ 21.588364222277722, 49.431560154609912 ], [ 21.569301655030575, 49.431991253989658 ], [ 21.550238641290282, 49.43241935107072 ], [ 21.531175184131502, 49.432844444128087 ], [ 21.530189348793119, 49.432289142565459 ], [ 21.529598728665068, 49.420729618337688 ], [ 21.510930353725726, 49.410142216763568 ], [ 21.493382914515998, 49.421516665746417 ], [ 21.492460765674874, 49.422123281586998 ], [ 21.491458174285636, 49.42155817636948 ], [ 21.472819133857971, 49.410976797830308 ], [ 21.453762876483569, 49.411389571055153 ], [ 21.434706191564793, 49.411799329763191 ], [ 21.415649082162723, 49.412206071611109 ], [ 21.398130906723047, 49.423532434685207 ], [ 21.397155005389337, 49.424172774544537 ], [ 21.378092585192945, 49.424573617704461 ], [ 21.360587414669752, 49.435877570404095 ], [ 21.359584621953744, 49.436534761231364 ], [ 21.342086273361875, 49.447826118975527 ], [ 21.341067655542115, 49.448493223861192 ], [ 21.321995045488976, 49.448885271160663 ], [ 21.302922028528108, 49.449274286051441 ], [ 21.283848607730153, 49.449660265720048 ], [ 21.282706513661129, 49.449013973609205 ], [ 21.2642419419672, 49.438479108885296 ], [ 21.263091179794916, 49.437827576695916 ], [ 21.244644179673564, 49.427294689059174 ], [ 21.225578520887851, 49.427671262392138 ], [ 21.224405459361989, 49.427006455216414 ], [ 21.223886213245631, 49.415444378203858 ], [ 21.22336715787927, 49.403882276675489 ], [ 21.204957287621365, 49.393351774126039 ], [ 21.185904262635177, 49.393721833766307 ], [ 21.168476720755784, 49.404925216016373 ], [ 21.16735997490597, 49.405653400179681 ], [ 21.149940431307044, 49.416843516061249 ], [ 21.148806697574994, 49.417582252254981 ], [ 21.131395422570144, 49.428758936478253 ], [ 21.130244424606794, 49.429508388691232 ], [ 21.129002721787302, 49.428803030809767 ], [ 21.110680106579018, 49.418301553720376 ], [ 21.091616251542003, 49.418656615740638 ], [ 21.072552027666578, 49.419008615787455 ], [ 21.053487438102835, 49.419357551859498 ], [ 21.052192340195173, 49.418620336384016 ], [ 21.051713463467586, 49.40705695306211 ], [ 21.052941784397706, 49.406281018869905 ], [ 21.070304915195027, 49.395153509032703 ], [ 21.071515475906843, 49.394388233897466 ], [ 21.090570912569145, 49.394053729444636 ], [ 21.107951858410448, 49.38290099616659 ], [ 21.107460091481361, 49.371337956160318 ], [ 21.089161621118734, 49.360831414406384 ], [ 21.070119731542754, 49.361182748098869 ], [ 21.051077477739536, 49.361531023533729 ], [ 21.049799529534035, 49.360803179717344 ], [ 21.031558269137882, 49.350310995177054 ], [ 21.030268603077229, 49.349576027914758 ], [ 21.012047927695235, 49.339087715288322 ], [ 21.010746248033225, 49.338345445144448 ], [ 20.992546448605989, 49.327861188872873 ], [ 20.991232457579429, 49.327111435155011 ], [ 20.992484234751856, 49.326320108232089 ], [ 21.009808639321097, 49.315217777550494 ], [ 20.991613222997028, 49.304730637795529 ], [ 20.972591814115003, 49.305066056684772 ], [ 20.971267512634611, 49.304309867129547 ], [ 20.953112791006628, 49.293832997687709 ], [ 20.934095137484498, 49.294162184171213 ], [ 20.915077143653093, 49.294488312110865 ], [ 20.897795131544644, 49.30554023105627 ], [ 20.898241472365225, 49.317104800949011 ], [ 20.89694695776226, 49.317942972064479 ], [ 20.879671536211085, 49.328980283502212 ], [ 20.878359449178205, 49.329829211231747 ], [ 20.861092877513542, 49.340852860511873 ], [ 20.859762986873918, 49.341712677984695 ], [ 20.858338772351917, 49.340897187018392 ], [ 20.840294429270202, 49.330460698471057 ], [ 20.821261429866173, 49.330771838858425 ], [ 20.804027388484716, 49.3417578900523 ], [ 20.802650623096351, 49.3426464274757 ], [ 20.785425941376168, 49.353618531356503 ], [ 20.784030856062014, 49.354518231957726 ], [ 20.766815763126392, 49.365476252132062 ], [ 20.765402122845856, 49.3663872504453 ], [ 20.748196851228276, 49.377331048672289 ], [ 20.74861000087116, 49.388896427096945 ], [ 20.749023586497451, 49.400461777118302 ], [ 20.747585106690849, 49.401387850456459 ], [ 20.730387845992574, 49.412313822920702 ], [ 20.728930011885982, 49.413251668724435 ], [ 20.709863863160315, 49.413545093502563 ], [ 20.690797409775705, 49.413835428926284 ], [ 20.689210140849092, 49.412922867156738 ], [ 20.671337809464344, 49.402554940565359 ], [ 20.669737452342186, 49.401634257004488 ], [ 20.651887115633752, 49.391271235103268 ], [ 20.634748776652426, 49.402134360969377 ], [ 20.633212359892056, 49.403119939235829 ], [ 20.616084881456619, 49.413968258351055 ], [ 20.61452861365213, 49.414965836705598 ], [ 20.612875008595953, 49.414013085877812 ], [ 20.612498963476948, 49.402446872110687 ], [ 20.612122980890902, 49.390880635472108 ], [ 20.594336594582654, 49.380536511442934 ], [ 20.592675806297017, 49.379578741220364 ], [ 20.574912060779273, 49.369239961156538 ], [ 20.55586145379451, 49.369508197901389 ], [ 20.538785795756112, 49.380308743787069 ], [ 20.537171372765574, 49.381341524897124 ], [ 20.52010656062674, 49.392127331094741 ], [ 20.518472312109783, 49.393172023546249 ], [ 20.501418570587628, 49.403942958946359 ], [ 20.49976426596433, 49.404999692079961 ], [ 20.480699149368021, 49.405255767208097 ], [ 20.461633766461198, 49.405508713471797 ], [ 20.442568120399518, 49.405758525531233 ], [ 20.440766048238693, 49.404714780223813 ], [ 20.423167786692108, 49.394436199338728 ], [ 20.421352113306231, 49.393383780856233 ], [ 20.403776361298572, 49.383110584950565 ], [ 20.384718892201853, 49.383350733633705 ], [ 20.367752942628684, 49.39403038225629 ], [ 20.36598196572978, 49.395156978903799 ], [ 20.346919526700233, 49.395390912309757 ], [ 20.327856843580793, 49.395621670590366 ], [ 20.325957539385239, 49.394517334056395 ], [ 20.325649087503823, 49.382949601259746 ], [ 20.32534068703125, 49.371381845458437 ], [ 20.325032342567109, 49.359814066596726 ], [ 20.324724058676523, 49.348246264619327 ], [ 20.307259041541702, 49.338001780512855 ], [ 20.290347132237486, 49.348635185835498 ], [ 20.288520330110337, 49.349795016797778 ], [ 20.286601499275452, 49.348676943801841 ], [ 20.269177153395603, 49.338446030550138 ], [ 20.252288797924471, 49.349053825083843 ], [ 20.250429054702806, 49.350233109097843 ], [ 20.248478613605617, 49.349095046449364 ], [ 20.231094341935915, 49.338877389051262 ], [ 20.212052597989214, 49.339088213214154 ], [ 20.193010632876543, 49.339295789816596 ], [ 20.191017751063619, 49.338130197309951 ], [ 20.173693281141507, 49.327929765784575 ], [ 20.171689251632184, 49.326756495166045 ], [ 20.173636627907211, 49.325546674289726 ], [ 20.190465551973499, 49.314993288401148 ], [ 20.17314347790165, 49.304789185687653 ], [ 20.154114448125267, 49.304989751868057 ], [ 20.152103330307934, 49.303810819965271 ], [ 20.134819472772932, 49.293616456693613 ], [ 20.132798250110195, 49.292430371078495 ], [ 20.13253630628903, 49.280861597971501 ], [ 20.132274462745688, 49.269292801217809 ], [ 20.115011633544402, 49.259098138164354 ], [ 20.11298827418371, 49.257908836237306 ], [ 20.112731273776582, 49.246339915771664 ], [ 20.112474386002305, 49.234770971530004 ], [ 20.112217614683516, 49.223202003473347 ], [ 20.094976068115251, 49.213004704958891 ], [ 20.092955164072915, 49.211814432025825 ], [ 20.092703271105922, 49.200245341228594 ], [ 20.092451504872056, 49.188676226512342 ], [ 20.075228967062824, 49.178477510446776 ], [ 20.056247716297499, 49.178659515358355 ], [ 20.039480901549805, 49.1891651772739 ], [ 20.037508192078739, 49.190409632526773 ], [ 20.020747602048466, 49.200903736138265 ], [ 20.018759787218141, 49.202156819073679 ], [ 20.002005553253994, 49.212639288677934 ], [ 20.000002496164004, 49.213901075432432 ], [ 19.983254756625502, 49.224371831126724 ], [ 19.981236313362029, 49.225642402189088 ], [ 19.962236428633958, 49.225808592379785 ], [ 19.943236368746572, 49.225971466191666 ], [ 19.924236137268874, 49.226131026808424 ], [ 19.905235737780785, 49.226287278276374 ], [ 19.903110593608744, 49.225026258679769 ], [ 19.90290505806632, 49.213456514155077 ], [ 19.885821444874917, 49.203294259148961 ], [ 19.883700020876091, 49.202033684272507 ], [ 19.866627345159078, 49.191870355144992 ], [ 19.847639754131638, 49.192016158522989 ], [ 19.828652010251862, 49.192158686933389 ], [ 19.811946352474354, 49.202560413151019 ], [ 19.809853071848892, 49.203871667573196 ], [ 19.807702625710402, 49.20259016901521 ], [ 19.790676078353044, 49.192433955546015 ], [ 19.773976980282434, 49.202821099573917 ], [ 19.771867995502284, 49.204140774692831 ], [ 19.755174428599432, 49.214516879708711 ], [ 19.75535723603177, 49.226086970806229 ], [ 19.755540200553916, 49.237657037835866 ], [ 19.772548434061324, 49.24780231498238 ], [ 19.774725488107105, 49.24910121267245 ], [ 19.774913014416171, 49.260671180707313 ], [ 19.791927984264255, 49.270810426639265 ], [ 19.794110988492633, 49.272112028887449 ], [ 19.811135889459589, 49.282249616169658 ], [ 19.813317223994993, 49.283549621985692 ], [ 19.811179164442798, 49.284887695026178 ], [ 19.794495351981805, 49.295251740187254 ], [ 19.794687791089984, 49.306821559564312 ], [ 19.794880405327383, 49.318391354737031 ], [ 19.795073197517411, 49.329961125687518 ], [ 19.795266170613381, 49.34153087239698 ], [ 19.795459327701192, 49.353100594845678 ], [ 19.79565267200195, 49.364670293012921 ], [ 19.795846206874582, 49.376239966877101 ], [ 19.793642812488358, 49.377616756331079 ], [ 19.776987157115055, 49.387939233856869 ], [ 19.777176821132539, 49.39950891139469 ], [ 19.777366683687795, 49.411078564597034 ], [ 19.775129685543568, 49.412475036787463 ], [ 19.772827823257956, 49.411108990641274 ], [ 19.755879011498013, 49.40103341489079 ], [ 19.753575718842125, 49.399665145810054 ], [ 19.736637271051034, 49.389588174496218 ], [ 19.734333115100458, 49.388218027611174 ], [ 19.717404459682641, 49.3781393287341 ], [ 19.700772279754467, 49.388426323080829 ], [ 19.698508600394202, 49.389836692723819 ], [ 19.681886020775366, 49.400110170397042 ], [ 19.679603765787942, 49.401531157871538 ], [ 19.660534633288488, 49.401647428651778 ], [ 19.641465379538456, 49.401760451282726 ], [ 19.624863291933565, 49.412003274627324 ], [ 19.625019151227466, 49.42357327976184 ], [ 19.641880860011913, 49.433627364184737 ], [ 19.644247812300314, 49.435038581078686 ], [ 19.64191817914087, 49.436486931991212 ], [ 19.62533144513888, 49.446713217617763 ], [ 19.622981992264265, 49.448172918550711 ], [ 19.60389456132274, 49.44828009901201 ], [ 19.584807018978921, 49.448384046132944 ], [ 19.56824271790428, 49.458578565264297 ], [ 19.568386462893894, 49.470148595536422 ], [ 19.565985960223678, 49.471637270986228 ], [ 19.549439603122369, 49.481810855210703 ], [ 19.549579443878464, 49.493380875491823 ], [ 19.549719491309901, 49.504950871655737 ], [ 19.5472762432323, 49.506464633612616 ], [ 19.530755792353013, 49.516610058476012 ], [ 19.530891947893771, 49.528180043500846 ], [ 19.531028320043962, 49.53975000439118 ], [ 19.531164912597212, 49.551319941130913 ], [ 19.528665049280715, 49.552867111202879 ], [ 19.512180286934576, 49.562976058693287 ], [ 19.512313008944211, 49.574545983146145 ], [ 19.509777565620624, 49.576113924458937 ], [ 19.490639916054537, 49.576203421890867 ], [ 19.474185184878905, 49.586278954215132 ], [ 19.471613750806437, 49.587867302179092 ], [ 19.455174728217358, 49.597925724805549 ], [ 19.45529515577908, 49.609495677975623 ], [ 19.452685701511641, 49.611106232413029 ], [ 19.450023744511533, 49.609516290725928 ], [ 19.449930329102713, 49.597946228456074 ], [ 19.433328949363609, 49.588030555208604 ], [ 19.414186424005525, 49.588107401800123 ], [ 19.411530907490327, 49.586518677512395 ], [ 19.411446673370026, 49.574948514886536 ], [ 19.394856949139886, 49.565024888099259 ], [ 19.375723323602443, 49.565095163364937 ], [ 19.373074773438191, 49.563508088067231 ], [ 19.37299966196111, 49.551937830434909 ], [ 19.372924434910644, 49.540367549998734 ], [ 19.356336893901755, 49.53042790701717 ], [ 19.337216688132049, 49.530491608189415 ], [ 19.318096418481602, 49.530552218340695 ], [ 19.298976088319002, 49.530609751344841 ], [ 19.27985570099117, 49.530664221065159 ], [ 19.27719696309364, 49.529065931171445 ], [ 19.26067369523404, 49.519137204617358 ], [ 19.258018127513836, 49.517539738523126 ], [ 19.241500704846057, 49.507607087446956 ], [ 19.238848064191782, 49.506010331003012 ], [ 19.238804657886476, 49.494439828227549 ], [ 19.238761105787567, 49.482869302523291 ], [ 19.222231892990514, 49.472917340343464 ], [ 19.219608620973329, 49.471336611232076 ], [ 19.22221761443366, 49.469760989154125 ], [ 19.238673575283908, 49.459728182298903 ], [ 19.222127198302264, 49.449761104360448 ], [ 19.203038155084148, 49.449803040584911 ], [ 19.200429915733622, 49.448230095057447 ], [ 19.200394907641563, 49.436659451903274 ], [ 19.200359755344991, 49.425088785751555 ], [ 19.200324461423328, 49.413518096596142 ], [ 19.183776008564973, 49.403530096055256 ], [ 19.164704846926185, 49.403565954836914 ], [ 19.145633651632533, 49.403598888489888 ], [ 19.126562425785856, 49.403628906426327 ], [ 19.107491172471939, 49.403656017375688 ], [ 19.091050999608303, 49.413655769550978 ], [ 19.088440691132135, 49.41525824631735 ], [ 19.085797652683478, 49.413659786699597 ], [ 19.069348595712601, 49.403701549456088 ], [ 19.050277278370039, 49.403719984078251 ], [ 19.047619284091251, 49.402111048237174 ], [ 19.031198610870931, 49.392157549579984 ], [ 19.012131748716751, 49.392170213711388 ], [ 18.993064877367068, 49.392180006651358 ], [ 18.973997999834939, 49.392186930104785 ], [ 18.957624696464091, 49.402113088964583 ], [ 18.957626684896365, 49.413683852635231 ], [ 18.973981398039669, 49.423612404398355 ], [ 18.976692602347942, 49.425260006665972 ], [ 18.97669942171386, 49.436830724086008 ], [ 18.976706433068806, 49.448401418271636 ], [ 18.973967393929019, 49.450077979821394 ], [ 18.957636508858165, 49.459966675270117 ], [ 18.957639449171491, 49.471537322930565 ], [ 18.957642590126831, 49.48310794739723 ], [ 18.957645935288546, 49.494678548672979 ], [ 18.957649488285352, 49.506249126760594 ], [ 18.954824847614812, 49.507975640671155 ], [ 18.938554247763886, 49.517811115168143 ], [ 18.935697829551422, 49.519556003684038 ], [ 18.916581479705055, 49.519554466737858 ], [ 18.91367758463041, 49.517795229714828 ], [ 18.897489337673868, 49.507970980222673 ], [ 18.878377514601915, 49.507963674127602 ], [ 18.862163005821248, 49.517745328152323 ], [ 18.859232476891627, 49.519532593720349 ], [ 18.843043561228885, 49.529291508077286 ], [ 18.843020930024231, 49.540861990879236 ], [ 18.842998511575402, 49.552432450727814 ], [ 18.840002803335263, 49.55425759937998 ], [ 18.82386232161835, 49.563975375811992 ], [ 18.823835870887166, 49.575545781166213 ], [ 18.823809644124225, 49.587116163628231 ], [ 18.823783646030186, 49.598686523206872 ], [ 18.823757881393455, 49.610256859911097 ], [ 18.820660868169853, 49.61214103899642 ], [ 18.804596491874662, 49.621796456955465 ], [ 18.804566730145893, 49.633366738262318 ], [ 18.80453721473215, 49.644936996764585 ], [ 18.804507950866125, 49.656507232472833 ], [ 18.804478943881566, 49.668077445397813 ], [ 18.801272877539386, 49.670025197834526 ], [ 18.785292435377237, 49.679613702410229 ], [ 18.782045950586781, 49.681584777885831 ], [ 18.762866247290205, 49.681560453388371 ], [ 18.759572070940642, 49.679563161714839 ], [ 18.743747433163602, 49.669952139665128 ], [ 18.727822177391243, 49.679492894957626 ], [ 18.724506934128971, 49.681503088575433 ], [ 18.708615537128395, 49.691016391714349 ], [ 18.708564932158879, 49.702586470389569 ], [ 18.705187256571463, 49.704632795684674 ], [ 18.685998575055699, 49.704596866091066 ], [ 18.666809936285464, 49.704557988826757 ], [ 18.647621343529838, 49.704516145158379 ], [ 18.631842477198383, 49.713938211250024 ], [ 18.631774579829329, 49.725508170053132 ], [ 18.628256021259304, 49.727635060427737 ], [ 18.612531075351342, 49.737015557570885 ], [ 18.612459276589703, 49.7485854500949 ], [ 18.612387755132087, 49.760155320410455 ], [ 18.612316518012829, 49.771725168543185 ], [ 18.60868584123191, 49.773917085921425 ], [ 18.59305231278589, 49.783229181165787 ], [ 18.592977218524961, 49.794798962263435 ], [ 18.589274161410213, 49.797032631235936 ], [ 18.573700663231666, 49.806299682325225 ], [ 18.573621737520501, 49.817869395470368 ], [ 18.56984393380009, 49.820146156992216 ], [ 18.554332848795948, 49.829366817433836 ], [ 18.569679318843946, 49.838704052764285 ], [ 18.573464836612114, 49.841008755942234 ], [ 18.573386877637066, 49.852578403333048 ], [ 18.588724484987065, 49.861901031119366 ], [ 18.592533280478136, 49.864217186699115 ], [ 18.58868513540359, 49.866535702630976 ], [ 18.573231984452885, 49.875717632589371 ], [ 18.573155067486692, 49.887287214522814 ], [ 18.573078515399768, 49.898856774706196 ], [ 18.573002337271351, 49.910426313175201 ], [ 18.569020147964078, 49.912822583495775 ], [ 18.553680629894696, 49.921923362358704 ], [ 18.549641319885541, 49.924352346391743 ], [ 18.545589518044377, 49.921891942861606 ], [ 18.5457250484734, 49.910322670539479 ], [ 18.530590810155285, 49.901122314517536 ], [ 18.51132463518698, 49.901060290668482 ], [ 18.492058532677675, 49.900995180546204 ], [ 18.476798871872457, 49.910032188122855 ], [ 18.472666211846018, 49.91251265470099 ], [ 18.457456644950661, 49.921513141003409 ], [ 18.45326465054346, 49.92402739207931 ], [ 18.433989552278337, 49.923952992184013 ], [ 18.418857862006778, 49.932895970493405 ], [ 18.414574209462142, 49.935461851394727 ], [ 18.395294667717465, 49.935381045570566 ], [ 18.37601522186478, 49.935296904574336 ], [ 18.356735876321302, 49.93520936853951 ], [ 18.352371005039917, 49.932543776429362 ], [ 18.337615461066072, 49.923531310029581 ], [ 18.333254523163713, 49.920865603653489 ], [ 18.318504293596384, 49.911849606638341 ], [ 18.303502400593597, 49.920690738874029 ], [ 18.299066561636725, 49.923338304857275 ], [ 18.284115832387055, 49.932142563414892 ], [ 18.283975358635491, 49.943711548034784 ], [ 18.283835217946088, 49.955280511822849 ], [ 18.279273846383777, 49.957999892044036 ], [ 18.264432163170852, 49.966728910140731 ], [ 18.25980813410003, 49.969483323839611 ], [ 18.240515597818511, 49.969374624886292 ], [ 18.221223196182091, 49.969262052541708 ], [ 18.206481358232033, 49.977916798916425 ], [ 18.206325572897121, 49.989485530194578 ], [ 18.201547376341853, 49.99232480111673 ], [ 18.182245980641568, 49.992204757912759 ], [ 18.17749405265139, 49.989284717277833 ], [ 18.163145864312831, 49.98049029579083 ], [ 18.148496163391883, 49.98907551745426 ], [ 18.143643649594829, 49.991952261191756 ], [ 18.12434272668861, 49.991819628090852 ], [ 18.109760129283828, 50.000354579132818 ], [ 18.10482677190501, 50.003274102854938 ], [ 18.090293948285897, 50.011773401184662 ], [ 18.090114880794928, 50.02334178796643 ], [ 18.089936166462628, 50.03491015483619 ], [ 18.08486111041038, 50.037909956379501 ], [ 18.070453200176789, 50.046325493166641 ], [ 18.065317005579288, 50.049358509273326 ], [ 18.050960666140284, 50.057737482201077 ], [ 18.0457636129678, 50.060803449830118 ], [ 18.02643567172823, 50.060650241848109 ], [ 18.021329052511224, 50.057491413218386 ], [ 18.007347180396941, 50.048897727712202 ], [ 18.00228141882247, 50.04575946527256 ], [ 18.002565664581986, 50.034192110316184 ], [ 18.007711649064476, 50.031220097569609 ], [ 18.012721051170008, 50.034278950504415 ], [ 18.026794140577568, 50.042930040440233 ], [ 18.041212214967764, 50.034517837395249 ], [ 18.041485082931271, 50.022950294706014 ], [ 18.041757295760068, 50.011382723747168 ], [ 18.027607005281162, 50.00268200886881 ], [ 18.008302554559283, 50.002522260990155 ], [ 17.993808889832195, 50.010976841268366 ], [ 17.988755060844206, 50.013951498756711 ], [ 17.983823931532672, 50.010889825452374 ], [ 17.969694288899895, 50.002188233946086 ], [ 17.950390487035161, 50.00201385409482 ], [ 17.945514919465936, 49.998978097449154 ], [ 17.931343947857592, 49.990239956772932 ], [ 17.926524043708387, 49.987234004177402 ], [ 17.912306763131106, 49.978460731851214 ], [ 17.893012959624325, 49.978270810358083 ], [ 17.888269166640477, 49.975303735304912 ], [ 17.873990011949353, 49.966481090573922 ], [ 17.859305705183051, 49.975022544622405 ], [ 17.854426096599887, 49.977876087926894 ], [ 17.839762836741947, 49.986398746243204 ], [ 17.834852966739316, 49.989266932035548 ], [ 17.82020948028801, 49.997771553950713 ], [ 17.819974281831112, 50.009339152058622 ], [ 17.814985506443186, 50.012250085203227 ], [ 17.795679047549129, 50.012036106401951 ], [ 17.781071215125394, 50.020506968589523 ], [ 17.780828566262905, 50.032074394487928 ], [ 17.775783437747794, 50.035011961532035 ], [ 17.761239878349677, 50.043436904227903 ], [ 17.760993984150481, 50.055004225467364 ], [ 17.760748597921591, 50.066571529885344 ], [ 17.755568587005794, 50.069583916372984 ], [ 17.741141883136027, 50.077930449029878 ], [ 17.735934714195391, 50.080955425216544 ], [ 17.721524556736888, 50.08928594734752 ], [ 17.721272282462582, 50.100853058337009 ], [ 17.715981530447902, 50.103923077198154 ], [ 17.701640610916211, 50.112205041136434 ], [ 17.696324246747704, 50.115286675900045 ], [ 17.691253929180853, 50.112088419728387 ], [ 17.677297147072675, 50.103443627050623 ], [ 17.65795540511925, 50.103196754724969 ], [ 17.643485764942465, 50.111540110718622 ], [ 17.64321710713638, 50.123106882728322 ], [ 17.637955812637355, 50.126147665634029 ], [ 17.62355060080289, 50.134445303959225 ], [ 17.618271236537947, 50.137493403386564 ], [ 17.603873554527379, 50.145780278732744 ], [ 17.598577381578256, 50.148834971417237 ], [ 17.584185992497861, 50.157111802800699 ], [ 17.59808327126396, 50.165731787678112 ], [ 17.603322826170039, 50.168913396436075 ], [ 17.617118532356546, 50.17746393685578 ], [ 17.636491382756599, 50.177665602793191 ], [ 17.655864415984563, 50.177865573976689 ], [ 17.661297828680979, 50.181165912567039 ], [ 17.674918655530369, 50.189592851790024 ], [ 17.694296697010813, 50.189790040774895 ], [ 17.699865640665031, 50.193173758912401 ], [ 17.713365058631254, 50.20151490690467 ], [ 17.732748093440637, 50.20170981018849 ], [ 17.738438655306609, 50.205168763634127 ], [ 17.751830571671903, 50.213432902820642 ], [ 17.757607609095697, 50.216944988871653 ], [ 17.757369988086587, 50.228512065310703 ], [ 17.757132970245049, 50.240079126023161 ], [ 17.751042362890871, 50.243616684739436 ], [ 17.7374734516304, 50.251436769776056 ], [ 17.731334919828171, 50.254998368686707 ], [ 17.717803171411465, 50.262790977940085 ], [ 17.717560112892162, 50.274357858492309 ], [ 17.730606538622919, 50.282401892915495 ], [ 17.73675618085683, 50.286137613969025 ], [ 17.749720395466163, 50.294124908528268 ], [ 17.755957167812554, 50.297914196431144 ], [ 17.749523124203193, 50.301649661880781 ], [ 17.730100185395802, 50.301427162853052 ], [ 17.716834954056555, 50.3090584119076 ], [ 17.716594594588425, 50.320625233885366 ], [ 17.710049408246345, 50.324417162058332 ], [ 17.690617604924334, 50.324184282178379 ], [ 17.684363909150811, 50.320264959569172 ], [ 17.684756320712786, 50.308699896916572 ], [ 17.685147564270512, 50.297134798474971 ], [ 17.672156430228295, 50.289117507161983 ], [ 17.666157870611823, 50.285348878527081 ], [ 17.653067188330219, 50.277264048125318 ], [ 17.647181138810421, 50.273559950112933 ], [ 17.633987492088114, 50.265405375803773 ], [ 17.614580640339792, 50.265149609943002 ], [ 17.600881916010408, 50.273011789449228 ], [ 17.594832469256342, 50.27649725456309 ], [ 17.575421559115814, 50.276231428178434 ], [ 17.569731241203893, 50.272632595343296 ], [ 17.556362069983461, 50.264352133782964 ], [ 17.536956549094882, 50.264076623609064 ], [ 17.523037705204757, 50.272048552859026 ], [ 17.517190850915107, 50.275404810468224 ], [ 17.49778129409945, 50.275119978047464 ], [ 17.492326227450484, 50.271654180324205 ], [ 17.478742014751806, 50.263222806259215 ], [ 17.45933784868976, 50.262929554587927 ], [ 17.454080924009745, 50.259581903250094 ], [ 17.440313099932531, 50.251025631780294 ], [ 17.425998827283252, 50.259204910968087 ], [ 17.425687706706434, 50.270770532947466 ], [ 17.420146483768224, 50.273937795069145 ], [ 17.400738636284945, 50.273632229173991 ], [ 17.3864190692208, 50.281801770145435 ], [ 17.380937393586034, 50.284929625873303 ], [ 17.375809921312495, 50.281653985188356 ], [ 17.376272418312567, 50.270090580611821 ], [ 17.362322116613942, 50.261404602847037 ], [ 17.347789756557596, 50.269689107375385 ], [ 17.347458393441652, 50.281254294023704 ], [ 17.347128106391899, 50.292819474513401 ], [ 17.346798913348941, 50.304384649109444 ], [ 17.341306857981799, 50.307512762453413 ], [ 17.326973812849836, 50.315670837063749 ], [ 17.321477553512558, 50.318798561811221 ], [ 17.302052610444949, 50.318473026174729 ], [ 17.282628014959318, 50.318144215489703 ], [ 17.268133864374025, 50.32637896282062 ], [ 17.262780627530045, 50.329418405959636 ], [ 17.243352022448526, 50.329082648204881 ], [ 17.228771300958872, 50.337355786799797 ], [ 17.223490906505848, 50.340349406986569 ], [ 17.208900988744183, 50.348621273886863 ], [ 17.208538107138725, 50.360185592542834 ], [ 17.203182210619254, 50.363218964722826 ], [ 17.188653612350258, 50.371447427867494 ], [ 17.188287378624686, 50.383011614625993 ], [ 17.182853739470058, 50.386085935576546 ], [ 17.163402993393216, 50.385734590502459 ], [ 17.158437442002587, 50.382542728311577 ], [ 17.144405586972116, 50.373774851936496 ], [ 17.12970735973596, 50.382084189832106 ], [ 17.124502566732925, 50.385023752489261 ], [ 17.109794397203139, 50.393332175100014 ], [ 17.109406846174075, 50.404895824348628 ], [ 17.10412706145857, 50.407874819447017 ], [ 17.08466831290831, 50.407511103215185 ], [ 17.065209922378106, 50.407144900732554 ], [ 17.045751890143812, 50.40677626926481 ], [ 17.030866974235078, 50.415162560628602 ], [ 17.025811936242139, 50.418008017814266 ], [ 17.006349911425634, 50.417633695884675 ], [ 16.98688824802942, 50.417257072044748 ], [ 16.967426947062375, 50.416878178926844 ], [ 16.952308443532395, 50.425376065843487 ], [ 16.947464524458749, 50.428096761769105 ], [ 16.932337250975433, 50.436592870993408 ], [ 16.927492675368278, 50.43931202522711 ], [ 16.91235704649548, 50.447806117493492 ], [ 16.907511393861068, 50.450523979073274 ], [ 16.903042582899879, 50.447638581522362 ], [ 16.888553790791384, 50.438534772340716 ], [ 16.884206390746954, 50.435727326703727 ], [ 16.884780831836892, 50.424167582309671 ], [ 16.870125927855529, 50.414950423329316 ], [ 16.865949685638643, 50.412253338976861 ], [ 16.870357760883078, 50.409781366197109 ], [ 16.88592443197086, 50.401047933906838 ], [ 16.8903302125232, 50.39857501390518 ], [ 16.905889289792757, 50.389838952583396 ], [ 16.91029327821304, 50.387364813420049 ], [ 16.925844279544943, 50.378626399562968 ], [ 16.926403311554026, 50.367066136971459 ], [ 16.926960692287182, 50.355505823668615 ], [ 16.931250009531595, 50.353092604931859 ], [ 16.946895672206498, 50.344289348594614 ], [ 16.947446366863002, 50.332728808315714 ], [ 16.947995481997154, 50.321168218850211 ], [ 16.952176089278428, 50.318812760545804 ], [ 16.967910540726095, 50.309947833854665 ], [ 16.972090947737399, 50.307590390698785 ], [ 16.991510715541001, 50.307895763475116 ], [ 17.007177361348049, 50.299057521871589 ], [ 17.011411890711003, 50.296666002554495 ], [ 17.027068184556196, 50.287826664571192 ], [ 17.027597135725813, 50.276265384057545 ], [ 17.028124576712717, 50.264704056451578 ], [ 17.013135666855781, 50.255282477808841 ], [ 17.009304286488341, 50.252812799188611 ], [ 17.009832354087145, 50.241251502202985 ], [ 17.01381276951517, 50.239000403322493 ], [ 17.029698110866029, 50.230019795780208 ], [ 17.014580899720603, 50.220511246997653 ], [ 16.995198911721015, 50.220149611177249 ], [ 16.979261227387493, 50.229153337698122 ], [ 16.978817504410603, 50.240716022895761 ], [ 16.974835467298544, 50.242962663227615 ], [ 16.971143572342132, 50.240582251276258 ], [ 16.9716774382639, 50.229021159349116 ], [ 16.956435991436877, 50.219419303815712 ], [ 16.937055064054945, 50.219050632110687 ], [ 16.917674495302577, 50.218679610638361 ], [ 16.898294287901667, 50.218306233283492 ], [ 16.894848245411133, 50.216083612714755 ], [ 16.895394215291219, 50.204522949416713 ], [ 16.879941452357833, 50.194763127983073 ], [ 16.860571291782858, 50.194386411736161 ], [ 16.844238986019835, 50.203584637259958 ], [ 16.840678863889114, 50.205589337088369 ], [ 16.837373347376666, 50.203456987537017 ], [ 16.837929437596131, 50.19189668422797 ], [ 16.822359009619063, 50.182044830444738 ], [ 16.80299462072243, 50.181661498534666 ], [ 16.799814449398937, 50.179610036325379 ], [ 16.800375971857768, 50.168049924840943 ], [ 16.800936400488609, 50.156489771736808 ], [ 16.785237089045317, 50.14653937086733 ], [ 16.782171274256555, 50.144561988756486 ], [ 16.766426801527182, 50.134575530867693 ], [ 16.747082144175636, 50.134187119347871 ], [ 16.744090294166909, 50.13225729748401 ], [ 16.744659477618541, 50.120697449284293 ], [ 16.728834111793535, 50.110644736093953 ], [ 16.725913091172092, 50.108760703188402 ], [ 16.710051700953276, 50.098677614639008 ], [ 16.690722128642154, 50.098283074081586 ], [ 16.67139295501217, 50.097885907590509 ], [ 16.654554821786782, 50.107340476826899 ], [ 16.651498092952451, 50.109059252975662 ], [ 16.632165093978337, 50.108656303924271 ], [ 16.615303694605956, 50.118111659857817 ], [ 16.614751611013201, 50.129671416572428 ], [ 16.611680618124218, 50.131395958395366 ], [ 16.592339167103244, 50.130986712152733 ], [ 16.575475131304586, 50.140428731283592 ], [ 16.57491302608933, 50.151988113865556 ], [ 16.571826108054001, 50.153719330064774 ], [ 16.554980461194155, 50.163141112230825 ], [ 16.55441353833017, 50.174700289851565 ], [ 16.553846824306657, 50.186259451918417 ], [ 16.553280333822109, 50.197818598751063 ], [ 16.552714082007043, 50.209377730678469 ], [ 16.552148084436652, 50.220936848039145 ], [ 16.548922611021759, 50.222742046740159 ], [ 16.532181569539063, 50.232085323003837 ], [ 16.528946868399238, 50.233894500895524 ], [ 16.512206196718584, 50.243230215647536 ], [ 16.508961815336558, 50.245043618038949 ], [ 16.492221963270975, 50.254371522230784 ], [ 16.491641158232767, 50.265930050924446 ], [ 16.488358523338128, 50.267763116882634 ], [ 16.471643035065316, 50.277067573551541 ], [ 16.468349741909037, 50.278905382586707 ], [ 16.451636045660887, 50.288201501303739 ], [ 16.451045466151339, 50.299759626840896 ], [ 16.447712089074333, 50.301618061254231 ], [ 16.431024579834428, 50.31088975923636 ], [ 16.430429266816457, 50.322447674990784 ], [ 16.427054452235186, 50.324327447723114 ], [ 16.407637621583749, 50.323885536010614 ], [ 16.388221241701697, 50.323440975714597 ], [ 16.371519371387784, 50.3327011887474 ], [ 16.370908680597562, 50.344258519376098 ], [ 16.367525737535001, 50.346139607438971 ], [ 16.350852291834887, 50.355374214607089 ], [ 16.366462866923847, 50.365342445081453 ], [ 16.369688190875792, 50.367373142706469 ], [ 16.366244393501002, 50.369287005991787 ], [ 16.349621744795218, 50.378488434160197 ], [ 16.346164129349059, 50.380408702348703 ], [ 16.326725663918733, 50.3799534480926 ], [ 16.307287664470199, 50.379495531258542 ], [ 16.304115483967703, 50.377441917887076 ], [ 16.28851026091986, 50.367462807025206 ], [ 16.271809807237052, 50.376688144249222 ], [ 16.268413078572621, 50.378571645853384 ], [ 16.251719031666759, 50.387786126118236 ], [ 16.251077911220833, 50.399342237519868 ], [ 16.247636075713537, 50.401248944149508 ], [ 16.230973214280496, 50.410436374654623 ], [ 16.227514964820394, 50.412350884491651 ], [ 16.210859618773508, 50.421526871995326 ], [ 16.207384459439126, 50.423449444953818 ], [ 16.190737122091029, 50.432613725796898 ], [ 16.190081196845231, 50.444169191004107 ], [ 16.205579577194051, 50.454090950779765 ], [ 16.208907798307564, 50.45619386966019 ], [ 16.22437181745731, 50.46608621941585 ], [ 16.243845003796736, 50.466540195680025 ], [ 16.247237508947862, 50.468678656660529 ], [ 16.262652150497786, 50.478526767601949 ], [ 16.282131155542945, 50.478972829242238 ], [ 16.285595449779571, 50.481151283284603 ], [ 16.300953220079982, 50.490950463131782 ], [ 16.304474277761791, 50.4931613409859 ], [ 16.303852798043007, 50.504717950575397 ], [ 16.319131424421393, 50.51445720424563 ], [ 16.335472669170947, 50.50544644946217 ], [ 16.339275031654715, 50.503356905301914 ], [ 16.358765655235107, 50.503786707999772 ], [ 16.362398665990021, 50.506060017151043 ], [ 16.37761759106705, 50.51574566262822 ], [ 16.381319029623395, 50.518058276715514 ], [ 16.39647919647647, 50.527699271328117 ], [ 16.400253285733331, 50.530053677862739 ], [ 16.396226678497342, 50.532284437783794 ], [ 16.380124065328232, 50.541173030499635 ], [ 16.395208419780126, 50.550761635934016 ], [ 16.399071238839021, 50.553168812317217 ], [ 16.39848136176111, 50.564726376280262 ], [ 16.413456962312747, 50.574236604868268 ], [ 16.432978310667703, 50.574647784005329 ], [ 16.437008950272148, 50.577151801017912 ], [ 16.436432547827359, 50.588709751467228 ], [ 16.432082160489973, 50.591118363338524 ], [ 16.416285814972309, 50.599835007451937 ], [ 16.41192067721061, 50.602250205859285 ], [ 16.396130249513984, 50.610956627601119 ], [ 16.391749683780546, 50.613378775531494 ], [ 16.375965851157638, 50.622074608281601 ], [ 16.375375324704166, 50.633631978905164 ], [ 16.370922534132706, 50.636091767434266 ], [ 16.355197078850985, 50.644746120290471 ], [ 16.350727276446047, 50.647213685170136 ], [ 16.335010002722139, 50.655856613715343 ], [ 16.330522485370253, 50.658332328905331 ], [ 16.310970497991612, 50.657860290657922 ], [ 16.291418975136462, 50.657385932283937 ], [ 16.275627868156239, 50.666053418536116 ], [ 16.27119605470363, 50.668494914567901 ], [ 16.251640710730399, 50.668015006993329 ], [ 16.232085842946525, 50.667532721279493 ], [ 16.228077491937484, 50.664931396473456 ], [ 16.228805399211314, 50.653377814542822 ], [ 16.229531646681732, 50.641824173680092 ], [ 16.214588432560046, 50.632300367819731 ], [ 16.195048809028425, 50.631815547397352 ], [ 16.178991986644135, 50.640610721333424 ], [ 16.174814992692664, 50.642908618389072 ], [ 16.155271592608752, 50.642418058328623 ], [ 16.139197742505591, 50.651210896690081 ], [ 16.135023989803912, 50.653504552034654 ], [ 16.115476826229237, 50.653008210213457 ], [ 16.095930167054622, 50.652509312133681 ], [ 16.092135602277644, 50.650045149540077 ], [ 16.077102997098315, 50.640430325866269 ], [ 16.073366364906544, 50.638003676781977 ], [ 16.074122549760869, 50.626451432525492 ], [ 16.05900806653715, 50.61677489343846 ], [ 16.05536202220615, 50.614407121148886 ], [ 16.040204180529383, 50.604695528760104 ], [ 16.036607829616671, 50.602359846249847 ], [ 16.021409807521447, 50.592615195441603 ], [ 16.005031834675929, 50.601551653565018 ], [ 16.001153557143336, 50.603679147022056 ], [ 15.984790110780731, 50.612600516552376 ], [ 15.999966052775987, 50.622336707916901 ], [ 16.003634203849892, 50.62465852552932 ], [ 16.002936050567197, 50.636211951418559 ], [ 16.002238371383527, 50.64776537144234 ], [ 16.001541191705396, 50.659318786271555 ], [ 16.000844537677459, 50.670872196596527 ], [ 15.996726963784145, 50.673127279228609 ], [ 15.980572816925163, 50.681919717330899 ], [ 15.976429524140453, 50.684187318205858 ], [ 15.956872210106823, 50.683668097917725 ], [ 15.937315432506232, 50.683146205411369 ], [ 15.91775919535997, 50.682621623259259 ], [ 15.913996944098258, 50.680174535183824 ], [ 15.898966938920688, 50.670520866338087 ], [ 15.87941656328829, 50.669991449630075 ], [ 15.863152360227341, 50.678816026201133 ], [ 15.862418331502592, 50.690367870094988 ], [ 15.858320248989349, 50.69260437088306 ], [ 15.84210912718612, 50.701390576034271 ], [ 15.841370555293373, 50.712942181748538 ], [ 15.837203217888307, 50.715214259174907 ], [ 15.821047431839622, 50.723960934307947 ], [ 15.820304351647394, 50.735512301850726 ], [ 15.819561775415675, 50.747063665760606 ], [ 15.815279599992856, 50.749395443151037 ], [ 15.79569802391163, 50.748850832799313 ], [ 15.791785466926212, 50.746302067113866 ], [ 15.77691241552662, 50.73673041641549 ], [ 15.757336765026492, 50.736180910624036 ], [ 15.737761691246844, 50.735628625450829 ], [ 15.718187198181738, 50.7350735469117 ], [ 15.698613289812068, 50.734515661538794 ], [ 15.682431887294916, 50.743239160954552 ], [ 15.68165171488908, 50.754788879545636 ], [ 15.677400755765674, 50.757095781548202 ], [ 15.657818458853466, 50.756531122860494 ], [ 15.638236758796957, 50.755963635282413 ], [ 15.622091251330396, 50.76464914226667 ], [ 15.617820818546928, 50.766962789034331 ], [ 15.60169959224131, 50.775628206754625 ], [ 15.597395314976286, 50.77795848184374 ], [ 15.57780584986447, 50.777381338597991 ], [ 15.558216997749799, 50.776801334134035 ], [ 15.53862876256736, 50.776218457435668 ], [ 15.519041148236637, 50.775632697941738 ], [ 15.502912114893425, 50.784277119169303 ], [ 15.498589378751928, 50.786611238375592 ], [ 15.478998225159931, 50.786019154144689 ], [ 15.462889190380249, 50.794641320821107 ], [ 15.458532726083192, 50.796990767047404 ], [ 15.442450651879817, 50.805591508566273 ], [ 15.438057656309747, 50.807958881238505 ], [ 15.434048163330651, 50.805334664999094 ], [ 15.419344008789281, 50.795790985060805 ], [ 15.415369502908426, 50.793188997568855 ], [ 15.416286373751307, 50.781644663375808 ], [ 15.401528717618955, 50.772057065670836 ], [ 15.38194555764783, 50.771450867047136 ], [ 15.365785496284037, 50.780080178152751 ], [ 15.36492171084978, 50.79162590140627 ], [ 15.364058148838042, 50.803171615897753 ], [ 15.363194830015518, 50.814717322263206 ], [ 15.362331774713306, 50.826263021156677 ], [ 15.361469003839833, 50.837808713250595 ], [ 15.356963676386352, 50.840229948235972 ], [ 15.340990467741811, 50.848740217893408 ], [ 15.336446122851882, 50.851180567577664 ], [ 15.320502924957871, 50.859667922658794 ], [ 15.315918974767797, 50.862127667249432 ], [ 15.300006373113979, 50.870591823780707 ], [ 15.295382227036828, 50.873071244172309 ], [ 15.279500809832532, 50.881511917492432 ], [ 15.278618379753054, 50.893056532869572 ], [ 15.27773630242922, 50.904601144239301 ], [ 15.272987349347456, 50.907144183569955 ], [ 15.257211757043107, 50.915516885875469 ], [ 15.256325081888024, 50.927061224122532 ], [ 15.270648108095264, 50.936374129855537 ], [ 15.275092424930577, 50.939234962120672 ], [ 15.28938006710653, 50.948517852200233 ], [ 15.293872395816441, 50.951405953172873 ], [ 15.288939243022952, 50.954046133092042 ], [ 15.273332051187474, 50.962324168702295 ], [ 15.272452605909594, 50.973868772959449 ], [ 15.26742597527242, 50.976556203278982 ], [ 15.247760152959851, 50.975922471512675 ], [ 15.232224361770673, 50.984149138045048 ], [ 15.231335044823492, 50.995693205515764 ], [ 15.22621654501882, 50.998425546355357 ], [ 15.221576364142598, 50.995377563252887 ], [ 15.20748681970205, 50.98621521337882 ], [ 15.202894899923484, 50.983198155582187 ], [ 15.188766785072099, 50.974003787372382 ], [ 15.173210757386373, 50.982228135393548 ], [ 15.172305105173967, 50.993771382484077 ], [ 15.171399941983285, 51.005314630921426 ], [ 15.170495294859421, 51.016857881617831 ], [ 15.165285968731897, 51.01963300025659 ], [ 15.160569293400561, 51.016531680651909 ], [ 15.146564531036447, 51.007413258385839 ], [ 15.141895876737234, 51.004342690177502 ], [ 15.142898606768085, 50.992802812802722 ], [ 15.128816565044398, 50.983625256919566 ], [ 15.113287449961934, 50.991819981993977 ], [ 15.108182142060544, 50.994536969872719 ], [ 15.092690736827151, 51.002705079803462 ], [ 15.091764341465971, 51.014247217167281 ], [ 15.086563212818135, 51.0170122944685 ], [ 15.066884297548643, 51.016349748693081 ], [ 15.062181227096398, 51.01325247354449 ], [ 15.048190628953916, 51.004118262335766 ], [ 15.032730289748379, 51.012254692187092 ], [ 15.0275286228108, 51.015015760211945 ], [ 15.007851871066007, 51.01434430380408 ], [ 14.988175848181344, 51.013669864146259 ], [ 14.983473926478828, 51.010569227843369 ], [ 14.984513066531404, 50.999031514193803 ], [ 14.98555055594203, 50.987493728881894 ], [ 14.990666336010388, 50.984827812629902 ], [ 15.010330032969549, 50.98550378183117 ], [ 15.025913432288036, 50.977302551486297 ], [ 15.026938918977942, 50.965764093051142 ], [ 15.027962808622268, 50.954225565189596 ], [ 15.013806579097825, 50.944963580770114 ], [ 15.009334665032243, 50.942016086269113 ], [ 15.010359833082935, 50.930477687506517 ], [ 14.996148507269663, 50.921170756309358 ], [ 14.991742110689698, 50.918265556656635 ], [ 14.99661697583376, 50.915720271560133 ], [ 15.01240561765254, 50.907400689421941 ], [ 14.998134652401015, 50.898050879365314 ], [ 14.993793761556143, 50.895188960844905 ], [ 14.998595654398303, 50.892680167083647 ], [ 15.014445468373317, 50.884323428579243 ], [ 15.015463217193348, 50.872784701301612 ], [ 15.001108659134362, 50.863374360956648 ], [ 14.981496091327569, 50.86270388615479 ], [ 14.961884252814297, 50.862030388336471 ], [ 14.942273147122892, 50.8613538652043 ], [ 14.926409387789173, 50.86970575621659 ], [ 14.921652908298764, 50.872230731934536 ], [ 14.902038473690833, 50.87154765528075 ], [ 14.882424783025568, 50.870861548631964 ], [ 14.862811839758315, 50.870172410661723 ], [ 14.84319964732158, 50.869480240322261 ], [ 14.823588209124857, 50.868785036840045 ], [ 14.807792161735536, 50.877072665861192 ], [ 14.822007230324269, 50.886438064766779 ], [ 14.826393083232221, 50.889314465410997 ], [ 14.840597237371885, 50.898665661595771 ], [ 14.845005670883301, 50.9015535731141 ], [ 14.844008278092513, 50.91309201553883 ], [ 14.858172934424532, 50.922408323564582 ], [ 14.8626379224891, 50.925328712773876 ], [ 14.876786850963974, 50.934627691303845 ], [ 14.881279395721261, 50.937562711991923 ], [ 14.880292889308585, 50.94910171584101 ], [ 14.894394289165037, 50.958360608216687 ], [ 14.898951716973821, 50.961333299627142 ], [ 14.913032185651351, 50.970571497047665 ], [ 14.917622567010428, 50.973562180057108 ], [ 14.916647284388381, 50.98510175008176 ], [ 14.915672281618527, 50.996641316246382 ], [ 14.929662376247659, 51.00580955852557 ], [ 14.934366466484194, 51.008868065468988 ], [ 14.933397435644455, 51.020407917604665 ], [ 14.947323119298579, 51.02952520106173 ], [ 14.952109662945068, 51.032632248751057 ], [ 14.951146765674496, 51.044172390492776 ], [ 14.950184294773225, 51.05571253332225 ], [ 14.963999321586838, 51.064746829221029 ], [ 14.968920716391345, 51.067934739099243 ], [ 14.967964621557678, 51.079475177785511 ], [ 14.981699531593792, 51.088448445719756 ], [ 14.986719767967596, 51.091694968550833 ], [ 14.985770239849241, 51.103235707550994 ], [ 14.984821309289908, 51.114776453350331 ], [ 14.98387300569871, 51.12631720698851 ], [ 14.982925359107773, 51.137857969527182 ], [ 14.996429135351788, 51.14666627713283 ], [ 15.001718228173472, 51.150076246646229 ], [ 14.995865338082197, 51.153171349522353 ], [ 14.981032160128349, 51.160939525661327 ], [ 14.9944337878967, 51.169677586813954 ], [ 14.999837737711399, 51.173158410702882 ], [ 14.99889868412745, 51.184699513014323 ], [ 15.012188744152526, 51.193356458757584 ], [ 15.017724381853268, 51.196916000602364 ], [ 15.01679275479254, 51.208457427445907 ], [ 15.015862058900286, 51.219998872360925 ], [ 15.014932329508222, 51.231540336584494 ], [ 15.027979308410082, 51.240027191295233 ], [ 15.033792126298039, 51.243755057741097 ], [ 15.032870269676012, 51.255296858859147 ], [ 15.031949513687309, 51.266838683692995 ], [ 15.031029895302503, 51.27838053353198 ], [ 15.030111451637861, 51.289922409671007 ], [ 15.023361152789116, 51.293483985443814 ], [ 15.00937627375659, 51.300789598316008 ], [ 15.008454327005369, 51.312331233341794 ], [ 15.001550455614565, 51.315969912382364 ], [ 14.987705488064387, 51.323194269922176 ], [ 14.986780100318196, 51.334735665541125 ], [ 14.979717770250764, 51.338453833767247 ], [ 14.966017617467962, 51.345594545170364 ], [ 14.965088849495039, 51.357135703081802 ], [ 14.977379445220068, 51.365121096615638 ], [ 14.984011913946768, 51.369360046657732 ], [ 14.97666831666422, 51.373222970452396 ], [ 14.963235400914655, 51.38021812056035 ], [ 14.962310789589838, 51.391759382594557 ], [ 14.961387631707877, 51.403300681756434 ], [ 14.960465959553977, 51.414842019199504 ], [ 14.959545804120813, 51.426383396033252 ], [ 14.97132093743754, 51.434024302022699 ], [ 14.978514534501697, 51.438609792836154 ], [ 14.970548200788819, 51.442792897042963 ], [ 14.957710159575937, 51.449466272043061 ], [ 14.956794723896518, 51.461007773144793 ], [ 14.948634870900648, 51.465287742396789 ], [ 14.935976811103361, 51.471860087308855 ], [ 14.92773438250925, 51.476179866729396 ], [ 14.915149984102257, 51.482708496605198 ], [ 14.906823934427841, 51.487068556959485 ], [ 14.886949339942067, 51.486353465465733 ], [ 14.867075502924783, 51.485635658799026 ], [ 14.854494673448738, 51.49214996916637 ], [ 14.846146702745989, 51.496513477755215 ], [ 14.833641381833317, 51.502983261965852 ], [ 14.825207936329839, 51.507387839697195 ], [ 14.812779151588261, 51.513812633300923 ], [ 14.804259198281546, 51.518258740173295 ], [ 14.784373571149873, 51.517526998341026 ], [ 14.764488725044455, 51.516792487523638 ], [ 14.752070005391865, 51.523199797345342 ], [ 14.74352165555762, 51.527652418640827 ], [ 14.731181203995694, 51.534013997422591 ], [ 14.730210193621049, 51.545552390508504 ], [ 14.721454941004732, 51.550107621353654 ], [ 14.709307817637169, 51.556362375303706 ], [ 14.708333769475109, 51.567900537411546 ], [ 14.71912065535645, 51.574928251836077 ], [ 14.727306659411655, 51.580167846456995 ], [ 14.737958473992082, 51.58710222555154 ], [ 14.746295477740414, 51.592432503006755 ], [ 14.75680667983028, 51.599270077831157 ], [ 14.765300303762606, 51.60469450271556 ], [ 14.764351350598526, 51.616233816602112 ], [ 14.754755865018252, 51.621221872155189 ], [ 14.743429850783913, 51.627049484653988 ], [ 14.753593014810184, 51.63365652756562 ], [ 14.762458188912316, 51.639312581150932 ], [ 14.752583683853913, 51.644442285727926 ], [ 14.741527312751604, 51.650127701240599 ], [ 14.751447625707391, 51.656574176770313 ], [ 14.760571175641811, 51.662391521917328 ], [ 14.750408114611663, 51.667667559216852 ], [ 14.739630831010594, 51.673206092277567 ], [ 14.738684757998909, 51.684745349565013 ], [ 14.728270314506831, 51.690145483787497 ], [ 14.717730622950107, 51.69555569289065 ], [ 14.707211485516908, 51.701005514831429 ], [ 14.696767465509202, 51.706362081106299 ], [ 14.686142570887325, 51.711862042555637 ], [ 14.675795275833039, 51.717164510256595 ], [ 14.674836062668492, 51.728702966469349 ], [ 14.663950182499057, 51.734331259509695 ], [ 14.653849965028471, 51.739501149440066 ], [ 14.652887023761805, 51.751039353901305 ], [ 14.651925125795065, 51.762577586299024 ], [ 14.650964165180669, 51.774115842741431 ], [ 14.650004023747911, 51.785654118881666 ], [ 14.649044570504904, 51.797192409895317 ], [ 14.637246164925806, 51.803276048761077 ], [ 14.6172409401889, 51.802501861011905 ], [ 14.607964453538676, 51.807236256175081 ], [ 14.596102102418715, 51.813344674836451 ], [ 14.586930916591481, 51.818021350109774 ], [ 14.585955889572228, 51.829558752651991 ], [ 14.594006053845716, 51.83479318830382 ], [ 14.605056035854023, 51.841849365674058 ], [ 14.60408688315589, 51.853387060159065 ], [ 14.611801459913071, 51.858398348948967 ], [ 14.631836987625949, 51.859115557739045 ], [ 14.643293214763258, 51.866422132825164 ], [ 14.650767905308394, 51.871271069139496 ], [ 14.662428778661539, 51.878704221934512 ], [ 14.669709075658472, 51.883423381130704 ], [ 14.681574523792557, 51.890983399810573 ], [ 14.688660457192601, 51.895572997829525 ], [ 14.700729479896427, 51.903259626623417 ], [ 14.699779924829855, 51.914798446106943 ], [ 14.698828111558713, 51.926337172152003 ], [ 14.705434378940327, 51.930610957359463 ], [ 14.717994385539566, 51.938610678130495 ], [ 14.717040739685604, 51.950149405263005 ], [ 14.716083571492511, 51.961687993114566 ], [ 14.715122500112169, 51.9732264277756 ], [ 14.714157136452361, 51.984764695028915 ], [ 14.720045428440795, 51.988567820759904 ], [ 14.73332459398269, 51.997035269643952 ], [ 14.732351963336709, 52.008573342657542 ], [ 14.731373615954976, 52.020111197043128 ], [ 14.736869568330604, 52.023656647064428 ], [ 14.750533543660069, 52.032378371144631 ], [ 14.749544291527732, 52.043915902709415 ], [ 14.748547923561537, 52.055453165741113 ], [ 14.753714963108063, 52.058782417149153 ], [ 14.767692709177014, 52.067716675444302 ], [ 14.752108186594798, 52.075688842093271 ], [ 14.746532374035622, 52.078526832880719 ], [ 14.745512500392588, 52.090063211786678 ], [ 14.729762595636887, 52.098108233897271 ], [ 14.709620966939028, 52.097370473666764 ], [ 14.704180228927513, 52.100134968714862 ], [ 14.688362008558604, 52.108204886816878 ], [ 14.682988386092852, 52.110932937255825 ], [ 14.681940683823949, 52.122467962485402 ], [ 14.680884103613366, 52.134002650640831 ], [ 14.679818385804236, 52.145536992077616 ], [ 14.684460856922248, 52.148528323345069 ], [ 14.698898198312303, 52.157808966402392 ], [ 14.703514808544762, 52.160781302180609 ], [ 14.717967811900587, 52.170077306380605 ], [ 14.70182505127968, 52.178287393606048 ], [ 14.69671926971631, 52.180876068826784 ], [ 14.695615000592735, 52.192409061241392 ], [ 14.694500756978334, 52.203941677112319 ], [ 14.69906185028254, 52.206875786684499 ], [ 14.713530634952285, 52.21620897189208 ], [ 14.71239641242812, 52.22774095072468 ], [ 14.711252300937913, 52.239272557239012 ], [ 14.710098408366578, 52.250803795211652 ], [ 14.694016701996544, 52.258949939994956 ], [ 14.673799414494141, 52.258243778118349 ], [ 14.668625042194474, 52.260860074479673 ], [ 14.652455610828543, 52.269040794605573 ], [ 14.632234696325176, 52.268328630289574 ], [ 14.627138959395007, 52.270901522686593 ], [ 14.610876039097567, 52.279119594064156 ], [ 14.590651515831235, 52.278401360199645 ], [ 14.585640044669432, 52.280928125249453 ], [ 14.584446224471073, 52.292457102171639 ], [ 14.583242724277904, 52.303985704445893 ], [ 14.582029734197668, 52.315513939040528 ], [ 14.565826573283751, 52.323678129188906 ], [ 14.560647818594086, 52.326284522861101 ], [ 14.559415885021117, 52.337811892277848 ], [ 14.558175025017443, 52.349338913306113 ], [ 14.556925531423159, 52.360865596829846 ], [ 14.555667722099441, 52.372391954681937 ], [ 14.554401937141122, 52.383917999540252 ], [ 14.538637861170924, 52.391832425702233 ], [ 14.532962205453282, 52.394681933235049 ], [ 14.538020927845158, 52.397937623292073 ], [ 14.551847894400806, 52.406969204558841 ], [ 14.550560401579085, 52.418494393312592 ], [ 14.549266457071219, 52.430019326035726 ], [ 14.554783777096377, 52.433565870343408 ], [ 14.575068074436288, 52.434393846892092 ], [ 14.588321155846961, 52.443059183936114 ], [ 14.594193088609959, 52.44682851523276 ], [ 14.60720496408805, 52.455336907492701 ], [ 14.605904815420509, 52.466861990982657 ], [ 14.612171361563243, 52.470880609781794 ], [ 14.624793537144525, 52.47913682531312 ], [ 14.631321464600079, 52.483319755386262 ], [ 14.64368986067371, 52.491408739693341 ], [ 14.642388333315097, 52.502934015607153 ], [ 14.628692298674498, 52.509788437026614 ], [ 14.62087490578431, 52.51371170624504 ], [ 14.61956370876425, 52.5252364547461 ], [ 14.618250600353443, 52.536761118883582 ], [ 14.616935908061617, 52.548285710794879 ], [ 14.624385873798618, 52.553053400236145 ], [ 14.635851728619134, 52.560559122504152 ], [ 14.634540832440479, 52.572083971203767 ], [ 14.621856291700379, 52.578415615563372 ], [ 14.612985368177238, 52.58285916597012 ], [ 14.611667299596927, 52.594383578810032 ], [ 14.610349045051795, 52.605907971348806 ], [ 14.598046761919228, 52.612038813978124 ], [ 14.588770848542968, 52.616678220190728 ], [ 14.576511522822802, 52.622782742804596 ], [ 14.55612666436479, 52.622086732585274 ], [ 14.546923649125455, 52.626683083035289 ], [ 14.534576370489674, 52.632823973681397 ], [ 14.525323289439189, 52.637441280019345 ], [ 14.513015523131589, 52.643557578467906 ], [ 14.503713339335496, 52.648195317765449 ], [ 14.491444117104903, 52.654287538124116 ], [ 14.471046464826387, 52.653580279867072 ], [ 14.461828702162666, 52.658169334468795 ], [ 14.460464620414244, 52.669690898560873 ], [ 14.44826960843918, 52.675736486089107 ], [ 14.438825827288699, 52.680432433078401 ], [ 14.437455665627663, 52.691953589977572 ], [ 14.425469128263835, 52.697888698698442 ], [ 14.415800798988009, 52.702690538387628 ], [ 14.403849336029067, 52.70860350022317 ], [ 14.394136289477537, 52.713423304905845 ], [ 14.392754012537722, 52.724943657665364 ], [ 14.381008456759568, 52.730747823655001 ], [ 14.371073487491341, 52.73567182809073 ], [ 14.359361351284761, 52.741454806427782 ], [ 14.349383297339276, 52.746395806527524 ], [ 14.337703636162875, 52.752158089401703 ], [ 14.32768342746636, 52.757115588580035 ], [ 14.316035306464643, 52.762857662128802 ], [ 14.305973863217442, 52.767831169841628 ], [ 14.294356357279394, 52.773553514146556 ], [ 14.273907976262242, 52.772814586202962 ], [ 14.263945960962078, 52.777731840109048 ], [ 14.262525592856605, 52.789249712314493 ], [ 14.250966580893735, 52.79493401417632 ], [ 14.240786857359652, 52.799952664662882 ], [ 14.229255743958484, 52.805618641256622 ], [ 14.219038368741112, 52.810651398495565 ], [ 14.207534268065219, 52.816299505776961 ], [ 14.187068034950299, 52.815547217800599 ], [ 14.176957793394157, 52.820520004308889 ], [ 14.165331458838388, 52.826220938291925 ], [ 14.144861505744808, 52.825463563663092 ], [ 14.134864726874595, 52.830373429673628 ], [ 14.133404988359876, 52.841888722414119 ], [ 14.131946590484006, 52.853404059483672 ], [ 14.141078212183031, 52.859288876018915 ], [ 14.150834466682785, 52.865753916884771 ], [ 14.149386946541794, 52.877269833880547 ], [ 14.158955248796225, 52.883429861107778 ], [ 14.168306052382817, 52.889617891986326 ], [ 14.157683703852971, 52.894815207658212 ], [ 14.146497033378017, 52.900301845891654 ], [ 14.14505476740311, 52.911817946259198 ], [ 14.143614363871267, 52.923334112450533 ], [ 14.142175863253959, 52.934850346201209 ], [ 14.140739297905098, 52.94636664891506 ], [ 14.139304692646133, 52.957883021687977 ], [ 14.149863163784921, 52.964670558659293 ], [ 14.158293235724228, 52.970234908408116 ], [ 14.169087053586351, 52.977168178690945 ], [ 14.189613941619081, 52.978061298022759 ], [ 14.197741754720926, 52.983413632555809 ], [ 14.20885653169911, 52.990543119906647 ], [ 14.229391566302773, 52.991424481682742 ], [ 14.237240846565113, 52.996580800008516 ], [ 14.248652818083054, 53.003890713920775 ], [ 14.256320012606466, 53.00891977384822 ], [ 14.267925843296391, 53.016347889419919 ], [ 14.288475828905874, 53.017211351846008 ], [ 14.295902393812762, 53.022069953678063 ], [ 14.307767449308617, 53.029653378462605 ], [ 14.315036296335714, 53.034401128359313 ], [ 14.327070806768074, 53.042086665530697 ], [ 14.334191270203219, 53.0467298418044 ], [ 14.346385887718879, 53.054511352209524 ], [ 14.353367067714302, 53.059056074709588 ], [ 14.35203607895847, 53.070578088185002 ], [ 14.36446712920646, 53.078502378232272 ], [ 14.371241640189822, 53.082902305621836 ], [ 14.369921406903082, 53.094424853869029 ], [ 14.368602697584954, 53.105947451032307 ], [ 14.367285474207756, 53.117470095689718 ], [ 14.380084344081013, 53.125617028404967 ], [ 14.38653802611249, 53.12979319886891 ], [ 14.385231051878721, 53.141316354776542 ], [ 14.378017211053983, 53.144841162853503 ], [ 14.363342334889062, 53.152038300212674 ], [ 14.362030669641335, 53.163561120395663 ], [ 14.360720297025024, 53.175083980822549 ], [ 14.373859704085911, 53.183438701996224 ], [ 14.38001618768558, 53.187409381280403 ], [ 14.378715537110827, 53.198932731412583 ], [ 14.392011740692327, 53.207378475659624 ], [ 14.398038672437073, 53.211255967389761 ], [ 14.396747449943229, 53.222779792735359 ], [ 14.410184466002153, 53.231306209392578 ], [ 14.416097273862572, 53.235100828803006 ], [ 14.429611772101682, 53.243669439828658 ], [ 14.435465270692333, 53.247419206887066 ], [ 14.449050698850991, 53.256025781939833 ], [ 14.45485120767367, 53.259734909922223 ], [ 14.448316876441835, 53.262923770057149 ], [ 14.432917948452959, 53.270468651071305 ], [ 14.426408698765476, 53.273642751304081 ], [ 14.410974500743311, 53.281198127914301 ], [ 14.409696001773401, 53.292722512098585 ], [ 14.408418310632449, 53.304246917441418 ], [ 14.407141393059906, 53.315771342665734 ], [ 14.405865215180384, 53.327295786508429 ], [ 14.404589743494807, 53.338820247720029 ], [ 14.403314944869154, 53.350344725064325 ], [ 14.397051955671955, 53.353390615427486 ], [ 14.381324248648928, 53.361067684695541 ], [ 14.395269350013649, 53.36989354111801 ], [ 14.400767236003766, 53.373393723269245 ], [ 14.394565175093541, 53.376408110139096 ], [ 14.378764119737255, 53.384115932777156 ], [ 14.377484921906706, 53.395640076027391 ], [ 14.376206259553614, 53.407164230497685 ], [ 14.374928101333419, 53.418688395011294 ], [ 14.373650416163381, 53.430212568400925 ], [ 14.372373173199453, 53.44173674950774 ], [ 14.371096341812171, 53.453260937180517 ], [ 14.36506223307919, 53.456185889919318 ], [ 14.349045338564853, 53.463976591615854 ], [ 14.347762604585364, 53.475500406979165 ], [ 14.34648021441364, 53.487024226553551 ], [ 14.345198138135261, 53.498548049208097 ], [ 14.339238237701773, 53.501432007865994 ], [ 14.323117777307262, 53.509258256685136 ], [ 14.321829667709196, 53.520781701320992 ], [ 14.320541806162577, 53.532305146724944 ], [ 14.314630358413291, 53.535161556591156 ], [ 14.298438274831204, 53.543010271718586 ], [ 14.297144289068717, 53.554533334644837 ], [ 14.311482277295882, 53.563590715529294 ], [ 14.316679415750475, 53.566875476357239 ], [ 14.315392252399256, 53.578398913644612 ], [ 14.314105190070077, 53.589922346101133 ], [ 14.312818199248728, 53.601445772600648 ], [ 14.311531250323679, 53.612969192012578 ], [ 14.30568833737917, 53.615786404608386 ], [ 14.289383204706404, 53.623671641154523 ], [ 14.288089889185274, 53.635194669933398 ], [ 14.286796551777117, 53.646717689322735 ], [ 14.285503162678365, 53.65824069817706 ], [ 14.279691003994797, 53.661038190275271 ], [ 14.263325294076788, 53.668937652297018 ], [ 14.277784193069976, 53.678057029622671 ], [ 14.282916109222846, 53.681286679657035 ], [ 14.277108891967547, 53.684080086240336 ], [ 14.260725430631998, 53.691982864749306 ], [ 14.259425295733068, 53.703505450514506 ], [ 14.258124984881867, 53.715028021071127 ], [ 14.256824467375489, 53.726550575229354 ], [ 14.271313551521802, 53.735678998688947 ], [ 14.276445443246068, 53.73890136704042 ], [ 14.270637125789337, 53.741691067953006 ], [ 14.254222688174321, 53.749595629531946 ], [ 14.268719299953482, 53.758724794017738 ], [ 14.273855307810686, 53.761947110131047 ], [ 14.272559711654482, 53.773469948470265 ], [ 14.271263719625392, 53.784992762982938 ], [ 14.26996729864079, 53.796515552385593 ], [ 14.26414190714752, 53.799309259947087 ], [ 14.247712417929012, 53.807207892649579 ], [ 14.246409106180892, 53.818730271286235 ], [ 14.245105297808117, 53.830252622242661 ], [ 14.239282897901218, 53.833040867724158 ], [ 14.222826690561146, 53.840939812539496 ], [ 14.221515909420537, 53.852461748153964 ], [ 14.220204563597374, 53.863983653476616 ], [ 14.218892618927129, 53.875505527165444 ], [ 14.217580040975562, 53.887027367866985 ], [ 14.216266795059786, 53.89854917421701 ], [ 14.210422930238257, 53.901341169316311 ], [ 14.193945028035264, 53.909230036768015 ], [ 14.208470778475451, 53.918360642090747 ], [ 14.213638159511103, 53.921592678358287 ], [ 14.228149037167329, 53.930706332194305 ], [ 14.249150648667271, 53.931530130517082 ], [ 14.270153308990659, 53.932350255000827 ], [ 14.291157009752142, 53.933166738764157 ], [ 14.307539019268866, 53.925306588685565 ], [ 14.313455365587428, 53.922459329440656 ], [ 14.329814181050574, 53.914603085444085 ], [ 14.335742390116907, 53.911747312636948 ], [ 14.356737711867503, 53.912552039707322 ], [ 14.377734045059286, 53.913353206126025 ], [ 14.383052954795708, 53.916666163712442 ], [ 14.397461552374558, 53.925673269031165 ], [ 14.418465601901767, 53.926468007528833 ], [ 14.439470636334798, 53.927259315721614 ], [ 14.444848105797528, 53.930604031209718 ], [ 14.459223077402097, 53.939571607145446 ], [ 14.464619696969143, 53.942926748375328 ], [ 14.478987025180144, 53.951882062012622 ], [ 14.484400406992183, 53.95524632254854 ], [ 14.498762470170144, 53.964190864652267 ], [ 14.519788505123431, 53.964971068858681 ], [ 14.525228391439036, 53.968349635972956 ], [ 14.539582098322841, 53.977276011428359 ], [ 14.560615727155703, 53.978050682693258 ], [ 14.566074587405778, 53.981439227837932 ], [ 14.580427443679445, 53.990352124386298 ], [ 14.601468640631092, 53.991121444469208 ], [ 14.622510754049079, 53.991887690542391 ], [ 14.627985750462992, 53.995283951176063 ], [ 14.642347208939331, 54.004183780450347 ], [ 14.663396859792213, 54.004944852338667 ], [ 14.684447412260464, 54.005702897996976 ], [ 14.689921780479731, 54.009096827526633 ], [ 14.704308586302012, 54.01799395330589 ], [ 14.725366656014041, 54.018746909124197 ], [ 14.730826405086255, 54.022130687778336 ], [ 14.745245933935504, 54.031035090205464 ], [ 14.766311515731907, 54.031782955516988 ], [ 14.771747132129207, 54.035150700945273 ], [ 14.786208918381423, 54.044068212309227 ], [ 14.807282012273257, 54.044810934853452 ], [ 14.828355988899496, 54.045550601941386 ], [ 14.849430845968154, 54.046287199110452 ], [ 14.854812268332717, 54.049618723498192 ], [ 14.869359671257834, 54.05856498784032 ], [ 14.89044204191449, 54.059296246850167 ], [ 14.911525289921787, 54.060024364819867 ], [ 14.932609413573065, 54.060749319663756 ], [ 14.937912810858721, 54.06402940561474 ], [ 14.952569744170699, 54.073018864094834 ], [ 14.973661391047358, 54.073738183465501 ], [ 14.978904685478732, 54.076979308012412 ], [ 14.993640002733578, 54.086003674804132 ], [ 15.014739185106277, 54.086717156108101 ], [ 15.035839241627569, 54.087427305898423 ], [ 15.040996206292856, 54.090611925435937 ], [ 15.055842856666983, 54.099685650493896 ], [ 15.07695046087446, 54.100389673779439 ], [ 15.098058937340813, 54.101090262649102 ], [ 15.103121297071322, 54.104212830634374 ], [ 15.118087628348961, 54.113340753356589 ], [ 15.139203662654239, 54.114034929869639 ], [ 15.160320566241234, 54.114725573174937 ], [ 15.165282452577104, 54.117782069338901 ], [ 15.180374399624419, 54.126967529319955 ], [ 15.201498867754907, 54.127651492711863 ], [ 15.206380779853065, 54.130655639818599 ], [ 15.22157119572681, 54.139887528024637 ], [ 15.242703233985671, 54.140564631765464 ], [ 15.263836133988258, 54.141238052765424 ], [ 15.268612461144732, 54.144172438508448 ], [ 15.283933703890062, 54.153464520549633 ], [ 15.305074173286163, 54.154130866813773 ], [ 15.326215497180227, 54.154793460383608 ], [ 15.347357672181603, 54.15545228505529 ], [ 15.368500694797774, 54.15610732540604 ], [ 15.389644561438892, 54.156758566764857 ], [ 15.394243067753518, 54.159573847182891 ], [ 15.409787547338343, 54.168964439375571 ], [ 15.430938961577574, 54.169608303883997 ], [ 15.452091210077626, 54.170248319130636 ], [ 15.473244288849056, 54.170884473585318 ], [ 15.494398193833446, 54.171516756250504 ], [ 15.515552920908291, 54.172145156618818 ], [ 15.519981036592707, 54.174845588834216 ], [ 15.535741327580929, 54.184329302587919 ], [ 15.55690356983906, 54.184950109483481 ], [ 15.578066622688509, 54.185566997467518 ], [ 15.582398104208604, 54.188202686938183 ], [ 15.598280347381097, 54.197739926193421 ], [ 15.619450899773929, 54.198349124908326 ], [ 15.640622250607777, 54.198954372913114 ], [ 15.661794395373295, 54.199555662455332 ], [ 15.666014539540862, 54.202115924880751 ], [ 15.682040133989117, 54.211713346100936 ], [ 15.703219752960978, 54.212306841486139 ], [ 15.724400153132768, 54.212896350289405 ], [ 15.745581329871488, 54.213481865384587 ], [ 15.749698928444758, 54.21597206711278 ], [ 15.765859071553592, 54.225624008509897 ], [ 15.78704769540763, 54.226201635424381 ], [ 15.791103083373097, 54.228649833351334 ], [ 15.807344083322935, 54.238335822871989 ], [ 15.828540143205725, 54.238905510889076 ], [ 15.849736957853596, 54.239471160804015 ], [ 15.853719422341284, 54.241869072441546 ], [ 15.870058670200645, 54.251593364179051 ], [ 15.891262900569231, 54.252151009246674 ], [ 15.91246787206067, 54.252704592334304 ], [ 15.933673579816249, 54.25325410722337 ], [ 15.954880018956162, 54.253799547803268 ], [ 15.976087184578631, 54.254340908087237 ], [ 15.997295071758989, 54.254878182229412 ], [ 16.018503675548715, 54.255411364543107 ], [ 16.022368936291976, 54.257722991840346 ], [ 16.03888395909452, 54.267501356130431 ], [ 16.060099911427503, 54.268026396913854 ], [ 16.081316565966919, 54.268547326975451 ], [ 16.085134441783264, 54.270824000419445 ], [ 16.101722125659808, 54.280624909225821 ], [ 16.122946105453014, 54.281137653424842 ], [ 16.12672925468231, 54.283388874213976 ], [ 16.143370308222629, 54.293206830944463 ], [ 16.147126484851338, 54.295439173628701 ], [ 16.16380653380746, 54.305271666235726 ], [ 16.185044447579958, 54.305772108865476 ], [ 16.188773045394203, 54.307983298981114 ], [ 16.205499326413129, 54.317828501594896 ], [ 16.209205433910093, 54.320023522232745 ], [ 16.225966242615293, 54.329880542789475 ], [ 16.229651590763471, 54.332060443793395 ], [ 16.246445203248818, 54.341928235963913 ], [ 16.250111504844959, 54.344094057634663 ], [ 16.266936215146366, 54.353971588264002 ], [ 16.270585157977422, 54.356124357577698 ], [ 16.287439284906892, 54.366010610657064 ], [ 16.291072524564278, 54.368151337291529 ], [ 16.307954418892606, 54.378045318117181 ], [ 16.31157357124928, 54.380174990291863 ], [ 16.310799635738764, 54.391722774264124 ], [ 16.327730031605263, 54.401634117451266 ], [ 16.331320425941822, 54.4037432825804 ], [ 16.348274779992394, 54.413660056458077 ], [ 16.351854786531447, 54.41576044857333 ], [ 16.351092913284695, 54.427308587142832 ], [ 16.36809045898482, 54.437239515818867 ], [ 16.371646837789555, 54.439322587812043 ], [ 16.38866487623574, 54.449256864347163 ], [ 16.392214175029995, 54.451333229702328 ], [ 16.391464227920494, 54.462881712703407 ], [ 16.40852071510739, 54.472827285223268 ], [ 16.412050883688785, 54.474889167504777 ], [ 16.429124852767451, 54.48483628218014 ], [ 16.43265074451898, 54.486893246271357 ], [ 16.431912548667967, 54.498442062866502 ], [ 16.449020941402637, 54.50839804861846 ], [ 16.452531415582261, 54.510442931742261 ], [ 16.469654848302863, 54.520398995399702 ], [ 16.491010019816223, 54.520839375491967 ], [ 16.494528468322539, 54.522885149217316 ], [ 16.511662673988223, 54.532832647495503 ], [ 16.515180015979123, 54.534875646177511 ], [ 16.532327467250408, 54.544822154939929 ], [ 16.553696428268257, 54.54525108484637 ], [ 16.557223872440609, 54.547296540982487 ], [ 16.574379961196733, 54.557233230455779 ], [ 16.595756080002801, 54.557654641044067 ], [ 16.617132753380542, 54.558072227563102 ], [ 16.620681675641144, 54.560125725216146 ], [ 16.637841597667929, 54.570043678784977 ], [ 16.659225393319456, 54.570453950857569 ], [ 16.6806097242706, 54.570860483368868 ], [ 16.701994584218617, 54.571263301387283 ], [ 16.723379966893308, 54.571662430334428 ], [ 16.74476586606362, 54.572057895883241 ], [ 16.766152275544332, 54.572449723847413 ], [ 16.769761433599907, 54.574530109233471 ], [ 16.786912591553595, 54.584397647135575 ], [ 16.808306038346977, 54.584782636167482 ], [ 16.829699977210993, 54.58516407639307 ], [ 16.833321137048316, 54.587248478964369 ], [ 16.850485478980715, 54.597102758266843 ], [ 16.871886423491532, 54.597477571059166 ], [ 16.893287842786371, 54.597848916481198 ], [ 16.914689731292871, 54.598216816094627 ], [ 16.918320742076759, 54.60030377926212 ], [ 16.93550690274358, 54.610143663275593 ], [ 16.93912584147505, 54.61222284495561 ], [ 16.956336209543036, 54.622067938350092 ], [ 16.959941308489658, 54.624138384423837 ], [ 16.977177659805484, 54.633989679983351 ], [ 16.980767091595933, 54.636050392871248 ], [ 16.998031262308462, 54.645908915156049 ], [ 17.001603162043555, 54.647958865916934 ], [ 17.018897026495345, 54.657825658528196 ], [ 17.022449514629272, 54.659863799587498 ], [ 17.03977496246447, 54.669739912040697 ], [ 17.06121633469871, 54.670086827096462 ], [ 17.064744013256497, 54.672109599365612 ], [ 17.082112960541821, 54.68199566426054 ], [ 17.085616211653864, 54.684003780009505 ], [ 17.103021782390307, 54.693901958336106 ], [ 17.124476598372247, 54.694239662726353 ], [ 17.127946815085672, 54.696227683089973 ], [ 17.145404137509782, 54.706140391948054 ], [ 17.166865882651429, 54.706471729752032 ], [ 17.170298349676919, 54.708436890552321 ], [ 17.187812154820286, 54.718366737928413 ], [ 17.209280822897718, 54.718691606916764 ], [ 17.212671323785926, 54.720631394898774 ], [ 17.230245845100185, 54.730580695075858 ], [ 17.251721430513346, 54.730898967185986 ], [ 17.255066357048051, 54.732811189512724 ], [ 17.272705220414938, 54.742781902603596 ], [ 17.294187717801339, 54.743093429818735 ], [ 17.315670612693264, 54.743401401524352 ], [ 17.337153901384639, 54.743705795023459 ], [ 17.340423103307756, 54.74557158664971 ], [ 17.35816949204985, 54.75557557911241 ], [ 17.379659674466271, 54.755872939426695 ], [ 17.401150240433541, 54.756166633643467 ], [ 17.422641186076685, 54.756456637603371 ], [ 17.444132507470258, 54.756742927123724 ], [ 17.465624200634455, 54.757025478100175 ], [ 17.468781970507099, 54.758822055573908 ], [ 17.486684591279662, 54.768873973402989 ], [ 17.50818314345554, 54.769149063503107 ], [ 17.529682055915227, 54.76942032898674 ], [ 17.551181324394214, 54.769687747322322 ], [ 17.572680944562883, 54.769951296465443 ], [ 17.575741373588823, 54.771686707360857 ], [ 17.593779608638847, 54.781780725017192 ], [ 17.615286054665074, 54.782036483006252 ], [ 17.636792839592346, 54.782288296485099 ], [ 17.658299958794284, 54.782536146205459 ], [ 17.661282774208512, 54.784222158204479 ], [ 17.679430388858396, 54.794349509654694 ], [ 17.700944304735277, 54.79458933707388 ], [ 17.72245854107744, 54.794825136504691 ], [ 17.725383057839068, 54.796473639663304 ], [ 17.743614253433631, 54.80662598524534 ], [ 17.765135263761572, 54.806853608884254 ], [ 17.786656580043903, 54.807077148708323 ], [ 17.808178197207571, 54.807296590493557 ], [ 17.811041110468725, 54.808904135547536 ], [ 17.829365631775758, 54.819080418090984 ], [ 17.850893988558042, 54.819291517662393 ], [ 17.872422630963527, 54.819498472267654 ], [ 17.875242945769255, 54.821076965470681 ], [ 17.893635316562367, 54.831269169791135 ], [ 17.915170672542814, 54.831467671573819 ], [ 17.936706298421033, 54.831661986570822 ], [ 17.958242188821707, 54.831852103632627 ], [ 17.979778338341013, 54.832038011792925 ], [ 18.001314741548089, 54.832219700229338 ], [ 18.022851392986368, 54.832397158224389 ], [ 18.044388287174769, 54.832570375126593 ], [ 18.065925418608774, 54.832739340312131 ], [ 18.087462781761332, 54.832904043146975 ], [ 18.109000371083681, 54.833064472949474 ], [ 18.13053818100601, 54.833220618953881 ], [ 18.152076205937973, 54.833372470274362 ], [ 18.173614440269098, 54.833520015869929 ], [ 18.195152878369065, 54.833663244510106 ], [ 18.216691514587836, 54.833802144741398 ], [ 18.238230343255701, 54.833936704854679 ], [ 18.259769358683165, 54.834066912853444 ], [ 18.281308555160741, 54.834192756422723 ], [ 18.302847926958627, 54.834314222899117 ], [ 18.324387468326258, 54.83443129924148 ], [ 18.345927173491773, 54.834543972002486 ], [ 18.364751227325904, 54.824625529439892 ], [ 18.367647779616807, 54.823088446031313 ], [ 18.386441899351901, 54.813176767031202 ], [ 18.389356099892691, 54.811628730015009 ], [ 18.40811984020733, 54.801724075985661 ], [ 18.411052141763893, 54.800164825078504 ], [ 18.429785051044352, 54.79026746140952 ], [ 18.429939183127175, 54.778707825914751 ], [ 18.430092719908654, 54.767148165685455 ], [ 18.41167770308947, 54.757082739222199 ], [ 18.40875741109123, 54.755485642438209 ], [ 18.408915301442999, 54.743925971921087 ], [ 18.409072582286896, 54.732366276505005 ], [ 18.412058864823639, 54.73077597639324 ], [ 18.430700835403613, 54.72090927700178 ], [ 18.43370515736941, 54.719307735277269 ], [ 18.45231641776218, 54.709448368916384 ], [ 18.455339238909911, 54.707835320137399 ], [ 18.47391933009213, 54.697983557335661 ], [ 18.474057521608355, 54.686423650258099 ], [ 18.474195086145745, 54.674863718464664 ], [ 18.474332018190648, 54.663303761928852 ], [ 18.474468311933126, 54.651743780622908 ], [ 18.474603961263309, 54.640183774517759 ], [ 18.477703675760164, 54.63852591850214 ], [ 18.499140255586532, 54.638612202319692 ], [ 18.517587010769269, 54.628802003101718 ], [ 18.51771036534025, 54.617241881352989 ], [ 18.517833062593564, 54.605681734942571 ], [ 18.520984779629604, 54.603992205391883 ], [ 18.539361189979726, 54.594204910443942 ], [ 18.539477081498553, 54.582644684146885 ], [ 18.542662624426672, 54.580934850069156 ], [ 18.56098645944202, 54.571163932732418 ], [ 18.561095538724647, 54.559603628328688 ], [ 18.561203931126371, 54.54804329934678 ], [ 18.561311628423692, 54.536482945754265 ], [ 18.561418622029727, 54.524922567517415 ], [ 18.561524902988481, 54.513362164601219 ], [ 18.561630461968914, 54.501801736969234 ], [ 18.564931483700761, 54.500025342360374 ], [ 18.583090393450053, 54.490316809272002 ], [ 18.565138950816507, 54.480481044945932 ], [ 18.56183937475878, 54.478680807405489 ], [ 18.561942707975373, 54.467120305393969 ], [ 18.562045278015049, 54.455559778507109 ], [ 18.565422404883797, 54.453740471715108 ], [ 18.58348055508106, 54.444074646301345 ], [ 18.586879061564137, 54.442241975900465 ], [ 18.604903296295092, 54.43258566890654 ], [ 18.604992743585402, 54.421025016994406 ], [ 18.608434039981589, 54.4191668955105 ], [ 18.629756341290712, 54.419232529180853 ], [ 18.647711163852257, 54.409596198753341 ], [ 18.651176978818189, 54.40772157674715 ], [ 18.67249344538067, 54.4077787873617 ], [ 18.690403225755254, 54.398152216569883 ], [ 18.693896166318428, 54.39625962595531 ], [ 18.711769389457647, 54.386644130158899 ], [ 18.715286901358539, 54.384736307898507 ], [ 18.733122996763093, 54.375132227263833 ], [ 18.736665657720078, 54.373208831737088 ], [ 18.757964407535066, 54.373249459974431 ], [ 18.779263212420027, 54.373285662223289 ], [ 18.800562066511606, 54.373317425102513 ], [ 18.818320032459265, 54.363729502209161 ], [ 18.821911033299994, 54.361773560624215 ], [ 18.843203980217059, 54.361796777278506 ], [ 18.86090541247383, 54.352225080880338 ], [ 18.864535027380516, 54.350244649132151 ], [ 18.885822048796665, 54.350259285265835 ], [ 18.907109090448159, 54.350269421664912 ], [ 18.928396146324843, 54.350275043027374 ], [ 18.932094363251039, 54.352286122936277 ], [ 18.949669072273579, 54.361845422373342 ], [ 18.967267133220812, 54.352300785701694 ], [ 18.970970276556702, 54.350272677010054 ], [ 18.992257338731374, 54.350264656509637 ], [ 19.013544390767514, 54.350252054671266 ], [ 19.034831426486651, 54.350234853495863 ], [ 19.056118439672254, 54.350213034356337 ], [ 19.077405424068079, 54.350186577969033 ], [ 19.098692373376398, 54.350155464365265 ], [ 19.119979281256153, 54.350119672863073 ], [ 19.141266141321033, 54.350079182039039 ], [ 19.162552947137421, 54.350033969700121 ], [ 19.18383969222231, 54.349984012855323 ], [ 19.187898069302907, 54.352158975690159 ], [ 19.205183979126396, 54.361493113689633 ], [ 19.226476558440975, 54.361433078528663 ], [ 19.247769056609265, 54.361368213427646 ], [ 19.269061466903707, 54.36129849146996 ], [ 19.290353782534417, 54.361223884784827 ], [ 19.294642580959952, 54.363506645953436 ], [ 19.311733534007711, 54.372704994119516 ], [ 19.333031615469469, 54.372619946286235 ], [ 19.354329580708214, 54.372529909978383 ], [ 19.375627422626486, 54.372434852688755 ], [ 19.380150165946358, 54.374828711229227 ], [ 19.397036643679495, 54.383892430262769 ], [ 19.418340193684429, 54.383786577926379 ], [ 19.423003707793143, 54.386247222537015 ], [ 19.439767140815981, 54.395231421925963 ], [ 19.461076369602306, 54.395114554465962 ], [ 19.465897352789039, 54.397650389448167 ], [ 19.482521024585477, 54.406546332420724 ], [ 19.503835901583013, 54.406418209940298 ], [ 19.508832179948598, 54.409038170889794 ], [ 19.525298244364429, 54.417836557012052 ], [ 19.546618737607698, 54.417696918461033 ], [ 19.551809371891224, 54.420410523753958 ], [ 19.56809874610969, 54.429101435382854 ], [ 19.573406233459803, 54.431870983009269 ], [ 19.589590624681325, 54.440498143474393 ], [ 19.595022706037586, 54.44332749117909 ], [ 19.611094372122604, 54.451886879112671 ], [ 19.616659114264692, 54.454780037744477 ], [ 19.632609986729218, 54.463267469190662 ], [ 19.648296512626992, 54.454614458793003 ], [ 19.653769360054728, 54.451552210961921 ], [ 19.675106494084002, 54.451376222968136 ], [ 19.696443376105584, 54.451194387445923 ], [ 19.717779996886723, 54.451006643243325 ], [ 19.739116347030578, 54.450812927144035 ], [ 19.760452416969326, 54.450613173784291 ], [ 19.781788196956892, 54.450407315564064 ], [ 19.803123677061301, 54.450195282551817 ], [ 19.81785967016782, 54.442024653847426 ], [ 19.824227147897766, 54.438440874086758 ], [ 19.845556028204296, 54.438217495783654 ], [ 19.866884579845369, 54.43798775367226 ], [ 19.888212792148245, 54.437751568623611 ], [ 19.909540654212737, 54.437508858646119 ], [ 19.930868154900569, 54.437259538742545 ], [ 19.952195282823975, 54.437003520755376 ], [ 19.96589935480435, 54.429370509919742 ], [ 19.973248761325696, 54.425212994442532 ], [ 19.994569159600054, 54.42494477894688 ], [ 20.015889152198547, 54.424669625130356 ], [ 20.037208726727126, 54.424387432140108 ], [ 20.058527870478912, 54.4240980950877 ], [ 20.079846570417466, 54.423801504809298 ], [ 20.101164813158757, 54.423497547605521 ], [ 20.122482584951744, 54.423186104959925 ], [ 20.134708656248421, 54.416341211082582 ], [ 20.143479296885182, 54.411351330104907 ], [ 20.164790164397779, 54.411026396692336 ], [ 20.186100521273808, 54.410693651360766 ], [ 20.207410352256716, 54.410352955898269 ], [ 20.228719641612606, 54.410004165688093 ], [ 20.250028373100534, 54.409647129275228 ], [ 20.271336529940363, 54.409281687898407 ], [ 20.292644094778019, 54.408907674985571 ], [ 20.3029980524678, 54.403081034027892 ], [ 20.31358345296416, 54.397024434893417 ], [ 20.334883899293889, 54.396635132941533 ], [ 20.356183703491212, 54.396236795600714 ], [ 20.377482845813763, 54.395829224102968 ], [ 20.398781305747931, 54.395412209077755 ], [ 20.420079061955605, 54.394985529801318 ], [ 20.428732432287223, 54.390096767150375 ], [ 20.440973528785072, 54.383062410335235 ], [ 20.462263970416618, 54.382618620879491 ], [ 20.483553646574709, 54.382164548391074 ], [ 20.504842532468679, 54.381699925346744 ], [ 20.526130602182786, 54.381224468772025 ], [ 20.547417828595403, 54.380737879151816 ], [ 20.568704183292049, 54.380239839266991 ], [ 20.589989636471827, 54.379730012952749 ], [ 20.595779890015574, 54.376441956027492 ], [ 20.610825344446585, 54.367746296906802 ], [ 20.63210313582071, 54.367215824010344 ], [ 20.653379939230437, 54.366672617037899 ], [ 20.674655719054211, 54.366116262049957 ], [ 20.695930437760872, 54.365546319452498 ], [ 20.717204055769812, 54.364962322225956 ], [ 20.738476531300723, 54.364363774036335 ], [ 20.759747820212134, 54.363750147220344 ], [ 20.781017875827896, 54.363120880635663 ], [ 20.802286648750801, 54.36247537736655 ], [ 20.803190582731879, 54.361958806104695 ], [ 20.823048493914655, 54.350397789908939 ], [ 20.841339805215227, 54.349819836941414 ], [ 20.844130072977713, 54.345730414996751 ], [ 20.849392659049919, 54.33813373408934 ], [ 20.857368350862483, 54.326448227317144 ], [ 20.864092395192209, 54.316431938782181 ], [ 20.865229472231416, 54.314763910801275 ], [ 20.873105827960334, 54.3030787913859 ], [ 20.880841484530144, 54.291395298339147 ], [ 20.884000651484424, 54.286558084317861 ], [ 20.88854215492648, 54.279711803553816 ], [ 20.896175960574183, 54.268028815288694 ], [ 20.903670952085044, 54.256347483009066 ], [ 20.90385201469913, 54.256062016307702 ], [ 20.9111960935318, 54.244665153786052 ], [ 20.918586352051054, 54.232984449608516 ], [ 20.923641896496274, 54.224860566064201 ], [ 20.925890547295143, 54.221304615631929 ], [ 20.93317323026033, 54.20962463200221 ], [ 20.94031830546977, 54.197946373039144 ], [ 20.943366351596829, 54.192887062043006 ], [ 20.947419459602283, 54.186268349004159 ], [ 20.954453411030759, 54.174590945758752 ], [ 20.961350998000924, 54.162915302210834 ], [ 20.963020034234745, 54.160047367696656 ], [ 20.968231765185873, 54.151239487959081 ], [ 20.975014241427033, 54.139564842853495 ], [ 20.981661332258618, 54.127891994929229 ], [ 20.982596372158547, 54.126224652524591 ], [ 20.988303403825839, 54.116218813223909 ], [ 20.994830926936768, 54.104547114704893 ], [ 21.001223771578793, 54.092877253607718 ], [ 21.002087311795648, 54.091274971195269 ], [ 21.0076077809316, 54.081207151697122 ], [ 21.013876096142376, 54.069538599927945 ], [ 21.02001015786206, 54.057871928900163 ], [ 21.021482912982489, 54.055019919153658 ], [ 21.026115577887261, 54.046205380168324 ], [ 21.032119605431806, 54.034540188111627 ], [ 21.037989510511718, 54.022876923537332 ], [ 21.040770807823655, 54.017236807358543 ], [ 21.043794542819494, 54.011214429238208 ], [ 21.049528323684733, 53.999552823797963 ], [ 21.055127804883877, 53.987893196366969 ], [ 21.059935468152599, 53.977645333228295 ], [ 21.060609260170619, 53.97623528743582 ], [ 21.066065895277102, 53.964577510659268 ], [ 21.071387728551908, 53.952921766591778 ], [ 21.076575750977337, 53.941268056903048 ], [ 21.078952748124586, 53.935799720092831 ], [ 21.081692479636533, 53.929615315862918 ], [ 21.086728413575891, 53.917963718194166 ], [ 21.091629559072295, 53.906314215508388 ], [ 21.096396723610294, 53.894666811113417 ], [ 21.097793387065575, 53.891164279211488 ], [ 21.10110514285882, 53.883020204526993 ], [ 21.105709680760636, 53.871375195215307 ], [ 21.110178747103408, 53.859732351516605 ], [ 21.114512956221336, 53.84809167866068 ], [ 21.116409279018434, 53.842843571694686 ], [ 21.118766008731555, 53.836452243493767 ], [ 21.12292561760691, 53.8248142727181 ], [ 21.126948318296602, 53.813178547734374 ], [ 21.130834517404519, 53.801545076035609 ], [ 21.134584564623854, 53.789913865608888 ], [ 21.134726584617653, 53.789457572815522 ], [ 21.138279285133496, 53.778283488198625 ], [ 21.14183814407766, 53.766655388723457 ], [ 21.145258010834734, 53.755029636279041 ], [ 21.148539001973198, 53.743406241640741 ], [ 21.151681170366182, 53.731785216234286 ], [ 21.152598848801997, 53.728236567060272 ], [ 21.154733497494828, 53.720165690782615 ], [ 21.157665073038874, 53.708548229688652 ], [ 21.160454078848829, 53.696933236317221 ], [ 21.163100298503661, 53.685320725536172 ], [ 21.165603441309049, 53.673710713069774 ], [ 21.167963139682929, 53.662103215551348 ], [ 21.169701411870445, 53.652997876521667 ], [ 21.170190543446537, 53.650498040287061 ], [ 21.172312560893829, 53.638894707120528 ], [ 21.174286089729108, 53.627294005658648 ], [ 21.176110432444492, 53.615695956974363 ], [ 21.177784798700745, 53.604100583323614 ], [ 21.179308301290469, 53.592507908216909 ], [ 21.180679951796261, 53.580917956494709 ], [ 21.181898655937193, 53.56933075440719 ], [ 21.182963208595368, 53.557746329697899 ], [ 21.18387228851369, 53.546164711691702 ], [ 21.184566589807204, 53.535472810079597 ], [ 21.18462631509048, 53.534585897347192 ], [ 21.185241176790591, 53.523009600160563 ], [ 21.185692600899493, 53.511436267201418 ], [ 21.185978774736633, 53.499865934609396 ], [ 21.186097741439429, 53.48829864051266 ], [ 21.186047392734011, 53.476734425135845 ], [ 21.185825461285518, 53.4651733309123 ], [ 21.185429512609058, 53.453615402600654 ], [ 21.184856936520145, 53.442060687405736 ], [ 21.184104938101257, 53.430509235103948 ], [ 21.183170528159035, 53.418961098173121 ], [ 21.182050513144187, 53.407416331926846 ], [ 21.180741484503443, 53.395874994653248 ], [ 21.179239807430072, 53.384337147758615 ], [ 21.177541608976533, 53.372802855915332 ], [ 21.175642765489258, 53.36127218721473 ], [ 21.173560743099308, 53.34974481514363 ], [ 21.171271217522467, 53.338221174076693 ], [ 21.16876910150102, 53.32670134590704 ], [ 21.166048988835453, 53.315185416808617 ], [ 21.163105136999299, 53.303673477422826 ], [ 21.15993144869557, 53.292165623050217 ], [ 21.156521452277516, 53.28066195384725 ], [ 21.152868280950067, 53.269162575028076 ], [ 21.149749833317426, 53.259965470198672 ], [ 21.148972393209881, 53.257667457461785 ], [ 21.144850631142592, 53.246176275684576 ], [ 21.140463004761806, 53.234689726014722 ], [ 21.135800568324274, 53.223207941051108 ], [ 21.130853835082721, 53.211731059862949 ], [ 21.126094603330856, 53.201304420744471 ], [ 21.12561668754855, 53.200259157881881 ], [ 21.120114162903931, 53.188791752788262 ], [ 21.114294125202889, 53.177329735005749 ], [ 21.108144183900684, 53.165873279180644 ], [ 21.103215615366771, 53.157156489066693 ], [ 21.101660986484138, 53.154422395246961 ], [ 21.094850782734625, 53.142976920643598 ], [ 21.087665556968929, 53.13153764322967 ], [ 21.080777189468431, 53.121130325325964 ], [ 21.080092045289195, 53.120104728974766 ], [ 21.072138258310645, 53.108677966368248 ], [ 21.063752082910945, 53.097258185071624 ], [ 21.05864024626575, 53.090614606982228 ], [ 21.054921631923325, 53.085845501271201 ], [ 21.045623344888885, 53.074440223508837 ], [ 21.036723009504286, 53.064077172188824 ], [ 21.035819779376165, 53.063042885344416 ], [ 21.025483009430779, 53.051653840012733 ], [ 21.014980027332253, 53.040686903344188 ], [ 21.014576068206939, 53.040273577412833 ], [ 21.003044613800885, 53.0289028589183 ], [ 20.993378644056914, 53.01984809015719 ], [ 20.990856617012398, 53.017542042218885 ], [ 20.977936673729097, 53.006192183161865 ], [ 20.971894409666319, 53.001115146913961 ], [ 20.964228195441798, 52.994853981690952 ], [ 20.950509210687436, 52.984160903054537 ], [ 20.949671333235869, 52.983528150435511 ], [ 20.934128264364446, 52.972216624685792 ], [ 20.92921135802067, 52.968786132917174 ], [ 20.917519516777695, 52.960920304408532 ], [ 20.907988611965504, 52.954769020794565 ], [ 20.899718048717887, 52.949640778773613 ], [ 20.88683236416578, 52.941960183843108 ], [ 20.880556221316557, 52.938380170560627 ], [ 20.865735468135927, 52.930236722920853 ], [ 20.859823739359392, 52.927141119946782 ], [ 20.844691760047002, 52.919492659910674 ], [ 20.837256061014173, 52.915926903304559 ], [ 20.823695925345181, 52.909636878085486 ], [ 20.812518867414536, 52.90474158463514 ], [ 20.802743386076656, 52.90059138349298 ], [ 20.785186967460287, 52.8935902093979 ], [ 20.781830205435526, 52.892289837035307 ], [ 20.760953013090376, 52.884676473766611 ], [ 20.75451455589095, 52.882482018232523 ], [ 20.740108610477279, 52.877696934999854 ], [ 20.719684521806805, 52.871426272714793 ], [ 20.719294401755107, 52.871309285472272 ], [ 20.69850768270182, 52.865466613913938 ], [ 20.678942943215574, 52.860444145884891 ], [ 20.677746661156917, 52.860143193846319 ], [ 20.657008792218999, 52.855292149593048 ], [ 20.636292894884527, 52.850900388433786 ], [ 20.629429406101806, 52.849568869346513 ], [ 20.615596782818564, 52.846927001598964 ], [ 20.594919197990613, 52.843354207893427 ], [ 20.574259003184839, 52.840166576370997 ], [ 20.56489125980174, 52.83887209321157 ], [ 20.553614448186593, 52.837330631970445 ], [ 20.532984423005491, 52.834829225848409 ], [ 20.512368166740636, 52.832654284674838 ], [ 20.491764634249009, 52.830788962029139 ], [ 20.471172850361054, 52.829217508304183 ], [ 20.461766351206162, 52.828621881959023 ], [ 20.450591608473463, 52.827916306134973 ], [ 20.430020174151249, 52.82687473235034 ], [ 20.409458003967728, 52.826087426651128 ], [ 20.388904360885114, 52.825542625036626 ], [ 20.368358555422738, 52.825229355593585 ], [ 20.347819942219424, 52.825137390451651 ], [ 20.327287916831839, 52.825257200631746 ], [ 20.306761912751529, 52.825579913581848 ], [ 20.286241398624504, 52.826097273202855 ], [ 20.265725875658372, 52.826801602174953 ], [ 20.245214875203217, 52.827685766401736 ], [ 20.224707956493237, 52.828743141396167 ], [ 20.204204704537268, 52.82996758043754 ], [ 20.183704728147177, 52.831353384334129 ], [ 20.178102556467977, 52.831776306945443 ], [ 20.163207202498882, 52.832878219693228 ], [ 20.14271197664679, 52.834543828238452 ], [ 20.122218891941273, 52.836351778718253 ], [ 20.101727637177465, 52.838297727831076 ], [ 20.081237917179742, 52.840377649252439 ], [ 20.060749451463014, 52.842587809706991 ], [ 20.043077426993992, 52.844604044898006 ], [ 20.040261832888671, 52.844918884807313 ], [ 20.019773999335193, 52.84733285456614 ], [ 19.999286584871452, 52.849862456081915 ], [ 19.9787993598882, 52.852504764610678 ], [ 19.95831210424759, 52.855257038356051 ], [ 19.945949025908938, 52.856982010015571 ], [ 19.93782410965078, 52.858093655887892 ], [ 19.917334861531231, 52.860995906149 ], [ 19.896844920684082, 52.863995527913943 ], [ 19.876354101653163, 52.867090185496558 ], [ 19.862913453632949, 52.869178735748761 ], [ 19.85586175626765, 52.870253815342053 ], [ 19.835367251073617, 52.873458577901417 ], [ 19.81487131316705, 52.876746432896731 ], [ 19.794373783087842, 52.880115141234882 ], [ 19.787503130482342, 52.88126691344047 ], [ 19.773873567836468, 52.883509802395459 ], [ 19.753370964399906, 52.886949750209482 ], [ 19.732866303262462, 52.890458460258209 ], [ 19.716663615663382, 52.893279576135072 ], [ 19.712359153156243, 52.894015643663622 ], [ 19.69184856709883, 52.897566239586702 ], [ 19.671335521577298, 52.901172936934664 ], [ 19.65081989322595, 52.904832902387845 ], [ 19.64858189870046, 52.905234841502896 ], [ 19.630300371459708, 52.908461147944585 ], [ 19.609777904051615, 52.91212209613397 ], [ 19.58925252989194, 52.915822147821189 ], [ 19.581948023408859, 52.917143895407911 ], [ 19.568723341702178, 52.919496413541061 ], [ 19.548190630930151, 52.923165225721235 ], [ 19.527654754662262, 52.926857466808002 ], [ 19.515671844532392, 52.929013926651194 ], [ 19.507115155263936, 52.93052841775382 ], [ 19.486571604424746, 52.934155197767303 ], [ 19.466024700715824, 52.937787867929529 ], [ 19.448677936825508, 52.940849613169554 ], [ 19.445474224078016, 52.941405990848608 ], [ 19.424919478165716, 52.944936577543622 ], [ 19.404361272774818, 52.94845334293656 ], [ 19.383799569007277, 52.9519498747987 ], [ 19.379585362668617, 52.952654172193022 ], [ 19.363233706416182, 52.955344130846953 ], [ 19.34266420365427, 52.958683559646069 ], [ 19.32209122099545, 52.961979468607119 ], [ 19.306509084265784, 52.964428831186005 ], [ 19.301514610174873, 52.965201892265249 ], [ 19.280934126392186, 52.968297202449634 ], [ 19.260350295911145, 52.971323137957469 ], [ 19.239763164225234, 52.97427034866034 ], [ 19.225998884862584, 52.976172863909134 ], [ 19.219172656629137, 52.97710220486794 ], [ 19.198578775642432, 52.979783724093942 ], [ 19.177981907438042, 52.982357071111949 ], [ 19.157382164851036, 52.984811218182507 ], [ 19.136779680183114, 52.987134629016708 ], [ 19.129667331546685, 52.987880623470346 ], [ 19.116174497424339, 52.989274635171782 ], [ 19.095566901514658, 52.99124226652026 ], [ 19.074957152599453, 52.993046278092216 ], [ 19.054345467484236, 52.994674085792262 ], [ 19.033732086848119, 52.996112854051596 ], [ 19.013117275868471, 52.997349582317412 ], [ 18.992501324592215, 52.998371206498014 ], [ 18.971884548003022, 52.999164715712638 ], [ 18.95902561917439, 52.999507904936308 ], [ 18.951267292495309, 52.999711278426645 ], [ 18.930649924921369, 53.000001719274486 ], [ 18.910032814464667, 53.000034163411485 ], [ 18.889416357519373, 52.999797482577442 ], [ 18.875455050917967, 52.9994497451844 ], [ 18.868800983235523, 52.999276725614322 ], [ 18.84818717456665, 52.99844970191544 ], [ 18.827575362819243, 52.997317767268818 ], [ 18.806966012853021, 52.995874138994424 ], [ 18.786359594256133, 52.994113651805847 ], [ 18.765756576480189, 52.992032936517255 ], [ 18.745157423560656, 52.989630582912987 ], [ 18.730101750563342, 52.987645007143882 ], [ 18.724562707957858, 52.986888503490945 ], [ 18.703973151716202, 52.983771696605054 ], [ 18.683388865333434, 52.980337841372517 ], [ 18.662810231992083, 52.976595460454625 ], [ 18.659247439622963, 52.975899345906065 ], [ 18.642238239432828, 52.97247784931659 ], [ 18.62167278013348, 52.968058148847831 ], [ 18.604597063986468, 52.964166388593419 ], [ 18.601114135362202, 52.963352147162148 ], [ 18.58056319696686, 52.958309387764757 ], [ 18.560019330363307, 52.953039151458874 ], [ 18.557761820776275, 52.952437575187048 ], [ 18.539483627246312, 52.947468689119304 ], [ 18.518955265291908, 52.941710137815221 ], [ 18.515483622822856, 52.940708908679902 ], [ 18.498435094900533, 52.935712636846851 ], [ 18.477922218603197, 52.929578507997562 ], [ 18.475949408411314, 52.928977271337779 ], [ 18.457417424982381, 52.923259782544825 ], [ 18.438105579381876, 52.917240423326881 ], [ 18.436919536445174, 52.916866991563182 ], [ 18.416429322982033, 52.91035029810255 ], [ 18.401202207929412, 52.905496200746036 ], [ 18.395945573980857, 52.903808971647365 ], [ 18.375468588232327, 52.897224342084407 ], [ 18.364605695840346, 52.893742090088004 ], [ 18.354997633943363, 52.890649516035822 ], [ 18.334532409815186, 52.884102994623284 ], [ 18.327835607568169, 52.881975653569938 ], [ 18.314072700135711, 52.877595665944988 ], [ 18.293617683644488, 52.871174446012489 ], [ 18.290464377824158, 52.870194171795575 ], [ 18.273167619177798, 52.864816387089085 ], [ 18.252721298012784, 52.858586474354851 ], [ 18.252083624391936, 52.858394500262058 ], [ 18.232279354436269, 52.852438380233025 ], [ 18.212282757672785, 52.846572929992732 ], [ 18.211840379882066, 52.846443358168067 ], [ 18.191405166464278, 52.840547054028178 ], [ 18.170972313845862, 52.834815583593247 ], [ 18.170644264594532, 52.834725108601859 ], [ 18.150542719095469, 52.829190985670962 ], [ 18.130115069944658, 52.823731334062082 ], [ 18.126734590333012, 52.82284590376414 ], [ 18.109690123296133, 52.81838817653081 ], [ 18.089266971693988, 52.813197009737607 ], [ 18.080127659374085, 52.810929481513021 ], [ 18.068845936538278, 52.808132735368758 ], [ 18.048426806769722, 52.803196789964339 ], [ 18.030428605481305, 52.79896942440665 ], [ 18.028009135592367, 52.798401070158015 ], [ 18.00759376680038, 52.793699803969133 ], [ 17.987179655072602, 52.789132227600035 ], [ 17.977237710964619, 52.786958385738856 ], [ 17.966767406326408, 52.784664800782487 ], [ 17.946357019809469, 52.780291684658494 ], [ 17.925947943802647, 52.776029866157202 ], [ 17.920388423811634, 52.774890133883204 ], [ 17.905541146130066, 52.771834494393843 ], [ 17.885136147422077, 52.767720632700602 ], [ 17.864732687143615, 52.763693858940087 ], [ 17.859931183656549, 52.762759871670383 ], [ 17.844331899563912, 52.759706674939764 ], [ 17.823933226164211, 52.755777699313775 ], [ 17.803536482697837, 52.751910633042428 ], [ 17.796376517296885, 52.750567239448898 ], [ 17.783142773677092, 52.748062679765276 ], [ 17.762751877352656, 52.744240665284181 ], [ 17.742363465341157, 52.74045468114975 ], [ 17.730796343052862, 52.738318709455356 ], [ 17.721978442787922, 52.736672012162742 ], [ 17.701597308545583, 52.732875654983218 ], [ 17.681219386250227, 52.729088592901945 ], [ 17.664760257254407, 52.726028583764389 ], [ 17.66084528301182, 52.725290531803743 ], [ 17.6404764878375, 52.7214340276727 ], [ 17.620111827840777, 52.717558749097037 ], [ 17.600073649820438, 52.713717415551173 ], [ 17.599751648921888, 52.713654649307912 ], [ 17.579398464354245, 52.709645531590986 ], [ 17.55905056945921, 52.70558748852347 ], [ 17.538708350905651, 52.701470910940934 ], [ 17.538401981367475, 52.701407952306589 ], [ 17.518374856785776, 52.697208121538395 ], [ 17.498048128343036, 52.692862001073202 ], [ 17.48091090305109, 52.689119846840185 ], [ 17.477729089703377, 52.688409222523411 ], [ 17.45742054371739, 52.683774359501115 ], [ 17.437120512562696, 52.679019761447321 ], [ 17.428158325336156, 52.676866593758803 ], [ 17.416831714386575, 52.67407473449358 ], [ 17.396554601731772, 52.668933982588889 ], [ 17.380188354661179, 52.66465513926812 ], [ 17.376289099759941, 52.663606682669013 ], [ 17.356038985793848, 52.657998894180615 ], [ 17.336829565935922, 52.652488903481128 ], [ 17.335801816682416, 52.652184945072037 ], [ 17.315583570724254, 52.646016503167957 ], [ 17.297760571179584, 52.640368350228805 ], [ 17.295381023140049, 52.639588801104225 ], [ 17.275200461566872, 52.632750832068133 ], [ 17.262537600900643, 52.628291233929353 ], [ 17.255040375822343, 52.625554395766997 ], [ 17.234904440832281, 52.617920053224609 ], [ 17.230667286644682, 52.616253633501465 ], [ 17.214796558991228, 52.609766221870309 ], [ 17.201840548104823, 52.604253578310889 ], [ 17.1947172419864, 52.601097242085267 ], [ 17.175609053503191, 52.592286398568469 ], [ 17.174670426673053, 52.591834788722181 ], [ 17.154662711416162, 52.581840389218549 ], [ 17.151793694953408, 52.580351035901096 ], [ 17.134697129119864, 52.571065191275054 ], [ 17.13005128140184, 52.568443539683564 ], [ 17.114778992752264, 52.559409009337408 ], [ 17.11014090823177, 52.556561216400418 ], [ 17.094915059001778, 52.546742161809952 ], [ 17.091863268581399, 52.544701786690005 ], [ 17.075113049009339, 52.532917798392759 ], [ 17.075037928557737, 52.532863080467301 ], [ 17.05959515435757, 52.521044581265585 ], [ 17.05538724873534, 52.517645815081224 ], [ 17.045317637072543, 52.509243247501551 ], [ 17.035745142655681, 52.500799240903788 ], [ 17.032071948609723, 52.497457287595225 ], [ 17.019814838035771, 52.485686329628066 ], [ 17.016204701978737, 52.482022219361546 ], [ 17.0084532799161, 52.473929119804104 ], [ 16.997841015885687, 52.462183444806328 ], [ 16.996784893598122, 52.460949130005048 ], [ 16.988027326716292, 52.450450349096734 ], [ 16.978816466123607, 52.438726689516699 ], [ 16.97751610353928, 52.436976900225694 ], [ 16.970275537436503, 52.427013762546778 ], [ 16.962258426507113, 52.415309198146225 ], [ 16.958434636191825, 52.409393403541074 ], [ 16.954768902418067, 52.403613171062624 ], [ 16.947769185219887, 52.391925128447475 ], [ 16.941176816248738, 52.380243723307053 ], [ 16.939588269086521, 52.37726119501469 ], [ 16.935024919583132, 52.368569605100497 ], [ 16.929244015014536, 52.356901627190979 ], [ 16.923793778922455, 52.34523913735908 ], [ 16.921054985644158, 52.339024851785219 ], [ 16.918678416374462, 52.333582257367596 ], [ 16.913875968148464, 52.321930644719956 ], [ 16.909342112013505, 52.310283554621932 ], [ 16.905061585229237, 52.298640748726669 ], [ 16.90294300207794, 52.292529002726525 ], [ 16.901031703377463, 52.287002208310909 ], [ 16.897234666126337, 52.275367643382381 ], [ 16.893643726609945, 52.263736600409267 ], [ 16.890247321691529, 52.252108892669945 ], [ 16.887034612639464, 52.240484343996123 ], [ 16.885425190321531, 52.234306161190482 ], [ 16.883997351919586, 52.228862822536868 ], [ 16.881122574112066, 52.21724410998744 ], [ 16.878398310998787, 52.205628003908195 ], [ 16.875816672848593, 52.194014373506512 ], [ 16.873370397259048, 52.182403098014603 ], [ 16.871052846456969, 52.17079406680098 ], [ 16.868858009067093, 52.159187179547345 ], [ 16.868779895357402, 52.158744336359675 ], [ 16.866768216185726, 52.147582124119012 ], [ 16.864787340896807, 52.13597897685861 ], [ 16.86291191797044, 52.124377681058768 ], [ 16.861138758698342, 52.112778184493969 ], [ 16.859465390988859, 52.101180447466852 ], [ 16.857890097835668, 52.089584443589196 ], [ 16.856411963182733, 52.077990160691613 ], [ 16.855030925774358, 52.066397601872488 ], [ 16.85374784161646, 52.054806786698187 ], [ 16.853613435534317, 52.053457874215894 ], [ 16.852545157254927, 52.043217398905227 ], [ 16.851441638658926, 52.031629783759634 ], [ 16.850444052929642, 52.020044068133757 ], [ 16.849558112656055, 52.008460359647074 ], [ 16.848790956760702, 51.996878791885919 ], [ 16.848151283319531, 51.985299526827589 ], [ 16.847649494513583, 51.973722757464024 ], [ 16.847297853352146, 51.962148710611871 ], [ 16.847110651313528, 51.95057764988421 ], [ 16.847104385395408, 51.939009878785811 ], [ 16.847297942218745, 51.927445743874394 ], [ 16.847712785750286, 51.915885637908559 ], [ 16.848373143860599, 51.904330002874168 ], [ 16.849306187282085, 51.892779332747345 ], [ 16.850542192544843, 51.881234175811827 ], [ 16.852114678132626, 51.869695136302688 ], [ 16.854060500424406, 51.85816287509639 ], [ 16.856419893014376, 51.846638109112327 ], [ 16.859236429832372, 51.835121609034296 ], [ 16.862556889287745, 51.823614194908778 ], [ 16.864889196465537, 51.816628773824391 ], [ 16.866403378475091, 51.812116227913172 ], [ 16.870803252179147, 51.800628154643753 ], [ 16.875853786816119, 51.789151673925858 ], [ 16.881612152749657, 51.777687735732549 ], [ 16.88725071064307, 51.767760114096944 ], [ 16.888120993124581, 51.766237005946898 ], [ 16.89534515253483, 51.754798733826185 ], [ 16.903447628849076, 51.743375699729889 ], [ 16.908743684156384, 51.736628125724735 ], [ 16.912427103129271, 51.731967702683612 ], [ 16.92231177305684, 51.720575044434234 ], [ 16.929879815733472, 51.712648759703505 ], [ 16.933199152920348, 51.709199216588118 ], [ 16.945079886021826, 51.697839781083346 ], [ 16.950806577434513, 51.692799721777902 ], [ 16.958029519268877, 51.686497754465563 ], [ 16.971596658039729, 51.675592429192079 ], [ 16.972121983129025, 51.67517406449366 ], [ 16.987317626290395, 51.663867624734714 ], [ 16.992280357981436, 51.660429295313413 ], [ 17.003727444141983, 51.652579898693432 ], [ 17.012887017267666, 51.646707256020548 ], [ 17.021396227803823, 51.641311136935393 ], [ 17.033430902555676, 51.63414445896651 ], [ 17.040367485902102, 51.630061502113762 ], [ 17.053922228525781, 51.622540890699952 ], [ 17.060691282636078, 51.618831194659556 ], [ 17.074368901310987, 51.611741927464969 ], [ 17.082424926753852, 51.607620453078226 ], [ 17.09477714188851, 51.601626101877947 ], [ 17.105633798130487, 51.596429554271381 ], [ 17.115151917959796, 51.592096617213699 ], [ 17.130392335707779, 51.585258813757193 ], [ 17.135497249594454, 51.583075335029349 ], [ 17.155816055373599, 51.574507680128519 ], [ 17.156772174398391, 51.574108380734785 ], [ 17.176109200462079, 51.566387805166194 ], [ 17.184789635990015, 51.562977418880706 ], [ 17.196381273966793, 51.558615410702004 ], [ 17.214620406165977, 51.551867433314413 ], [ 17.216634239220244, 51.551152599722421 ], [ 17.236867448339641, 51.544027196709948 ], [ 17.246242904559129, 51.54077672282444 ], [ 17.257084278673354, 51.537162953120337 ], [ 17.277285995112699, 51.530535882449591 ], [ 17.279832369449007, 51.529706412728032 ], [ 17.297471972490683, 51.524171478580271 ], [ 17.315400020894142, 51.518654978782266 ], [ 17.317645560198432, 51.517988606788244 ], [ 17.337805269352867, 51.512035007644634 ], [ 17.353022651453585, 51.507621703778746 ], [ 17.357953945183908, 51.506240242880708 ], [ 17.378090704594886, 51.5006353034223 ], [ 17.392805094852523, 51.496606050616542 ], [ 17.398217482551242, 51.495172366399117 ], [ 17.418333653977452, 51.489875089197675 ], [ 17.434819404903674, 51.485606786577463 ], [ 17.438440978767257, 51.484698545523457 ], [ 17.458538544086231, 51.479674686408934 ], [ 17.478628363059453, 51.474749225832547 ], [ 17.47914509366575, 51.474622547234077 ], [ 17.498709026959631, 51.469969160616891 ], [ 17.518782519845516, 51.465279290404524 ], [ 17.525793732918181, 51.463650859546433 ], [ 17.538848125106522, 51.460705892165727 ], [ 17.558906580781031, 51.4562305310791 ], [ 17.574989134682891, 51.452691673768776 ], [ 17.578958351935793, 51.451842502684336 ], [ 17.599002849116054, 51.447564928331971 ], [ 17.619041340744612, 51.443360692561434 ], [ 17.626802702704715, 51.441742622402643 ], [ 17.639073258685602, 51.439252251335056 ], [ 17.659099051026363, 51.435228707079226 ], [ 17.67911932164429, 51.431273087343584 ], [ 17.681503350410889, 51.430803260576845 ], [ 17.699133264414044, 51.427417008525566 ], [ 17.719141838682983, 51.42363093169967 ], [ 17.739145287658157, 51.419909444613403 ], [ 17.739345485793102, 51.419872284509275 ], [ 17.759142763201531, 51.416287082272952 ], [ 17.779135337628784, 51.412728563889779 ], [ 17.799123120235304, 51.40923299296572 ], [ 17.80075329169782, 51.408949385631601 ], [ 17.819105393290375, 51.405831513575329 ], [ 17.83908300352995, 51.402495640227009 ], [ 17.859056113984934, 51.399222350743123 ], [ 17.866380316113965, 51.398035283965079 ], [ 17.879024298829325, 51.396032492711555 ], [ 17.898987867422733, 51.392917806771955 ], [ 17.918947204419197, 51.38986622015787 ], [ 17.937189433038625, 51.387131629274478 ], [ 17.938902329847814, 51.386880506226987 ], [ 17.958852719234137, 51.38398764319674 ], [ 17.978799134763918, 51.3811589126718 ], [ 17.998741658287688, 51.378394471844111 ], [ 18.014611951785337, 51.37624107433048 ], [ 18.01868023685816, 51.375700791485862 ], [ 18.038614569860943, 51.373096702371178 ], [ 18.058545268031516, 51.37055819818454 ], [ 18.078472413907576, 51.368085494970984 ], [ 18.098396090207345, 51.365678815281349 ], [ 18.101016882932935, 51.365368712216224 ], [ 18.118315889701943, 51.363363913298052 ], [ 18.138232326753581, 51.361119822559409 ], [ 18.158145560894496, 51.358942936626072 ], [ 18.178055677113463, 51.356833459886964 ], [ 18.19796276066441, 51.354791598423432 ], [ 18.200648698516385, 51.354523709228104 ], [ 18.217866499275406, 51.352840921959036 ], [ 18.237767332861278, 51.350962133810611 ], [ 18.257665410966364, 51.349151827789001 ], [ 18.277560820514601, 51.347410200203079 ], [ 18.297453648418593, 51.345737466968885 ], [ 18.317343981515307, 51.344133870903292 ], [ 18.322621477356865, 51.343725377886294 ], [ 18.337231659820674, 51.342616793263055 ], [ 18.357116947415804, 51.341175453943762 ], [ 18.377000021545015, 51.339804095547613 ], [ 18.39688096874438, 51.33850310876123 ], [ 18.416759875186301, 51.33727296298381 ], [ 18.436636826677052, 51.336114220550044 ], [ 18.456511908677712, 51.335027552095795 ], [ 18.476385206352155, 51.334013753038413 ], [ 18.496256804645956, 51.333073761134806 ], [ 18.497093292156684, 51.333037297255096 ], [ 18.516126630910069, 51.332223637016725 ], [ 18.535994941219656, 51.331449623103083 ], [ 18.555861827730428, 51.330752461715271 ], [ 18.575727375904776, 51.330133756464924 ], [ 18.595591671877415, 51.329595346731679 ], [ 18.61545480278345, 51.32913932950197 ], [ 18.635316857138392, 51.328768081788922 ], [ 18.655177925272532, 51.3284842835549 ], [ 18.67503809982178, 51.328290941051577 ], [ 18.694897476276939, 51.328191410486085 ], [ 18.714756153593051, 51.328189421910693 ], [ 18.734614234860217, 51.328289103222112 ], [ 18.754471828037005, 51.328495004139583 ], [ 18.774329046747233, 51.328812120010781 ], [ 18.794186011140503, 51.32924591526848 ], [ 18.814042848816403, 51.329802346329387 ], [ 18.833899695811773, 51.330487883687375 ], [ 18.85375669764969, 51.331309532907383 ], [ 18.873614010448065, 51.332274854169953 ], [ 18.89347180208464, 51.33339197995236 ], [ 18.904138238453577, 51.334077610816983 ], [ 18.913330226649315, 51.334683825304502 ], [ 18.9331894871003, 51.336166955692015 ], [ 18.953049837888358, 51.337835613482312 ], [ 18.972911513703053, 51.33970082202255 ], [ 18.992774768282938, 51.341774240801755 ], [ 19.012639875812802, 51.344068156191284 ], [ 19.02534207563453, 51.345680992739148 ], [ 19.032507149979477, 51.34662045882866 ], [ 19.052376973478587, 51.34947192123763 ], [ 19.072249690374747, 51.352593743989559 ], [ 19.092125683240941, 51.356001047800582 ], [ 19.09863213731742, 51.357209094382547 ], [ 19.112005541893257, 51.359783069098768 ], [ 19.131889724092822, 51.363929093670279 ], [ 19.1517786436834, 51.368420591105611 ], [ 19.153005073646383, 51.368717567689174 ], [ 19.171673342535744, 51.373415410424698 ], [ 19.191574055677677, 51.378812282592101 ], [ 19.196430648491642, 51.380219661939584 ], [ 19.211481992039147, 51.38475923924576 ], [ 19.231397546851046, 51.391191757791674 ], [ 19.232936767637757, 51.391719611563879 ], [ 19.25132233411437, 51.39828800409969 ], [ 19.264300619611667, 51.403219888665411 ], [ 19.271256793648654, 51.405974926666971 ], [ 19.291202242400637, 51.41433732639171 ], [ 19.292070764842219, 51.414720772613791 ], [ 19.311160435244446, 51.423502368009686 ], [ 19.316785802545301, 51.426223362993028 ], [ 19.331132293121751, 51.433450698799113 ], [ 19.339240485852766, 51.437727294509166 ], [ 19.35111935021526, 51.44424696172112 ], [ 19.359832595105523, 51.449232645386139 ], [ 19.371123180666356, 51.455946287910301 ], [ 19.378887650337045, 51.460739345165457 ], [ 19.391145327334584, 51.468588314411548 ], [ 19.396672653353896, 51.472247239921153 ], [ 19.411187208401749, 51.482190510745546 ], [ 19.413407167658253, 51.483756133400306 ], [ 19.429224081617907, 51.49526598876264 ], [ 19.431250422312182, 51.49678561952144 ], [ 19.444267078096448, 51.506776632862028 ], [ 19.451336060883229, 51.512348648455806 ], [ 19.458728519844101, 51.518287611190495 ], [ 19.471443945747016, 51.528735339964918 ], [ 19.472719043902398, 51.52979869300804 ], [ 19.486249482379776, 51.541310001871722 ], [ 19.491574880977499, 51.545915986152295 ], [ 19.499487667908003, 51.552820982632703 ], [ 19.511726919107346, 51.563620013591631 ], [ 19.512529377199098, 51.56433131606962 ], [ 19.525377166040332, 51.575841056445377 ], [ 19.531899166668712, 51.581708394594791 ], [ 19.538179376442489, 51.587349587586964 ], [ 19.550997034344817, 51.598856638353581 ], [ 19.552088007703393, 51.599837997547546 ], [ 19.563879656006073, 51.610361966316532 ], [ 19.572290931678161, 51.617802716542172 ], [ 19.576940731693355, 51.621864992999171 ], [ 19.590246226786313, 51.633365327970715 ], [ 19.592503767424418, 51.635297627825658 ], [ 19.603895756787754, 51.644862376729407 ], [ 19.612723301162664, 51.652129864533805 ], [ 19.617982309358922, 51.656355531041854 ], [ 19.632607757904633, 51.66784408618291 ], [ 19.632945949858609, 51.668105299444356 ], [ 19.647944032243284, 51.679326893989433 ], [ 19.653169225897624, 51.683130555397362 ], [ 19.664111654016981, 51.690802996503969 ], [ 19.673390579643062, 51.697119638206324 ], [ 19.681294399022832, 51.702270986955035 ], [ 19.69360829081873, 51.710051095463903 ], [ 19.699728053159703, 51.713729018475696 ], [ 19.713821042340854, 51.721931644608674 ], [ 19.719719929107594, 51.725174623498759 ], [ 19.734027866920886, 51.732788915198618 ], [ 19.741677188821878, 51.736604441550476 ], [ 19.754228080545122, 51.74266459315151 ], [ 19.766149059288775, 51.748013796805381 ], [ 19.774421211953406, 51.751608425422958 ], [ 19.793891652304261, 51.759396020245084 ], [ 19.79460693449834, 51.759673291792488 ], [ 19.814785111222008, 51.766917310282324 ], [ 19.826546489837899, 51.770737273713074 ], [ 19.834955543532171, 51.773389576972775 ], [ 19.855118192683261, 51.779142955291455 ], [ 19.866383573496339, 51.782016769004755 ], [ 19.875273005942034, 51.784224656874507 ], [ 19.895420008407005, 51.788681521248527 ], [ 19.915559051075505, 51.792547618567816 ], [ 19.919323608959214, 51.793181078184766 ], [ 19.935690388566353, 51.795873545956646 ], [ 19.95581386028234, 51.798685956896882 ], [ 19.97592942778239, 51.801014931590387 ], [ 19.996037110217504, 51.80289070145102 ], [ 20.011219877093179, 51.80399304241255 ], [ 20.016136989473218, 51.804343865109374 ], [ 20.036229181082987, 51.805404086988879 ], [ 20.056313522439265, 51.806086851186507 ], [ 20.076390019677433, 51.806413548772412 ], [ 20.096458674295626, 51.806403792441039 ], [ 20.116519482108842, 51.806075535920293 ], [ 20.136572432350583, 51.805445186336705 ], [ 20.156617506901572, 51.804527709610355 ], [ 20.176654679627852, 51.803336729050613 ], [ 20.190748716130113, 51.802312026934821 ], [ 20.196684031006594, 51.801888967781117 ], [ 20.216705795561399, 51.800205757897551 ], [ 20.236719675663608, 51.798287591853608 ], [ 20.25672562310595, 51.796143888535738 ], [ 20.276723579836904, 51.79378311698067 ], [ 20.296713477715326, 51.791212861483984 ], [ 20.309120175053149, 51.789486944615938 ], [ 20.316695650980986, 51.788454053014576 ], [ 20.33667045076249, 51.785526938257718 ], [ 20.356637149442665, 51.782414609128082 ], [ 20.376595652957704, 51.779121936751572 ], [ 20.388743929001663, 51.777006503724699 ], [ 20.396546495764426, 51.775673862655907 ], [ 20.416490128248196, 51.772091239812056 ], [ 20.436425491189294, 51.768346214419914 ], [ 20.455371201938682, 51.764633541510996 ], [ 20.456352566766192, 51.764444793237026 ], [ 20.476273276611057, 51.760452109884525 ], [ 20.496185629193, 51.756311472138954 ], [ 20.514734295237378, 51.752316458335557 ], [ 20.516089663314734, 51.752029754284493 ], [ 20.535987613153765, 51.747678185077206 ], [ 20.555877110058002, 51.743190417496017 ], [ 20.569469832792667, 51.740031097864438 ], [ 20.57575895351976, 51.738594470550176 ], [ 20.595634339054328, 51.733928220174377 ], [ 20.615501175656348, 51.729135526867161 ], [ 20.621052640215829, 51.727763600269377 ], [ 20.635361808033139, 51.724285847694041 ], [ 20.655214877369346, 51.719343938881437 ], [ 20.670278372865443, 51.715506815514217 ], [ 20.67506021094356, 51.714308298019759 ], [ 20.694899846456664, 51.709236615537399 ], [ 20.714730924751425, 51.704054450440793 ], [ 20.717739452781473, 51.703255049319594 ], [ 20.734556882642639, 51.698855335333619 ], [ 20.754374995639409, 51.693569325243132 ], [ 20.763835505006071, 51.691004442314814 ], [ 20.774186859205397, 51.688240022136597 ], [ 20.793992440700542, 51.682867946811619 ], [ 20.808924835294334, 51.678751084052578 ], [ 20.813790725875496, 51.677429032033984 ], [ 20.833584256240254, 51.671988265243492 ], [ 20.853250102040413, 51.666492304055566 ], [ 20.853369511737931, 51.666459402914683 ], [ 20.873151521154213, 51.660967044403939 ], [ 20.892925414022496, 51.655393129373358 ], [ 20.897038716079944, 51.654225291915175 ], [ 20.912695399695473, 51.649840060447815 ], [ 20.932458576921317, 51.644238924954607 ], [ 20.940485723209555, 51.641947421692578 ], [ 20.952217143924489, 51.638642268329022 ], [ 20.971970281488222, 51.633031010737149 ], [ 20.983761873648707, 51.629656183583485 ], [ 20.991718095690594, 51.62740793727091 ], [ 21.011461931458548, 51.621803733619736 ], [ 21.027030871294645, 51.617348934941589 ], [ 21.031199687975249, 51.616170755589295 ], [ 21.050935023979953, 51.610590914037338 ], [ 21.070454403726728, 51.605022825728859 ], [ 21.070663445410062, 51.604963904785969 ], [ 21.090391149536647, 51.599425901060826 ], [ 21.110112291380869, 51.593848310505912 ], [ 21.114282686498139, 51.592673169603508 ], [ 21.129831990675392, 51.588341595030244 ], [ 21.149546901882182, 51.582832914461271 ], [ 21.15864326169309, 51.580297158224582 ], [ 21.169259319295424, 51.577370436750293 ], [ 21.188969051057693, 51.571948892437156 ], [ 21.203726610782279, 51.567890600337698 ], [ 21.208674992251886, 51.566544362138806 ], [ 21.228380661434624, 51.561228306809525 ], [ 21.24808150123928, 51.555905998436408 ], [ 21.24980133287869, 51.555447500044657 ], [ 21.267783730604499, 51.550702560753919 ], [ 21.287482341340329, 51.545515111493238 ], [ 21.297282806822246, 51.542958540010922 ], [ 21.307180320924708, 51.540402252505537 ], [ 21.326877984405485, 51.535368257880215 ], [ 21.34632701443552, 51.530418873812458 ], [ 21.346572546537161, 51.530356990864121 ], [ 21.366270589538871, 51.525494770737033 ], [ 21.385966228819424, 51.52066538984289 ], [ 21.397784164056482, 51.517809137621882 ], [ 21.405662340596997, 51.515922586343514 ], [ 21.425360529732387, 51.511294458921135 ], [ 21.44505751497158, 51.506716982981715 ], [ 21.452103354435572, 51.505116734989322 ], [ 21.464757566192052, 51.502268035568243 ], [ 21.484459359833217, 51.497920252545946 ], [ 21.50416124499268, 51.493641145053687 ], [ 21.510457054408423, 51.492312550148775 ], [ 21.52386749530864, 51.489506454962424 ], [ 21.543576456380556, 51.485483138342794 ], [ 21.563286848130147, 51.481545822870345 ], [ 21.574612351611044, 51.479351707266339 ], [ 21.583001331811442, 51.477739629963928 ], [ 21.602720971177742, 51.474080283114546 ], [ 21.622443353358175, 51.470522440194664 ], [ 21.642168951154904, 51.467072020692015 ], [ 21.647648367386498, 51.466155083842999 ], [ 21.661901348507769, 51.463788207864518 ], [ 21.681638865758956, 51.460638715626672 ], [ 21.70138074765531, 51.457607835671944 ], [ 21.721127400519769, 51.454699831295038 ], [ 21.736478190505117, 51.452544713262661 ], [ 21.740879969927089, 51.451931179776878 ], [ 21.760640438280756, 51.449331756801662 ], [ 21.780406463836229, 51.446859451726013 ], [ 21.80017830555747, 51.444515818110538 ], [ 21.81995617497353, 51.442301595290196 ], [ 21.839740230252065, 51.440216640799719 ], [ 21.859530570717681, 51.438259872768562 ], [ 21.862856448542786, 51.437954830708826 ], [ 21.879328742284223, 51.43645322706945 ], [ 21.899133275042669, 51.434770438494859 ], [ 21.918943768119334, 51.433202708201321 ], [ 21.938760056567592, 51.43174514555033 ], [ 21.958581903489375, 51.430391875580177 ], [ 21.978408999759047, 51.429136067553216 ], [ 21.998240964920022, 51.427969980345551 ], [ 22.018077349262729, 51.4268850240245 ], [ 22.03791763705614, 51.425871836441388 ], [ 22.057761250867514, 51.424920373163921 ], [ 22.077607556869722, 51.424020008630904 ], [ 22.097455871005067, 51.423159646070943 ], [ 22.117305465848251, 51.422327833466035 ], [ 22.137155577992342, 51.421512882706068 ], [ 22.157005415769856, 51.420702989057204 ], [ 22.17685416711744, 51.419886348159906 ], [ 22.19670100739598, 51.419051267964633 ], [ 22.216545106989692, 51.418186273309288 ], [ 22.236385638523188, 51.417280201180439 ], [ 22.256221783558946, 51.416322285124899 ], [ 22.265306873523862, 51.415855290820609 ], [ 22.276052927631195, 51.415304868570473 ], [ 22.295878289797685, 51.414218165225023 ], [ 22.315696949928455, 51.413050698921303 ], [ 22.335508181871159, 51.411793926478417 ], [ 22.355311290934814, 51.410439933194382 ], [ 22.37510561624315, 51.408981445917448 ], [ 22.394890532304601, 51.40741183510783 ], [ 22.414665449843859, 51.405725106946946 ], [ 22.434429815952754, 51.403915886671996 ], [ 22.454183113629185, 51.401979394402915 ], [ 22.4739248607777, 51.399911414733531 ], [ 22.493654608748866, 51.397708261344675 ], [ 22.49383087722747, 51.397687278506126 ], [ 22.513372894389466, 51.395379175046145 ], [ 22.533078442802488, 51.392909697007575 ], [ 22.552770894510456, 51.390297485775378 ], [ 22.572449924331355, 51.387540686064071 ], [ 22.592115229912626, 51.384637769078658 ], [ 22.604126994695719, 51.38277121694302 ], [ 22.611767029207247, 51.381593835741512 ], [ 22.631405432917479, 51.37841251999739 ], [ 22.651029416607997, 51.375083123147959 ], [ 22.670638756938107, 51.371605170609186 ], [ 22.686724934916302, 51.368626174639061 ], [ 22.690233524343387, 51.367981842196031 ], [ 22.70981464237579, 51.364226791154294 ], [ 22.729380635397209, 51.360323883679314 ], [ 22.748931322278903, 51.356273146809414 ], [ 22.755458386434633, 51.354867986104445 ], [ 22.768467819563245, 51.352090397150143 ], [ 22.787989456554172, 51.347769482643649 ], [ 22.807495427377692, 51.343302739996616 ], [ 22.815761257791838, 51.341344152572923 ], [ 22.826986848017054, 51.338705698125942 ], [ 22.846463382813379, 51.333976253508709 ], [ 22.865923938538923, 51.329103343206654 ], [ 22.870270198327812, 51.327980604482363 ], [ 22.885370327385974, 51.32411044660828 ], [ 22.904801171751707, 51.31898307363408 ], [ 22.920445268589994, 51.314736577483849 ], [ 22.924216268648372, 51.313720754282954 ], [ 22.943617301713857, 51.308344998437605 ], [ 22.963001935320268, 51.302830307935523 ], [ 22.967267114349042, 51.301584434665017 ], [ 22.98237241207865, 51.297204487395696 ], [ 23.001727039947767, 51.291449626920119 ], [ 23.011386019873051, 51.288505934175504 ], [ 23.021066614799874, 51.285576586765693 ], [ 23.040391169212104, 51.279587336488639 ], [ 23.053319101875584, 51.275486238066598 ], [ 23.059700037780843, 51.273475898301697 ], [ 23.078994451385626, 51.267257782926372 ], [ 23.093384112053052, 51.26251659592937 ], [ 23.098272813795262, 51.260916479004379 ], [ 23.117537012598387, 51.254474702612832 ], [ 23.131840294865896, 51.249589784552647 ], [ 23.136785070608781, 51.24791175941553 ], [ 23.156018967796381, 51.241251152718554 ], [ 23.168900054753038, 51.236699832340115 ], [ 23.175236922221153, 51.234474478351487 ], [ 23.194440412751881, 51.227599456819355 ], [ 23.204738035950395, 51.223841798290145 ], [ 23.213628461145017, 51.220616632090575 ], [ 23.232801417041909, 51.213531163557043 ], [ 23.239498243102933, 51.21101159407263 ], [ 23.251959751634917, 51.206349436159172 ], [ 23.271102017908063, 51.199057016587822 ], [ 23.273299665438699, 51.198205840239808 ], [ 23.290230823779847, 51.191683297997315 ], [ 23.306196877612546, 51.185423367226832 ], [ 23.309343081070285, 51.184196205646792 ], [ 23.328441668375209, 51.17662779893962 ], [ 23.338287845077975, 51.172661309336156 ], [ 23.347524665305119, 51.168958659119703 ], [ 23.366592232492405, 51.161191684087392 ], [ 23.369677373686429, 51.159916417483252 ], [ 23.385646129139374, 51.153346551642244 ], [ 23.400377523646132, 51.147188810129343 ], [ 23.404683758555038, 51.145396940422899 ], [ 23.423707360486368, 51.137367461691227 ], [ 23.430459240901314, 51.134476345633615 ], [ 23.442716113220616, 51.129250483080007 ], [ 23.459984674552832, 51.121777133628704 ], [ 23.461708768103804, 51.121034067667637 ], [ 23.480688200941387, 51.112749026968757 ], [ 23.488950599020747, 51.109091726065785 ], [ 23.499652173139907, 51.104373113174063 ], [ 23.517444625930569, 51.096417153518544 ], [ 23.518600197758701, 51.095902358968289 ], [ 23.537535188448523, 51.087367538055766 ], [ 23.545446136917818, 51.083754569726324 ], [ 23.556454693848362, 51.078744438634452 ], [ 23.57302863509058, 51.071101453004552 ], [ 23.575358383540809, 51.070030683962749 ], [ 23.594248584251272, 51.061250719694279 ], [ 23.600184955527769, 51.058458387317991 ], [ 23.61312388687687, 51.052391095417349 ], [ 23.626956689588265, 51.04582402461395 ], [ 23.631983487896616, 51.043444620828453 ], [ 23.650828471413636, 51.034423027192368 ], [ 23.653361424737845, 51.033197931752781 ], [ 23.669659785551914, 51.025336517313121 ], [ 23.679407467411007, 51.020580028333917 ], [ 23.688475494975631, 51.016166609908126 ], [ 23.705128345928355, 51.007969205198577 ], [ 23.70727565960609, 51.006914763113535 ], [ 23.726062241119038, 50.997601089634102 ], [ 23.730526140364663, 50.995365596344307 ], [ 23.744834206808275, 50.988216102800742 ], [ 23.755621061401495, 50.982768591553935 ], [ 23.763590701371637, 50.978752181094336 ], [ 23.780428860304557, 50.970177743349353 ], [ 23.782331775204071, 50.969210609712349 ], [ 23.801059240220926, 50.959609705887907 ], [ 23.80495715642806, 50.957592923727333 ], [ 23.819772147431678, 50.949940890361269 ], [ 23.829219394785849, 50.94501375468846 ], [ 23.838469685615102, 50.94019702761274 ], [ 23.853226028883334, 50.932439969579626 ], [ 23.85715189637942, 50.930379249113436 ], [ 23.875819378102729, 50.920493982351154 ], [ 23.876986500433265, 50.919871333626233 ], [ 23.894473399262701, 50.910553936889976 ], [ 23.90051266282148, 50.907307501158677 ], [ 23.913112123818497, 50.900542216174124 ], [ 23.923809476877011, 50.894748406707222 ], [ 23.93173558523771, 50.890459814615163 ], [ 23.94688407280184, 50.882193887258261 ], [ 23.9503438145227, 50.880307687346409 ], [ 23.968937251951981, 50.870090614051819 ], [ 23.969745322729093, 50.869643698410059 ], [ 23.987517193402752, 50.859821307844236 ], [ 23.992407169106549, 50.857097370034126 ], [ 24.006081908453726, 50.849484106089832 ], [ 24.014867736338651, 50.844555101303996 ], [ 24.005585139838029, 50.844853992852507 ], [ 23.985719485379452, 50.834230353791767 ], [ 23.984728003081436, 50.833721099346327 ], [ 23.96563412251496, 50.823512174825815 ], [ 23.96478290561107, 50.811971742444818 ], [ 23.963919797829181, 50.800431811293123 ], [ 23.963045306968894, 50.788892359554765 ], [ 23.962159917136702, 50.777353366428287 ], [ 23.977613283551275, 50.766966957569586 ], [ 23.997141351517193, 50.765965588335021 ], [ 24.01666775374559, 50.76495539179998 ], [ 24.019065829029543, 50.763335541508148 ], [ 24.018172510724419, 50.751797113095641 ], [ 24.017268613339862, 50.74025913507068 ], [ 24.016354583661457, 50.728721588008291 ], [ 24.031322987276575, 50.718632360692389 ], [ 24.050829683270791, 50.717627268516438 ], [ 24.07033472800795, 50.716613568667313 ], [ 24.073191775044332, 50.714679033661128 ], [ 24.072269979731914, 50.703142062181115 ], [ 24.071338337335504, 50.691605514417752 ], [ 24.067413453241041, 50.689587498934323 ], [ 24.051142357119598, 50.680907518497278 ], [ 24.065434216994699, 50.671252914672166 ], [ 24.084921146428769, 50.670251993341125 ], [ 24.088696028348689, 50.66769261375309 ], [ 24.087740335604003, 50.656157186942288 ], [ 24.083139074019652, 50.65379048450184 ], [ 24.067521281371555, 50.645463209305689 ], [ 24.081235182732396, 50.636186584171973 ], [ 24.085803552294259, 50.63308742666171 ], [ 24.084823157938043, 50.621553062439489 ], [ 24.08383520043709, 50.610019022783682 ], [ 24.097011651003665, 50.601094067770923 ], [ 24.102095495947268, 50.597641351704922 ], [ 24.096315563891761, 50.594665429966142 ], [ 24.081837826790217, 50.586951862788119 ], [ 24.080828993084413, 50.575418716709365 ], [ 24.079813762460393, 50.563885843659925 ], [ 24.078792396150376, 50.552353232092564 ], [ 24.077765144481653, 50.540820870941069 ], [ 24.076732247433327, 50.529288749595736 ], [ 24.075693935164328, 50.517756857880173 ], [ 24.074650428514516, 50.506225186029241 ], [ 24.066803950223274, 50.502173392138538 ], [ 24.054331427027904, 50.495534174811922 ], [ 24.053278244434814, 50.484002802243026 ], [ 24.052220629352835, 50.472471615022897 ], [ 24.051158764393922, 50.460940605104689 ], [ 24.042395074477035, 50.45640738321331 ], [ 24.030817988310034, 50.450246740415793 ], [ 24.02173661376241, 50.445545352510038 ], [ 24.010469599958853, 50.439549750388878 ], [ 24.009397968081743, 50.428018915549785 ], [ 24.008322993534925, 50.41648821675345 ], [ 23.998637447970605, 50.411466944538844 ], [ 23.979230835340804, 50.412230246203222 ], [ 23.95982360882704, 50.412992627403803 ], [ 23.940415761872, 50.413754018540338 ], [ 23.921007288159458, 50.414514351238388 ], [ 23.901598181599667, 50.415273558232364 ], [ 23.89149307284411, 50.409894099419844 ], [ 23.880993783895292, 50.404432477521887 ], [ 23.861588259663851, 50.405190453190365 ], [ 23.842182078669868, 50.40594704747172 ], [ 23.822775235735428, 50.406702197043629 ], [ 23.803367725832612, 50.407455839042321 ], [ 23.793860430315739, 50.402391120574791 ], [ 23.782790078677003, 50.39661586349019 ], [ 23.763386043363024, 50.397367174865721 ], [ 23.754155452255173, 50.392447911026537 ], [ 23.742822396343026, 50.386527748860658 ], [ 23.723421783529815, 50.387276201960617 ], [ 23.714447988333099, 50.382491386512122 ], [ 23.702872018077112, 50.376436300209193 ], [ 23.694069688966511, 50.371741261746244 ], [ 23.693019939960767, 50.360207618004537 ], [ 23.691969171906408, 50.348674004825511 ], [ 23.690917481023977, 50.337140418277421 ], [ 23.678908640690945, 50.33084821783099 ], [ 23.670550359049514, 50.326385986972731 ], [ 23.658395001152748, 50.320011854731725 ], [ 23.639020045798581, 50.32075401704855 ], [ 23.630873319741291, 50.316400440659947 ], [ 23.629831382334064, 50.304866083835144 ], [ 23.617396243849122, 50.298334672989945 ], [ 23.609481004847911, 50.294100556722725 ], [ 23.608442882333541, 50.282565910700868 ], [ 23.595793638304613, 50.275914707782256 ], [ 23.58810401892578, 50.271796327967301 ], [ 23.575323239276411, 50.265070529731965 ], [ 23.567773262015848, 50.261022954720005 ], [ 23.554862142841312, 50.25422307823316 ], [ 23.547451308041236, 50.250245766937311 ], [ 23.53441030436144, 50.243371940170142 ], [ 23.527138827836673, 50.239464742080465 ], [ 23.513967681383484, 50.232516717308769 ], [ 23.506836457567626, 50.228679859423309 ], [ 23.493534234112346, 50.221657031721215 ], [ 23.474195019038127, 50.222372694641727 ], [ 23.467264746898369, 50.218635443286495 ], [ 23.466264355236447, 50.207098449107633 ], [ 23.452694724016425, 50.199922899867239 ], [ 23.445995624765153, 50.196301892499093 ], [ 23.432288599824631, 50.18904785762944 ], [ 23.425738983594549, 50.185501420993006 ], [ 23.411891529753806, 50.178167175022601 ], [ 23.405494726840526, 50.174697028729767 ], [ 23.391503495612781, 50.167280676222909 ], [ 23.38526304801789, 50.163888713896199 ], [ 23.371124485061024, 50.156388245917434 ], [ 23.365044030914792, 50.153076478943731 ], [ 23.364078054258073, 50.141537555687997 ], [ 23.349701694034362, 50.133902596560453 ], [ 23.34387839160112, 50.130721035739633 ], [ 23.329345960626274, 50.122997002998275 ], [ 23.323691091518423, 50.119900619983568 ], [ 23.308999252151786, 50.112085604327405 ], [ 23.303515836716549, 50.109076325695113 ], [ 23.288661583767087, 50.101168590496776 ], [ 23.283352203968903, 50.09824817384591 ], [ 23.282412966075277, 50.086707767978673 ], [ 23.267301828365341, 50.078654512556788 ], [ 23.262266248577919, 50.075875451946949 ], [ 23.261333386336929, 50.064334681611449 ], [ 23.245962359736968, 50.056134006003411 ], [ 23.241202203052939, 50.053498259889615 ], [ 23.225662507631966, 50.045200976196888 ], [ 23.221080186901915, 50.042658087648483 ], [ 23.220157835546502, 50.031116687729941 ], [ 23.204357868868968, 50.02267126975562 ], [ 23.200048742534385, 50.02027251687803 ], [ 23.199130804545085, 50.008730827927657 ], [ 23.183073741715734, 50.000138673349277 ], [ 23.179033056135296, 49.997882720934918 ], [ 23.162812140909789, 49.989195975532517 ], [ 23.158941662946585, 49.987030977067619 ], [ 23.158030911504326, 49.975488784900108 ], [ 23.141563232177379, 49.966660339046271 ], [ 23.137948468252006, 49.96463319842335 ], [ 23.121325574840817, 49.955714454553146 ], [ 23.117870936616175, 49.953774031645558 ], [ 23.11696565352074, 49.942231399933902 ], [ 23.100112066748284, 49.933179105595492 ], [ 23.096895238512374, 49.931368460937669 ], [ 23.095991779678798, 49.919825635204056 ], [ 23.078919332489146, 49.910645885536411 ], [ 23.075927714589874, 49.90895895304083 ], [ 23.058720445670808, 49.89969937174029 ], [ 23.055867181819234, 49.898088744228403 ], [ 23.054967545364487, 49.886545538207834 ], [ 23.037563214926973, 49.877169818599079 ], [ 23.034912630407227, 49.875671614737612 ], [ 23.01738841166307, 49.866223834786602 ], [ 23.014860971786295, 49.86479417637522 ], [ 23.013964823658114, 49.853250601875338 ], [ 22.99626663406033, 49.843698762900154 ], [ 22.993918652863435, 49.842369455692989 ], [ 22.976115864386863, 49.832753566132411 ], [ 22.97387581881717, 49.831484793822007 ], [ 22.972983255061838, 49.819940847554314 ], [ 22.972089790088781, 49.808396917479321 ], [ 22.954085099468461, 49.798658769456125 ], [ 22.952055163302333, 49.797508339755069 ], [ 22.933963567531023, 49.787715464793635 ], [ 22.932024282108468, 49.786616234957826 ], [ 22.913851312042386, 49.776771553403016 ], [ 22.911997333038297, 49.775720597876251 ], [ 22.911110581824058, 49.764176071860966 ], [ 22.910223117624433, 49.752631554802292 ], [ 22.891893360425311, 49.742688498482501 ], [ 22.890205801794387, 49.741731958995771 ], [ 22.871810102099012, 49.731745276042595 ], [ 22.870193037464031, 49.730828813626559 ], [ 22.869310655142691, 49.719283874559686 ], [ 22.850820020898158, 49.709234926908721 ], [ 22.849305700500935, 49.708376954496593 ], [ 22.830760355362532, 49.698290351498294 ], [ 22.82930583532476, 49.697466470774444 ], [ 22.81070984023971, 49.687344374542057 ], [ 22.809311270147383, 49.686552418259737 ], [ 22.790668458325797, 49.676396872055562 ], [ 22.789322209323824, 49.675634792167443 ], [ 22.788452265864485, 49.664088954210882 ], [ 22.787582010197625, 49.652543110633118 ], [ 22.768847578413702, 49.642323924093255 ], [ 22.76760567438647, 49.641621441625283 ], [ 22.748834729899958, 49.631374315382857 ], [ 22.747635404825441, 49.630696186481188 ], [ 22.74677210925956, 49.619149864589936 ], [ 22.727947850365169, 49.608862713583207 ], [ 22.726811822373303, 49.608220781485592 ], [ 22.725952138730829, 49.596674209097905 ], [ 22.707080873334959, 49.586350423035569 ], [ 22.706002184708172, 49.585741290816991 ], [ 22.705146284330812, 49.574194463053345 ], [ 22.686233736916368, 49.563837123162664 ], [ 22.68520698223697, 49.56325770365477 ], [ 22.684355021098639, 49.551710616222806 ], [ 22.665406381993702, 49.541322520902568 ], [ 22.664426659724839, 49.540770010983614 ], [ 22.6454590750999, 49.530363418709697 ], [ 22.644505360701892, 49.529825804155763 ], [ 22.645376190995069, 49.529250328008928 ], [ 22.662730940705799, 49.517675291456598 ], [ 22.661883161232844, 49.506127904372725 ], [ 22.662730873132876, 49.505567148098457 ], [ 22.681802020345359, 49.504956341504339 ], [ 22.699154487028693, 49.493366227220314 ], [ 22.70000138570175, 49.492805177202186 ], [ 22.717352474136359, 49.48120768303523 ], [ 22.716492634668558, 49.469660936663267 ], [ 22.715632885378003, 49.458114171023944 ], [ 22.714773241280962, 49.446567385620192 ], [ 22.713913716887323, 49.43502057997155 ], [ 22.714697048266469, 49.434500867705175 ], [ 22.732086544290528, 49.422860227486268 ], [ 22.731223170305057, 49.411313616206314 ], [ 22.731986587673042, 49.410806615653271 ], [ 22.749382888272766, 49.399150817624466 ], [ 22.748515695822785, 49.38760440101926 ], [ 22.747648673169063, 49.376057962581754 ], [ 22.746781832813994, 49.36451150189319 ], [ 22.745915186819804, 49.352965018549334 ], [ 22.745048746821269, 49.341418512160153 ], [ 22.745747203964402, 49.340953882447614 ], [ 22.763179581009808, 49.329254139611017 ], [ 22.762309418249778, 49.317707826148165 ], [ 22.761439487910813, 49.306161488779836 ], [ 22.760569800373062, 49.294615127155794 ], [ 22.759700365639581, 49.283068740938297 ], [ 22.758831193348222, 49.271522329801748 ], [ 22.757962292783258, 49.259975893432262 ], [ 22.757093672886821, 49.248429431527398 ], [ 22.737935004678263, 49.237876636970256 ], [ 22.718967617679208, 49.238487761836765 ], [ 22.718297324683785, 49.23811167626382 ], [ 22.717437713690735, 49.226564680139504 ], [ 22.718041227363589, 49.226162777642308 ], [ 22.737003657252828, 49.225548487295953 ], [ 22.754489581730198, 49.213789889738074 ], [ 22.735318563368782, 49.203221548326212 ], [ 22.734671239645657, 49.202858513503351 ], [ 22.733808363973669, 49.191311677731164 ], [ 22.734391246839238, 49.190923064878206 ], [ 22.753339864266284, 49.190306596741792 ], [ 22.770829926876548, 49.178532307900866 ], [ 22.751647567061017, 49.16795420886239 ], [ 22.751021876653887, 49.16760346001076 ], [ 22.750155786526964, 49.156056784177686 ], [ 22.750719234910168, 49.155680694643721 ], [ 22.76965406369979, 49.155062041809849 ], [ 22.770278023742389, 49.155400597302702 ], [ 22.789469975211059, 49.165981589429514 ], [ 22.806952724852664, 49.154195569398411 ], [ 22.806074329827744, 49.142649599215233 ], [ 22.806636179371655, 49.142273799614578 ], [ 22.824118429634407, 49.130477508118041 ], [ 22.824675278715784, 49.130104753932933 ], [ 22.842153590141834, 49.118302795700053 ], [ 22.842705537170712, 49.117933026604973 ], [ 22.86017981992407, 49.106125465590921 ], [ 22.860726961046659, 49.105758622615738 ], [ 22.879640327370208, 49.105122023901998 ], [ 22.897103161958388, 49.093307832514931 ], [ 22.896205521315203, 49.081762966807446 ], [ 22.876992801789942, 49.071181398184933 ], [ 22.876410605866411, 49.070855259390825 ], [ 22.875517901705329, 49.059310085518383 ], [ 22.874625576562678, 49.0477648827938 ], [ 22.875142118628709, 49.047418043031534 ], [ 22.892618663219206, 49.03558321854608 ], [ 22.891722904675998, 49.024038209063114 ], [ 22.890827539664503, 49.012493170216928 ], [ 22.871603031903682, 49.001887576146125 ], [ 22.852728416849452, 49.002519384360241 ], [ 22.83524018902034, 49.014356949798767 ], [ 22.83474128926408, 49.01469734166951 ], [ 22.815861027134897, 49.015323380594523 ] ] ], [ [ [ 18.781290850198381, 54.618004814169353 ], [ 18.777930985082424, 54.61978989557754 ], [ 18.759766075022061, 54.629524535144292 ], [ 18.759693634148327, 54.641084879663687 ], [ 18.756365622619345, 54.642851031457141 ], [ 18.738151039387144, 54.652600697805099 ], [ 18.734851079698526, 54.654350576462861 ], [ 18.716596886402566, 54.664112649138715 ], [ 18.716512385536255, 54.675672886534336 ], [ 18.713242966687918, 54.677404597089733 ], [ 18.694940343089065, 54.687180920953232 ], [ 18.713104470156214, 54.697046275103908 ], [ 18.731407184011761, 54.687267224231924 ], [ 18.734647965735661, 54.685519471934796 ], [ 18.752911469373842, 54.675752572127621 ], [ 18.756179257878454, 54.67398847477137 ], [ 18.774402974305033, 54.664234070429409 ], [ 18.777698353989035, 54.66245328314816 ], [ 18.795881697326646, 54.652711724284586 ], [ 18.799205261465623, 54.650913896452131 ], [ 18.817347636706675, 54.64118553884299 ], [ 18.817395899908007, 54.629625137718207 ], [ 18.820750842870304, 54.62780808781924 ], [ 18.838843106128081, 54.618095083819682 ], [ 18.838884776725923, 54.606534625328806 ], [ 18.820887168171005, 54.596773026874331 ], [ 18.802804109967823, 54.606481237145658 ], [ 18.799415135480562, 54.608283209134363 ], [ 18.781290850198381, 54.618004814169353 ] ] ], [ [ [ 18.630264350926794, 54.71012169518967 ], [ 18.648500758872213, 54.720038985058196 ], [ 18.66690783275407, 54.710227914669218 ], [ 18.670074726696583, 54.708524793104118 ], [ 18.688444434860536, 54.698724796854101 ], [ 18.670234510575987, 54.688828003944238 ], [ 18.651864906860212, 54.698625256712994 ], [ 18.648671313128371, 54.700313377485031 ], [ 18.630264350926794, 54.71012169518967 ] ] ], [ [ [ 18.584026964998035, 54.723191073292242 ], [ 18.565522047515639, 54.733027750803032 ], [ 18.58382406864094, 54.742993494886029 ], [ 18.602329119566896, 54.733154040881097 ], [ 18.584026964998035, 54.723191073292242 ] ] ], [ [ [ 18.454520062909975, 54.768852142663079 ], [ 18.435837146086239, 54.778735393386221 ], [ 18.454251741847486, 54.788788286332469 ], [ 18.472934836517116, 54.778902216797171 ], [ 18.454520062909975, 54.768852142663079 ] ] ] ] } }
]
}
