{
"type": "FeatureCollection",
"name": "zasieg_ŚW_cykl_2_epsg4326",
"crs": { "type": "name", "properties": { "name": "urn:ogc:def:crs:OGC:1.3:CRS84" } },
"features": [
{ "type": "Feature", "properties": { "gatunek": "ŚW", "cykl": 2, "pokrycie": 0.95, "prog_kde": 9.2142635256896404e-13 }, "geometry": { "type": "MultiPolygon", "coordinates": [ [ [ [ 22.816066765802383, 49.018010915445799 ], [ 22.802758281704019, 49.027008677101719 ], [ 22.79806740734492, 49.030215434132465 ], [ 22.78480643381728, 49.039174776570839 ], [ 22.780059260550217, 49.042417660619442 ], [ 22.766846350175957, 49.051338256297505 ], [ 22.762042317969488, 49.054617579875483 ], [ 22.756748947912573, 49.051667848671414 ], [ 22.742275689693223, 49.04366219166576 ], [ 22.723382930441911, 49.044279757021826 ], [ 22.704489525474159, 49.04489417742635 ], [ 22.699221390815531, 49.041953804835018 ], [ 22.684739034759545, 49.033929059007768 ], [ 22.671509286263973, 49.042839974700215 ], [ 22.666700788786525, 49.046113546431258 ], [ 22.647805462223513, 49.046718475502288 ], [ 22.634627462466923, 49.055583762051057 ], [ 22.635518532085001, 49.067130408024148 ], [ 22.63059787114398, 49.070475279125382 ], [ 22.617510517812999, 49.079271671501374 ], [ 22.612533183966448, 49.082652481569603 ], [ 22.599494031483793, 49.091410296117729 ], [ 22.594459667447353, 49.094827210982658 ], [ 22.575544285105245, 49.095419953831559 ], [ 22.570017648382716, 49.092326851181724 ], [ 22.555800200855149, 49.084430249524523 ], [ 22.542771982747446, 49.093167319286643 ], [ 22.537711639707549, 49.096595696336806 ], [ 22.532172650022655, 49.093492539972615 ], [ 22.517975084609247, 49.085599183115299 ], [ 22.499061595560541, 49.086178735388714 ], [ 22.480147489118824, 49.086754991935081 ], [ 22.467130315184104, 49.09546684014915 ], [ 22.462038894185387, 49.098907818390032 ], [ 22.443119168779866, 49.099477561226479 ], [ 22.424198832535875, 49.100043957184582 ], [ 22.405277887824745, 49.10060698952627 ], [ 22.392309606714136, 49.109266702526128 ], [ 22.393147010674348, 49.120816315607804 ], [ 22.387935055956071, 49.124328540887547 ], [ 22.37505518365019, 49.132921432700392 ], [ 22.375890509470405, 49.1444711743966 ], [ 22.370576158211797, 49.148048729890938 ], [ 22.351635792078515, 49.148601937581468 ], [ 22.345851786669172, 49.145346500922415 ], [ 22.331917345612691, 49.137569445639507 ], [ 22.312980187356835, 49.138115646957353 ], [ 22.294042432897555, 49.138658359799329 ], [ 22.275104084612671, 49.139197564341551 ], [ 22.262256204639861, 49.147741177194519 ], [ 22.256924985286958, 49.151315765533234 ], [ 22.237981045357337, 49.151847949653259 ], [ 22.225167895091118, 49.160358068109602 ], [ 22.225968673688818, 49.171909577255299 ], [ 22.226770672792874, 49.183461033444345 ], [ 22.221292629656904, 49.187126852949852 ], [ 22.215366101273883, 49.183779443676379 ], [ 22.201586135256438, 49.176068110702282 ], [ 22.182631605256908, 49.176589578696252 ], [ 22.16988678450188, 49.18503796411337 ], [ 22.164415774039615, 49.188691325537363 ], [ 22.145455660660048, 49.189205495653361 ], [ 22.132736793006906, 49.19762636805131 ], [ 22.12722589802873, 49.201300327738224 ], [ 22.108260206117787, 49.201807092459497 ], [ 22.08929394261051, 49.202310117454779 ], [ 22.076583437781959, 49.21071085712466 ], [ 22.071045237722991, 49.214394129173122 ], [ 22.052073406164237, 49.21488960099402 ], [ 22.039377662443904, 49.223270310574357 ], [ 22.040137192361282, 49.234823816050067 ], [ 22.040897921589416, 49.246377270601485 ], [ 22.041659863236042, 49.257930673876992 ], [ 22.035942876888548, 49.261724143849271 ], [ 22.023414511589458, 49.26998344633715 ], [ 22.024174094120291, 49.281536967501964 ], [ 22.018367087711869, 49.285385734531374 ], [ 22.005915018720046, 49.293587205844005 ], [ 22.000070633379579, 49.29745702956734 ], [ 21.987645749813744, 49.305634737505898 ], [ 21.981765184114238, 49.309524766563506 ], [ 21.969366235842372, 49.317679559335964 ], [ 21.970116271910474, 49.329233531924324 ], [ 21.97086758839772, 49.340787452050023 ], [ 21.964843706232788, 49.344766913767224 ], [ 21.945819527358761, 49.345238604400485 ], [ 21.926794799354909, 49.345706354417707 ], [ 21.907769525987735, 49.346170155806668 ], [ 21.895410575370395, 49.354276997703224 ], [ 21.889423012668651, 49.358219344691278 ], [ 21.8770828371349, 49.366308056492876 ], [ 21.871067472064663, 49.370264841110099 ], [ 21.852031628833096, 49.37071654976112 ], [ 21.839673936291145, 49.378806759737984 ], [ 21.840395932592525, 49.390361978823499 ], [ 21.834329286277523, 49.394344707553863 ], [ 21.827892241621093, 49.390668726354164 ], [ 21.814620658480212, 49.383197903164415 ], [ 21.808280875092702, 49.379574192470422 ], [ 21.794920937566232, 49.372047860961878 ], [ 21.788677819026045, 49.36847616493835 ], [ 21.77523011848319, 49.360894581269093 ], [ 21.762671616524248, 49.369101055184863 ], [ 21.76337245214453, 49.38065716053584 ], [ 21.757493400544199, 49.384505066115317 ], [ 21.7449895793652, 49.392668241364433 ], [ 21.739094764763955, 49.396522694352683 ], [ 21.726596186730745, 49.404676566254601 ], [ 21.72068708976855, 49.408536598463634 ], [ 21.708192285402479, 49.416682130317149 ], [ 21.702270371216837, 49.420546789241314 ], [ 21.696030907477006, 49.416966518453307 ], [ 21.682579755910751, 49.409372075855188 ], [ 21.663525355762221, 49.409783980028024 ], [ 21.650886065472296, 49.418010994751327 ], [ 21.651561982286704, 49.429568115638368 ], [ 21.645717331674192, 49.4333726154792 ], [ 21.633123698881707, 49.441562288266994 ], [ 21.627272549278899, 49.445367401747028 ], [ 21.62113239414531, 49.441834869129401 ], [ 21.607588152121409, 49.434176588162266 ], [ 21.588522861355372, 49.434572880643714 ], [ 21.569457110765786, 49.434965416477681 ], [ 21.550390906028916, 49.435354227150313 ], [ 21.531324252848631, 49.435739345628399 ], [ 21.525527046371483, 49.432391119224825 ], [ 21.524981733702663, 49.420830587767355 ], [ 21.511073277622252, 49.412942453734999 ], [ 21.498000085727764, 49.421416956926151 ], [ 21.492601981169262, 49.424909392948031 ], [ 21.486976035046265, 49.421654717649616 ], [ 21.472955775947817, 49.413695197490895 ], [ 21.453896384044345, 49.414066228196724 ], [ 21.434836572328351, 49.414433748259398 ], [ 21.415776346438619, 49.414797796049633 ], [ 21.402404447511049, 49.423443680536188 ], [ 21.397280464295733, 49.426746377236832 ], [ 21.378214929505113, 49.427103437225796 ], [ 21.36475993468536, 49.435792278938521 ], [ 21.359705136361296, 49.439045247907607 ], [ 21.346227921558434, 49.4477421284016 ], [ 21.341186329215603, 49.450983886630553 ], [ 21.322110614011613, 49.451330678621929 ], [ 21.303034517505733, 49.451674235892817 ], [ 21.283958044924152, 49.452014596890258 ], [ 21.27893697078866, 49.449088349917211 ], [ 21.26434719821156, 49.440764033499512 ], [ 21.259435487725316, 49.437899091916314 ], [ 21.244745355364341, 49.429511110909907 ], [ 21.225676788559966, 49.429842413371915 ], [ 21.220936221031479, 49.427073167452093 ], [ 21.220453521952503, 49.415510376992174 ], [ 21.219970418507, 49.40394757366802 ], [ 21.205049585437081, 49.395412627741784 ], [ 21.185993791473074, 49.395738278207716 ], [ 21.171800402673046, 49.404862807165522 ], [ 21.167447742273335, 49.407646259745896 ], [ 21.153226040462197, 49.416782354139173 ], [ 21.148892714435299, 49.419551412847035 ], [ 21.134642752154992, 49.428699013146961 ], [ 21.130328703728996, 49.431453774271382 ], [ 21.125902564383463, 49.428860088894091 ], [ 21.110760770078929, 49.420181505650902 ], [ 21.091694301512998, 49.420492230149904 ], [ 21.072627507531035, 49.420800108401451 ], [ 21.053560392138412, 49.421105164858233 ], [ 21.049414676296756, 49.418669618307959 ], [ 21.04896768805801, 49.407105661325204 ], [ 21.052871293229774, 49.404591009641521 ], [ 21.067519894240363, 49.395203364653177 ], [ 21.071443354662378, 49.392673937276626 ], [ 21.090496298258238, 49.392296330642552 ], [ 21.105056510690389, 49.382953772942578 ], [ 21.1045963617462, 49.371390148108368 ], [ 21.089235308968167, 49.362570040237195 ], [ 21.070190948088598, 49.36287851574756 ], [ 21.05114626535865, 49.363184156358543 ], [ 21.047176283077977, 49.360849684141485 ], [ 21.031623895682667, 49.351903961875223 ], [ 21.027743377283549, 49.349620371259107 ], [ 21.01211048420021, 49.340621510900917 ], [ 21.008317378180937, 49.338387689348345 ], [ 20.992606024341423, 49.329336797486341 ], [ 20.98889830025821, 49.327151640939853 ], [ 20.992425996026835, 49.324877374429533 ], [ 21.007434993988664, 49.315259047730997 ], [ 20.991671396647487, 49.306173377364992 ], [ 20.972647816668285, 49.306468340421631 ], [ 20.969052771589752, 49.304347638756489 ], [ 20.953166011254417, 49.295179452304453 ], [ 20.93414628848846, 49.295469008377005 ], [ 20.915126268950335, 49.295755842730642 ], [ 20.899880144563763, 49.305505960370894 ], [ 20.90035215808798, 49.317070102064797 ], [ 20.896995332140822, 49.319202019545244 ], [ 20.881743586319534, 49.328946555584032 ], [ 20.878406472437, 49.331064693290863 ], [ 20.863126638481848, 49.340820085559528 ], [ 20.859808684488538, 49.342924835005093 ], [ 20.856431929024982, 49.340927838604593 ], [ 20.840337625560295, 49.331619099798935 ], [ 20.821302779591978, 49.331892305704663 ], [ 20.805871853469963, 49.341729078878153 ], [ 20.802690739889048, 49.343744254381491 ], [ 20.787233575514978, 49.353590588772377 ], [ 20.784069766436822, 49.355593713206076 ], [ 20.768587033197903, 49.365449159138699 ], [ 20.765439853488381, 49.367440693115121 ], [ 20.749932245432419, 49.377304786167635 ], [ 20.750370833741552, 49.388869774820172 ], [ 20.750810247011703, 49.400434729037563 ], [ 20.747622821867854, 49.40245028500658 ], [ 20.73213930694579, 49.412287592255282 ], [ 20.728966592257979, 49.414292824236554 ], [ 20.70989877123781, 49.41454972808738 ], [ 20.690830690011239, 49.414804013132915 ], [ 20.68769679274115, 49.412944970887708 ], [ 20.671368975890584, 49.403472940111904 ], [ 20.668306132282389, 49.401654923204866 ], [ 20.651916244549742, 49.392139677026464 ], [ 20.636180134863871, 49.402114110026211 ], [ 20.633240512949961, 49.403968533979146 ], [ 20.617483866700908, 49.413948692896724 ], [ 20.614555817041545, 49.415794952693382 ], [ 20.611587354702962, 49.414031043563185 ], [ 20.611234934264367, 49.402464497467761 ], [ 20.610882227295178, 49.390897933469674 ], [ 20.594360961096996, 49.381289494299843 ], [ 20.591511697307929, 49.3795947761039 ], [ 20.574934639592374, 49.36994659367862 ], [ 20.555882744960002, 49.370182689023984 ], [ 20.539896988935595, 49.380293945241817 ], [ 20.53719184386307, 49.381997650892067 ], [ 20.521187759536065, 49.392113107879332 ], [ 20.518491987800193, 49.393810157992455 ], [ 20.502470376446109, 49.403929293545353 ], [ 20.499783170645522, 49.405620212558375 ], [ 20.480716890311054, 49.405845585970056 ], [ 20.461650381343645, 49.40606829886643 ], [ 20.442583646340047, 49.406288345374612 ], [ 20.439962247898904, 49.404724795052026 ], [ 20.423181879469713, 49.394923867448 ], [ 20.420616426759572, 49.393392824215901 ], [ 20.403789081868204, 49.383557031758642 ], [ 20.384730650628683, 49.38376909125769 ], [ 20.368442360714557, 49.394022223209348 ], [ 20.36599314356204, 49.395559968169756 ], [ 20.346929802115135, 49.395766609194069 ], [ 20.327866250310194, 49.395970542739882 ], [ 20.325445571664996, 49.394523205187362 ], [ 20.325156447052397, 49.382955249835931 ], [ 20.324867072778485, 49.371387275001602 ], [ 20.324577459716558, 49.359819280555236 ], [ 20.324287618425814, 49.34825126637142 ], [ 20.307266064098044, 49.338266876133545 ], [ 20.290783581793121, 49.348630312203767 ], [ 20.288526884231306, 49.350045923941444 ], [ 20.286247192917486, 49.348680887478174 ], [ 20.269182688272373, 49.338661235768356 ], [ 20.252643111620031, 49.349049985472753 ], [ 20.250434167321771, 49.350434793520122 ], [ 20.248203290014942, 49.349098020233555 ], [ 20.231098513890498, 49.339044618779113 ], [ 20.212056133977928, 49.339232177161691 ], [ 20.193013562532851, 49.339416971173769 ], [ 20.190871341959237, 49.338131706042233 ], [ 20.173695395843776, 49.328018713612629 ], [ 20.171594328285735, 49.32675745754316 ], [ 20.173634973818231, 49.325477091067917 ], [ 20.190351070909621, 49.314994467734707 ], [ 20.173145130092777, 49.304858769172057 ], [ 20.154115574994126, 49.305037993350979 ], [ 20.152073266524713, 49.30381111971495 ], [ 20.134819892404902, 49.293634734126812 ], [ 20.132815851705924, 49.292430198509791 ], [ 20.132568080411758, 49.280861286503921 ], [ 20.132320138663857, 49.269292353550156 ], [ 20.115011007453852, 49.259070349696358 ], [ 20.113078863075526, 49.257907963435365 ], [ 20.112834948364892, 49.246338917055404 ], [ 20.112590885253727, 49.23476984945502 ], [ 20.112346681079011, 49.223200760560218 ], [ 20.09497433197587, 49.212926109367622 ], [ 20.093125847431011, 49.211812816684294 ], [ 20.092885724670577, 49.200243614777541 ], [ 20.092645480137541, 49.188674391339738 ], [ 20.075226406202827, 49.178359305321727 ], [ 20.056244838780042, 49.178524307227811 ], [ 20.039259019588929, 49.189167174263744 ], [ 20.037505159240542, 49.190264611976573 ], [ 20.020509560728918, 49.200905839796711 ], [ 20.018756612287561, 49.202002273881106 ], [ 20.001751817346996, 49.212641489696161 ], [ 19.999999192033012, 49.213737291818148 ], [ 19.982985788679841, 49.224374120439471 ], [ 19.981232892591805, 49.225469665023574 ], [ 19.962232777156171, 49.225620564768285 ], [ 19.943232507076335, 49.225768609804909 ], [ 19.924232085234532, 49.225913794958188 ], [ 19.905231514523233, 49.226056115176597 ], [ 19.903521910545315, 49.225023042012047 ], [ 19.903325557560631, 49.213453226206227 ], [ 19.885816869840944, 49.203038143485827 ], [ 19.884150138177798, 49.20203023932816 ], [ 19.866622554841811, 49.191596136337978 ], [ 19.847634860330292, 49.191729740915235 ], [ 19.828647028802827, 49.191860459523326 ], [ 19.811456816584435, 49.20256385360176 ], [ 19.809848094691763, 49.203566905769613 ], [ 19.808229101896494, 49.202586485980348 ], [ 19.79067096646942, 49.192113221417713 ], [ 19.773450497256718, 49.202824626495726 ], [ 19.771862908215699, 49.203813940582634 ], [ 19.754637804887636, 49.214520386951691 ], [ 19.754828315588245, 49.226090428345493 ], [ 19.75501922591717, 49.237660444067537 ], [ 19.772553382732877, 49.248119467332906 ], [ 19.774231230340725, 49.249104526175749 ], [ 19.774427438607951, 49.26067443661222 ], [ 19.791932714037777, 49.271105890758705 ], [ 19.793653967351865, 49.27211516914339 ], [ 19.811140449863359, 49.28252764041882 ], [ 19.812890160416817, 49.283552627271035 ], [ 19.811174796950656, 49.284621466652091 ], [ 19.794057516139851, 49.295254749737111 ], [ 19.794259964569978, 49.306824500860607 ], [ 19.794462873604861, 49.318394225791749 ], [ 19.794666251986428, 49.329963924470817 ], [ 19.794870108711393, 49.341533596836271 ], [ 19.7950744530396, 49.353103242824737 ], [ 19.795279294502674, 49.364672862370888 ], [ 19.795484642912985, 49.376242455407485 ], [ 19.793639181244878, 49.37739125796692 ], [ 19.776615602215735, 49.387941730353944 ], [ 19.776817476506036, 49.399511326304861 ], [ 19.777019885760719, 49.411080895628722 ], [ 19.775126284674851, 49.412259066848314 ], [ 19.773217840974038, 49.411106383173525 ], [ 19.755875379889815, 49.400796821742453 ], [ 19.753998162678808, 49.399662391669857 ], [ 19.736633438312992, 49.389331850913152 ], [ 19.734786544412508, 49.388215146690094 ], [ 19.717400453929098, 49.377864139825839 ], [ 19.700318845124098, 49.388429070614357 ], [ 19.698504631664207, 49.389556786989964 ], [ 19.681424703829833, 49.400112890135013 ], [ 19.679599841884443, 49.401246832400915 ], [ 19.66053067169328, 49.401352085296267 ], [ 19.641461393232426, 49.401454431428625 ], [ 19.62435881316939, 49.412005999733999 ], [ 19.62452573143144, 49.423575945647691 ], [ 19.641884764992042, 49.433926603559989 ], [ 19.643783803957245, 49.435041165116395 ], [ 19.641914458675721, 49.436201872858923 ], [ 19.624861185971941, 49.44671575935957 ], [ 19.622978336972828, 49.447884458871961 ], [ 19.603890889334739, 49.447981162992399 ], [ 19.584803342278718, 49.448074957323271 ], [ 19.567732693224343, 49.458581069905684 ], [ 19.567888359970031, 49.470151042118388 ], [ 19.56598245391698, 49.471332954986607 ], [ 19.548937214506193, 49.481813240379246 ], [ 19.549089569371201, 49.493383201714906 ], [ 19.54924252814369, 49.504953137024053 ], [ 19.54727300080485, 49.506173957931871 ], [ 19.530275578990206, 49.516612260409545 ], [ 19.530425306704842, 49.528182183637661 ], [ 19.530575680875938, 49.539752080735397 ], [ 19.530726717170793, 49.551321951630875 ], [ 19.528662177557759, 49.552601043053997 ], [ 19.511740307078881, 49.562978005062803 ], [ 19.511888234558732, 49.574547862640621 ], [ 19.50977488649718, 49.575856715785051 ], [ 19.490637241117607, 49.575936598524692 ], [ 19.473743744344947, 49.586280761865716 ], [ 19.471611181306638, 49.587600765838204 ], [ 19.454733656687996, 49.597927458383111 ], [ 19.454870352468909, 49.60949734797321 ], [ 19.452683333895276, 49.610850579086886 ], [ 19.450478318982995, 49.609514522665563 ], [ 19.450400949542153, 49.597944398210068 ], [ 19.433326430270693, 49.58774616147663 ], [ 19.414183944177879, 49.587814502176933 ], [ 19.412044611151472, 49.5865168499191 ], [ 19.411975252483398, 49.574946634596877 ], [ 19.394854371898887, 49.564705318811932 ], [ 19.375720810507932, 49.564767679338772 ], [ 19.373643450681108, 49.563506253464332 ], [ 19.373582155453569, 49.551935951478598 ], [ 19.373520298183575, 49.540365628141494 ], [ 19.356334273383634, 49.530067402392824 ], [ 19.337214157178927, 49.530123683271434 ], [ 19.318093983963234, 49.530177039666874 ], [ 19.298973756818359, 49.53022747037928 ], [ 19.279853478828464, 49.530274974291238 ], [ 19.277864507782059, 49.529064330053089 ], [ 19.260671547991713, 49.518733238124909 ], [ 19.258709292935347, 49.517538195141 ], [ 19.241498645503174, 49.507188727675356 ], [ 19.239562372809182, 49.506008854125753 ], [ 19.239530669927344, 49.494438327290368 ], [ 19.239498443517146, 49.482867778313903 ], [ 19.222229872412562, 49.472470714576112 ], [ 19.220368041310962, 49.471335166942985 ], [ 19.22221969477711, 49.470220894778585 ], [ 19.239432478889665, 49.459726613808897 ], [ 19.222125120325025, 49.449301197097626 ], [ 19.203036227733065, 49.44933636595713 ], [ 19.201221487898369, 49.448228720579266 ], [ 19.201196511639996, 49.43665806012406 ], [ 19.201171070081244, 49.425087377234092 ], [ 19.201145176112998, 49.413516671885233 ], [ 19.183774150623126, 49.403032258914642 ], [ 19.16470315869045, 49.403061211579953 ], [ 19.14563213837166, 49.403087211697525 ], [ 19.126561092774775, 49.403110258700011 ], [ 19.107490025008808, 49.403130352069319 ], [ 19.090184404738707, 49.413656448659594 ], [ 19.088439744846966, 49.41473158080241 ], [ 19.086687669832028, 49.413659122909813 ], [ 19.069347835410017, 49.403161676045144 ], [ 19.050276719799303, 49.403172905804304 ], [ 19.048543007374096, 49.402110664128386 ], [ 19.031198255933223, 49.391597097983841 ], [ 19.0121316088665, 49.391602327910078 ], [ 18.993064958371292, 49.391604600354299 ], [ 18.973998307561882, 49.391603914970837 ], [ 18.956663784413927, 49.402112732816704 ], [ 18.956675970281669, 49.413683500347709 ], [ 18.97398109310803, 49.42418909367742 ], [ 18.975764683419523, 49.4252598159242 ], [ 18.975782209253978, 49.436830535653705 ], [ 18.975800260913807, 49.448401232217655 ], [ 18.973967684876953, 49.449528531050433 ], [ 18.956729845366219, 49.459966339641923 ], [ 18.956744666575634, 49.471536991790607 ], [ 18.956760057995655, 49.483107620882834 ], [ 18.956776034988479, 49.494678226925643 ], [ 18.956792613361877, 49.506248809926156 ], [ 18.954825323979328, 49.507458299011631 ], [ 18.937699550312153, 49.517810658110697 ], [ 18.935698505497918, 49.519040483223314 ], [ 18.916582368250157, 49.51903209918131 ], [ 18.914566728659974, 49.517795889663169 ], [ 18.897490462196981, 49.50743278855419 ], [ 18.878378866359572, 49.507418390328048 ], [ 18.861262146873649, 49.517744251447105 ], [ 18.859234036459238, 49.518989267128418 ], [ 18.842145722656745, 49.529290286708239 ], [ 18.842138394468559, 49.540860790292328 ], [ 18.842131743889887, 49.552431271560188 ], [ 18.840004505582975, 49.553736483572756 ], [ 18.823000571055545, 49.563974061076294 ], [ 18.822991047190488, 49.575544492209282 ], [ 18.822982258963251, 49.587114901236248 ], [ 18.822974226347995, 49.598685288189237 ], [ 18.822966969855187, 49.610255653101142 ], [ 18.820662601597416, 49.611668582460176 ], [ 18.803814275489973, 49.621795134056015 ], [ 18.803804358353034, 49.633365448880376 ], [ 18.803795282992152, 49.644935741913265 ], [ 18.803787072104335, 49.656506013194672 ], [ 18.803779748974335, 49.668076262765553 ], [ 18.801274564319815, 49.669611160461095 ], [ 18.784606120630581, 49.679612427976345 ], [ 18.782047763555557, 49.681179190088571 ], [ 18.762868247664809, 49.681149135578792 ], [ 18.760287497283251, 49.679564644768661 ], [ 18.743749700471568, 49.669520540489678 ], [ 18.727106753918331, 49.679491211349784 ], [ 18.724509324208263, 49.681080068139252 ], [ 18.707914166764937, 49.691014625018227 ], [ 18.707888263336457, 49.702584765807323 ], [ 18.705189667153739, 49.704234433530502 ], [ 18.686001180233607, 49.704192654985178 ], [ 18.666812741284282, 49.704147838334663 ], [ 18.647624353653232, 49.704099968771466 ], [ 18.631152127108958, 49.713936015012614 ], [ 18.631110978112115, 49.725506058743591 ], [ 18.628258994003986, 49.727245783188046 ], [ 18.611885036647671, 49.737013395012731 ], [ 18.611841583947378, 49.748583382257756 ], [ 18.611799181638144, 49.760153349901444 ], [ 18.611757853862784, 49.771723298026856 ], [ 18.608688448059848, 49.773593330547421 ], [ 18.592514497998238, 49.783227291219113 ], [ 18.592470984801523, 49.794797183161016 ], [ 18.589276624467107, 49.796741428814073 ], [ 18.573216692879271, 49.806297901129362 ], [ 18.573171015131166, 49.81786773651325 ], [ 18.569846211866121, 49.81988920314177 ], [ 18.553905593881574, 49.829365173903057 ], [ 18.569677038377797, 49.838961005770543 ], [ 18.573083189164663, 49.84100735102065 ], [ 18.573041089017877, 49.852577130325528 ], [ 18.588722720433665, 49.862108889541155 ], [ 18.592234627388116, 49.86421613668081 ], [ 18.588686519774456, 49.866372669179043 ], [ 18.57296063586519, 49.875716633495571 ], [ 18.572922331888609, 49.887286357545428 ], [ 18.57288534253302, 49.898856063362338 ], [ 18.57284969258513, 49.910425751039568 ], [ 18.56902080595794, 49.912748751031302 ], [ 18.553557626695628, 49.921922888936912 ], [ 18.549641844340176, 49.924296053580726 ], [ 18.545738870941076, 49.921892527944337 ], [ 18.545915034485503, 49.910323414598238 ], [ 18.530591916894682, 49.901008248618815 ], [ 18.511325873067491, 49.900937738621721 ], [ 18.492059914068491, 49.900863607948594 ], [ 18.476579729357422, 49.910031199233593 ], [ 18.472667494153207, 49.912395059337221 ], [ 18.457260735521295, 49.921512224361379 ], [ 18.453265832319328, 49.923922904934741 ], [ 18.433990911171183, 49.92383693661025 ], [ 18.418664471921058, 49.93289500134167 ], [ 18.41457548445554, 49.935356615829384 ], [ 18.395296153507488, 49.93526232103234 ], [ 18.376016938566444, 49.935163966890812 ], [ 18.356737844846478, 49.93506149877917 ], [ 18.352677471508564, 49.932545487287392 ], [ 18.337617981169398, 49.923347395729706 ], [ 18.333619022177846, 49.920867698622708 ], [ 18.318507376861263, 49.911630813016451 ], [ 18.303137905195999, 49.920688549260191 ], [ 18.299069687652821, 49.923122717738472 ], [ 18.283756593020321, 49.932140345482267 ], [ 18.283647272185551, 49.943709522231075 ], [ 18.28353865619232, 49.955278680485115 ], [ 18.27927650789886, 49.957821600717793 ], [ 18.264134856318933, 49.966727024598981 ], [ 18.259810914651624, 49.969302031402847 ], [ 18.240518798248313, 49.969171256636898 ], [ 18.221226844981008, 49.969035936522971 ], [ 18.206104214016669, 49.97791421866426 ], [ 18.205973441468625, 49.989483120807996 ], [ 18.201551050113618, 49.992102930460049 ], [ 18.182250193038957, 49.991956362086704 ], [ 18.177972165833435, 49.98928810579018 ], [ 18.16315083573193, 49.980203714242741 ], [ 18.148018055915465, 49.98907200749268 ], [ 18.143649030522852, 49.991649261620616 ], [ 18.124348735365079, 49.991488737113954 ], [ 18.109207969724498, 50.000350341269773 ], [ 18.104833315927184, 50.002921732165007 ], [ 18.089705804980067, 50.011768788692429 ], [ 18.089537471669772, 50.023337259121796 ], [ 18.089369221408784, 50.034905707542123 ], [ 18.084868101997202, 50.03754215406299 ], [ 18.06983885564636, 50.04632057113092 ], [ 18.065324766602327, 50.048958930617836 ], [ 18.050293085656026, 50.057732021746453 ], [ 18.045772237878889, 50.060368671101635 ], [ 18.026445231040142, 50.060177925702803 ], [ 18.022176396408025, 50.057498554887317 ], [ 18.007357642116755, 50.048390553872231 ], [ 18.003181115789221, 50.045767196238508 ], [ 18.003459613467673, 50.034199790283466 ], [ 18.007701305740518, 50.031722017147331 ], [ 18.011934538937794, 50.034272256680147 ], [ 18.026784617266706, 50.043401035441477 ], [ 18.041998738043585, 50.034524332835488 ], [ 18.042271565527205, 50.022956788436197 ], [ 18.042544160816096, 50.011389219260487 ], [ 18.027616515538519, 50.002210579357502 ], [ 18.008312856256318, 50.002021538562744 ], [ 17.992973146401127, 50.01096959098161 ], [ 17.988766232924519, 50.013419185492083 ], [ 17.984755119456555, 50.010897976805509 ], [ 17.969706213791433, 50.001630331586369 ], [ 17.950403237558522, 50.001428294130896 ], [ 17.946525486622932, 49.99898727772819 ], [ 17.931357368729053, 49.989634345184911 ], [ 17.927562273804551, 49.987243606316817 ], [ 17.912320794626332, 49.977838389697624 ], [ 17.893027753301105, 49.977626097079749 ], [ 17.889363235370265, 49.975314215242761 ], [ 17.874005316385521, 49.96582511386422 ], [ 17.858211654365629, 49.975011781284593 ], [ 17.854442399716522, 49.977189520319172 ], [ 17.838617493633908, 49.986387285842341 ], [ 17.834870336292493, 49.988548035825723 ], [ 17.819009920984307, 49.997759349405918 ], [ 17.818752149579925, 50.009326716157851 ], [ 17.815004385957121, 50.011482425023381 ], [ 17.79569874305043, 50.011248102849038 ], [ 17.779755717105875, 50.020493141868904 ], [ 17.779485411520181, 50.03206027513734 ], [ 17.77580485266504, 50.034169781050366 ], [ 17.75983326196285, 50.04342188093689 ], [ 17.759556584380551, 50.054988871283456 ], [ 17.759279703725301, 50.066555837126657 ], [ 17.755592408922823, 50.068663429862696 ], [ 17.739603367605948, 50.077913753245767 ], [ 17.735960025862994, 50.079992958818664 ], [ 17.719915492299837, 50.089268214737956 ], [ 17.719626418826575, 50.100834917685681 ], [ 17.716009009607486, 50.102895273577197 ], [ 17.699921488173114, 50.112185803068705 ], [ 17.696353342472669, 50.114215254707503 ], [ 17.693034642471087, 50.112108479561599 ], [ 17.677326467744017, 50.102379011060876 ], [ 17.657985587718532, 50.102116632805767 ], [ 17.641679159580772, 50.111518987618155 ], [ 17.641367351879961, 50.123085252092615 ], [ 17.637988349519592, 50.125001330639115 ], [ 17.621632325289742, 50.134422548103309 ], [ 17.618305414558375, 50.136306887220506 ], [ 17.601887567021119, 50.145756384111188 ], [ 17.598613216674448, 50.147608911329456 ], [ 17.582133327690286, 50.157086759029845 ], [ 17.598047399598329, 50.16695784364228 ], [ 17.601241615573109, 50.168888349147551 ], [ 17.617082649777451, 50.178706734495975 ], [ 17.63645640617149, 50.178894231490403 ], [ 17.655830395752464, 50.179077831145158 ], [ 17.659253047373145, 50.181142327016367 ], [ 17.67488486925804, 50.190813580417846 ], [ 17.694263996315481, 50.190989079884872 ], [ 17.697853574904965, 50.193151221112153 ], [ 17.71333277234039, 50.20271580053975 ], [ 17.732717020925083, 50.202883233480179 ], [ 17.736481337676153, 50.205147491390413 ], [ 17.751800097967312, 50.2146008248803 ], [ 17.75566612842265, 50.216924210938387 ], [ 17.755387453507364, 50.228490845215518 ], [ 17.755108737391645, 50.240057456761335 ], [ 17.75107554781934, 50.242346934371483 ], [ 17.735343409934121, 50.251413608097984 ], [ 17.731370299217414, 50.253666225102997 ], [ 17.715567928009666, 50.262766294663322 ], [ 17.715277683866244, 50.274332650843633 ], [ 17.730570362526304, 50.283761821363882 ], [ 17.734489810455038, 50.286112960208619 ], [ 17.749685008998185, 50.29547493273158 ], [ 17.753715002467782, 50.29789017860093 ], [ 17.749559973529408, 50.300244317421637 ], [ 17.730138676350887, 50.299981656858392 ], [ 17.714407124281998, 50.309031587927258 ], [ 17.714117040340462, 50.320597856978729 ], [ 17.710091186246135, 50.322873868934884 ], [ 17.690660989690258, 50.322605412003519 ], [ 17.687016016951578, 50.32029494233678 ], [ 17.687353958435388, 50.308729257986975 ], [ 17.687691413599747, 50.297163545811316 ], [ 17.672198592980351, 50.287602560458531 ], [ 17.668691726996844, 50.285377929417471 ], [ 17.653109782056571, 50.275754676856415 ], [ 17.649698162907889, 50.27358922159415 ], [ 17.634030395004107, 50.263905657984175 ], [ 17.614624705849955, 50.263630823210299 ], [ 17.598332950418115, 50.272981074962487 ], [ 17.594878644226608, 50.274928769491929 ], [ 17.575468788931527, 50.274648965021235 ], [ 17.57234846292905, 50.272664775985149 ], [ 17.556409215945401, 50.262792685387623 ], [ 17.537004585491566, 50.262508790406805 ], [ 17.520406480286891, 50.272015082817909 ], [ 17.517240824694618, 50.273796142995252 ], [ 17.497832044823678, 50.273507401609194 ], [ 17.494976571750232, 50.271688534118702 ], [ 17.478792324497125, 50.261643590149752 ], [ 17.459388789090372, 50.26135067444563 ], [ 17.456668540979944, 50.259616299401472 ], [ 17.440363451382641, 50.249483399278382 ], [ 17.423411270379738, 50.259169832232466 ], [ 17.423041641960555, 50.270734656023926 ], [ 17.420199699274526, 50.272329964621669 ], [ 17.400792319654094, 50.272029939188492 ], [ 17.383729465513593, 50.2817643957898 ], [ 17.380992719992872, 50.283299157527921 ], [ 17.37847393384088, 50.281691185889223 ], [ 17.378878263051899, 50.270126962108868 ], [ 17.362375367457773, 50.259851851728335 ], [ 17.3451839762091, 50.269652029169627 ], [ 17.344794446611001, 50.281216382788237 ], [ 17.344404927742566, 50.292780714871014 ], [ 17.34401542645152, 50.304345025520242 ], [ 17.34136541922836, 50.305829571846736 ], [ 17.324146387015166, 50.315630107987673 ], [ 17.321537705096038, 50.317090782751649 ], [ 17.302112996048159, 50.31677820872337 ], [ 17.282688590647069, 50.316463285179367 ], [ 17.26530959683636, 50.326336851802992 ], [ 17.262842687556386, 50.327716655902428 ], [ 17.243414191732057, 50.3273967490194 ], [ 17.225938027485956, 50.337312584567748 ], [ 17.223554502281331, 50.338644800763461 ], [ 17.206035593829625, 50.348577094720227 ], [ 17.205611756989878, 50.360140467155027 ], [ 17.203248617470631, 50.361460573261454 ], [ 17.18569637675488, 50.371401323233023 ], [ 17.185267669597337, 50.382964529346317 ], [ 17.182923013842345, 50.384273624025759 ], [ 17.163472212734476, 50.383942888523173 ], [ 17.161356524280475, 50.382588919913339 ], [ 17.144473291134698, 50.372039586792702 ], [ 17.126788360767659, 50.38203720436919 ], [ 17.124571598312141, 50.383273955700744 ], [ 17.106850251916153, 50.39328428365819 ], [ 17.106401999354254, 50.404846938517693 ], [ 17.104198877884919, 50.4060754751833 ], [ 17.084739958657103, 50.405734263696594 ], [ 17.065281382120641, 50.405390489312467 ], [ 17.045823151863917, 50.405044131086811 ], [ 17.027951192066652, 50.415113157743967 ], [ 17.02588443091571, 50.41626442017742 ], [ 17.006422174611647, 50.415912624182376 ], [ 16.986960275679834, 50.415558185934579 ], [ 16.967498737756507, 50.415201086477481 ], [ 16.949484711530111, 50.425326318267807 ], [ 16.947537473903374, 50.426409862604636 ], [ 16.929496331062122, 50.436542336028559 ], [ 16.927566778146826, 50.43761566136682 ], [ 16.909499506726185, 50.447754799332202 ], [ 16.907586645372156, 50.448818464237121 ], [ 16.905827218740477, 50.447688746031652 ], [ 16.888627357683156, 50.436881717470179 ], [ 16.886906806926465, 50.435776416655351 ], [ 16.887433295417789, 50.424215791779098 ], [ 16.870196591004106, 50.413375045461521 ], [ 16.868525125448212, 50.412300570567751 ], [ 16.870289540486453, 50.411302597331108 ], [ 16.888484482434844, 50.40109444685929 ], [ 16.890263059772234, 50.400087231614116 ], [ 16.908433566497276, 50.389884745385118 ], [ 16.910227195599525, 50.38886776245981 ], [ 16.928372360552665, 50.378671470226308 ], [ 16.928886658496189, 50.36711040209196 ], [ 16.929400383619232, 50.355549302769631 ], [ 16.931187345301659, 50.354534020619916 ], [ 16.949318485959978, 50.34433211448728 ], [ 16.949826458301072, 50.332770812507135 ], [ 16.950333872315216, 50.321209479645177 ], [ 16.952116701449803, 50.320194472378503 ], [ 16.97023131370015, 50.309988389013618 ], [ 16.972032607441534, 50.308961620290908 ], [ 16.991452348513558, 50.309280881097834 ], [ 17.009503318638863, 50.299097383958625 ], [ 17.011354589527105, 50.298039996366263 ], [ 17.029374914366944, 50.287865805120113 ], [ 17.029861683335639, 50.276303801897676 ], [ 17.030347917166598, 50.264741768392796 ], [ 17.013190790292619, 50.25395750248147 ], [ 17.011467771831242, 50.252849850066376 ], [ 17.011957557943372, 50.241287890940832 ], [ 17.013760577903469, 50.240255972101473 ], [ 17.031803452478819, 50.230055486925863 ], [ 17.014633033294075, 50.219255673306542 ], [ 16.995251116034463, 50.218904483038443 ], [ 16.977173482514356, 50.229116999701894 ], [ 16.976692369088596, 50.240679028446117 ], [ 16.974889651081799, 50.241684365808517 ], [ 16.973233388254826, 50.240618731130134 ], [ 16.973731878980942, 50.229057015278464 ], [ 16.956488354788821, 50.218194060772724 ], [ 16.937107517885469, 50.217834796984427 ], [ 16.917727048201833, 50.217472810794526 ], [ 16.898346949304891, 50.21710808716837 ], [ 16.896812561156736, 50.216119199868423 ], [ 16.89732849745549, 50.204557986253882 ], [ 16.879992581794504, 50.193608950756627 ], [ 16.860622583317216, 50.193239052786552 ], [ 16.842316211963244, 50.203548928957595 ], [ 16.840731111880803, 50.204431821330218 ], [ 16.839275178753468, 50.20349238812414 ], [ 16.839804478508281, 50.191931579998077 ], [ 16.822409911103648, 50.180925704994507 ], [ 16.803045734816681, 50.180547598373266 ], [ 16.80164796115232, 50.179644764712613 ], [ 16.802185493572587, 50.168084192833085 ], [ 16.802722517862591, 50.156523590588371 ], [ 16.785286378399903, 50.145472525384598 ], [ 16.783929865392683, 50.144595573750735 ], [ 16.766475735313083, 50.133524863406819 ], [ 16.747131384541216, 50.133138942178206 ], [ 16.745820738398468, 50.132290916060107 ], [ 16.746370133025422, 50.120730677627236 ], [ 16.728882496802019, 50.109622195326594 ], [ 16.72760310111321, 50.108793806442691 ], [ 16.710099889318652, 50.097667161502123 ], [ 16.690770697817438, 50.0972731555349 ], [ 16.671441916933375, 50.09687626835202 ], [ 16.652866265398249, 50.107306337738279 ], [ 16.651547977342467, 50.108039720507783 ], [ 16.632215383818199, 50.107636871754501 ], [ 16.613598374924123, 50.118076606700853 ], [ 16.61302939141963, 50.129636010337236 ], [ 16.611732354417292, 50.130357050877286 ], [ 16.592391311068102, 50.129948024565934 ], [ 16.573736786401657, 50.140392406971969 ], [ 16.573157981504909, 50.151951434699477 ], [ 16.571879708093743, 50.152661524162049 ], [ 16.553209274439485, 50.163103793763923 ], [ 16.552625309264414, 50.174662606256213 ], [ 16.552041105641592, 50.186221393659281 ], [ 16.551456665863629, 50.197780156027115 ], [ 16.550871992288968, 50.209338893415115 ], [ 16.550287087343712, 50.220897605880111 ], [ 16.548979993294221, 50.221622943943096 ], [ 16.530305024741445, 50.23204543274624 ], [ 16.52900520404576, 50.232766460972151 ], [ 16.510314221430459, 50.243189674395772 ], [ 16.509021109417152, 50.243906706246769 ], [ 16.49031465978932, 50.254330326824508 ], [ 16.489714693651763, 50.265888435031172 ], [ 16.488419404592637, 50.266606296290419 ], [ 16.469701402307127, 50.277025298273507 ], [ 16.468411595991693, 50.277739840410725 ], [ 16.449679314464952, 50.288158562884234 ], [ 16.449069198627878, 50.299716252820083 ], [ 16.447775568915439, 50.300432528123963 ], [ 16.429033333004828, 50.310845715998781 ], [ 16.428418016708445, 50.32240318224985 ], [ 16.427119589103366, 50.323121723569024 ], [ 16.407703087143343, 50.3226827974988 ], [ 16.38828705350204, 50.322240858124196 ], [ 16.369502698630669, 50.33265555531186 ], [ 16.368872692917815, 50.344212441562881 ], [ 16.367593218594692, 50.344919724031243 ], [ 16.348801420716711, 50.355327448865076 ], [ 16.366395307988977, 50.36656232307638 ], [ 16.367611967877828, 50.367326139404881 ], [ 16.366313252136209, 50.368043851215823 ], [ 16.347530725961832, 50.378440737824789 ], [ 16.346234016227026, 50.379157040308719 ], [ 16.326795880825419, 50.378705012656226 ], [ 16.307358230148512, 50.378249944685038 ], [ 16.30618832884857, 50.377489975503281 ], [ 16.288580533704629, 50.366230465262952 ], [ 16.269737056289614, 50.376639474573373 ], [ 16.268484397464899, 50.377330665722326 ], [ 16.249631260430967, 50.387736745895459 ], [ 16.24897154992027, 50.399292409694475 ], [ 16.247709119046792, 50.399988585638468 ], [ 16.228851822941181, 50.410385827489385 ], [ 16.227589077573416, 50.411081870549658 ], [ 16.208723156318047, 50.42147559923486 ], [ 16.20745965144004, 50.42217175218277 ], [ 16.188585542110307, 50.432561721033331 ], [ 16.187910563556102, 50.44411671740648 ], [ 16.205503600697384, 50.455379635943913 ], [ 16.206712514832326, 50.456141160259975 ], [ 16.224295482533744, 50.467389206039087 ], [ 16.243769007491238, 50.467846560603967 ], [ 16.245008200626838, 50.468625870429683 ], [ 16.262575689536764, 50.479849597867762 ], [ 16.282054976494123, 50.480300221102937 ], [ 16.283326128049229, 50.481098303326561 ], [ 16.300876463725015, 50.492296679155025 ], [ 16.302169828803493, 50.493107919592859 ], [ 16.301522404943906, 50.504663919328245 ], [ 16.319053107606425, 50.515838955914099 ], [ 16.337803165484235, 50.505499801717633 ], [ 16.339197801033897, 50.504730368125308 ], [ 16.358688584860701, 50.505167428358142 ], [ 16.360029137482844, 50.506006272799731 ], [ 16.377539697385163, 50.517150578117487 ], [ 16.378904748384894, 50.518003914535164 ], [ 16.396400389738204, 50.529130355245357 ], [ 16.397790710743987, 50.529998633616479 ], [ 16.396307494881118, 50.530817121566812 ], [ 16.377647450163359, 50.541117247561971 ], [ 16.395127512019798, 50.552228945818698 ], [ 16.396542733684708, 50.553112277028092 ], [ 16.395918512151493, 50.564669064311246 ], [ 16.413373796739418, 50.575754242982157 ], [ 16.43289508106627, 50.576178133235395 ], [ 16.434364615393818, 50.577093547467925 ], [ 16.43374980313768, 50.588650642806265 ], [ 16.43216900746442, 50.589522855504171 ], [ 16.413589456809611, 50.599775136090877 ], [ 16.412008665393813, 50.600646978734495 ], [ 16.393420202370816, 50.610895987036862 ], [ 16.391838823561866, 50.611767783127767 ], [ 16.373242030882675, 50.622013191775089 ], [ 16.372612142481238, 50.633569665452931 ], [ 16.371014171383013, 50.634450107423689 ], [ 16.352420060664265, 50.644683017717497 ], [ 16.350820096886373, 50.645564177244694 ], [ 16.332219045837778, 50.655792714770591 ], [ 16.330616500444407, 50.656674912728292 ], [ 16.311064354346115, 50.656217693903578 ], [ 16.291512701947287, 50.6557574337833 ], [ 16.272871858511198, 50.665988917436721 ], [ 16.271290991619512, 50.666858282461213 ], [ 16.251735549351608, 50.666391692964076 ], [ 16.23218061220544, 50.66592204511506 ], [ 16.230749624668643, 50.664994965308722 ], [ 16.231444340152137, 50.653440582767622 ], [ 16.232138306993143, 50.641886163253837 ], [ 16.214679561930136, 50.630759364378832 ], [ 16.19513999828192, 50.630284264165439 ], [ 16.176401913006213, 50.640547941781435 ], [ 16.174907388469904, 50.641368814407379 ], [ 16.155364078376305, 50.64088733433011 ], [ 16.13660802805498, 50.651147244096322 ], [ 16.135117697864533, 50.651965186337108 ], [ 16.115570654351888, 50.651477307987442 ], [ 16.096024141278569, 50.650986337112812 ], [ 16.094673006069648, 50.650108488194768 ], [ 16.077196101943301, 50.638930530391455 ], [ 16.075866960013272, 50.638066506148142 ], [ 16.076598012250507, 50.62651361965488 ], [ 16.059099430902197, 50.615310971397854 ], [ 16.057804931570825, 50.614468890442893 ], [ 16.04029490520071, 50.603250485885923 ], [ 16.039020851061686, 50.602421254786535 ], [ 16.021499976648105, 50.59118746467324 ], [ 16.002618932293668, 50.601489541811304 ], [ 16.001244949580403, 50.602242406106015 ], [ 15.982361407940999, 50.612537579651288 ], [ 15.999874556096298, 50.623773442171469 ], [ 16.001175675191131, 50.624595219532118 ], [ 16.000453737346653, 50.63614802303006 ], [ 15.99973160144572, 50.647700803174693 ], [ 15.999009273813698, 50.659253560138154 ], [ 15.998286760958573, 50.670806294097325 ], [ 15.996824049645882, 50.671607059104439 ], [ 15.977999183789434, 50.681852962514583 ], [ 15.976527888152322, 50.682658046787665 ], [ 15.956970833168464, 50.682144643546479 ], [ 15.937414339002268, 50.681628119161381 ], [ 15.917858409293947, 50.681108470555372 ], [ 15.916528400498009, 50.680241591163394 ], [ 15.899065539561247, 50.669025552579093 ], [ 15.879515536971995, 50.668499872547038 ], [ 15.860627387619699, 50.678747981728812 ], [ 15.85987079430264, 50.690299206859336 ], [ 15.858421457985138, 50.691090591405555 ], [ 15.839545330077582, 50.701321031837139 ], [ 15.838783549034643, 50.712871997102177 ], [ 15.837306712557824, 50.713677889596063 ], [ 15.818444115522082, 50.723889857438643 ], [ 15.81767716591815, 50.735440562183847 ], [ 15.816910048973094, 50.746991244778961 ], [ 15.815386458203301, 50.747822005751317 ], [ 15.795805210374544, 50.747282196596153 ], [ 15.79441479627436, 50.746374445246595 ], [ 15.777018968232898, 50.735179491986258 ], [ 15.757443712786527, 50.734633623258418 ], [ 15.737869056522356, 50.734084608080579 ], [ 15.718295003063385, 50.733532444333981 ], [ 15.698721556029865, 50.73297712998658 ], [ 15.679823830724482, 50.743164854470578 ], [ 15.679022878345652, 50.754713969378749 ], [ 15.677511306796953, 50.75553609155444 ], [ 15.657929476213566, 50.754974020158897 ], [ 15.63834826374085, 50.754408792933788 ], [ 15.619454333817187, 50.764572655925662 ], [ 15.617933712269, 50.765398720291131 ], [ 15.59904640161535, 50.775550788875854 ], [ 15.597509603868144, 50.776385229167701 ], [ 15.577920650490094, 50.775810076722166 ], [ 15.558332330504932, 50.775231762402122 ], [ 15.538744647518532, 50.774650284743174 ], [ 15.519157605134009, 50.774065642348027 ], [ 15.500253364716894, 50.784197284113411 ], [ 15.498707239919243, 50.785035191490202 ], [ 15.47911667828784, 50.784443993644437 ], [ 15.46021609378926, 50.794560140332351 ], [ 15.458652586731921, 50.795406744743673 ], [ 15.439761883415118, 50.805509385623026 ], [ 15.438178926262246, 50.806366094609935 ], [ 15.43673515427958, 50.80541686587766 ], [ 15.419465109989368, 50.794208061318599 ], [ 15.418040915637116, 50.79327115867634 ], [ 15.418942956255785, 50.781726354429225 ], [ 15.401649004896079, 50.77049125824189 ], [ 15.382066547382308, 50.769884428808666 ], [ 15.363128035493757, 50.779997243264347 ], [ 15.362249901008285, 50.791542505671366 ], [ 15.36137159448576, 50.803087746848341 ], [ 15.360493126200153, 50.814632967129761 ], [ 15.359614506719756, 50.826178166859584 ], [ 15.358735746914093, 50.837723346391314 ], [ 15.35708978019648, 50.838612504076913 ], [ 15.338242416955543, 50.84865391152691 ], [ 15.336573629822231, 50.849554946492141 ], [ 15.317740331083474, 50.859580679418755 ], [ 15.316047880505611, 50.860494034446816 ], [ 15.297229510249899, 50.870503647170189 ], [ 15.295512525797415, 50.871429779136179 ], [ 15.276709976542211, 50.88142281193668 ], [ 15.275811637879212, 50.892966905534863 ], [ 15.274913226843283, 50.904510981412614 ], [ 15.273120642495462, 50.905477146237835 ], [ 15.254375363998356, 50.915425804195074 ], [ 15.253472093836251, 50.926969595449826 ], [ 15.270513831630762, 50.938050493807054 ], [ 15.272217695826836, 50.939143107238884 ], [ 15.289245425787488, 50.950206546167429 ], [ 15.290973722962759, 50.951313809399004 ], [ 15.289075568207627, 50.952336695156333 ], [ 15.270420569700155, 50.962231111011441 ], [ 15.269522019839203, 50.973775090347843 ], [ 15.267564610052171, 50.974829243174469 ], [ 15.247899188548701, 50.974199582889298 ], [ 15.22928858512738, 50.984054281411318 ], [ 15.228380601248817, 50.995597731207987 ], [ 15.226357847535215, 50.996685992346947 ], [ 15.224516925414548, 50.995472761278975 ], [ 15.207627593045432, 50.984490004459197 ], [ 15.205812508903621, 50.983293088093426 ], [ 15.188907126814195, 50.972291592993784 ], [ 15.170293325906011, 50.982132390115254 ], [ 15.169371113835224, 50.993675079041608 ], [ 15.168448965022664, 51.005217755198437 ], [ 15.167526896907141, 51.016760419177224 ], [ 15.165430207502521, 51.017886921575077 ], [ 15.163523447406936, 51.016628852450083 ], [ 15.146708276862652, 51.005680869496061 ], [ 15.144828142039609, 51.004439621882305 ], [ 15.145815977193243, 50.992899235546759 ], [ 15.12895912879668, 50.981913559071934 ], [ 15.110370259435529, 50.99172274847772 ], [ 15.108325950080467, 50.992820185853624 ], [ 15.089764188227111, 51.002607023959328 ], [ 15.088823222321929, 51.014148658099316 ], [ 15.08670900118641, 51.015282904893851 ], [ 15.067030510633591, 51.014623985452168 ], [ 15.065105958646038, 51.013351154302747 ], [ 15.048336580842768, 51.002403006327476 ], [ 15.02980574149365, 51.012155202615396 ], [ 15.027675727569669, 51.013296646879439 ], [ 15.007999442130869, 51.012628227552945 ], [ 14.988323898795485, 51.011956641481028 ], [ 14.986381135778247, 51.010669287334231 ], [ 14.987410463436927, 50.999131218867525 ], [ 14.988438377436262, 50.987593087025537 ], [ 14.990520466210747, 50.986518430931312 ], [ 15.010184765570438, 50.987195702588515 ], [ 15.028796144193691, 50.977400740602228 ], [ 15.029811279633712, 50.965861912844034 ], [ 15.030825075094864, 50.954323024549346 ], [ 15.013950539863313, 50.943282811841797 ], [ 15.012186646212175, 50.942113661506923 ], [ 15.013202797447311, 50.930574937647613 ], [ 14.996292084210669, 50.919500464609115 ], [ 14.9945772590524, 50.918363002594248 ], [ 14.996474235452107, 50.917381191490826 ], [ 15.015231236612552, 50.907497313262837 ], [ 14.998277235514863, 50.896389950540375 ], [ 14.996613095113995, 50.89528583020607 ], [ 14.998453861684702, 50.894332240183232 ], [ 15.017254637070696, 50.884419457178105 ], [ 15.018264488382435, 50.872880443639865 ], [ 15.001249838646277, 50.861726513392419 ], [ 14.981638120132569, 50.861054203285498 ], [ 14.962027145927607, 50.860378713920262 ], [ 14.942416919557143, 50.859700045286736 ], [ 14.923598270176743, 50.869607451821601 ], [ 14.921797936475517, 50.870571575691379 ], [ 14.902184386944787, 50.869886349890955 ], [ 14.882571596215824, 50.869197945675666 ], [ 14.862959567800416, 50.868506363185595 ], [ 14.843348305206806, 50.867811602595125 ], [ 14.823737811939671, 50.867113664112324 ], [ 14.804950758552968, 50.876970404998787 ], [ 14.821857462636483, 50.888109428247041 ], [ 14.823552322829814, 50.889212691988334 ], [ 14.840448146354291, 50.900336205462899 ], [ 14.842164132952231, 50.901452236449558 ], [ 14.84116198502392, 50.912990493480045 ], [ 14.858024136481083, 50.924081261656717 ], [ 14.85978870515055, 50.925227552567257 ], [ 14.876638546256938, 50.936301905293718 ], [ 14.878425733261841, 50.937461861029377 ], [ 14.877432898345573, 50.949000625566306 ], [ 14.894246011851209, 50.960040289107198 ], [ 14.896084952867197, 50.961232439448494 ], [ 14.912884208690702, 50.972254710186604 ], [ 14.914747381052454, 50.973461494644454 ], [ 14.913764016296728, 50.985000766097535 ], [ 14.912780729975051, 50.99654002657288 ], [ 14.929513655268522, 51.007506027925828 ], [ 14.931463075765647, 51.008766837178122 ], [ 14.930484672714091, 51.020306347004365 ], [ 14.94717390969995, 51.031233234781091 ], [ 14.949182288861305, 51.032530648986636 ], [ 14.948208845200037, 51.044070409161328 ], [ 14.947235574862207, 51.055610161555563 ], [ 14.963848819074775, 51.066474623682076 ], [ 14.965953413016516, 51.067832209486625 ], [ 14.964985220707728, 51.079372214587913 ], [ 14.981548081776225, 51.090193316544415 ], [ 14.98371854710072, 51.091591744506857 ], [ 14.982755515363595, 51.103132003450995 ], [ 14.981792760599808, 51.114672258057489 ], [ 14.980830305719635, 51.126212509138568 ], [ 14.979868174038346, 51.137752757520836 ], [ 14.99627417652302, 51.148454429194203 ], [ 14.99863204881021, 51.149970544707912 ], [ 14.996021782014843, 51.151366549262349 ], [ 14.977944975471626, 51.160833249564526 ], [ 14.994277179754166, 51.171482377893817 ], [ 14.996718930853223, 51.173051559540568 ], [ 14.995762984269039, 51.184592067199908 ], [ 15.012030329778096, 51.195188662571567 ], [ 15.01455284227368, 51.196807849300804 ], [ 15.013602454754469, 51.208348620408422 ], [ 15.012652555241875, 51.219889394324774 ], [ 15.011703169245401, 51.231430171946847 ], [ 15.027816714462766, 51.24191207576375 ], [ 15.030519382517925, 51.243643946143784 ], [ 15.029575742833075, 51.255184991475147 ], [ 15.028632689603892, 51.266726042892891 ], [ 15.027690248611973, 51.278267101300564 ], [ 15.026748445608533, 51.289808167601215 ], [ 15.023530440768553, 51.291527324846911 ], [ 15.00601908137747, 51.30067496632865 ], [ 15.005074012518651, 51.312215795329053 ], [ 15.001721485232801, 51.314005524659372 ], [ 14.984333382626694, 51.323078522029718 ], [ 14.983385178240903, 51.334619117878901 ], [ 14.979890405224419, 51.336483401000493 ], [ 14.962633473013096, 51.345477774978654 ], [ 14.961682262299895, 51.357018141863421 ], [ 14.977205422474746, 51.367104084969384 ], [ 14.980545306947104, 51.369240987578692 ], [ 14.976844686837349, 51.371213942215128 ], [ 14.959782346135505, 51.380098922187969 ], [ 14.958833685144214, 51.391639337226451 ], [ 14.95788591683498, 51.403179769857374 ], [ 14.956939060690674, 51.414720220786066 ], [ 14.955993134818328, 51.426260690670759 ], [ 14.971139004323252, 51.436089180485197 ], [ 14.974888906273446, 51.438485168322835 ], [ 14.97073284454614, 51.440698064673661 ], [ 14.954104138411582, 51.449341689669076 ], [ 14.953161095635807, 51.460882219808177 ], [ 14.948820826610325, 51.463191169549972 ], [ 14.932366012924859, 51.471734689973395 ], [ 14.92792003246258, 51.474098335664429 ], [ 14.911564234186075, 51.482583340550129 ], [ 14.907009147081208, 51.485003382800826 ], [ 14.887132695405764, 51.484318861925338 ], [ 14.867257004302372, 51.483631297498889 ], [ 14.851041141747379, 51.492027644051028 ], [ 14.846327459227551, 51.494528212296174 ], [ 14.830219934941944, 51.502861473032617 ], [ 14.825387800587199, 51.505423085762772 ], [ 14.809392245403474, 51.513691479522834 ], [ 14.80443801854191, 51.516315938436115 ], [ 14.784550265730768, 51.515616330806317 ], [ 14.764663289942986, 51.514913695518061 ], [ 14.748830612414366, 51.523082245857097 ], [ 14.743694823782148, 51.52579859820522 ], [ 14.727984103282941, 51.533897419169243 ], [ 14.727000242574968, 51.545435327903192 ], [ 14.721627251360342, 51.548274015559088 ], [ 14.706144016839666, 51.556246439950762 ], [ 14.705157726638548, 51.567784137864983 ], [ 14.718947455517608, 51.576768474771754 ], [ 14.724054459135965, 51.580049195472817 ], [ 14.737781874776907, 51.588986063247297 ], [ 14.742962300630552, 51.592311451101516 ], [ 14.756626456651961, 51.601200297236851 ], [ 14.761881238563298, 51.604570899505589 ], [ 14.760911568639056, 51.616109448128661 ], [ 14.754939223979266, 51.619260347868789 ], [ 14.740040030970341, 51.626926327058818 ], [ 14.753409503239261, 51.635618043596679 ], [ 14.758974413450646, 51.639186589158541 ], [ 14.752769477695955, 51.642457391446058 ], [ 14.738095349734373, 51.650002980020069 ], [ 14.751261680165388, 51.658559062855232 ], [ 14.757039732807636, 51.662263772908886 ], [ 14.750596559579906, 51.66565705598962 ], [ 14.736152807799161, 51.673079664474685 ], [ 14.735182126313735, 51.684618010844474 ], [ 14.728458093539665, 51.688154118885706 ], [ 14.714283996921885, 51.695429784350239 ], [ 14.707397059104618, 51.699047995806104 ], [ 14.693378605626382, 51.706237686913916 ], [ 14.686325818805139, 51.709939285675944 ], [ 14.67246579664087, 51.717041710131184 ], [ 14.671481964614159, 51.728579242522585 ], [ 14.664132427209246, 51.732430392793532 ], [ 14.650556754949616, 51.73937909205781 ], [ 14.64956767453414, 51.750916312042079 ], [ 14.648578000290472, 51.762453499054999 ], [ 14.647587573075496, 51.773990647206261 ], [ 14.646596226882931, 51.785527750347903 ], [ 14.64560378925724, 51.79706480208948 ], [ 14.637434632341389, 51.80132719860665 ], [ 14.617425015984045, 51.800607094760373 ], [ 14.604676853166744, 51.807113186859937 ], [ 14.59628373476372, 51.811484798089651 ], [ 14.583703076038381, 51.817899949173153 ], [ 14.582691851495458, 51.829435974747028 ], [ 14.59382218277476, 51.836673430923426 ], [ 14.601657426472491, 51.841722092490265 ], [ 14.600646980243418, 51.853258224289014 ], [ 14.61160840564998, 51.860378843678568 ], [ 14.631639416196538, 51.861151669988963 ], [ 14.639615911252053, 51.866285649806962 ], [ 14.650563331229733, 51.87338762839267 ], [ 14.658608639664868, 51.878563075130174 ], [ 14.669497449422071, 51.885621548879506 ], [ 14.677610237546048, 51.890837588823672 ], [ 14.688441774093985, 51.897853483571062 ], [ 14.696620614294101, 51.90310918392256 ], [ 14.695622065247406, 51.914646190211293 ], [ 14.694620429885095, 51.926183072213611 ], [ 14.705203065733777, 51.933029542853632 ], [ 14.713643397134211, 51.938452056516176 ], [ 14.712640217799818, 51.949988957248806 ], [ 14.711633434231855, 51.961525715148774 ], [ 14.710622869345659, 51.973062323722623 ], [ 14.709608353009379, 51.98459877672699 ], [ 14.719796021452723, 51.991179048473178 ], [ 14.728645434822601, 51.996865377337834 ], [ 14.727627942703679, 52.008401798838101 ], [ 14.726606081255541, 52.019938050045411 ], [ 14.736609074739862, 52.026391276691136 ], [ 14.745653107041727, 52.032201938667917 ], [ 14.744627623331271, 52.043738136345276 ], [ 14.743597438898714, 52.055274152254562 ], [ 14.753445417714257, 52.06161972961138 ], [ 14.762653777829225, 52.067535304595253 ], [ 14.752381044829141, 52.072819020754984 ], [ 14.741522580022165, 52.078345624532517 ], [ 14.74047774418494, 52.089881074954562 ], [ 14.730037072258455, 52.095238877416868 ], [ 14.709894181079438, 52.094527700099903 ], [ 14.699215235177798, 52.099953622956647 ], [ 14.688635776202837, 52.105371561743169 ], [ 14.67803868976306, 52.110751273402933 ], [ 14.676961442246087, 52.122285188048245 ], [ 14.675879007822191, 52.133818900553976 ], [ 14.67479138836447, 52.145352410927906 ], [ 14.684182327080968, 52.151403644503915 ], [ 14.693831944882167, 52.157623787680542 ], [ 14.703235301208439, 52.163678274005292 ], [ 14.712880148317069, 52.169892192230236 ], [ 14.70210522542088, 52.175385998937912 ], [ 14.691642649492557, 52.180690455351282 ], [ 14.690540420145384, 52.192223494014662 ], [ 14.689433215709947, 52.203756338719678 ], [ 14.698781806465888, 52.209770475354908 ], [ 14.70848475985852, 52.216025265126547 ], [ 14.707373683955215, 52.227558057825938 ], [ 14.706257883266295, 52.239090666274087 ], [ 14.705137457143989, 52.250623094035674 ], [ 14.694290946806149, 52.256123378838694 ], [ 14.674076665324689, 52.255399565263687 ], [ 14.663639457932135, 52.260676731079478 ], [ 14.652734402850657, 52.266195977184644 ], [ 14.632516662202985, 52.265464722961418 ], [ 14.622117710407156, 52.270715109619317 ], [ 14.611160036037418, 52.276250268942242 ], [ 14.590938859000433, 52.275511518479199 ], [ 14.580572173437782, 52.280738206244585 ], [ 14.579399288460632, 52.292267936884542 ], [ 14.578222439365028, 52.303797507154066 ], [ 14.577041767163873, 52.315326922297508 ], [ 14.566112224181735, 52.32082613379994 ], [ 14.555641167319973, 52.326095912293958 ], [ 14.554447457613897, 52.337624690327594 ], [ 14.553250373678955, 52.349153329470163 ], [ 14.552050061024826, 52.36068183517343 ], [ 14.550846664357186, 52.372210212862306 ], [ 14.549640327015046, 52.383738467913709 ], [ 14.538912571104282, 52.389113177646095 ], [ 14.528181161424271, 52.394500814222617 ], [ 14.537746075701214, 52.4006568639658 ], [ 14.547219393801052, 52.406794631256908 ], [ 14.546005073403897, 52.418322549897063 ], [ 14.544788362501814, 52.429850366566932 ], [ 14.554527188683027, 52.436110757632179 ], [ 14.574818032356466, 52.436885149880396 ], [ 14.584117641778592, 52.442902005153186 ], [ 14.593954334456129, 52.449216649072682 ], [ 14.603188934165241, 52.45518740464054 ], [ 14.601982692005825, 52.466715957996122 ], [ 14.611949430808355, 52.473107667946003 ], [ 14.621067749318479, 52.478998720015795 ], [ 14.631111531942535, 52.48543473757536 ], [ 14.640163064096537, 52.491278595130829 ], [ 14.638962473642374, 52.502807573143379 ], [ 14.628885440501886, 52.5078454223029 ], [ 14.617449364396757, 52.513584662131528 ], [ 14.616240044373409, 52.52511316686703 ], [ 14.615029295095823, 52.536641606462815 ], [ 14.613817209856975, 52.548169984382213 ], [ 14.62420970301314, 52.554820965140799 ], [ 14.63293684345189, 52.56045144262405 ], [ 14.631727838233493, 52.571980036654573 ], [ 14.622015210153437, 52.576823379533913 ], [ 14.610173804788502, 52.582754780280091 ], [ 14.608957220242381, 52.594282942890267 ], [ 14.607739700354195, 52.605811058728541 ], [ 14.598195098288127, 52.61056247942237 ], [ 14.58616192123589, 52.616580855093474 ], [ 14.576660655466222, 52.621306313602481 ], [ 14.556282430921444, 52.620551687740566 ], [ 14.544210348301718, 52.626580867164307 ], [ 14.534733114007542, 52.631287384718171 ], [ 14.52260658850326, 52.637338448373704 ], [ 14.513173304461271, 52.642018877953269 ], [ 14.500992233301458, 52.648091830754794 ], [ 14.491602992852997, 52.652746208677776 ], [ 14.471212536302083, 52.651976383570045 ], [ 14.458991651166594, 52.658060438026446 ], [ 14.457732035709162, 52.669585993185052 ], [ 14.448430826744289, 52.6741885333889 ], [ 14.436086330592069, 52.680326769975359 ], [ 14.434820398128966, 52.691851928909905 ], [ 14.425625449033133, 52.696396486172361 ], [ 14.413158596228342, 52.702588134683836 ], [ 14.404006867580598, 52.707107415792763 ], [ 14.391486576419565, 52.713320133540819 ], [ 14.390208799083535, 52.724844537587906 ], [ 14.38116101311615, 52.729307345903607 ], [ 14.368520951751362, 52.735571963552879 ], [ 14.359515112810199, 52.740010313020129 ], [ 14.346823013218719, 52.74629517801219 ], [ 14.337858630569569, 52.750709370891407 ], [ 14.325115019970177, 52.757014178356677 ], [ 14.316191558917092, 52.761404536012293 ], [ 14.303397004852515, 52.767728961860222 ], [ 14.294513890549293, 52.772095822895238 ], [ 14.274073420401393, 52.771290303660713 ], [ 14.261242302051008, 52.777623647536544 ], [ 14.259931023221917, 52.789145866876353 ], [ 14.25112673528972, 52.793466810672982 ], [ 14.238183105735828, 52.799847982384328 ], [ 14.229417234609771, 52.804146531560171 ], [ 14.216425264770935, 52.810545869049875 ], [ 14.207697109626363, 52.814822414385816 ], [ 14.187239188151104, 52.814001321080596 ], [ 14.17421308627063, 52.820408189506821 ], [ 14.165504074803268, 52.824669474491081 ], [ 14.14504280727548, 52.823840889502833 ], [ 14.131983046855105, 52.830255015482798 ], [ 14.13063908629908, 52.84177504585292 ], [ 14.129294971288793, 52.853295060800278 ], [ 14.140911123073824, 52.860781201517369 ], [ 14.148414567383847, 52.8656548456363 ], [ 14.147075440785898, 52.877175183825962 ], [ 14.158810083632639, 52.884730052816593 ], [ 14.166211501393372, 52.8895324741409 ], [ 14.157815615519707, 52.893634436420101 ], [ 14.144396724080167, 52.900215813955818 ], [ 14.143057130420551, 52.911736105809354 ], [ 14.141717376316643, 52.923256382081412 ], [ 14.140377458272159, 52.934776642658086 ], [ 14.139037372202804, 52.946296887401246 ], [ 14.137697113486698, 52.957817116150622 ], [ 14.149761906669699, 52.965573111508355 ], [ 14.156869118295445, 52.970176761690951 ], [ 14.168997694731637, 52.977967500032051 ], [ 14.189530457075524, 52.978811251744126 ], [ 14.19657199407763, 52.983366269715589 ], [ 14.208783727170516, 52.991199475998656 ], [ 14.229323949379438, 52.992036687253545 ], [ 14.236299526463716, 52.996543007426993 ], [ 14.248594710085653, 53.004418729585339 ], [ 14.255517958672197, 53.00888770665059 ], [ 14.267876525896252, 53.016797657190075 ], [ 14.288430644191042, 53.01762522307142 ], [ 14.295287757488357, 53.022045589392285 ], [ 14.307729969071572, 53.029997942528993 ], [ 14.314535130911665, 53.034381345962295 ], [ 14.32704036723135, 53.042367537310732 ], [ 14.333793871678443, 53.046714221928852 ], [ 14.346361846998885, 53.054734005167447 ], [ 14.353063985448424, 53.059044212750059 ], [ 14.35178048207456, 53.070568083047043 ], [ 14.364451722285917, 53.078645503478931 ], [ 14.37106709747872, 53.082895502557079 ], [ 14.369788499775021, 53.094419672764552 ], [ 14.368509677935025, 53.105943824264152 ], [ 14.367230624728911, 53.117467956799736 ], [ 14.380081046997882, 53.125647708570739 ], [ 14.386543962003726, 53.129793429345845 ], [ 14.385269773248076, 53.141317858481706 ], [ 14.378014224426982, 53.144868922196117 ], [ 14.363392002453665, 53.152040237974305 ], [ 14.362111948739441, 53.163564291982134 ], [ 14.360831625615793, 53.175088325668924 ], [ 14.373866410355703, 53.183376513994666 ], [ 14.380170430987974, 53.1874153750285 ], [ 14.378894909829274, 53.198939702783996 ], [ 14.392022506636657, 53.207278334270164 ], [ 14.398250178107165, 53.211264152019176 ], [ 14.396979441047987, 53.222788771521735 ], [ 14.41019833929797, 53.231176764268817 ], [ 14.416351174455619, 53.235110612789718 ], [ 14.429626893512593, 53.243527810725915 ], [ 14.435734307149531, 53.247429528793212 ], [ 14.449066655843067, 53.255875753248638 ], [ 14.45512884769807, 53.259745515106061 ], [ 14.448299426727063, 53.263087763998961 ], [ 14.433212185627555, 53.270479943404645 ], [ 14.426390170830349, 53.273815972943872 ], [ 14.411285372568431, 53.28121011485851 ], [ 14.410018095823263, 53.292734933718307 ], [ 14.408750473000344, 53.304259729361782 ], [ 14.407482496368889, 53.315784501514031 ], [ 14.40621415823782, 53.327309249901539 ], [ 14.404945450960669, 53.338833974252367 ], [ 14.403676366940035, 53.350358674296245 ], [ 14.39702910766024, 53.35360224033321 ], [ 14.381704755533121, 53.361082439372403 ], [ 14.395292220296611, 53.369681917316392 ], [ 14.401137038547356, 53.373408000391947 ], [ 14.394541756964495, 53.376624715614369 ], [ 14.379153793577272, 53.384131047614076 ], [ 14.377877700646042, 53.39565531366096 ], [ 14.37660118995111, 53.407179553975354 ], [ 14.375324254231213, 53.418703768297931 ], [ 14.374046886295227, 53.430227956372015 ], [ 14.372769079023707, 53.441752117943516 ], [ 14.37149082537019, 53.453276252761057 ], [ 14.365037004237697, 53.456417075940969 ], [ 14.349462028394441, 53.463992844843041 ], [ 14.348177407381446, 53.475516589083341 ], [ 14.34689231523496, 53.487040305711666 ], [ 14.345606745188546, 53.498563994485934 ], [ 14.339211922999379, 53.501671405404061 ], [ 14.323549730536508, 53.509275191331767 ], [ 14.322257715725989, 53.520798485424493 ], [ 14.320965199050217, 53.532321750825943 ], [ 14.31460294072388, 53.5354093663287 ], [ 14.298885764528352, 53.54302790199872 ], [ 14.297586744504896, 53.55455076923338 ], [ 14.311509425120247, 53.563345761996928 ], [ 14.3170845734802, 53.566891372575327 ], [ 14.315789985381459, 53.57841452091894 ], [ 14.314494863824462, 53.589937639439519 ], [ 14.31319920272194, 53.601460727919395 ], [ 14.311902996062576, 53.612983786143836 ], [ 14.305663869172298, 53.616006481881584 ], [ 14.289781378305145, 53.623687345096606 ], [ 14.288478552993773, 53.635210001117521 ], [ 14.287175160266598, 53.646732626111358 ], [ 14.285871194396956, 53.65825521987324 ], [ 14.279666556178023, 53.661256505076246 ], [ 14.263720705055482, 53.668953326159318 ], [ 14.27780866562132, 53.677838716029832 ], [ 14.283261520686956, 53.68130031289536 ], [ 14.277085787376519, 53.684286118816679 ], [ 14.261098801264941, 53.691997669378736 ], [ 14.259786952616638, 53.703519792822597 ], [ 14.258474498934353, 53.71504188389823 ], [ 14.257161434905383, 53.726563942415623 ], [ 14.271334451098829, 53.735493208438157 ], [ 14.276726919361556, 53.738912485074124 ], [ 14.27061785453037, 53.741862318735848 ], [ 14.254533454895077, 53.749607961028964 ], [ 14.268738590815039, 53.758553544188828 ], [ 14.27410880063456, 53.76195712583052 ], [ 14.272798803969941, 53.773479396597324 ], [ 14.271488175784519, 53.785001634054105 ], [ 14.270176911167091, 53.79652383802707 ], [ 14.26412698986474, 53.799441357595107 ], [ 14.247952464748614, 53.807217424988671 ], [ 14.246634334638166, 53.818739216506742 ], [ 14.245315549308708, 53.830260973869819 ], [ 14.23926782835448, 53.833173449300951 ], [ 14.223067811693644, 53.840949434271906 ], [ 14.221742111862634, 53.852470775901253 ], [ 14.220415738524663, 53.863992082718333 ], [ 14.219088687169545, 53.875513354563303 ], [ 14.21776095334303, 53.887034591278528 ], [ 14.216432532645896, 53.898555792708457 ], [ 14.210410501335488, 53.901449584150335 ], [ 14.194142521723625, 53.909237959383134 ], [ 14.208483220100348, 53.918252227871307 ], [ 14.213773613312641, 53.92159808910074 ], [ 14.228157536560889, 53.930631996905696 ], [ 14.249156164183917, 53.93148167934693 ], [ 14.270155862022129, 53.932327728495643 ], [ 14.291156626041289, 53.933170139477241 ], [ 14.307545216878902, 53.925306831365113 ], [ 14.313453001094546, 53.922480393665523 ], [ 14.329852559535894, 53.914604581239622 ], [ 14.335738067942726, 53.911786017013789 ], [ 14.356730526318353, 53.912616675422733 ], [ 14.377724032559122, 53.913443679108404 ], [ 14.382826935134359, 53.916657455444835 ], [ 14.397447876452308, 53.925797320333096 ], [ 14.418449207525867, 53.926617397549705 ], [ 14.439451575388802, 53.927433802444774 ], [ 14.444472217039944, 53.930589745351227 ], [ 14.459200635750129, 53.939777845148534 ], [ 14.46418805464981, 53.942910417260855 ], [ 14.478961363482767, 53.952118819923385 ], [ 14.483915577794995, 53.955228061904222 ], [ 14.498733768538843, 53.964456716905509 ], [ 14.519757506216495, 53.965259544510602 ], [ 14.524653708757747, 53.9683281905643 ], [ 14.539548381555788, 53.977591034598845 ], [ 14.560579918769731, 53.978386830100732 ], [ 14.565418101409104, 53.981414957689822 ], [ 14.580389275237961, 53.990711875993092 ], [ 14.601428603697986, 53.991500608701607 ], [ 14.622468937357072, 53.992285609405023 ], [ 14.627224484897919, 53.99525620589835 ], [ 14.642303563367575, 54.004600811453194 ], [ 14.663351672600557, 54.005378704904679 ], [ 14.684400775577926, 54.006152847187522 ], [ 14.689074182040484, 54.009066379512397 ], [ 14.704260676162979, 54.018458123710531 ], [ 14.725317538774679, 54.01922511393758 ], [ 14.729933723373922, 54.022098930276535 ], [ 14.745195949827279, 54.031523795678204 ], [ 14.766260563297504, 54.032283602450818 ], [ 14.770819941157514, 54.0351180378115 ], [ 14.786157495106789, 54.044575650447683 ], [ 14.807229850512208, 54.045328242393403 ], [ 14.828303173077801, 54.046077037084252 ], [ 14.849377458502287, 54.046822028918143 ], [ 14.853833440223104, 54.049584926443217 ], [ 14.869306449292448, 54.059100498801584 ], [ 14.89038845231074, 54.059838218021973 ], [ 14.911471406186715, 54.060572115669324 ], [ 14.932555306551677, 54.061302186301312 ], [ 14.936910670430029, 54.063995505126115 ], [ 14.952516346185437, 54.073566937912098 ], [ 14.973607939163793, 54.074289679336829 ], [ 14.977909799623502, 54.076945998653365 ], [ 14.993587522338565, 54.086547610549303 ], [ 15.014686798172407, 54.087262992809464 ], [ 15.035787000335375, 54.087974517381603 ], [ 15.040014763100984, 54.090579580268724 ], [ 15.055791882890071, 54.100222059556593 ], [ 15.076899749941489, 54.100926183255829 ], [ 15.098008530782792, 54.101626432061224 ], [ 15.102164521968627, 54.104181799725815 ], [ 15.118038713950998, 54.11386350771464 ], [ 15.139155141299632, 54.114556315249594 ], [ 15.160272469711241, 54.115245231358777 ], [ 15.164359267428244, 54.117752611613462 ], [ 15.180327954031334, 54.127471765173013 ], [ 15.201452910149035, 54.128153201087926 ], [ 15.205492184501784, 54.130627594878995 ], [ 15.221526966702839, 54.140372719711998 ], [ 15.242659539717049, 54.141046648889812 ], [ 15.263792992465572, 54.141716660067807 ], [ 15.267767904429444, 54.144146226209209 ], [ 15.28389235553005, 54.153925514961195 ], [ 15.305033405662035, 54.154587983232538 ], [ 15.326175322296939, 54.155246519037128 ], [ 15.347318100691698, 54.155901118388179 ], [ 15.368461736087863, 54.156551777377281 ], [ 15.38960622371185, 54.157198492173492 ], [ 15.393471061016863, 54.159550699794757 ], [ 15.409751027255025, 54.169385675310672 ], [ 15.430903066216047, 54.170024784327907 ], [ 15.452055943838108, 54.170659936262162 ], [ 15.473209655282941, 54.171291127606239 ], [ 15.494364195698637, 54.171918354924749 ], [ 15.515519560219975, 54.172541614852506 ], [ 15.51928874956552, 54.174825561090394 ], [ 15.535709724312284, 54.184706900221244 ], [ 15.556872592686092, 54.18532249817379 ], [ 15.578036271293355, 54.185934117342164 ], [ 15.581758934965659, 54.188184531278274 ], [ 15.59825169212235, 54.198088438329378 ], [ 15.619422853175035, 54.198692367925588 ], [ 15.640594810439246, 54.199292308071676 ], [ 15.661767558951798, 54.199888255896624 ], [ 15.66543757178728, 54.202099940673634 ], [ 15.682014901263527, 54.212027835900038 ], [ 15.703195101270556, 54.212616061071117 ], [ 15.724376078325964, 54.21320028411769 ], [ 15.74555782741939, 54.213780502398578 ], [ 15.74918277043445, 54.21595812964128 ], [ 15.765837065871983, 54.225905257648506 ], [ 15.787026234972217, 54.226477722720553 ], [ 15.790627120442281, 54.228637147261331 ], [ 15.807324048933566, 54.238595090100219 ], [ 15.82852062488711, 54.23915978592202 ], [ 15.849717949116439, 54.23972046174115 ], [ 15.853291008841863, 54.24185787879361 ], [ 15.870040989274649, 54.251826655067092 ], [ 15.89124569760623, 54.252379540290406 ], [ 15.912451139659835, 54.252928397301091 ], [ 15.933657310333771, 54.253473223846626 ], [ 15.954864204520124, 54.254014017691311 ], [ 15.976071817105025, 54.254550776613264 ], [ 15.997280142968922, 54.255083498401312 ], [ 16.018489176986794, 54.255612180852232 ], [ 16.022025641464808, 54.257714505552798 ], [ 16.038870554018207, 54.267688223667804 ], [ 16.06008690118599, 54.268209068063513 ], [ 16.081303941737989, 54.268725865624603 ], [ 16.084829959107896, 54.270816633688867 ], [ 16.101710486963199, 54.280790596982335 ], [ 16.122934817089167, 54.281299538325754 ], [ 16.126453687997479, 54.283382303389395 ], [ 16.1433599248058, 54.293356737775618 ], [ 16.146871735508501, 54.295433143263615 ], [ 16.163797002134498, 54.305410207804634 ], [ 16.185035204977524, 54.305907461550532 ], [ 16.188543359765948, 54.30797794223534 ], [ 16.205490857724978, 54.31795337438934 ], [ 16.208993842614742, 54.320018624122945 ], [ 16.225958497138041, 54.329995544450711 ], [ 16.229456998627775, 54.332055972902182 ], [ 16.246438131640904, 54.342033967340633 ], [ 16.249932836816818, 54.344089983569546 ], [ 16.266929769651352, 54.354068638749297 ], [ 16.270421366034707, 54.356120651113883 ], [ 16.287433419581042, 54.366099554449654 ], [ 16.290922594977292, 54.368147970516674 ], [ 16.307949089835759, 54.3781267102963 ], [ 16.311436532185191, 54.380171936751985 ], [ 16.310672364061549, 54.391719937943535 ], [ 16.327725539849482, 54.401703169497075 ], [ 16.33120460754326, 54.40374072160116 ], [ 16.348270723314798, 54.413722875955983 ], [ 16.351749582646018, 54.415758140565138 ], [ 16.350996282513609, 54.427306466902408 ], [ 16.368087098715442, 54.437291897754022 ], [ 16.371559602686183, 54.439320688879199 ], [ 16.388661865990425, 54.449304139114282 ], [ 16.392135677212085, 54.45133153460052 ], [ 16.391393277815489, 54.462880180363477 ], [ 16.408518284740222, 54.472865712542337 ], [ 16.411987735679361, 54.474887814646515 ], [ 16.429122706558545, 54.484870473718054 ], [ 16.432594970009177, 54.486892061077945 ], [ 16.431863504505788, 54.498441020538394 ], [ 16.449019286972248, 54.508424588253959 ], [ 16.452489159914137, 54.510442041039774 ], [ 16.469653434205899, 54.520421854779102 ], [ 16.491008630888857, 54.520862018978534 ], [ 16.494493405462187, 54.522884422442203 ], [ 16.511661519927419, 54.532851609917735 ], [ 16.515151818555776, 54.534875066616621 ], [ 16.532326546738972, 54.544837399950147 ], [ 16.55369555364932, 54.545265696263449 ], [ 16.557204329020028, 54.547296146158679 ], [ 16.574379333986339, 54.557243793424377 ], [ 16.595755523599944, 54.55766409479466 ], [ 16.617132283168313, 54.558080288494303 ], [ 16.620675922408441, 54.560125612028024 ], [ 16.637841417836285, 54.570046787350222 ], [ 16.659225334596016, 54.57045497521765 ], [ 16.680609805646547, 54.570859050782246 ], [ 16.701994825592937, 54.571259012579375 ], [ 16.723380389036254, 54.571654859155501 ], [ 16.744766490573397, 54.572046589072954 ], [ 16.766153124796826, 54.572434200915239 ], [ 16.769806205505034, 54.574530934665852 ], [ 16.786913902833245, 54.584373464750783 ], [ 16.808307627159923, 54.584753049689176 ], [ 16.829701868371519, 54.585128512679567 ], [ 16.833407506878736, 54.587250025631803 ], [ 16.850487936230373, 54.597056122480772 ], [ 16.87188924149412, 54.597423550994414 ], [ 16.89329104776623, 54.597786854340015 ], [ 16.914693349592095, 54.598146031522596 ], [ 16.918479329267598, 54.600306507164831 ], [ 16.935511236674067, 54.610058061002469 ], [ 16.939314294048977, 54.612226053660933 ], [ 16.95634130839229, 54.621966245249993 ], [ 16.96016207756298, 54.624142104794025 ], [ 16.977183572927785, 54.633870583249283 ], [ 16.981022682065056, 54.636054655376491 ], [ 16.998038038459161, 54.645771074142303 ], [ 17.001896109492392, 54.647963700216089 ], [ 17.018904713162776, 54.657667717234382 ], [ 17.022782361452954, 54.659869234116023 ], [ 17.039783605212858, 54.669560511999826 ], [ 17.061225615026107, 54.669892063018928 ], [ 17.065149662121183, 54.672116079687051 ], [ 17.082123267556923, 54.68177709113337 ], [ 17.086068603960957, 54.684010927915146 ], [ 17.103033153356552, 54.693658270493202 ], [ 17.124488676480187, 54.693977860319507 ], [ 17.128483706799742, 54.696235976929742 ], [ 17.14541733264814, 54.705851274799151 ], [ 17.166879817778039, 54.706162825211052 ], [ 17.170926688966894, 54.708446375615566 ], [ 17.187827246360794, 54.71802847845742 ], [ 17.209296677057576, 54.71833199520993 ], [ 17.213397484240826, 54.72064210063445 ], [ 17.230262880012422, 54.730189892840379 ], [ 17.25173923973993, 54.7304853838626 ], [ 17.25589601817725, 54.732823128615692 ], [ 17.272724218937469, 54.742335533646383 ], [ 17.294207491063979, 54.742623009281978 ], [ 17.31569115809868, 54.742906378444665 ], [ 17.337175214382327, 54.743185644730708 ], [ 17.341455578744359, 54.745585713826834 ], [ 17.358191967853074, 54.755020269299123 ], [ 17.379682897895435, 54.75529154989372 ], [ 17.401174200528928, 54.755558741312193 ], [ 17.422665870053873, 54.755821849004228 ], [ 17.444157900760857, 54.756080878969378 ], [ 17.465650286930888, 54.756335837792335 ], [ 17.470133532795767, 54.758839112660944 ], [ 17.486711713418185, 54.768147284353375 ], [ 17.508210912208121, 54.768394329710496 ], [ 17.529710449627995, 54.768637327331383 ], [ 17.551210319923722, 54.768876286412095 ], [ 17.572710517333519, 54.769111216917075 ], [ 17.577373339331469, 54.771705858327444 ], [ 17.593810043850063, 54.780903553216227 ], [ 17.615317003300856, 54.781130662625095 ], [ 17.636824272923452, 54.781353777502673 ], [ 17.658331846933613, 54.781572911143741 ], [ 17.663142655018071, 54.784242666676292 ], [ 17.679462966060147, 54.793350146466246 ], [ 17.700977262478794, 54.793561558473982 ], [ 17.722491846303342, 54.793769033499323 ], [ 17.727413920711943, 54.796494955443016 ], [ 17.74364810106103, 54.805535081330824 ], [ 17.76516937883067, 54.805734925455333 ], [ 17.786690927037363, 54.80593088532887 ], [ 17.808212739905432, 54.80612298138611 ], [ 17.8132871365918, 54.808926118258327 ], [ 17.829400515000337, 54.817874309734513 ], [ 17.85092898229497, 54.818058922796979 ], [ 17.872457697373676, 54.818239737400404 ], [ 17.87764398130097, 54.821099189896536 ], [ 17.893670564607945, 54.829980212560884 ], [ 17.915205905993428, 54.83015367344165 ], [ 17.936741478425805, 54.830323411053286 ], [ 17.958277276239503, 54.83048945424553 ], [ 17.979813293796326, 54.830651833214951 ], [ 18.001349525489029, 54.830810579504863 ], [ 18.022885965745129, 54.830965725997487 ], [ 18.044422609030821, 54.831117306897461 ], [ 18.065959449855125, 54.831265357706002 ], [ 18.087496482774146, 54.83140991518475 ], [ 18.109033702395482, 54.83155101730852 ], [ 18.130571103382721, 54.831688703206154 ], [ 18.152108680460017, 54.831823013088744 ], [ 18.173646428416731, 54.831953988164429 ], [ 18.195184342112043, 54.832081670539331 ], [ 18.216722416479548, 54.83220610310395 ], [ 18.238260646531778, 54.832327329404592 ], [ 18.259799027364579, 54.832445393499682 ], [ 18.281337554161283, 54.832560339800878 ], [ 18.302876222196677, 54.832672212898814 ], [ 18.324415026840619, 54.832781057374234 ], [ 18.345953963561318, 54.8328869175945 ], [ 18.361664210774883, 54.824609336838087 ], [ 18.367673778802153, 54.821424359099247 ], [ 18.38334266444615, 54.81316106170943 ], [ 18.38938128425918, 54.809958775691221 ], [ 18.405010563436491, 54.801708872792126 ], [ 18.411076488159601, 54.798490245987388 ], [ 18.426668051281091, 54.790252774702331 ], [ 18.426819664944219, 54.778693129144742 ], [ 18.426970894111488, 54.767133459839457 ], [ 18.411653367295621, 54.758760879402814 ], [ 18.405640164634789, 54.755470407740027 ], [ 18.405796578333806, 54.743910731850178 ], [ 18.405952589372678, 54.732351032064393 ], [ 18.412083241875429, 54.729092082266774 ], [ 18.427571886262445, 54.720894544706169 ], [ 18.433728681493545, 54.717619922056187 ], [ 18.449181077036986, 54.709434163430068 ], [ 18.455361887692273, 54.706145041284422 ], [ 18.470780300826963, 54.697969892559627 ], [ 18.470916912682405, 54.68640998020765 ], [ 18.471053118945584, 54.674850044094775 ], [ 18.471188915012977, 54.663290084197975 ], [ 18.471324296188506, 54.651730100493829 ], [ 18.471459257681374, 54.640170092958535 ], [ 18.477725425402273, 54.636828875798692 ], [ 18.499161096196861, 54.6369164926652 ], [ 18.514443279231724, 54.628789439693222 ], [ 18.514565724563045, 54.61722931571591 ], [ 18.514687747670475, 54.605669168005967 ], [ 18.521004683329018, 54.602296696168253 ], [ 18.536220513276877, 54.594192918884609 ], [ 18.536335890296193, 54.582632691925504 ], [ 18.542681577465451, 54.579242345404481 ], [ 18.557853129010027, 54.571152525856576 ], [ 18.557961879151822, 54.559592221463681 ], [ 18.558070191912925, 54.548031893389037 ], [ 18.558178061423646, 54.536471541608336 ], [ 18.558285481690241, 54.524911166096786 ], [ 18.55839244659202, 54.513350766829227 ], [ 18.558498949878434, 54.501790343779938 ], [ 18.56494942169342, 54.498336432517192 ], [ 18.57996993265078, 54.490306008744497 ], [ 18.565121032434849, 54.482169959851532 ], [ 18.558710545935497, 54.4786694262311 ], [ 18.558815625528293, 54.467108931677785 ], [ 18.558920217143637, 54.455548413235142 ], [ 18.565440275543065, 54.452053112213896 ], [ 18.580366496016275, 54.44406387204387 ], [ 18.586895967834586, 54.440562048625601 ], [ 18.601803827308654, 54.432575493425233 ], [ 18.60189558374865, 54.421014850002656 ], [ 18.60844995326913, 54.417497165509758 ], [ 18.629771292415032, 54.41757341216897 ], [ 18.644651814713534, 54.409587237013845 ], [ 18.651190945147821, 54.406075866548264 ], [ 18.67250644093459, 54.406147800234798 ], [ 18.687396590536498, 54.398144471559903 ], [ 18.693908178009401, 54.394646023643496 ], [ 18.708795640464327, 54.386636995397701 ], [ 18.715297934880883, 54.383142069655683 ], [ 18.730185762212283, 54.375125699072498 ], [ 18.73667572198972, 54.371635911874456 ], [ 18.757973524755357, 54.371699164182147 ], [ 18.779271395212692, 54.371760002393998 ], [ 18.800569330797053, 54.371818377067655 ], [ 18.815558948296538, 54.36372531531935 ], [ 18.821917393094715, 54.360303206927618 ], [ 18.843209464330194, 54.360356697191577 ], [ 18.858253687457708, 54.352221996022926 ], [ 18.864539657873738, 54.348836655096157 ], [ 18.885825858178279, 54.348885014326413 ], [ 18.907112109662691, 54.348930607046263 ], [ 18.928398409095244, 54.348973365667263 ], [ 18.934418346054755, 54.352287407980519 ], [ 18.949670615084408, 54.360583330872203 ], [ 18.964943148473331, 54.352300133109111 ], [ 18.970971138183447, 54.349050104271711 ], [ 18.992257560671725, 54.349083944327198 ], [ 19.013544016769998, 54.349114671222829 ], [ 19.034830502532408, 54.349142214996384 ], [ 19.056117013869336, 54.349166506338008 ], [ 19.077403546549714, 54.349187476917017 ], [ 19.098690096204283, 54.34920505968288 ], [ 19.119976658329687, 54.34921918913895 ], [ 19.141263228293354, 54.349229801587988 ], [ 19.162549801338965, 54.349236835349025 ], [ 19.183836372592538, 54.349240230945128 ], [ 19.189159298757104, 54.352157005769079 ], [ 19.205180565728195, 54.360808173203253 ], [ 19.226473098131724, 54.360804005882017 ], [ 19.247765613393828, 54.360796042071712 ], [ 19.269058106242248, 54.360784232227424 ], [ 19.29035057132138, 54.360768529518388 ], [ 19.295358440401859, 54.363504896625393 ], [ 19.311730590085478, 54.372316337788241 ], [ 19.33302896677467, 54.372292628704407 ], [ 19.354327299131047, 54.372264907094404 ], [ 19.375625581539079, 54.372233136867386 ], [ 19.380386516645, 54.37482796682032 ], [ 19.397035405544948, 54.383764145698919 ], [ 19.418339558395484, 54.383724106861003 ], [ 19.422976091379041, 54.386247319276521 ], [ 19.43976730107946, 54.3952464071535 ], [ 19.461077305288747, 54.395198001161503 ], [ 19.465592831405527, 54.397651563845571 ], [ 19.48252296387513, 54.406711525749614 ], [ 19.50383880014034, 54.406654670671806 ], [ 19.508236939556781, 54.409040677024237 ], [ 19.525302371712883, 54.418159366189265 ], [ 19.546624020579312, 54.418093995425259 ], [ 19.550908567496165, 54.4204146352427 ], [ 19.568105502134998, 54.429589820990635 ], [ 19.572330752387558, 54.431876082573474 ], [ 19.589598997153605, 54.441081069002891 ], [ 19.593766184373766, 54.443333672214813 ], [ 19.611104512218329, 54.452567739736033 ], [ 19.615214861369299, 54.454787398751371 ], [ 19.632622053928017, 54.464049834182518 ], [ 19.649740750215482, 54.454606702463373 ], [ 19.653782840316207, 54.452398266732359 ], [ 19.675121809563315, 54.452307082157731 ], [ 19.696460641140487, 54.452211590861502 ], [ 19.717799329211942, 54.452111788627079 ], [ 19.73913786795686, 54.452007672552064 ], [ 19.760476251571074, 54.451899240954134 ], [ 19.781814474268501, 54.45178649328026 ], [ 19.803152530282375, 54.451669430019145 ], [ 19.820580088075001, 54.442006209063528 ], [ 19.824258122103611, 54.439983529042358 ], [ 19.845589816966619, 54.439857882108647 ], [ 19.866921328112202, 54.439727927278774 ], [ 19.88825264986551, 54.439593668506269 ], [ 19.909583776574433, 54.439455110395841 ], [ 19.930914702609829, 54.439312258139239 ], [ 19.952245422365678, 54.43916511745504 ], [ 19.969887162899358, 54.429338559457712 ], [ 19.973301758048184, 54.427449305235385 ], [ 19.994626043274405, 54.427293657788475 ], [ 20.015950105725857, 54.427133742971712 ], [ 20.037273939894309, 54.426969568129735 ], [ 20.058597540293995, 54.426801140882382 ], [ 20.079920901461325, 54.426628469086147 ], [ 20.101244017954514, 54.426451560798668 ], [ 20.122566884353251, 54.426270424245971 ], [ 20.140396921312345, 54.416287637497973 ], [ 20.143567510262873, 54.4145209523003 ], [ 20.164883860884395, 54.414331448006266 ], [ 20.186199945504153, 54.414137742336813 ], [ 20.207515758788801, 54.413939843931352 ], [ 20.228831295424293, 54.413737761470287 ], [ 20.250146550115399, 54.413531503656863 ], [ 20.271461517585315, 54.413321079201026 ], [ 20.2927761925752, 54.413106496804822 ], [ 20.310739220226786, 54.402997256939869 ], [ 20.313720853227014, 54.401324033065329 ], [ 20.335028934305214, 54.401101237383408 ], [ 20.356336707498876, 54.400874311196461 ], [ 20.377644167621561, 54.400643263060459 ], [ 20.398951309502699, 54.400408101472003 ], [ 20.420258127987211, 54.400168834861915 ], [ 20.438285601094346, 54.389983339807756 ], [ 20.441159227736211, 54.388362056159465 ], [ 20.462459396641798, 54.388114690706487 ], [ 20.483759227070561, 54.387863246532589 ], [ 20.50505871393047, 54.38760773175666 ], [ 20.526357852143327, 54.387348154412301 ], [ 20.547656636644444, 54.387084522445925 ], [ 20.568955062382393, 54.386816843715422 ], [ 20.590253124318735, 54.386545125989223 ], [ 20.608336380348018, 54.376275304165723 ], [ 20.611097851520263, 54.3747065280714 ], [ 20.632389190068274, 54.374426853438173 ], [ 20.653680150105117, 54.374143163979404 ], [ 20.674970726646333, 54.373855467102516 ], [ 20.696260914719304, 54.373563770125834 ], [ 20.717550709363039, 54.373268080279161 ], [ 20.738840105627986, 54.37296840470453 ], [ 20.760129098575838, 54.372664750457005 ], [ 20.781417683279358, 54.372357124505477 ], [ 20.802705854822161, 54.37204553373352 ], [ 20.820816835859794, 54.361694145166773 ], [ 20.823481206589424, 54.360168017188158 ], [ 20.844762564040131, 54.359848629430381 ], [ 20.866043494018399, 54.359525298397251 ], [ 20.887323991654128, 54.359198030644109 ], [ 20.90860405208721, 54.358866832645234 ], [ 20.929883670467351, 54.358531710794253 ], [ 20.95116284195387, 54.358192671404488 ], [ 20.972441561715513, 54.357849720709225 ], [ 20.993719824930228, 54.3575028648618 ], [ 21.014997626784996, 54.35715210993547 ], [ 21.036274962475584, 54.356797461923342 ], [ 21.057551827206325, 54.356438926737908 ], [ 21.078828216189912, 54.356076510210642 ], [ 21.100104124647125, 54.355710218091275 ], [ 21.118198140182926, 54.345276804386494 ], [ 21.120783972442954, 54.343779624479588 ], [ 21.142052942274137, 54.343405730575235 ], [ 21.163321417728067, 54.34302797934366 ], [ 21.184589394060545, 54.34264637621289 ], [ 21.205856866534177, 54.342260926524496 ], [ 21.227123830418044, 54.341871635532087 ], [ 21.245184585048104, 54.331416372294093 ], [ 21.247759370439322, 54.329918724665021 ], [ 21.269019346549975, 54.329521908071357 ], [ 21.27174559884676, 54.330919015668321 ], [ 21.290921623313043, 54.34068076591528 ], [ 21.312186505647837, 54.340276160428786 ], [ 21.33345085582469, 54.339867738530529 ], [ 21.354714669144865, 54.339455504911356 ], [ 21.375977940913764, 54.339039464161893 ], [ 21.394013338999383, 54.328553985244902 ], [ 21.396568071020866, 54.327060862585959 ], [ 21.417824292615116, 54.326637374162161 ], [ 21.439079959107669, 54.326210093500009 ], [ 21.460335065822779, 54.325779024791693 ], [ 21.481589608087017, 54.325344172120346 ], [ 21.502843581228898, 54.324905539458257 ], [ 21.524096980578477, 54.324463130665386 ], [ 21.545349801467008, 54.324016949487756 ], [ 21.56660203922652, 54.323566999556164 ], [ 21.569316897108035, 54.324946423724683 ], [ 21.588579842684187, 54.334670599108307 ], [ 21.60983684835503, 54.334212952432146 ], [ 21.631093256325762, 54.333751545254557 ], [ 21.652349061921459, 54.333286380712195 ], [ 21.673604260466146, 54.332817461821904 ], [ 21.694858847282486, 54.332344791480395 ], [ 21.716112817691435, 54.331868372464157 ], [ 21.737366167011977, 54.331388207429406 ], [ 21.758618890560783, 54.330904298912479 ], [ 21.779870983651982, 54.330416649330253 ], [ 21.78256910226029, 54.331779053941915 ], [ 21.801908594984372, 54.341480614373296 ], [ 21.823165359389456, 54.340985299333347 ], [ 21.844421478626948, 54.340486247631361 ], [ 21.86567694799157, 54.339983461195956 ], [ 21.886931762774353, 54.339476941842399 ], [ 21.908185918262472, 54.338966691274301 ], [ 21.929439409739089, 54.338452711085658 ], [ 21.950692232483252, 54.337935002762997 ], [ 21.971944381769777, 54.337413567687804 ], [ 21.99319585286915, 54.336888407138964 ], [ 22.014446641047488, 54.336359522295602 ], [ 22.035696741566476, 54.335826914239803 ], [ 22.056946149683352, 54.335290583959718 ], [ 22.059625190803274, 54.336632775519455 ], [ 22.079058863201215, 54.346303070368037 ], [ 22.100312813907937, 54.345759079079244 ], [ 22.121566057236059, 54.345211365663467 ], [ 22.142818588418457, 54.344659930753025 ], [ 22.164070402683727, 54.344104774903528 ], [ 22.185321495256268, 54.343545898597561 ], [ 22.206571861356377, 54.342983302248278 ], [ 22.227821496200352, 54.342416986203133 ], [ 22.249070395000622, 54.341846950747552 ], [ 22.270318552965893, 54.341273196108631 ], [ 22.291565965301292, 54.340695722458911 ], [ 22.312812627208512, 54.340114529920022 ], [ 22.315468026559806, 54.341435230652138 ], [ 22.334994436062317, 54.351079203828341 ], [ 22.356245519390445, 54.350490326226932 ], [ 22.377495837078456, 54.349897727414891 ], [ 22.398745384309869, 54.349301407342033 ], [ 22.419994156265723, 54.348701365925777 ], [ 22.441242148124807, 54.348097603054491 ], [ 22.443876617381164, 54.34940284385695 ], [ 22.463461539937711, 54.359038021409042 ], [ 22.484713893083725, 54.358426553675748 ], [ 22.505965450824153, 54.357811361597378 ], [ 22.527216208324788, 54.357192444977059 ], [ 22.548466160750223, 54.356569803604955 ], [ 22.569715303264104, 54.355943437261068 ], [ 22.590963631029297, 54.355313345717889 ], [ 22.61221113920811, 54.354679528742921 ], [ 22.633457822962509, 54.354041986101194 ], [ 22.636066767371585, 54.355327279589332 ], [ 22.655729968318866, 54.364946025760709 ], [ 22.676980921113493, 54.364300748508342 ], [ 22.698231034084859, 54.363651742502782 ], [ 22.719480302389833, 54.36299900752303 ], [ 22.740728721185928, 54.362342543356242 ], [ 22.761976285631491, 54.361682349799423 ], [ 22.764563009798366, 54.36295167489412 ], [ 22.784285601596629, 54.372561855703658 ], [ 22.8055373740109, 54.371893906705438 ], [ 22.808107510761154, 54.373153101016719 ], [ 22.809163164483387, 54.384688929382222 ], [ 22.810219758271483, 54.396224715491137 ], [ 22.83001618466276, 54.405849866402392 ], [ 22.832544703653362, 54.407086505736508 ], [ 22.852367441265447, 54.416715521546017 ], [ 22.873640345368212, 54.416035170285902 ], [ 22.891537438492342, 54.405197337675766 ], [ 22.893817056588635, 54.403809713080172 ], [ 22.915082236471573, 54.403122182774538 ], [ 22.936346519555219, 54.402430912750638 ], [ 22.957609900990985, 54.401735902967403 ], [ 22.975472418675697, 54.390889557673312 ], [ 22.977754083365916, 54.389496886668802 ], [ 22.999009711633171, 54.388794711869956 ], [ 23.016846342201369, 54.377948088412914 ], [ 23.015705595736371, 54.366415989503707 ], [ 23.014565468808001, 54.35488385819226 ], [ 23.016878659108308, 54.353469080270223 ], [ 23.038114677070446, 54.352760393050275 ], [ 23.059349773071407, 54.352047975321156 ], [ 23.077121332349812, 54.341213206408156 ], [ 23.057336861126934, 54.331646357822841 ], [ 23.054739831361122, 54.330398171240674 ], [ 23.053589818613389, 54.318866545390854 ], [ 23.055935599775943, 54.317428960115564 ], [ 23.073653711879878, 54.306619238931951 ], [ 23.076009660356782, 54.305174178065364 ], [ 23.097219268550024, 54.304455624991874 ], [ 23.099838832930452, 54.305730683149811 ], [ 23.119582122742507, 54.315272301831115 ], [ 23.140795760398603, 54.314545969368567 ], [ 23.158497538370693, 54.303719412906752 ], [ 23.160842479567592, 54.302277641078703 ], [ 23.178522318769303, 54.291455298954382 ], [ 23.18087727198343, 54.290006141368977 ], [ 23.202076278550251, 54.289269331528999 ], [ 23.219730180182932, 54.278446973092173 ], [ 23.222092312454873, 54.276991302861589 ], [ 23.239724295292426, 54.266173195450776 ], [ 23.242096441299228, 54.26471013008868 ], [ 23.263280803037617, 54.263962878468014 ], [ 23.284464197326997, 54.263211914648366 ], [ 23.30564661942535, 54.2624572389158 ], [ 23.326828064593933, 54.261698851578281 ], [ 23.344422823764592, 54.25086762011864 ], [ 23.346792906632189, 54.249401152320992 ], [ 23.364366083910269, 54.238574033562251 ], [ 23.36674587043737, 54.237100357878148 ], [ 23.38429750761528, 54.226277346820339 ], [ 23.386686966367268, 54.224796480288802 ], [ 23.404217118180618, 54.213977563888804 ], [ 23.402974348831158, 54.202450970619282 ], [ 23.405386401999813, 54.200954566960547 ], [ 23.42287714317624, 54.190148385190092 ], [ 23.421630075343561, 54.178622045149055 ], [ 23.424064866023553, 54.177110007232159 ], [ 23.445199374185499, 54.176332044763456 ], [ 23.46633288000822, 54.175550389749333 ], [ 23.4837779139011, 54.164747549011977 ], [ 23.486214793445622, 54.163231287426491 ], [ 23.503638826945064, 54.152432343898468 ], [ 23.502371096417324, 54.140907207985528 ], [ 23.501104124078537, 54.129382034363751 ], [ 23.49983790974597, 54.117856823023118 ], [ 23.502323501476937, 54.116308124735944 ], [ 23.519672369900043, 54.105539425922863 ], [ 23.518401999942505, 54.094014469811981 ], [ 23.517132396455672, 54.082489475602635 ], [ 23.519653868083392, 54.080916631310778 ], [ 23.53694549917503, 54.070169598732058 ], [ 23.53567178631064, 54.058644859377445 ], [ 23.534398849603114, 54.047120081496296 ], [ 23.533126689573368, 54.035595265052265 ], [ 23.531855306815807, 54.024070410006274 ], [ 23.512463698158584, 54.014739870457795 ], [ 23.509530888209703, 54.013338708711402 ], [ 23.508266659978084, 54.001813446971141 ], [ 23.488929199877742, 53.992497284597192 ], [ 23.485959602071599, 53.991077003235112 ], [ 23.48470249649748, 53.97955133749111 ], [ 23.487356053731418, 53.977894317290911 ], [ 23.504478599773339, 53.967237431331569 ], [ 23.507140527142028, 53.965574009090069 ], [ 23.524243375315677, 53.954920466565405 ], [ 23.52297745608162, 53.943395339990147 ], [ 23.521712321391924, 53.931870174407159 ], [ 23.520447972444185, 53.920344969755099 ], [ 23.51918441049191, 53.908819725970616 ], [ 23.517921636841265, 53.897294442988375 ], [ 23.52066478743323, 53.895577711327633 ], [ 23.537651452855993, 53.884975866300209 ], [ 23.536384769903162, 53.873450831329585 ], [ 23.535118889418797, 53.861925756560517 ], [ 23.537898552716449, 53.860184496811542 ], [ 23.554828211137949, 53.849604706261978 ], [ 23.553558481423835, 53.838079878514286 ], [ 23.552289568799196, 53.826555010346354 ], [ 23.55102147487478, 53.815030101681266 ], [ 23.54975420126631, 53.803505152442078 ], [ 23.548487749588045, 53.791980162551894 ], [ 23.547222121446008, 53.780455131934232 ], [ 23.545957318430972, 53.768930060513263 ], [ 23.548846836796496, 53.767117110355358 ], [ 23.56562338870873, 53.756607968035816 ], [ 23.568517089005979, 53.754791255755215 ], [ 23.585278561841246, 53.744282838607013 ], [ 23.584005505947669, 53.73275829511482 ], [ 23.586917257390414, 53.730928894697165 ], [ 23.603645296754014, 53.720430417545337 ], [ 23.602368593219172, 53.708906116999103 ], [ 23.601092752256271, 53.697381774050939 ], [ 23.599817774960943, 53.685857388643711 ], [ 23.598543662328293, 53.6743329607242 ], [ 23.601514953846838, 53.672464161710316 ], [ 23.618154765344038, 53.662003193164054 ], [ 23.616877078802425, 53.650479006437294 ], [ 23.615600268000414, 53.638954776697545 ], [ 23.614324333340381, 53.627430503914546 ], [ 23.617338205262538, 53.625533171844687 ], [ 23.633911451167084, 53.615098565742421 ], [ 23.632631995508866, 53.603574533229519 ], [ 23.631353424381654, 53.59205045727397 ], [ 23.634393585375516, 53.590135033138068 ], [ 23.65092109675285, 53.579716070384293 ], [ 23.649639040108681, 53.568192234490674 ], [ 23.648357873758062, 53.556668354855013 ], [ 23.651422169519943, 53.554736175831977 ], [ 23.667906180727041, 53.544331525621438 ], [ 23.666621556118631, 53.532807886145626 ], [ 23.665337824568738, 53.521284202744049 ], [ 23.668424047335744, 53.519336632144487 ], [ 23.68486682430547, 53.508944938350695 ], [ 23.683579652740541, 53.497421495549681 ], [ 23.682293373695973, 53.485898008768082 ], [ 23.685399305292837, 53.483936408260767 ], [ 23.701803101397669, 53.473556317274209 ], [ 23.700513390993361, 53.462033071905324 ], [ 23.699224569039547, 53.450509782640388 ], [ 23.702348026514798, 53.448535483032494 ], [ 23.718715036462171, 53.438165673021579 ], [ 23.717422781888736, 53.42664262637232 ], [ 23.720550026413502, 53.424664489733942 ], [ 23.736898296277484, 53.414295820824563 ], [ 23.735602603642125, 53.40277301822308 ], [ 23.734307785897251, 53.391250172128181 ], [ 23.737448807521229, 53.389261603102646 ], [ 23.753764001390614, 53.378900967684608 ], [ 23.752465727170435, 53.367378367532837 ], [ 23.755607670120675, 53.36538769450781 ], [ 23.771906929164452, 53.355026484802856 ], [ 23.770605180884441, 53.343504132525339 ], [ 23.769304282954273, 53.33198173760443 ], [ 23.772456752947413, 53.329982559754157 ], [ 23.788726084121272, 53.319627477882577 ], [ 23.787421677640509, 53.308105333401706 ], [ 23.7861181011761, 53.296583147023817 ], [ 23.789279641232294, 53.294576299165335 ], [ 23.805520419512426, 53.284226523228611 ], [ 23.80421329145501, 53.272704590222318 ], [ 23.807372272834254, 53.270697681472576 ], [ 23.823600420806585, 53.260345318989785 ], [ 23.822289707100293, 53.248823641996765 ], [ 23.82544540423207, 53.246817086717392 ], [ 23.841661585353311, 53.236461732997981 ], [ 23.844803269700702, 53.234462657463823 ], [ 23.861022573210938, 53.224096894988897 ], [ 23.859703809712553, 53.212575777934248 ], [ 23.862841202065802, 53.210577624293194 ], [ 23.879049435099223, 53.200208319793688 ], [ 23.877726984276396, 53.188687466808538 ], [ 23.8808597171559, 53.186690418862369 ], [ 23.901492121319951, 53.185855529542678 ], [ 23.917707752111845, 53.175464663150905 ], [ 23.916376356649039, 53.163944423005887 ], [ 23.915045683633984, 53.152424145070718 ], [ 23.913715720903504, 53.140903829829433 ], [ 23.91238645601717, 53.129383477777402 ], [ 23.894030554277144, 53.120445980538534 ], [ 23.890433344170567, 53.118714097674314 ], [ 23.889110639230847, 53.107193328302706 ], [ 23.887788591123456, 53.09567252374702 ], [ 23.886467186231354, 53.08415168454782 ], [ 23.885146410636779, 53.072630811257767 ], [ 23.888361234321689, 53.070575853450599 ], [ 23.904424788995865, 53.060260621619442 ], [ 23.903100036670924, 53.048740026729348 ], [ 23.906311554132479, 53.046684964502525 ], [ 23.922362610957826, 53.036367268418395 ], [ 23.921033824115021, 53.024846955725437 ], [ 23.92424260900399, 53.022791360972541 ], [ 23.940280515253892, 53.012471639606417 ], [ 23.938947634438051, 53.000951613005626 ], [ 23.937615283951981, 52.989431556330118 ], [ 23.936283447455406, 52.977911470237466 ], [ 23.939516796665426, 52.975836622012487 ], [ 23.955504791725861, 52.965534248152331 ], [ 23.954168738625757, 52.9540144546907 ], [ 23.936011661951074, 52.945145330076976 ], [ 23.932290853087029, 52.943351042251848 ], [ 23.93096090185082, 52.931830845362079 ], [ 23.929631377331578, 52.920310622568842 ], [ 23.928302260876734, 52.908790374623429 ], [ 23.926973533403206, 52.897270102294549 ], [ 23.925645175382542, 52.885749806369006 ], [ 23.924317166825279, 52.874229487652258 ], [ 23.92298948726464, 52.862709146969109 ], [ 23.921662115739302, 52.851188785164403 ], [ 23.925071925250442, 52.848993249596376 ], [ 23.940830743254377, 52.838815135646918 ], [ 23.939498763369599, 52.827295082853119 ], [ 23.938167029121875, 52.815775011528032 ], [ 23.93683551746399, 52.804254922604834 ], [ 23.940294439037825, 52.80202322678003 ], [ 23.9559777440525, 52.791879442673938 ], [ 23.954641454937637, 52.780359671486849 ], [ 23.953305319546391, 52.768839885580924 ], [ 23.951969312388997, 52.75732008599303 ], [ 23.950633407283803, 52.745800273788284 ], [ 23.949297577330537, 52.734280450061235 ], [ 23.94796179488258, 52.722760615936949 ], [ 23.946626031518154, 52.711240772572133 ], [ 23.929031604712542, 52.702592425270943 ], [ 23.924857813514084, 52.700573497091533 ], [ 23.907338828978219, 52.691954619804541 ], [ 23.903098172374687, 52.689902029868719 ], [ 23.885656661030424, 52.681313686178633 ], [ 23.881347036188455, 52.679226377118518 ], [ 23.863985098813313, 52.670669667710179 ], [ 23.859604330516103, 52.668546545109173 ], [ 23.842324140346882, 52.660022609176742 ], [ 23.837869978294222, 52.657862540164132 ], [ 23.820673783729543, 52.649372556872713 ], [ 23.816143899735692, 52.647174368663677 ], [ 23.799034027140653, 52.638719558667447 ], [ 23.794426012226705, 52.636482037046683 ], [ 23.793124745260393, 52.624959756565033 ], [ 23.776149810155513, 52.616561538369005 ], [ 23.771419680464483, 52.614262937150585 ], [ 23.75453748654402, 52.605903252747126 ], [ 23.734178340607961, 52.606743392240638 ], [ 23.713818241413698, 52.607580467564887 ], [ 23.693457193319912, 52.608414486090005 ], [ 23.673095200683601, 52.609245455295621 ], [ 23.652732267859488, 52.610073382767922 ], [ 23.647695148012996, 52.607618092220427 ], [ 23.631152393346511, 52.599396373073439 ], [ 23.610792913618305, 52.600218120994569 ], [ 23.605614138409724, 52.597690976373713 ], [ 23.589228036975165, 52.589535412922444 ], [ 23.568872029536649, 52.590351049069476 ], [ 23.563545015714773, 52.587748684470306 ], [ 23.547322162116551, 52.579662777436155 ], [ 23.541892824954914, 52.57700876653702 ], [ 23.525782904842572, 52.568972110435539 ], [ 23.520247900566691, 52.566264755962052 ], [ 23.504254256789093, 52.558279116665943 ], [ 23.483910565664285, 52.559082690699256 ], [ 23.478210592421327, 52.5562915651373 ], [ 23.476979367393955, 52.544764485434726 ], [ 23.46122878519343, 52.536886435315367 ], [ 23.455355505997542, 52.534008239952797 ], [ 23.439731960359929, 52.526186897286422 ], [ 23.433738405455564, 52.52324793077328 ], [ 23.418245742169148, 52.51548533176507 ], [ 23.412127927941491, 52.512483565335188 ], [ 23.396770130270014, 52.50478182022232 ], [ 23.390523930748792, 52.501715151161697 ], [ 23.389307417576635, 52.490186946712136 ], [ 23.37416256000639, 52.482582960974781 ], [ 23.367713398640081, 52.47941421589961 ], [ 23.366499417809909, 52.467885764772909 ], [ 23.351578808478674, 52.460385476159168 ], [ 23.344914968123334, 52.457108735346672 ], [ 23.343703227761477, 52.445580048164878 ], [ 23.329018863703112, 52.438189761349896 ], [ 23.322127915773251, 52.434798738632708 ], [ 23.320918107552238, 52.423269826458217 ], [ 23.319706853104446, 52.411740954455922 ], [ 23.305362152369106, 52.404510790791207 ], [ 23.298143276645721, 52.400955130170111 ], [ 23.283970353735981, 52.393805339779036 ], [ 23.276584850444635, 52.390165317933551 ], [ 23.275377912277495, 52.378635990783764 ], [ 23.261481771935557, 52.371617542847837 ], [ 23.253827184460278, 52.367841956958522 ], [ 23.25262114801523, 52.356312440761052 ], [ 23.239016963713834, 52.349433337416322 ], [ 23.231077587785698, 52.345514205866202 ], [ 23.229872072501248, 52.333984513546717 ], [ 23.216575924573785, 52.327253243183847 ], [ 23.208335122410276, 52.323182098603773 ], [ 23.207129728440197, 52.311652243562648 ], [ 23.19415865153767, 52.305077807048377 ], [ 23.185598803934717, 52.300845670083277 ], [ 23.18439311190641, 52.289315666189275 ], [ 23.192193344782147, 52.284303600336948 ], [ 23.20349955313624, 52.277063094625667 ], [ 23.202284528034024, 52.265533527577787 ], [ 23.201066863095601, 52.254004040615904 ], [ 23.199846461152053, 52.242474637124559 ], [ 23.198623222847797, 52.2309453205634 ], [ 23.206922503926727, 52.225596569892005 ], [ 23.227128784544838, 52.224924622096459 ], [ 23.247334150024667, 52.224248118237689 ], [ 23.25825947953021, 52.217232015895945 ], [ 23.266423845728312, 52.211955932176807 ], [ 23.275371526947122, 52.216612250053664 ], [ 23.287742121412961, 52.222881526450202 ], [ 23.298820556710314, 52.215758913217648 ], [ 23.306819579848607, 52.210581873130003 ], [ 23.327016054440968, 52.209888102669098 ], [ 23.347211596055928, 52.209189865250629 ], [ 23.367406201200506, 52.208487180714023 ], [ 23.378641839817298, 52.201245338748272 ], [ 23.386454502354617, 52.196171117640581 ], [ 23.397627033324834, 52.188964301332319 ], [ 23.405492027520317, 52.183849719860341 ], [ 23.4165974378529, 52.176680583167624 ], [ 23.424518773598635, 52.171522907132555 ], [ 23.433257227423308, 52.17605451996684 ], [ 23.445853858031459, 52.182416254823458 ], [ 23.457089342336747, 52.175154805369075 ], [ 23.464868321834796, 52.170082010398076 ], [ 23.47346322865933, 52.174533844088529 ], [ 23.486211871273238, 52.180965279009435 ], [ 23.50638943772843, 52.180233269896966 ], [ 23.517808228029832, 52.172840610752388 ], [ 23.504986660032564, 52.166376857856058 ], [ 23.49626557885481, 52.162091166966462 ], [ 23.494956699617578, 52.150567036777595 ], [ 23.502864888228061, 52.145396900665936 ], [ 23.513867585694463, 52.138269193471977 ], [ 23.521846981724075, 52.133045854035636 ], [ 23.542001870701299, 52.132307675052516 ], [ 23.55297662451142, 52.125188428477131 ], [ 23.560967010416935, 52.11994710109159 ], [ 23.581114769146428, 52.119200849618785 ], [ 23.601261547802903, 52.118450281083845 ], [ 23.612254623271827, 52.111305384819701 ], [ 23.610902983464744, 52.099783748291919 ], [ 23.619000295468087, 52.094454391281396 ], [ 23.629736777766265, 52.087469391910403 ], [ 23.637926824929455, 52.082072019192118 ], [ 23.648554414059415, 52.075152479343231 ], [ 23.647180815340725, 52.063631974888857 ], [ 23.655630439800849, 52.058053507131611 ], [ 23.66597284484385, 52.051313030283303 ], [ 23.664585425688919, 52.03979320331932 ], [ 23.663193284762261, 52.028273550675031 ], [ 23.661796271317009, 52.016754078184803 ], [ 23.670883216096165, 52.010738092210808 ], [ 23.680542289422736, 52.004434219040931 ], [ 23.679130169808545, 51.992915480779665 ], [ 23.677712701904383, 51.981396942094811 ], [ 23.676289727908635, 51.969878609103361 ], [ 23.666089143910586, 51.964734075758003 ], [ 23.654732727869717, 51.959159626299602 ], [ 23.644839683568794, 51.954165905539696 ], [ 23.633177082527034, 51.948436776541527 ], [ 23.643535281225734, 51.941564938777532 ], [ 23.651867771177553, 51.936123316342481 ], [ 23.642481952978596, 51.931382654470582 ], [ 23.630309969118134, 51.925400190748917 ], [ 23.621255436804876, 51.92082292916821 ], [ 23.60875300526817, 51.914673215761702 ], [ 23.619864210658061, 51.907297707318705 ], [ 23.627417846745658, 51.902364533504254 ], [ 23.625962028829669, 51.890847067514571 ], [ 23.624499509915278, 51.879329850753294 ], [ 23.616579407326665, 51.875321049062904 ], [ 23.602936135954025, 51.868602385417319 ], [ 23.615062961400877, 51.860538698902509 ], [ 23.621553802220784, 51.856296186404542 ], [ 23.614248739080335, 51.852596375448734 ], [ 23.599986555742166, 51.845568493304157 ], [ 23.598501018422958, 51.834051945322521 ], [ 23.61146561467995, 51.82542059225073 ], [ 23.61708157817111, 51.821747687801171 ], [ 23.630276566060186, 51.812952254393167 ], [ 23.635640999373344, 51.809441152831432 ], [ 23.634122564390537, 51.797926211782539 ], [ 23.632596419440826, 51.7864115592727 ], [ 23.627276181566415, 51.783713412403159 ], [ 23.611013650358355, 51.775686931329957 ], [ 23.606130835033518, 51.773208505326018 ], [ 23.589430567514334, 51.764958480956309 ], [ 23.584995858859251, 51.762705582219816 ], [ 23.565014724105293, 51.763522165813455 ], [ 23.547798859903658, 51.755005207076415 ], [ 23.54389426564882, 51.75301884461021 ], [ 23.526216862284674, 51.744265407717357 ], [ 23.524678962098751, 51.73275019947485 ], [ 23.540780083793557, 51.722023215895739 ], [ 23.543168818602737, 51.720460780123339 ], [ 23.541610041227695, 51.708946534211712 ], [ 23.540043619499631, 51.69743256666731 ], [ 23.538469631074769, 51.685918874226189 ], [ 23.536888179397792, 51.674405452627383 ], [ 23.535299395379617, 51.662892296549423 ], [ 23.5337034390671, 51.651379399547167 ], [ 23.533703071819616, 51.651376746142681 ], [ 23.533671418129526, 51.651380638219493 ], [ 23.513927954280913, 51.653775812525524 ], [ 23.494160213504632, 51.656269135409595 ], [ 23.474399967763599, 51.658859150779193 ], [ 23.454647331740134, 51.661548299544876 ], [ 23.434902423643244, 51.664339100326785 ], [ 23.415165365258627, 51.667234151594386 ], [ 23.413012149712596, 51.667559847677161 ], [ 23.395431317563684, 51.670184940394947 ], [ 23.375704571935575, 51.673236664771565 ], [ 23.355985865632327, 51.676398348774036 ], [ 23.336275332666467, 51.679672872203454 ], [ 23.319058369451817, 51.682632666501313 ], [ 23.316572317825852, 51.683054881104432 ], [ 23.296872086086722, 51.686495909764687 ], [ 23.277180256057115, 51.690056272538385 ], [ 23.257496973632914, 51.693739150692821 ], [ 23.240198220889727, 51.697084386617107 ], [ 23.237821550138818, 51.697538863076019 ], [ 23.218148704455036, 51.701400323948974 ], [ 23.198484670316102, 51.70539161837204 ], [ 23.178829605075233, 51.709516249975216 ], [ 23.171363495231251, 51.711126151516801 ], [ 23.15917899394179, 51.713726938416059 ], [ 23.139534630380002, 51.718044499799092 ], [ 23.119899531627102, 51.722503576507641 ], [ 23.10974408348952, 51.724874300028581 ], [ 23.100270035606989, 51.727065749596825 ], [ 23.080645865123966, 51.731729407815635 ], [ 23.061031276511777, 51.73654340286204 ], [ 23.053661184973794, 51.738398356857054 ], [ 23.041421267301448, 51.741453896489965 ], [ 23.021817898120592, 51.746485443299832 ], [ 23.002224445374821, 51.75167679522184 ], [ 23.001970708274644, 51.751745387773646 ], [ 22.982632583172073, 51.756935759574837 ], [ 22.963050692786034, 51.762358905446739 ], [ 22.953938428727444, 51.764946013941469 ], [ 22.943474376707663, 51.767898230431634 ], [ 22.923904257795996, 51.773562608365765 ], [ 22.908909593055537, 51.778026595512713 ], [ 22.904342493395795, 51.779378835300314 ], [ 22.884784374374796, 51.785294407034819 ], [ 22.866464408510129, 51.791004465940333 ], [ 22.865236294045218, 51.791385483561704 ], [ 22.845690415040039, 51.797562675046578 ], [ 22.826260612727928, 51.803893623844452 ], [ 22.826155261073328, 51.803927820957824 ], [ 22.806621865358569, 51.810377447509374 ], [ 22.788017667783148, 51.81670545719696 ], [ 22.787098972383276, 51.817017005160324 ], [ 22.767578296646946, 51.823750177632689 ], [ 22.75150469430131, 51.829449287398035 ], [ 22.748067073074775, 51.830665441536006 ], [ 22.728559336285624, 51.837693449546848 ], [ 22.716531160628652, 51.84213278308178 ], [ 22.709059244396457, 51.844886469223923 ], [ 22.689564635041268, 51.852220636995419 ], [ 22.682939628197442, 51.854762278345845 ], [ 22.670075169331728, 51.859693986667892 ], [ 22.650600040895313, 51.867343020222918 ], [ 22.65059382781822, 51.867345460031736 ], [ 22.631114494223503, 51.875102005041526 ], [ 22.619385163712248, 51.879879979804052 ], [ 22.6116427910388, 51.883035362797557 ], [ 22.59217678587672, 51.891124117507275 ], [ 22.58920751104797, 51.892376741543707 ], [ 22.572714211633219, 51.899342196409656 ], [ 22.559964890321254, 51.904837214409859 ], [ 22.553258279404794, 51.907732318946998 ], [ 22.533807464044163, 51.916277841048249 ], [ 22.531592638658697, 51.91726405217571 ], [ 22.514359594689651, 51.924953512678329 ], [ 22.503998400627236, 51.929660649719075 ], [ 22.494917395051509, 51.933796477363614 ], [ 22.477148168679953, 51.942028571418028 ], [ 22.475480398462707, 51.942803433004812 ], [ 22.456045779429441, 51.951940361572888 ], [ 22.45094865460289, 51.954371074660067 ], [ 22.436615005804143, 51.961228598281998 ], [ 22.425367316084781, 51.966689551133264 ], [ 22.417188376646372, 51.970674589091026 ], [ 22.400364719618878, 51.978985552586785 ], [ 22.397765401243891, 51.980274493389246 ], [ 22.378344446649756, 51.990009227332685 ], [ 22.375871535349489, 51.991261445341124 ], [ 22.358925176075196, 51.999876591892786 ], [ 22.351842344407583, 52.003518848416327 ], [ 22.339508241161603, 52.009887605347302 ], [ 22.328257290314554, 52.015758614108499 ], [ 22.320093062530454, 52.020036920765442 ], [ 22.305076354194654, 52.027982139372298 ], [ 22.300679035359423, 52.030318730021897 ], [ 22.282261139924181, 52.040190739241027 ], [ 22.281265525398116, 52.040726696818879 ], [ 22.261850917085084, 52.05124088382496 ], [ 22.259749304015148, 52.052386357759445 ], [ 22.242435140066856, 52.06186222524736 ], [ 22.237519048870091, 52.064569772744434 ], [ 22.223017888591084, 52.072588413260732 ], [ 22.215546974794734, 52.076741786790457 ], [ 22.203598361759376, 52.083410181967707 ], [ 22.193798683366218, 52.088903481107124 ], [ 22.184175718500097, 52.094317492709315 ], [ 22.172240139196578, 52.101055899775226 ], [ 22.164749077523169, 52.105299511078506 ], [ 22.150837441575938, 52.113200056811685 ], [ 22.145317518329186, 52.116344597989482 ], [ 22.12955659273867, 52.125336942965298 ], [ 22.125880083367448, 52.127440316707769 ], [ 22.108363260056827, 52.137467532317203 ], [ 22.106435781418913, 52.138573457568349 ], [ 22.087222529331211, 52.149592788756728 ], [ 22.086983592254978, 52.149730081830349 ], [ 22.067521808596929, 52.160885936841062 ], [ 22.066073602286657, 52.161714323930198 ], [ 22.048049914195115, 52.172033601004351 ], [ 22.044898502210831, 52.17383259885203 ], [ 22.028566936160882, 52.18315875782239 ], [ 22.023662279119481, 52.185948496738654 ], [ 22.009071792318078, 52.194245125005317 ], [ 22.002324068710116, 52.198063025734186 ], [ 21.989563412701933, 52.205276201559585 ], [ 21.980840801289933, 52.210177219452497 ], [ 21.970040750780854, 52.216235427363692 ], [ 21.959166808363239, 52.222292144381179 ], [ 21.950502795209015, 52.22710635653111 ], [ 21.937253387666804, 52.23440890766939 ], [ 21.930948581820711, 52.237872840830917 ], [ 21.915048319433957, 52.246528665373042 ], [ 21.911377205546991, 52.24851921879619 ], [ 21.892495325561864, 52.258652631231357 ], [ 21.891787831915895, 52.259030505644986 ], [ 21.872178457843805, 52.26937325339356 ], [ 21.869471408058121, 52.270783595235471 ], [ 21.852549142475208, 52.279545224125364 ], [ 21.845940837743481, 52.282922140493852 ], [ 21.832899640975931, 52.289539346550477 ], [ 21.821844512553092, 52.295069373945843 ], [ 21.813229480390888, 52.299344751297809 ], [ 21.797099753279245, 52.30722690482753 ], [ 21.793538300597397, 52.308952054701351 ], [ 21.773824861453924, 52.318337539727587 ], [ 21.771556503464641, 52.319397844321216 ], [ 21.754088130968881, 52.327480173771093 ], [ 21.745049713909872, 52.331585506373692 ], [ 21.734329721298138, 52.336401165643139 ], [ 21.717554344297731, 52.343789811615679 ], [ 21.71454973056581, 52.345097593265642 ], [ 21.694745947568673, 52.353528490522841 ], [ 21.688768845390406, 52.356016928945721 ], [ 21.674919528863079, 52.361707433924821 ], [ 21.658579810150005, 52.368268458652949 ], [ 21.655072177443703, 52.369657474740087 ], [ 21.635201212281839, 52.377328714820891 ], [ 21.626638121128874, 52.380551078342101 ], [ 21.615308735782971, 52.384750665177599 ], [ 21.595395888067959, 52.391937294333914 ], [ 21.592743720318911, 52.39286774447131 ], [ 21.575459808372305, 52.398834296398235 ], [ 21.556400636883385, 52.405227494453754 ], [ 21.55550556098401, 52.405522761102333 ], [ 21.535528266757055, 52.411912953147535 ], [ 21.517060654390043, 52.417639729595138 ], [ 21.515534009624382, 52.418104876281326 ], [ 21.495517916953876, 52.424007715805779 ], [ 21.475485963556114, 52.429721279279363 ], [ 21.47405621123686, 52.430115411482205 ], [ 21.455433307819074, 52.435154046289405 ], [ 21.435365170093313, 52.440393915564634 ], [ 21.426317887364725, 52.442672469986078 ], [ 21.415279532681151, 52.445399363174573 ], [ 21.395177436535572, 52.450183838566957 ], [ 21.375061511549287, 52.454790739890292 ], [ 21.372616215211369, 52.45532981624217 ], [ 21.354928366610423, 52.459152117561295 ], [ 21.334781858115086, 52.463334624791855 ], [ 21.314622927228573, 52.467351637914412 ], [ 21.310579340912394, 52.468125654411431 ], [ 21.294449078585693, 52.47115094040322 ], [ 21.274263111699199, 52.474781131562089 ], [ 21.254066195225246, 52.478260619740212 ], [ 21.236789197833058, 52.48111150455442 ], [ 21.233858322247528, 52.481585264592439 ], [ 21.213637915632049, 52.484719503854151 ], [ 21.193408031421175, 52.487719565247552 ], [ 21.173169098695478, 52.490590469693245 ], [ 21.152921542745695, 52.493337342012175 ], [ 21.14489239857663, 52.494380665188359 ], [ 21.132664420018944, 52.495937214720122 ], [ 21.112398744343867, 52.498407065518734 ], [ 21.092125821144219, 52.500770658941398 ], [ 21.071846044786945, 52.503033307759999 ], [ 21.051559801059877, 52.505200345655467 ], [ 21.031267466532913, 52.507277114925792 ], [ 21.022938130507864, 52.508095763769326 ], [ 21.010968489793402, 52.509248845898007 ], [ 20.990663597995074, 52.51112845259361 ], [ 20.970353776891876, 52.512935154896837 ], [ 20.950039355468665, 52.51467413626559 ], [ 20.929720651417249, 52.516350537922399 ], [ 20.909397970920555, 52.517969451981024 ], [ 20.889071608488816, 52.51953591531116 ], [ 20.868741846843747, 52.52105490410613 ], [ 20.84865200833487, 52.522513725023948 ], [ 20.848408944872777, 52.522531043930321 ], [ 20.828072222511796, 52.523946553929811 ], [ 20.807732924447095, 52.525329724065614 ], [ 20.787391281489764, 52.526685157929457 ], [ 20.767047512874914, 52.528017381535726 ], [ 20.746701826367989, 52.529330841646548 ], [ 20.726354418393861, 52.530629904540845 ], [ 20.706005474186281, 52.531918855202115 ], [ 20.685655167954696, 52.53320189688381 ], [ 20.665303663065725, 52.534483151016254 ], [ 20.644951112237749, 52.535766657442153 ], [ 20.62459765774484, 52.537056374912034 ], [ 20.61839859925454, 52.537452684696689 ], [ 20.604242906821511, 52.53834178726683 ], [ 20.583887281540608, 52.539634475472951 ], [ 20.563531125179249, 52.540944404366492 ], [ 20.543174538543187, 52.542275150089331 ], [ 20.522817613287334, 52.543630215169429 ], [ 20.502460432138719, 52.545013030102254 ], [ 20.482103069117922, 52.54642695501267 ], [ 20.461745589757928, 52.547875281375141 ], [ 20.441388051319418, 52.549361233769226 ], [ 20.4210305030015, 52.550887971644201 ], [ 20.410837885498903, 52.551674336730805 ], [ 20.400672570254741, 52.552445531827352 ], [ 20.380314275442384, 52.554036012213231 ], [ 20.359956067710073, 52.555675437149432 ], [ 20.339597965810928, 52.557366673409476 ], [ 20.319239981533674, 52.559112532310941 ], [ 20.298882119870477, 52.560915771097193 ], [ 20.278524379177476, 52.562779094204721 ], [ 20.25816675132787, 52.564705154395739 ], [ 20.25523172451247, 52.564991833969174 ], [ 20.237808402943394, 52.56666746979851 ], [ 20.217449989615481, 52.568691557022539 ], [ 20.197091625324703, 52.57078477488308 ], [ 20.176733278118192, 52.572949539327468 ], [ 20.156374910308234, 52.575188218608503 ], [ 20.136016478578131, 52.577503133207408 ], [ 20.133623004829445, 52.577783738175839 ], [ 20.115657015780567, 52.579860387249902 ], [ 20.09529726463359, 52.58229216836326 ], [ 20.074937290953997, 52.584805426893411 ], [ 20.054577031072256, 52.587402254872273 ], [ 20.034216416208054, 52.590084692804076 ], [ 20.032844437187613, 52.590270589418509 ], [ 20.013854357485567, 52.592810754046567 ], [ 19.99349172630604, 52.595621682682911 ], [ 19.973128515017965, 52.598522491927426 ], [ 19.952764636636338, 52.601514967606882 ], [ 19.945828400024194, 52.602562336948623 ], [ 19.932399270572738, 52.604566510303464 ], [ 19.912032682303771, 52.607693901701445 ], [ 19.891665155660988, 52.610916354972822 ], [ 19.871296586943799, 52.614235352942543 ], [ 19.86839103886004, 52.614720132797693 ], [ 19.850925923294433, 52.617603573773152 ], [ 19.830553859827354, 52.621061425742511 ], [ 19.810180441843684, 52.624618175165693 ], [ 19.798105217034422, 52.626779187209692 ], [ 19.789805109324423, 52.62825042339562 ], [ 19.769427554247901, 52.631946675672346 ], [ 19.749048306130213, 52.635743233203819 ], [ 19.733230069659459, 52.638763049918801 ], [ 19.728667001045146, 52.63962667705384 ], [ 19.708282942706113, 52.643561483979944 ], [ 19.687896830286142, 52.647596873548061 ], [ 19.672632755729804, 52.650687070765215 ], [ 19.667508273909423, 52.651716543185501 ], [ 19.647116654802918, 52.655886651504161 ], [ 19.626722602510505, 52.660156256302159 ], [ 19.615444237791404, 52.662562349370262 ], [ 19.606325549408162, 52.664494487731069 ], [ 19.585925280071617, 52.668892536128858 ], [ 19.565522186152005, 52.673387347879498 ], [ 19.561000747495946, 52.674396980775917 ], [ 19.545115435817689, 52.677923100139232 ], [ 19.524705412947938, 52.682536774151842 ], [ 19.508792777052914, 52.686196949479687 ], [ 19.504291987657218, 52.68722672143889 ], [ 19.48387458253152, 52.69195054645337 ], [ 19.46345371279196, 52.696761590312214 ], [ 19.458385906537529, 52.697966901423797 ], [ 19.443028677638971, 52.701602906504107 ], [ 19.422599752328754, 52.706507627056418 ], [ 19.409416682218367, 52.709710399697045 ], [ 19.402166744961217, 52.711464793524698 ], [ 19.381729361283547, 52.716449395406485 ], [ 19.36158528195417, 52.721430149113296 ], [ 19.361287907266515, 52.72150342693751 ], [ 19.340841697163576, 52.726551744491367 ], [ 19.320391226709351, 52.731661260511629 ], [ 19.314534075543165, 52.733128483577801 ], [ 19.299936017439702, 52.736775158767877 ], [ 19.279476222664613, 52.741918808382252 ], [ 19.268026187668116, 52.744806874462185 ], [ 19.25901169782183, 52.747075343448103 ], [ 19.23854234090102, 52.752229922986785 ], [ 19.221780027808631, 52.756466494468476 ], [ 19.218068253092873, 52.757402837178788 ], [ 19.197589170196512, 52.762542040286057 ], [ 19.177105338253465, 52.76769721092996 ], [ 19.175456568040051, 52.768108158006449 ], [ 19.156616475639531, 52.772796937003591 ], [ 19.136122809913328, 52.777890082347895 ], [ 19.128636750113454, 52.779732235785644 ], [ 19.115624225195887, 52.782930509752191 ], [ 19.09512081161694, 52.787926801713787 ], [ 19.080978747276539, 52.791338380126014 ], [ 19.074612617816687, 52.792872669835951 ], [ 19.054099669656061, 52.797733879359505 ], [ 19.033582108637425, 52.802542579327458 ], [ 19.031906519139639, 52.802925743735159 ], [ 19.013059986217431, 52.807231973838803 ], [ 18.992533461779487, 52.811840274338302 ], [ 18.980425949155606, 52.81449241928955 ], [ 18.9720026674986, 52.816336229196779 ], [ 18.951467784331168, 52.82069781156973 ], [ 18.930928970445631, 52.824943676788564 ], [ 18.925438394878178, 52.826034595721751 ], [ 18.910386492298262, 52.829022830396227 ], [ 18.88984055808363, 52.832945438068833 ], [ 18.869291393456095, 52.836709522664677 ], [ 18.864470812241187, 52.837544611327665 ], [ 18.848739388512605, 52.840266910121791 ], [ 18.828184798242891, 52.843626774231005 ], [ 18.807627927381368, 52.846783157505385 ], [ 18.792044366631938, 52.849003796444897 ], [ 18.787069182279385, 52.849711676052856 ], [ 18.766509051038192, 52.852381341265392 ], [ 18.74594784155402, 52.854802098636874 ], [ 18.725386006114096, 52.856958061574822 ], [ 18.704824026128357, 52.858833501226705 ], [ 18.685296992975001, 52.860332815990041 ], [ 18.684262417841872, 52.860412004307349 ], [ 18.663701819860208, 52.861665356835431 ], [ 18.643142668397779, 52.862596523855707 ], [ 18.622585541021692, 52.863191530946658 ], [ 18.602031035765542, 52.863437047483245 ], [ 18.581479768575765, 52.863320486889414 ], [ 18.560932370483929, 52.862830105203265 ], [ 18.540389484525072, 52.861955096691226 ], [ 18.519851762427322, 52.860685685222755 ], [ 18.508096133207541, 52.859731001308916 ], [ 18.499319950879212, 52.859005409786398 ], [ 18.478794806284323, 52.856899545722335 ], [ 18.458276877810814, 52.854372190706883 ], [ 18.437766822950866, 52.851418407637581 ], [ 18.417265289017323, 52.8480346545903 ], [ 18.415721006921991, 52.847748341115967 ], [ 18.396773468060356, 52.844178501947347 ], [ 18.37629157396109, 52.839881274118135 ], [ 18.359029704232178, 52.835891701417694 ], [ 18.355820292661114, 52.835138348341175 ], [ 18.335360872308907, 52.829908756351209 ], [ 18.314913194482465, 52.824243193298244 ], [ 18.314357847684995, 52.824077927966307 ], [ 18.294478937727398, 52.818075467812427 ], [ 18.276568072841226, 52.812289406394775 ], [ 18.274057781687034, 52.811466682400827 ], [ 18.253651303987148, 52.804360369488791 ], [ 18.243226801007236, 52.800517226896474 ], [ 18.233259582890895, 52.796791179250597 ], [ 18.212883188300346, 52.788762864833231 ], [ 18.212865168403308, 52.788755410782912 ], [ 18.192523644793365, 52.780227127619412 ], [ 18.185177095015007, 52.777004147736903 ], [ 18.172180854266355, 52.771225796878518 ], [ 18.15931378359852, 52.765259301717293 ], [ 18.151855538604995, 52.761754424834997 ], [ 18.135004117940159, 52.753520092002759 ], [ 18.131548420742924, 52.751808814204573 ], [ 18.112030685056123, 52.741785848512173 ], [ 18.111260226920553, 52.741384872451924 ], [ 18.090991817925634, 52.73047228404625 ], [ 18.090243306477365, 52.730056197703234 ], [ 18.070743793424842, 52.719073785801271 ], [ 18.069462636890734, 52.718330387802304 ], [ 18.050516774370443, 52.707190784253704 ], [ 18.049552617386762, 52.706607858986025 ], [ 18.030426037960599, 52.694888337951568 ], [ 18.030311542399673, 52.69481719807149 ], [ 18.012049325482192, 52.68317192528292 ], [ 18.010129265113616, 52.681930237658456 ], [ 17.994325397602889, 52.67145814724411 ], [ 17.989970599876795, 52.668530890475168 ], [ 17.977198027038053, 52.659746812474403 ], [ 17.969836455342303, 52.654609242968561 ], [ 17.960620262960862, 52.64803776877806 ], [ 17.949727807797135, 52.64015315996091 ], [ 17.944552928841492, 52.636330898760335 ], [ 17.929645718159851, 52.625147780367016 ], [ 17.92896341385045, 52.624626116126571 ], [ 17.91391386055955, 52.612924180150799 ], [ 17.90959303788501, 52.609507077509306 ], [ 17.899305433287207, 52.601224379259307 ], [ 17.889570162707081, 52.593248006436838 ], [ 17.885104052027483, 52.589526556683921 ], [ 17.871326913430902, 52.577831023562766 ], [ 17.869579257246528, 52.576317403050417 ], [ 17.858012627079958, 52.566138301276879 ], [ 17.849624049757306, 52.558605701033294 ], [ 17.84506294082227, 52.554447588543269 ], [ 17.832517794426824, 52.542759399723771 ], [ 17.829706454036085, 52.540078521108406 ], [ 17.82039923841721, 52.531074084165276 ], [ 17.809831066991613, 52.520604148201429 ], [ 17.80862315734996, 52.519390927202608 ], [ 17.797297759692334, 52.507711131774471 ], [ 17.790004531375622, 52.499984327135074 ], [ 17.786324710238194, 52.496033819844399 ], [ 17.775765070549284, 52.48435972227017 ], [ 17.770232953852229, 52.478051812239727 ], [ 17.765589396452185, 52.472688643661449 ], [ 17.755817342262297, 52.461020890956554 ], [ 17.750527296724904, 52.454477343834824 ], [ 17.746439030016198, 52.449356460689486 ], [ 17.737477769516303, 52.437695696596435 ], [ 17.730903249044847, 52.428785715612008 ], [ 17.728900930718208, 52.426038344008283 ], [ 17.720773987026039, 52.414385196257967 ], [ 17.713025208190487, 52.402735566675979 ], [ 17.71138765124357, 52.400145092560848 ], [ 17.705735478735306, 52.391090416577754 ], [ 17.698861880197274, 52.379449359943912 ], [ 17.692395256552356, 52.367812369476482 ], [ 17.69202692625106, 52.367105081992484 ], [ 17.686411443550359, 52.356180356487194 ], [ 17.680853829121332, 52.344552763929052 ], [ 17.675726887442995, 52.332929703599447 ], [ 17.672935440056676, 52.326019154322211 ], [ 17.67105976657577, 52.321311561039494 ], [ 17.666865079906263, 52.309698534771833 ], [ 17.663117988733013, 52.298090395648678 ], [ 17.659823844962443, 52.286487248634138 ], [ 17.656987044204993, 52.274889183276933 ], [ 17.654610983880364, 52.263296272921544 ], [ 17.654545872637861, 52.262903884075335 ], [ 17.652719779825677, 52.251708822310427 ], [ 17.651289231724714, 52.240126579983468 ], [ 17.650318752643624, 52.22854955765311 ], [ 17.649807421515941, 52.216977757800279 ], [ 17.649753210421984, 52.205411164849025 ], [ 17.650152983113102, 52.193849745194889 ], [ 17.65100250102466, 52.18229344738274 ], [ 17.652296436777807, 52.170742202432677 ], [ 17.654028395073958, 52.159195924310502 ], [ 17.656190940791028, 52.147654510536917 ], [ 17.658306323353486, 52.138225105538694 ], [ 17.658779854528671, 52.136117890931729 ], [ 17.661804977004667, 52.124586150568824 ], [ 17.665236968572732, 52.113058925193592 ], [ 17.669064588598733, 52.101536053732353 ], [ 17.673275782980607, 52.09001736328257 ], [ 17.677857746879543, 52.078502670341216 ], [ 17.680467604495671, 52.072448545647276 ], [ 17.682821155537667, 52.066992052172523 ], [ 17.688158960989011, 52.055485383324005 ], [ 17.693829412298882, 52.043982151245501 ], [ 17.69981727312005, 52.032482140764579 ], [ 17.701925780318486, 52.028656583485208 ], [ 17.706153594221359, 52.020985645463561 ], [ 17.712803073167898, 52.00949222434879 ], [ 17.719725863450101, 51.998001392126589 ], [ 17.723121150079461, 51.992603099709314 ], [ 17.726950149722093, 51.986513406015163 ], [ 17.734458092697203, 51.975028019608814 ], [ 17.742192777911754, 51.963544571388368 ], [ 17.744165357615142, 51.96072145008565 ], [ 17.750211690290218, 51.952063627453647 ], [ 17.758451311875358, 51.940584460529152 ], [ 17.765105197477897, 51.931538769391288 ], [ 17.766893285801551, 51.929106832440432 ], [ 17.775587181146545, 51.917631215741729 ], [ 17.784430136014144, 51.906156492722921 ], [ 17.785967419173495, 51.904214286170337 ], [ 17.793507037565536, 51.894683500369858 ], [ 17.802724021723829, 51.883211229912149 ], [ 17.806767326586666, 51.878275595281437 ], [ 17.81211911159231, 51.871740032505969 ], [ 17.821661450090261, 51.860269556664434 ], [ 17.827517302055739, 51.853326321543143 ], [ 17.831334188032663, 51.84879959931218 ], [ 17.841154954292723, 51.837330302074449 ], [ 17.848224357973919, 51.829149903509204 ], [ 17.851066448723909, 51.825861068231561 ], [ 17.861120902699913, 51.814392380679656 ], [ 17.868893898650708, 51.805576952290167 ], [ 17.871234175014436, 51.802923395143033 ], [ 17.88148011684207, 51.7914547989227 ], [ 17.889530144882325, 51.782472759960207 ], [ 17.891760309554485, 51.779985629635661 ], [ 17.902158351573398, 51.7685166588805 ], [ 17.910136430564805, 51.759728556053012 ], [ 17.912572882486696, 51.757046917667033 ], [ 17.923086645095527, 51.745577159562139 ], [ 17.930715413957135, 51.737255269937421 ], [ 17.933605311622156, 51.734106501932558 ], [ 17.94420155029292, 51.722635596122245 ], [ 17.951269230686712, 51.714979008798252 ], [ 17.954796589450023, 51.71116372030459 ], [ 17.965445261462488, 51.699691357355221 ], [ 17.971799606146721, 51.692837736726425 ], [ 17.976091371996674, 51.688218002708858 ], [ 17.986765652106051, 51.676743921833541 ], [ 17.992307939033338, 51.670778813308324 ], [ 17.997439985716742, 51.665268866796396 ], [ 18.008116240142947, 51.653792853034069 ], [ 18.01279536399386, 51.64875716123656 ], [ 18.018798368960191, 51.642315912743385 ], [ 18.029456096903743, 51.630837793766673 ], [ 18.033262798886817, 51.626733905620135 ], [ 18.04012796430316, 51.619358817478663 ], [ 18.050749715701716, 51.607878460181738 ], [ 18.053710980511429, 51.604675376805702 ], [ 18.061395577280805, 51.596397328598208 ], [ 18.071966854884209, 51.584914635592703 ], [ 18.074140491550395, 51.582552402301637 ], [ 18.0825732160834, 51.573431258185479 ], [ 18.093082369183801, 51.561946164308587 ], [ 18.094551780708493, 51.560339836967799 ], [ 18.10363792563993, 51.550460476715259 ], [ 18.114076042016812, 51.538972945631926 ], [ 18.114945177506339, 51.538016297249122 ], [ 18.124571628412919, 51.527484907181162 ], [ 18.134932430367396, 51.515994928142362 ], [ 18.135320902829086, 51.51556407703854 ], [ 18.145360983251514, 51.504504519552327 ], [ 18.155640732925626, 51.493012104353632 ], [ 18.155679076093591, 51.492969230649528 ], [ 18.165997272861382, 51.481519325635695 ], [ 18.176019665852742, 51.470224805134826 ], [ 18.176198857169737, 51.470024535069378 ], [ 18.18647632999301, 51.458529374394402 ], [ 18.196342689701517, 51.447320375521912 ], [ 18.196598637637504, 51.447032240437082 ], [ 18.206798512331542, 51.435534747752641 ], [ 18.216647985522012, 51.42425496364131 ], [ 18.216841717176518, 51.424035311231968 ], [ 18.226968736417419, 51.412535556900956 ], [ 18.236935285847878, 51.401033872662879 ], [ 18.246996581768979, 51.389531939102312 ], [ 18.25689939317709, 51.378028126075954 ], [ 18.25720415810779, 51.377673264265489 ], [ 18.26689647784805, 51.366524054989739 ], [ 18.276746147641898, 51.355018209814133 ], [ 18.277454210579375, 51.3541886319234 ], [ 18.286687988706721, 51.343512086337476 ], [ 18.296497624655057, 51.332004313613417 ], [ 18.29768491192846, 51.330606502652458 ], [ 18.306396213254668, 51.320496234280697 ], [ 18.31618157878756, 51.308986645358033 ], [ 18.317895648298801, 51.306962257752424 ], [ 18.326052323324486, 51.297476717950737 ], [ 18.335832038993612, 51.28596542986822 ], [ 18.338085733402629, 51.283300799083719 ], [ 18.345694267387259, 51.274453773483515 ], [ 18.355490080198283, 51.262940908024795 ], [ 18.358254423873426, 51.259676954390521 ], [ 18.365367675321171, 51.251427653345658 ], [ 18.375204809595385, 51.239913336165564 ], [ 18.378400940865152, 51.236155485903105 ], [ 18.385127009683853, 51.228398625901498 ], [ 18.395034617014126, 51.216882985663332 ], [ 18.398524498513286, 51.212810558154068 ], [ 18.405037022318201, 51.205366975112938 ], [ 18.41504875341305, 51.193850142556975 ], [ 18.418624339261907, 51.189724529938317 ], [ 18.425174593054379, 51.182333000213568 ], [ 18.435329321277791, 51.170815107046607 ], [ 18.438699775201766, 51.166985968496029 ], [ 18.44563105147137, 51.159297015119542 ], [ 18.455973787379591, 51.147778192569056 ], [ 18.458750233508727, 51.144686846073562 ], [ 18.46651511564847, 51.136259347215521 ], [ 18.477098164794118, 51.12473972402254 ], [ 18.478775302944594, 51.122918970001166 ], [ 18.487956627192315, 51.113220334959216 ], [ 18.498774767044804, 51.101770766199465 ], [ 18.498843538158088, 51.101700045091768 ], [ 18.510111324923702, 51.090180323438098 ], [ 18.518748293956559, 51.081356342642714 ], [ 18.521470115997271, 51.078659873835129 ], [ 18.533166988500458, 51.067139656520588 ], [ 18.538696437205122, 51.06172032469312 ], [ 18.545129878173345, 51.055619289618129 ], [ 18.557351410156919, 51.044098663452388 ], [ 18.558619759467433, 51.042913986498654 ], [ 18.570082136514539, 51.03257861876925 ], [ 18.578518496378194, 51.025033874303702 ], [ 18.583131773956698, 51.021058310623658 ], [ 18.596645486276767, 51.009538133273622 ], [ 18.598393999395135, 51.008066017080957 ], [ 18.610811413373533, 50.998018552558754 ], [ 18.618246902042987, 50.992080263003423 ], [ 18.625533573487786, 50.986499023741494 ], [ 18.63807882964166, 50.97703360351256 ], [ 18.640923499828428, 50.974979679400526 ], [ 18.657151667692087, 50.963460756116113 ], [ 18.657890869733254, 50.962945398167918 ], [ 18.674436479849923, 50.951942513557789 ], [ 18.677684210507252, 50.94982449001597 ], [ 18.692834107613955, 50.940424630467831 ], [ 18.697460473572466, 50.937614482619097 ], [ 18.71256938488639, 50.928907134574132 ], [ 18.717221010109199, 50.92628694615432 ], [ 18.733918026804538, 50.917389976316372 ], [ 18.736967170212441, 50.915804337156715 ], [ 18.75670024593926, 50.906127313672499 ], [ 18.757250998761339, 50.905873042623384 ], [ 18.776421279490805, 50.897254113495386 ], [ 18.783295692503742, 50.894356496209795 ], [ 18.79613169678618, 50.88909374756291 ], [ 18.812468530097505, 50.882839191852021 ], [ 18.815832639283904, 50.881587707433944 ], [ 18.835524863432759, 50.874758217819206 ], [ 18.846206591111603, 50.871320686214027 ], [ 18.855209527501703, 50.868509363201134 ], [ 18.874887415355694, 50.862824115594989 ], [ 18.886247152626723, 50.859798726218962 ], [ 18.894559354343887, 50.857652915277946 ], [ 18.914226016201116, 50.852984992011585 ], [ 18.93388817416448, 50.848724351407505 ], [ 18.936185629246026, 50.848268845434134 ], [ 18.953546279878271, 50.844935555546051 ], [ 18.973200989833042, 50.841514096067428 ], [ 18.992852773391366, 50.838427522622077 ], [ 19.004937441915054, 50.836718298391474 ], [ 19.012502055503692, 50.835682503400889 ], [ 19.032149260173028, 50.833268444158982 ], [ 19.051794735775122, 50.831122708484678 ], [ 19.07143879279085, 50.829226846899211 ], [ 19.091081711912263, 50.827563085956079 ], [ 19.110723745532781, 50.826114344150199 ], [ 19.126937688741247, 50.825081446949113 ], [ 19.130365134759096, 50.824869809451485 ], [ 19.150006138716716, 50.823829974575169 ], [ 19.169646866615931, 50.822953745783231 ], [ 19.189287468399343, 50.822227164037756 ], [ 19.20892807357675, 50.821636944038559 ], [ 19.228568792566243, 50.821170457891917 ], [ 19.24820971797979, 50.8208157164743 ], [ 19.267850925849821, 50.820561348987987 ], [ 19.287492476794515, 50.820396581144308 ], [ 19.307134417120572, 50.820311212354831 ], [ 19.326776779863089, 50.820295592259477 ], [ 19.346419585762948, 50.820340596874061 ], [ 19.366062844182615, 50.820437604598276 ], [ 19.385706553961793, 50.820578472287558 ], [ 19.405350704214719, 50.820755511558602 ], [ 19.424995275071119, 50.820961465469523 ], [ 19.444640238363153, 50.821189485688905 ], [ 19.464285558260734, 50.82143311024587 ], [ 19.483931191857661, 50.821686241933278 ], [ 19.503577089711222, 50.821943127418955 ], [ 19.523223196337735, 50.822198337105803 ], [ 19.542869450666593, 50.822446745768126 ], [ 19.562515786455332, 50.822683513981907 ], [ 19.582162132668124, 50.822904070357218 ], [ 19.601808413820105, 50.823104094573736 ], [ 19.621454550289801, 50.823279501214259 ], [ 19.638217695888596, 50.823405100400812 ], [ 19.641100472247981, 50.8234274208423 ], [ 19.660746150610752, 50.823548212165548 ], [ 19.680391415537041, 50.82363250785361 ], [ 19.700036171039613, 50.823676930991198 ], [ 19.719680318089068, 50.8236782754026 ], [ 19.739323754783211, 50.823633493590528 ], [ 19.758966376497309, 50.823539685362611 ], [ 19.778608076016994, 50.823394087122026 ], [ 19.798248743655279, 50.82319406179932 ], [ 19.817888267355237, 50.822937089402053 ], [ 19.837526532779641, 50.822620758159665 ], [ 19.857163423389022, 50.822242756241231 ], [ 19.873136260685996, 50.821883640658669 ], [ 19.876798847118426, 50.82180228476544 ], [ 19.896432806714525, 50.821303565364545 ], [ 19.916065068903244, 50.820738395012611 ], [ 19.935695511830559, 50.820104832437679 ], [ 19.955324011729132, 50.819401000807552 ], [ 19.974950442950789, 50.81862508263572 ], [ 19.994574677995484, 50.817775315118702 ], [ 20.014196587537786, 50.8168499858918 ], [ 20.033816040451722, 50.815847429191258 ], [ 20.053432903835095, 50.81476602241213 ], [ 20.073047043034048, 50.813604183052291 ], [ 20.092658321668978, 50.812360366034568 ], [ 20.112266601662583, 50.81103306139903 ], [ 20.131871743271109, 50.809620792359965 ], [ 20.151473605119623, 50.808122113721723 ], [ 20.154614839787264, 50.807869182087451 ], [ 20.171072769875444, 50.8065646326828 ], [ 20.190668583106216, 50.804925475657093 ], [ 20.21026076635173, 50.803197795567499 ], [ 20.229849175325818, 50.801380288254911 ], [ 20.249433664395379, 50.799471677677666 ], [ 20.269014086657808, 50.797470716402977 ], [ 20.288590294028943, 50.795376186433217 ], [ 20.293368945271698, 50.794844754681847 ], [ 20.308163148468676, 50.793223118851593 ], [ 20.327731907490477, 50.790987858262241 ], [ 20.347296103369153, 50.788657671945373 ], [ 20.366855587477072, 50.786231490940011 ], [ 20.386410210625932, 50.783708283781962 ], [ 20.398742679030004, 50.78206003124069 ], [ 20.40596045530236, 50.781108133623668 ], [ 20.425506707650648, 50.778446857130348 ], [ 20.445047763202552, 50.775687809648986 ], [ 20.464583475206361, 50.772830150024369 ], [ 20.484113697319856, 50.769873090109975 ], [ 20.487178518693472, 50.769397057797931 ], [ 20.50364005394065, 50.766871109368147 ], [ 20.523161073341939, 50.763780569816653 ], [ 20.542676291833942, 50.760590674393065 ], [ 20.562185569909037, 50.757300892877595 ], [ 20.565039226839247, 50.756809189170767 ], [ 20.581690828592095, 50.75397184185816 ], [ 20.601190344969986, 50.7505544166508 ], [ 20.620683642636369, 50.747037947131233 ], [ 20.635632096501194, 50.744271287387605 ], [ 20.640171208774763, 50.743439836727084 ], [ 20.659654415242358, 50.7398016988272 ], [ 20.679131158161134, 50.736066051424238 ], [ 20.698601321929267, 50.732232980095915 ], [ 20.700927871497754, 50.731767835142954 ], [ 20.718067376417771, 50.728373232929563 ], [ 20.737527106850926, 50.724427790513019 ], [ 20.756980070201465, 50.720387583613544 ], [ 20.762193615211618, 50.719288597889978 ], [ 20.776428466175759, 50.716313822701345 ], [ 20.795870863825915, 50.712170105696842 ], [ 20.815306359458095, 50.707935217239616 ], [ 20.820334558652437, 50.706825804645767 ], [ 20.834737339101292, 50.703673098685279 ], [ 20.854162243060379, 50.69934501180073 ], [ 20.873580171900201, 50.694930368940575 ], [ 20.876008112685625, 50.694373557167438 ], [ 20.892994121666284, 50.690506175138715 ], [ 20.912401552468214, 50.686010215700328 ], [ 20.929733798661736, 50.681926793536235 ], [ 20.931802386766389, 50.681442691279372 ], [ 20.951199466128966, 50.676874171657452 ], [ 20.970589646619477, 50.672229577096644 ], [ 20.981940391564414, 50.669480917666682 ], [ 20.989974456273821, 50.667547187886278 ], [ 21.00935459955118, 50.66284453797094 ], [ 21.028727973022583, 50.658073348696519 ], [ 21.032936882150217, 50.657032581023955 ], [ 21.048097566624552, 50.653304221169179 ], [ 21.067461363483471, 50.648491118689485 ], [ 21.083046512919609, 50.644577592703165 ], [ 21.086819352625156, 50.643634953476337 ], [ 21.106173960786354, 50.638791122645408 ], [ 21.125522239395352, 50.633893897277026 ], [ 21.132546047121384, 50.632112028639177 ], [ 21.144866730452083, 50.629000498042245 ], [ 21.16420652555243, 50.624091000080867 ], [ 21.181631757291221, 50.619632987224627 ], [ 21.183540736192057, 50.619146600830568 ], [ 21.202872585871813, 50.614237146062734 ], [ 21.222198782720962, 50.609291850859975 ], [ 21.230633064456647, 50.607134678011725 ], [ 21.241521630596822, 50.604360054136677 ], [ 21.260840817588921, 50.599434867988791 ], [ 21.279654175419527, 50.594615161531905 ], [ 21.280154952163866, 50.594487296856883 ], [ 21.299467797943237, 50.589595079878805 ], [ 21.318775882800164, 50.584686157857476 ], [ 21.329112828511121, 50.582066049789013 ], [ 21.338081128292487, 50.579799687789986 ], [ 21.357383993798418, 50.574944289396555 ], [ 21.376682711033133, 50.570084054637775 ], [ 21.379085446431883, 50.569485213919783 ], [ 21.395980671423089, 50.565285901643321 ], [ 21.415275372302482, 50.560499396938738 ], [ 21.42999416327914, 50.556863169664645 ], [ 21.434567428566009, 50.555736163729762 ], [ 21.453858901950813, 50.551035323786252 ], [ 21.473147348849437, 50.546348724034047 ], [ 21.482109674334556, 50.544192902332931 ], [ 21.492434824976989, 50.541714985355789 ], [ 21.511721297599472, 50.537132265162334 ], [ 21.531005435562605, 50.532574524903247 ], [ 21.535767797663389, 50.531465457336331 ], [ 21.550289919953546, 50.528090883546298 ], [ 21.569573314863518, 50.523653249823532 ], [ 21.588855055859188, 50.519250274510007 ], [ 21.591451753981421, 50.518667919977496 ], [ 21.608138033116035, 50.514933591690408 ], [ 21.627420194799452, 50.510664365240004 ], [ 21.646701346754739, 50.506438079549142 ], [ 21.649744147610178, 50.505784089515473 ], [ 21.665984139648639, 50.502300843783821 ], [ 21.685266763035411, 50.498218840651177 ], [ 21.704548959345605, 50.494186377924258 ], [ 21.711337612813072, 50.492793872316469 ], [ 21.72383267254634, 50.490236185054506 ], [ 21.743117235162781, 50.486355014512498 ], [ 21.762401868861808, 50.482528082132895 ], [ 21.777036287281017, 50.479672788821141 ], [ 21.781687337605629, 50.478767264504881 ], [ 21.800975039004381, 50.475094832114664 ], [ 21.820263205626663, 50.471479296433316 ], [ 21.839551952799301, 50.467921422153616 ], [ 21.848068430171764, 50.466383759252849 ], [ 21.85884266455189, 50.464442980583776 ], [ 21.878135117177496, 50.461038699395196 ], [ 21.897428383211363, 50.457691933769738 ], [ 21.916722520671577, 50.454402486219195 ], [ 21.925838820597651, 50.452881605313245 ], [ 21.936018669789082, 50.451187636422716 ], [ 21.955316704390565, 50.448043905829373 ], [ 21.974615667291555, 50.444954659997855 ], [ 21.993915555749414, 50.441918802604739 ], [ 22.012111227458224, 50.439107035819255 ], [ 22.01321645985254, 50.4389367260546 ], [ 22.032519977956706, 50.436032399824512 ], [ 22.051824302102709, 50.433176258791001 ], [ 22.071129370209217, 50.430366434959062 ], [ 22.090435105541776, 50.427600881587765 ], [ 22.108983912218353, 50.424984903475313 ], [ 22.109741483920221, 50.424878403936113 ], [ 22.129049938130585, 50.422219927629499 ], [ 22.148358737575993, 50.419598197568035 ], [ 22.167667753702279, 50.417010613166241 ], [ 22.18697684567908, 50.414454453381644 ], [ 22.206285860970155, 50.411926888740254 ], [ 22.217671996545182, 50.410454906661954 ], [ 22.225595275543135, 50.409434404830783 ], [ 22.244905187269154, 50.406977804162779 ], [ 22.264214509549976, 50.404540645507772 ], [ 22.283523052762462, 50.402119838170719 ], [ 22.302830618905599, 50.399712242513736 ], [ 22.322137002272932, 50.397314680954146 ], [ 22.336566596838257, 50.395529894227401 ], [ 22.341442373176722, 50.394929391928457 ], [ 22.360747270568371, 50.392563771970735 ], [ 22.380050357030502, 50.390198687539069 ], [ 22.3993514067853, 50.387830965528245 ], [ 22.418650189752722, 50.385457443831434 ], [ 22.437946472168175, 50.383074979522142 ], [ 22.457240017181103, 50.380680456498489 ], [ 22.459891067835382, 50.380350492055761 ], [ 22.476531971590244, 50.378289734593167 ], [ 22.495820975976716, 50.375884266805208 ], [ 22.515106574861569, 50.373458126562618 ], [ 22.534388529275869, 50.371008425602554 ], [ 22.553666599897134, 50.368532332541974 ], [ 22.572940547492319, 50.366027077177783 ], [ 22.579617361698087, 50.365150122547568 ], [ 22.592211317622922, 50.36350562353735 ], [ 22.611478181208689, 50.36095862206421 ], [ 22.630740289111184, 50.358375346725303 ], [ 22.649997411465282, 50.35575335991917 ], [ 22.669249320362177, 50.353090299281448 ], [ 22.688495790116423, 50.350383879102147 ], [ 22.690422285308461, 50.350109176688328 ], [ 22.707738518676273, 50.347656530011335 ], [ 22.726975676775318, 50.344885220234843 ], [ 22.746206841973521, 50.342065242977725 ], [ 22.765431805105305, 50.339194679251847 ], [ 22.784650360223814, 50.336271688031815 ], [ 22.790949834677729, 50.335297562049782 ], [ 22.80386397832719, 50.33331543617637 ], [ 22.823071714278207, 50.330314643897736 ], [ 22.842272575190769, 50.32725766095421 ], [ 22.861466374521012, 50.324143000244881 ], [ 22.880652929311989, 50.32096924647314 ], [ 22.882203036867534, 50.320708563365301 ], [ 22.899834743253411, 50.317767799129086 ], [ 22.919009337370955, 50.314508936365769 ], [ 22.938176313133528, 50.311188650761551 ], [ 22.957335507509882, 50.307805842970815 ], [ 22.965636112503578, 50.306314496622861 ], [ 22.976488633838052, 50.30438190077183 ], [ 22.995635237045867, 50.300911967133928 ], [ 23.014773760858411, 50.297378211985709 ], [ 23.03390406125019, 50.293779809827868 ], [ 23.042796653427118, 50.292078426698644 ], [ 23.053027991810655, 50.290139427201851 ], [ 23.072145307155218, 50.286454757720804 ], [ 23.091254172138349, 50.282705022003753 ], [ 23.110354459937554, 50.278889621303414 ], [ 23.114884626522038, 50.27797039818094 ], [ 23.129449236116756, 50.275044809778855 ], [ 23.148536362644592, 50.271146404831022 ], [ 23.167614748888681, 50.267182634676729 ], [ 23.182845711822416, 50.263965837965294 ], [ 23.186685193995991, 50.263163454949776 ], [ 23.20575044172616, 50.259120691276294 ], [ 23.224806830487061, 50.255013308841832 ], [ 23.243854258851709, 50.250840998776717 ], [ 23.247441443919289, 50.250044167674126 ], [ 23.262896700237469, 50.246649052864846 ], [ 23.281931133789158, 50.242404053484478 ], [ 23.300956535821133, 50.238095312217631 ], [ 23.309256727299616, 50.236189319564417 ], [ 23.319975847280741, 50.233756117092184 ], [ 23.338988485958943, 50.229380436610917 ], [ 23.357992053038544, 50.22494244305701 ], [ 23.368788178766064, 50.222387063787437 ], [ 23.376988943759596, 50.220469031461938 ], [ 23.395980045647743, 50.215970270030546 ], [ 23.414962061082328, 50.211410790470161 ], [ 23.426404551102578, 50.208626866396834 ], [ 23.433937335736502, 50.206816597226251 ], [ 23.433239552536214, 50.196790316045728 ], [ 23.432994788204599, 50.196660772410652 ], [ 23.413196760432985, 50.185979501681011 ], [ 23.41258255843659, 50.18565416893226 ], [ 23.393154647486799, 50.175165284659052 ], [ 23.392180122275587, 50.174648680317375 ], [ 23.373113364073543, 50.164347658760668 ], [ 23.371787460310223, 50.163644221782818 ], [ 23.353073062490374, 50.153526617799344 ], [ 23.352269540077923, 50.141981528460967 ], [ 23.350342667366416, 50.140958141041047 ], [ 23.332230945151988, 50.131156953729231 ], [ 23.329975118392515, 50.129957894913396 ], [ 23.312193694210922, 50.120328949427275 ], [ 23.309617274040875, 50.118958386655635 ], [ 23.292157945560028, 50.109497509496293 ], [ 23.289269115219064, 50.107959526341361 ], [ 23.272123857922544, 50.098662627972338 ], [ 23.271320682965072, 50.087117146315407 ], [ 23.267891988420708, 50.085289758574767 ], [ 23.251289230925476, 50.07627869408428 ], [ 23.250484641955055, 50.064733159230535 ], [ 23.246536472717093, 50.062626620081765 ], [ 23.230456132367596, 50.053891124182059 ], [ 23.226228366002935, 50.051633606290991 ], [ 23.210429888375071, 50.043045625266863 ], [ 23.209625003224481, 50.031499900195399 ], [ 23.204909507153957, 50.028979214841677 ], [ 23.189602244130665, 50.020650798214433 ], [ 23.188796301194376, 50.009105003771495 ], [ 23.183612062344267, 50.006330746225714 ], [ 23.168777350183248, 49.998252286715612 ], [ 23.16334367345851, 49.995342231959498 ], [ 23.148761276564194, 49.98739608472652 ], [ 23.147955680218427, 49.97585007243682 ], [ 23.142082561940331, 49.972701267209928 ], [ 23.127943966512852, 49.964990236035469 ], [ 23.12183864640852, 49.961714336673822 ], [ 23.107935509718871, 49.954126902494963 ], [ 23.107130687598602, 49.942580654920484 ], [ 23.100613670307485, 49.939080076319001 ], [ 23.087127138129095, 49.931713668590113 ], [ 23.086321924174481, 49.920167323628839 ], [ 23.079409792508372, 49.916450505570921 ], [ 23.066323604271286, 49.909296673710053 ], [ 23.059205071500323, 49.905465833923117 ], [ 23.046329127632344, 49.898422508902684 ], [ 23.04552538983728, 49.886875900810359 ], [ 23.038037017379207, 49.882841691409034 ], [ 23.025536673706277, 49.875998055862475 ], [ 23.017856457152583, 49.871857218871888 ], [ 23.00555215357517, 49.865116686261587 ], [ 23.004750328808786, 49.853569798519636 ], [ 22.99672403939503, 49.849237721779907 ], [ 22.984772083932601, 49.842684733557881 ], [ 22.976567527230646, 49.838252939381618 ], [ 22.964798373954963, 49.831796135209089 ], [ 22.963998892383771, 49.820248952015575 ], [ 22.963197833358947, 49.808701808967037 ], [ 22.954521526659658, 49.804008836531985 ], [ 22.943233033951234, 49.797809327050999 ], [ 22.934394286634475, 49.79302471978027 ], [ 22.923273154699565, 49.786913302258576 ], [ 22.914276303952203, 49.782039270417272 ], [ 22.903318320444662, 49.776013732072883 ], [ 22.902522416623182, 49.764466095067682 ], [ 22.901725091511292, 49.752918491703021 ], [ 22.892303529243456, 49.747807471838513 ], [ 22.88178016792304, 49.742015010105938 ], [ 22.872214605582617, 49.736821789719073 ], [ 22.861840644606186, 49.731107975554281 ], [ 22.861046826422882, 49.719560035246559 ], [ 22.85121446621358, 49.7142162689236 ], [ 22.841115352204657, 49.708649258885345 ], [ 22.831149187044261, 49.703228515820811 ], [ 22.821189557622571, 49.697734924708705 ], [ 22.811093069886081, 49.692238985406064 ], [ 22.801269550644239, 49.686817031265711 ], [ 22.791046102757324, 49.681247615318249 ], [ 22.78135543680186, 49.675895577260519 ], [ 22.780570897299757, 49.664346904583418 ], [ 22.779785209270425, 49.652798254402065 ], [ 22.769211421895939, 49.647030242326913 ], [ 22.759882662697969, 49.641872851003392 ], [ 22.749193151865722, 49.636037144925311 ], [ 22.739986306094387, 49.630943882948301 ], [ 22.739205203231602, 49.619394861901213 ], [ 22.728296947587914, 49.613433413764518 ], [ 22.719318054605768, 49.608462130864083 ], [ 22.718538862727918, 49.596912929319451 ], [ 22.707420848362716, 49.590830402073536 ], [ 22.698661130333026, 49.585976431935535 ], [ 22.697883972411518, 49.574427045957748 ], [ 22.686564798725136, 49.568227906440399 ], [ 22.678015856087072, 49.563486779304583 ], [ 22.677240850929351, 49.551937205160776 ], [ 22.665728744250135, 49.545625730666586 ], [ 22.657382542200203, 49.540993166746937 ], [ 22.645776469066714, 49.534625214852909 ], [ 22.637531029993564, 49.530045559322552 ], [ 22.64506547512033, 49.525076957293955 ], [ 22.655836223456379, 49.517893645930869 ], [ 22.655061819033435, 49.506343901175271 ], [ 22.662425667082083, 49.501483841438045 ], [ 22.681495535589189, 49.500877137180019 ], [ 22.69241870791847, 49.493581711636885 ], [ 22.699697060272431, 49.488772959749774 ], [ 22.710695945628512, 49.481421700586424 ], [ 22.70990699986157, 49.469872641467745 ], [ 22.709117285904409, 49.458323591330945 ], [ 22.708326822522213, 49.446774549548259 ], [ 22.707535628261148, 49.435225515499269 ], [ 22.71440801869495, 49.430678638892104 ], [ 22.725784223875866, 49.423063738849663 ], [ 22.724987527117722, 49.411514942396991 ], [ 22.731702823543237, 49.407068323911609 ], [ 22.743221962806125, 49.399350718575072 ], [ 22.74241980827415, 49.387802160105046 ], [ 22.741616998767611, 49.376253607179684 ], [ 22.740813551821208, 49.364705059206536 ], [ 22.740009484769917, 49.353156515599942 ], [ 22.739204814750007, 49.341607975781059 ], [ 22.745480579355682, 49.337445676633777 ], [ 22.757406112874623, 49.32944224247224 ], [ 22.756596139846604, 49.317893937946991 ], [ 22.755785607909431, 49.306345635880056 ], [ 22.754974533566045, 49.294797335711337 ], [ 22.754162933126146, 49.283249036887263 ], [ 22.753350822706629, 49.271700738860901 ], [ 22.752538218232221, 49.26015244109184 ], [ 22.751725135435979, 49.248604143046215 ], [ 22.738181963763729, 49.241144189901746 ], [ 22.719213763106954, 49.241761135243536 ], [ 22.712964661039237, 49.238283432181532 ], [ 22.71215905277705, 49.226734668942932 ], [ 22.717802539524154, 49.222985829858928 ], [ 22.736764195792915, 49.222377392730209 ], [ 22.749283171583112, 49.213959242008954 ], [ 22.735557770830706, 49.206392658682404 ], [ 22.729507713072195, 49.203025591761325 ], [ 22.728696674986725, 49.1914770515207 ], [ 22.734159223072503, 49.18784454588063 ], [ 22.75310712561598, 49.187234160261013 ], [ 22.765789112997151, 49.178697024103329 ], [ 22.75188005738724, 49.1710266607816 ], [ 22.746021444430973, 49.167766005501598 ], [ 22.745205078633028, 49.156217686801803 ], [ 22.750493659404892, 49.15269708685674 ], [ 22.769427827686091, 49.152084706763034 ], [ 22.775197965300343, 49.155239621695628 ], [ 22.789240721108982, 49.162981515871522 ], [ 22.802033067409923, 49.15435789542483 ], [ 22.801203680311176, 49.142810281689869 ], [ 22.806411029948499, 49.139338309948343 ], [ 22.819306997140231, 49.130637003581555 ], [ 22.824451862238348, 49.127204391884653 ], [ 22.837400908079438, 49.11846110054546 ], [ 22.842483856566869, 49.115067511690093 ], [ 22.855485399813439, 49.106282577176657 ], [ 22.860507017934196, 49.102927661719228 ], [ 22.87941986674236, 49.102298214562374 ], [ 22.892478268248066, 49.093464114932175 ], [ 22.891626079880538, 49.081917687617448 ], [ 22.877210770694294, 49.073978124491468 ], [ 22.871864285940092, 49.071008087102967 ], [ 22.871015781170712, 49.059461402238817 ], [ 22.870167016339497, 49.047914710467396 ], [ 22.874932608874843, 49.044725894965723 ], [ 22.88821455629455, 49.035731916372221 ], [ 22.887361051406746, 49.024185455650141 ], [ 22.886507323649401, 49.012638986822331 ], [ 22.871808159322178, 49.004529690063777 ], [ 22.852933082727265, 49.005168447875597 ], [ 22.839572083734879, 49.014212673481623 ], [ 22.834947525955076, 49.017378138392445 ], [ 22.816066765802383, 49.018010915445799 ] ] ], [ [ [ 18.784007225479094, 54.618009689801731 ], [ 18.777922856124132, 54.621282598981267 ], [ 18.762533478107162, 54.629529992931374 ], [ 18.762455725241868, 54.641090327911641 ], [ 18.756356565413761, 54.644365673684867 ], [ 18.740960717218762, 54.652606738217358 ], [ 18.734841066768535, 54.655888517403554 ], [ 18.719450595380884, 54.664119290490881 ], [ 18.719360620508375, 54.675679516250284 ], [ 18.713232001652727, 54.678960534166407 ], [ 18.697829092364927, 54.687188157716925 ], [ 18.71311544740022, 54.69549034271791 ], [ 18.728518420611127, 54.687260787799694 ], [ 18.73465797484689, 54.683984924532083 ], [ 18.750063221532749, 54.675746730991527 ], [ 18.756188311133371, 54.672477256069101 ], [ 18.771598825765949, 54.664228816822465 ], [ 18.777706466775097, 54.660967325116722 ], [ 18.793125206971212, 54.652707048496659 ], [ 18.799212452289954, 54.649455110733598 ], [ 18.814642322668117, 54.641181429215017 ], [ 18.814684898966096, 54.629621019881654 ], [ 18.820757144346558, 54.626374835862187 ], [ 18.836186659960763, 54.618091519367091 ], [ 18.83622286763535, 54.606531053894869 ], [ 18.820880863420264, 54.598209640440921 ], [ 18.805466010973738, 54.606485543297119 ], [ 18.799407929387666, 54.609748805427202 ], [ 18.784007225479094, 54.618009689801731 ] ] ], [ [ [ 18.633258327497927, 54.710130789443092 ], [ 18.648514701918881, 54.718427290574631 ], [ 18.663913838204877, 54.710219651425177 ], [ 18.6700876822803, 54.706928631309616 ], [ 18.685480139788847, 54.698717141466766 ], [ 18.670221569416903, 54.690424170559709 ], [ 18.654829185243585, 54.698633734147471 ], [ 18.648657385621124, 54.70192507684262 ], [ 18.633258327497927, 54.710130789443092 ] ] ], [ [ [ 18.584010069090006, 54.724841016684458 ], [ 18.568588807489924, 54.733038699941879 ], [ 18.583840983450141, 54.741343556503899 ], [ 18.599262337725229, 54.733143945003569 ], [ 18.584010069090006, 54.724841016684458 ] ] ], [ [ [ 18.454497496240837, 54.770529783466714 ], [ 18.438958923737747, 54.778749868735595 ], [ 18.454274333935039, 54.787110650678649 ], [ 18.469813029458216, 54.778888615572747 ], [ 18.454497496240837, 54.770529783466714 ] ] ] ] } }
]
}
