{
"type": "FeatureCollection",
"name": "zasieg_SO_cykl_2_epsg4326",
"crs": { "type": "name", "properties": { "name": "urn:ogc:def:crs:OGC:1.3:CRS84" } },
"features": [
{ "type": "Feature", "properties": { "gatunek": "SO", "cykl": 2, "pokrycie": 0.95, "prog_kde": 1.7288334213465573e-12 }, "geometry": { "type": "MultiPolygon", "coordinates": [ [ [ [ 22.819323193894615, 49.797030905929553 ], [ 22.800428198320343, 49.801336126518891 ], [ 22.793974247235084, 49.802799284333474 ], [ 22.78152309244205, 49.805553695537832 ], [ 22.762611082670443, 49.809723647880901 ], [ 22.743695698011003, 49.813890980188503 ], [ 22.732371972518379, 49.816376468598676 ], [ 22.7247729486959, 49.818003768133295 ], [ 22.705840828533884, 49.822034986352726 ], [ 22.686905195749304, 49.826060398117555 ], [ 22.668354462960185, 49.829997022341132 ], [ 22.667965864307256, 49.830077475271096 ], [ 22.649013913224984, 49.83396770721987 ], [ 22.630058372014034, 49.837849623013653 ], [ 22.611099256751395, 49.841723325939434 ], [ 22.601523709313049, 49.843669302972351 ], [ 22.592132282237642, 49.845530951617846 ], [ 22.573157372315489, 49.849270455799022 ], [ 22.554178889471512, 49.853000195684423 ], [ 22.535196864233541, 49.856720450490947 ], [ 22.531741863576428, 49.857392622002081 ], [ 22.516204763495807, 49.860341177462395 ], [ 22.497207714167498, 49.863931735827052 ], [ 22.478207208582912, 49.867512413233776 ], [ 22.459203295963093, 49.871083753131742 ], [ 22.45874308936073, 49.871169562757323 ], [ 22.44018883350072, 49.874545193593107 ], [ 22.42117089050107, 49.877994886711981 ], [ 22.402149710488125, 49.881436114862097 ], [ 22.383125363120694, 49.884869747773983 ], [ 22.38241346774986, 49.884997346143756 ], [ 22.364091421697825, 49.888203312474772 ], [ 22.345054221906803, 49.891526708478828 ], [ 22.326014100798222, 49.894844676513728 ], [ 22.306971147869806, 49.898158446386788 ], [ 22.30288833334189, 49.898865506196749 ], [ 22.287920600698094, 49.901397961152384 ], [ 22.268866109022987, 49.90461591144836 ], [ 22.249809094633665, 49.907833076807243 ], [ 22.230749664394491, 49.911051055237486 ], [ 22.220646565121683, 49.91275413207326 ], [ 22.211685263845688, 49.914231452962561 ], [ 22.192615692481766, 49.917370588374339 ], [ 22.173544061569572, 49.920515093441161 ], [ 22.154470491639312, 49.923666922770295 ], [ 22.136562508577125, 49.926633763326841 ], [ 22.135394785912062, 49.926823190978219 ], [ 22.116312507295326, 49.92991524529198 ], [ 22.097228676491898, 49.933020192624681 ], [ 22.07814342343092, 49.936140320340009 ], [ 22.059056879803929, 49.939277999921892 ], [ 22.051834874470881, 49.940468829566441 ], [ 22.039966170477868, 49.942387923755476 ], [ 22.020872613150317, 49.945490638755501 ], [ 22.001778170198687, 49.948617569605119 ], [ 21.982682977607201, 49.951771388232658 ], [ 21.967981109267875, 49.954219087085846 ], [ 21.963586126902648, 49.954937831625735 ], [ 21.944485301818489, 49.958079208701236 ], [ 21.925384129777285, 49.96125486175746 ], [ 21.906282747124674, 49.964467733864836 ], [ 21.887181290260521, 49.967720845905916 ], [ 21.886421734421631, 49.967851101625655 ], [ 21.868075754867231, 49.97094768169103 ], [ 21.848970226772572, 49.974216884171319 ], [ 21.829865010322706, 49.977534499013856 ], [ 21.810760238054812, 49.980903787373677 ], [ 21.808299056643371, 49.981342095857464 ], [ 21.791652447357048, 49.984266026401883 ], [ 21.772544803557338, 49.987676111832428 ], [ 21.75343796370187, 49.991146540581099 ], [ 21.734332053186733, 49.994680784933102 ], [ 21.734323901014889, 49.994682308948754 ], [ 21.715223225553906, 49.998211939086985 ], [ 21.696115532345218, 50.001812347320119 ], [ 21.677009092193313, 50.005485622056291 ], [ 21.6648070556326, 50.007872592415296 ], [ 21.65790264288459, 50.009210457688035 ], [ 21.638795204588849, 50.012970095663128 ], [ 21.619689306643551, 50.016811793762102 ], [ 21.600585051927904, 50.020739255953799 ], [ 21.599707801046335, 50.020921929823928 ], [ 21.5814790221641, 50.024690636839729 ], [ 21.562374606436549, 50.028730143463939 ], [ 21.543272060723343, 50.03286459419293 ], [ 21.538822855153896, 50.033842258071275 ], [ 21.52416875570556, 50.037046010528627 ], [ 21.505066600503348, 50.04131213801768 ], [ 21.485966480370397, 50.045682049714458 ], [ 21.481809234131784, 50.046647595034045 ], [ 21.466865809378337, 50.050107722941384 ], [ 21.447766487475963, 50.05462779359366 ], [ 21.428669286597838, 50.059259758386688 ], [ 21.428295823610757, 50.05935145439566 ], [ 21.409571071491378, 50.06394370696178 ], [ 21.390474889347583, 50.068742163776243 ], [ 21.37789730725553, 50.071966609188912 ], [ 21.371379775204538, 50.073638318702322 ], [ 21.352284701330678, 50.078613545739508 ], [ 21.333191619250151, 50.083709966312057 ], [ 21.330251966958997, 50.084504410262078 ], [ 21.31409804941423, 50.088879090220502 ], [ 21.29500584636401, 50.094161541825763 ], [ 21.285003280961885, 50.0969752926936 ], [ 21.275914091551069, 50.099540776111105 ], [ 21.256822482232078, 50.105012800892503 ], [ 21.241846921622439, 50.109387958478294 ], [ 21.237731748577254, 50.110595647007742 ], [ 21.218640247567365, 50.116256622787915 ], [ 21.200480973547862, 50.12175048261772 ], [ 21.19954962999773, 50.122033776154893 ], [ 21.180457520830785, 50.127877892729046 ], [ 21.161365872021779, 50.13383407365329 ], [ 21.160612242120877, 50.134070251134084 ], [ 21.142272264600066, 50.139851160554819 ], [ 21.12317836801255, 50.145968511801463 ], [ 21.121979665462508, 50.146353590723557 ], [ 21.104081960597775, 50.152138247059717 ], [ 21.084984427758918, 50.158393675393953 ], [ 21.084335520124529, 50.158606193004019 ], [ 21.065883563391427, 50.164686022452088 ], [ 21.047415614822462, 50.170833686504686 ], [ 21.046780650661404, 50.171046392429517 ], [ 21.027673484632214, 50.177424657580403 ], [ 21.010947130848002, 50.183041493560857 ], [ 21.008563126830438, 50.183846689612373 ], [ 20.989447620224382, 50.190266705650082 ], [ 20.97466668316094, 50.195234523336659 ], [ 20.970327596060024, 50.196700052752654 ], [ 20.951201431140948, 50.203107385333574 ], [ 20.938272275233441, 50.207417996050687 ], [ 20.93206936037334, 50.209493838291465 ], [ 20.912930084038305, 50.215826380141166 ], [ 20.901412918371499, 50.21959755292518 ], [ 20.893783524305405, 50.2221015216358 ], [ 20.874628650202808, 50.228291325938677 ], [ 20.863659316933646, 50.231779640053865 ], [ 20.855465222510933, 50.234387117184149 ], [ 20.836292351433791, 50.240362930536968 ], [ 20.824459486340793, 50.24397205421122 ], [ 20.817109883040207, 50.246211067474952 ], [ 20.797916831042642, 50.251901386620325 ], [ 20.783068477498539, 50.256184762829058 ], [ 20.778713499115423, 50.257437093772054 ], [ 20.759498419831068, 50.26277346014227 ], [ 20.740272695998367, 50.267934308084008 ], [ 20.738337001938703, 50.268432616942093 ], [ 20.721034363422657, 50.272859435524779 ], [ 20.70178462562605, 50.277574775709901 ], [ 20.688214671246929, 50.280741552582207 ], [ 20.682522980424011, 50.282059042535018 ], [ 20.663248573976919, 50.286279874130102 ], [ 20.643962552960204, 50.290261438936362 ], [ 20.628991528068877, 50.293156634341045 ], [ 20.62466454451031, 50.29398441128361 ], [ 20.605353750526362, 50.297415895243304 ], [ 20.586031427832896, 50.300583170389146 ], [ 20.566697687108579, 50.30347994817167 ], [ 20.549470162055893, 50.305813722158597 ], [ 20.547352544235526, 50.306096688464372 ], [ 20.52799538737737, 50.308403767397088 ], [ 20.508627441373466, 50.3104280641994 ], [ 20.489248955802342, 50.312166613323249 ], [ 20.469860205878255, 50.313617106387277 ], [ 20.450461491498196, 50.314777905038063 ], [ 20.431053136202426, 50.315648052191548 ], [ 20.41163548605223, 50.316227281613202 ], [ 20.392208908428426, 50.31651602578571 ], [ 20.372773790754273, 50.316515422008642 ], [ 20.353330539146501, 50.316227316668083 ], [ 20.333879576998093, 50.315654267599932 ], [ 20.314421343496527, 50.314799544465998 ], [ 20.294956292080968, 50.313667127040034 ], [ 20.275484888842229, 50.312261701300386 ], [ 20.256007610869304, 50.310588653208136 ], [ 20.244811013560721, 50.309475437657952 ], [ 20.236524517070947, 50.308637577916095 ], [ 20.217035869656808, 50.306405358519577 ], [ 20.19754277916029, 50.303922446746967 ], [ 20.178045767334197, 50.301197481952627 ], [ 20.162008866508181, 50.298763186330127 ], [ 20.158545119713569, 50.298229961205045 ], [ 20.139040453639616, 50.294991362262287 ], [ 20.119533454006405, 50.291539264130108 ], [ 20.100024655192851, 50.287885457650646 ], [ 20.09959804610536, 50.287800927162849 ], [ 20.080513115416242, 50.283977399972791 ], [ 20.061000852096708, 50.279891768356244 ], [ 20.046466907906378, 50.276722037769261 ], [ 20.041488028209173, 50.275626042656086 ], [ 20.021974431319659, 50.271159975227675 ], [ 20.002461753480539, 50.266562450039807 ], [ 19.998403752750999, 50.265575479471813 ], [ 19.982949290534375, 50.261791449689888 ], [ 19.963438460952052, 50.256906768327227 ], [ 19.953571406644105, 50.254382615944706 ], [ 19.943929312285242, 50.251903807130212 ], [ 19.924422312991823, 50.246799338812721 ], [ 19.910678901796015, 50.243157301298197 ], [ 19.904918197853778, 50.241625667635127 ], [ 19.885416823799844, 50.236370580424769 ], [ 19.868932509359713, 50.231907615237354 ], [ 19.865919307600816, 50.231090321983139 ], [ 19.846425103348622, 50.225752430515179 ], [ 19.827703984500715, 50.220639265148492 ], [ 19.826935530446807, 50.220429251437189 ], [ 19.807449747928242, 50.215072177515246 ], [ 19.787969112978566, 50.209761236901173 ], [ 19.786485710335302, 50.209356235757994 ], [ 19.768492777777912, 50.204447318523307 ], [ 19.749021822446831, 50.199199369613375 ], [ 19.744781297666851, 50.198061718176469 ], [ 19.729555623295493, 50.193981938611572 ], [ 19.710094839466898, 50.188842161150461 ], [ 19.70211547599315, 50.186758059851833 ], [ 19.690639153295894, 50.183764777134215 ], [ 19.671188765392202, 50.178769726364507 ], [ 19.658010262973349, 50.175446908012638 ], [ 19.651743733826667, 50.17386885712893 ], [ 19.632303737539285, 50.169046740443264 ], [ 19.612869267813714, 50.164349494807887 ], [ 19.611945336100778, 50.164129363785825 ], [ 19.593439509614939, 50.159723780944681 ], [ 19.574015068512718, 50.155227640810921 ], [ 19.563299211023981, 50.152806109831616 ], [ 19.55459553299557, 50.150839336668874 ], [ 19.535180731299658, 50.146555429238923 ], [ 19.515770890071778, 50.142408996444125 ], [ 19.511305086759535, 50.141477279776197 ], [ 19.496365391454599, 50.138356675112611 ], [ 19.476964433669803, 50.1344300942324 ], [ 19.457567978731909, 50.130641479655985 ], [ 19.454944836394294, 50.130142368461435 ], [ 19.438175420496332, 50.126942980988353 ], [ 19.418786993509713, 50.12337419554688 ], [ 19.399402585924413, 50.119940782369085 ], [ 19.392750889637778, 50.118799990120138 ], [ 19.380021750406971, 50.116607154517453 ], [ 19.36064448171037, 50.11338889815827 ], [ 19.341270749283016, 50.110301570563323 ], [ 19.322586605520861, 50.10744672469901 ], [ 19.321900366674917, 50.107341203345563 ], [ 19.302532891198616, 50.104462107971258 ], [ 19.283168484832139, 50.101708632821676 ], [ 19.263806981410362, 50.099078394022193 ], [ 19.24444821880321, 50.09656902300209 ], [ 19.240485353428529, 50.096076403836847 ], [ 19.22509188413871, 50.094145135532912 ], [ 19.205737975346779, 50.091830590427833 ], [ 19.186386383819887, 50.089631678083776 ], [ 19.167036961477393, 50.087546225940521 ], [ 19.147689564082079, 50.085572147779189 ], [ 19.138395944240269, 50.084673576185494 ], [ 19.128344003908744, 50.083689784931096 ], [ 19.109000172056739, 50.081900251361979 ], [ 19.089657983023287, 50.080218141006945 ], [ 19.070317304095678, 50.078641797574868 ], [ 19.05097800541412, 50.077169692324958 ], [ 19.031639959713473, 50.075800429342308 ], [ 19.012303042052434, 50.074532750255713 ], [ 18.992967129531781, 50.073365538467407 ], [ 18.989725566627047, 50.073186194483405 ], [ 18.973632110277304, 50.072280909326771 ], [ 18.954297870428725, 50.071293363192119 ], [ 18.934964288724288, 50.070405649373804 ], [ 18.915631245208782, 50.069617266062046 ], [ 18.89629862041043, 50.068927870968963 ], [ 18.876966295010529, 50.068337283744064 ], [ 18.857634149507774, 50.067845488269676 ], [ 18.838302063877258, 50.067452634886699 ], [ 18.818969917224333, 50.067159042585594 ], [ 18.799637587433054, 50.066965201207644 ], [ 18.780304950809096, 50.066871773686152 ], [ 18.760971881716756, 50.066879598369717 ], [ 18.741638252209558, 50.066989691459931 ], [ 18.722303931653911, 50.067203249602066 ], [ 18.702968786345195, 50.067521652651664 ], [ 18.683632679115409, 50.067946466661731 ], [ 18.664295468931542, 50.068479447113866 ], [ 18.644957010483672, 50.069122542431487 ], [ 18.625617153761748, 50.069877897799493 ], [ 18.606275743619705, 50.070747859329842 ], [ 18.586932619325822, 50.071734978598165 ], [ 18.575139090511602, 50.072409195795167 ], [ 18.567587695403788, 50.072832976190504 ], [ 18.548240880301922, 50.074037290207372 ], [ 18.528891876687943, 50.075365105052327 ], [ 18.509540500511825, 50.076819779368464 ], [ 18.490186559784245, 50.078404902687275 ], [ 18.470829854020664, 50.08012430267754 ], [ 18.451470173659892, 50.081982052980329 ], [ 18.437773395457107, 50.083394696709931 ], [ 18.432107442124085, 50.083970406414139 ], [ 18.412741688063047, 50.086074018895701 ], [ 18.393372345121453, 50.088326639146231 ], [ 18.373999166129934, 50.090733317682556 ], [ 18.354621891708081, 50.093299394885548 ], [ 18.346174299484669, 50.094484482225511 ], [ 18.335240684958361, 50.095999040498413 ], [ 18.315855242814163, 50.098842083351379 ], [ 18.296464946816581, 50.101858788000889 ], [ 18.277069486906154, 50.105055657672246 ], [ 18.27378637256481, 50.10562379360627 ], [ 18.257669415404461, 50.108382709210751 ], [ 18.238263800695755, 50.111888602631041 ], [ 18.218852115688499, 50.11559226320739 ], [ 18.212828283708753, 50.116796060818629 ], [ 18.199434889178306, 50.119447440930038 ], [ 18.180011353307648, 50.123488172405537 ], [ 18.160580709399053, 50.127747071102881 ], [ 18.1595078889642, 50.127991892506479 ], [ 18.141144029768558, 50.132149234670202 ], [ 18.121699601986723, 50.136778523842082 ], [ 18.111937949754392, 50.139207388149742 ], [ 18.102247765145052, 50.141601853835574 ], [ 18.082788170731746, 50.1466248978465 ], [ 18.06867748691371, 50.150438063836134 ], [ 18.063319988858645, 50.151877473857503 ], [ 18.043843714362584, 50.157320510684571 ], [ 18.028930611647063, 50.161682080668726 ], [ 18.024357903756744, 50.163013282183279 ], [ 18.004863285935834, 50.168905744717506 ], [ 17.992084982015026, 50.172937731214404 ], [ 17.985358444510798, 50.175053006439654 ], [ 17.965843648812427, 50.181427872350419 ], [ 17.957666870066195, 50.18420352422774 ], [ 17.946318230023511, 50.188047791003051 ], [ 17.926781226506684, 50.194941957657576 ], [ 17.925308986884261, 50.195478218238982 ], [ 17.90723350958373, 50.202057140922093 ], [ 17.894809828800707, 50.206761616350718 ], [ 17.887673146348131, 50.209464497468588 ], [ 17.868100102501018, 50.21714992353926 ], [ 17.865871635444371, 50.218052274535758 ], [ 17.848514549733153, 50.225091696225469 ], [ 17.838382679321086, 50.229350240837206 ], [ 17.828914933892708, 50.233339985505353 ], [ 17.812143358111662, 50.240654502152587 ], [ 17.809300767658168, 50.241898741289162 ], [ 17.789671983382537, 50.250755041761593 ], [ 17.78706733695812, 50.25196500272201 ], [ 17.770027874139124, 50.259921584381836 ], [ 17.763049504640893, 50.263281375702526 ], [ 17.750367326375994, 50.269425741709028 ], [ 17.739988967017858, 50.274603182262311 ], [ 17.74932954861869, 50.286273585103523 ], [ 17.749916662651799, 50.286635273336394 ], [ 17.767718118737321, 50.298039469771801 ], [ 17.749341008070392, 50.308593490991925 ], [ 17.729909484835691, 50.308587070133896 ], [ 17.728860589301263, 50.309190529743397 ], [ 17.728173804890581, 50.320752483519982 ], [ 17.709863934708231, 50.331266987793136 ], [ 17.69042302324096, 50.331263815731049 ], [ 17.671604540852989, 50.32011986549135 ], [ 17.671546194518314, 50.311029307741606 ], [ 17.656018259400071, 50.319940723956748 ], [ 17.651791914241524, 50.322395640212456 ], [ 17.636826330198545, 50.331286792262915 ], [ 17.632016037601396, 50.334182749482686 ], [ 17.618267541170543, 50.342637229684783 ], [ 17.612217396686653, 50.346411840710878 ], [ 17.600306692875353, 50.35399191485967 ], [ 17.59239471332031, 50.35910653502367 ], [ 17.582912691892989, 50.365350745146849 ], [ 17.572546590490493, 50.372292969343683 ], [ 17.56605819864026, 50.376713637011925 ], [ 17.552671503989803, 50.385999878275506 ], [ 17.549719313774812, 50.388080526221685 ], [ 17.533869216927904, 50.399451291233795 ], [ 17.532767930876663, 50.400254235049367 ], [ 17.518472066004062, 50.410825674619701 ], [ 17.51283429262654, 50.415083171515093 ], [ 17.503525078765417, 50.422203819750933 ], [ 17.492868211745186, 50.430537361609701 ], [ 17.489014465710298, 50.433585720315719 ], [ 17.474911966003454, 50.444971168414412 ], [ 17.472867685729423, 50.446652925366315 ], [ 17.46118267947455, 50.456359850197551 ], [ 17.452830442751893, 50.463472123569389 ], [ 17.447846366859821, 50.467752160726953 ], [ 17.434875516028363, 50.479147864378156 ], [ 17.432753737935403, 50.481049076359831 ], [ 17.422225151369204, 50.490546472955664 ], [ 17.412634850110361, 50.499434121748408 ], [ 17.409936090642201, 50.501948648033839 ], [ 17.397942407920151, 50.51335359598194 ], [ 17.392470672073244, 50.518686081312381 ], [ 17.386259217190208, 50.524761617081865 ], [ 17.374882048899824, 50.536172741808301 ], [ 17.372258113948657, 50.538859941667766 ], [ 17.363753644300935, 50.547586254550581 ], [ 17.35293308073215, 50.559003061888454 ], [ 17.351993913755294, 50.560012480492709 ], [ 17.342311100471047, 50.570421693621952 ], [ 17.331988051649123, 50.58184364113793 ], [ 17.331674844479519, 50.582196235640929 ], [ 17.321825827692152, 50.593266993242359 ], [ 17.31194146644712, 50.604693488129243 ], [ 17.311298061963296, 50.605450000870377 ], [ 17.302192992041217, 50.616121126517676 ], [ 17.292688161258692, 50.627551521721699 ], [ 17.290861592851886, 50.629786192490819 ], [ 17.283307049247693, 50.638982965663111 ], [ 17.274121632687034, 50.65041655431051 ], [ 17.270364955291775, 50.655175585319896 ], [ 17.265060058698886, 50.661851263628598 ], [ 17.256132314573492, 50.67328727178149 ], [ 17.249809861670716, 50.68153104122748 ], [ 17.247339936894562, 50.684724632399558 ], [ 17.238605792350395, 50.696162210120534 ], [ 17.23001491636813, 50.707601309451498 ], [ 17.229200816511547, 50.708695308143312 ], [ 17.221420939221542, 50.71903972844239 ], [ 17.212923685847045, 50.730478997040208 ], [ 17.208545992132819, 50.736422528846433 ], [ 17.204447949738597, 50.741917977954181 ], [ 17.195971712333989, 50.753356335309313 ], [ 17.187857451880731, 50.764378080924942 ], [ 17.187546233649655, 50.764794866031238 ], [ 17.179013342443056, 50.776231111186249 ], [ 17.170499649930221, 50.787667034175882 ], [ 17.16715056654445, 50.792159099826449 ], [ 17.161888868739233, 50.799100806629895 ], [ 17.153195379163527, 50.810532635327029 ], [ 17.146441235368968, 50.819368933055223 ], [ 17.144421833244625, 50.821962544498433 ], [ 17.135454935834165, 50.83338870580662 ], [ 17.126402725351273, 50.844812810774343 ], [ 17.125745220186214, 50.845633442399972 ], [ 17.117073135496586, 50.856231740598936 ], [ 17.107598331168276, 50.867647573651695 ], [ 17.105076465532854, 50.870641058877723 ], [ 17.097819522109724, 50.879057687059706 ], [ 17.087805265352532, 50.890463129218311 ], [ 17.084443722406899, 50.894221307042244 ], [ 17.077433227009443, 50.901861825585733 ], [ 17.066749537350681, 50.913254446567322 ], [ 17.063852985170506, 50.916277883569798 ], [ 17.055616250967269, 50.924638610431352 ], [ 17.044117231532244, 50.93601559579038 ], [ 17.043306866276545, 50.936799273186601 ], [ 17.032024425397776, 50.947381452395561 ], [ 17.022807502614913, 50.955785522089741 ], [ 17.019461698991108, 50.958738099721579 ], [ 17.006254937330873, 50.9700824155791 ], [ 17.00235245900873, 50.973343032362081 ], [ 16.99234145992402, 50.981413106898607 ], [ 16.981940448114049, 50.989547002819243 ], [ 16.977711456176525, 50.992729754570156 ], [ 16.962234762654784, 51.004029821830137 ], [ 16.961568713577321, 51.004502800926488 ], [ 16.945696109165937, 51.015309190240735 ], [ 16.941237076184024, 51.018253093535463 ], [ 16.928061410672989, 51.026566809164073 ], [ 16.920941544017666, 51.030923848295949 ], [ 16.909146026767921, 51.037798882935114 ], [ 16.90068040218501, 51.042585465954893 ], [ 16.888721822391325, 51.049000673090056 ], [ 16.880451908871461, 51.053306034115359 ], [ 16.866502961735716, 51.060166176424524 ], [ 16.860254363708311, 51.063149979207061 ], [ 16.842125760443807, 51.071287661804867 ], [ 16.840086159835082, 51.072177145025201 ], [ 16.819946998291503, 51.080417201515843 ], [ 16.814879810010186, 51.082350506527817 ], [ 16.79983510520481, 51.08792970777435 ], [ 16.784052421752889, 51.093339205452118 ], [ 16.77974860597034, 51.094774046722385 ], [ 16.75968819337583, 51.100954271294754 ], [ 16.748084003692284, 51.104220900278548 ], [ 16.739651794711186, 51.106530911352401 ], [ 16.719639494230986, 51.111518472589395 ], [ 16.704353252320171, 51.114939410446617 ], [ 16.699649722486896, 51.115964192550869 ], [ 16.679683314636542, 51.119865635780229 ], [ 16.659738104272357, 51.123279786483529 ], [ 16.645841095163348, 51.125344895870178 ], [ 16.639814229825756, 51.126216442027534 ], [ 16.619911845474338, 51.1286847315952 ], [ 16.600029464754343, 51.130725083537016 ], [ 16.580166700651514, 51.132355533443238 ], [ 16.56032315699008, 51.133593674120952 ], [ 16.5404984262161, 51.13445671785405 ], [ 16.534365364854114, 51.134616035218528 ], [ 16.520692411631778, 51.134955500799762 ], [ 16.500904345736735, 51.135112912303569 ], [ 16.481133628657108, 51.134948022543625 ], [ 16.461379789825198, 51.13447693283544 ], [ 16.441642344763743, 51.133715482654381 ], [ 16.4219207952532, 51.132679258762714 ], [ 16.410762806386174, 51.131943281877746 ], [ 16.402214848800657, 51.13137969771936 ], [ 16.382524210645833, 51.129827920060052 ], [ 16.362848058060074, 51.128043968071829 ], [ 16.343185841027992, 51.126042532846057 ], [ 16.323536999713088, 51.123838036933478 ], [ 16.303900966166267, 51.121444616371384 ], [ 16.284277166147529, 51.11887610145773 ], [ 16.272483786735041, 51.117227863155335 ], [ 16.264665687508522, 51.116134717412542 ], [ 16.245066433846215, 51.113225716183877 ], [ 16.22547780711167, 51.110179255951437 ], [ 16.205899217734817, 51.107007941801506 ], [ 16.186330079483302, 51.103723973572123 ], [ 16.185605765570866, 51.10359737867249 ], [ 16.166772229434631, 51.100299600100882 ], [ 16.147222880266806, 51.096782902643426 ], [ 16.12768136320819, 51.093186501775435 ], [ 16.1119545148524, 51.090229510517119 ], [ 16.108147708755279, 51.089511476799714 ], [ 16.088623334409629, 51.085736800339099 ], [ 16.069105218239049, 51.081912190041059 ], [ 16.04959282690643, 51.078046975454619 ], [ 16.04421431593509, 51.076964496185184 ], [ 16.030088295392005, 51.074108596046216 ], [ 16.010589548133485, 51.070130623381694 ], [ 15.99109507811343, 51.06613701329195 ], [ 15.979452265896859, 51.063736847671819 ], [ 15.971606071889713, 51.062109869491536 ], [ 15.952122933681819, 51.058043648688113 ], [ 15.932642747019594, 51.053983162559035 ], [ 15.915936631967082, 51.050505812639919 ], [ 15.913165736673802, 51.049924904335619 ], [ 15.893694780106598, 51.045825830042226 ], [ 15.874225587654559, 51.041750348535174 ], [ 15.854757796334063, 51.037703365259844 ], [ 15.852544439441887, 51.037243157340143 ], [ 15.835295399171345, 51.033625777063577 ], [ 15.815834283267995, 51.029578075917776 ], [ 15.796373580529194, 51.025572288791516 ], [ 15.788309529088206, 51.023922493671101 ], [ 15.776916021743078, 51.021568308600735 ], [ 15.757460433896428, 51.017582883643563 ], [ 15.738004410229253, 51.013649938838007 ], [ 15.722309267533518, 51.010516501469446 ], [ 15.718548748148706, 51.00975725221852 ], [ 15.699096486662629, 51.005861334094639 ], [ 15.679643068499658, 51.002025995846978 ], [ 15.660188300499861, 50.99825287004947 ], [ 15.653629998693297, 50.996995955067192 ], [ 15.640735623537608, 50.994493274251404 ], [ 15.62128303310822, 50.990774538411991 ], [ 15.601828525033408, 50.987123375339529 ], [ 15.582371957752054, 50.983540563238265 ], [ 15.581181387311002, 50.983324133347111 ], [ 15.56291833053468, 50.979957315754092 ], [ 15.543462645064238, 50.976440870321795 ], [ 15.524004455205375, 50.97299608079679 ], [ 15.504543659852711, 50.969623103772221 ], [ 15.503536006807945, 50.969451175738982 ], [ 15.485085263965368, 50.966254515580118 ], [ 15.465624267203804, 50.962956050748801 ], [ 15.446160312874676, 50.959731234594912 ], [ 15.426693330262983, 50.956579792818708 ], [ 15.418649263892826, 50.955303854827832 ], [ 15.407226308289072, 50.953461825294731 ], [ 15.387758181338514, 50.950390517336501 ], [ 15.36828674082448, 50.94739342560311 ], [ 15.348811937916418, 50.944469993409008 ], [ 15.329333727951138, 50.941619622598914 ], [ 15.323372765599448, 50.940767013585358 ], [ 15.309855430437588, 50.938799281644989 ], [ 15.290375013125406, 50.93603400228303 ], [ 15.289841978428854, 50.939705129105384 ], [ 15.290070664675447, 50.939853691045826 ], [ 15.307976047739237, 50.951853252005584 ], [ 15.288319496713392, 50.961815276989469 ], [ 15.286564517247493, 50.962746189828081 ], [ 15.284976422785912, 50.974268291548633 ], [ 15.266872873372531, 50.983444438004099 ], [ 15.247209102032013, 50.982749260132707 ], [ 15.243857277583224, 50.984524275101535 ], [ 15.24233005578508, 50.996047854921436 ], [ 15.225726027081619, 51.004462891377521 ], [ 15.210770733530476, 50.995027101645661 ], [ 15.206969396551903, 50.992554883174293 ], [ 15.191554859188493, 50.982828480169609 ], [ 15.188221173092753, 50.980658753785384 ], [ 15.184550409924135, 50.982599588351505 ], [ 15.183020456386171, 50.994122466955538 ], [ 15.1815179701787, 51.005646220231888 ], [ 15.180041644848203, 51.017170806269561 ], [ 15.164853684943349, 51.024864952207089 ], [ 15.151177575482297, 51.016222257452569 ], [ 15.146107440722185, 51.012920852377043 ], [ 15.132016517563986, 51.004015564217845 ], [ 15.132433264521353, 50.992456317450959 ], [ 15.128305031821744, 50.989765619193413 ], [ 15.123752412360103, 50.992168189256702 ], [ 15.107700224025423, 51.000288887453166 ], [ 15.10249598206328, 51.003033073445273 ], [ 15.101011991813964, 51.014556627699037 ], [ 15.086135626314121, 51.02208347604806 ], [ 15.066457650492522, 51.021384516385602 ], [ 15.053128420834764, 51.012946564242242 ], [ 15.047738773946501, 51.009427482867459 ], [ 15.041782738548465, 51.012562178836404 ], [ 15.027103573878035, 51.019982064909144 ], [ 15.007427481188824, 51.019278511985611 ], [ 14.987752024291296, 51.018573368125544 ], [ 14.974645183809223, 51.01026491670055 ], [ 14.9751453432979, 50.998708659241871 ], [ 14.975619857171575, 50.987151506030585 ], [ 14.99120191238481, 50.978619121977381 ], [ 15.010866111594195, 50.979258683961419 ], [ 15.015273122358495, 50.976939508482836 ], [ 15.015678648199428, 50.96537993327437 ], [ 15.016054516659997, 50.953819333855897 ], [ 15.013207481899256, 50.951956413524435 ], [ 14.996819784363492, 50.941587084665969 ], [ 14.997139828576389, 50.930024552237271 ], [ 14.995480673146071, 50.928937853830561 ], [ 14.977858431564806, 50.917787365501368 ], [ 14.997360795883775, 50.907062659211654 ], [ 14.997677237979758, 50.906895929398551 ], [ 14.997391214523761, 50.906708513327501 ], [ 14.978233988344149, 50.900550794026046 ], [ 14.95869406760608, 50.898864510129016 ], [ 14.939149903490881, 50.897242048670634 ], [ 14.919601480353478, 50.895682672662076 ], [ 14.900048782456295, 50.894185659661979 ], [ 14.88049179392835, 50.892750301901884 ], [ 14.860930498728923, 50.891375906356075 ], [ 14.859276912150353, 50.90206147030112 ], [ 14.857527768268158, 50.913573277476068 ], [ 14.858879498030001, 50.914462225093978 ], [ 14.875487896184147, 50.925784076182779 ], [ 14.877455518767091, 50.927077094189031 ], [ 14.893490414165004, 50.937993467690852 ], [ 14.891842018578354, 50.949509218650157 ], [ 14.894992904859686, 50.951577861855625 ], [ 14.909917474088958, 50.96171844998981 ], [ 14.913598078303213, 50.964133063066676 ], [ 14.928031159398829, 50.973926080470704 ], [ 14.926472129727104, 50.985445319172463 ], [ 14.924938366581143, 50.996965417697268 ], [ 14.930138855284918, 51.000373219753165 ], [ 14.943145020875678, 51.009173693011952 ], [ 14.941661835973594, 51.02069570683777 ], [ 14.947746388622821, 51.024679035875351 ], [ 14.959927509524595, 51.032903219544828 ], [ 14.9584908655189, 51.044426994472843 ], [ 14.957074285929311, 51.055951443878826 ], [ 14.964350924981467, 51.060709693678511 ], [ 14.975417822024175, 51.068158969823237 ], [ 14.974042284202485, 51.079684974977191 ], [ 14.982008423565691, 51.08488912298683 ], [ 14.992435699501474, 51.091891348046957 ], [ 14.991097930358352, 51.103418784633199 ], [ 14.989776002982875, 51.114946746302053 ], [ 14.988469149042203, 51.126475207078528 ], [ 14.98717663512261, 51.138004142155729 ], [ 14.996644590861584, 51.144179715938144 ], [ 15.005671584588269, 51.15021152981501 ], [ 14.99568290311116, 51.155275756094468 ], [ 14.984631859316101, 51.161063341531062 ], [ 14.994616373460818, 51.16757318866069 ], [ 15.003160241841551, 51.173272148579827 ], [ 15.001922539935679, 51.184803046385852 ], [ 15.012341491525811, 51.191589615737662 ], [ 15.020488744585684, 51.197010196412769 ], [ 15.019277043380262, 51.208542094964308 ], [ 15.018075486800281, 51.220074322089879 ], [ 15.016883563947049, 51.231606860620374 ], [ 15.028077547505047, 51.238888246775112 ], [ 15.035512719094161, 51.243813435976442 ], [ 15.034342907654962, 51.255346832892826 ], [ 15.033181365567829, 51.266880493852682 ], [ 15.03202766534454, 51.278414404540278 ], [ 15.030881398451456, 51.289948551269767 ], [ 15.02333431334265, 51.29379418025345 ], [ 15.00990850093504, 51.300807762425954 ], [ 15.008771514303744, 51.312342060277025 ], [ 15.001545648096123, 51.316025126676571 ], [ 14.987800270325678, 51.323197521922644 ], [ 14.986671015143259, 51.334731922186627 ], [ 14.979733987836498, 51.338268737931095 ], [ 14.965699721258138, 51.345583580320195 ], [ 14.964576797241834, 51.357118038538189 ], [ 14.977353288788212, 51.365419163542917 ], [ 14.983315646491928, 51.369336141941602 ], [ 14.976713765934218, 51.372705281263435 ], [ 14.9623456105094, 51.380187415064476 ], [ 14.961236790569485, 51.391722314370575 ], [ 14.960132133488601, 51.403257342337319 ], [ 14.959031387958385, 51.414792490387455 ], [ 14.957934312711551, 51.42632775028374 ], [ 14.971238415385455, 51.434960929590076 ], [ 14.976725186387442, 51.438548301279496 ], [ 14.970648558876665, 51.441654339438365 ], [ 14.955750255693937, 51.449398574281069 ], [ 14.954662837965442, 51.460934123485544 ], [ 14.948753085614726, 51.463954950408436 ], [ 14.933681422349375, 51.471780385024971 ], [ 14.927861495666361, 51.47475468480792 ], [ 14.91269489115326, 51.482622816606664 ], [ 14.906959849939907, 51.485553084177972 ], [ 14.887085423138995, 51.484843441480209 ], [ 14.867211766491566, 51.484130890780463 ], [ 14.851901942790469, 51.492058143454429 ], [ 14.846291635275946, 51.494921688272939 ], [ 14.830898057383493, 51.502885619284037 ], [ 14.825361462239359, 51.505710807669367 ], [ 14.809888228104736, 51.513709227582517 ], [ 14.804421250919248, 51.516498120413452 ], [ 14.784535750190861, 51.515773300987767 ], [ 14.764651044608321, 51.515045495220548 ], [ 14.749057859270199, 51.523090495155834 ], [ 14.743692401661951, 51.525824529139442 ], [ 14.728028823639686, 51.533899050445648 ], [ 14.726906354480763, 51.54543190259961 ], [ 14.721642320932245, 51.548113646484907 ], [ 14.705867308611845, 51.556236296079412 ], [ 14.704742749014777, 51.567768922858995 ], [ 14.718924824006823, 51.577008916745569 ], [ 14.723547005888529, 51.580030673722867 ], [ 14.737754317484045, 51.589280006718255 ], [ 14.74236333419007, 51.592289688173047 ], [ 14.756594068580027, 51.601547155802265 ], [ 14.761191599195239, 51.604545956085424 ], [ 14.760085407585322, 51.616079562407222 ], [ 14.754993840107101, 51.618676036197293 ], [ 14.739030254334924, 51.626889621205848 ], [ 14.753354833611757, 51.636202352374106 ], [ 14.757875042431873, 51.639146808411752 ], [ 14.752838980413973, 51.641714813128836 ], [ 14.736811408468457, 51.649956294261273 ], [ 14.751192109729056, 51.659301637513337 ], [ 14.755666742211668, 51.662214076478207 ], [ 14.750680996619819, 51.664756128214862 ], [ 14.734594277705696, 51.673022977520723 ], [ 14.733486158172379, 51.684556315875874 ], [ 14.728560669458266, 51.687066221212135 ], [ 14.712401090574396, 51.695360956980352 ], [ 14.707510443567408, 51.697851852524138 ], [ 14.691307853552908, 51.706161627791353 ], [ 14.686450163129013, 51.708634461290849 ], [ 14.670206354649586, 51.716958321737053 ], [ 14.669084206114348, 51.728490736359937 ], [ 14.664275592099864, 51.73093699275109 ], [ 14.647969489627165, 51.73928313416215 ], [ 14.646842400228939, 51.750815220816747 ], [ 14.645715201263187, 51.762347290982596 ], [ 14.644587859718714, 51.773879343456848 ], [ 14.643460347190027, 51.785411377206884 ], [ 14.64233263964622, 51.796943391361765 ], [ 14.637627366792273, 51.799333996161216 ], [ 14.617621622318758, 51.798583115511285 ], [ 14.601165083902027, 51.806981623653769 ], [ 14.596491842948883, 51.809353566440244 ], [ 14.580004325667725, 51.817760727324547 ], [ 14.578861250301761, 51.829291768996484 ], [ 14.593606368592305, 51.838880056819988 ], [ 14.597750535360964, 51.841575662658101 ], [ 14.59661181761955, 51.853106964815815 ], [ 14.611381914086829, 51.862702071480165 ], [ 14.631416955691501, 51.863443992151723 ], [ 14.635561440390514, 51.866135034055304 ], [ 14.650337743727047, 51.875721293153383 ], [ 14.654483097686843, 51.878410503988285 ], [ 14.669268872324725, 51.887995468907775 ], [ 14.673415588868162, 51.890683158405636 ], [ 14.688210349882151, 51.900266506405913 ], [ 14.69235894029938, 51.902952993659184 ], [ 14.691243541718485, 51.914485693977234 ], [ 14.690127917976936, 51.926018373620842 ], [ 14.704956056076085, 51.935611871458583 ], [ 14.709091597595371, 51.938285940737565 ], [ 14.707980496588208, 51.949818878001892 ], [ 14.706869198998131, 51.961351795635622 ], [ 14.705757712488456, 51.972884693939172 ], [ 14.704646044670158, 51.984417573211232 ], [ 14.719523895176572, 51.994027686492387 ], [ 14.723639800943689, 51.996683424082846 ], [ 14.722532771422667, 52.008216563569029 ], [ 14.721425585907973, 52.019749684939143 ], [ 14.736325967360354, 52.029362806871184 ], [ 14.74044005057093, 52.032013256844657 ], [ 14.739337556374931, 52.043546638750612 ], [ 14.738234922315007, 52.055080003115719 ], [ 14.753153384428607, 52.064693224099159 ], [ 14.757270175807893, 52.067341288044602 ], [ 14.752680190134692, 52.069672167311019 ], [ 14.736029241903578, 52.078146679572839 ], [ 14.734926196741489, 52.089679991750486 ], [ 14.730346450269161, 52.092004086108979 ], [ 14.710207487362036, 52.091267187624965 ], [ 14.693520717074977, 52.099745372174688 ], [ 14.688955724448014, 52.102059699709535 ], [ 14.672253081878011, 52.110538664653987 ], [ 14.671134612024305, 52.122071032055338 ], [ 14.67001599760067, 52.133603382122303 ], [ 14.668897235409846, 52.145135714759022 ], [ 14.683855687558429, 52.154774994018887 ], [ 14.687952655135092, 52.157408616632665 ], [ 14.702910875254362, 52.167040190297641 ], [ 14.707019124320617, 52.169678665557434 ], [ 14.70243179462318, 52.172003527992132 ], [ 14.685724356865354, 52.180473790588678 ], [ 14.684609957107075, 52.192006350363854 ], [ 14.683495382180128, 52.203538891735889 ], [ 14.698453604185016, 52.213162330443019 ], [ 14.702581137380603, 52.215810054301393 ], [ 14.701471181994195, 52.227342854595506 ], [ 14.700361031044107, 52.238875635732938 ], [ 14.699250679137878, 52.250408397537626 ], [ 14.694617778337761, 52.252754208178914 ], [ 14.674406884390024, 52.252011350401546 ], [ 14.6577003748867, 52.260458046302851 ], [ 14.653066974876971, 52.262801761496597 ], [ 14.63285258786423, 52.262052120275648 ], [ 14.616134518673643, 52.270492703738277 ], [ 14.611497943155943, 52.272835638585796 ], [ 14.59128008058196, 52.272079177580963 ], [ 14.574553008700132, 52.280512352749795 ], [ 14.573411858831516, 52.292043238963082 ], [ 14.572270497536328, 52.303574105975571 ], [ 14.571128923622814, 52.31510495376417 ], [ 14.566448655081123, 52.317466526577306 ], [ 14.5497434848048, 52.325873460562093 ], [ 14.548596472868081, 52.337403965189473 ], [ 14.547449252018419, 52.348934450868342 ], [ 14.546301827106689, 52.360464917803824 ], [ 14.545154204979211, 52.371995366276522 ], [ 14.544006394606908, 52.383525796647476 ], [ 14.5392340248287, 52.385930677212585 ], [ 14.522585686103769, 52.394288594868357 ], [ 14.537424344226819, 52.403839349980778 ], [ 14.541710256307427, 52.406586604956175 ], [ 14.540561957898534, 52.418116984054706 ], [ 14.539413530429485, 52.429647347378761 ], [ 14.554219164517439, 52.439165288786263 ], [ 14.574512608254144, 52.43992775681005 ], [ 14.578853951131258, 52.442704971747517 ], [ 14.593655313327854, 52.452207127503371 ], [ 14.598016528351154, 52.454994651535102 ], [ 14.596883038747757, 52.466525885964032 ], [ 14.611660824040603, 52.476003376848404 ], [ 14.616061761422829, 52.478812974926122 ], [ 14.630829421573422, 52.488276463543137 ], [ 14.635251653521092, 52.491097179638494 ], [ 14.634128396961842, 52.502628985917966 ], [ 14.629154495049695, 52.505138350655614 ], [ 14.612676834153294, 52.51340749530533 ], [ 14.611548781533726, 52.524938989332277 ], [ 14.610420927155097, 52.536470479622103 ], [ 14.609293316258043, 52.548001967884105 ], [ 14.623954120059008, 52.557384963488474 ], [ 14.628514836587902, 52.560287949574125 ], [ 14.627392988086834, 52.571819740756133 ], [ 14.62225605019932, 52.574410068612579 ], [ 14.605912426499534, 52.582596438712372 ], [ 14.604786280653402, 52.594127937415202 ], [ 14.603660632503441, 52.605659443693362 ], [ 14.598422510419763, 52.608298883774275 ], [ 14.582161804736327, 52.616431458432324 ], [ 14.576884601202094, 52.619088984252905 ], [ 14.556508223039319, 52.618326308767855 ], [ 14.540276864160113, 52.626432573181816 ], [ 14.534955269091354, 52.629109313110035 ], [ 14.518755771813453, 52.637192581014915 ], [ 14.513391684333806, 52.639888982472335 ], [ 14.497225661487461, 52.647948479481613 ], [ 14.491817463886939, 52.650665299509448 ], [ 14.471428792790261, 52.649887578541353 ], [ 14.455296899103212, 52.657918517235565 ], [ 14.454138279819707, 52.669447930316558 ], [ 14.448637096902633, 52.672207803906922 ], [ 14.432580951967976, 52.680191473526172 ], [ 14.431418589864194, 52.691720609581196 ], [ 14.425821319545932, 52.694526551807186 ], [ 14.40984760038423, 52.702459726802736 ], [ 14.404198234140589, 52.705289820061992 ], [ 14.38826745855104, 52.71319471105155 ], [ 14.387097035496742, 52.724723279111203 ], [ 14.381341356, 52.727604341487492 ], [ 14.365503238025319, 52.73545382809602 ], [ 14.359690630031286, 52.738361287023487 ], [ 14.343900226528111, 52.746180233700507 ], [ 14.33802921927972, 52.74911474976421 ], [ 14.322287963475196, 52.756902490878559 ], [ 14.316357119850091, 52.759864705448535 ], [ 14.300666410019112, 52.767620594506248 ], [ 14.294674327971265, 52.770611129092245 ], [ 14.274235558983895, 52.76979634217664 ], [ 14.25859244245845, 52.777517547554531 ], [ 14.257395269984675, 52.789044320220839 ], [ 14.251276652410848, 52.792093276740722 ], [ 14.235745599213514, 52.799749931663456 ], [ 14.229561761821399, 52.802828947207892 ], [ 14.214086469661979, 52.810451368265078 ], [ 14.207836164971134, 52.813560978560218 ], [ 14.187380006302806, 52.812729311212507 ], [ 14.171954674167001, 52.820316137529119 ], [ 14.165639365095762, 52.823453391900301 ], [ 14.145179901215204, 52.822613775482381 ], [ 14.129803849949264, 52.830165420896542 ], [ 14.128578442915094, 52.841690312638129 ], [ 14.127354437552725, 52.853215254453545 ], [ 14.140788832260368, 52.861873335299535 ], [ 14.146617166046825, 52.865581227393484 ], [ 14.145402043893627, 52.877106634313336 ], [ 14.158704984940719, 52.885671320843883 ], [ 14.164686361065799, 52.889470253971737 ], [ 14.157904815696142, 52.89283593834481 ], [ 14.142976393742199, 52.900157613775924 ], [ 14.141765896816132, 52.911683187701641 ], [ 14.14055695710049, 52.92320881803964 ], [ 14.139349564827352, 52.934734504444265 ], [ 14.138143697701732, 52.9462602460558 ], [ 14.136939319432161, 52.957786041439924 ], [ 14.149714173229903, 52.965998565517097 ], [ 14.156276388341279, 52.970152555451818 ], [ 14.168960501465827, 52.978300185216675 ], [ 14.189495120498224, 52.979128675217126 ], [ 14.196174337298622, 52.983350166208943 ], [ 14.208758976787065, 52.991422602759172 ], [ 14.229300975599751, 52.99224468742532 ], [ 14.236099051536552, 52.996534957690173 ], [ 14.248582334450788, 53.004531182336116 ], [ 14.255489561283188, 53.008886571184668 ], [ 14.267874779746672, 53.01681358160787 ], [ 14.288430519218604, 53.017626367747333 ], [ 14.295459048470512, 53.022052379717202 ], [ 14.307740414398504, 53.029901917052761 ], [ 14.314880693465609, 53.034394986507998 ], [ 14.327061355896397, 53.042173871145195 ], [ 14.334314172247494, 53.046734672237356 ], [ 14.346393322638892, 53.054442493150809 ], [ 14.353758966504294, 53.059071411594331 ], [ 14.352625904003544, 53.070601174307221 ], [ 14.364502682264217, 53.078172097294782 ], [ 14.37208638290995, 53.082935227092612 ], [ 14.370957395598078, 53.094465234576887 ], [ 14.369827187764399, 53.105995186176344 ], [ 14.368695376494173, 53.117525066971609 ], [ 14.380169093178271, 53.124828397976017 ], [ 14.388176392631877, 53.129856801529343 ], [ 14.387045291204904, 53.141386795285548 ], [ 14.377900316808748, 53.14592760738968 ], [ 14.365286227537377, 53.152114124875752 ], [ 14.364143845917344, 53.163643560335771 ], [ 14.362997736617297, 53.175172842098533 ], [ 14.373996888390808, 53.1821665302489 ], [ 14.382487589493888, 53.187505393371467 ], [ 14.381337692109586, 53.199034615105184 ], [ 14.392169115501819, 53.205914565418951 ], [ 14.400832255171066, 53.21136404007278 ], [ 14.399676885001867, 53.222893137672578 ], [ 14.410359640686796, 53.229671663986323 ], [ 14.419174536636545, 53.235219373499795 ], [ 14.42979503365879, 53.241952907167146 ], [ 14.438675468172868, 53.247542330038598 ], [ 14.449241090953429, 53.254235614779738 ], [ 14.458179532681211, 53.259862001039863 ], [ 14.4481137937171, 53.264832259339244 ], [ 14.436342164345557, 53.270600021473918 ], [ 14.426199317965265, 53.275600192514446 ], [ 14.414487432137278, 53.281333535909461 ], [ 14.41329914525399, 53.292861418059374 ], [ 14.412104075067305, 53.304389029772977 ], [ 14.410902226284708, 53.315916371149278 ], [ 14.409693657336184, 53.327443444357755 ], [ 14.408478478704687, 53.33897025357539 ], [ 14.407256850272622, 53.350496804885921 ], [ 14.39681246038224, 53.35560875642205 ], [ 14.385312539707636, 53.361222275375773 ], [ 14.395509049987924, 53.367675410270877 ], [ 14.404795108597773, 53.373549166816616 ], [ 14.394320963294364, 53.378666803153592 ], [ 14.382827533269397, 53.384273483169487 ], [ 14.3815766325538, 53.395798747764061 ], [ 14.380320581970217, 53.407323803452357 ], [ 14.379059745817955, 53.418848664298835 ], [ 14.37779450386549, 53.430373344976054 ], [ 14.37652524578475, 53.441897860549332 ], [ 14.375252365877964, 53.453422226272629 ], [ 14.364810346630289, 53.458493922299297 ], [ 14.353205357155757, 53.464138789823537 ], [ 14.351919975214962, 53.475662526838427 ], [ 14.350632073196984, 53.487186156337209 ], [ 14.349342025904033, 53.49870969291851 ], [ 14.338986252650946, 53.503724295499403 ], [ 14.327253850280744, 53.509420346032577 ], [ 14.325953977995342, 53.520943354508617 ], [ 14.32465294627724, 53.532466308414961 ], [ 14.31437929850151, 53.537430576990012 ], [ 14.302535643955494, 53.543171637538535 ], [ 14.30122654095832, 53.554694129728823 ], [ 14.311732736587, 53.561330695732522 ], [ 14.320745877410808, 53.567034959749869 ], [ 14.319443081880779, 53.578557808175368 ], [ 14.318140454357154, 53.590080654170002 ], [ 14.316838194933872, 53.601603505615543 ], [ 14.31553648287092, 53.613126369581408 ], [ 14.305443146064174, 53.617991625393138 ], [ 14.293373006592979, 53.623828938308876 ], [ 14.292066074720752, 53.63535145394907 ], [ 14.290760107284171, 53.646873998883109 ], [ 14.289455211559906, 53.658396577389148 ], [ 14.279447516483405, 53.66321236323504 ], [ 14.267263166190272, 53.669093688507729 ], [ 14.278027898233605, 53.675882867293936 ], [ 14.286848985503383, 53.681441849132291 ], [ 14.276866271173928, 53.686243501531415 ], [ 14.264645972864628, 53.692138260763755 ], [ 14.263339380230217, 53.70366061369203 ], [ 14.262034180243518, 53.715183013471815 ], [ 14.260730402014227, 53.726705461313017 ], [ 14.271555792051698, 53.733525432981388 ], [ 14.28035689589097, 53.739055805868283 ], [ 14.270394987043735, 53.743842663817254 ], [ 14.258127181177628, 53.749750504195127 ], [ 14.268961656062061, 53.756573208731297 ], [ 14.277770079728421, 53.762101725515514 ], [ 14.276478851581759, 53.773624759065108 ], [ 14.275189067600158, 53.785147841479926 ], [ 14.27390071456532, 53.796670972293825 ], [ 14.263897542904648, 53.801473055608959 ], [ 14.251644469309991, 53.807363974656319 ], [ 14.250352176750541, 53.818886813447413 ], [ 14.249061250883473, 53.830409698620187 ], [ 14.239035578486336, 53.835216644089201 ], [ 14.226783712353313, 53.841097652276787 ], [ 14.225488696209924, 53.852620239630347 ], [ 14.224194953946196, 53.864142870183819 ], [ 14.222902452213118, 53.875665542659938 ], [ 14.221611156732752, 53.887188255743609 ], [ 14.220321032631123, 53.89871100809502 ], [ 14.210167391627667, 53.903570037792662 ], [ 14.198005262774119, 53.909392850380023 ], [ 14.208726545841168, 53.916131784665332 ], [ 14.21774415785619, 53.92175662518919 ], [ 14.228406660261054, 53.928453023573297 ], [ 14.249408419931656, 53.929265580812761 ], [ 14.27041125347087, 53.930074142782551 ], [ 14.291415154059147, 53.93087872442613 ], [ 14.30336926289781, 53.925143240587516 ], [ 14.313711681643237, 53.920175762588833 ], [ 14.325653602142127, 53.914440854149291 ], [ 14.335996887403132, 53.90946816958833 ], [ 14.356992345252181, 53.91026138806938 ], [ 14.377988840101789, 53.91105070977919 ], [ 14.387304261300159, 53.91682988154875 ], [ 14.397718768541852, 53.923339942978501 ], [ 14.418723114786882, 53.924121301769233 ], [ 14.439728475108309, 53.924898839385378 ], [ 14.449217068947565, 53.930769989039355 ], [ 14.459483895232827, 53.937174510464175 ], [ 14.469063118759447, 53.943094773585941 ], [ 14.479251169526766, 53.949444836126986 ], [ 14.488924930170706, 53.955416639445076 ], [ 14.49903029573365, 53.961709891267596 ], [ 14.520057046844116, 53.962471809052666 ], [ 14.529876909231486, 53.968523002668817 ], [ 14.539854802684864, 53.97472785246061 ], [ 14.560889294315944, 53.975482373013108 ], [ 14.570860078787181, 53.98161603723873 ], [ 14.580705647833364, 53.987729709695955 ], [ 14.601747839890161, 53.988477083053709 ], [ 14.622790960361156, 53.989221057235248 ], [ 14.632964084955002, 53.995465273047195 ], [ 14.642632602346339, 54.001456601176912 ], [ 14.663683357201982, 54.002193858278375 ], [ 14.684735007346672, 54.002927917403504 ], [ 14.695110286651744, 54.009283081389256 ], [ 14.704601833076529, 54.015152588480845 ], [ 14.725661046236725, 54.015880437584052 ], [ 14.7361911008944, 54.022321398319406 ], [ 14.745546287205478, 54.028098164508421 ], [ 14.766613012642264, 54.028820203324379 ], [ 14.777295669811757, 54.035346014665841 ], [ 14.78651661263207, 54.041031597704816 ], [ 14.807590798287208, 54.041748255161714 ], [ 14.828665796589201, 54.042462291996138 ], [ 14.849741597183703, 54.043173781119762 ], [ 14.860643114580217, 54.049819885220536 ], [ 14.869676674623365, 54.055374987996061 ], [ 14.890759836825829, 54.05608190310118 ], [ 14.911843769012322, 54.056786517101266 ], [ 14.932928462145243, 54.057488895852849 ], [ 14.944013998004632, 54.064235615746611 ], [ 14.952894798727529, 54.069682127717044 ], [ 14.973986764773326, 54.07038070291501 ], [ 14.985183745768257, 54.077189343572861 ], [ 14.993971181774448, 54.082570736221371 ], [ 15.01507038059782, 54.083265900525731 ], [ 15.036170297628001, 54.083959171253532 ], [ 15.04747354710141, 54.090825195455587 ], [ 15.056179229866407, 54.096145475765482 ], [ 15.077286333357279, 54.096835780167204 ], [ 15.098394138494195, 54.097524315910867 ], [ 15.109770457982854, 54.104428270243957 ], [ 15.118427516175212, 54.109707868457328 ], [ 15.139542477768169, 54.110393735368739 ], [ 15.160658131880748, 54.111077886773963 ], [ 15.172071630517463, 54.117998485042222 ], [ 15.180715917984342, 54.12325936381022 ], [ 15.201838716440315, 54.123940967458623 ], [ 15.21327804090169, 54.130873099810991 ], [ 15.221914453688816, 54.136121504849783 ], [ 15.243044399087255, 54.136800551311339 ], [ 15.264175038439433, 54.137477797464527 ], [ 15.275588711391457, 54.144388730842188 ], [ 15.284275204863878, 54.149656617009875 ], [ 15.305413008485013, 54.1503311047856 ], [ 15.326551515474439, 54.151003636715295 ], [ 15.34769072939006, 54.151674148928727 ], [ 15.368830654038561, 54.152342573230975 ], [ 15.389971293418393, 54.153008837630438 ], [ 15.40117521017539, 54.159781473502811 ], [ 15.410115430843664, 54.165182026003549 ], [ 15.43126329733192, 54.16584467698349 ], [ 15.452411893943815, 54.16650491666865 ], [ 15.473561225004405, 54.1671626617416 ], [ 15.494711294743013, 54.16781782800642 ], [ 15.515862107247379, 54.168470330906956 ], [ 15.526755131303373, 54.175041351246641 ], [ 15.53605052823902, 54.180634496006057 ], [ 15.557208645407679, 54.181282221841109 ], [ 15.57836751967543, 54.181927006987628 ], [ 15.589100480337521, 54.18839286335205 ], [ 15.598580790040252, 54.194085423394334 ], [ 15.619747009868677, 54.1947247978595 ], [ 15.640913998584947, 54.195360964042521 ], [ 15.662081758247817, 54.195993846920373 ], [ 15.672565560709852, 54.202297218509571 ], [ 15.6823265964032, 54.208142578174403 ], [ 15.703501743034771, 54.208769270385389 ], [ 15.724677667637385, 54.209392444118855 ], [ 15.745854370615008, 54.210012037406614 ], [ 15.756076092075332, 54.216144082254395 ], [ 15.766130920451872, 54.222149176373158 ], [ 15.787315037708879, 54.222761900959654 ], [ 15.797424034676922, 54.228818130018915 ], [ 15.807610115426876, 54.234892682415918 ], [ 15.828801660413324, 54.235498212097212 ], [ 15.849993985315718, 54.236099854115821 ], [ 15.859913934422085, 54.242030752676428 ], [ 15.870314292625496, 54.248220183277098 ], [ 15.891514052703927, 54.248814239900291 ], [ 15.91271458796855, 54.249404277041627 ], [ 15.933915895357597, 54.249990265210442 ], [ 15.955117971544361, 54.250572177684077 ], [ 15.976320812956727, 54.251149990338099 ], [ 15.997524415796549, 54.251723681471148 ], [ 16.018728776058733, 54.25229323162656 ], [ 16.028098407602389, 54.257864480223944 ], [ 16.039107661593444, 54.264382614966003 ], [ 16.060319427107679, 54.264943964675574 ], [ 16.081531938589972, 54.265501110720123 ], [ 16.090734055717679, 54.270959341339221 ], [ 16.101936146179348, 54.277577826915838 ], [ 16.123156048170202, 54.278126600904677 ], [ 16.132266818487814, 54.283520782258627 ], [ 16.143578943911663, 54.290194436922093 ], [ 16.152669036484724, 54.295570241947559 ], [ 16.164013892488388, 54.302257445070737 ], [ 16.185247826067691, 54.302793461947026 ], [ 16.194256695965567, 54.308111058837007 ], [ 16.205701492899774, 54.314847225697235 ], [ 16.214696818018869, 54.320150511655363 ], [ 16.22616723952104, 54.326895939995126 ], [ 16.235152138748656, 54.332186692555162 ], [ 16.246645077147065, 54.338939531470366 ], [ 16.255622778760124, 54.344219597761274 ], [ 16.267135016216582, 54.350977936407723 ], [ 16.276108840541042, 54.35624922300704 ], [ 16.287637066397092, 54.363011100997696 ], [ 16.296610408006824, 54.368275563539726 ], [ 16.308151236592501, 54.375038981568927 ], [ 16.317127546072445, 54.380298614126964 ], [ 16.316432050662243, 54.391848161073611 ], [ 16.327928794730784, 54.398578226380785 ], [ 16.336972066711994, 54.403868116470079 ], [ 16.348472715747459, 54.410594636989529 ], [ 16.357527711551167, 54.41588476758529 ], [ 16.356847331542625, 54.4274347089451 ], [ 16.36829054476582, 54.43412015247219 ], [ 16.377425770204518, 54.439448242882378 ], [ 16.38886427124249, 54.446125135246589 ], [ 16.398019745157157, 54.451458454933018 ], [ 16.397354098084747, 54.463008773123761 ], [ 16.408722449492238, 54.469637281377416 ], [ 16.417970519431954, 54.47501584058017 ], [ 16.429326022446087, 54.48163110233839 ], [ 16.438602226540102, 54.487019565419978 ], [ 16.437950632325375, 54.498570236949909 ], [ 16.449224605628029, 54.505130626884508 ], [ 16.458604165569081, 54.510570784620754 ], [ 16.469858053059774, 54.517113784127289 ], [ 16.491209802110067, 54.517582024391963 ], [ 16.500587691523737, 54.523010590400489 ], [ 16.511862086652492, 54.529555757268021 ], [ 16.521279061555131, 54.535000849179958 ], [ 16.532526551016158, 54.541524701665438 ], [ 16.553892240486036, 54.541979507706742 ], [ 16.563318256767367, 54.547419507757844 ], [ 16.574575528766911, 54.553939305082793 ], [ 16.595948483717795, 54.554385210826624 ], [ 16.617322054137624, 54.554826686295335 ], [ 16.626734832068554, 54.560244662092224 ], [ 16.638030784481167, 54.566773070713168 ], [ 16.659411589004822, 54.567205665145458 ], [ 16.680792991897949, 54.567633819639674 ], [ 16.702174987495926, 54.568057528425278 ], [ 16.723557570133114, 54.568476785527309 ], [ 16.74494073414094, 54.568891584791054 ], [ 16.766324473846147, 54.569301919906003 ], [ 16.775649176437188, 54.574638515556806 ], [ 16.787085014505426, 54.581217544843184 ], [ 16.808475910619151, 54.58161901177111 ], [ 16.829867365180533, 54.58201600497398 ], [ 16.839217506682825, 54.587353926407843 ], [ 16.850653215915091, 54.593918995594898 ], [ 16.872051794651455, 54.59430716292087 ], [ 16.893450914458356, 54.594690849107835 ], [ 16.914850569581375, 54.595070048111545 ], [ 16.924225288038475, 54.600405204648688 ], [ 16.935668248541102, 54.606956513190241 ], [ 16.945108309096504, 54.612324562618923 ], [ 16.956498057577367, 54.618839677721489 ], [ 16.966002785377231, 54.624240385184869 ], [ 16.977339995387187, 54.630719746686161 ], [ 16.986908338614541, 54.636152661541566 ], [ 16.998194061142225, 54.642596923788624 ], [ 17.00782459717508, 54.648061381261016 ], [ 17.01906025461118, 54.65447140890749 ], [ 17.028751200957078, 54.659966534366376 ], [ 17.039938576278818, 54.666343395460842 ], [ 17.061378019601801, 54.666693248694138 ], [ 17.071122179450093, 54.672211334417185 ], [ 17.082275005012054, 54.678558967649749 ], [ 17.092075464974798, 54.684105677428711 ], [ 17.103184120308871, 54.690422594552267 ], [ 17.124637106883309, 54.690760170061544 ], [ 17.134487905246925, 54.696328566840307 ], [ 17.145564880827653, 54.702618012139141 ], [ 17.167024857799912, 54.702947325429129 ], [ 17.176924538667976, 54.708536751706035 ], [ 17.187971287288086, 54.714799611585477 ], [ 17.209438236647813, 54.715120718165565 ], [ 17.219384858850972, 54.720730206126198 ], [ 17.23040332107179, 54.726967639348466 ], [ 17.251877225452297, 54.72728058618052 ], [ 17.261868454682428, 54.732908906276194 ], [ 17.272860966742559, 54.739122290247032 ], [ 17.294341809424736, 54.739427114187777 ], [ 17.31582307779631, 54.739727531084945 ], [ 17.337304766045506, 54.74002353665027 ], [ 17.347344895672745, 54.745666128058375 ], [ 17.358320156433852, 54.751852748821555 ], [ 17.379808744824693, 54.752140657475188 ], [ 17.401297736251657, 54.752424150107274 ], [ 17.422787124898818, 54.752703221840008 ], [ 17.444276904946353, 54.752977867621688 ], [ 17.465767070570987, 54.753248082203349 ], [ 17.47588005277564, 54.758911467033592 ], [ 17.486827016391551, 54.765057583548476 ], [ 17.508324023049411, 54.765319698266076 ], [ 17.529821398529783, 54.765577371956866 ], [ 17.551319137008285, 54.76583059831755 ], [ 17.572817232658505, 54.766079370716859 ], [ 17.583012043415266, 54.771771858901289 ], [ 17.593915189454894, 54.777872790470383 ], [ 17.615420078858193, 54.778113428938369 ], [ 17.63692530873351, 54.778349597604191 ], [ 17.658430873253302, 54.778581288256099 ], [ 17.668703639165038, 54.784303816184533 ], [ 17.679560358630209, 54.790362088949699 ], [ 17.701072680912656, 54.790585591138814 ], [ 17.722585321157599, 54.79080459331292 ], [ 17.732922276629395, 54.7965525995143 ], [ 17.743739895065605, 54.802576203783794 ], [ 17.765259268036335, 54.802786955004784 ], [ 17.786778942274466, 54.802993178721884 ], [ 17.808298911943002, 54.80319486264645 ], [ 17.818726877454406, 54.808979186749639 ], [ 17.829484989129359, 54.814953193175931 ], [ 17.851011655501626, 54.815146526201346 ], [ 17.872538600557295, 54.815335283346592 ], [ 17.883039499931041, 54.821148958463318 ], [ 17.893749762311081, 54.827083720714796 ], [ 17.915283378657104, 54.827264027985962 ], [ 17.936817256865766, 54.827439715573803 ], [ 17.958351391070241, 54.82761076458938 ], [ 17.979885775398333, 54.827777154756085 ], [ 18.001420403971355, 54.827938864305551 ], [ 18.022955270902834, 54.828095869867006 ], [ 18.044490370297009, 54.828248146350418 ], [ 18.066025696247113, 54.828395666822651 ], [ 18.087561242833448, 54.828538402376445 ], [ 18.109097004121146, 54.828676321991736 ], [ 18.130632974157741, 54.828809392388955 ], [ 18.152169146970373, 54.828937577874058 ], [ 18.173705516562745, 54.829060840174449 ], [ 18.195242076911679, 54.82917913826607 ], [ 18.216778821963345, 54.82929242819052 ], [ 18.238315745629087, 54.829400662862298 ], [ 18.259852841780813, 54.829503791865669 ], [ 18.281390104245922, 54.829601761240674 ], [ 18.302927526801795, 54.829694513257834 ], [ 18.324465103169665, 54.8297819861817 ], [ 18.346002827008004, 54.829864114022399 ], [ 18.356032876218546, 54.824579596067132 ], [ 18.367721688719993, 54.818357419173481 ], [ 18.377630733087337, 54.813131909253642 ], [ 18.389428268942261, 54.806842799304199 ], [ 18.399208958040859, 54.80168029212011 ], [ 18.411122572875176, 54.795319999954209 ], [ 18.420767082403977, 54.790224751179274 ], [ 18.420882249599206, 54.778664934985692 ], [ 18.420997080819056, 54.767105095293601 ], [ 18.411606792119482, 54.761972110885594 ], [ 18.399702839277307, 54.755441169039031 ], [ 18.399826059396922, 54.743881332330091 ], [ 18.39994948291308, 54.732321474740495 ], [ 18.412130882713377, 54.72580068949231 ], [ 18.421455954001203, 54.720865515351548 ], [ 18.433775490658348, 54.714260926157571 ], [ 18.442941299913016, 54.709405651177924 ], [ 18.45540787921426, 54.702712150818094 ], [ 18.464405065657019, 54.697941889749252 ], [ 18.464503648539161, 54.686381812544987 ], [ 18.464603147895023, 54.674821717431932 ], [ 18.46470380371521, 54.663261605466438 ], [ 18.46480586894376, 54.651701477761904 ], [ 18.46490960894506, 54.640141335486312 ], [ 18.47777178031594, 54.633211384017699 ], [ 18.499206446506442, 54.633225923099062 ], [ 18.507601223254273, 54.628761814437958 ], [ 18.507689547436854, 54.617201554731629 ], [ 18.507780288736907, 54.605641282838356 ], [ 18.521049615918411, 54.598468434073254 ], [ 18.529129243398685, 54.594165543681648 ], [ 18.529215732405344, 54.582605207247688 ], [ 18.542725834900558, 54.575289473728574 ], [ 18.550535197811183, 54.571125568958585 ], [ 18.550618607187275, 54.559565173228009 ], [ 18.550706095396418, 54.548004770580228 ], [ 18.550798034925617, 54.53644436239265 ], [ 18.550894797179652, 54.524883950037797 ], [ 18.550996749220779, 54.513323534871134 ], [ 18.551104250259051, 54.501763118217788 ], [ 18.564993103037125, 54.494222984382546 ], [ 18.572369862842926, 54.490279366441953 ], [ 18.565077383333424, 54.48628341630927 ], [ 18.551337274397245, 54.478642285515896 ], [ 18.551463442356187, 54.467081871837593 ], [ 18.551596440965511, 54.455521461382972 ], [ 18.56548340566405, 54.447980017603754 ], [ 18.572849522503247, 54.444037533562685 ], [ 18.586938067903333, 54.436377933654889 ], [ 18.594084139558969, 54.432549804218596 ], [ 18.594220525754025, 54.420989313007937 ], [ 18.608490682771055, 54.413222771015462 ], [ 18.629811124176609, 54.413152482054208 ], [ 18.636499798885914, 54.40956297899622 ], [ 18.651229518633688, 54.401529730792234 ], [ 18.672543929294484, 54.401441966827299 ], [ 18.678721657693281, 54.39812170561293 ], [ 18.693944218706282, 54.389803503080216 ], [ 18.699871248096198, 54.386615143884555 ], [ 18.715332412132007, 54.378159433236135 ], [ 18.721005734284347, 54.375104835206201 ], [ 18.73670851120276, 54.366510315021991 ], [ 18.758004762412014, 54.366386383669415 ], [ 18.779300917525756, 54.366254460276622 ], [ 18.800596964915261, 54.366114579728915 ], [ 18.805053184122212, 54.363708807166788 ], [ 18.82194277134608, 54.354434559377346 ], [ 18.843232607060436, 54.354278219400157 ], [ 18.847060953464162, 54.352208333178382 ], [ 18.86456020475222, 54.342587501001312 ], [ 18.885843786390016, 54.342415686601264 ], [ 18.90712720174464, 54.34223665740916 ], [ 18.928410440220919, 54.342050618238225 ], [ 18.947673031313546, 54.352293881793884 ], [ 18.949679412130372, 54.353385070495968 ], [ 18.951688457386062, 54.352295555738024 ], [ 18.970976346171021, 54.341658477689244 ], [ 18.992258994697409, 54.341452936821099 ], [ 19.013541428609148, 54.341241507847933 ], [ 19.034823640027362, 54.341024548924871 ], [ 19.056105621855004, 54.340802448723281 ], [ 19.063246905191576, 54.340727641136269 ], [ 19.067835992808195, 54.329164113552636 ], [ 19.073303664260209, 54.317599857866497 ], [ 19.077330499327516, 54.310268670452537 ], [ 19.079738950833519, 54.306034695511066 ], [ 19.087245203743439, 54.29446839654242 ], [ 19.095662730760033, 54.282900887308372 ], [ 19.098523103605526, 54.27935760039778 ], [ 19.105255685806842, 54.271331746213313 ], [ 19.11590160597444, 54.259760809820634 ], [ 19.119705798354836, 54.255961362128957 ], [ 19.127820331340576, 54.248187565565253 ], [ 19.140853900481428, 54.23661181964075 ], [ 19.140878263821755, 54.236591680680299 ], [ 19.155506356572719, 54.225032560056512 ], [ 19.162042544915248, 54.220188572025222 ], [ 19.17158790211916, 54.213449465263963 ], [ 19.183198668652469, 54.205727629807775 ], [ 19.189323411546393, 54.201861608366002 ], [ 19.204348059392906, 54.192892412515597 ], [ 19.208999148266191, 54.190267760693196 ], [ 19.225491858527903, 54.181433944482407 ], [ 19.230982264486727, 54.178666265577064 ], [ 19.246630999462894, 54.171154147538417 ], [ 19.255748721113676, 54.167054846726586 ], [ 19.267766261249971, 54.16189390234149 ], [ 19.283924134731869, 54.155430309436746 ], [ 19.288898307698553, 54.153524316917171 ], [ 19.310028402065061, 54.14603203110503 ], [ 19.316915985499715, 54.143786558949913 ], [ 19.331157189133325, 54.139329759151259 ], [ 19.35228485262207, 54.133296891846619 ], [ 19.356866470446672, 54.132113296775572 ], [ 19.373413027187127, 54.128001494828354 ], [ 19.394541475497526, 54.123300101177499 ], [ 19.409343837725132, 54.120384775653655 ], [ 19.415671012931757, 54.119183586948594 ], [ 19.436802794224295, 54.1156769007208 ], [ 19.457936500118937, 54.112666670697401 ], [ 19.479072694309366, 54.110136082576489 ], [ 19.495777342449308, 54.108498222057925 ], [ 19.50021202419693, 54.108078114568329 ], [ 19.521355196346899, 54.106491591920914 ], [ 19.542501992794918, 54.105304679443108 ], [ 19.563652689302515, 54.104492703654707 ], [ 19.58480749381199, 54.104029722680721 ], [ 19.60596654878163, 54.103888907804667 ], [ 19.627129934387494, 54.104042906255685 ], [ 19.648297672434019, 54.104464179186259 ], [ 19.669469730814363, 54.105125310251054 ], [ 19.690646028365773, 54.10599928157388 ], [ 19.71182643997404, 54.107059715197494 ], [ 19.71735154151385, 54.107381522425442 ], [ 19.733011281069754, 54.1083082507201 ], [ 19.75420013548155, 54.109706023403149 ], [ 19.775392602003567, 54.111219217258814 ], [ 19.796588423922387, 54.112825152092384 ], [ 19.817787325874665, 54.1145025518599 ], [ 19.838989018272731, 54.116231588001611 ], [ 19.860193201370144, 54.117993898664551 ], [ 19.860337456228471, 54.11800617309666 ], [ 19.881400671790772, 54.119824560625716 ], [ 19.90261006716517, 54.121655993782831 ], [ 19.923821063558993, 54.123473525522506 ], [ 19.945033347161985, 54.125264249506039 ], [ 19.966246608948801, 54.127016602299747 ], [ 19.985997133578895, 54.12860434487542 ], [ 19.987460630545694, 54.128723829797515 ], [ 20.008676169114455, 54.130419904951872 ], [ 20.029891806228253, 54.132048289574897 ], [ 20.051107261887729, 54.13360198867251 ], [ 20.072322267480409, 54.135075004101033 ], [ 20.093536566328776, 54.136462258264174 ], [ 20.11474991406789, 54.137759520162312 ], [ 20.13414910152806, 54.138861760728595 ], [ 20.135962170689847, 54.13896668908675 ], [ 20.157173966548296, 54.140111302460497 ], [ 20.178384115110973, 54.14115492008073 ], [ 20.199592418051648, 54.142096014450438 ], [ 20.220798689622129, 54.142933591633522 ], [ 20.242002756436868, 54.143667138209118 ], [ 20.263204457213881, 54.144296572166596 ], [ 20.284403642481983, 54.144822197610274 ], [ 20.305600174262395, 54.145244663098168 ], [ 20.326793925731167, 54.145564923405971 ], [ 20.347984780868053, 54.145784204513298 ], [ 20.369172634095893, 54.145903971583245 ], [ 20.390357389913735, 54.145925899711145 ], [ 20.411538962526027, 54.145851847218339 ], [ 20.432717275469656, 54.145683831274575 ], [ 20.45389226123956, 54.145424005633167 ], [ 20.475063860914009, 54.145074640293963 ], [ 20.496232023779204, 54.144638102889367 ], [ 20.517396706953708, 54.144116841641662 ], [ 20.538557875011996, 54.143513369713624 ], [ 20.559715499607417, 54.142830250831075 ], [ 20.580869559093678, 54.142070086029165 ], [ 20.602020038145287, 54.141235501430295 ], [ 20.62316692737658, 54.140329136947706 ], [ 20.644310222959241, 54.139353635827149 ], [ 20.665449926239024, 54.138311634969746 ], [ 20.686586043352357, 54.137205755980858 ], [ 20.707718584843125, 54.136038596889776 ], [ 20.728847565281612, 54.134812724529191 ], [ 20.749973002886637, 54.133530667540462 ], [ 20.771094919152681, 54.132194909995832 ], [ 20.791140236252637, 54.130878409163913 ], [ 20.792213406167694, 54.130809453295463 ], [ 20.813329764377151, 54.12940577500661 ], [ 20.834442773902708, 54.127956872239096 ], [ 20.85555246503991, 54.126464937217243 ], [ 20.876658869591711, 54.124932096504075 ], [ 20.897762020593891, 54.123360408703753 ], [ 20.918861952066091, 54.121751862866731 ], [ 20.939958698792939, 54.120108377638523 ], [ 20.961052296138668, 54.118431801168633 ], [ 20.982142779899316, 54.116723911809387 ], [ 20.988280191363287, 54.116219196805574 ], [ 21.003231532878846, 54.115014339318151 ], [ 21.02431786858018, 54.11328902831648 ], [ 21.045401277397428, 54.111538092024766 ], [ 21.06648179517007, 54.109763008676687 ], [ 21.087559458120825, 54.107965204382936 ], [ 21.108634303017965, 54.106146058963418 ], [ 21.129706367402598, 54.104306912698682 ], [ 21.150775689884828, 54.102449074015517 ], [ 21.159087879615758, 54.101711217617598 ], [ 21.171843627537868, 54.10059902470352 ], [ 21.192909815469328, 54.098749605856355 ], [ 21.213973451338358, 54.09688571872848 ], [ 21.235034580988739, 54.095008601173255 ], [ 21.25609325384999, 54.093119511000708 ], [ 21.277149523700256, 54.091219739015472 ], [ 21.298203449522351, 54.089310623028183 ], [ 21.319255096456011, 54.087393562833512 ], [ 21.322445842812336, 54.087103617165219 ], [ 21.340306497228919, 54.085504857985839 ], [ 21.361356163139636, 54.083617525750981 ], [ 21.382403837286891, 54.08172702699234 ], [ 21.403449617793356, 54.079835122157995 ], [ 21.424493614876415, 54.077943718400398 ], [ 21.445535952416861, 54.076054890010852 ], [ 21.466576769653688, 54.074170899942487 ], [ 21.487616223010757, 54.072294222454502 ], [ 21.488490127537577, 54.072217329981981 ], [ 21.508656654781927, 54.070463488083675 ], [ 21.529696198872067, 54.068646858220369 ], [ 21.550734976767536, 54.066845949181506 ], [ 21.571773227265709, 54.065064222287873 ], [ 21.592811216832818, 54.063305471291528 ], [ 21.613849242303523, 54.061573852052028 ], [ 21.634887633769299, 54.059873913770396 ], [ 21.655926757666641, 54.058210631861421 ], [ 21.676725547019341, 54.056608246370061 ], [ 21.676967041810713, 54.056589780356688 ], [ 21.698010688895149, 54.055044326927977 ], [ 21.719056347108925, 54.053551827749025 ], [ 21.740104548586174, 54.052119135233248 ], [ 21.761155879358778, 54.050753706040851 ], [ 21.782210983879381, 54.049463645757719 ], [ 21.803270569857844, 54.04825775614389 ], [ 21.824335413432358, 54.047145585112219 ], [ 21.845406364696331, 54.04613747958232 ], [ 21.866484353603642, 54.04524464136459 ], [ 21.88757039627637, 54.044479186235243 ], [ 21.908665601738626, 54.04385420634388 ], [ 21.929771179101916, 54.043383836103899 ], [ 21.950888445227182, 54.043083321697345 ], [ 21.972018832890186, 54.042969094329834 ], [ 21.993163899475768, 54.043058847339232 ], [ 22.014325336227238, 54.043371617253392 ], [ 22.035504978077419, 54.043927868878534 ], [ 22.056704814086078, 54.044749584456909 ], [ 22.077926998508808, 54.045860356916251 ], [ 22.090356250908627, 54.046683609702001 ], [ 22.099175268874248, 54.047304369757057 ], [ 22.120453211489, 54.049122554090573 ], [ 22.14176160570198, 54.051317521630502 ], [ 22.163103392739778, 54.05392021476878 ], [ 22.177657164230755, 54.055973578433893 ], [ 22.18448367257956, 54.056988895764086 ], [ 22.205908559826643, 54.060593362581727 ], [ 22.22737754922246, 54.064716173040466 ], [ 22.23361973103459, 54.066047888301895 ], [ 22.248900411180777, 54.069471786398502 ], [ 22.270478138590629, 54.074859932160415 ], [ 22.276324448611707, 54.076458599482066 ], [ 22.292119797964936, 54.080982167219922 ], [ 22.311464139320599, 54.08706304476835 ], [ 22.313826640254977, 54.087839211228435 ], [ 22.33560918949502, 54.09554710024986 ], [ 22.341519951478947, 54.097798856346557 ], [ 22.357470488232501, 54.104126059911231 ], [ 22.368078555799919, 54.108625365260451 ], [ 22.379415425190267, 54.11361826812648 ], [ 22.392046816157983, 54.119519279085623 ], [ 22.401449030889726, 54.12406629610868 ], [ 22.414009672931652, 54.130465518945108 ], [ 22.423574857151234, 54.135493434116242 ], [ 22.434401896220443, 54.141452750966202 ], [ 22.445794591481096, 54.147899685350446 ], [ 22.45355297020744, 54.15247230006203 ], [ 22.468107754978547, 54.161258943138996 ], [ 22.471716916861936, 54.163517416994843 ], [ 22.4890613218639, 54.174583680015225 ], [ 22.490512123901134, 54.175524893722553 ], [ 22.505692489032718, 54.185668339061728 ], [ 22.513003178446603, 54.19062523960541 ], [ 22.521827877824126, 54.196765319268032 ], [ 22.535571441354094, 54.206431501032959 ], [ 22.537573620616442, 54.207871696202254 ], [ 22.55292974754374, 54.218987618804505 ], [ 22.558208346325014, 54.222829180849871 ], [ 22.568033995443884, 54.230109150411494 ], [ 22.580901576061493, 54.239663567234274 ], [ 22.582983977928873, 54.241233478942178 ], [ 22.597750873103887, 54.252361522329146 ], [ 22.603639365116656, 54.256790468437927 ], [ 22.612444959815246, 54.263490038595151 ], [ 22.626409251737332, 54.274061704429812 ], [ 22.627135927236907, 54.274616955610107 ], [ 22.641772738652008, 54.285743818476767 ], [ 22.64919982310192, 54.291344998196287 ], [ 22.65647662856999, 54.296866967315367 ], [ 22.671275556548959, 54.307985527149135 ], [ 22.672000979295607, 54.308526419171947 ], [ 22.68613375867271, 54.319100558998464 ], [ 22.694803720381231, 54.325507400147124 ], [ 22.701154630442524, 54.33020886685447 ], [ 22.716347423364972, 54.341310107309219 ], [ 22.71760129883647, 54.342216976936385 ], [ 22.731694826141556, 54.352404754127754 ], [ 22.739807894546853, 54.352219155964484 ], [ 22.761065710681262, 54.351728178124205 ], [ 22.782817566827255, 54.362380210878236 ], [ 22.783373222770546, 54.362650932880932 ], [ 22.804635015167595, 54.362146535809686 ], [ 22.82599458493387, 54.372586757113972 ], [ 22.827283711084991, 54.384115095674794 ], [ 22.828578446829166, 54.395643241209342 ], [ 22.829087094385791, 54.395890520380149 ], [ 22.850846654848265, 54.406503510311332 ], [ 22.851435673384696, 54.406789596741675 ], [ 22.872718400028386, 54.40626778401851 ], [ 22.873528799237324, 54.405777115568462 ], [ 22.892917201288046, 54.394321699186314 ], [ 22.9141917583257, 54.393784002729284 ], [ 22.935465234755078, 54.393239027770434 ], [ 22.9567376262831, 54.392686837200188 ], [ 22.958794050527434, 54.391438339778468 ], [ 22.976902541275717, 54.380703874226562 ], [ 22.998166746224868, 54.380136488961824 ], [ 23.000893403319189, 54.378478623794045 ], [ 22.99996499419948, 54.366939399989384 ], [ 22.999032389171848, 54.355400305244977 ], [ 23.016077802252177, 54.345269486732441 ], [ 23.037321832943402, 54.34468548765809 ], [ 23.058564770466482, 54.344094716793215 ], [ 23.062480479995152, 54.341707748893491 ], [ 23.05812126724642, 54.339599644947597 ], [ 23.040067968287715, 54.330891088213498 ], [ 23.039106314255413, 54.319353073629024 ], [ 23.055181490489201, 54.30977252616745 ], [ 23.059571181667422, 54.307094743966601 ], [ 23.075272708550578, 54.297725592787792 ], [ 23.096489549124158, 54.297118279304136 ], [ 23.113301203561512, 54.305271629045556 ], [ 23.118849919320326, 54.307953011800379 ], [ 23.14007053734878, 54.30733355575984 ], [ 23.145232649095782, 54.304176748012502 ], [ 23.160133506344668, 54.295257783892524 ], [ 23.165615441738339, 54.291902528971917 ], [ 23.180183997721539, 54.283171679134981 ], [ 23.201389394923588, 54.282531989809506 ], [ 23.207346679066621, 54.278880415138147 ], [ 23.221420373767621, 54.270428968052492 ], [ 23.227666076070058, 54.266597340084893 ], [ 23.241438913298769, 54.258316060222541 ], [ 23.262629110747834, 54.2576570067204 ], [ 23.283818201123783, 54.256992023103379 ], [ 23.305006181870379, 54.256321163388982 ], [ 23.326193050493032, 54.255644481117471 ], [ 23.333302144111098, 54.251268613220454 ], [ 23.346171012022843, 54.243496550578143 ], [ 23.353523749347829, 54.238966863474985 ], [ 23.366136592383786, 54.231339489354632 ], [ 23.373722272247544, 54.226662325757182 ], [ 23.386089808195756, 54.219173446007495 ], [ 23.393897996734776, 54.214355000443703 ], [ 23.392770506269272, 54.202824140223115 ], [ 23.404807477846163, 54.195521714341446 ], [ 23.412912812210898, 54.19051451397327 ], [ 23.411770646364541, 54.178984269935057 ], [ 23.423502795268021, 54.171853077931488 ], [ 23.444641633896318, 54.17114037937197 ], [ 23.465779357655119, 54.170422327052059 ], [ 23.474378402648089, 54.165097830687465 ], [ 23.485670998958597, 54.158213503484674 ], [ 23.49444420312609, 54.152776573201557 ], [ 23.493263161019385, 54.141248144445996 ], [ 23.492078475088366, 54.129719843452953 ], [ 23.490890151541674, 54.118191669909578 ], [ 23.501803324751997, 54.111517266138499 ], [ 23.510903545616827, 54.105869084233106 ], [ 23.509701268119755, 54.094341521977455 ], [ 23.508495412622931, 54.082814085451062 ], [ 23.519149234097579, 54.076280797079143 ], [ 23.528467685362394, 54.070489682363693 ], [ 23.527248121534498, 54.058962853046488 ], [ 23.526025064946193, 54.047436146747721 ], [ 23.524798545207876, 54.035909562267818 ], [ 23.523568597748678, 54.024383098187954 ], [ 23.512955657743991, 54.019276280443194 ], [ 23.501186421615429, 54.013652053938465 ], [ 23.499956271527733, 54.002125467002749 ], [ 23.489419843493948, 53.997049102073881 ], [ 23.47758363574539, 53.991389957699631 ], [ 23.476353503715398, 53.979863238321933 ], [ 23.486870187055409, 53.973381559989591 ], [ 23.496246352969514, 53.967546381257328 ], [ 23.506659027968272, 53.961119518102194 ], [ 23.516119831863083, 53.955226728154841 ], [ 23.514867527578161, 53.943701042880299 ], [ 23.513612380445981, 53.932175455323012 ], [ 23.512354514134586, 53.920649960750183 ], [ 23.511094066522073, 53.909124553896483 ], [ 23.509831190531322, 53.897599228933196 ], [ 23.520188956894742, 53.891177579717734 ], [ 23.529640538094039, 53.885279025629167 ], [ 23.528366878770363, 53.873754208780113 ], [ 23.527091339664238, 53.862229453419999 ], [ 23.537424042630398, 53.855807621706852 ], [ 23.546866404301213, 53.8499072758433 ], [ 23.545581346658899, 53.838382984420406 ], [ 23.544295107446978, 53.826858728247892 ], [ 23.543007957542926, 53.815334496994581 ], [ 23.541720185235249, 53.803810279674991 ], [ 23.540432095404196, 53.792286064680894 ], [ 23.539144008343584, 53.780761839826582 ], [ 23.537856258197102, 53.769237592408629 ], [ 23.548366113569173, 53.762678485320713 ], [ 23.557567224732498, 53.756915169072066 ], [ 23.568036838088155, 53.750374169183083 ], [ 23.577263853957451, 53.744589824784633 ], [ 23.575966326607208, 53.733066171251807 ], [ 23.586436045324444, 53.726516936120859 ], [ 23.59564445609703, 53.720738188375023 ], [ 23.594344429932452, 53.709214737528974 ], [ 23.59304690468937, 53.697691181043695 ], [ 23.59175224387257, 53.686167504969447 ], [ 23.590460799418658, 53.674643695809415 ], [ 23.601030081899975, 53.668023291648304 ], [ 23.6101127154141, 53.662313728141314 ], [ 23.608822380267863, 53.65078998229346 ], [ 23.607536220612978, 53.639266066005611 ], [ 23.606254499707862, 53.627741969169954 ], [ 23.616853201533946, 53.621098759597594 ], [ 23.625890062196685, 53.615409525907253 ], [ 23.624611688140181, 53.60388540436071 ], [ 23.62333835670589, 53.592361078367681 ], [ 23.633910801755071, 53.585731529554025 ], [ 23.642962318956886, 53.580025863553466 ], [ 23.641693307520647, 53.568501473392288 ], [ 23.64042957012628, 53.556976869192113 ], [ 23.650943653795562, 53.550382011606679 ], [ 23.660043189774147, 53.544638835299729 ], [ 23.658783963874598, 53.53311415750202 ], [ 23.657529832108551, 53.521589272060041 ], [ 23.667951888992722, 53.515050487047596 ], [ 23.677133161809081, 53.509248417940491 ], [ 23.675882925164395, 53.497723481081586 ], [ 23.674637215380201, 53.486198358203204 ], [ 23.684935418762464, 53.47973524689089 ], [ 23.694229132520768, 53.47385472929723 ], [ 23.69298599139119, 53.462329605512807 ], [ 23.691746503748977, 53.450804329538691 ], [ 23.70189396220719, 53.444432864593544 ], [ 23.711324915959182, 53.438458011060973 ], [ 23.71008615678231, 53.426932805757239 ], [ 23.720103177726738, 53.420639200551634 ], [ 23.729651561370112, 53.414583675192638 ], [ 23.728412161443192, 53.403058594789144 ], [ 23.727174613700811, 53.391533432755296 ], [ 23.737013207811248, 53.385346654407783 ], [ 23.74672180183207, 53.379181810739112 ], [ 23.74548145670385, 53.367656859673218 ], [ 23.75517969019808, 53.361552646419817 ], [ 23.765012339300419, 53.355302570420037 ], [ 23.76376782304591, 53.343777886303073 ], [ 23.762523378839361, 53.332253191335454 ], [ 23.772039878686407, 53.326255468505913 ], [ 23.782031164800603, 53.319896624269603 ], [ 23.780780656866241, 53.308372273790276 ], [ 23.77952932198307, 53.296847948583554 ], [ 23.788873100257124, 53.290949742406255 ], [ 23.7990115142501, 53.284489217150792 ], [ 23.79775254395561, 53.272965302057656 ], [ 23.806971996257275, 53.267137410820425 ], [ 23.817214072030783, 53.26060410971094 ], [ 23.815946628230613, 53.249080641221127 ], [ 23.825050754713118, 53.243317030651099 ], [ 23.835386769895528, 53.236717028041639 ], [ 23.844411168729859, 53.230997605547067 ], [ 23.854812315623388, 53.224350613755945 ], [ 23.853528366757995, 53.212828036703073 ], [ 23.86245362064399, 53.207162306671798 ], [ 23.872931743475903, 53.200459253514467 ], [ 23.871637927893811, 53.188937188508191 ], [ 23.880475855092218, 53.183317488453625 ], [ 23.90110818964682, 53.182496156388446 ], [ 23.911693760637753, 53.175713375149691 ], [ 23.910384656691122, 53.164192175764697 ], [ 23.909072950453293, 53.152671076219498 ], [ 23.907758601231997, 53.141150078114791 ], [ 23.906441583041723, 53.129629182442471 ], [ 23.894409075397927, 53.123770345635769 ], [ 23.884472390899269, 53.118959386398274 ], [ 23.883155085388267, 53.107438357328931 ], [ 23.881835110797159, 53.095917429854673 ], [ 23.880512495575083, 53.084396602723359 ], [ 23.879187280333277, 53.072875874183374 ], [ 23.887983546843788, 53.067248238245973 ], [ 23.898483669234416, 53.060505944806529 ], [ 23.897148352360173, 53.048985747994465 ], [ 23.90593265146353, 53.043356018853402 ], [ 23.916422426105665, 53.036613515046952 ], [ 23.915077287473686, 53.02509384167152 ], [ 23.923861732083793, 53.019454410550381 ], [ 23.934329360415052, 53.012719303829769 ], [ 23.932974743909764, 53.001200142802091 ], [ 23.931618084726363, 52.98968105836672 ], [ 23.930259503182413, 52.978162045447782 ], [ 23.939129987189556, 52.972452438894209 ], [ 23.949475987940318, 52.965786038788337 ], [ 23.948108812379775, 52.954267505076999 ], [ 23.936399941606151, 52.94854791224477 ], [ 23.926173576525834, 52.943605378886623 ], [ 23.924808706424912, 52.932086593122676 ], [ 23.923442662555612, 52.920567847438086 ], [ 23.922075622803288, 52.909049134387679 ], [ 23.920707773808804, 52.897530446167508 ], [ 23.919339310564062, 52.886011774631896 ], [ 23.917970435923628, 52.874493111314173 ], [ 23.916601360024199, 52.862974447450874 ], [ 23.915232299605208, 52.851455774010354 ], [ 23.924660070917419, 52.845362581721673 ], [ 23.934381810599799, 52.839083999566142 ], [ 23.933007858342801, 52.827565652995609 ], [ 23.931634544819914, 52.816047270909664 ], [ 23.930262102184489, 52.804528843620147 ], [ 23.939872327655998, 52.798307311134323 ], [ 23.949384547974311, 52.792155292415949 ], [ 23.948008742691854, 52.780637129619301 ], [ 23.946634447799756, 52.769118894811285 ], [ 23.945261894698369, 52.757600578319298 ], [ 23.943891311621858, 52.746082170609483 ], [ 23.94252292208229, 52.734563662351619 ], [ 23.941156943266513, 52.723045044485836 ], [ 23.939793584404654, 52.711526308290594 ], [ 23.929467366867225, 52.706450368948609 ], [ 23.917987492732575, 52.700859373534222 ], [ 23.907775007512651, 52.695834901002257 ], [ 23.896195489290676, 52.69018800546371 ], [ 23.886092887169312, 52.685213202136843 ], [ 23.874418010019845, 52.679512192350678 ], [ 23.864420976660263, 52.674585026411968 ], [ 23.85265545244069, 52.668831924357853 ], [ 23.842759249714355, 52.663950149351173 ], [ 23.830908167747783, 52.658147193826949 ], [ 23.821107683402406, 52.65330837243787 ], [ 23.809176453519306, 52.647457995533081 ], [ 23.799466258521491, 52.642659527269814 ], [ 23.787460547338306, 52.636764326894301 ], [ 23.786170398654878, 52.625241550533637 ], [ 23.776579035677926, 52.620496105589538 ], [ 23.764481121550027, 52.614542840646614 ], [ 23.754963730429509, 52.609829851134677 ], [ 23.734602702353115, 52.61066942164355 ], [ 23.714240689344315, 52.611505630077282 ], [ 23.693877694058379, 52.612338464038082 ], [ 23.673513719050693, 52.613167909972994 ], [ 23.653148766772983, 52.613993953113514 ], [ 23.64080204941444, 52.607888932575243 ], [ 23.631564771625662, 52.603297836611794 ], [ 23.611203096970424, 52.60411591334973 ], [ 23.598773808823555, 52.597957324427725 ], [ 23.589633484596675, 52.59340789016904 ], [ 23.569275102032631, 52.59421795328614 ], [ 23.556771797278238, 52.588010025093155 ], [ 23.54771989800447, 52.583498134784499 ], [ 23.535185247046734, 52.577266368788941 ], [ 23.526174856692109, 52.572771233384657 ], [ 23.513614005464273, 52.566518336458635 ], [ 23.50463999622627, 52.562037430956593 ], [ 23.484293483678606, 52.562830404295482 ], [ 23.471679419814432, 52.556538912499065 ], [ 23.470515955889024, 52.545009227693825 ], [ 23.461600900303466, 52.540549967838288 ], [ 23.448988327648401, 52.534248195364334 ], [ 23.440096709235807, 52.529796772049615 ], [ 23.427474387225125, 52.523482874429419 ], [ 23.418602786589116, 52.519037593926399 ], [ 23.405973694374609, 52.512713287313005 ], [ 23.397119155049829, 52.508272683566695 ], [ 23.384485813404876, 52.501939455954755 ], [ 23.383356204193522, 52.49040798795798 ], [ 23.374498228466212, 52.485960385861972 ], [ 23.361887695689958, 52.479629551042017 ], [ 23.360766123612557, 52.468097650341072 ], [ 23.351900413374871, 52.463640885288157 ], [ 23.339315753332464, 52.457314662315831 ], [ 23.338201372641421, 52.445782361983952 ], [ 23.329325788232758, 52.441315347971305 ], [ 23.316768077203101, 52.434994870002505 ], [ 23.315660185694995, 52.423462197390684 ], [ 23.314552667065367, 52.4119294995442 ], [ 23.305647974821976, 52.407441127301524 ], [ 23.293141145643322, 52.40113721710064 ], [ 23.284246320705666, 52.396649926174888 ], [ 23.27173959344638, 52.390340826778242 ], [ 23.270643184937825, 52.378807467969729 ], [ 23.261741532027997, 52.374311431728152 ], [ 23.249256687983703, 52.368006668017507 ], [ 23.248165558906393, 52.356472984454591 ], [ 23.239260043196051, 52.351969694155336 ], [ 23.226793798267593, 52.345667792573977 ], [ 23.225707798069177, 52.334133790618402 ], [ 23.216801836125356, 52.329624971338589 ], [ 23.204350584718178, 52.323324219629534 ], [ 23.203269647094931, 52.311789902560093 ], [ 23.194366880725418, 52.307277399646814 ], [ 23.181926884996688, 52.300975961844479 ], [ 23.180850997917545, 52.289441330982889 ], [ 23.192006128074521, 52.282323307725704 ], [ 23.200027037378362, 52.277186870005238 ], [ 23.198946282088148, 52.26565249695939 ], [ 23.197865606852115, 52.254118108636249 ], [ 23.19678502294013, 52.242583704612784 ], [ 23.195704538882413, 52.231049284563895 ], [ 23.206769138359721, 52.223976620302537 ], [ 23.226971313072379, 52.223269240947054 ], [ 23.247172644783994, 52.222558396246342 ], [ 23.255300503673727, 52.217338931031804 ], [ 23.266266466317344, 52.210316044267969 ], [ 23.278445411938101, 52.21650065508026 ], [ 23.287572752473885, 52.221126202887994 ], [ 23.295746804923354, 52.215871037727297 ], [ 23.306654476946267, 52.208877615227259 ], [ 23.326847181817641, 52.208153054303729 ], [ 23.34703901125258, 52.207424899866368 ], [ 23.367229959007819, 52.206693131628505 ], [ 23.375501307973291, 52.201362049952472 ], [ 23.386282962559051, 52.194431777354708 ], [ 23.394583116287617, 52.189077928547938 ], [ 23.405325443176373, 52.182167207186239 ], [ 23.413653788996871, 52.176790957044396 ], [ 23.424357407030282, 52.16989941049021 ], [ 23.436295556750334, 52.175940086141345 ], [ 23.4456803452074, 52.180679644708057 ], [ 23.454051152293719, 52.175269773469964 ], [ 23.464700143920364, 52.168405247830201 ], [ 23.476591371569505, 52.174414952260243 ], [ 23.486031604664092, 52.179177273362903 ], [ 23.506205854355628, 52.178420503842545 ], [ 23.514636970218806, 52.172962257142345 ], [ 23.505170114337464, 52.168189630669943 ], [ 23.493288120614483, 52.162204845842695 ], [ 23.492133427395448, 52.150674810399593 ], [ 23.502708213378575, 52.143846684274799 ], [ 23.511157748832282, 52.138373086852795 ], [ 23.521696498770464, 52.13156252069269 ], [ 23.541848223346364, 52.130799857183057 ], [ 23.550341679919914, 52.125290342588414 ], [ 23.560819928546742, 52.118509101676672 ], [ 23.58096462220136, 52.117739326589451 ], [ 23.601108370623184, 52.116965777172496 ], [ 23.609661232880573, 52.111407016790501 ], [ 23.608477678429018, 52.099878776755965 ], [ 23.618864409092069, 52.093141408246424 ], [ 23.627444261668025, 52.087559597262391 ], [ 23.637798602978592, 52.080837621449355 ], [ 23.646399708563163, 52.075237618988382 ], [ 23.645207222147729, 52.063709944558269 ], [ 23.65552140346502, 52.057006917669192 ], [ 23.664146948336171, 52.051385467119125 ], [ 23.662950125468253, 52.039858067418514 ], [ 23.661753530866015, 52.028330648349801 ], [ 23.660557113902811, 52.016803211896814 ], [ 23.670819123977822, 52.010123878928269 ], [ 23.679471851600894, 52.004476839738395 ], [ 23.67827086403495, 51.992949688895152 ], [ 23.67706990413193, 51.98142252664227 ], [ 23.675868902872764, 51.969895355699016 ], [ 23.66611429315644, 51.964975731755402 ], [ 23.654575577837594, 51.959165851838826 ], [ 23.644849030813141, 51.954256169583765 ], [ 23.633289708899564, 51.948432335024471 ], [ 23.643553961626296, 51.941745463278878 ], [ 23.652181903870577, 51.936110876446953 ], [ 23.642463283827475, 51.931202129375578 ], [ 23.630904478400904, 51.925376754397384 ], [ 23.621220272027582, 51.920481195870359 ], [ 23.609634010300049, 51.914638643436504 ], [ 23.619929219501103, 51.907929948334804 ], [ 23.628517185448601, 51.902321212223107 ], [ 23.627322532326911, 51.890793464653747 ], [ 23.626127076887407, 51.879265737879642 ], [ 23.616483296139549, 51.874384533469311 ], [ 23.604871320538155, 51.868526502253921 ], [ 23.615191630896771, 51.861793467440705 ], [ 23.623733344482048, 51.856210362876013 ], [ 23.614120138251113, 51.851341603272488 ], [ 23.602484116966028, 51.845470595556783 ], [ 23.60128866905972, 51.833942697975708 ], [ 23.611645589645182, 51.827179258970773 ], [ 23.620134040835058, 51.821627561058854 ], [ 23.630473489063963, 51.814869533504584 ], [ 23.638967847209614, 51.809309681715185 ], [ 23.637759503130209, 51.797782514688713 ], [ 23.636549457935651, 51.786255403848799 ], [ 23.627042499598488, 51.781434081243717 ], [ 23.615313670858743, 51.775517841810419 ], [ 23.605877844864672, 51.770728511782437 ], [ 23.594082445811679, 51.764776391214305 ], [ 23.584723468143309, 51.760022017942696 ], [ 23.564741942157298, 51.760823012042032 ], [ 23.552834901868273, 51.754809849947911 ], [ 23.543602074097038, 51.750113022376588 ], [ 23.531614506152849, 51.744056993295509 ], [ 23.530413768840763, 51.732528812084098 ], [ 23.541130906788915, 51.72551777382116 ], [ 23.54922055425887, 51.720226167229718 ], [ 23.548010211823975, 51.708698464975953 ], [ 23.546796801105888, 51.69717086976005 ], [ 23.545580139174223, 51.685643388586733 ], [ 23.544360036284626, 51.674116028719531 ], [ 23.543136295784176, 51.662588797684279 ], [ 23.541908714054294, 51.651061703270926 ], [ 23.540677080494785, 51.639534753533887 ], [ 23.539441177553101, 51.628007956790555 ], [ 23.538200780802818, 51.616481321617975 ], [ 23.536955659076469, 51.604954856847314 ], [ 23.548313738332105, 51.597480791499002 ], [ 23.555672509353446, 51.592653756878654 ], [ 23.554413583350939, 51.58112794260655 ], [ 23.553149225430758, 51.569602326750775 ], [ 23.564736500167712, 51.561960464792577 ], [ 23.571833646434932, 51.557299595307668 ], [ 23.570554089191251, 51.545774689486443 ], [ 23.569268340076455, 51.534250012335761 ], [ 23.581132140365074, 51.5264076011632 ], [ 23.601016264698838, 51.525664017021256 ], [ 23.60785880566192, 51.521162576331378 ], [ 23.606552866483639, 51.509638959811397 ], [ 23.618545319642983, 51.50169313399455 ], [ 23.625171757091014, 51.497329657282812 ], [ 23.637236216110956, 51.489326724041618 ], [ 23.657102793600433, 51.488575204707409 ], [ 23.663699560746231, 51.484225514519373 ], [ 23.675777362075721, 51.476199826506104 ], [ 23.682281132398039, 51.471908190277453 ], [ 23.674954705143222, 51.468169569060763 ], [ 23.661015774498026, 51.461181949848438 ], [ 23.65393971712788, 51.457568039148072 ], [ 23.639747413918275, 51.450452091986065 ], [ 23.652359793663372, 51.442059403541293 ], [ 23.672205756317744, 51.441308937651414 ], [ 23.678209170314283, 51.437345099959352 ], [ 23.676835050140522, 51.425824714776553 ], [ 23.689661094758964, 51.417269060713842 ], [ 23.695352821700912, 51.413507416331939 ], [ 23.693957348149372, 51.401988021605796 ], [ 23.687770733216276, 51.398826879319735 ], [ 23.672658488757062, 51.391265642645671 ], [ 23.671247394477565, 51.379746679121922 ], [ 23.669826464409848, 51.368228094007279 ], [ 23.664469035500577, 51.365486638286654 ], [ 23.648509823150615, 51.357502303364079 ], [ 23.647072087723839, 51.345984186975663 ], [ 23.645624045186793, 51.334466465062242 ], [ 23.641208901857073, 51.332203891553 ], [ 23.624288656809888, 51.323737276433569 ], [ 23.639333237659763, 51.31365661194112 ], [ 23.642696723156131, 51.311432215974193 ], [ 23.641217407909615, 51.299915689593163 ], [ 23.639727729520995, 51.288399558664167 ], [ 23.655560569330394, 51.277767126474252 ], [ 23.673235960858403, 51.287064147379716 ], [ 23.676529702242824, 51.288752388069355 ], [ 23.679454395161454, 51.28681525926072 ], [ 23.695111964207406, 51.276287554463302 ], [ 23.697803674183234, 51.274503393824055 ], [ 23.713683568892861, 51.263814122616125 ], [ 23.716133059376784, 51.262189289894856 ], [ 23.714596839419102, 51.250675717799908 ], [ 23.731037101386054, 51.239591697360524 ], [ 23.732891955984222, 51.238360140105122 ], [ 23.731331588137703, 51.226847702972762 ], [ 23.729761790289778, 51.215335630884603 ], [ 23.747158717919014, 51.203584667019193 ], [ 23.748009213792404, 51.203019323179561 ], [ 23.765683996005144, 51.191068598991684 ], [ 23.766236875187378, 51.190700811788801 ], [ 23.784198637587664, 51.178544009000653 ], [ 23.803928674881135, 51.177784600765243 ], [ 23.804256307667249, 51.177566367589073 ], [ 23.802913268289583, 51.168034113349741 ], [ 23.783434576679081, 51.171177386434998 ], [ 23.763957112139018, 51.174357025529353 ], [ 23.744480899888067, 51.177573723005175 ], [ 23.725216841448095, 51.180792655267858 ], [ 23.725005897245222, 51.18082751973904 ], [ 23.70552587873604, 51.184057870169632 ], [ 23.686046763626656, 51.187322739345781 ], [ 23.666568545573121, 51.190622496920597 ], [ 23.647091214854932, 51.19395748517784 ], [ 23.635435181627617, 51.195967458246528 ], [ 23.627612118905699, 51.197301728499134 ], [ 23.608129655591576, 51.200639328638424 ], [ 23.588647565157867, 51.204007776734386 ], [ 23.569165791944002, 51.207406907538001 ], [ 23.549684272864834, 51.21083647795917 ], [ 23.549109450402749, 51.21093760110508 ], [ 23.530196240833, 51.214228066265136 ], [ 23.51070764922353, 51.217642000280705 ], [ 23.491218577892557, 51.221079394282633 ], [ 23.471728899072485, 51.224539243307781 ], [ 23.464819323471836, 51.225765165099077 ], [ 23.452233979425504, 51.227973924379818 ], [ 23.432735331524277, 51.231398836989634 ], [ 23.413235128683787, 51.234836539042441 ], [ 23.393733160889102, 51.238285008263311 ], [ 23.381143136292941, 51.240507959234556 ], [ 23.374226749040588, 51.241716205153139 ], [ 23.354713391488719, 51.245103475195187 ], [ 23.335197069936463, 51.248488518931758 ], [ 23.315677472274313, 51.251867991010997 ], [ 23.296154259648507, 51.255238200239404 ], [ 23.276620268943379, 51.258521977002403 ], [ 23.257081513802618, 51.261783152596713 ], [ 23.237537558423977, 51.265016702491302 ], [ 23.217987931766086, 51.268217126474632 ], [ 23.20643124071049, 51.270076223583381 ], [ 23.198429529640059, 51.27134998110806 ], [ 23.178860538872737, 51.274394396657883 ], [ 23.159283954019099, 51.277382264745057 ], [ 23.139699148719568, 51.280305853228583 ], [ 23.120105448507964, 51.283156747798792 ], [ 23.105264260695513, 51.285246897765532 ], [ 23.100500786097122, 51.285910760899469 ], [ 23.080881636412954, 51.288526826661972 ], [ 23.061251177818665, 51.291038957519731 ], [ 23.041608549139767, 51.293435879227886 ], [ 23.021952826901021, 51.295705385732234 ], [ 23.002283020846317, 51.297834264257673 ], [ 22.982598069177854, 51.299808214774636 ], [ 22.962896833509394, 51.301611763555023 ], [ 22.960344529552053, 51.301819113239752 ], [ 22.943175659857644, 51.303199813744456 ], [ 22.92343577211631, 51.304583481797984 ], [ 22.90367622452937, 51.305748564469155 ], [ 22.88389564228633, 51.306675487166814 ], [ 22.864092560999069, 51.307343200985919 ], [ 22.844265421833345, 51.307729083873916 ], [ 22.82441256660319, 51.307808837747473 ], [ 22.804532232879289, 51.307556381944849 ], [ 22.795503552316408, 51.307285720874525 ], [ 22.784619847878627, 51.306910950084315 ], [ 22.764672149522216, 51.305826454424299 ], [ 22.744688878734021, 51.304292635167478 ], [ 22.724667493611708, 51.302270812163293 ], [ 22.70460529136351, 51.299719423672805 ], [ 22.698664616881896, 51.298816171054519 ], [ 22.684485509869429, 51.296420547301018 ], [ 22.664308967495874, 51.292371852935425 ], [ 22.64910320297923, 51.288801002103881 ], [ 22.644068468670394, 51.287469749102655 ], [ 22.623735967901172, 51.28134352074008 ], [ 22.614817599937652, 51.278293800452566 ], [ 22.603295409517965, 51.273766623470983 ], [ 22.589112854752251, 51.26751361418782 ], [ 22.582705803770228, 51.264186492628369 ], [ 22.569387590459876, 51.256545494275905 ], [ 22.561867970998449, 51.251284249446272 ], [ 22.554203175044815, 51.245436171557735 ], [ 22.542682909501362, 51.234213954719962 ], [ 22.54050209856069, 51.231355321794865 ], [ 22.534476133125423, 51.222890503572835 ], [ 22.529099369281134, 51.211481089927801 ], [ 22.526318435263875, 51.199993148497526 ], [ 22.52599828704242, 51.188430918661659 ], [ 22.528018129100225, 51.176798047863336 ], [ 22.532270288946577, 51.165097650534008 ], [ 22.53503707441655, 51.160084377241155 ], [ 22.538780481560199, 51.153328685076985 ], [ 22.547469643802962, 51.141493155398393 ], [ 22.552939514757014, 51.135480313166909 ], [ 22.558304855403595, 51.129591558733452 ], [ 22.571232399036184, 51.117624920798981 ], [ 22.571337988254825, 51.117541092704293 ], [ 22.586382276444713, 51.105588534812156 ], [ 22.58999076820972, 51.103059876748929 ], [ 22.603622916099788, 51.093485574939265 ], [ 22.608763007980997, 51.090257699158023 ], [ 22.62294874213574, 51.081315267261878 ], [ 22.62761889350525, 51.078653187339697 ], [ 22.644326902944186, 51.06907758040758 ], [ 22.64653432209348, 51.067922740076227 ], [ 22.665501663578251, 51.057957176553643 ], [ 22.667746012686521, 51.056771722823328 ], [ 22.684511948618773, 51.048632478448233 ], [ 22.693149897883814, 51.044398221106491 ], [ 22.703544552991918, 51.039680972570544 ], [ 22.720363667445572, 51.031961332095392 ], [ 22.722592343494117, 51.031008284318041 ], [ 22.741671698488403, 51.02281351468762 ], [ 22.749390585468205, 51.01945966328924 ], [ 22.760761920697202, 51.014834204283297 ], [ 22.779853294224075, 51.00694783036257 ], [ 22.779967767679484, 51.006900356323598 ], [ 22.798973326294224, 50.999489370489975 ], [ 22.812086524847306, 50.994282456276324 ], [ 22.818087398367734, 50.992031372683464 ], [ 22.837212677512593, 50.984781712272252 ], [ 22.845451992940166, 50.981614390255011 ], [ 22.856341529878723, 50.977645369997084 ], [ 22.875468522026818, 50.97055551306029 ], [ 22.879883979847484, 50.968901065061836 ], [ 22.894605561537954, 50.963653648066334 ], [ 22.913731282347317, 50.956683139952922 ], [ 22.915187140556995, 50.95614807845525 ], [ 22.932871169000315, 50.94994641963909 ], [ 22.951171413759685, 50.943361065613232 ], [ 22.951994421327935, 50.943077485157502 ], [ 22.971131211235956, 50.93643181446955 ], [ 22.98763578594663, 50.930546259211141 ], [ 22.990251083067037, 50.929650918381803 ], [ 23.00937948218429, 50.923032178338133 ], [ 23.024366699596435, 50.917710571611963 ], [ 23.028492823404477, 50.916300629167218 ], [ 23.047610518814299, 50.909681218677136 ], [ 23.061189042068715, 50.904859845134602 ], [ 23.066714681734084, 50.902967424087343 ], [ 23.085819451704644, 50.896321786792811 ], [ 23.097946548118973, 50.891999482880841 ], [ 23.104912191440668, 50.889599825995447 ], [ 23.124001888102047, 50.882904144447714 ], [ 23.134504127984698, 50.879134336394813 ], [ 23.143081284813139, 50.876152657161384 ], [ 23.162153820102443, 50.86938460302396 ], [ 23.170748515387242, 50.866268647307081 ], [ 23.181218218204787, 50.862585922512189 ], [ 23.200271552498897, 50.855724452179658 ], [ 23.206587575409895, 50.853406035307231 ], [ 23.219319513224903, 50.848863928279613 ], [ 23.238351646196787, 50.841889115478025 ], [ 23.241948657703976, 50.840549522080138 ], [ 23.257381910752976, 50.834954586782743 ], [ 23.276390874076455, 50.827847485388816 ], [ 23.276776363767375, 50.827701580232315 ], [ 23.29540233530123, 50.820828869380229 ], [ 23.311077485672271, 50.814862440841416 ], [ 23.314391617061247, 50.813630233147755 ], [ 23.333377867787497, 50.80646037796356 ], [ 23.344791008206354, 50.802034849933804 ], [ 23.352347148847361, 50.799169139165343 ], [ 23.371305725178111, 50.791825011592131 ], [ 23.37789399552944, 50.789220185400829 ], [ 23.39025416940931, 50.784434705198251 ], [ 23.409183245756608, 50.776900709574718 ], [ 23.410376476989626, 50.776419351313486 ], [ 23.428110112832151, 50.769406115640528 ], [ 23.442303678403139, 50.763630383712361 ], [ 23.447015516265381, 50.761747672340562 ], [ 23.465912519165698, 50.754064295369382 ], [ 23.473635419854538, 50.75085528905138 ], [ 23.484795502997468, 50.746297547017932 ], [ 23.50365903060225, 50.73839179474772 ], [ 23.504358256126626, 50.738095074455366 ], [ 23.522519046421284, 50.73051388215336 ], [ 23.534580677727444, 50.725346000447104 ], [ 23.541358306423646, 50.722485409445333 ], [ 23.560183976319109, 50.714381773637868 ], [ 23.564230067053671, 50.712611310508862 ], [ 23.578999617271865, 50.70624028037571 ], [ 23.593371670837548, 50.699888872363744 ], [ 23.597795237987864, 50.697959348041991 ], [ 23.616579891113783, 50.689632559438465 ], [ 23.622019078260855, 50.687178532725639 ], [ 23.635351347936417, 50.681237812831696 ], [ 23.65018097545758, 50.674480314437872 ], [ 23.654103397228234, 50.672713148847734 ], [ 23.672844310875195, 50.66414313428136 ], [ 23.677899484766687, 50.661792880761709 ], [ 23.69157177868756, 50.655505085915294 ], [ 23.705180134675526, 50.649116329514193 ], [ 23.710280366874571, 50.646745481664567 ], [ 23.728975240610833, 50.637916964880972 ], [ 23.732039773716231, 50.636450287619624 ], [ 23.747658979556196, 50.629045794423298 ], [ 23.758531936091117, 50.623792859871457 ], [ 23.766324315774575, 50.620060642164077 ], [ 23.784603367740864, 50.611146493224894 ], [ 23.784971811491651, 50.6109682176901 ], [ 23.803611652165426, 50.601869441213857 ], [ 23.81038686090092, 50.598505979202478 ], [ 23.82223409453221, 50.592669180548867 ], [ 23.835799332951726, 50.585874969383852 ], [ 23.840839104763866, 50.583368131061867 ], [ 23.859429217480354, 50.573991880353674 ], [ 23.860882074010259, 50.573251983786591 ], [ 23.878009314097483, 50.564588332071033 ], [ 23.885709962318696, 50.560634090607593 ], [ 23.896572401854701, 50.555090380249823 ], [ 23.910222412671224, 50.548024016359648 ], [ 23.915118924516971, 50.54550320767035 ], [ 23.933650399710011, 50.535842192100986 ], [ 23.934452824111538, 50.535420545189105 ], [ 23.95217236262895, 50.526160788232708 ], [ 23.958482273728212, 50.522820395124612 ], [ 23.970678196727899, 50.516396301752309 ], [ 23.982248799598736, 50.510226350898222 ], [ 23.989168300939323, 50.506553294844352 ], [ 24.005769940307331, 50.497637820523899 ], [ 24.007643050258793, 50.496636039675913 ], [ 24.026106730042866, 50.486685517674708 ], [ 24.029110214009211, 50.485052161009484 ], [ 24.044557708698679, 50.476686711400419 ], [ 24.044299742611582, 50.472816047008848 ], [ 24.043527186688205, 50.461272422421253 ], [ 24.042877856322278, 50.460936527069698 ], [ 24.023677209119992, 50.450555998180867 ], [ 24.022186411651983, 50.449784188379354 ], [ 24.003797481781987, 50.439837570041668 ], [ 24.002981410668411, 50.4282956802288 ], [ 24.002153036986705, 50.416754314856369 ], [ 23.9990240987057, 50.415132125683499 ], [ 23.979604517189355, 50.415786281893695 ], [ 23.960184669783782, 50.416441989154841 ], [ 23.940764545325184, 50.417099162784453 ], [ 23.921344132736067, 50.417757717595677 ], [ 23.901923421043755, 50.418417568066978 ], [ 23.886565091691146, 50.410101683996416 ], [ 23.881295261263062, 50.40736029729635 ], [ 23.861879194636259, 50.408027153244639 ], [ 23.84246278509179, 50.408694970956773 ], [ 23.823046022192791, 50.409363663662226 ], [ 23.803628895707, 50.410033145208729 ], [ 23.789823268713885, 50.402557792490668 ], [ 23.783032033963476, 50.399014814419459 ], [ 23.763619353915338, 50.399689824501245 ], [ 23.750513939866273, 50.392597013606618 ], [ 23.743038773930973, 50.388692056375227 ], [ 23.723630440758562, 50.389371846755026 ], [ 23.711156319703932, 50.382625047388444 ], [ 23.703065923225658, 50.378393094962377 ], [ 23.690989131433398, 50.371865818809404 ], [ 23.690038692993053, 50.360328143168331 ], [ 23.689078572590383, 50.348790849203418 ], [ 23.688109026533965, 50.337253926386936 ], [ 23.67907312353767, 50.332519363398312 ], [ 23.667889438039783, 50.326493072520414 ], [ 23.65855013217675, 50.321595572757829 ], [ 23.639170438428359, 50.322295763095752 ], [ 23.628400775479218, 50.316499104541549 ], [ 23.627401563142715, 50.30496302880664 ], [ 23.617536604504174, 50.29978150380753 ], [ 23.60713538414349, 50.294193736613558 ], [ 23.606119577470903, 50.282658190498147 ], [ 23.595927171536413, 50.277298767511134 ], [ 23.585831888000847, 50.271886181973123 ], [ 23.575453226353776, 50.266424411853443 ], [ 23.565531966860746, 50.261111201338366 ], [ 23.554989769640162, 50.255558890438465 ], [ 23.54522056830082, 50.25033321176231 ], [ 23.534536737226354, 50.244701763964315 ], [ 23.524898370364294, 50.239552179905949 ], [ 23.514094070071714, 50.233852638154303 ], [ 23.504565975248696, 50.228768075843533 ], [ 23.493661714140966, 50.22301116359327 ], [ 23.474321885521661, 50.223726123684777 ], [ 23.464936890319883, 50.218725096626642 ], [ 23.463872628201827, 50.207190547875364 ], [ 23.452827743936766, 50.201349992094968 ], [ 23.443512510228249, 50.196397080263729 ], [ 23.432426045217074, 50.190529815850105 ], [ 23.423143865895835, 50.185600452797082 ], [ 23.412034488472337, 50.179716330604521 ], [ 23.402766935568071, 50.17480065098836 ], [ 23.391653042229024, 50.168909401628383 ], [ 23.382381892027091, 50.16399766307142 ], [ 23.371281678977301, 50.1581089344171 ], [ 23.361988842322944, 50.153191479872852 ], [ 23.360888518694061, 50.141657594000492 ], [ 23.349874800463223, 50.13580835133331 ], [ 23.340481470569436, 50.130848290586961 ], [ 23.329529427572758, 50.125027132323829 ], [ 23.320066292644537, 50.120035783645484 ], [ 23.309194072511655, 50.114252414394485 ], [ 23.299642866506712, 50.109220072412462 ], [ 23.28886872376356, 50.103484276941217 ], [ 23.279211017967249, 50.098401158100465 ], [ 23.278077895729208, 50.086867887628912 ], [ 23.267532449296983, 50.081247709682962 ], [ 23.257630281789748, 50.076045882216206 ], [ 23.256481991735829, 50.064513000925757 ], [ 23.246219070090799, 50.05903742440762 ], [ 23.236017394824543, 50.053687935673466 ], [ 23.225935501328976, 50.048304637135629 ], [ 23.215542814177912, 50.042859701484211 ], [ 23.214369793316799, 50.031327391181378 ], [ 23.204660984529152, 50.026137654028972 ], [ 23.193875955747767, 50.020496155923198 ], [ 23.192684595647776, 50.008964331054493 ], [ 23.183409501830546, 50.004001032752406 ], [ 23.172169817205393, 49.998130139657583 ], [ 23.163167829663166, 49.993309137845912 ], [ 23.151642816070417, 49.987292832877905 ], [ 23.150421223375616, 49.975761741929936 ], [ 23.141955459744235, 49.971222983971913 ], [ 23.129870593054498, 49.964921546662879 ], [ 23.121739828532267, 49.960558913731482 ], [ 23.109306352916974, 49.954078265958223 ], [ 23.108051083321687, 49.942548005815254 ], [ 23.100566721603393, 49.938527845024296 ], [ 23.087460765075093, 49.931701891762437 ], [ 23.086181559824837, 49.920172277490146 ], [ 23.079416912965836, 49.916534762583375 ], [ 23.06556394283491, 49.909323352435905 ], [ 23.059243410500418, 49.905921941808771 ], [ 23.044931204516871, 49.898471360054465 ], [ 23.043614315064637, 49.886942671479638 ], [ 23.038132931369272, 49.883989654102592 ], [ 23.02295353756034, 49.876087858491005 ], [ 23.017985431129379, 49.87340923266089 ], [ 23.002277850780715, 49.865229947840945 ], [ 23.000923209549853, 49.853702156141679 ], [ 22.996914055977996, 49.851538223963523 ], [ 22.980220804587628, 49.842841343553459 ], [ 22.976792320867304, 49.840989356218344 ], [ 22.959505075974612, 49.831977356626126 ], [ 22.958115621937694, 49.820450329983061 ], [ 22.95671581057535, 49.808923635193999 ], [ 22.954839749233098, 49.807908844507359 ], [ 22.935968048508723, 49.798056681746381 ], [ 22.934749072563658, 49.797396795566833 ], [ 22.915211488436078, 49.787186376959973 ], [ 22.914667917261628, 49.786891884207172 ], [ 22.894847860591408, 49.779528299969854 ], [ 22.875976158723123, 49.783960054994829 ], [ 22.8571015043286, 49.788396968526747 ], [ 22.853404107342126, 49.789261258967926 ], [ 22.838215004719707, 49.792726777156581 ], [ 22.819323193894615, 49.797030905929553 ] ] ], [ [ [ 23.842241029740499, 51.164420614223538 ], [ 23.84186782166789, 51.161792863207289 ], [ 23.842046985071349, 51.164428665082795 ], [ 23.842149959668546, 51.164481354357548 ], [ 23.842241029740499, 51.164420614223538 ] ] ], [ [ [ 18.793784175678322, 54.618026734131213 ], [ 18.777895210492954, 54.626358080686863 ], [ 18.771943198475686, 54.629548077430854 ], [ 18.771771158688288, 54.641108238258298 ], [ 18.756327641255101, 54.649201732406183 ], [ 18.749931670464136, 54.652625588309753 ], [ 18.734810724683534, 54.660548034665879 ], [ 18.728096521614692, 54.664139001590172 ], [ 18.72791858092798, 54.675699033476498 ], [ 18.734688043053449, 54.67937414199892 ], [ 18.741505235591827, 54.6757287776501 ], [ 18.756216972081994, 54.667692085159963 ], [ 18.762719691468263, 54.66421175355476 ], [ 18.777733597053494, 54.655997086824051 ], [ 18.783905297955439, 54.652690953175373 ], [ 18.799237912584033, 54.644288985661987 ], [ 18.805061769045743, 54.641166389570657 ], [ 18.805005334585125, 54.629605822092032 ], [ 18.820781011042623, 54.620945279371725 ], [ 18.826123315213554, 54.618077487709989 ], [ 18.82605935719436, 54.60651687939616 ], [ 18.820856785943135, 54.603694815167607 ], [ 18.815629502393037, 54.606501446449229 ], [ 18.799381987408431, 54.615023866029148 ], [ 18.793784175678322, 54.618026734131213 ] ] ], [ [ [ 18.720262307774235, 54.687242012803587 ], [ 18.713200657668192, 54.683407418107514 ], [ 18.706085178231803, 54.687208460876256 ], [ 18.713146814696419, 54.691043467733266 ], [ 18.720262307774235, 54.687242012803587 ] ] ], [ [ [ 18.677695937338914, 54.698696693374345 ], [ 18.670187580010605, 54.694615686078983 ], [ 18.66261335788268, 54.698655650687051 ], [ 18.670121697453734, 54.702737124402269 ], [ 18.677695937338914, 54.698696693374345 ] ] ], [ [ [ 18.656380664057185, 54.710198533233289 ], [ 18.648622336548645, 54.705980266972986 ], [ 18.640791470562579, 54.710153344403437 ], [ 18.64854977785814, 54.714372108871189 ], [ 18.656380664057185, 54.710198533233289 ] ] ], [ [ [ 18.592321371305108, 54.73312080884336 ], [ 18.583971822647854, 54.728575292161345 ], [ 18.575529739097934, 54.733063194464329 ], [ 18.583879259982311, 54.737609289002883 ], [ 18.592321371305108, 54.73312080884336 ] ] ], [ [ [ 18.463723304964063, 54.778861852411374 ], [ 18.454453468555652, 54.773802368399338 ], [ 18.445048606419459, 54.778777874757935 ], [ 18.454318397761011, 54.78383807306821 ], [ 18.463723304964063, 54.778861852411374 ] ] ] ] } }
]
}
