{
"type": "FeatureCollection",
"name": "zasieg_MD_cykl_1_epsg4326",
"crs": { "type": "name", "properties": { "name": "urn:ogc:def:crs:OGC:1.3:CRS84" } },
"features": [
{ "type": "Feature", "properties": { "gatunek": "MD", "cykl": 1, "pokrycie": 0.95, "prog_kde": 1.3229484185402574e-12 }, "geometry": { "type": "MultiPolygon", "coordinates": [ [ [ [ 22.801146499945183, 49.027061857591555 ], [ 22.797990259670904, 49.02920335903908 ], [ 22.783150601866744, 49.039229148099125 ], [ 22.779980410070674, 49.041378752283997 ], [ 22.765146198938055, 49.051393813607682 ], [ 22.761961772500229, 49.053551700960405 ], [ 22.758468636479442, 49.051611778519515 ], [ 22.742196726934523, 49.042611315201313 ], [ 22.723303944271063, 49.043223242856477 ], [ 22.70441053816387, 49.043832267277296 ], [ 22.700933285923515, 49.041898843063613 ], [ 22.684661653210998, 49.032882739731754 ], [ 22.669797302162188, 49.042894500766877 ], [ 22.666621867510027, 49.045041604677017 ], [ 22.64772660892179, 49.045641916929291 ], [ 22.632865547088262, 49.055639309057547 ], [ 22.633721741322827, 49.067187064849094 ], [ 22.630515914011575, 49.06935197024238 ], [ 22.615671208510783, 49.079329376985108 ], [ 22.612449733789386, 49.081503468365405 ], [ 22.597612171407324, 49.091469037664005 ], [ 22.594374742961413, 49.093652508385169 ], [ 22.575459557626118, 49.094241784568247 ], [ 22.571916464371807, 49.092268036172413 ], [ 22.555717318188936, 49.083270866845986 ], [ 22.540873072363876, 49.093225655671716 ], [ 22.537627387368278, 49.095411621806832 ], [ 22.534080018301839, 49.093434088070609 ], [ 22.517892715097695, 49.084434606296114 ], [ 22.4989795247457, 49.085012117660753 ], [ 22.480065745864, 49.085586723322571 ], [ 22.465216762337615, 49.095524366969919 ], [ 22.46195593244957, 49.097716429805743 ], [ 22.443036604078337, 49.098285367163108 ], [ 22.424116695870108, 49.098851398526733 ], [ 22.405196210838593, 49.099414523878146 ], [ 22.390355874935075, 49.109324161959286 ], [ 22.391156668853633, 49.12087486242396 ], [ 22.387850744349432, 49.123092330939969 ], [ 22.373028809721429, 49.132980716733073 ], [ 22.373826693803483, 49.144531564856628 ], [ 22.370489212198777, 49.146768385959376 ], [ 22.351549452396018, 49.147323345919709 ], [ 22.347907163617098, 49.145286857407932 ], [ 22.331833223763649, 49.136315819792465 ], [ 22.312896730450642, 49.136864829485503 ], [ 22.293959677376389, 49.137410931909379 ], [ 22.275022067556467, 49.137954126983999 ], [ 22.260217371635488, 49.147798822643551 ], [ 22.25684222170651, 49.150054531798595 ], [ 22.237899110327977, 49.15059204524448 ], [ 22.223108092963166, 49.160415638732552 ], [ 22.22387134149788, 49.171968207534839 ], [ 22.224635374387866, 49.183520735965551 ], [ 22.221206969972535, 49.185808684854244 ], [ 22.217479975214957, 49.183720510652826 ], [ 22.201502962394457, 49.174779813058734 ], [ 22.182549410723183, 49.175308860506043 ], [ 22.167785232519702, 49.185095684589321 ], [ 22.164333096851696, 49.187396210249815 ], [ 22.145374061053172, 49.187919563487299 ], [ 22.13062614561213, 49.197683653476098 ], [ 22.127143931224825, 49.200001619524166 ], [ 22.108179418985316, 49.200519272998392 ], [ 22.089214378373743, 49.201034013185982 ], [ 22.07448836434471, 49.210766694564136 ], [ 22.070965487274709, 49.213107972940392 ], [ 22.051994983551179, 49.213617005127723 ], [ 22.037287815362372, 49.223325330036474 ], [ 22.038009529538545, 49.234879841332734 ], [ 22.038732010494698, 49.246434313467816 ], [ 22.039455264667023, 49.257988746272659 ], [ 22.03585998871813, 49.260374161046698 ], [ 22.021195470113575, 49.27004154388306 ], [ 22.021915721572093, 49.281596105625617 ], [ 22.018282704854197, 49.284004547065059 ], [ 22.003643591481516, 49.29364632193797 ], [ 21.999986326019567, 49.296069239570599 ], [ 21.985362903437824, 49.305693784946449 ], [ 21.981681019433086, 49.308131399710781 ], [ 21.967073652340019, 49.317738491089017 ], [ 21.967783333318103, 49.329293512033487 ], [ 21.968493815166411, 49.340848493237473 ], [ 21.964756704656629, 49.343320151152653 ], [ 21.945734339797461, 49.343812867200782 ], [ 21.926711469519688, 49.344302651612622 ], [ 21.907688096794875, 49.344789502706668 ], [ 21.89313721193961, 49.354333965698999 ], [ 21.889342061875059, 49.356838662489608 ], [ 21.874808866572224, 49.366364674518096 ], [ 21.870987066642801, 49.368885267104197 ], [ 21.851953291797187, 49.369363501089936 ], [ 21.837444908355604, 49.378861532347685 ], [ 21.838126383690469, 49.390417757395149 ], [ 21.83425016961068, 49.392970794016883 ], [ 21.830068559442658, 49.390615433181637 ], [ 21.814545161778476, 49.38187713782402 ], [ 21.810368658138625, 49.379523420008141 ], [ 21.794849031845484, 49.370780538001206 ], [ 21.790676635684292, 49.368427893593285 ], [ 21.775161774031499, 49.359680987101193 ], [ 21.760672725159306, 49.369148842794623 ], [ 21.761334990671688, 49.380705879192767 ], [ 21.757424612780866, 49.383276758540724 ], [ 21.742965477978672, 49.392716314919049 ], [ 21.739026939141475, 49.395303938896923 ], [ 21.724587332323861, 49.404723954372322 ], [ 21.720620282560851, 49.407328523206203 ], [ 21.706200545352292, 49.416728794034675 ], [ 21.702204636604112, 49.419350506048964 ], [ 21.697905024999919, 49.416922776668798 ], [ 21.682517772718569, 49.408235323244277 ], [ 21.6634658179415, 49.408684269235614 ], [ 21.649072935763979, 49.418052574468241 ], [ 21.649710600117242, 49.42961058039652 ], [ 21.645657724426233, 49.432265126990785 ], [ 21.631296864202465, 49.441603895513033 ], [ 21.627214198083891, 49.444276092870545 ], [ 21.622828302459737, 49.441796394185054 ], [ 21.607533612790178, 49.433148453651718 ], [ 21.588470873833373, 49.433585637712845 ], [ 21.569407683351677, 49.434019830013597 ], [ 21.550344044267852, 49.43445102615177 ], [ 21.531279959502434, 49.434879221546723 ], [ 21.526838239019906, 49.432362459077368 ], [ 21.526257922163737, 49.420802697176576 ], [ 21.511033769732499, 49.412168439010308 ], [ 21.496723853700292, 49.421444535911739 ], [ 21.492563916556243, 49.424158439737191 ], [ 21.488106645071372, 49.421630381738233 ], [ 21.472921306395325, 49.413009488520863 ], [ 21.453864423051076, 49.413425487238555 ], [ 21.434807109131587, 49.413838461245021 ], [ 21.415749367541647, 49.414248404772088 ], [ 21.401498547973009, 49.423462507741036 ], [ 21.397254980231072, 49.42622363950111 ], [ 21.378191914979652, 49.426627573180333 ], [ 21.363975076777393, 49.435808333922054 ], [ 21.359683621966283, 49.438597098223461 ], [ 21.345488592731989, 49.447757132519691 ], [ 21.341166315764802, 49.450563878767319 ], [ 21.322093037042343, 49.450958774894879 ], [ 21.303019347352659, 49.451350599769476 ], [ 21.283945249614533, 49.451739346336566 ], [ 21.279280399105598, 49.449081578878527 ], [ 21.264337608190871, 49.440555863384738 ], [ 21.259669329343538, 49.437894520807738 ], [ 21.244738883154085, 49.429369334581985 ], [ 21.22567254567992, 49.429748675532515 ], [ 21.22098291497732, 49.427072270236074 ], [ 21.220471878011313, 49.415510024340087 ], [ 21.219960857097938, 49.403947757330037 ], [ 21.205049845258671, 49.395418428782797 ], [ 21.18599614804404, 49.395791351835562 ], [ 21.171887883179163, 49.404861163249556 ], [ 21.167451428058069, 49.407729944903778 ], [ 21.153364011193478, 49.416779783755352 ], [ 21.148897706901579, 49.419665697378051 ], [ 21.134831217719558, 49.428695532566934 ], [ 21.130334978340347, 49.431598600490553 ], [ 21.125558974271431, 49.428866407511428 ], [ 21.110769710509114, 49.420389860110596 ], [ 21.091705143746356, 49.420747207813086 ], [ 21.072640201888234, 49.421101387686811 ], [ 21.053574887907928, 49.421452390543294 ], [ 21.048741663745879, 49.418681548988339 ], [ 21.048269789556073, 49.407118031181284 ], [ 21.052854886648973, 49.404197642858726 ], [ 21.066871651404522, 49.395214959432863 ], [ 21.071428079447927, 49.392310829768903 ], [ 21.090482816502753, 49.391978775050127 ], [ 21.104533331057656, 49.382963301782354 ], [ 21.104048433512027, 49.371400126093576 ], [ 21.089249408729486, 49.362902697445392 ], [ 21.07020682492038, 49.363256543935591 ], [ 21.051163869903487, 49.363607211663094 ], [ 21.046382419986642, 49.360863745847944 ], [ 21.031643757104913, 49.352386034414195 ], [ 21.02685407987148, 49.349635974301798 ], [ 21.01213251567486, 49.341161659794267 ], [ 21.007334257232344, 49.338404773782941 ], [ 20.992630139847869, 49.329934070761986 ], [ 20.987822982952391, 49.327170147363489 ], [ 20.992400805899351, 49.324253309593594 ], [ 21.006408255232223, 49.315276884342843 ], [ 20.991696561514189, 49.306797444439553 ], [ 20.972674439496902, 49.307134928052264 ], [ 20.967866064890746, 49.304367860132459 ], [ 20.953194529417189, 49.295900910833737 ], [ 20.93417614849518, 49.296231838596327 ], [ 20.915157418268244, 49.296559510905873 ], [ 20.901202129468135, 49.305484211820776 ], [ 20.901653843733335, 49.31704868359855 ], [ 20.897026802763101, 49.320021062933222 ], [ 20.883091507418264, 49.328924594751747 ], [ 20.878438693121002, 49.331911205629467 ], [ 20.86452010385101, 49.340797608568835 ], [ 20.859841617749968, 49.34379835904118 ], [ 20.854909286144689, 49.340952291738425 ], [ 20.840372120384934, 49.332544098960497 ], [ 20.82133833094457, 49.332855596257332 ], [ 20.807457579470711, 49.341704285739702 ], [ 20.802726876184142, 49.344733094427447 ], [ 20.788861754547764, 49.353565395998793 ], [ 20.784106449511778, 49.356607572952441 ], [ 20.770256813275711, 49.365423593637466 ], [ 20.765477045117706, 49.368479025964817 ], [ 20.751642746263474, 49.377278874866739 ], [ 20.752061517951457, 49.388844159063048 ], [ 20.752480818570209, 49.400409413414238 ], [ 20.747659653533191, 49.40348777033234 ], [ 20.733849636100391, 49.412261951969583 ], [ 20.729003864057798, 49.415353597079459 ], [ 20.709936855725495, 49.41564571374213 ], [ 20.690869534608012, 49.415934475703224 ], [ 20.685757760110423, 49.412973263126752 ], [ 20.671408911282338, 49.404649158734088 ], [ 20.6662941752911, 49.401683942979794 ], [ 20.651957192377214, 49.393360413804707 ], [ 20.638192139980735, 49.402085614068461 ], [ 20.633281690729742, 49.405209650012608 ], [ 20.619529956486478, 49.413920046879376 ], [ 20.614597188634288, 49.417055819466036 ], [ 20.609439321259444, 49.414060968204829 ], [ 20.609068896838295, 49.402494668080521 ], [ 20.608698469565031, 49.390928346013716 ], [ 20.594403849197782, 49.382614761167112 ], [ 20.58926217719754, 49.379625728616745 ], [ 20.574978273265192, 49.371312085825458 ], [ 20.555926752244222, 49.371576732560477 ], [ 20.542193609256305, 49.38026332564943 ], [ 20.53723588104906, 49.383409020143901 ], [ 20.523513485545369, 49.392082478566373 ], [ 20.518536022012203, 49.395238221174623 ], [ 20.504824180843091, 49.403898677468455 ], [ 20.499827169573379, 49.407064334459719 ], [ 20.480761109455837, 49.407315619627809 ], [ 20.461694777728269, 49.407563473162504 ], [ 20.442628177948396, 49.407807891429542 ], [ 20.437402465770635, 49.404756651010146 ], [ 20.423226761814014, 49.396476892942992 ], [ 20.418004081522799, 49.393424898381788 ], [ 20.403834253765318, 49.385142315117207 ], [ 20.384775821758122, 49.385376161652395 ], [ 20.37109067479679, 49.393990842991983 ], [ 20.366038048292086, 49.397178806591469 ], [ 20.34697463923775, 49.397405883255551 ], [ 20.327910984003459, 49.397629511079764 ], [ 20.322665956563068, 49.394555041599936 ], [ 20.322363209231124, 49.382987237160869 ], [ 20.32206046499611, 49.371419410285831 ], [ 20.321757727341829, 49.359851560931709 ], [ 20.321454999706642, 49.348283689055982 ], [ 20.307311644908335, 49.339987418403489 ], [ 20.293616255086956, 49.34859864096304 ], [ 20.288572076048048, 49.351775877369541 ], [ 20.283358119893482, 49.348713004316522 ], [ 20.269227823001749, 49.340416052867617 ], [ 20.255532238761354, 49.349018636151449 ], [ 20.250478863509066, 49.352197888215862 ], [ 20.245262431407706, 49.349129743663532 ], [ 20.231143078840397, 49.340830874803814 ], [ 20.212100370266064, 49.341033112134234 ], [ 20.193057442366893, 49.34123190459372 ], [ 20.18785035521994, 49.338162795619091 ], [ 20.173739032630813, 49.329854049739623 ], [ 20.168542245358722, 49.326788359410763 ], [ 20.173591021001418, 49.323628011590792 ], [ 20.187308890136229, 49.315025765376021 ], [ 20.173189037154206, 49.306707854980445 ], [ 20.154159055833766, 49.306899317925065 ], [ 20.148982059286578, 49.30384189870211 ], [ 20.134863041882625, 49.295514047682303 ], [ 20.129697493134572, 49.292460729511383 ], [ 20.129440580736045, 49.280891902076441 ], [ 20.129183696224, 49.269323051715737 ], [ 20.115054001612602, 49.260978507119212 ], [ 20.109917832017956, 49.257938377179904 ], [ 20.109665594007009, 49.246369405956521 ], [ 20.109413391497295, 49.234800411710665 ], [ 20.109161227214646, 49.223231394413602 ], [ 20.095017183350972, 49.214865904639659 ], [ 20.089918704920475, 49.211843126800687 ], [ 20.08967120491053, 49.200273989682195 ], [ 20.089423749940476, 49.188704829427131 ], [ 20.075268941599699, 49.180322569320701 ], [ 20.056286784992373, 49.180495165747629 ], [ 20.042493275511241, 49.189138023005142 ], [ 20.037546429564831, 49.192237925673268 ], [ 20.023748618419891, 49.200877172961334 ], [ 20.018797196240428, 49.203977667461842 ], [ 20.004995062869156, 49.212613314356467 ], [ 20.000039079670145, 49.215714396291631 ], [ 19.98623261800396, 49.2243464432837 ], [ 19.98127207449199, 49.227448117309876 ], [ 19.962271306078453, 49.227604457327274 ], [ 19.943270369317418, 49.227757442528677 ], [ 19.924269267943131, 49.227907082565387 ], [ 19.90526800567843, 49.228053387270656 ], [ 19.900229855384705, 49.225048746178231 ], [ 19.900028160426412, 49.213478967976542 ], [ 19.885852747236434, 49.205046503560304 ], [ 19.880843091441335, 49.20205550869106 ], [ 19.866657751349436, 49.193610841655662 ], [ 19.847669325143446, 49.193746752654064 ], [ 19.828680753415941, 49.193879374742451 ], [ 19.814770834788927, 49.202540522203172 ], [ 19.809881041082367, 49.205584186598458 ], [ 19.80491074282811, 49.202609659892914 ], [ 19.790703187974636, 49.194134794843571 ], [ 19.776768895921055, 49.20280235635316 ], [ 19.771894342777617, 49.205833367586699 ], [ 19.757953468699288, 49.214498676680464 ], [ 19.758139772091596, 49.226068741549511 ], [ 19.758326293919783, 49.237638781939346 ], [ 19.772521970776971, 49.246106230978114 ], [ 19.777531718687822, 49.249082359614626 ], [ 19.777722985076565, 49.260652299081592 ], [ 19.791900615120568, 49.269100608831074 ], [ 19.796941401873941, 49.272092540449286 ], [ 19.811107647614833, 49.280527761055104 ], [ 19.816168276176079, 49.283529518421496 ], [ 19.811207479132701, 49.286613572445482 ], [ 19.797333707048203, 49.295232189958128 ], [ 19.79753021912931, 49.306801977719275 ], [ 19.797726974445219, 49.318371740795243 ], [ 19.797923975736659, 49.32994147916839 ], [ 19.798121225794336, 49.34151119282069 ], [ 19.798318727459513, 49.353080881733753 ], [ 19.798516483624557, 49.364650545888857 ], [ 19.798714497233497, 49.376220185266895 ], [ 19.793670720693619, 49.379349747041488 ], [ 19.779842614249223, 49.38792000803145 ], [ 19.780036806616206, 49.399489651559634 ], [ 19.780231261498123, 49.4110592703083 ], [ 19.775156920216364, 49.41420446303249 ], [ 19.769998317962269, 49.411127867931761 ], [ 19.755905359547615, 49.402749852433715 ], [ 19.750768039080548, 49.399683411369928 ], [ 19.73666274587098, 49.391291771350041 ], [ 19.731547010462556, 49.388235690443594 ], [ 19.717429074438069, 49.379830230715918 ], [ 19.703558413958525, 49.388409401790497 ], [ 19.698532457933386, 49.391519220085293 ], [ 19.684659019010763, 49.400093783132327 ], [ 19.679626871101693, 49.403205274117418 ], [ 19.660556949103849, 49.403311018081268 ], [ 19.641486914288024, 49.403413535868793 ], [ 19.627588428218189, 49.411988515853125 ], [ 19.627748291256115, 49.423558496525928 ], [ 19.641859262451735, 49.431972248803589 ], [ 19.646998467657117, 49.435023224590502 ], [ 19.641939836438574, 49.4381462072365 ], [ 19.628068733873818, 49.446698384662092 ], [ 19.623002911105868, 49.449823653113604 ], [ 19.603914708655999, 49.449920201825293 ], [ 19.584826403357319, 49.450013542725742 ], [ 19.570931534937479, 49.458565323771765 ], [ 19.571079230456537, 49.470135332055463 ], [ 19.566004659730382, 49.473260133314497 ], [ 19.552118750308964, 49.481798098694021 ], [ 19.552262537284737, 49.493368097728222 ], [ 19.552406565553365, 49.504938072470395 ], [ 19.547294294344137, 49.508082785338935 ], [ 19.533429073780994, 49.51659776418208 ], [ 19.533569192278986, 49.528167728593068 ], [ 19.533709557894124, 49.539737668719191 ], [ 19.533850173900003, 49.551307584546535 ], [ 19.528682484983751, 49.554482462482888 ], [ 19.514851489295076, 49.562964206001766 ], [ 19.514988197830135, 49.574534110438528 ], [ 19.509794319668647, 49.577722309378323 ], [ 19.490655930896615, 49.577800809607972 ], [ 19.476827950253284, 49.586268097168542 ], [ 19.471629063426121, 49.589455610522982 ], [ 19.457803103266013, 49.597915359449409 ], [ 19.457927294592263, 49.609485295688835 ], [ 19.452700344016865, 49.612687237226488 ], [ 19.447428134815894, 49.609526352112105 ], [ 19.447338301449825, 49.597956274576603 ], [ 19.433342824437037, 49.589596904632273 ], [ 19.414199593455592, 49.589662803297188 ], [ 19.408978497764892, 49.586527724361595 ], [ 19.408897678514695, 49.574957548414943 ], [ 19.394869378145195, 49.566565963159505 ], [ 19.375735067116278, 49.566625393725225 ], [ 19.370564940132976, 49.563516151628022 ], [ 19.370493122633569, 49.551945882354246 ], [ 19.370421195978967, 49.540375590254833 ], [ 19.356347903346268, 49.53194239675571 ], [ 19.337227032737211, 49.531995325899459 ], [ 19.318106106473607, 49.5320451371825 ], [ 19.29898512790853, 49.532091836745217 ], [ 19.279864100384209, 49.532135430504241 ], [ 19.274786437363847, 49.529071680799504 ], [ 19.260681449396927, 49.520595940314713 ], [ 19.255628874709569, 49.517545041952296 ], [ 19.241507824046515, 49.509053292470206 ], [ 19.236480205549746, 49.50601519515623 ], [ 19.236439991054944, 49.494444685286659 ], [ 19.23639966321382, 49.482874152419576 ], [ 19.222238364552886, 49.474347730651232 ], [ 19.217268799301966, 49.471341029831017 ], [ 19.222211159412314, 49.468333889727582 ], [ 19.236318677108812, 49.459733017666657 ], [ 19.222133646658406, 49.45118820840198 ], [ 19.203044003296924, 49.451219009484653 ], [ 19.198115269284482, 49.448234083104225 ], [ 19.198083643163404, 49.436663433713974 ], [ 19.198051909770971, 49.42509276126053 ], [ 19.198020071227393, 49.413522065738569 ], [ 19.183781225539786, 49.404927915149955 ], [ 19.164709484382101, 49.404952373316981 ], [ 19.145637718052583, 49.404973789141401 ], [ 19.126565929775182, 49.404992166486807 ], [ 19.107494122767214, 49.405007508923376 ], [ 19.093279025195756, 49.413653993741562 ], [ 19.088443101512169, 49.41659970021685 ], [ 19.083609093950738, 49.413661389830317 ], [ 19.069350465399161, 49.405029101856108 ], [ 19.050278621445706, 49.405035357985099 ], [ 19.04547485489789, 49.402111911497123 ], [ 19.031199434903549, 49.393458641097538 ], [ 19.012132066070635, 49.393458816601402 ], [ 18.993064697730283, 49.393455974799579 ], [ 18.973997333065515, 49.393450117080022 ], [ 18.959706652398879, 49.40211383321639 ], [ 18.959712462392304, 49.413684598135134 ], [ 18.973982066996435, 49.422347202772556 ], [ 18.978803161428239, 49.425260412782499 ], [ 18.978813662908451, 49.436831130726574 ], [ 18.978824296976871, 49.448401825421151 ], [ 18.973966719854985, 49.451350889112845 ], [ 18.959736978750655, 49.459967425516197 ], [ 18.959743436545278, 49.471538074298849 ], [ 18.959750029815169, 49.483108699860821 ], [ 18.959756760634633, 49.494679302204396 ], [ 18.959763631123998, 49.506249881331776 ], [ 18.9548236792205, 49.509244477629316 ], [ 18.940650487086906, 49.51781220941993 ], [ 18.935696180643035, 49.520813505468283 ], [ 18.916579362921627, 49.520798842997827 ], [ 18.911646418842874, 49.517793696491886 ], [ 18.897486768680171, 49.509200428283343 ], [ 18.878374500013859, 49.509179665164943 ], [ 18.864171935263542, 49.517747703960396 ], [ 18.85922902073964, 49.520736599007236 ], [ 18.845033161380094, 49.5292941897928 ], [ 18.845013617961772, 49.540864676943045 ], [ 18.844994203203459, 49.552435141023686 ], [ 18.839998900325519, 49.555452385861138 ], [ 18.825838097799949, 49.563978365947406 ], [ 18.82581445471617, 49.575548775780327 ], [ 18.825790943605387, 49.587119162578851 ], [ 18.82576756679433, 49.598689526348117 ], [ 18.825744326661781, 49.610259867093333 ], [ 18.820656512077051, 49.613328264250278 ], [ 18.806562106123806, 49.621799757913074 ], [ 18.806534634539929, 49.633370043330373 ], [ 18.806507303491486, 49.644940305762134 ], [ 18.806480115546844, 49.656510545214346 ], [ 18.806453073332026, 49.668080761693041 ], [ 18.801268079299774, 49.671202921954624 ], [ 18.787244649609491, 49.679617305283287 ], [ 18.782040747750568, 49.682748677764771 ], [ 18.762860658380383, 49.682709597000233 ], [ 18.757693068809104, 49.679559245561649 ], [ 18.743741478024699, 49.671085695608014 ], [ 18.729701172588086, 49.67949729575431 ], [ 18.724500611125219, 49.68262214948777 ], [ 18.710470947264156, 49.691021044864435 ], [ 18.710421650923966, 49.702591127304942 ], [ 18.705180571995943, 49.705737412532883 ], [ 18.685991555867378, 49.705685895437178 ], [ 18.666802595919243, 49.705631261903861 ], [ 18.647613695522267, 49.70557350672231 ], [ 18.633596420778904, 49.713943772632021 ], [ 18.633529160680574, 49.725513734098399 ], [ 18.628248068692638, 49.728676397449355 ], [ 18.614259263346977, 49.737021324819658 ], [ 18.614187686217335, 49.748591218755884 ], [ 18.61411623815048, 49.760161089984877 ], [ 18.614044921987265, 49.771730938518033 ], [ 18.60867759863083, 49.77494073827534 ], [ 18.594752780494364, 49.783235140393067 ], [ 18.594677143103947, 49.794804920278949 ], [ 18.589265657221695, 49.798038028314899 ], [ 18.575371605864319, 49.806305816497655 ], [ 18.575291639926796, 49.817875526540703 ], [ 18.569835190223309, 49.821132351994805 ], [ 18.555972663883502, 49.829373110724035 ], [ 18.569688071023798, 49.837717860787549 ], [ 18.575132126968505, 49.841014878840141 ], [ 18.57505258636419, 49.852584521124008 ], [ 18.588732984780666, 49.860899750184068 ], [ 18.594226298096775, 49.864223124545781 ], [ 18.588676656067371, 49.867534257559093 ], [ 18.574893953500784, 49.875723738030921 ], [ 18.574814868108799, 49.887293312683134 ], [ 18.574735941452577, 49.898862864821126 ], [ 18.574657177165093, 49.910432394460273 ], [ 18.569011472331063, 49.913796034079496 ], [ 18.555302376781434, 49.921929592032178 ], [ 18.549632442969163, 49.925305131180551 ], [ 18.544029385894294, 49.921885819620947 ], [ 18.54416153257257, 49.910316535385 ], [ 18.530581701821461, 49.902061035544236 ], [ 18.511315341306855, 49.901980371923884 ], [ 18.492049069601165, 49.901896479006162 ], [ 18.478300042143978, 49.910038951077787 ], [ 18.472656618735854, 49.913392376552338 ], [ 18.458922228736782, 49.921519987835005 ], [ 18.45325495058222, 49.924884994492423 ], [ 18.433979737283956, 49.924791214450686 ], [ 18.420254640468215, 49.932902960708923 ], [ 18.414564330961543, 49.93627718320981 ], [ 18.395284709339851, 49.936176765936182 ], [ 18.376005198785073, 49.936073050460301 ], [ 18.356725803021792, 49.935966025612004 ], [ 18.351135102007056, 49.932536868745913 ], [ 18.337605297850125, 49.924272990770028 ], [ 18.332042882659042, 49.920858631478303 ], [ 18.318494044162325, 49.912576904242449 ], [ 18.304714029705618, 49.920698009194901 ], [ 18.299056350911197, 49.924042473967724 ], [ 18.285289211178533, 49.93214980006514 ], [ 18.285140819772309, 49.943718736790466 ], [ 18.284992535280161, 49.955287651272592 ], [ 18.279263847058392, 49.958669717459863 ], [ 18.265549120203552, 49.966735987154202 ], [ 18.259798240415954, 49.970128378723956 ], [ 18.240505741243474, 49.970000936894571 ], [ 18.221213384103976, 49.969870092614926 ], [ 18.207495522888554, 49.977923731295441 ], [ 18.207328702668406, 49.989492388043082 ], [ 18.201537840034721, 49.992900715829016 ], [ 18.182236516927155, 49.992762799706981 ], [ 18.176578335841963, 49.989278221853382 ], [ 18.163136342466998, 49.981039177528451 ], [ 18.149411869790217, 49.989082234487867 ], [ 18.143634337398094, 49.992476617936369 ], [ 18.124333488960392, 49.992328327250533 ], [ 18.110608998637129, 50.000361089138075 ], [ 18.104817774890062, 50.003758546456254 ], [ 18.091102535316935, 50.011779737631116 ], [ 18.090907564641579, 50.023348000614035 ], [ 18.090712677767605, 50.034916241537822 ], [ 18.084852757565436, 50.038349359612333 ], [ 18.071187140834436, 50.046331369124381 ], [ 18.065308970229029, 50.049772202269978 ], [ 18.051651827876569, 50.057743131491357 ], [ 18.045755917816038, 50.061191350724691 ], [ 18.026428092823341, 50.061024699105012 ], [ 18.020702652690275, 50.057486129754729 ], [ 18.007339446365808, 50.049272656580513 ], [ 18.001650885155737, 50.045754043030037 ], [ 18.001913777951223, 50.034186505577068 ], [ 18.007720140261934, 50.030808043573344 ], [ 18.013406705421307, 50.034284781599574 ], [ 18.026802442463215, 50.042519443346308 ], [ 18.040526551738715, 50.03451217054819 ], [ 18.040780043002659, 50.022944468889243 ], [ 18.041033165000439, 50.011376741384929 ], [ 18.027598253021523, 50.003115852892492 ], [ 18.008293829293567, 50.002946348638389 ], [ 17.994516724371653, 50.010982977203568 ], [ 17.988746600951, 50.014354574515359 ], [ 17.983142219594608, 50.010883853201449 ], [ 17.969685558584118, 50.002596667954798 ], [ 17.950381719820118, 50.00241647186548 ], [ 17.944827455723495, 49.998971847301192 ], [ 17.931334817707359, 49.990651939438266 ], [ 17.925817577989772, 49.987227465068919 ], [ 17.912297215088021, 49.978884205950031 ], [ 17.893003259381118, 49.978693537433379 ], [ 17.887538555898477, 49.975296731134542 ], [ 17.87397979144513, 49.9669191469822 ], [ 17.860036304689455, 49.975029726556485 ], [ 17.854415997186429, 49.978301387782636 ], [ 17.840472329231648, 49.986405839811752 ], [ 17.834842991053794, 49.989679795507804 ], [ 17.820898389939273, 49.997778557439865 ], [ 17.820636752313739, 50.009345887695858 ], [ 17.814976057258981, 50.01263428615119 ], [ 17.795669325355053, 50.012425071853144 ], [ 17.781720556908564, 50.020513788084649 ], [ 17.781449420115568, 50.032080915697534 ], [ 17.775774289646534, 50.035371715032653 ], [ 17.76184074187049, 50.0434433165195 ], [ 17.76156486553284, 50.055010318633208 ], [ 17.761289010199917, 50.066577298636886 ], [ 17.755560552288507, 50.069894369651728 ], [ 17.741660779978911, 50.077936075434955 ], [ 17.73592688079933, 50.081253276496099 ], [ 17.722022508946512, 50.08929143048244 ], [ 17.72173713939679, 50.100858177746133 ], [ 17.715974442161261, 50.104188190873664 ], [ 17.702084045152017, 50.112209999313485 ], [ 17.69631738701246, 50.11553926940654 ], [ 17.690779840662348, 50.112083074489355 ], [ 17.677289340577108, 50.103727065444701 ], [ 17.657947181381047, 50.103491040033653 ], [ 17.643977985196667, 50.111545860955999 ], [ 17.643673449101247, 50.123112214557892 ], [ 17.637948364242597, 50.126410076030211 ], [ 17.62398971842649, 50.134450508603805 ], [ 17.618263967085234, 50.137745757759077 ], [ 17.604295944984859, 50.145785356386355 ], [ 17.598570290933754, 50.149077560296135 ], [ 17.584592134209405, 50.157116753677045 ], [ 17.598090368557749, 50.165489199548993 ], [ 17.603667732731342, 50.16891754376875 ], [ 17.617124478713965, 50.177257975591466 ], [ 17.636496901608432, 50.177471733319194 ], [ 17.655869548674538, 50.177682671479943 ], [ 17.661549076890399, 50.181168808107572 ], [ 17.674922806784323, 50.189442857416111 ], [ 17.694300565956645, 50.189648172443313 ], [ 17.70005384025637, 50.193175865213789 ], [ 17.713368078432069, 50.201402580773831 ], [ 17.732750940852014, 50.201602276578818 ], [ 17.738576088952367, 50.205170256031508 ], [ 17.751832711315526, 50.213350896865357 ], [ 17.757706120389425, 50.216946042284796 ], [ 17.75743087133457, 50.228512716440065 ], [ 17.757155690286105, 50.240079369039307 ], [ 17.751042637084169, 50.243606193692486 ], [ 17.737455852592792, 50.251436578567429 ], [ 17.731335826368749, 50.254964235879051 ], [ 17.717745898911069, 50.262790346030002 ], [ 17.717461220127547, 50.274356767228227 ], [ 17.730604971248656, 50.282460815671477 ], [ 17.736616404596912, 50.286136094750788 ], [ 17.749718213118484, 50.294208169954807 ], [ 17.755780935509502, 50.297912310216667 ], [ 17.749526622585986, 50.301516246798244 ], [ 17.730103789398054, 50.301291821610491 ], [ 17.716607638663582, 50.309055902556231 ], [ 17.716323276030064, 50.320622238398251 ], [ 17.710054529671268, 50.32422798218164 ], [ 17.690622782627472, 50.323995861218613 ], [ 17.684628678526053, 50.320267955575503 ], [ 17.684974408229277, 50.308702364190459 ], [ 17.685319647256286, 50.297136744893507 ], [ 17.672159282514674, 50.289015025968524 ], [ 17.666273928444689, 50.285350210348206 ], [ 17.653069139324849, 50.277194914581209 ], [ 17.647237741546281, 50.273560608968261 ], [ 17.633988456927806, 50.265371650187596 ], [ 17.614581330037712, 50.265125839430532 ], [ 17.600842022141752, 50.273011309167558 ], [ 17.594833656301365, 50.276456934409282 ], [ 17.575422387809077, 50.276203663537352 ], [ 17.569706976097923, 50.272632296710285 ], [ 17.556361632858263, 50.264366591942675 ], [ 17.53695564096239, 50.264106262300501 ], [ 17.523087446561139, 50.272049185011248 ], [ 17.51719031311606, 50.27542212154713 ], [ 17.497780210902238, 50.275154394441429 ], [ 17.492190536563573, 50.271652419869845 ], [ 17.478739438897641, 50.26330365817698 ], [ 17.459334641564968, 50.263028953595693 ], [ 17.453835732861556, 50.25957864103227 ], [ 17.440308328619526, 50.251171767048234 ], [ 17.426244013265485, 50.259208231890661 ], [ 17.425886531495014, 50.270773226297237 ], [ 17.420142845795272, 50.274047705879696 ], [ 17.400734283187049, 50.273762149919804 ], [ 17.386637154447619, 50.281804797897081 ], [ 17.380933252858505, 50.285051646997736 ], [ 17.37552380353398, 50.281649986159486 ], [ 17.375940795294756, 50.270085946463354 ], [ 17.362315339503596, 50.261602208066591 ], [ 17.348121372155205, 50.269693821810428 ], [ 17.347744504835298, 50.281258362106257 ], [ 17.347367633897228, 50.292822880709593 ], [ 17.346990761906596, 50.304387377661442 ], [ 17.341303150789905, 50.307619310636809 ], [ 17.327152792880135, 50.315673412955277 ], [ 17.321474068468792, 50.318897501522663 ], [ 17.302048312046892, 50.318593661312711 ], [ 17.282622892045367, 50.318286365206269 ], [ 17.268372702007596, 50.326382520841079 ], [ 17.262775700148204, 50.329553512833499 ], [ 17.243346251000087, 50.329239149486568 ], [ 17.22903431288934, 50.337359793744689 ], [ 17.223485325948214, 50.340498979086313 ], [ 17.209152415605242, 50.34862514705771 ], [ 17.208741477953822, 50.360188725855615 ], [ 17.20317791202304, 50.363332781500986 ], [ 17.188845027949462, 50.371450409529004 ], [ 17.188429190610201, 50.3830138239219 ], [ 17.18285079771826, 50.38616289167237 ], [ 17.163399154782386, 50.385833945361966 ], [ 17.158185922971107, 50.382538744838691 ], [ 17.144399753009758, 50.373924369046811 ], [ 17.129958872308269, 50.382088234854713 ], [ 17.124496953775569, 50.385166020826006 ], [ 17.11003377319582, 50.393336065670887 ], [ 17.109598383014717, 50.404898937825536 ], [ 17.104122816318494, 50.407981174719957 ], [ 17.084663175892, 50.407638496128449 ], [ 17.065203908921127, 50.407292529427309 ], [ 17.045745018388093, 50.40694329006255 ], [ 17.031148127959774, 50.415167320424054 ], [ 17.025805318786926, 50.41816716821733 ], [ 17.006342457793838, 50.417811207348123 ], [ 16.986879982497495, 50.417452017221322 ], [ 16.967417895833385, 50.417089612104888 ], [ 16.952664435647815, 50.425382332723231 ], [ 16.947455751583419, 50.42829961681047 ], [ 16.932678881328766, 50.436598943317172 ], [ 16.92748419665223, 50.439506109931777 ], [ 16.912683984469687, 50.447811984447142 ], [ 16.90750322542025, 50.45070910026493 ], [ 16.902666389917059, 50.447631799384141 ], [ 16.888543851659986, 50.438758093651792 ], [ 16.883771404681966, 50.435719413369625 ], [ 16.884310387218854, 50.424159025487995 ], [ 16.870113394264322, 50.415229834928198 ], [ 16.865428109719982, 50.412243766721275 ], [ 16.870372094308834, 50.409461731700929 ], [ 16.885386526212876, 50.401038153650681 ], [ 16.89034483129614, 50.398245795496486 ], [ 16.90533538723782, 50.389828975859544 ], [ 16.910308165491561, 50.387026207119675 ], [ 16.925274717543616, 50.378616237808167 ], [ 16.925801543317206, 50.367055402590019 ], [ 16.92632777635232, 50.355494535747006 ], [ 16.93126677855458, 50.352706860395884 ], [ 16.946247291886326, 50.344277895243088 ], [ 16.946767787181972, 50.332716823707273 ], [ 16.947287699547307, 50.321155720774598 ], [ 16.952194591386505, 50.318382270085614 ], [ 16.96718747465594, 50.309935188904888 ], [ 16.972109645005098, 50.307150907819469 ], [ 16.991528860088817, 50.307465150060189 ], [ 17.006454255426952, 50.299045119839072 ], [ 17.011430203114404, 50.296226876891183 ], [ 17.02633095954727, 50.287814145685395 ], [ 17.026830373906243, 50.276252366002751 ], [ 17.027329227955182, 50.264690555532106 ], [ 17.013115946689457, 50.255756457766523 ], [ 17.008468984919034, 50.252798483397754 ], [ 17.008971266359943, 50.241236747175648 ], [ 17.013834476085808, 50.238478184104935 ], [ 17.028822453467988, 50.230004939808801 ], [ 17.014559215115874, 50.221033468074332 ], [ 16.995176756332672, 50.220678014149094 ], [ 16.980147218446263, 50.229168747357569 ], [ 16.979678566871375, 50.240731001230124 ], [ 16.974814086827312, 50.243467043351487 ], [ 16.970264138924005, 50.240566888623732 ], [ 16.970774939947049, 50.229005396645235 ], [ 16.956412987485937, 50.219957543341714 ], [ 16.937031683185875, 50.219592553816462 ], [ 16.917650769471454, 50.219224412388805 ], [ 16.898270249218502, 50.21885313162327 ], [ 16.893910172135207, 50.216066606076119 ], [ 16.894437986784713, 50.204505616750787 ], [ 16.879916174829852, 50.195333705855226 ], [ 16.860545799370531, 50.194956633082597 ], [ 16.84519457943049, 50.203602371959846 ], [ 16.840653624872889, 50.206148461766119 ], [ 16.836422383909394, 50.203439274659637 ], [ 16.836963222528933, 50.191878690482099 ], [ 16.822332778616676, 50.182621520419445 ], [ 16.802968284530337, 50.182235400706759 ], [ 16.798845301670994, 50.179591668071112 ], [ 16.799394055294545, 50.168031317882445 ], [ 16.799942240977778, 50.156470936120257 ], [ 16.785209653086454, 50.147133181772723 ], [ 16.78117452542002, 50.144542941331224 ], [ 16.766399065105677, 50.135171037646948 ], [ 16.747054448255223, 50.13477665374559 ], [ 16.743104800797248, 50.132238140055698 ], [ 16.743664843848087, 50.120678117578223 ], [ 16.728805977768054, 50.111239277173858 ], [ 16.724922852659827, 50.108741295333495 ], [ 16.710023464317338, 50.099269676791167 ], [ 16.690694050603291, 50.098866885870372 ], [ 16.671365061220843, 50.09846107715591 ], [ 16.655516757327511, 50.107359914156781 ], [ 16.651470598161119, 50.109621163854449 ], [ 16.632137822499562, 50.109209103243742 ], [ 16.616228426211507, 50.118130657390992 ], [ 16.615669537135151, 50.129690277292354 ], [ 16.611653962875902, 50.131931194021156 ], [ 16.59231276233038, 50.13151266176903 ], [ 16.576355360743651, 50.140447114541054 ], [ 16.575786571997913, 50.152006360439287 ], [ 16.571800346644938, 50.154227713366154 ], [ 16.55583169800023, 50.163159037950024 ], [ 16.55525778306999, 50.174718071149677 ], [ 16.554683700370774, 50.186277080811784 ], [ 16.55410945175888, 50.197836066981701 ], [ 16.553535039090605, 50.209395029704837 ], [ 16.552960464221165, 50.220953969026588 ], [ 16.54889844477767, 50.223213329837868 ], [ 16.532971832425019, 50.232102112763812 ], [ 16.528923185556273, 50.234352436919629 ], [ 16.512974259231484, 50.243246664883614 ], [ 16.508938629467242, 50.245488166781229 ], [ 16.492967747492315, 50.254387621720092 ], [ 16.492378078475706, 50.265945961568498 ], [ 16.488336115334377, 50.268188878135511 ], [ 16.472357643267028, 50.277083124572087 ], [ 16.468327859152591, 50.279317710040814 ], [ 16.452328268960553, 50.288216683514833 ], [ 16.45172845177623, 50.299774608800213 ], [ 16.447691029851171, 50.302011340287983 ], [ 16.431685140925026, 50.310904362254377 ], [ 16.431080155560512, 50.322462066439464 ], [ 16.427034248758449, 50.324701409973194 ], [ 16.407617683841107, 50.324251817536343 ], [ 16.388201594358737, 50.323799240962174 ], [ 16.372121399972684, 50.332714804703606 ], [ 16.371501559582953, 50.344271930503233 ], [ 16.367506975400598, 50.346478763422937 ], [ 16.351422482804839, 50.355387210154717 ], [ 16.366481649056556, 50.365003290487508 ], [ 16.370261352002885, 50.367386111871248 ], [ 16.366226264781027, 50.369614282321322 ], [ 16.350172233168294, 50.378500984585152 ], [ 16.346146614105315, 50.380722383445963 ], [ 16.326708445449679, 50.380259573786688 ], [ 16.307270767180448, 50.379793779873339 ], [ 16.30361877182867, 50.377430396425083 ], [ 16.288493420822299, 50.367758111341438 ], [ 16.272306498549309, 50.376699801416109 ], [ 16.26839689471214, 50.378853239993504 ], [ 16.252192774344916, 50.387797325908373 ], [ 16.251542949832157, 50.399353233262957 ], [ 16.24762085533424, 50.401511559571141 ], [ 16.231415240205386, 50.410446902084495 ], [ 16.227500430634727, 50.412599738961511 ], [ 16.211278581265088, 50.421536922022852 ], [ 16.207370625034454, 50.423684514638367 ], [ 16.191132970141851, 50.432623289296771 ], [ 16.1904678017812, 50.4441785326581 ], [ 16.205593108533527, 50.453861427321641 ], [ 16.209297657589453, 50.456203225953765 ], [ 16.224385373125493, 50.465854823047287 ], [ 16.243858894757679, 50.466301401696001 ], [ 16.247640025780477, 50.468688183011459 ], [ 16.262665955411723, 50.478287921948855 ], [ 16.282145230419879, 50.478727568739799 ], [ 16.286005534899697, 50.481160852466793 ], [ 16.300967089936702, 50.490707191201004 ], [ 16.304878618803642, 50.49317070964306 ], [ 16.30424178321687, 50.50472696482246 ], [ 16.319144496308137, 50.514226565024785 ], [ 16.335083668148773, 50.505437539472759 ], [ 16.339288768433992, 50.503112600349965 ], [ 16.358779517435732, 50.503538354350113 ], [ 16.362806046006639, 50.506069252251351 ], [ 16.377630982251564, 50.515504123615095 ], [ 16.38171193137455, 50.518067118905016 ], [ 16.396492020910653, 50.527466376144581 ], [ 16.40062840275511, 50.530062058013648 ], [ 16.396215172340646, 50.532493335595198 ], [ 16.380476654980843, 50.541180967886397 ], [ 16.395219937852524, 50.550552738948362 ], [ 16.399402652345245, 50.553176218370488 ], [ 16.398789563820284, 50.564733264670167 ], [ 16.413466963102103, 50.574054097699324 ], [ 16.432988180666822, 50.574466294715094 ], [ 16.43728651076059, 50.577157912065402 ], [ 16.436682994669059, 50.588715266378223 ], [ 16.432074812505714, 50.591253350067994 ], [ 16.416513938770837, 50.59984006996298 ], [ 16.411914002840341, 50.602371813166855 ], [ 16.396335811285272, 50.610961224714508 ], [ 16.391743702456459, 50.613486868639633 ], [ 16.376148612293559, 50.622078726881455 ], [ 16.37552975194107, 50.633635459507602 ], [ 16.370918200600968, 50.636169397844789 ], [ 16.35532839806751, 50.644749102632581 ], [ 16.350723685695272, 50.647277493128001 ], [ 16.335117965603221, 50.655859084178786 ], [ 16.330519657835193, 50.658382173830717 ], [ 16.310967487274368, 50.657912979210522 ], [ 16.291415818058717, 50.657440783715529 ], [ 16.27572069685003, 50.666055589942765 ], [ 16.271193700445998, 50.6685354980375 ], [ 16.251638255647755, 50.668057027647819 ], [ 16.232083322428188, 50.667575557400852 ], [ 16.227980664472781, 50.664929091838232 ], [ 16.228685596404894, 50.653374963565071 ], [ 16.229389805641642, 50.641820798849103 ], [ 16.214583473530851, 50.63238422143727 ], [ 16.19504392360389, 50.63189758145937 ], [ 16.179130742619552, 50.640614082943571 ], [ 16.174810936137241, 50.642976219033983 ], [ 16.155267650281075, 50.64248330448855 ], [ 16.139308127703679, 50.651213608565385 ], [ 16.135020904365888, 50.653555234998393 ], [ 16.115473894621339, 50.653056040256502 ], [ 16.095927419192034, 50.65255384284611 ], [ 16.092048796978141, 50.650042981726479 ], [ 16.077099811809173, 50.640481634378901 ], [ 16.073270848622428, 50.638001275794927 ], [ 16.07401140691799, 50.626448639222133 ], [ 16.059003964291747, 50.61684062044084 ], [ 16.055245989108428, 50.614404185958037 ], [ 16.040199871103891, 50.60476416539565 ], [ 16.036489206484607, 50.60235682613866 ], [ 16.021405374648257, 50.592685382209389 ], [ 16.005150452390854, 50.601554705671255 ], [ 16.001150006778001, 50.60373495840561 ], [ 15.984884455932976, 50.612602960368122 ], [ 15.999969606889941, 50.622280896772885 ], [ 16.003725838776873, 50.624660884081031 ], [ 16.003013207929101, 50.63621393764474 ], [ 16.002300361936431, 50.647766967482035 ], [ 16.001587301357798, 50.6593199736161 ], [ 16.000874026665429, 50.670872956067861 ], [ 15.996726796463443, 50.673129899108034 ], [ 15.980577252218685, 50.681919832324198 ], [ 15.976430313051939, 50.684175053480459 ], [ 15.956873320479176, 50.683650946463239 ], [ 15.937316890844469, 50.683123822768238 ], [ 15.917761027587657, 50.682593680381181 ], [ 15.914039559907321, 50.680175664494421 ], [ 15.898968598885814, 50.670495693432116 ], [ 15.879418663947494, 50.669959793086697 ], [ 15.863098771263907, 50.678814582623836 ], [ 15.862350615233744, 50.690366045675454 ], [ 15.858323918406025, 50.692549489827492 ], [ 15.842016178255426, 50.701388055739578 ], [ 15.841262620161787, 50.712939254654898 ], [ 15.837208524670121, 50.715135483726073 ], [ 15.820913949738257, 50.723957291340767 ], [ 15.82015497664222, 50.735508224511165 ], [ 15.819395755275419, 50.747059133380432 ], [ 15.815287294551194, 50.749282149085197 ], [ 15.79570613637768, 50.748732114625525 ], [ 15.791980727608058, 50.746307444143426 ], [ 15.776920328739513, 50.736615240624907 ], [ 15.757345162653051, 50.73605942128556 ], [ 15.737770596753492, 50.735500560756734 ], [ 15.718196634557053, 50.734938656558619 ], [ 15.698623279585384, 50.734373706190148 ], [ 15.682191249816922, 50.743232307372843 ], [ 15.681397305322347, 50.754781632603063 ], [ 15.677412470574454, 50.756930511788198 ], [ 15.657830740100797, 50.756358875861821 ], [ 15.638249628478764, 50.755784185478802 ], [ 15.621786914803421, 50.764640317747535 ], [ 15.61783486943602, 50.76676813076304 ], [ 15.60136938515423, 50.775618574890579 ], [ 15.597410566774144, 50.777748540205756 ], [ 15.577821723901117, 50.777164081039018 ], [ 15.558233515134187, 50.77657655650281 ], [ 15.538645944038143, 50.775985964046392 ], [ 15.519059014181218, 50.775392301127106 ], [ 15.50250424397208, 50.784264875864672 ], [ 15.49860848882618, 50.786355706913497 ], [ 15.479018045498377, 50.785755598048326 ], [ 15.462441926514385, 50.794627741947345 ], [ 15.458553815695485, 50.796712066988917 ], [ 15.441977576788553, 50.80557706396651 ], [ 15.438080034872426, 50.807664967115315 ], [ 15.434549150335661, 50.80534999599309 ], [ 15.419366588867732, 50.795495849863549 ], [ 15.415874052839078, 50.793204520051589 ], [ 15.416780704819121, 50.781659868871692 ], [ 15.401551101266424, 50.771765703142187 ], [ 15.381968760241699, 50.771150476971478 ], [ 15.365275883788266, 50.780064278717127 ], [ 15.364402223639173, 50.791609691363604 ], [ 15.363528227861005, 50.8031550777078 ], [ 15.362653895819182, 50.814700437741003 ], [ 15.361779226736903, 50.826245771450125 ], [ 15.360904219689482, 50.837791078817418 ], [ 15.356990798467779, 50.839882085163488 ], [ 15.340399444313826, 50.848721661467344 ], [ 15.33647461995554, 50.850817263366537 ], [ 15.319885521493559, 50.859648430642089 ], [ 15.31594886777213, 50.861748844402072 ], [ 15.2993624454838, 50.870571382390878 ], [ 15.295413537111179, 50.872676823247865 ], [ 15.278830210504765, 50.881490512758937 ], [ 15.277933807910088, 50.893034678776971 ], [ 15.277037045019538, 50.904578817887639 ], [ 15.273021499826791, 50.906717094085145 ], [ 15.256485080946089, 50.915493557598289 ], [ 15.255582665443258, 50.927037386871291 ], [ 15.270613167417705, 50.936810359499454 ], [ 15.274344573375309, 50.939211073212647 ], [ 15.289345041915947, 50.948957159739358 ], [ 15.293117011007199, 50.951381947768354 ], [ 15.288975967906241, 50.95358564106337 ], [ 15.272547748458575, 50.962299107749068 ], [ 15.271648774357915, 50.973843084075767 ], [ 15.267465235902325, 50.976067154755889 ], [ 15.247800067502501, 50.975427879520851 ], [ 15.231381582593123, 50.984121914953768 ], [ 15.230471960266303, 50.995665322276047 ], [ 15.22625909778826, 50.99790170389003 ], [ 15.222458368404721, 50.995406125158752 ], [ 15.207529045384742, 50.98569774608908 ], [ 15.203768060823345, 50.983226573978129 ], [ 15.188808787051366, 50.973491373339328 ], [ 15.172337646276354, 50.982199489011165 ], [ 15.17141321032152, 50.993742115338677 ], [ 15.170488373105329, 51.005284713612141 ], [ 15.169563130792111, 51.016827283717269 ], [ 15.165332583344387, 51.019068727422358 ], [ 15.161520331886509, 51.016562971617667 ], [ 15.146610809144267, 51.006855544961248 ], [ 15.142837734299951, 51.004373833168621 ], [ 15.143822261529216, 50.992833348673031 ], [ 15.128861703067834, 50.983083323478994 ], [ 15.112363848666929, 50.991789205161169 ], [ 15.108228948270851, 50.993978214639348 ], [ 15.091738242119561, 51.00267317396348 ], [ 15.090793255944529, 51.014214683608806 ], [ 15.086612671698839, 51.016425616203854 ], [ 15.066934517829768, 51.01575701449125 ], [ 15.063184750835337, 51.013286340840963 ], [ 15.048240709163963, 51.003529728648147 ], [ 15.031726825169123, 51.012220563840572 ], [ 15.02758042460249, 51.014410407236426 ], [ 15.007904492577525, 51.013732397506956 ], [ 14.988229308500914, 51.013051247643396 ], [ 14.984524433823047, 51.01060539229816 ], [ 14.985548149876166, 50.999067141584405 ], [ 14.986570983648711, 50.987528845835826 ], [ 14.99061604431675, 50.985410707515712 ], [ 15.010280651087193, 50.986078948108151 ], [ 15.02689340451373, 50.977335938710098 ], [ 15.027904898575205, 50.965796997936557 ], [ 15.028915510570993, 50.954258012253547 ], [ 15.013854497887321, 50.944404137904783 ], [ 15.010289103746633, 50.942048748416042 ], [ 15.011302720411162, 50.930509948854215 ], [ 14.996196127085559, 50.920616792434565 ], [ 14.992689341244144, 50.918298121304687 ], [ 14.996570417929995, 50.916262034371776 ], [ 15.013327282908458, 50.907432213911562 ], [ 14.998181161976783, 50.89750911382049 ], [ 14.994721654070549, 50.895220849825158 ], [ 14.998550086478057, 50.893211110819159 ], [ 15.015348278013041, 50.884354297631077 ], [ 15.016357436153186, 50.872815271421629 ], [ 15.001153727839755, 50.862848335826001 ], [ 14.981542221384467, 50.862168096687356 ], [ 14.961931462255144, 50.861484720635531 ], [ 14.942321454079027, 50.860798205874673 ], [ 14.925464891440596, 50.869672734907944 ], [ 14.921702728503035, 50.871660794929262 ], [ 14.902089414436738, 50.870967683873651 ], [ 14.882476862825031, 50.870271428324415 ], [ 14.862865077296354, 50.86957202661889 ], [ 14.843254061478497, 50.868869477130183 ], [ 14.823643818998566, 50.868163778266805 ], [ 14.806735994218023, 50.877034662981217 ], [ 14.821951562496603, 50.88705932008947 ], [ 14.825348138654283, 50.889277037190162 ], [ 14.840542397521975, 50.899280152989149 ], [ 14.84397061768939, 50.901516668472432 ], [ 14.842965263253124, 50.91305482121615 ], [ 14.858118409650416, 50.923021365256382 ], [ 14.861602537952059, 50.92529195999419 ], [ 14.876732959866475, 50.935236087276721 ], [ 14.88025017939397, 50.937526346663923 ], [ 14.879253292353971, 50.94906497802387 ], [ 14.894340392611106, 50.958971165459275 ], [ 14.897915773433329, 50.961296860622419 ], [ 14.912978713937337, 50.971179747594981 ], [ 14.916588651559083, 50.973525981831159 ], [ 14.915600253599582, 50.9850650870086 ], [ 14.914611415626956, 50.996604162979935 ], [ 14.929607814573226, 51.006431966107961 ], [ 14.933303642778709, 51.008831017966649 ], [ 14.932318830200655, 51.020370314202758 ], [ 14.947267868305495, 51.030157690358898 ], [ 14.951025959471206, 51.032594645479769 ], [ 14.950045169858253, 51.044134160516897 ], [ 14.949063925970442, 51.055673645892469 ], [ 14.9639421398766, 51.065403305199318 ], [ 14.967790446140253, 51.067895693661434 ], [ 14.966813213258618, 51.079435396062834 ], [ 14.981641004752394, 51.089122760965886 ], [ 14.985554665757476, 51.091654905207882 ], [ 14.984581435407186, 51.103194822970892 ], [ 14.983607729252526, 51.114734710374599 ], [ 14.982633541005326, 51.126274567214516 ], [ 14.981658864081163, 51.137814393275832 ], [ 14.996364942851697, 51.147407050744597 ], [ 15.000428648975735, 51.150032088397793 ], [ 14.995932441296315, 51.152397242762135 ], [ 14.979708016364249, 51.160893952151191 ], [ 14.994366618214896, 51.170451689858297 ], [ 14.998486705367185, 51.173112134239126 ], [ 14.997514964252606, 51.184652109807146 ], [ 15.012118841317683, 51.194164971352663 ], [ 15.016308580528527, 51.196867731657257 ], [ 15.015340753614289, 51.208407916949469 ], [ 15.014372388483768, 51.219948069846886 ], [ 15.013403476096178, 51.231488190051905 ], [ 15.027902330248716, 51.240919592853807 ], [ 15.032220872071775, 51.243701724212393 ], [ 15.031255819237915, 51.255242051001972 ], [ 15.030290192782273, 51.266782344242266 ], [ 15.029323982490689, 51.278322603596571 ], [ 15.028357177868543, 51.289862828718434 ], [ 15.023451835529459, 51.292435885667125 ], [ 15.007577965756891, 51.300728206779432 ], [ 15.006604944710302, 51.312268088946077 ], [ 15.001646564285926, 51.314866068461122 ], [ 14.985810605545256, 51.32312923989079 ], [ 14.984831315078166, 51.334668775852712 ], [ 14.979819585194969, 51.337291758581969 ], [ 14.964021793900967, 51.345525691006685 ], [ 14.963036178872184, 51.357064877414842 ], [ 14.977274588722478, 51.366315963115767 ], [ 14.981889458835111, 51.369287164126142 ], [ 14.976779283448568, 51.371958977796361 ], [ 14.961062886957778, 51.380143137999845 ], [ 14.960075184741674, 51.391682211320102 ], [ 14.959086761135952, 51.403221246076029 ], [ 14.958097603002408, 51.414760241822378 ], [ 14.957107697041449, 51.426299198108104 ], [ 14.971196083810208, 51.435441374439456 ], [ 14.975986684547253, 51.438522914402618 ], [ 14.970680544084429, 51.441291453053601 ], [ 14.955125587734104, 51.449376990467833 ], [ 14.954133357137808, 51.460915825615935 ], [ 14.948774956599289, 51.463708358383457 ], [ 14.933256732750497, 51.471765633664653 ], [ 14.927878296765929, 51.474566303505718 ], [ 14.912370376646358, 51.482611487543586 ], [ 14.906971753685692, 51.4854203497787 ], [ 14.8870968045441, 51.484717143674558 ], [ 14.86722264317771, 51.484010773128681 ], [ 14.851694979489722, 51.492050811031362 ], [ 14.84629780068436, 51.494853970528332 ], [ 14.830781351526888, 51.502881463960229 ], [ 14.825363070299629, 51.505693241246867 ], [ 14.80985794662109, 51.513708144061717 ], [ 14.804418448019026, 51.516528574030396 ], [ 14.784532485247606, 51.515808607692321 ], [ 14.764647331120578, 51.515085464250092 ], [ 14.749126773229534, 51.523092996717111 ], [ 14.74368442918883, 51.5259098812245 ], [ 14.728176021441813, 51.533904419698004 ], [ 14.727121599097497, 51.545439755220748 ], [ 14.721626650532038, 51.548280409490751 ], [ 14.706155049229116, 51.556246844374478 ], [ 14.705093680863754, 51.567781789746007 ], [ 14.718943962694109, 51.576805583488856 ], [ 14.723952550961368, 51.580045476060668 ], [ 14.737776340684501, 51.589045093770686 ], [ 14.742821644942453, 51.592306340774989 ], [ 14.756618851001415, 51.601281750228743 ], [ 14.761700970171203, 51.604564379810043 ], [ 14.760650693673803, 51.616100011815789 ], [ 14.754960013522687, 51.619037932884403 ], [ 14.739655664843561, 51.626912356200961 ], [ 14.753388693766487, 51.635840457502972 ], [ 14.758547030330545, 51.639171125528947 ], [ 14.75279955211964, 51.642136075355396 ], [ 14.73753978364809, 51.649982780655925 ], [ 14.751231577172579, 51.658880377402177 ], [ 14.756439130594307, 51.66224203564677 ], [ 14.750636283605761, 51.665233213774705 ], [ 14.735419595343142, 51.673052998618886 ], [ 14.734357854096817, 51.684588029015679 ], [ 14.728510497260309, 51.687598345127668 ], [ 14.713322076455137, 51.695394626304513 ], [ 14.707457421997251, 51.698411211080611 ], [ 14.692276208633736, 51.706197200234541 ], [ 14.68639436727422, 51.709219975072031 ], [ 14.6712202324844, 51.716995745964688 ], [ 14.670138703566016, 51.728529666083418 ], [ 14.664214899920209, 51.731570108680863 ], [ 14.6490663397757, 51.739323821738076 ], [ 14.647977358071937, 51.75085732863424 ], [ 14.646887174705549, 51.762390778960977 ], [ 14.645795780155172, 51.773924172367991 ], [ 14.644703165442094, 51.785457508524978 ], [ 14.643609322147215, 51.796990787122169 ], [ 14.637554314428925, 51.800089509252849 ], [ 14.617548159374742, 51.799339413456217 ], [ 14.602477319206393, 51.807030796957115 ], [ 14.59641618814001, 51.810128376415349 ], [ 14.581349003864476, 51.817811354890544 ], [ 14.580236048354172, 51.82934353872119 ], [ 14.593683827423188, 51.83808809954801 ], [ 14.599153817298967, 51.84162827254741 ], [ 14.598043440317667, 51.853160645647726 ], [ 14.611462274042065, 51.861877818622929 ], [ 14.631496925658583, 51.862619984872289 ], [ 14.637020064721154, 51.866189235335007 ], [ 14.65041890416078, 51.87488173872493 ], [ 14.655968600752296, 51.878465457771604 ], [ 14.669351181005966, 51.887140678265482 ], [ 14.674927452417185, 51.890738836612762 ], [ 14.688293765334528, 51.899396786156302 ], [ 14.693896651996733, 51.903009368680586 ], [ 14.692805754420242, 51.91454297622321 ], [ 14.691713597844233, 51.926076525456594 ], [ 14.705043245266216, 51.934700408510615 ], [ 14.710701073101449, 51.938344698039778 ], [ 14.70961161433913, 51.949878434722145 ], [ 14.708520903382649, 51.961412113469329 ], [ 14.707428941180272, 51.972945734318195 ], [ 14.706335729231016, 51.984479297325798 ], [ 14.719616560579231, 51.993057711482699 ], [ 14.72534961902457, 51.9967455995317 ], [ 14.724259173708685, 52.008279351887602 ], [ 14.723167493860922, 52.01981304708071 ], [ 14.73642116619336, 52.028363645778818 ], [ 14.742200042126159, 52.032076984100243 ], [ 14.741111190318319, 52.043610869996556 ], [ 14.740021123356398, 52.055144699555463 ], [ 14.75325066399335, 52.063669470041638 ], [ 14.759072509106822, 52.067406268871189 ], [ 14.752581732711088, 52.070707952374889 ], [ 14.737837363501132, 52.078212190380242 ], [ 14.736743681314245, 52.08974585204011 ], [ 14.730246777933036, 52.093046306013441 ], [ 14.710107642420569, 52.092306320528884 ], [ 14.69533556512426, 52.099811771957533 ], [ 14.688855314755736, 52.103099134057778 ], [ 14.674068897839131, 52.1106054228026 ], [ 14.672955653961916, 52.122137992742267 ], [ 14.671841214918702, 52.13367050676635 ], [ 14.67072558803873, 52.14520296514808 ], [ 14.683957017703063, 52.153729204988657 ], [ 14.689790087804507, 52.157475894946536 ], [ 14.703012274176393, 52.165989498862523 ], [ 14.708865478514221, 52.169745962891753 ], [ 14.702330307705401, 52.173054760118099 ], [ 14.687563683840891, 52.180541159147943 ], [ 14.686448752899095, 52.192073709900718 ], [ 14.685332680142999, 52.203606206824126 ], [ 14.698555164677783, 52.212112810684005 ], [ 14.704424991008361, 52.215877302131219 ], [ 14.703312050402864, 52.227410003932647 ], [ 14.702197998721307, 52.238942653139247 ], [ 14.701082844263965, 52.250475250059068 ], [ 14.694517296308446, 52.253790106771994 ], [ 14.674306510570817, 52.253041308016037 ], [ 14.659505742806125, 52.260524554133276 ], [ 14.652967098697802, 52.26382116462517 ], [ 14.632752830979298, 52.263065602322079 ], [ 14.617911410984295, 52.270558785867379 ], [ 14.611398794759062, 52.273837627381667 ], [ 14.591181061128152, 52.273075283600114 ], [ 14.576299832823301, 52.280577929614715 ], [ 14.57514785659049, 52.292108419448645 ], [ 14.573994790090728, 52.303638856949661 ], [ 14.572840642545156, 52.315169242470496 ], [ 14.566352451346194, 52.318427287271689 ], [ 14.551430060864647, 52.325937105966084 ], [ 14.550268353088956, 52.337467065730451 ], [ 14.549105587039891, 52.348996974309394 ], [ 14.54794177169445, 52.360526832049054 ], [ 14.546776915882253, 52.372056639290221 ], [ 14.545611028270978, 52.383586396367889 ], [ 14.539143730091812, 52.386824685902653 ], [ 14.524157525453965, 52.394348236907902 ], [ 14.537514729112623, 52.402945345970501 ], [ 14.543276191432174, 52.40664576133986 ], [ 14.542107258613839, 52.418175369870255 ], [ 14.540937326792942, 52.429704929508397 ], [ 14.554306497153986, 52.438299307913034 ], [ 14.574600421534566, 52.439053024900673 ], [ 14.580387376425739, 52.44276239614269 ], [ 14.593742430333695, 52.451335934097031 ], [ 14.599544436394886, 52.455051613747301 ], [ 14.598387945470817, 52.466581999220772 ], [ 14.611745997284855, 52.475148850594898 ], [ 14.617560875495835, 52.478868621309566 ], [ 14.630913908788225, 52.487425465402445 ], [ 14.636745201440501, 52.491152369374156 ], [ 14.635596786291218, 52.502683254246136 ], [ 14.629074311642995, 52.505945155126028 ], [ 14.614099213777637, 52.513460317448441 ], [ 14.612943442539022, 52.524990789969529 ], [ 14.611786737910455, 52.536521216396544 ], [ 14.610629104689558, 52.548051596917183 ], [ 14.624029591350013, 52.556627878856006 ], [ 14.629840674730195, 52.560336986707867 ], [ 14.628686677716949, 52.571867596086207 ], [ 14.622186071324927, 52.575111319662085 ], [ 14.607150677781187, 52.58264246478344 ], [ 14.605989373288427, 52.594172663376852 ], [ 14.604827160550101, 52.605702816869005 ], [ 14.598359628433473, 52.608924823515743 ], [ 14.583267931307011, 52.616472783745778 ], [ 14.576824939121149, 52.619679738320855 ], [ 14.55644952438122, 52.618904863636146 ], [ 14.541299489292262, 52.626471139232066 ], [ 14.534899916434334, 52.629652032582555 ], [ 14.519715293035189, 52.637228939083357 ], [ 14.513339796846076, 52.640395074175764 ], [ 14.498120646308225, 52.64798255247532 ], [ 14.491769160469266, 52.651133986700096 ], [ 14.471381439938016, 52.650344978261593 ], [ 14.456105961023118, 52.657949604407172 ], [ 14.454900001882422, 52.669477202894171 ], [ 14.448596316781408, 52.672599417479091 ], [ 14.433274004259983, 52.680218231424753 ], [ 14.432060792873864, 52.691745407951274 ], [ 14.42578757855483, 52.694848684700894 ], [ 14.41041798247173, 52.702481854151593 ], [ 14.404168674507124, 52.705570589664816 ], [ 14.388764723911548, 52.713214091138084 ], [ 14.387537912175191, 52.724740464096307 ], [ 14.381319567211641, 52.727810105368448 ], [ 14.365867849197009, 52.735468105764596 ], [ 14.359673389242435, 52.738523275481896 ], [ 14.344187339132278, 52.746191528182756 ], [ 14.338016643554452, 52.749232309693639 ], [ 14.322496381300448, 52.756910727084588 ], [ 14.316349325039708, 52.759937205706457 ], [ 14.300794974929737, 52.767625698200767 ], [ 14.294671428597869, 52.770637961162308 ], [ 14.274233521926391, 52.769815112655415 ], [ 14.258625735798237, 52.777518880985191 ], [ 14.257360813013058, 52.789042939982146 ], [ 14.251283881571823, 52.792027040658233 ], [ 14.235628055445096, 52.79974520209143 ], [ 14.229574220828043, 52.802715359666486 ], [ 14.213884845290137, 52.810443219302911 ], [ 14.207853961838609, 52.813399528052102 ], [ 14.187398543289811, 52.812561859506971 ], [ 14.171657370103155, 52.82030401630432 ], [ 14.165663309179527, 52.823238156775275 ], [ 14.145204514724018, 52.822393452963965 ], [ 14.129412586769931, 52.830149330391478 ], [ 14.128110450349013, 52.841671063854314 ], [ 14.126807451985815, 52.853192753354996 ], [ 14.140754360154578, 52.862181180029744 ], [ 14.145996593332496, 52.86555580350425 ], [ 14.14469735374198, 52.877077760063109 ], [ 14.158660724573778, 52.886067702644873 ], [ 14.163902584593622, 52.889438271060044 ], [ 14.157960086566147, 52.892341148030447 ], [ 14.142096286949506, 52.900121541471535 ], [ 14.140794458783285, 52.911643366311829 ], [ 14.139491766558049, 52.923165147227024 ], [ 14.13818820945046, 52.934686884198577 ], [ 14.136883786516284, 52.946208577202952 ], [ 14.135578496698907, 52.957730226212071 ], [ 14.149628451774651, 52.966762584263329 ], [ 14.154816032426735, 52.970092903889878 ], [ 14.16886886209887, 52.979119850038089 ], [ 14.189404154921354, 52.979945778462444 ], [ 14.194616908225171, 52.983287083649628 ], [ 14.208662038134751, 52.992296484145115 ], [ 14.229204816374081, 52.993115266493056 ], [ 14.23444425859442, 52.996468499211929 ], [ 14.248480178079205, 53.005459410123052 ], [ 14.253729790318289, 53.008816193624313 ], [ 14.267766568342282, 53.017800411170178 ], [ 14.288323277115232, 53.018608615127455 ], [ 14.293601862345019, 53.021978743784253 ], [ 14.307627159754061, 53.030943054808553 ], [ 14.312917074938667, 53.034317462243678 ], [ 14.326942086839216, 53.043274358255481 ], [ 14.332243703960343, 53.046653279296891 ], [ 14.346268065973419, 53.05560252915668 ], [ 14.351581744432746, 53.058986189949984 ], [ 14.350328778287732, 53.070511246748104 ], [ 14.36436421353118, 53.079458407925323 ], [ 14.369682807120583, 53.082841538616137 ], [ 14.368433540043204, 53.094366843973489 ], [ 14.367183389443396, 53.105892105272567 ], [ 14.365932354479979, 53.117417322493985 ], [ 14.380003004176729, 53.126373899684765 ], [ 14.385311517434557, 53.129745569971782 ], [ 14.384064174673286, 53.141271034326387 ], [ 14.378087468318295, 53.144188140160068 ], [ 14.362173935557324, 53.151992709520371 ], [ 14.36091935550521, 53.1635177502678 ], [ 14.359663887502313, 53.175042746864968 ], [ 14.373796066214279, 53.184028811678786 ], [ 14.379065937545324, 53.187372451021893 ], [ 14.377814159350089, 53.198897694989057 ], [ 14.391957638989716, 53.207881703388225 ], [ 14.39723217660814, 53.211224754968399 ], [ 14.39598408994466, 53.222750245085372 ], [ 14.410138815516296, 53.231732145267813 ], [ 14.415418077184103, 53.235074653473063 ], [ 14.429571320906136, 53.244048305077527 ], [ 14.434863455670634, 53.247396115316384 ], [ 14.449015003665471, 53.256361385538113 ], [ 14.454320227207186, 53.259714625925241 ], [ 14.448348603501694, 53.262625592246401 ], [ 14.432382959746484, 53.27044811721926 ], [ 14.426440840604261, 53.273342246087182 ], [ 14.410435200302066, 53.281177331025312 ], [ 14.409187268962397, 53.292702890932169 ], [ 14.407938453670544, 53.304228407107999 ], [ 14.406688755005241, 53.315753879588684 ], [ 14.405438173619677, 53.327279308413019 ], [ 14.404186710240939, 53.33880469362272 ], [ 14.40293436566923, 53.350330035262303 ], [ 14.397075154719237, 53.353175736374013 ], [ 14.380937891095488, 53.361052701899389 ], [ 14.395246127760638, 53.370108419021022 ], [ 14.400427036507265, 53.373380588023757 ], [ 14.394585987071531, 53.37621560783311 ], [ 14.378417807882892, 53.384102498807202 ], [ 14.37715644486496, 53.395627331942109 ], [ 14.375894202240094, 53.407152121601555 ], [ 14.374631081091932, 53.418676867841668 ], [ 14.373367082568398, 53.430201570721209 ], [ 14.3721022078798, 53.441726230301384 ], [ 14.370836458296761, 53.453250846645808 ], [ 14.365078400315872, 53.456037738770981 ], [ 14.348778311072472, 53.463966175283979 ], [ 14.347505285340382, 53.4754903678242 ], [ 14.34623138458624, 53.487014517133233 ], [ 14.34495661018417, 53.498538623279366 ], [ 14.339253416759176, 53.501293915088894 ], [ 14.322868611964729, 53.509248487487937 ], [ 14.321586546290716, 53.520772167648339 ], [ 14.320303606715553, 53.532295804647639 ], [ 14.314645441096344, 53.535025232957352 ], [ 14.298192104651012, 53.543000572341072 ], [ 14.296901859161528, 53.554523781195762 ], [ 14.311467402295444, 53.563724930416697 ], [ 14.316449559365653, 53.566866457409091 ], [ 14.315163139174102, 53.57838992250251 ], [ 14.313875852771941, 53.589913344812132 ], [ 14.312587701805775, 53.601436724417894 ], [ 14.311298687952053, 53.612960061401004 ], [ 14.305703154712402, 53.615653129900622 ], [ 14.289142078369531, 53.623662130497131 ], [ 14.287845744892619, 53.635185038797118 ], [ 14.286548548154077, 53.646707904477253 ], [ 14.285250489844781, 53.658230727619951 ], [ 14.279707175864861, 53.66089377667091 ], [ 14.263063732898983, 53.668927283439508 ], [ 14.277768004484928, 53.678201442410604 ], [ 14.282651795371702, 53.681276246627043 ], [ 14.277125807281232, 53.683929244215022 ], [ 14.260452076113701, 53.69197202514394 ], [ 14.259144956107384, 53.703494332265279 ], [ 14.257836977284988, 53.715016597010532 ], [ 14.256528141353847, 53.726538819463634 ], [ 14.27129517242642, 53.73584238097208 ], [ 14.276140103141719, 53.738889305648151 ], [ 14.270656645926623, 53.741517603742984 ], [ 14.253907905027559, 53.749583137830868 ], [ 14.268699759554341, 53.758898257241718 ], [ 14.273529480898494, 53.761934235660988 ], [ 14.272222902859628, 53.773456638099312 ], [ 14.270915482563714, 53.784978998940602 ], [ 14.269607221767748, 53.796501318270892 ], [ 14.264164898857091, 53.799105658410539 ], [ 14.247342435089871, 53.807193199558576 ], [ 14.246026804104025, 53.818715086720168 ], [ 14.244710331413241, 53.830236932350253 ], [ 14.239308216825815, 53.832818109918342 ], [ 14.222421569648423, 53.840923645435304 ], [ 14.22109770598721, 53.852445056507378 ], [ 14.219772999122144, 53.863966426016965 ], [ 14.218447450654315, 53.875487754045167 ], [ 14.217121062167548, 53.88700904067251 ], [ 14.215793835226737, 53.898530285978801 ], [ 14.2104533725111, 53.901075624436594 ], [ 14.193461299110574, 53.909210630215767 ], [ 14.20844030435272, 53.918626185431854 ], [ 14.213136872138492, 53.92157265294378 ], [ 14.228117582258339, 53.9309814323952 ], [ 14.249119138436239, 53.9318069300544 ], [ 14.270121761824241, 53.932628606799348 ], [ 14.29112544774445, 53.93344646092838 ], [ 14.308048797647109, 53.925326548977083 ], [ 14.313424663238745, 53.92273284103188 ], [ 14.330312512547506, 53.914622506874615 ], [ 14.335712539632166, 53.912014617083614 ], [ 14.356707887323063, 53.912820316882524 ], [ 14.377704276797703, 53.913622190769239 ], [ 14.382549958893144, 53.916646783296066 ], [ 14.397431117116502, 53.925949339328874 ], [ 14.418435325597487, 53.926743892402477 ], [ 14.43944056258734, 53.92753461441643 ], [ 14.444337972012168, 53.930584643007833 ], [ 14.459192620858969, 53.939851501093003 ], [ 14.464103668472184, 53.942907224341283 ], [ 14.478956346568781, 53.952165106177397 ], [ 14.483881467373674, 53.95522677709242 ], [ 14.498731749201401, 53.964475421095315 ], [ 14.51975833930862, 53.965251791826276 ], [ 14.524718906146264, 53.968330623671747 ], [ 14.539552206736355, 53.977555295399391 ], [ 14.560586578342521, 53.978324314591696 ], [ 14.565583945842478, 53.981421089264572 ], [ 14.580398917604489, 53.990620993884427 ], [ 14.60144105846509, 53.991382658492313 ], [ 14.622484188336612, 53.992140485402651 ], [ 14.627542106093397, 53.995267782591576 ], [ 14.642321773658734, 54.004426814425443 ], [ 14.663372650946902, 54.005177288427696 ], [ 14.684424502937654, 54.005923927936827 ], [ 14.689545698745276, 54.009083318402865 ], [ 14.704287328620259, 54.018199906880085 ], [ 14.7253469054479, 54.018939202058398 ], [ 14.730509920168792, 54.022119429467224 ], [ 14.745228213111854, 54.031208352209447 ], [ 14.766295501091985, 54.031940313342048 ], [ 14.771501494360166, 54.035142048305723 ], [ 14.786195295140132, 54.044202646198478 ], [ 14.807270280150627, 54.044927288089156 ], [ 14.828346205662507, 54.045648116415975 ], [ 14.849423066363451, 54.046365135426974 ], [ 14.854723223168035, 54.049615649271288 ], [ 14.869354829667975, 54.05861370387148 ], [ 14.890439352597557, 54.059323445318277 ], [ 14.911524795154026, 54.060029394425641 ], [ 14.932611151893337, 54.060731557163066 ], [ 14.938008590230403, 54.064032645207199 ], [ 14.952574847573723, 54.072966482103546 ], [ 14.973668830168922, 54.073661428014304 ], [ 14.979113156752828, 54.076986286703011 ], [ 14.993650999394982, 54.085889697055642 ], [ 15.014752591482134, 54.086577467745677 ], [ 15.035855070930001, 54.087261495212935 ], [ 15.041372870927939, 54.090624336935079 ], [ 15.055862419246145, 54.099479784202266 ], [ 15.07697248033644, 54.100156707697032 ], [ 15.098083412087023, 54.100829920944932 ], [ 15.103674716394154, 54.104230776086716 ], [ 15.118115920738745, 54.11303838139392 ], [ 15.139234405325919, 54.113704576433427 ], [ 15.160353743521215, 54.114367100180601 ], [ 15.166017754686317, 54.117805526847469 ], [ 15.180411391713776, 54.126565914176197 ], [ 15.20153825305969, 54.127221520372458 ], [ 15.207247809992625, 54.130682997780461 ], [ 15.221614350031819, 54.139414112130282 ], [ 15.242748715742199, 54.140062880741233 ], [ 15.263883906050724, 54.140708058442875 ], [ 15.269662466001867, 54.14420501894422 ], [ 15.283985109006233, 54.152891384886217 ], [ 15.305127772809302, 54.153529850335538 ], [ 15.326271243486627, 54.154164779504654 ], [ 15.34741551506219, 54.154796189238532 ], [ 15.368560581561699, 54.155424096750764 ], [ 15.38970643701588, 54.156048519596617 ], [ 15.395618863706929, 54.159615085893165 ], [ 15.409852627461461, 54.16821375467088 ], [ 15.431005889772209, 54.168831732791539 ], [ 15.452159923328077, 54.169446288632024 ], [ 15.47331472222041, 54.170057440844737 ], [ 15.494470280566636, 54.17066520822037 ], [ 15.515626592514517, 54.171269609641719 ], [ 15.521652162185637, 54.174893917733492 ], [ 15.535817612196542, 54.183417813804041 ], [ 15.556981265485961, 54.184016061890738 ], [ 15.578145655243402, 54.184611008640957 ], [ 15.584211154462551, 54.188254168254417 ], [ 15.598361626635979, 54.196751347986471 ], [ 15.619533328443501, 54.197340295477261 ], [ 15.640705750157398, 54.197926004162241 ], [ 15.661878886315664, 54.198508491606724 ], [ 15.667986227482377, 54.202170527209631 ], [ 15.682126358651455, 54.210638633493055 ], [ 15.703306768840136, 54.211215307163066 ], [ 15.724487877939071, 54.211788815476311 ], [ 15.745669680830089, 54.212359173473359 ], [ 15.751799265942285, 54.216028758231268 ], [ 15.765948612452259, 54.224479558685452 ], [ 15.787137655046546, 54.225044258996 ], [ 15.793261323020756, 54.228707334363641 ], [ 15.807434924496123, 54.237160185703637 ], [ 15.828631193931846, 54.237719294656586 ], [ 15.849828134341271, 54.2382753218441 ], [ 15.855939542094374, 54.241927055554896 ], [ 15.870150291882313, 54.250384409029024 ], [ 15.891354439783875, 54.250934911951546 ], [ 15.912559246485076, 54.251482355617767 ], [ 15.933764707890324, 54.252026744308523 ], [ 15.954970820006462, 54.252568081032017 ], [ 15.976177578941435, 54.253106367497182 ], [ 15.997384980902494, 54.253641604092564 ], [ 16.018593022193908, 54.254173789871182 ], [ 16.024642267434057, 54.257779164090778 ], [ 16.038972724761614, 54.266263903680269 ], [ 16.060187925566677, 54.266790574980824 ], [ 16.081403756451586, 54.267314178887311 ], [ 16.087390219117445, 54.270878553235832 ], [ 16.101808347784552, 54.279397404116523 ], [ 16.123031328963535, 54.279915422800372 ], [ 16.128958545578637, 54.283442007918453 ], [ 16.143454304778722, 54.291994110410322 ], [ 16.149334781786532, 54.295491425281753 ], [ 16.163889155675765, 54.304070719371474 ], [ 16.185125815293244, 54.304580476308267 ], [ 16.190936487986452, 54.30803373342826 ], [ 16.205579090925145, 54.316652308274726 ], [ 16.211337228991024, 54.32007285021821 ], [ 16.22604427560362, 54.328721895858877 ], [ 16.231747979473148, 54.33210858983761 ], [ 16.24652138439415, 54.340789167633467 ], [ 16.25216887729179, 54.344140951608473 ], [ 16.267010432517392, 54.352854048026785 ], [ 16.272600067011922, 54.356169934911875 ], [ 16.287511435300608, 54.364916457904684 ], [ 16.293041698795037, 54.368195539157419 ], [ 16.308024408128961, 54.376976315178283 ], [ 16.313493927259437, 54.38021776375281 ], [ 16.312704165473061, 54.391765201707003 ], [ 16.327797245163719, 54.40060080421712 ], [ 16.333172394384356, 54.403784218221311 ], [ 16.348339645193395, 54.412655556413114 ], [ 16.353651596476972, 54.415799853578527 ], [ 16.352872034147261, 54.427347610173896 ], [ 16.368152324700844, 54.436275085072161 ], [ 16.3733677506969, 54.439360035714571 ], [ 16.38872425839082, 54.448324261937273 ], [ 16.393874819928687, 54.451369078107767 ], [ 16.393105760248151, 54.46291715392185 ], [ 16.4085769434732, 54.471938215060007 ], [ 16.413629852188976, 54.474922983954755 ], [ 16.429178515588507, 54.48398134931913 ], [ 16.434165666220835, 54.486925428085371 ], [ 16.43340740279552, 54.498473823204684 ], [ 16.449071366696643, 54.50758912772784 ], [ 16.45396072585871, 54.510473051294085 ], [ 16.469702679331807, 54.519625770905058 ], [ 16.491055923680928, 54.520090993524889 ], [ 16.49584492458877, 54.522912429053989 ], [ 16.511706002889881, 54.532120692457447 ], [ 16.516429085717792, 54.534901312550318 ], [ 16.53236824252587, 54.544146842633857 ], [ 16.553735329238226, 54.544601190480392 ], [ 16.558358321225185, 54.547319454136456 ], [ 16.574416368536109, 54.556620075811246 ], [ 16.595790668370416, 54.557066944906033 ], [ 16.617165550854235, 54.557509964818344 ], [ 16.621655211333092, 54.560144874442749 ], [ 16.637872027443326, 54.569517661892121 ], [ 16.659254108110286, 54.569953047974906 ], [ 16.680636759768564, 54.570384528752122 ], [ 16.702019978060008, 54.570812090146198 ], [ 16.723403758561815, 54.571235718705587 ], [ 16.744788096788476, 54.571655401599678 ], [ 16.766172988193745, 54.572071126611711 ], [ 16.770401720899432, 54.57454191224241 ], [ 16.786931344097866, 54.584051812641881 ], [ 16.808323383119376, 54.584459643223703 ], [ 16.829715961982497, 54.584863476594109 ], [ 16.833822302154037, 54.587257452716422 ], [ 16.850499737189033, 54.596832151924971 ], [ 16.871899442539746, 54.597227999228956 ], [ 16.893299673745172, 54.597619817252422 ], [ 16.914700425842771, 54.598007598360368 ], [ 16.918660871719499, 54.600309629671976 ], [ 16.935516197905702, 54.609960067942879 ], [ 16.939421693148851, 54.612227882170288 ], [ 16.956344214211185, 54.621908290372183 ], [ 16.960196063432132, 54.624142677483434 ], [ 16.977184483208028, 54.633852249134449 ], [ 16.980984009805638, 54.636054010470431 ], [ 16.998037013193677, 54.645791930252194 ], [ 17.001785555153468, 54.64796187590143 ], [ 17.018901812329226, 54.657727322101898 ], [ 17.022600718336324, 54.659866268466828 ], [ 17.039778888653807, 54.669658415233435 ], [ 17.061219625268777, 54.670017768933889 ], [ 17.064846466964237, 54.67211123621238 ], [ 17.082115563772025, 54.681940459791306 ], [ 17.085696271322771, 54.684005045094409 ], [ 17.103023794718016, 54.69385883299806 ], [ 17.124478156746012, 54.694205883997689 ], [ 17.127992433275505, 54.696228387886968 ], [ 17.145405258673236, 54.706115826466082 ], [ 17.166866652804355, 54.706454657672275 ], [ 17.170318001539947, 54.708437187255399 ], [ 17.187812626826361, 54.718356158563765 ], [ 17.209281036569912, 54.718686760354068 ], [ 17.212672961072609, 54.720631419042078 ], [ 17.230245883509575, 54.730579813926965 ], [ 17.251721292182246, 54.730902179605096 ], [ 17.255057283583721, 54.732811058911096 ], [ 17.272705012637484, 54.742786784252267 ], [ 17.294187403403782, 54.743100909458605 ], [ 17.315670217789666, 54.743410916223269 ], [ 17.337153450283239, 54.743716804111855 ], [ 17.340406123350572, 54.745571354242436 ], [ 17.358169122409112, 54.755584711669165 ], [ 17.379659298376772, 54.755882354509303 ], [ 17.401149876088752, 54.756175877270245 ], [ 17.422640850018862, 54.756465279704678 ], [ 17.444132214639883, 54.756750561573256 ], [ 17.465623964423912, 54.75703172263588 ], [ 17.468780650735141, 54.758822038910651 ], [ 17.48668456479486, 54.768874682999794 ], [ 17.508183197440182, 54.769147596275289 ], [ 17.529682198831615, 54.769416387935706 ], [ 17.551181563438153, 54.76968105767088 ], [ 17.572681285729438, 54.769941605128338 ], [ 17.575772949957166, 54.771687078115043 ], [ 17.593780197535697, 54.781763752900034 ], [ 17.615286752788631, 54.782016050531027 ], [ 17.636793649295342, 54.782264224536867 ], [ 17.658300881526358, 54.78250827433201 ], [ 17.661349337318011, 54.784222892672581 ], [ 17.679431554796338, 54.794313743515374 ], [ 17.700945580940516, 54.79454954016385 ], [ 17.722459926373638, 54.794781210374822 ], [ 17.725479588269426, 54.796474653609025 ], [ 17.743615862322567, 54.806574132664856 ], [ 17.765136973507804, 54.806797545626651 ], [ 17.786658387541959, 54.807016829040606 ], [ 17.808180098896528, 54.80723198167469 ], [ 17.811175548468583, 54.808905452513336 ], [ 17.829367719818265, 54.81900822530541 ], [ 17.850896157828615, 54.819215111529594 ], [ 17.872424876709715, 54.81941786247701 ], [ 17.87540615677575, 54.821078477686783 ], [ 17.893637712647681, 54.831181552545793 ], [ 17.91517312997189, 54.831376027553645 ], [ 17.936708811702069, 54.831566361596686 ], [ 17.958244752302601, 54.831752552587581 ], [ 17.97978094623647, 54.831934598312422 ], [ 18.00131738796501, 54.832112496428891 ], [ 18.022854071947563, 54.832286244464626 ], [ 18.044390992641194, 54.832455839815935 ], [ 18.065928144500372, 54.832621279746562 ], [ 18.087465521976622, 54.832782561386821 ], [ 18.109003119518203, 54.832939681732817 ], [ 18.130540931569755, 54.833092637646004 ], [ 18.152078952571969, 54.833241425852961 ], [ 18.173617176961191, 54.833386042945442 ], [ 18.195155599169098, 54.833526485380723 ], [ 18.216694213622318, 54.833662749482066 ], [ 18.23823301474204, 54.833794831439917 ], [ 18.25977199694367, 54.83392272731291 ], [ 18.281311154636434, 54.834046433029606 ], [ 18.302850482223011, 54.834165944390406 ], [ 18.324389974099148, 54.834281257069925 ], [ 18.345929624653287, 54.834392366619731 ], [ 18.364468793269811, 54.824624051226273 ], [ 18.367650188231533, 54.822934289007726 ], [ 18.3861547934982, 54.813175315453144 ], [ 18.389358465188828, 54.811471896543217 ], [ 18.407827832855375, 54.801722651569115 ], [ 18.411054462823682, 54.80000518682462 ], [ 18.429487906126301, 54.790266064772261 ], [ 18.42963981279695, 54.778706418991575 ], [ 18.429791409872681, 54.767146749820689 ], [ 18.411675354376303, 54.75724470864931 ], [ 18.408458905635865, 54.755484187042391 ], [ 18.408615877777638, 54.74392451222667 ], [ 18.408772524622623, 54.732364813897632 ], [ 18.412061250487952, 54.73061118953845 ], [ 18.430394634463497, 54.720907838854785 ], [ 18.433707502955464, 54.719139451628351 ], [ 18.452003808021779, 54.709446956195528 ], [ 18.455341542770448, 54.707663391059356 ], [ 18.473600039177974, 54.697982171117339 ], [ 18.47373741290264, 54.686422260654126 ], [ 18.473874459354946, 54.67486232677583 ], [ 18.474011174639411, 54.663302369462507 ], [ 18.474147554779773, 54.651742388693862 ], [ 18.474283595717214, 54.640182384449261 ], [ 18.477705944028248, 54.638348942371643 ], [ 18.499142484696257, 54.638430837837468 ], [ 18.517250773070828, 54.628800663280387 ], [ 18.517374223189449, 54.617240542064522 ], [ 18.517497332482996, 54.60568039744669 ], [ 18.520986961265439, 54.603806370002147 ], [ 18.539016957618067, 54.594203600091049 ], [ 18.539133435815156, 54.582643376171859 ], [ 18.542664757466568, 54.580744378602517 ], [ 18.560633839850617, 54.571162653073614 ], [ 18.56074368888271, 54.559602351601235 ], [ 18.560853185385611, 54.548042026761962 ], [ 18.56096232455041, 54.53648167853536 ], [ 18.561071101467462, 54.524921306900652 ], [ 18.561179511124159, 54.51336091183672 ], [ 18.561287548402657, 54.50180049332203 ], [ 18.564933513203094, 54.499834268096322 ], [ 18.58273736098781, 54.490315591397945 ], [ 18.565136923718978, 54.480672119830764 ], [ 18.561502484813492, 54.47867958585249 ], [ 18.561609373162803, 54.467119096852663 ], [ 18.561715867562953, 54.455558584312158 ], [ 18.565424355945154, 54.45355625970587 ], [ 18.583140587624499, 54.444073473958809 ], [ 18.586880975676291, 54.442051784796377 ], [ 18.604552393209143, 54.432584520891858 ], [ 18.604645944660462, 54.421023882511761 ], [ 18.60843589153626, 54.418972626633725 ], [ 18.629758168840855, 54.419029736129637 ], [ 18.647337220985694, 54.409595107520985 ], [ 18.651178756184375, 54.407512151584335 ], [ 18.672495182402848, 54.407560794492696 ], [ 18.690001367740354, 54.398151185728416 ], [ 18.693897841408447, 54.3960346106687 ], [ 18.711354702901794, 54.386643139617249 ], [ 18.715288508949531, 54.384504036100608 ], [ 18.732695057622365, 54.375131280588839 ], [ 18.736667191923022, 54.372969064738086 ], [ 18.757965870163954, 54.373000763888996 ], [ 18.779264593459548, 54.373028181098476 ], [ 18.800563356130144, 54.373051311232388 ], [ 18.817829879423485, 54.363728763554604 ], [ 18.821912219980412, 54.361499215916218 ], [ 18.843205057875245, 54.361513803704142 ], [ 18.860384352400825, 54.352224479309264 ], [ 18.864535986458183, 54.349953032363423 ], [ 18.885822881030091, 54.349959058952606 ], [ 18.907109786514592, 54.349960773666083 ], [ 18.928396697174676, 54.349958171667808 ], [ 18.932689699205358, 54.352286456389763 ], [ 18.949669467507622, 54.361522111714478 ], [ 18.966671796742354, 54.352300622789677 ], [ 18.970970511023172, 54.349939998732268 ], [ 18.992257402688058, 54.34992441872155 ], [ 19.013544276482161, 54.349904503892986 ], [ 19.034831126621061, 54.349880250131363 ], [ 19.056117947312146, 54.34985165352952 ], [ 19.077404732755177, 54.349818710411277 ], [ 19.09869147714296, 54.349781417355167 ], [ 19.119978174662069, 54.349739771218587 ], [ 19.141264819493664, 54.349693769162613 ], [ 19.162551405814359, 54.349643408677075 ], [ 19.183837927797214, 54.349588687606072 ], [ 19.188622172239466, 54.352157846321006 ], [ 19.20518201939289, 54.361099872482718 ], [ 19.226474376299972, 54.361036375417051 ], [ 19.247766651282184, 54.360968513782574 ], [ 19.269058838507135, 54.360896287139958 ], [ 19.290350932145021, 54.36081969553468 ], [ 19.295372790749731, 54.3635048615144 ], [ 19.311730531071383, 54.37230854665814 ], [ 19.33302840478072, 54.372223178370923 ], [ 19.354326167336694, 54.37213344872643 ], [ 19.375623812933004, 54.372039360000457 ], [ 19.380854165706676, 54.374826492551833 ], [ 19.397032955771191, 54.383510318812675 ], [ 19.418336338485723, 54.383407473727239 ], [ 19.423670911540157, 54.386244883421263 ], [ 19.439763268945864, 54.39486938357517 ], [ 19.461072369382507, 54.394757800736819 ], [ 19.466516087283313, 54.39764800091163 ], [ 19.482517084346053, 54.40621068825326 ], [ 19.503831883231175, 54.406090392082355 ], [ 19.509389541811295, 54.409035821575337 ], [ 19.525294379735922, 54.417534289956656 ], [ 19.546614857950662, 54.417405310804106 ], [ 19.552291101585897, 54.420408322266418 ], [ 19.56809513322322, 54.428840257804985 ], [ 19.573825993545476, 54.431868990052429 ], [ 19.589587356987092, 54.440270627671495 ], [ 19.595374168547085, 54.443325759938681 ], [ 19.611091535904638, 54.451696435075156 ], [ 19.61693559816413, 54.454778626604451 ], [ 19.632607676682355, 54.4631176952836 ], [ 19.64802003150545, 54.454615941676145 ], [ 19.653766928997449, 54.451399626897889 ], [ 19.675104332481816, 54.451244838712007 ], [ 19.696441533289217, 54.451085810551668 ], [ 19.71777852598624, 54.450922555158257 ], [ 19.739115305175066, 54.450755085770268 ], [ 19.760451865494005, 54.450583416083575 ], [ 19.781788201617854, 54.450407560207474 ], [ 19.803124308258042, 54.450227532616722 ], [ 19.817919185035649, 54.442024250984417 ], [ 19.824227852362526, 54.438475961227667 ], [ 19.845557473542698, 54.438287667859186 ], [ 19.866886849736172, 54.43809524723013 ], [ 19.888215975800943, 54.437898714814395 ], [ 19.909544846629242, 54.437698086172851 ], [ 19.930873457146223, 54.437493376886572 ], [ 19.952201802308434, 54.437284602487871 ], [ 19.966417907029353, 54.429366362708606 ], [ 19.973255667027253, 54.425504412771438 ], [ 19.99457746093432, 54.425287584304947 ], [ 20.015898974702978, 54.425066736572496 ], [ 20.037220203402345, 54.424841884387014 ], [ 20.058541142122287, 54.424613042166868 ], [ 20.079861785970476, 54.424380223863608 ], [ 20.101182130069287, 54.424143442890959 ], [ 20.122502169552501, 54.423902712055408 ], [ 20.136030262412778, 54.416328787745833 ], [ 20.143499873362988, 54.41209072500687 ], [ 20.164813289297001, 54.411842167018563 ], [ 20.186126386307155, 54.411589695403798 ], [ 20.207439159551416, 54.411333320195169 ], [ 20.228751604181795, 54.411073050523839 ], [ 20.250063715340435, 54.410808894569342 ], [ 20.271375488155755, 54.410540859513837 ], [ 20.29268691773861, 54.410268951501585 ], [ 20.305507776835242, 54.403053927478311 ], [ 20.313628238149285, 54.398425999975231 ], [ 20.334932973338336, 54.398146420890363 ], [ 20.356237350875876, 54.397862985388272 ], [ 20.377541365786282, 54.397575695514128 ], [ 20.398845013058981, 54.397284552155753 ], [ 20.420148287645148, 54.396989555035489 ], [ 20.432425988098668, 54.390053002254589 ], [ 20.441045749774432, 54.385123723323076 ], [ 20.462342277222017, 54.384821104823622 ], [ 20.483638417103226, 54.384514631457954 ], [ 20.504934164212916, 54.384204298666901 ], [ 20.526229513294908, 54.38389010076483 ], [ 20.547524459039938, 54.383572030963293 ], [ 20.568818996083913, 54.383250081399311 ], [ 20.590113119006375, 54.382924243168169 ], [ 20.601665106539897, 54.376364009197061 ], [ 20.6109538230337, 54.371028198780067 ], [ 20.632241123715303, 54.370694704645736 ], [ 20.653527994405408, 54.370357298578618 ], [ 20.674814429477742, 54.37001596821203 ], [ 20.696100423246435, 54.369670700348685 ], [ 20.71738596996607, 54.36932148101311 ], [ 20.738671063831976, 54.368968295506392 ], [ 20.759955698980789, 54.368611128462639 ], [ 20.781239869491245, 54.368249963907019 ], [ 20.802523569385187, 54.36788478531485 ], [ 20.813153626956126, 54.361809526089601 ], [ 20.823294405142406, 54.355950941409077 ], [ 20.844571180828289, 54.355577937821487 ], [ 20.865847468673877, 54.355200879791241 ], [ 20.887123262519019, 54.354819749406275 ], [ 20.908398556154946, 54.354434528498494 ], [ 20.929673343326449, 54.354045198704164 ], [ 20.950947617734197, 54.353651741523493 ], [ 20.972221373037225, 54.353254138379356 ], [ 20.993494602855517, 54.35285237067513 ], [ 21.014767300772753, 54.352446419851127 ], [ 21.036039460339104, 54.352036267439892 ], [ 21.057311075074217, 54.351621895120005 ], [ 21.078582138470193, 54.351203284768246 ], [ 21.099852643994719, 54.35078041851029 ], [ 21.109122150503485, 54.345435819215638 ], [ 21.120527200059282, 54.338793010025533 ], [ 21.141790626594887, 54.338362013554679 ], [ 21.163053477022547, 54.337926723700257 ], [ 21.184315744776669, 54.33748712418388 ], [ 21.205577423283728, 54.337043199200302 ], [ 21.226838505965684, 54.336594933457611 ], [ 21.235473221968569, 54.331596755659135 ], [ 21.24746838915156, 54.324584495111445 ], [ 21.268722330045421, 54.32412802217636 ], [ 21.281788473510186, 54.330729435914094 ], [ 21.290618113284815, 54.335223947246831 ], [ 21.311876746915679, 54.33475817711583 ], [ 21.333134751883595, 54.334287998739924 ], [ 21.354392121655493, 54.333813400644658 ], [ 21.375648849717777, 54.333334372096836 ], [ 21.383514291443124, 54.328761941860876 ], [ 21.396232855800559, 54.321297029105025 ], [ 21.417482362951738, 54.320809735376592 ], [ 21.438731210903455, 54.320317999416766 ], [ 21.459979393287767, 54.31982181380414 ], [ 21.481226903772868, 54.319321171964596 ], [ 21.502473736066193, 54.318816068186855 ], [ 21.523719883917519, 54.318306497636186 ], [ 21.544965341121916, 54.317792456366121 ], [ 21.566210101522699, 54.317273941328381 ], [ 21.581042336015248, 54.324696016404992 ], [ 21.588179423860012, 54.328298624740619 ], [ 21.609428672071765, 54.327770386039809 ], [ 21.630677203108565, 54.327237653108952 ], [ 21.651925010997616, 54.32670042643894 ], [ 21.673172089827272, 54.326158707440761 ], [ 21.694418433749348, 54.325612498444251 ], [ 21.715664036981277, 54.325061802695025 ], [ 21.736908893808156, 54.324506624349432 ], [ 21.758152998584599, 54.323946968467737 ], [ 21.779396345736515, 54.323382841005461 ], [ 21.795687220330493, 54.331475618708964 ], [ 21.801423611310511, 54.334353000773106 ], [ 21.822671306279258, 54.333779004610548 ], [ 21.843918224749267, 54.33320054207676 ], [ 21.865164361409082, 54.332617622487923 ], [ 21.886409711024978, 54.332030255988464 ], [ 21.907654268441743, 54.331438453531995 ], [ 21.92889802858328, 54.330842226860405 ], [ 21.950140986453047, 54.330241588481435 ], [ 21.971383137134264, 54.329636551644569 ], [ 21.992624475789977, 54.329027130315438 ], [ 22.013864997662907, 54.328413339148646 ], [ 22.035104698075127, 54.327795193459231 ], [ 22.056343572427544, 54.327172709192808 ], [ 22.074778862116549, 54.336247267485554 ], [ 22.078443089415888, 54.338070425288912 ], [ 22.099686144571027, 54.337438123322464 ], [ 22.120928357264575, 54.336801515203724 ], [ 22.142169723171413, 54.336160619056898 ], [ 22.163410238040566, 54.335515453478507 ], [ 22.184649897693621, 54.334866037501627 ], [ 22.205888698023035, 54.334212390559223 ], [ 22.227126634990196, 54.333554532447003 ], [ 22.248363704623422, 54.33289248328574 ], [ 22.269599903015752, 54.332226263483172 ], [ 22.290835226322628, 54.331555893695807 ], [ 22.312069670759442, 54.330881394790424 ], [ 22.332713510196506, 54.340959709864464 ], [ 22.334235265021995, 54.341711211610843 ], [ 22.355473751369757, 54.34102709429348 ], [ 22.376711344395478, 54.340338892646237 ], [ 22.397948040505394, 54.339646628089817 ], [ 22.419183836152992, 54.338950322076649 ], [ 22.440418727836025, 54.338249996054245 ], [ 22.462276887599995, 54.348875796941826 ], [ 22.462620188221099, 54.349044670343886 ], [ 22.483859054492576, 54.348334826270154 ], [ 22.501367395552116, 54.347746755540506 ], [ 22.504707891314506, 54.343053111306531 ], [ 22.509890549416053, 54.335930917280422 ], [ 22.51852103817534, 54.324111257955714 ], [ 22.523768997394424, 54.316949264781506 ], [ 22.527262649294098, 54.312287642108082 ], [ 22.536148230172341, 54.300459079861454 ], [ 22.542867879811148, 54.291556325358599 ], [ 22.545130121298453, 54.288626939977448 ], [ 22.554286055665287, 54.276788905591616 ], [ 22.562004687691186, 54.26686591076728 ], [ 22.563532109217231, 54.264947418054646 ], [ 22.572975142685952, 54.253099284286989 ], [ 22.581179551548136, 54.242869547686581 ], [ 22.582511555569237, 54.241247538165076 ], [ 22.592260122962358, 54.229388611509627 ], [ 22.600392597050028, 54.219558832077929 ], [ 22.60211570156029, 54.217525596723846 ], [ 22.61219016700748, 54.205655107713433 ], [ 22.619643959708885, 54.196925595814498 ], [ 22.622396670092726, 54.193779701183026 ], [ 22.632819609425038, 54.181896792921961 ], [ 22.638933800533728, 54.174962079783135 ], [ 22.643412148541174, 54.170007742264374 ], [ 22.654208682881553, 54.158111456804868 ], [ 22.658262322710101, 54.153661113871692 ], [ 22.665226191969335, 54.14620736106626 ], [ 22.67642438362288, 54.134296623142298 ], [ 22.677629789397137, 54.133016304547866 ], [ 22.687910172555458, 54.122375909899546 ], [ 22.697034565010068, 54.113000033780246 ], [ 22.699583644881233, 54.11044821010077 ], [ 22.711543907418505, 54.098510405408391 ], [ 22.716477290905786, 54.093610593488442 ], [ 22.723764493334617, 54.086563226165822 ], [ 22.735959162602143, 54.07485244238206 ], [ 22.736221351904209, 54.074607336968278 ], [ 22.74904259474161, 54.06263866240436 ], [ 22.755476213779051, 54.056672781157346 ], [ 22.762141102343811, 54.05065980928844 ], [ 22.775032470238958, 54.039107821230516 ], [ 22.775534644507694, 54.038670123949402 ], [ 22.789336388333645, 54.026665931662279 ], [ 22.794623112451564, 54.022096050590413 ], [ 22.803485866257102, 54.014649001194037 ], [ 22.814251067549073, 54.005661647009781 ], [ 22.818001855806649, 54.002618606896327 ], [ 22.832930241200543, 53.990573144656956 ], [ 22.833914911561664, 53.989781023815006 ], [ 22.848341589520601, 53.978510191035198 ], [ 22.853611996961106, 53.974417756964684 ], [ 22.864207003127895, 53.966430483076088 ], [ 22.873344043988066, 53.959583111330083 ], [ 22.880562566713643, 53.954332666115064 ], [ 22.893110023660924, 53.945258645714866 ], [ 22.897447272427346, 53.942215264777957 ], [ 22.912908932218969, 53.931426501339836 ], [ 22.914903267688612, 53.930076671149159 ], [ 22.932739792416424, 53.918069405298716 ], [ 22.932976126413291, 53.917915131605938 ], [ 22.951729637919581, 53.905728254473289 ], [ 22.95260109328931, 53.905164734788855 ], [ 22.971195141567581, 53.893514670796506 ], [ 22.972492784763691, 53.892705641195263 ], [ 22.991425715495737, 53.881272254089943 ], [ 22.992414129646196, 53.880678182555528 ], [ 23.012364198866511, 53.869066652393599 ], [ 23.012485058178598, 53.868998471051519 ], [ 23.032341167772568, 53.857846314171461 ], [ 23.034468245502829, 53.856689669051278 ], [ 23.052344844795346, 53.847009748565078 ], [ 23.057432502153063, 53.844343385334909 ], [ 23.072374468396045, 53.836543793074014 ], [ 23.081457529001717, 53.831956322527816 ], [ 23.092429311347693, 53.826435863157315 ], [ 23.106629820041579, 53.819524857312423 ], [ 23.112508681433312, 53.816673947799693 ], [ 23.132611709727986, 53.807244448889897 ], [ 23.13304989221885, 53.807044775752459 ], [ 23.152734540953418, 53.798103828091271 ], [ 23.160921406887883, 53.794508150434069 ], [ 23.172879545892179, 53.789271952401187 ], [ 23.19026424776175, 53.781913244238481 ], [ 23.193046164523253, 53.780738975769381 ], [ 23.213230428487773, 53.772461245466744 ], [ 23.221312349780455, 53.769250695483791 ], [ 23.233433562308743, 53.764447418134758 ], [ 23.253656138211511, 53.756699545836305 ], [ 23.254146925065822, 53.756516256141978 ], [ 23.273892457715341, 53.749157966745472 ], [ 23.289046614768722, 53.743698430299069 ], [ 23.294147072567558, 53.741864437847397 ], [ 23.31441540066632, 53.734770939011554 ], [ 23.32613810047776, 53.730790786346034 ], [ 23.334698895594457, 53.727888868538528 ], [ 23.354995567194873, 53.721196150106799 ], [ 23.365639697158368, 53.717783269393735 ], [ 23.375305206130065, 53.714688222576854 ], [ 23.395626696577661, 53.708351922382946 ], [ 23.40777586862928, 53.704665164018394 ], [ 23.415959953632939, 53.702184143405184 ], [ 23.436303036491882, 53.696164216049077 ], [ 23.452764478674112, 53.691425510570276 ], [ 23.456657579102021, 53.690305612827608 ], [ 23.477019294892141, 53.684565862903717 ], [ 23.497392053912009, 53.678979645322954 ], [ 23.500837184729576, 53.678052298293977 ], [ 23.517770597550342, 53.673495888170585 ], [ 23.538157884151399, 53.668140714478433 ], [ 23.552189215732511, 53.664534293291339 ], [ 23.558552450387982, 53.662898908007755 ], [ 23.578951882991404, 53.657746765519356 ], [ 23.599358953241925, 53.652708523115436 ], [ 23.599204087723848, 53.65116060957395 ], [ 23.598049458362297, 53.639631573882902 ], [ 23.59689357765669, 53.628102578302162 ], [ 23.616288751752283, 53.615936471138198 ], [ 23.6165518468279, 53.615770851698194 ], [ 23.615389262565223, 53.60424220016683 ], [ 23.614225450055482, 53.592713588076059 ], [ 23.633358941412563, 53.580696537162702 ], [ 23.633862037258073, 53.580379435115219 ], [ 23.632691523859975, 53.568851169518958 ], [ 23.631519806599272, 53.557322942634748 ], [ 23.650401665754881, 53.54544891035372 ], [ 23.65113456056098, 53.544986381684403 ], [ 23.64995615125007, 53.533458503491957 ], [ 23.648776563663443, 53.521930663227003 ], [ 23.667416994819675, 53.510193501326441 ], [ 23.668369351823987, 53.509591712017574 ], [ 23.667183086953365, 53.498064222399073 ], [ 23.665995670534986, 53.486536769869339 ], [ 23.684405000266111, 53.474930238596414 ], [ 23.685566378631734, 53.474195445492633 ], [ 23.684372305414254, 53.462668345325774 ], [ 23.683177108484042, 53.45114128135581 ], [ 23.701365755347876, 53.439659068129181 ], [ 23.702725640117997, 53.438797600264579 ], [ 23.701523812423879, 53.427270890138502 ], [ 23.719573283241306, 53.415864556019692 ], [ 23.721055611389673, 53.414924547821307 ], [ 23.719847166158225, 53.403398193271968 ], [ 23.718637644393734, 53.391871873487865 ], [ 23.736482963068461, 53.380579839566579 ], [ 23.738147120309524, 53.379523203380728 ], [ 23.736931016747128, 53.367997240236889 ], [ 23.754646695752125, 53.35677534591904 ], [ 23.756423635837137, 53.35564593271485 ], [ 23.75520097125294, 53.344120327621354 ], [ 23.753977281605209, 53.332594755656601 ], [ 23.771505541938669, 53.321476975306936 ], [ 23.773447482299552, 53.320241147373956 ], [ 23.772217276903007, 53.308715934100221 ], [ 23.770986080057185, 53.297190752784616 ], [ 23.78833748989625, 53.286170613686288 ], [ 23.790433841359, 53.284834857345523 ], [ 23.78919617945958, 53.273310035114591 ], [ 23.806433927226145, 53.262350342497868 ], [ 23.808626972505788, 53.260951536215636 ], [ 23.807382878025727, 53.249427073957335 ], [ 23.824510631045243, 53.238525606197648 ], [ 23.826796677677716, 53.237065981143033 ], [ 23.843867483738435, 53.226191792273156 ], [ 23.846198927973255, 53.224701971308264 ], [ 23.844942973937712, 53.213178202164322 ], [ 23.861908692394774, 53.202359286004928 ], [ 23.864328184391464, 53.200811615425565 ], [ 23.863065888026686, 53.189288208914427 ], [ 23.879930262589799, 53.178522286937969 ], [ 23.900557397170207, 53.177675582521267 ], [ 23.903063765964788, 53.176069737985259 ], [ 23.901790587441727, 53.164547003584673 ], [ 23.900516568841134, 53.15302429650415 ], [ 23.899241724922874, 53.141501616089144 ], [ 23.897966070653993, 53.129978961676862 ], [ 23.894948846975261, 53.128509750467124 ], [ 23.87608282809267, 53.119304100234146 ], [ 23.874810183012045, 53.107781185286996 ], [ 23.873536773625879, 53.096258294041363 ], [ 23.872262615937892, 53.084735425796048 ], [ 23.87098772631769, 53.073212579835186 ], [ 23.887463173606744, 53.062662405699342 ], [ 23.890295999019507, 53.060843542816357 ], [ 23.889015114762994, 53.049321050927915 ], [ 23.905415099054679, 53.038807860458746 ], [ 23.908306543308903, 53.036949469850605 ], [ 23.907019729648461, 53.025427331383064 ], [ 23.923347615516729, 53.014949061905831 ], [ 23.926294343060587, 53.013053213457226 ], [ 23.925001669876707, 53.00153142753512 ], [ 23.923708394501279, 52.990009658987724 ], [ 23.922414537390317, 52.978487906923384 ], [ 23.938628765797976, 52.968066253049855 ], [ 23.941662027840181, 52.966111926463299 ], [ 23.940362471821452, 52.954590522557055 ], [ 23.936896381056055, 52.952897317510569 ], [ 23.918529690318287, 52.943922740299172 ], [ 23.9172337246018, 52.932401044688127 ], [ 23.915937290129545, 52.920879360665197 ], [ 23.914640411934837, 52.909357687151932 ], [ 23.913343115965137, 52.897836023032603 ], [ 23.912045429126284, 52.886314367152373 ], [ 23.910747379326832, 52.874792718315511 ], [ 23.909448995522293, 52.863271075283571 ], [ 23.908150307759147, 52.851749436773602 ], [ 23.924210632213153, 52.841399696535689 ], [ 23.927342672772305, 52.839377066218084 ], [ 23.926038871154255, 52.827855752924556 ], [ 23.924734861433738, 52.816334440237966 ], [ 23.923430678190925, 52.804813126684508 ], [ 23.939437901535324, 52.794482129311618 ], [ 23.942597376032577, 52.792438871539879 ], [ 23.941288341412321, 52.780917874192518 ], [ 23.939979242613536, 52.769396871469617 ], [ 23.938670119265836, 52.757875861684035 ], [ 23.937361012409827, 52.746354843090728 ], [ 23.936051964525838, 52.734833813885722 ], [ 23.934743019559306, 52.723312772204942 ], [ 23.933434222942523, 52.711791716123479 ], [ 23.929873038957915, 52.710041121727819 ], [ 23.911691590266187, 52.701120995374012 ], [ 23.908174798976955, 52.699390695184562 ], [ 23.88995653804329, 52.690446133877259 ], [ 23.886487247720616, 52.68873769671746 ], [ 23.868229122687492, 52.679767132014987 ], [ 23.864810374170464, 52.678082097543431 ], [ 23.846509404551416, 52.669083990049891 ], [ 23.843144167129402, 52.667423866613881 ], [ 23.824797447929171, 52.658396708129132 ], [ 23.82148861522715, 52.656762970610693 ], [ 23.803093321029706, 52.647705286288833 ], [ 23.799843706927465, 52.646099373958435 ], [ 23.781397095918219, 52.637009724459979 ], [ 23.78012395204162, 52.625486221201605 ], [ 23.776952300262014, 52.623916952189525 ], [ 23.758441038963394, 52.614786165568852 ], [ 23.755334854396128, 52.613247936196146 ], [ 23.734972725998361, 52.614091991267578 ], [ 23.71460965179789, 52.614933087521152 ], [ 23.694245634921835, 52.615771222198354 ], [ 23.673880678475015, 52.616606392281007 ], [ 23.653514785539691, 52.617438594483353 ], [ 23.634698886087353, 52.608128397579954 ], [ 23.631929965784114, 52.606752144291825 ], [ 23.611567557377551, 52.607578466056076 ], [ 23.592629646835771, 52.598196225649588 ], [ 23.589997741598459, 52.596886194189345 ], [ 23.5696388289368, 52.597706633222089 ], [ 23.550572432688252, 52.588248881658423 ], [ 23.54808400949176, 52.587008489763143 ], [ 23.528941954796501, 52.577505796204449 ], [ 23.526539751807597, 52.576307332566437 ], [ 23.507320037390201, 52.566758576963132 ], [ 23.505006043561568, 52.565603109816728 ], [ 23.484659491844752, 52.566411840580614 ], [ 23.465297827163997, 52.556780244315028 ], [ 23.464102274467965, 52.545251735376034 ], [ 23.461970226300771, 52.544185256619826 ], [ 23.442506625802359, 52.534492112276844 ], [ 23.440468092934754, 52.533471519571222 ], [ 23.420919930297242, 52.523728353923005 ], [ 23.418976460364366, 52.522754504347532 ], [ 23.399342285655486, 52.512960460145251 ], [ 23.3974953167404, 52.512034157900274 ], [ 23.3777737882792, 52.502188430894215 ], [ 23.376604630598123, 52.490658391261483 ], [ 23.374879115316073, 52.489791972884959 ], [ 23.355051844439689, 52.479881855780569 ], [ 23.353891035509914, 52.468351364172058 ], [ 23.352286142161905, 52.467544556309072 ], [ 23.332354300421724, 52.457570317157497 ], [ 23.331202154137742, 52.446039364169984 ], [ 23.329716320274638, 52.445291524185443 ], [ 23.309681791922802, 52.435253801291161 ], [ 23.308538606442706, 52.423722378277645 ], [ 23.307397654604355, 52.412190861684323 ], [ 23.306044828181751, 52.411508946251061 ], [ 23.285900967609066, 52.401400395613962 ], [ 23.284645836803421, 52.400767175738117 ], [ 23.264414214327456, 52.390605792891144 ], [ 23.263289757364564, 52.37907340773797 ], [ 23.262145037344812, 52.378495208571735 ], [ 23.241820174732027, 52.368274283917351 ], [ 23.240705429975289, 52.356741408956552 ], [ 23.23966711437571, 52.35621633608902 ], [ 23.219253209922439, 52.345937765423223 ], [ 23.218148365276761, 52.334404396583956 ], [ 23.217212009903296, 52.333930326770258 ], [ 23.196713655210807, 52.323596236488406 ], [ 23.195618861082579, 52.312062371142595 ], [ 23.19477967092768, 52.311636995366655 ], [ 23.174201760678216, 52.301249699466382 ], [ 23.173117127273088, 52.289715336496144 ], [ 23.191592358742529, 52.277945826904762 ], [ 23.19235088206014, 52.27746011636382 ], [ 23.191267085864595, 52.265925809712961 ], [ 23.190186074738879, 52.254391391526205 ], [ 23.189107853842202, 52.242856861642728 ], [ 23.188032423723016, 52.231322220065749 ], [ 23.206358315088785, 52.219636470716317 ], [ 23.226561909018926, 52.218964725411972 ], [ 23.246764628537179, 52.218288846179931 ], [ 23.247823756808888, 52.217608751605326 ], [ 23.265860596997356, 52.20608617124082 ], [ 23.285802935431672, 52.216233218564362 ], [ 23.287167424090718, 52.216924683046955 ], [ 23.288389437034546, 52.216139092830844 ], [ 23.306251269312668, 52.204714828323517 ], [ 23.326445266437457, 52.204022942931189 ], [ 23.346638364306173, 52.20332691593493 ], [ 23.36683055803195, 52.20262674847018 ], [ 23.368382920427315, 52.201626278046156 ], [ 23.385885803620766, 52.190404073374019 ], [ 23.387534397301909, 52.189340748436784 ], [ 23.404930676035743, 52.178179369766887 ], [ 23.406676777435074, 52.177052268752213 ], [ 23.423965180766096, 52.165952607045249 ], [ 23.443167085645271, 52.175680990209507 ], [ 23.445287986754984, 52.176752056294681 ], [ 23.447179788284849, 52.17552950188341 ], [ 23.464310317632521, 52.164517978365787 ], [ 23.483360339041678, 52.174157396933559 ], [ 23.485641587102272, 52.175308174034313 ], [ 23.505816984189032, 52.174580027334613 ], [ 23.507918361794591, 52.173219692680917 ], [ 23.505558839416253, 52.172030114776327 ], [ 23.486540231765858, 52.162462198852957 ], [ 23.485408885715888, 52.150931234099772 ], [ 23.502323895963031, 52.140043465515213 ], [ 23.504509514597292, 52.138627710021559 ], [ 23.521315154319293, 52.127802972435241 ], [ 23.541468045309458, 52.127068407789899 ], [ 23.543820828776774, 52.125542300248171 ], [ 23.560442862911913, 52.114822028263454 ], [ 23.580588706431787, 52.114079631322504 ], [ 23.600733592032952, 52.113333096556204 ], [ 23.603314973009212, 52.111655476851531 ], [ 23.602164553322297, 52.100125902194527 ], [ 23.618495127040184, 52.089572761686313 ], [ 23.621213219003888, 52.087804547675489 ], [ 23.637432838771318, 52.077315904308485 ], [ 23.640252313932876, 52.075480304911842 ], [ 23.639099560965505, 52.063951025486787 ], [ 23.655161933812984, 52.05355607983212 ], [ 23.658126511889243, 52.05162410736358 ], [ 23.656973637149608, 52.040094929893371 ], [ 23.655823108909324, 52.028565649658098 ], [ 23.654674868382294, 52.017036268999767 ], [ 23.67047262523662, 52.006802898978087 ], [ 23.673684076165848, 52.004707116706498 ], [ 23.672535274985783, 51.993177855136231 ], [ 23.671388575154101, 51.981648500305781 ], [ 23.670243907286636, 51.970119054982824 ], [ 23.666450484397181, 51.968205823938334 ], [ 23.648965721540304, 51.959387949245595 ], [ 23.645182733575528, 51.957478343199469 ], [ 23.627697018267089, 51.948652756338312 ], [ 23.643227746873158, 51.938592700515144 ], [ 23.646695716253976, 51.936328012184184 ], [ 23.642789358465059, 51.934354899533616 ], [ 23.625440336977622, 51.925592044227692 ], [ 23.621543496372357, 51.923622051504822 ], [ 23.604194108515781, 51.914852009408605 ], [ 23.619614235792376, 51.904866368791708 ], [ 23.623190219190036, 51.902531033791824 ], [ 23.622067425436278, 51.891000424429251 ], [ 23.620946036313327, 51.879469749787575 ], [ 23.616789264192043, 51.877365734301122 ], [ 23.59972500896281, 51.868728230509994 ], [ 23.614894924394228, 51.858899885044586 ], [ 23.618707155342786, 51.856408217117384 ], [ 23.614416714619768, 51.854235192563273 ], [ 23.597498204759148, 51.845665976878635 ], [ 23.596386464344704, 51.834134769763104 ], [ 23.611363964761193, 51.824427216998984 ], [ 23.615357399254457, 51.821815505914692 ], [ 23.630198222221349, 51.812189424555072 ], [ 23.634317336466601, 51.809493435252762 ], [ 23.633198786208187, 51.797962692615926 ], [ 23.632081031154719, 51.786431908593322 ], [ 23.627306650615974, 51.784010584842747 ], [ 23.610903832792541, 51.775691247605167 ], [ 23.606137296554412, 51.773271841158262 ], [ 23.589734508880838, 51.764946589362069 ], [ 23.584978060368272, 51.762530246194181 ], [ 23.564997579753218, 51.763352536430332 ], [ 23.548515269237612, 51.754977429535941 ], [ 23.543852696723853, 51.752605474888945 ], [ 23.52736372641694, 51.744221145772187 ], [ 23.526272663079219, 51.732688704284527 ], [ 23.540899434478657, 51.723212151271404 ], [ 23.545227777825126, 51.720380993914951 ], [ 23.544132639292012, 51.708848800801618 ], [ 23.543037748795395, 51.697316587498804 ], [ 23.541943050944202, 51.685784356132331 ], [ 23.540848492658682, 51.674252108737228 ], [ 23.539754023204829, 51.662719847256476 ], [ 23.53865959422015, 51.651187573540113 ], [ 23.537565159731358, 51.639655289344589 ], [ 23.536470676164427, 51.628122996332408 ], [ 23.535376102347811, 51.61659069607213 ], [ 23.534281399509258, 51.605058390038508 ], [ 23.548169148061092, 51.596036253299353 ], [ 23.553177990935904, 51.592750743483023 ], [ 23.552078210930357, 51.581218726691489 ], [ 23.55097820023078, 51.569686708125552 ], [ 23.56462132727917, 51.5608125245382 ], [ 23.569852861544465, 51.55737690941816 ], [ 23.5687475920436, 51.545845189011196 ], [ 23.567642009225025, 51.534313470112934 ], [ 23.581049095516036, 51.525581812332611 ], [ 23.600933770998843, 51.524847247482313 ], [ 23.606450584768293, 51.521217997106142 ], [ 23.605334889885757, 51.509686885363436 ], [ 23.618486027440255, 51.501107819900554 ], [ 23.624163127297003, 51.497369511404365 ], [ 23.637189270294225, 51.488864962178944 ], [ 23.657056247263888, 51.488119321573805 ], [ 23.662914197200013, 51.484256810463869 ], [ 23.675743451775677, 51.475868889394512 ], [ 23.681711171933408, 51.471930996347318 ], [ 23.674988600402195, 51.46850050698157 ], [ 23.66065177983408, 51.461196449661934 ], [ 23.65396126277372, 51.457779436415706 ], [ 23.639599055079234, 51.450457975458377 ], [ 23.652364987154279, 51.442110406024128 ], [ 23.672211240834095, 51.44136256978522 ], [ 23.678301468630853, 51.437341408715994 ], [ 23.677163988577302, 51.425811562017032 ], [ 23.689695403813865, 51.417603594677082 ], [ 23.695928236635183, 51.41348431367949 ], [ 23.694785108767761, 51.401954793326468 ], [ 23.687721419287513, 51.398345513961878 ], [ 23.673748706554736, 51.39122207317368 ], [ 23.672609318627991, 51.379692261060228 ], [ 23.671469447960405, 51.368162457737355 ], [ 23.664371689002653, 51.364530490064851 ], [ 23.650448197950606, 51.357425212287424 ], [ 23.649312091282738, 51.345895116398445 ], [ 23.648175514539531, 51.334365028504372 ], [ 23.641058555531366, 51.330717942556319 ], [ 23.627169544759465, 51.323623257813232 ], [ 23.639521960460598, 51.315523674156815 ], [ 23.645900976725173, 51.311304875534162 ], [ 23.644763032318831, 51.299774809727246 ], [ 23.643624651115481, 51.28824475045586 ], [ 23.65581137113924, 51.280242801408043 ], [ 23.6693628788071, 51.287218996296566 ], [ 23.676759570302572, 51.291010329878389 ], [ 23.683327387381002, 51.286660077429339 ], [ 23.695363309370151, 51.278747731443381 ], [ 23.702022418189067, 51.274333670207731 ], [ 23.713957014207459, 51.266481201281316 ], [ 23.720705368905371, 51.262004596521614 ], [ 23.719546698636467, 51.250475812977477 ], [ 23.731356360538065, 51.242696809887839 ], [ 23.73821243686918, 51.238144400836362 ], [ 23.737048197566544, 51.226615947236354 ], [ 23.735883565327335, 51.215087499081861 ], [ 23.747550965941638, 51.207391489096537 ], [ 23.754527012727554, 51.20275407961838 ], [ 23.766102107386477, 51.195112368817256 ], [ 23.7731584998626, 51.190418009629134 ], [ 23.784643263471612, 51.182829389207555 ], [ 23.804374000222715, 51.182059129516809 ], [ 23.811570819930779, 51.177265076394129 ], [ 23.810385720955658, 51.165737933873572 ], [ 23.821695650215879, 51.158251921606208 ], [ 23.834332206267206, 51.164748486047777 ], [ 23.842623313353094, 51.168991003133748 ], [ 23.84995566350339, 51.164100273164067 ], [ 23.861132874357217, 51.156693308264188 ], [ 23.868537959703875, 51.151750346371884 ], [ 23.867337970194633, 51.140224191006489 ], [ 23.858947149033085, 51.13593067282725 ], [ 23.846369916180546, 51.129520822981242 ], [ 23.845174050411913, 51.117994345008384 ], [ 23.856286427578908, 51.110622402934737 ], [ 23.863736139806427, 51.105645742550735 ], [ 23.862534979217415, 51.094119595906399 ], [ 23.873555628469852, 51.086800212480441 ], [ 23.881080326544886, 51.081768699279507 ], [ 23.892024691242064, 51.074493695755052 ], [ 23.911705958256654, 51.073703606323704 ], [ 23.919352130671616, 51.068584198457835 ], [ 23.918135996602267, 51.057059047973929 ], [ 23.916919664280528, 51.045533895963786 ], [ 23.915703158554066, 51.034008741346945 ], [ 23.914486505240834, 51.022483583002682 ], [ 23.9132697311417, 51.010958419769565 ], [ 23.924035703676218, 51.003781919239167 ], [ 23.943686024538433, 51.002986446169075 ], [ 23.951466156962777, 50.997765479311916 ], [ 23.950239590822537, 50.986240980871223 ], [ 23.960871876222392, 50.979141359995765 ], [ 23.968707276679027, 50.973878356006267 ], [ 23.967475789886947, 50.962354183570653 ], [ 23.966244282811683, 50.950830002180844 ], [ 23.976806571571, 50.94376728727795 ], [ 23.984690853429012, 50.938465445902764 ], [ 23.995191920387985, 50.93143762676938 ], [ 24.003126040890756, 50.926098296038468 ], [ 24.013567445962856, 50.919104398516183 ], [ 24.021549878737552, 50.91372855614447 ], [ 24.03193315632101, 50.906767620785601 ], [ 24.039962400233286, 50.901356229768624 ], [ 24.050289059492144, 50.894427311688759 ], [ 24.069889287073007, 50.893608709234748 ], [ 24.078013829753623, 50.888126000408455 ], [ 24.08822961984243, 50.881261526903238 ], [ 24.107823101454247, 50.880435867965282 ], [ 24.116039347950927, 50.874884099367037 ], [ 24.126147872297285, 50.868081863331604 ], [ 24.13440517283594, 50.862498213319249 ], [ 24.133130732129782, 50.850977075917001 ], [ 24.123740352226939, 50.846174687971079 ], [ 24.11223047248253, 50.840319623766206 ], [ 24.102908931894994, 50.835548481978982 ], [ 24.083341103712964, 50.836437008282779 ], [ 24.06377233798051, 50.837322650965788 ], [ 24.044202637623947, 50.838205408076078 ], [ 24.024632005530243, 50.83908527726355 ], [ 24.005060444545578, 50.839962255758515 ], [ 23.993201136581234, 50.83390965370512 ], [ 23.984257689169418, 50.8293162280291 ], [ 23.972334435659054, 50.823226128928098 ], [ 23.971100281420046, 50.811702078854395 ], [ 23.969866557229143, 50.800178000347763 ], [ 23.968633306764154, 50.788653891523005 ], [ 23.967400574891538, 50.777129750445425 ], [ 23.977941267761764, 50.770049897656591 ], [ 23.997491591447918, 50.769244893096143 ], [ 24.01704097968846, 50.768436349393568 ], [ 24.024969215014899, 50.763080702480764 ], [ 24.02372219724861, 50.751557574020183 ], [ 24.022475746214965, 50.740034411200725 ], [ 24.021229908139702, 50.728511212009117 ], [ 24.031631410874422, 50.721505307488414 ], [ 24.051159779189643, 50.720690248202466 ], [ 24.070687207985696, 50.71987170345524 ], [ 24.07871150331346, 50.714438099663376 ], [ 24.077451483629371, 50.702915921728632 ], [ 24.076192125014472, 50.691393705250476 ], [ 24.067103877759706, 50.686721024429247 ], [ 24.05537475542565, 50.680723561820891 ], [ 24.065703799045838, 50.673751308507043 ], [ 24.085211183502526, 50.672929684077374 ], [ 24.093227837692613, 50.667494147413663 ], [ 24.091965503112423, 50.65597217506086 ], [ 24.082868888747885, 50.651293354700833 ], [ 24.071162269865539, 50.645304411324361 ], [ 24.081467847146762, 50.638338812406836 ], [ 24.089443355098723, 50.632928090923002 ], [ 24.088183644899605, 50.621405974593863 ], [ 24.086924914554832, 50.609883805651151 ], [ 24.097209746407142, 50.602923125670493 ], [ 24.105186416748626, 50.597505581627516 ], [ 24.096117561241751, 50.592836366916451 ], [ 24.084410611675469, 50.586839300338582 ], [ 24.083155150745146, 50.575316959071046 ], [ 24.081900892777295, 50.563794555399099 ], [ 24.080647895816355, 50.552272086780022 ], [ 24.079396218687901, 50.540749550638701 ], [ 24.078145920922378, 50.529226944370961 ], [ 24.076897062670895, 50.517704265347277 ], [ 24.075649704612857, 50.506181510916818 ], [ 24.066740393442451, 50.501580912773967 ], [ 24.054934493829222, 50.4955079219 ], [ 24.053696186608306, 50.483984610941484 ], [ 24.052459609569819, 50.47246121474771 ], [ 24.051224824484166, 50.460937730638896 ], [ 24.042390895944859, 50.456368177858003 ], [ 24.030545804796485, 50.450258536432557 ], [ 24.021753756777159, 50.445706924756941 ], [ 24.009880556545234, 50.439575175888081 ], [ 24.008663842926182, 50.428050598580676 ], [ 24.007449253445515, 50.416525919514861 ], [ 23.998692197851724, 50.411985981915706 ], [ 23.979294489835119, 50.412836046679885 ], [ 23.959895809735109, 50.413682446081516 ], [ 23.940496159607704, 50.414525160930893 ], [ 23.921095541547935, 50.415364172108276 ], [ 23.901693957693933, 50.41619946060483 ], [ 23.889704767383666, 50.409969453721629 ], [ 23.88110318107023, 50.405494952619243 ], [ 23.861704233411498, 50.406321285576119 ], [ 23.842304326073858, 50.407143818539467 ], [ 23.822903461505849, 50.407962534074066 ], [ 23.803501642225196, 50.408777415142325 ], [ 23.791457442512367, 50.402490343575053 ], [ 23.782934090934628, 50.398043763157979 ], [ 23.763534925265304, 50.398849357099095 ], [ 23.751506699491195, 50.392556376225762 ], [ 23.742979782005008, 50.388102018565085 ], [ 23.723583278071317, 50.388898191056292 ], [ 23.711587235009574, 50.382607555064375 ], [ 23.703040537791811, 50.378136930107601 ], [ 23.691091880962432, 50.371861665634135 ], [ 23.689998923903225, 50.360329750423276 ], [ 23.688908707416992, 50.348797713274102 ], [ 23.687821226136087, 50.337265554430971 ], [ 23.67908997997008, 50.332690615780464 ], [ 23.667371656070166, 50.326513902896181 ], [ 23.658580320237743, 50.321903743287365 ], [ 23.639207359420737, 50.322674237044986 ], [ 23.627581763546065, 50.316531774536834 ], [ 23.626522843261444, 50.304998075388482 ], [ 23.617587367167474, 50.30030473363761 ], [ 23.606123302924754, 50.294233926858325 ], [ 23.605076202731354, 50.282699617276698 ], [ 23.595987143242112, 50.277920333406769 ], [ 23.58470204368086, 50.271930846293721 ], [ 23.57551786743414, 50.267097643193473 ], [ 23.564343726647046, 50.261157968312361 ], [ 23.555057435630083, 50.256267078844459 ], [ 23.544000913708427, 50.250381003887362 ], [ 23.534605868005293, 50.245428840717487 ], [ 23.52367322860281, 50.239599974832217 ], [ 23.514163186530418, 50.234583152207009 ], [ 23.503360261256326, 50.228814904010278 ], [ 23.493729414666912, 50.223730257069086 ], [ 23.47439035903885, 50.22445656544263 ], [ 23.463764722546113, 50.218770222844753 ], [ 23.462776700515153, 50.207232732440637 ], [ 23.452888699139319, 50.202003905965093 ], [ 23.442505163901295, 50.196435680658496 ], [ 23.432481806926301, 50.191131012073754 ], [ 23.422246469547375, 50.185634684587328 ], [ 23.41208392656927, 50.180252029203771 ], [ 23.402000116883581, 50.174829768978732 ], [ 23.391695084098981, 50.169367256315958 ], [ 23.381765603386398, 50.164020958311731 ], [ 23.371315305118738, 50.158476993802608 ], [ 23.361542429578424, 50.153208276603493 ], [ 23.360589492408941, 50.141668843346039 ], [ 23.349891030480205, 50.135987019506061 ], [ 23.340383038067493, 50.130851976556293 ], [ 23.329534744182975, 50.125085959099586 ], [ 23.320186688185903, 50.120031296093678 ], [ 23.309187601311734, 50.114180445371652 ], [ 23.299999989208988, 50.109206823114505 ], [ 23.288849622533274, 50.103270750662993 ], [ 23.279822508067966, 50.098378577706598 ], [ 23.278891682221449, 50.086837842129214 ], [ 23.267489154354116, 50.080760912406589 ], [ 23.258727780086769, 50.076005552142789 ], [ 23.257801719726267, 50.064464512815199 ], [ 23.246149233116505, 50.058247608754051 ], [ 23.237650499813228, 50.053628216958522 ], [ 23.225849509264307, 50.047327053414705 ], [ 23.217506973542672, 50.042788217545926 ], [ 23.216589418955785, 50.031246623973708 ], [ 23.204544737760404, 50.024808353949062 ], [ 23.196457324880214, 50.020402673542904 ], [ 23.195543453378637, 50.008860818189085 ], [ 23.183260585650498, 50.002288104647 ], [ 23.175422171012986, 49.998012943719488 ], [ 23.162999266146144, 49.991359998921475 ], [ 23.155307521962712, 49.987161414444159 ], [ 23.154400693481133, 49.975619062282284 ], [ 23.141750333404598, 49.968836968030054 ], [ 23.134296054620382, 49.964763645257818 ], [ 23.121512866657021, 49.957904888708228 ], [ 23.114197615377268, 49.953904594637692 ], [ 23.113297236266629, 49.942361769260096 ], [ 23.100299145341577, 49.935380167308054 ], [ 23.093208256545754, 49.931498857243319 ], [ 23.092310629007677, 49.919955805829957 ], [ 23.079106024633013, 49.912855620558737 ], [ 23.072230883317797, 49.909089043799 ], [ 23.058906971257606, 49.901919022660636 ], [ 23.052156945438039, 49.898218670134014 ], [ 23.051265251010069, 49.886675166439268 ], [ 23.037748977236642, 49.879393788619218 ], [ 23.031200325711005, 49.875800956629675 ], [ 23.017573712379939, 49.868454323274591 ], [ 23.011141117251846, 49.864923143262985 ], [ 23.01025524601339, 49.853379192861247 ], [ 22.996450760539805, 49.845928653674022 ], [ 22.990204983226359, 49.842497551633144 ], [ 22.976299231729978, 49.834986422165734 ], [ 22.97016043383158, 49.831612311818951 ], [ 22.96928039887457, 49.820067915971478 ], [ 22.968399728736351, 49.80852352727215 ], [ 22.95426619685945, 49.800878998732642 ], [ 22.948367454675516, 49.797634236588522 ], [ 22.934143596299648, 49.789934780421149 ], [ 22.928340975564176, 49.786741350109821 ], [ 22.914030174653316, 49.778988721200193 ], [ 22.908320333031526, 49.775844868579227 ], [ 22.907448983842961, 49.764299802663409 ], [ 22.906577073726027, 49.752754740685795 ], [ 22.89206932813882, 49.74488478431492 ], [ 22.886569065815117, 49.7418542072325 ], [ 22.871984683669972, 49.73393645006491 ], [ 22.866567053882438, 49.730950079197207 ], [ 22.865701439898974, 49.719404560241017 ], [ 22.850992281568473, 49.711410531096874 ], [ 22.845708952649677, 49.708496607216382 ], [ 22.830931096248442, 49.70045893011806 ], [ 22.825722616097721, 49.69758505979064 ], [ 22.810879018381979, 49.689505284280365 ], [ 22.805742494287152, 49.68666991820168 ], [ 22.790836038452056, 49.678549557527866 ], [ 22.785768652248578, 49.675751182700537 ], [ 22.784916724736906, 49.664204736093801 ], [ 22.784064414460662, 49.652658286332539 ], [ 22.769011718433376, 49.64444723022924 ], [ 22.764104204876574, 49.64173549010485 ], [ 22.748997220807283, 49.633488364171541 ], [ 22.744150477668722, 49.630809099904134 ], [ 22.743305190871791, 49.619262176350801 ], [ 22.728107785282489, 49.610956873100342 ], [ 22.723361758550713, 49.608331957141125 ], [ 22.722519935522818, 49.596784791249036 ], [ 22.70723826519626, 49.58842457462071 ], [ 22.702586952696361, 49.585850742223506 ], [ 22.70174868607921, 49.574303331585156 ], [ 22.686388611244201, 49.565891313854067 ], [ 22.681826303040829, 49.563365452206511 ], [ 22.680991682528635, 49.551817794562439 ], [ 22.665558774821605, 49.543356940015101 ], [ 22.661080044359991, 49.540876084587033 ], [ 22.645609858050616, 49.53238817809563 ], [ 22.641175331046824, 49.529930783215192 ], [ 22.645226885981472, 49.527245063919565 ], [ 22.65941810558218, 49.517780259881242 ], [ 22.658586906288111, 49.506232330258548 ], [ 22.662582413515384, 49.503581045274359 ], [ 22.681652799111802, 49.502970375598053 ], [ 22.695875173453675, 49.493471185020155 ], [ 22.699852198600912, 49.490828608023115 ], [ 22.714089492215248, 49.481312640980043 ], [ 22.713245549746492, 49.46976536601715 ], [ 22.712401499762763, 49.458218078292546 ], [ 22.711557355452118, 49.446670777365433 ], [ 22.710713129768195, 49.435123462802913 ], [ 22.714550954950003, 49.432568980248725 ], [ 22.728901140361341, 49.422963132089379 ], [ 22.728052655492714, 49.411416022801433 ], [ 22.731841227665161, 49.408891749050937 ], [ 22.746227082875912, 49.399253253925082 ], [ 22.745374378644872, 49.387706350062281 ], [ 22.744521646932519, 49.376159430907727 ], [ 22.743668899535663, 49.364612496062961 ], [ 22.742816148025582, 49.353065545137007 ], [ 22.741963403749768, 49.341518577746477 ], [ 22.745605335725386, 49.339087287314619 ], [ 22.76010772488895, 49.329354258503336 ], [ 22.759250877116855, 49.317807494367763 ], [ 22.758394066138383, 49.306260712830664 ], [ 22.757537302540438, 49.29471391353232 ], [ 22.756680596696594, 49.283167096120188 ], [ 22.755823958769557, 49.271620260248838 ], [ 22.754967398713731, 49.26007340557981 ], [ 22.754110926277871, 49.248526531781607 ], [ 22.738072209331154, 49.239692085838527 ], [ 22.719104132763114, 49.240303286050327 ], [ 22.715326037131025, 49.238207406836864 ], [ 22.714478119600237, 49.226660017848232 ], [ 22.717906334531278, 49.224367415943519 ], [ 22.736868087903019, 49.2237532641104 ], [ 22.751542129150707, 49.213885792398528 ], [ 22.735453978596944, 49.205016781093121 ], [ 22.731734871196245, 49.202953555179604 ], [ 22.730883155831574, 49.191406342134108 ], [ 22.734257386501703, 49.18914705431564 ], [ 22.753205336234885, 49.18853072529707 ], [ 22.767916336385984, 49.17862754083545 ], [ 22.75178194190838, 49.169730089830644 ], [ 22.748118849584763, 49.16769785313825 ], [ 22.747263405313944, 49.156150815170349 ], [ 22.750586349561864, 49.153923126841867 ], [ 22.769520519196966, 49.153304614969336 ], [ 22.773169894440205, 49.155306003684295 ], [ 22.789335218590914, 49.164218192980279 ], [ 22.80406103181868, 49.154291007465339 ], [ 22.803193218568175, 49.142744671873658 ], [ 22.806501844680703, 49.140522406643903 ], [ 22.821247802814781, 49.130572691545396 ], [ 22.824540813234794, 49.12835919754005 ], [ 22.839293236426922, 49.118398093435808 ], [ 22.842570935951159, 49.116193182295177 ], [ 22.857329530311958, 49.106220881199071 ], [ 22.860592219111805, 49.104024367236896 ], [ 22.879504912786057, 49.103387594505044 ], [ 22.894262481714787, 49.093403845628671 ], [ 22.893374742331833, 49.0818586289395 ], [ 22.877127535380986, 49.072910195947173 ], [ 22.873589740451564, 49.070950105942622 ], [ 22.872706572054302, 49.059404595288946 ], [ 22.871823619547236, 49.047859061365273 ], [ 22.875009256736156, 49.045710847536981 ], [ 22.889825852050173, 49.0356775330755 ], [ 22.888939183143485, 49.024132200524129 ], [ 22.88805274987719, 49.012586844034914 ], [ 22.871734777962711, 49.003584556614022 ], [ 22.852859520491798, 49.004216350421608 ], [ 22.838015165108335, 49.014264546395211 ], [ 22.834872225475589, 49.016399380706645 ], [ 22.81599132751434, 49.01702552239108 ], [ 22.801146499945183, 49.027061857591555 ] ] ], [ [ [ 18.777929789101456, 54.620009519642821 ], [ 18.760173247781758, 54.629525342125476 ], [ 18.760093429436036, 54.641085672161843 ], [ 18.756364363285069, 54.643061639189284 ], [ 18.738541718919468, 54.652601541611759 ], [ 18.734849739784821, 54.654556389623487 ], [ 18.716978780583009, 54.664113541805293 ], [ 18.71688708510586, 54.67567376253097 ], [ 18.71324157556549, 54.677602005453871 ], [ 18.695306850900927, 54.687181842925817 ], [ 18.71310586294398, 54.6968488673796 ], [ 18.731040674273213, 54.687266411428148 ], [ 18.73464928253857, 54.685317594528229 ], [ 18.752536767986442, 54.675751807520989 ], [ 18.756180495136856, 54.673781953157977 ], [ 18.774019762117938, 54.664233356305182 ], [ 18.77769950789386, 54.662241939381872 ], [ 18.795489649116231, 54.652711063085782 ], [ 18.799206327951463, 54.650697549248832 ], [ 18.81694642133818, 54.641184933174891 ], [ 18.816986650985694, 54.629624519984347 ], [ 18.820751836938257, 54.627581998440029 ], [ 18.838424063002037, 54.618094525413674 ], [ 18.838457792083158, 54.606534056392292 ], [ 18.820886156892364, 54.597003467477251 ], [ 18.803231093227037, 54.60648193181639 ], [ 18.799414029544685, 54.608508146208095 ], [ 18.781707754477598, 54.618005566430838 ], [ 18.777929789101456, 54.620009519642821 ] ] ], [ [ [ 18.648502388588824, 54.719850612320933 ], [ 18.666557898478157, 54.710226952687954 ], [ 18.670076289061292, 54.708332314025121 ], [ 18.688086974249664, 54.698723877544495 ], [ 18.670232950085623, 54.689020483649657 ], [ 18.652222365302599, 54.698626282839619 ], [ 18.648669685370702, 54.700501750836736 ], [ 18.630614282936342, 54.710122761930137 ], [ 18.648502388588824, 54.719850612320933 ] ] ], [ [ [ 18.584025123818254, 54.72337087897612 ], [ 18.565856253309232, 54.73302894777121 ], [ 18.583825912047327, 54.742813689792371 ], [ 18.601994911197259, 54.733152944429392 ], [ 18.584025123818254, 54.72337087897612 ] ] ], [ [ [ 18.454517856331353, 54.769016190776732 ], [ 18.436142408966322, 54.778736812401007 ], [ 18.454253951117693, 54.788624238764129 ], [ 18.472629570523051, 54.778900890344488 ], [ 18.454517856331353, 54.769016190776732 ] ] ] ] } }
]
}
