{
"type": "FeatureCollection",
"name": "zasieg_MD_cykl_4_epsg4326",
"crs": { "type": "name", "properties": { "name": "urn:ogc:def:crs:OGC:1.3:CRS84" } },
"features": [
{ "type": "Feature", "properties": { "gatunek": "MD", "cykl": 4, "pokrycie": 0.95, "prog_kde": 1.4994685342776434e-12 }, "geometry": { "type": "MultiPolygon", "coordinates": [ [ [ [ 22.801210245578801, 49.027059754743959 ], [ 22.797992931017724, 49.029238404514082 ], [ 22.783207939009319, 49.039227265753958 ], [ 22.779982771391534, 49.04140986515177 ], [ 22.765197114548858, 49.051392150159884 ], [ 22.761963825909245, 49.053578875033644 ], [ 22.758421075315095, 49.051613329589379 ], [ 22.742198910737141, 49.042640379179012 ], [ 22.723306031273268, 49.04325115926661 ], [ 22.704412523161395, 49.043858954470146 ], [ 22.700887341286656, 49.041900318486384 ], [ 22.684663729957638, 49.032910821380142 ], [ 22.669843249322739, 49.042893037699855 ], [ 22.666623633367735, 49.045065589991886 ], [ 22.647728257890989, 49.045664430430008 ], [ 22.632902393144175, 49.055638147707398 ], [ 22.633754288537123, 49.067186038812643 ], [ 22.630517064724536, 49.069367742461395 ], [ 22.615697034026002, 49.079328566953322 ], [ 22.612450580261729, 49.08151512368665 ], [ 22.597631260583793, 49.091468441957346 ], [ 22.594375287426029, 49.093660039837701 ], [ 22.575459985567662, 49.094247735459199 ], [ 22.571905397111017, 49.092268379066958 ], [ 22.555717801256463, 49.083277624327046 ], [ 22.540884140210483, 49.093225315747524 ], [ 22.537627569001234, 49.095414174543201 ], [ 22.534074940202014, 49.093434243732617 ], [ 22.517892934388254, 49.084437706823572 ], [ 22.498979606118962, 49.085013274400389 ], [ 22.480065685495259, 49.085585860508942 ], [ 22.465215349099381, 49.095524409444096 ], [ 22.461955572379285, 49.097711258772605 ], [ 22.443036099213803, 49.098278076922327 ], [ 22.424116042769469, 49.098841915711581 ], [ 22.405195406217945, 49.099402776204585 ], [ 22.390336627557463, 49.109324727861313 ], [ 22.391133978603701, 49.120875529669441 ], [ 22.387849502146349, 49.123074116634854 ], [ 22.37299895310295, 49.132981589957829 ], [ 22.373793370239106, 49.144532539652189 ], [ 22.370487536242084, 49.146743705370426 ], [ 22.35154763144747, 49.147296378781938 ], [ 22.347951963896968, 49.145285556971608 ], [ 22.331831390253168, 49.136288494930099 ], [ 22.312894742525422, 49.136835034227168 ], [ 22.29395753253602, 49.137378600183247 ], [ 22.275019763479882, 49.137919194290696 ], [ 22.260160093290519, 49.14780044159518 ], [ 22.256839635408888, 49.150015117799065 ], [ 22.237896364136461, 49.150549949958943 ], [ 22.223039052606683, 49.160417567743437 ], [ 22.223799328456732, 49.171970219958531 ], [ 22.224560340768615, 49.183522833170073 ], [ 22.221203708033677, 49.185758486824987 ], [ 22.217563816106114, 49.183718172438844 ], [ 22.201499663692484, 49.174728716245063 ], [ 22.182545953665347, 49.175254992189736 ], [ 22.167696838961749, 49.185098111534195 ], [ 22.164329369893871, 49.187337826288697 ], [ 22.145370176240306, 49.187858340239373 ], [ 22.130525657509846, 49.197686379874867 ], [ 22.127139781665434, 49.199935870085163 ], [ 22.108175112599888, 49.200450622756499 ], [ 22.089209914417939, 49.200962414603453 ], [ 22.07437081555695, 49.210769826319144 ], [ 22.070960766374075, 49.213031834862207 ], [ 22.05199010701271, 49.213537868564892 ], [ 22.037157857721347, 49.223328750182176 ], [ 22.037877019327265, 49.234883329270289 ], [ 22.038596903516996, 49.246437870384646 ], [ 22.039317516731693, 49.257992373356686 ], [ 22.035854565700664, 49.260285833925856 ], [ 22.021050281709652, 49.270045343624204 ], [ 22.021767863887526, 49.281599975907383 ], [ 22.01827693663942, 49.283910128440716 ], [ 22.003488315402336, 49.293650361512768 ], [ 21.99998031812143, 49.295970338997876 ], [ 21.985200216596013, 49.305697991230247 ], [ 21.98167477546211, 49.308028024936043 ], [ 21.966903563839416, 49.317742861462492 ], [ 21.96761057623333, 49.32929795175879 ], [ 21.968318347135313, 49.340853003428037 ], [ 21.964750027505978, 49.34320911096431 ], [ 21.945727536087535, 49.343698992375856 ], [ 21.926704539536043, 49.344185910115193 ], [ 21.907681041065835, 49.34466986598671 ], [ 21.892940219541291, 49.354338900001451 ], [ 21.889334788143493, 49.356714597825565 ], [ 21.874604532925414, 49.366369759884059 ], [ 21.870979578888711, 49.3687567888866 ], [ 21.851945685651501, 49.369232121198195 ], [ 21.837228471286426, 49.378866848434583 ], [ 21.83790742972208, 49.39042313625113 ], [ 21.834242265979849, 49.392833536425456 ], [ 21.830297052471753, 49.390609835513693 ], [ 21.814537235638817, 49.38173846955911 ], [ 21.810599559233793, 49.379517802439423 ], [ 21.794841079636686, 49.370640376520221 ], [ 21.79091006527316, 49.368422254017887 ], [ 21.775153792788842, 49.35953925861741 ], [ 21.760439286150454, 49.369154421374425 ], [ 21.761099237203418, 49.380711514075941 ], [ 21.757416357977522, 49.383129351124126 ], [ 21.742722568170571, 49.392722081776867 ], [ 21.739018497798128, 49.395152250992702 ], [ 21.724337307334402, 49.404729849918915 ], [ 21.720611659332778, 49.407172583371846 ], [ 21.705943448768458, 49.416734814946011 ], [ 21.702195836203558, 49.419190344312078 ], [ 21.698171469891253, 49.416916555389442 ], [ 21.682508960820819, 49.408073709905864 ], [ 21.663456916731636, 49.408519851027918 ], [ 21.64880185368137, 49.418058788627029 ], [ 21.649437239006989, 49.429616847904562 ], [ 21.645648581873999, 49.43209525448939 ], [ 21.631016654204078, 49.441610274903574 ], [ 21.627204897715387, 49.444102147278386 ], [ 21.623117407827358, 49.441789832786256 ], [ 21.60752431564509, 49.432973184968894 ], [ 21.588461505742462, 49.433407731901745 ], [ 21.569398248903177, 49.433839335700398 ], [ 21.550334548314122, 49.434267998141323 ], [ 21.531270407158097, 49.434693720972348 ], [ 21.52714599617801, 49.432355729939268 ], [ 21.526563506251065, 49.420796016663317 ], [ 21.511024309787885, 49.411983100526321 ], [ 21.496418258596989, 49.421451137634186 ], [ 21.492554339540387, 49.42396949575889 ], [ 21.488419786813829, 49.421623639533202 ], [ 21.472911759688543, 49.412819569537028 ], [ 21.453854842312818, 49.413233412042999 ], [ 21.434797500923374, 49.413644328626404 ], [ 21.415739738665394, 49.414052320749676 ], [ 21.401175221875945, 49.42346922566783 ], [ 21.397245268255361, 49.426024420164325 ], [ 21.378182196609721, 49.426426625732141 ], [ 21.363643647487319, 49.435815112007425 ], [ 21.359673834017531, 49.438393209340951 ], [ 21.345152229648829, 49.447763957186226 ], [ 21.341156464517265, 49.45035713412085 ], [ 21.322083201700789, 49.450750669655534 ], [ 21.303009535769462, 49.451141278876634 ], [ 21.283935469834507, 49.451528962497967 ], [ 21.279626568212894, 49.449074752768489 ], [ 21.264327941744018, 49.440346031843269 ], [ 21.260014172728184, 49.437887778985321 ], [ 21.244729338754588, 49.429160258685684 ], [ 21.225663059657816, 49.429539099317381 ], [ 21.221326536784915, 49.427065667022127 ], [ 21.220812964239801, 49.415503470944188 ], [ 21.220299437703847, 49.403941253161626 ], [ 21.205040644723518, 49.395213007138729 ], [ 21.185987026415326, 49.395585917757387 ], [ 21.171549269070123, 49.404867526049053 ], [ 21.167442320965524, 49.407523169101992 ], [ 21.153023102340033, 49.416786134560724 ], [ 21.148888620885693, 49.419457705231466 ], [ 21.1344882197677, 49.428701866819885 ], [ 21.1303259198415, 49.431389518139696 ], [ 21.125899718602447, 49.428860141232171 ], [ 21.110760844127523, 49.420183231344566 ], [ 21.091696401476622, 49.420541615444478 ], [ 21.072631593325774, 49.42089707844216 ], [ 21.053566422676035, 49.421249618686517 ], [ 21.049069902201776, 49.418675730704123 ], [ 21.048594867832723, 49.407112269877601 ], [ 21.052863116674349, 49.404394968330912 ], [ 21.06719683097559, 49.395209143571364 ], [ 21.07143637896835, 49.392508118790275 ], [ 21.090491255228212, 49.392177545406192 ], [ 21.104860809500551, 49.382957337589211 ], [ 21.104373093831338, 49.371394214217503 ], [ 21.089241054259976, 49.362705590278729 ], [ 21.07019861087355, 49.363060968049048 ], [ 21.051155806231673, 49.363413434580615 ], [ 21.046695138053042, 49.360858207320831 ], [ 21.031635933243923, 49.352196136743132 ], [ 21.027159709257131, 49.349630612697119 ], [ 21.012124943933035, 49.340976024123407 ], [ 21.007632145686369, 49.338399598034734 ], [ 20.992622832698562, 49.329753095321664 ], [ 20.988112453311526, 49.327165166506767 ], [ 20.992407959831215, 49.324430544618508 ], [ 21.006699850135526, 49.315271819654747 ], [ 20.991689414579106, 49.306620208794577 ], [ 20.972667491006192, 49.306960952758224 ], [ 20.968143095814302, 49.30436314064211 ], [ 20.953187871891139, 49.295732489920631 ], [ 20.934169711096189, 49.296067385830547 ], [ 20.915151210762549, 49.296399356984459 ], [ 20.900938686191285, 49.305488547049045 ], [ 20.901386850576618, 49.317053078009458 ], [ 20.897020657850881, 49.31986114053629 ], [ 20.88282831906422, 49.328928883950944 ], [ 20.87843270186594, 49.331753804439742 ], [ 20.864261001885986, 49.340801789229786 ], [ 20.859835784718037, 49.34364364640885 ], [ 20.855151085703614, 49.340948409859948 ], [ 20.840366642403946, 49.332397206837911 ], [ 20.821333122639402, 49.332714476555402 ], [ 20.807225274621093, 49.341707919233372 ], [ 20.80272184595351, 49.344595449560096 ], [ 20.788635114889022, 49.353568904164064 ], [ 20.784101600713317, 49.356473563437916 ], [ 20.770036105924817, 49.365426974206194 ], [ 20.765472380771872, 49.368348807928371 ], [ 20.751428231294653, 49.377282125808414 ], [ 20.751842221612574, 49.38884748304482 ], [ 20.752256714417435, 49.400412810862591 ], [ 20.747654958493616, 49.403355522396382 ], [ 20.733631621084687, 49.412265221735467 ], [ 20.728999353133947, 49.415225217416555 ], [ 20.709932645476442, 49.415524555564645 ], [ 20.690865631304131, 49.415820884260029 ], [ 20.685926365547314, 49.412970804313019 ], [ 20.671405438663999, 49.404546882635778 ], [ 20.666443208414911, 49.401681794579083 ], [ 20.651954159126632, 49.393269989376748 ], [ 20.638043103512622, 49.40208772606848 ], [ 20.633278863548266, 49.405124440290457 ], [ 20.619389480795789, 49.413922014749801 ], [ 20.614594567577992, 49.416975941130836 ], [ 20.609549394830889, 49.414059435720894 ], [ 20.609172664370284, 49.40249322363465 ], [ 20.608795960260064, 49.39092698917019 ], [ 20.594401934454968, 49.382555596605755 ], [ 20.589336855672737, 49.379624701773302 ], [ 20.574976824683826, 49.371266754924228 ], [ 20.555925649266698, 49.371541794243235 ], [ 20.542136050083304, 49.380264093612489 ], [ 20.537234997393981, 49.383380700542965 ], [ 20.523466819099966, 49.392083093613763 ], [ 20.518535355559052, 49.395216608436385 ], [ 20.504788557683675, 49.403899141178428 ], [ 20.499826717812535, 49.407049507468258 ], [ 20.480761004877134, 49.407312143126319 ], [ 20.461695020622336, 49.407571652966944 ], [ 20.442628768025649, 49.407828025691465 ], [ 20.437341160578018, 49.404757413245228 ], [ 20.423227836764809, 49.396514086900119 ], [ 20.417913879666919, 49.393426004818025 ], [ 20.40383581357861, 49.385197053421102 ], [ 20.384777726368156, 49.385443919522707 ], [ 20.371202333867551, 49.393989518595596 ], [ 20.366040154028969, 49.397254715893901 ], [ 20.346977082644152, 49.397495211461731 ], [ 20.327913761119412, 49.397732496566299 ], [ 20.322464382216115, 49.394557347738036 ], [ 20.322152743057412, 49.382989644620949 ], [ 20.321841153249018, 49.371421918504154 ], [ 20.321529616032727, 49.359854169347507 ], [ 20.321218134585965, 49.348286397111728 ], [ 20.307315456594061, 49.340131290920532 ], [ 20.293853124314488, 49.348595989454907 ], [ 20.288576073978959, 49.351928911083135 ], [ 20.283072825139655, 49.348716171921318 ], [ 20.269232280271591, 49.340589340122463 ], [ 20.255817538306935, 49.349015536505462 ], [ 20.250483493433769, 49.352380511248896 ], [ 20.244927537820129, 49.349133351457091 ], [ 20.231148153999591, 49.341034286484813 ], [ 20.212105742573261, 49.341251815650082 ], [ 20.1930631032359, 49.341466032965158 ], [ 20.18742956735645, 49.338167119763007 ], [ 20.173745111067927, 49.330109690140645 ], [ 20.168085778772689, 49.326792974132765 ], [ 20.173584663433903, 49.323360535209567 ], [ 20.186868826761085, 49.315030286069607 ], [ 20.173195388849408, 49.306975332174225 ], [ 20.15416567556068, 49.307182677791005 ], [ 20.14847982408476, 49.3038468916195 ], [ 20.134870052890527, 49.295819383502987 ], [ 20.129158971256576, 49.292465993508138 ], [ 20.128892305334809, 49.28089726050375 ], [ 20.128625733994955, 49.269328503888772 ], [ 20.115061650593194, 49.261317961295525 ], [ 20.109323336917083, 49.257944087426552 ], [ 20.109061455988183, 49.246375207838831 ], [ 20.108799678450023, 49.234806304544506 ], [ 20.108538006463906, 49.22323737752059 ], [ 20.095025567573764, 49.215245417022174 ], [ 20.089258806377124, 49.211849352330198 ], [ 20.089001860829391, 49.200280303244988 ], [ 20.088745028465951, 49.188711230349426 ], [ 20.075277903106681, 49.180736169376935 ], [ 20.056295942677593, 49.180925414327177 ], [ 20.043199329718206, 49.189131647091237 ], [ 20.037555652517867, 49.192678885593722 ], [ 20.024472423026921, 49.200870754606683 ], [ 20.018806472758044, 49.204429164578151 ], [ 20.005736340420345, 49.212606861799273 ], [ 20.000048398054734, 49.216176247944382 ], [ 19.98699107686112, 49.224339964750698 ], [ 19.981281423071586, 49.227920132674484 ], [ 19.962280787461168, 49.228092629615254 ], [ 19.943279969041363, 49.228261663134404 ], [ 19.924278971409862, 49.228427228877258 ], [ 19.905277798184102, 49.228589323200644 ], [ 19.8993138612732, 49.225055881515814 ], [ 19.899102295374249, 49.213486178991161 ], [ 19.885862821838185, 49.205610423587252 ], [ 19.879882027830089, 49.20206283448006 ], [ 19.866667980563161, 49.194196336184646 ], [ 19.847679591741155, 49.194347549243254 ], [ 19.828691042409353, 49.194495277581538 ], [ 19.815781829187191, 49.20253338565319 ], [ 19.809891245061237, 49.206208922102036 ], [ 19.803851190099387, 49.2026170392433 ], [ 19.790713477059004, 49.194780282952536 ], [ 19.777828459533396, 49.202795225419187 ], [ 19.771904522407873, 49.206487281369775 ], [ 19.759027118328085, 49.214491626244843 ], [ 19.759203655311204, 49.226061754004832 ], [ 19.759380297256257, 49.237631858053696 ], [ 19.772511960128117, 49.245464587076128 ], [ 19.778551862021509, 49.249075489103625 ], [ 19.778732993261908, 49.260645495621461 ], [ 19.791890778257212, 49.268486036019659 ], [ 19.797916916073437, 49.272085807605251 ], [ 19.811097914558886, 49.279934315697396 ], [ 19.817108843969606, 49.283522870780693 ], [ 19.811217003040053, 49.287194049999648 ], [ 19.798288352222567, 49.295225598812948 ], [ 19.798474258899329, 49.306795458641545 ], [ 19.798660293738145, 49.318365294605456 ], [ 19.79884645867185, 49.329935106693014 ], [ 19.799032755725065, 49.341504894891905 ], [ 19.799219187015751, 49.353074659189161 ], [ 19.799405754756677, 49.364644399571176 ], [ 19.799592461256879, 49.376214116023654 ], [ 19.793679427443621, 49.37989036801131 ], [ 19.78073339757837, 49.387913995942633 ], [ 19.780916026930118, 49.399483716457567 ], [ 19.781098795253051, 49.411053413054468 ], [ 19.775165322027803, 49.414737951965563 ], [ 19.76908315940323, 49.411133958670312 ], [ 19.755913881937875, 49.40330500640529 ], [ 19.749817778413966, 49.399689577912923 ], [ 19.736671368377277, 49.391868354078042 ], [ 19.730562095142265, 49.388241918363121 ], [ 19.717437776542958, 49.380427980636043 ], [ 19.704543338449987, 49.38840340389109 ], [ 19.698541028682016, 49.392123624416605 ], [ 19.685655146314932, 49.400087880196558 ], [ 19.679635301452453, 49.403816063845632 ], [ 19.660565322903814, 49.403935224570951 ], [ 19.641495218412917, 49.404050949571399 ], [ 19.628639214479495, 49.411982807853576 ], [ 19.628787307127975, 49.423552851442835 ], [ 19.641851040522933, 49.431342126326832 ], [ 19.648003740603126, 49.435017595978884 ], [ 19.641947867788332, 49.438761490577271 ], [ 19.629083759889934, 49.44669286792103 ], [ 19.623010778359106, 49.450444429550771 ], [ 19.603922492603871, 49.450553817447485 ], [ 19.58483409152203, 49.450659786968039 ], [ 19.571997896160248, 49.458560054999765 ], [ 19.572133294262557, 49.470130123091067 ], [ 19.566012073707554, 49.47390352479816 ], [ 19.553180910629671, 49.481793024135762 ], [ 19.553312107512181, 49.49336308239922 ], [ 19.553443380656223, 49.504933117181039 ], [ 19.54730134563961, 49.50871484330743 ], [ 19.534473270273576, 49.516592945195569 ], [ 19.534600328263419, 49.5281629690028 ], [ 19.534727463969013, 49.539732969328959 ], [ 19.534854680311362, 49.551302946162238 ], [ 19.528689084534168, 49.555093847575215 ], [ 19.5158624971771, 49.562959703860429 ], [ 19.515985485108381, 49.574529668572197 ], [ 19.509800636388288, 49.578328675530976 ], [ 19.490662128522864, 49.578418948637669 ], [ 19.477850617472424, 49.58626387963853 ], [ 19.471635051820758, 49.590076721073352 ], [ 19.458830933370802, 49.597911289827465 ], [ 19.458940945446383, 49.609481281451338 ], [ 19.452706040273309, 49.613302245080966 ], [ 19.44637700052942, 49.60953041007636 ], [ 19.446273054692927, 49.597960386405923 ], [ 19.433348527031146, 49.59024062757301 ], [ 19.414205137417021, 49.590317542335455 ], [ 19.407863275739771, 49.586531659523374 ], [ 19.407768816738329, 49.57496153111579 ], [ 19.394874882861345, 49.567248451693331 ], [ 19.375740386213803, 49.567318451943926 ], [ 19.369388107318301, 49.563519913796746 ], [ 19.369303157638182, 49.551949685950305 ], [ 19.369218295339518, 49.540379434637025 ], [ 19.356353194127813, 49.532670165764408 ], [ 19.337232108858974, 49.532733157472556 ], [ 19.318110958781602, 49.532792830684578 ], [ 19.298989747499427, 49.532849194138272 ], [ 19.279868478603486, 49.53290225673156 ], [ 19.273491282009985, 49.529074749287084 ], [ 19.260685615903011, 49.521379706483387 ], [ 19.254306712330827, 49.517547955552622 ], [ 19.241511763908154, 49.509853591651265 ], [ 19.235131724710911, 49.506017943603091 ], [ 19.235079940974007, 49.494447456953978 ], [ 19.235028246526209, 49.482876946887679 ], [ 19.222242123172769, 49.475178434881201 ], [ 19.215872346450563, 49.471343644386749 ], [ 19.222207339793048, 49.467489380981377 ], [ 19.234925128699206, 49.45973585649098 ], [ 19.222137462815844, 49.452032719545187 ], [ 19.203047525980686, 49.452071867471474 ], [ 19.196683900077403, 49.448236526117761 ], [ 19.196641898645471, 49.436665894135487 ], [ 19.196599985685008, 49.425095238751076 ], [ 19.196558161299194, 49.413524559962838 ], [ 19.183784535408957, 49.405814694152419 ], [ 19.164712476700256, 49.405846902884072 ], [ 19.145640386300826, 49.405875895506725 ], [ 19.126568267652313, 49.405901681991338 ], [ 19.107496124180557, 49.405924272146251 ], [ 19.094790371791941, 49.413652764712019 ], [ 19.088444750925028, 49.417517593624616 ], [ 19.082074607830148, 49.413662489146859 ], [ 19.069351776393404, 49.405959901724053 ], [ 19.050279578853431, 49.405972959707697 ], [ 19.04390920273978, 49.402112516646895 ], [ 19.031200036569061, 49.394408570461998 ], [ 19.012132301626242, 49.394415220992308 ], [ 18.993064562180386, 49.394418731716257 ], [ 18.973996821553396, 49.394419110599131 ], [ 18.961303725762601, 49.402114378726012 ], [ 18.961300888650683, 49.413685140636034 ], [ 18.973982576409657, 49.421383686862555 ], [ 18.980372257452277, 49.425260689746338 ], [ 18.980373615367576, 49.436831405978758 ], [ 18.980374906456902, 49.448402098927197 ], [ 18.973966221805075, 49.452291339539244 ], [ 18.961288847583358, 49.459967955311321 ], [ 18.961285661669539, 49.471538600745738 ], [ 18.961282404831046, 49.48310922288924 ], [ 18.961279076911676, 49.49467982174334 ], [ 18.961275677862705, 49.506250397309522 ], [ 18.954822836017843, 49.510160111531526 ], [ 18.942163201736722, 49.517812975475685 ], [ 18.935694979830799, 49.521729221524623 ], [ 18.916577793868672, 49.52172117358942 ], [ 18.910101220850049, 49.517792506220061 ], [ 18.897484814214696, 49.510135723902252 ], [ 18.878372165349518, 49.510121339392086 ], [ 18.86572766848634, 49.517749519842461 ], [ 18.859226317494223, 49.521678260935651 ], [ 18.846589243677219, 49.529296263342566 ], [ 18.846559423877043, 49.540866736993216 ], [ 18.846529513930349, 49.552437187279423 ], [ 18.839995867233814, 49.556380818585062 ], [ 18.827373414695447, 49.563980666203364 ], [ 18.827338941480225, 49.575551060041541 ], [ 18.827304375741171, 49.587121430504965 ], [ 18.827269717973991, 49.598691777595867 ], [ 18.827234968808419, 49.610262101316778 ], [ 18.82065320967714, 49.614228259698727 ], [ 18.808052172543782, 49.621802238019775 ], [ 18.808012841087006, 49.633372503958419 ], [ 18.807973417443435, 49.644942746519149 ], [ 18.807933902754115, 49.656512965705431 ], [ 18.807894298313894, 49.668083161520983 ], [ 18.801264539675138, 49.672071670247824 ], [ 18.788684701103932, 49.679619941852899 ], [ 18.78203686841508, 49.683616454695347 ], [ 18.762856403674547, 49.683584363475745 ], [ 18.756218585397768, 49.679556151144318 ], [ 18.74373680466595, 49.671975215336843 ], [ 18.731175651168574, 49.679500727783733 ], [ 18.724495589795144, 49.68351078699839 ], [ 18.711944314528974, 49.691024718722105 ], [ 18.711882315598981, 49.702594769942124 ], [ 18.705175247699906, 49.706617196172573 ], [ 18.68598583985041, 49.706572688241856 ], [ 18.66679648278377, 49.706525045946805 ], [ 18.647607179863783, 49.706474267983815 ], [ 18.635090597614226, 49.713948489398724 ], [ 18.635010644382707, 49.725518411416957 ], [ 18.628241256188804, 49.729568402308878 ], [ 18.61573962251833, 49.737026244521836 ], [ 18.615655000274327, 49.7485960957586 ], [ 18.615570266572679, 49.760165923475945 ], [ 18.615485423517178, 49.77173572768249 ], [ 18.608670622799107, 49.7758070240519 ], [ 18.596191835148943, 49.783240164012916 ], [ 18.596102318646462, 49.79480989611784 ], [ 18.589258411240866, 49.798894630608743 ], [ 18.576795256289248, 49.806311023831711 ], [ 18.576701061961995, 49.817880682530117 ], [ 18.569827683173017, 49.821979034629386 ], [ 18.55738050272948, 49.829378495225725 ], [ 18.569695584689693, 49.836871180479854 ], [ 18.576512365556955, 49.841019929435333 ], [ 18.576417869828667, 49.852589517668669 ], [ 18.588739951203959, 49.860079059222898 ], [ 18.595563105487059, 49.864227795603476 ], [ 18.588669846380068, 49.868336148504063 ], [ 18.576228600711751, 49.875728623768751 ], [ 18.576133834902556, 49.887298141666562 ], [ 18.576038987000555, 49.898867636151614 ], [ 18.575944061332947, 49.910437107241435 ], [ 18.569004600498538, 49.914567051173343 ], [ 18.556586874601305, 49.921934510124196 ], [ 18.549625273716501, 49.926074590284756 ], [ 18.542716703328871, 49.921880651317053 ], [ 18.54283288592146, 49.910311305276657 ], [ 18.530573961350214, 49.902858743297529 ], [ 18.511307198116867, 49.902786497338546 ], [ 18.492040516642451, 49.902711055191524 ], [ 18.479656771609132, 49.910045046590611 ], [ 18.472647746667878, 49.914205937579716 ], [ 18.460277591759262, 49.921526303258624 ], [ 18.453245758782479, 49.925697630673113 ], [ 18.433970118950977, 49.925612603068991 ], [ 18.421623368772991, 49.932909794227349 ], [ 18.414554386911096, 49.937097887485329 ], [ 18.395274325985945, 49.937006405947407 ], [ 18.375994368468753, 49.936911667331273 ], [ 18.356714518054215, 49.936813659030477 ], [ 18.349692478321554, 49.932528789003747 ], [ 18.337593434166326, 49.925138727379498 ], [ 18.33057098828127, 49.920850144686192 ], [ 18.318481592637426, 49.913460421723208 ], [ 18.30618591154494, 49.920706824118376 ], [ 18.299043536071427, 49.924926192898724 ], [ 18.286761780274578, 49.93215886513039 ], [ 18.286599043182505, 49.943727714857239 ], [ 18.286436189154315, 49.955296540934981 ], [ 18.279250914806639, 49.959535973555852 ], [ 18.2669936330377, 49.966745123603481 ], [ 18.259784946507448, 49.970995086793955 ], [ 18.24049195028492, 49.970877212651452 ], [ 18.221199088104846, 49.970755957449676 ], [ 18.208973079045155, 49.977933815342858 ], [ 18.208791875038123, 49.989502375396597 ], [ 18.201523302054355, 49.99377865463839 ], [ 18.182221459910405, 49.993650622636302 ], [ 18.175066385940799, 49.989267481366838 ], [ 18.163120620195187, 49.981945442406875 ], [ 18.150923803987542, 49.989093309244296 ], [ 18.143618218386241, 49.99338422031262 ], [ 18.124316827291928, 49.993245807855729 ], [ 18.112140005030096, 50.000372814768625 ], [ 18.10480070473302, 50.004677651471837 ], [ 18.092636618684882, 50.011791743899146 ], [ 18.09242807851037, 50.023359902460285 ], [ 18.092219421718564, 50.034928037359457 ], [ 18.084835569465955, 50.03925350911689 ], [ 18.072697353883949, 50.046343445345265 ], [ 18.065291368351275, 50.05067838588343 ], [ 18.053165800400969, 50.057755491735598 ], [ 18.045737896525445, 50.062099743381324 ], [ 18.026409490916333, 50.061943745490019 ], [ 18.019136140565166, 50.057472901970065 ], [ 18.007320104236204, 50.050210285926561 ], [ 18.000054599511227, 50.045740300534 ], [ 18.00030518483274, 50.034172659672308 ], [ 18.007739941674867, 50.029847099378564 ], [ 18.014981742387761, 50.034298161038357 ], [ 18.02682151223862, 50.041576248828719 ], [ 18.038951495825955, 50.034499137732453 ], [ 18.039192295901156, 50.022931333483868 ], [ 18.039432917870354, 50.011363505008724 ], [ 18.027578910750581, 50.004074599544822 ], [ 18.008273902372938, 50.003914849751908 ], [ 17.996133227506395, 50.010996973829293 ], [ 17.988726225075172, 50.015325355546516 ], [ 17.981493610067457, 50.010869393723915 ], [ 17.969664444894875, 50.003584399666522 ], [ 17.950360004849429, 50.003413651525584 ], [ 17.943136658887681, 49.99895645791208 ], [ 17.931312361459931, 49.991665199159939 ], [ 17.92410137319925, 49.98721156180244 ], [ 17.912274019234641, 49.979912944670239 ], [ 17.892979453570319, 49.979730928662399 ], [ 17.885784160914003, 49.975279893420499 ], [ 17.873955248194278, 49.967971040051282 ], [ 17.861790675068875, 49.97504695355866 ], [ 17.854390964067694, 49.979355522116798 ], [ 17.842230855600985, 49.986423403001616 ], [ 17.83481746435373, 49.990736224771886 ], [ 17.822661163763573, 49.997796459252598 ], [ 17.82239017699785, 50.009363697296848 ], [ 17.814950158007754, 50.013687299185804 ], [ 17.795642800472343, 50.013486235779055 ], [ 17.783492073264259, 50.0205323743563 ], [ 17.783211917078869, 50.032099410179811 ], [ 17.775747383750808, 50.036429760114771 ], [ 17.76360789973117, 50.043462157227076 ], [ 17.76332303542706, 50.055029066390517 ], [ 17.763038043156072, 50.066595951822912 ], [ 17.755533389464944, 50.070943873206346 ], [ 17.743414939342376, 50.077955078624662 ], [ 17.735899202719509, 50.082305647343063 ], [ 17.723781879663882, 50.089310786446994 ], [ 17.723487639088908, 50.100877439062842 ], [ 17.715946371360996, 50.105238046414563 ], [ 17.703840055159983, 50.112229617170662 ], [ 17.696288790906841, 50.116592214496656 ], [ 17.688996344018776, 50.112062948626637 ], [ 17.677259971806489, 50.10479334674848 ], [ 17.657917167883724, 50.104565027339511 ], [ 17.645774333002976, 50.111566828616596 ], [ 17.645462127019009, 50.123133095895255 ], [ 17.637917934376233, 50.127482093944835 ], [ 17.625783635033216, 50.134471753754021 ], [ 17.618233001694517, 50.1388206611025 ], [ 17.606095118532973, 50.145806967449495 ], [ 17.598538786905422, 50.150155352596727 ], [ 17.58639657304867, 50.157138732642736 ], [ 17.598121899785884, 50.164411410315488 ], [ 17.605452253268918, 50.168938985387129 ], [ 17.617155243595391, 50.176192348184323 ], [ 17.636527004711677, 50.17641421642368 ], [ 17.655898986156231, 50.17663363554292 ], [ 17.663282358934911, 50.181188768712836 ], [ 17.67495144400052, 50.18840809415655 ], [ 17.694328528009017, 50.188622812903638 ], [ 17.701745504889281, 50.193194784374143 ], [ 17.713395221561122, 50.200392918379855 ], [ 17.732777403675801, 50.200602866382823 ], [ 17.740222436320973, 50.20518812113756 ], [ 17.751858341786861, 50.212368530229583 ], [ 17.759322973794884, 50.216963319880499 ], [ 17.759036553703648, 50.22852987724503 ], [ 17.758750064590203, 50.240096411549523 ], [ 17.751017662380278, 50.244561737807707 ], [ 17.739058806665469, 50.251453983277855 ], [ 17.731310313562599, 50.255924811621952 ], [ 17.719357679764411, 50.2628081186595 ], [ 17.719062094942316, 50.274374422248577 ], [ 17.730630343231102, 50.281506975215031 ], [ 17.738185432664231, 50.286153138754472 ], [ 17.749742709989658, 50.293273537219598 ], [ 17.757316781678835, 50.297928739393761 ], [ 17.749502489111034, 50.30243658571829 ], [ 17.730078938036534, 50.30222504472254 ], [ 17.718175055058126, 50.309073196342972 ], [ 17.717879300426102, 50.320639409053342 ], [ 17.710029291261581, 50.325160242020893 ], [ 17.690596810916492, 50.324940973314717 ], [ 17.683009163815417, 50.320249620464622 ], [ 17.683344764280161, 50.308683917757676 ], [ 17.683679985854997, 50.297118188443285 ], [ 17.672132104340488, 50.289991499742015 ], [ 17.664605493626066, 50.285331053084981 ], [ 17.653041091292135, 50.278188771328445 ], [ 17.645542065140006, 50.273540859347513 ], [ 17.633959551932278, 50.266381985754919 ], [ 17.614551715719223, 50.266146471298036 ], [ 17.602554941902675, 50.273031918646396 ], [ 17.594803464696, 50.277482418886386 ], [ 17.575391487327927, 50.277238927550123 ], [ 17.56794612470652, 50.272610612210791 ], [ 17.556329910924781, 50.265415781009473 ], [ 17.536923226545067, 50.265164138072677 ], [ 17.524862835856762, 50.272071734104273 ], [ 17.51715731678884, 50.27648419962771 ], [ 17.497746529518192, 50.276224518647204 ], [ 17.490375944934804, 50.271628862112102 ], [ 17.478704990896119, 50.264384889976739 ], [ 17.459299533530192, 50.26411702681839 ], [ 17.451994472151906, 50.259554126896397 ], [ 17.440272497203743, 50.25226916925164 ], [ 17.428085238089075, 50.25923315382758 ], [ 17.427723208254157, 50.270798090463899 ], [ 17.420106517792167, 50.275145213729537 ], [ 17.40069732157129, 50.274865252419175 ], [ 17.38848882625118, 50.281830488788898 ], [ 17.380895724096099, 50.286157525769248 ], [ 17.373655943627455, 50.281623862016637 ], [ 17.374069999536996, 50.270059785949968 ], [ 17.362277106122011, 50.262716965672141 ], [ 17.349992129328005, 50.269720399813039 ], [ 17.34961232625853, 50.281284902453919 ], [ 17.349232465672671, 50.292849382618847 ], [ 17.348852550304709, 50.304413840350854 ], [ 17.341264484636127, 50.30873057396829 ], [ 17.329019498877653, 50.315700262264208 ], [ 17.321434832454862, 50.32001136603872 ], [ 17.302008481471962, 50.319711472727597 ], [ 17.282582483390382, 50.319407577358611 ], [ 17.270256546273931, 50.326410567699476 ], [ 17.262734737140502, 50.330676662383553 ], [ 17.24330473599316, 50.330364848855154 ], [ 17.23092613557402, 50.337388597814638 ], [ 17.223443266453383, 50.341626231923499 ], [ 17.211047300696507, 50.348654319805178 ], [ 17.210636056367019, 50.360217898319235 ], [ 17.203135289694472, 50.364461281387641 ], [ 17.19074292657195, 50.371479955839092 ], [ 17.190327163508286, 50.383043375874685 ], [ 17.1828075954243, 50.387293023080943 ], [ 17.163355430588748, 50.386965620257428 ], [ 17.156281344673211, 50.38250856310276 ], [ 17.144355574837491, 50.37505655884987 ], [ 17.131863405398306, 50.3821188473785 ], [ 17.124452247230028, 50.386299130434992 ], [ 17.111940308020603, 50.393367034917645 ], [ 17.111506580372033, 50.404929938785806 ], [ 17.104077515674504, 50.409116070780435 ], [ 17.084617417804047, 50.408773210741614 ], [ 17.065157715183808, 50.408426531597399 ], [ 17.045698411005986, 50.40807605954722 ], [ 17.033054972726159, 50.41519958442148 ], [ 17.025758213315786, 50.41930001758648 ], [ 17.006294973706499, 50.41894201944632 ], [ 16.986832142237137, 50.418580302493467 ], [ 16.967369721850663, 50.418214894877018 ], [ 16.954559087661011, 50.425415667796941 ], [ 16.947407121206474, 50.429424053811523 ], [ 16.934572560134079, 50.436632584378437 ], [ 16.927435112339907, 50.440629647740039 ], [ 16.914576599540975, 50.447845929647194 ], [ 16.9074536895119, 50.45183168977826 ], [ 16.900787951152555, 50.447597916010153 ], [ 16.888494220809108, 50.439873201728474 ], [ 16.881907200634846, 50.435685481033275 ], [ 16.882452156640884, 50.424125207884437 ], [ 16.87006388526796, 50.416333496669452 ], [ 16.863585332713665, 50.412209928282977 ], [ 16.870421297010736, 50.408364470434321 ], [ 16.883539972250134, 50.401004560468351 ], [ 16.89039366242682, 50.397146061704007 ], [ 16.903485112441107, 50.389795630124311 ], [ 16.910356621845914, 50.385924038101784 ], [ 16.92342078649418, 50.378583141833211 ], [ 16.923952669714705, 50.367022402753186 ], [ 16.924483882848051, 50.355461630632568 ], [ 16.931314574403711, 50.351607347107866 ], [ 16.944399172944085, 50.344245229172515 ], [ 16.944924258955844, 50.332684244554883 ], [ 16.945448690960511, 50.321123227252556 ], [ 16.952241768634611, 50.317284544674543 ], [ 16.965343701226065, 50.309902924687961 ], [ 16.97215647394399, 50.30605013658657 ], [ 16.991575445623134, 50.306359516082551 ], [ 17.004597626423301, 50.299013256056597 ], [ 17.011476422700479, 50.295118497229275 ], [ 17.024470161757517, 50.287782526484513 ], [ 17.024972866146626, 50.276220808305368 ], [ 17.02547496202946, 50.264659058496733 ], [ 17.013069969241052, 50.256861489809459 ], [ 17.006626424001748, 50.252766883465696 ], [ 17.007132088022949, 50.241205210840036 ], [ 17.0138802053294, 50.237377974132421 ], [ 17.026977623631677, 50.229973619711267 ], [ 17.014513527971076, 50.22213368160994 ], [ 16.995130847656927, 50.22177287952055 ], [ 16.981983018831688, 50.22920065510921 ], [ 16.981517696074874, 50.240762971812082 ], [ 16.974767757446831, 50.244559936151916 ], [ 16.96844427758673, 50.240535076651341 ], [ 16.968958837960354, 50.228973656000349 ], [ 16.956366694341263, 50.221040646771677 ], [ 16.936985226631847, 50.220669274399356 ], [ 16.91760416835525, 50.22029443647029 ], [ 16.898223522072485, 50.219916161378805 ], [ 16.892144385890152, 50.216034572979481 ], [ 16.892676523017599, 50.204473667699446 ], [ 16.879869609030564, 50.196384765797326 ], [ 16.860499153691215, 50.195999968993497 ], [ 16.846943034655872, 50.203634800870645 ], [ 16.840606773108959, 50.207186330861987 ], [ 16.834700964967134, 50.203407191260311 ], [ 16.835246440871185, 50.191846699137649 ], [ 16.822286168913582, 50.183646190843923 ], [ 16.802921648986253, 50.183251608270758 ], [ 16.797161969524971, 50.179559744630126 ], [ 16.797715373464833, 50.167999488219515 ], [ 16.798268108712385, 50.156439198291793 ], [ 16.785163449686976, 50.148133141274485 ], [ 16.779519982632678, 50.144511304838808 ], [ 16.766353022206236, 50.136159544134664 ], [ 16.747008437964904, 50.135755983805517 ], [ 16.74148577222747, 50.132206648876547 ], [ 16.742050268359449, 50.120646718510059 ], [ 16.728760306118623, 50.112204388854664 ], [ 16.723328550283057, 50.108710030550661 ], [ 16.709978000769841, 50.100222909046778 ], [ 16.690648665405746, 50.099810515572443 ], [ 16.671319765817415, 50.099395027936247 ], [ 16.657078734753817, 50.107391459210675 ], [ 16.651425253278155, 50.110547838013602 ], [ 16.632092587242177, 50.110125994569927 ], [ 16.61776221920347, 50.118162151110752 ], [ 16.617207974557534, 50.129721871416542 ], [ 16.611608529317905, 50.132843459582539 ], [ 16.592267455492191, 50.13241508018185 ], [ 16.57786565082311, 50.140478640799422 ], [ 16.577301787440057, 50.152037994552735 ], [ 16.571754836474533, 50.155125788915917 ], [ 16.557335437679324, 50.163190689085397 ], [ 16.556766717635931, 50.174749836683212 ], [ 16.556197961108388, 50.186308963537513 ], [ 16.555629171580598, 50.197868069729182 ], [ 16.555060352544526, 50.20942715533932 ], [ 16.554491507498469, 50.22098622044917 ], [ 16.548851948707973, 50.224120047398571 ], [ 16.534492248359793, 50.23213440005356 ], [ 16.528876627070431, 50.235252666208737 ], [ 16.514484150097232, 50.243278986680309 ], [ 16.508892010261285, 50.246381975179673 ], [ 16.494467221323628, 50.254419976838491 ], [ 16.493883902218769, 50.265978458837886 ], [ 16.488289213531342, 50.269079998399164 ], [ 16.473853323763418, 50.277115658725791 ], [ 16.468280892525001, 50.280202649692121 ], [ 16.453813924958972, 50.288249253766601 ], [ 16.453220936575065, 50.299807333920988 ], [ 16.447643757004382, 50.302894124403842 ], [ 16.433167888917001, 50.310937127651528 ], [ 16.432570060654221, 50.322494995176328 ], [ 16.426986650542709, 50.325582411954315 ], [ 16.407570270448431, 50.325122830939698 ], [ 16.388154374622182, 50.324660253379577 ], [ 16.373568246511731, 50.332747514954924 ], [ 16.372955889924199, 50.344304815124353 ], [ 16.367459421595058, 50.347338346316242 ], [ 16.352867620518047, 50.355420134559978 ], [ 16.366529250326423, 50.364143710893266 ], [ 16.371731180820873, 50.367419357382921 ], [ 16.366178150263888, 50.37048286039434 ], [ 16.351633209012107, 50.378534280286239 ], [ 16.346098413391022, 50.38158558287158 ], [ 16.326660456798187, 50.38111273188354 ], [ 16.307222998645539, 50.380636899594947 ], [ 16.302225255767503, 50.377398061839514 ], [ 16.288446174704323, 50.368586582671547 ], [ 16.27369995965336, 50.376732494096089 ], [ 16.26834958896961, 50.379676319418358 ], [ 16.253577492018213, 50.38783005104284 ], [ 16.252935943561717, 50.399386159161168 ], [ 16.24757317842165, 50.402334161082763 ], [ 16.232799818774424, 50.410479866748652 ], [ 16.227452683023877, 50.413417249285637 ], [ 16.212654914267812, 50.421569926703974 ], [ 16.207322804653845, 50.424497038763548 ], [ 16.19250123043841, 50.432656335410812 ], [ 16.191845036128317, 50.444211800728112 ], [ 16.205641310843735, 50.453043778045789 ], [ 16.210701033555829, 50.456236894949704 ], [ 16.224434167918478, 50.465021866745865 ], [ 16.243907933537308, 50.46545836963876 ], [ 16.249086902066178, 50.468722414652184 ], [ 16.262715576585297, 50.477429374684625 ], [ 16.282195078702536, 50.477858914484948 ], [ 16.287496248906177, 50.481195625514054 ], [ 16.301017507040001, 50.489822866346053 ], [ 16.306396336037324, 50.493205862871228 ], [ 16.305769684362893, 50.504762359417278 ], [ 16.319195839866218, 50.513320634531006 ], [ 16.333555708572902, 50.505402529257076 ], [ 16.339339944623585, 50.502202415618939 ], [ 16.358830879064261, 50.502618134547447 ], [ 16.36438471815055, 50.506105026456332 ], [ 16.377682873746679, 50.514568116793626 ], [ 16.383317697298022, 50.51810324258723 ], [ 16.396544431779649, 50.526514548569281 ], [ 16.402261285558136, 50.530098522661113 ], [ 16.396162073310965, 50.533457332650926 ], [ 16.382103746508864, 50.541217582591365 ], [ 16.395273088339025, 50.549588745458543 ], [ 16.401057205066596, 50.553213178296716 ], [ 16.400455267342082, 50.564770479393424 ], [ 16.413521011337046, 50.573067723717294 ], [ 16.433042344180802, 50.57347030404344 ], [ 16.438995764258905, 50.577195530076324 ], [ 16.438403696631561, 50.588753142133854 ], [ 16.432019520901118, 50.592269055623639 ], [ 16.418230455073097, 50.599878148439004 ], [ 16.411858399506752, 50.603384875524107 ], [ 16.398048267350184, 50.610999507367794 ], [ 16.391687784818288, 50.614497367103191 ], [ 16.37785714020837, 50.622117215382879 ], [ 16.377250802165701, 50.633674236005298 ], [ 16.370861519843828, 50.63718473907646 ], [ 16.357045946497841, 50.644788095579536 ], [ 16.350666671516059, 50.648290609033502 ], [ 16.336832157029338, 50.655898295773447 ], [ 16.330462306558356, 50.659393154644157 ], [ 16.310910280338859, 50.658914089533056 ], [ 16.291358769093435, 50.658431929449655 ], [ 16.277398080281859, 50.666094813761703 ], [ 16.271136328431904, 50.669524466716389 ], [ 16.251581063304627, 50.669035890726619 ], [ 16.232026322029, 50.668544249269623 ], [ 16.226371951632903, 50.66489079031723 ], [ 16.227090383551435, 50.653336990110155 ], [ 16.22780783195363, 50.641783147136152 ], [ 16.214528163095444, 50.633319453975695 ], [ 16.194988836941242, 50.632822547762494 ], [ 16.180695272805938, 50.640651975001177 ], [ 16.174755592005933, 50.643898477714927 ], [ 16.155212547093679, 50.643395245751108 ], [ 16.140850976265263, 50.65125150133904 ], [ 16.134965545671584, 50.654464560000271 ], [ 16.115418792981323, 50.653955015423591 ], [ 16.095872583218043, 50.653442468085466 ], [ 16.090575841091447, 50.650006187289996 ], [ 16.077045760750512, 50.641352263842386 ], [ 16.071828329475469, 50.637965005728816 ], [ 16.072581604421678, 50.626412695151664 ], [ 16.05895118933444, 50.617686169493922 ], [ 16.053845876146344, 50.614368759349389 ], [ 16.040147870057183, 50.605592369931031 ], [ 16.035118338179277, 50.602321915430238 ], [ 16.021354144810971, 50.593496496428699 ], [ 16.006521261057173, 50.601589968623912 ], [ 16.001098609945458, 50.604542891535488 ], [ 15.986250210705798, 50.612638328830265 ], [ 16.000021055468192, 50.621472966949746 ], [ 16.005121037965086, 50.624696785578045 ], [ 16.00442100798049, 50.636250168988916 ], [ 16.003721037956151, 50.647803535848489 ], [ 16.003021131929721, 50.659356886272548 ], [ 16.002321293804592, 50.670910220373493 ], [ 15.996672339348731, 50.673982558674702 ], [ 15.982020753714302, 50.681957248809809 ], [ 15.976375613247694, 50.685025417631451 ], [ 15.956818933456718, 50.684491020199005 ], [ 15.937262822688687, 50.683953644230208 ], [ 15.917707284043958, 50.683413292155002 ], [ 15.912682489312603, 50.680139694711038 ], [ 15.898915737241165, 50.671297307714163 ], [ 15.879366137501979, 50.670751339698121 ], [ 15.86443872197979, 50.678850670740964 ], [ 15.863704087634709, 50.690402503594129 ], [ 15.858270615897515, 50.69334668356457 ], [ 15.843366341493004, 50.701424657883003 ], [ 15.842626823614122, 50.712976243122142 ], [ 15.837154401244351, 50.715938891355037 ], [ 15.822275295836421, 50.723994437735612 ], [ 15.821530896029115, 50.735545774338377 ], [ 15.820786562762361, 50.747097095348593 ], [ 15.815231675193823, 50.750101067585668 ], [ 15.795650871064026, 50.749540853645478 ], [ 15.790641418181794, 50.746270556051655 ], [ 15.776866050257381, 50.737405241695548 ], [ 15.757291246850565, 50.736839412155248 ], [ 15.737717047555279, 50.736270605210656 ], [ 15.718143455643828, 50.735698820720799 ], [ 15.698570474405395, 50.735124058305651 ], [ 15.683463220239513, 50.743268528639661 ], [ 15.682683827668514, 50.75481827391161 ], [ 15.677358777656176, 50.757687986007262 ], [ 15.657777429010524, 50.757106562487891 ], [ 15.638196702269653, 50.756522156041882 ], [ 15.623038471419866, 50.764676602686045 ], [ 15.61778168009004, 50.767504994153271 ], [ 15.602619358833827, 50.775655030626368 ], [ 15.597357104511371, 50.778484439438692 ], [ 15.577768657011003, 50.777890362298365 ], [ 15.558180846141635, 50.77729329498235 ], [ 15.538593675296884, 50.776693235973795 ], [ 15.519007147882888, 50.776090183618798 ], [ 15.503688311990448, 50.784300414783267 ], [ 15.498556354324725, 50.787052817614743 ], [ 15.478966319031866, 50.786443409728911 ], [ 15.463609167657184, 50.794663175620727 ], [ 15.458501814185976, 50.797399260964276 ], [ 15.443144044306077, 50.805612676725019 ], [ 15.438027747665416, 50.808351685749912 ], [ 15.433413779859849, 50.805315248761275 ], [ 15.419315415801412, 50.796164705452853 ], [ 15.414768593236108, 50.793170507717313 ], [ 15.415689442227558, 50.781626299111082 ], [ 15.401501687632605, 50.772408902003342 ], [ 15.381919760547142, 50.771784840593654 ], [ 15.366352083807486, 50.780097852529835 ], [ 15.365492501259455, 50.791643709630129 ], [ 15.364632918625929, 50.803189551030208 ], [ 15.363773340474358, 50.814735376888407 ], [ 15.362913771175844, 50.82628118735699 ], [ 15.362054214887531, 50.837826982581646 ], [ 15.356938014966186, 50.840559070748085 ], [ 15.341549651362731, 50.848757771872513 ], [ 15.336421508975002, 50.851494359181437 ], [ 15.321036186711648, 50.859684755599645 ], [ 15.315895417315335, 50.862426196233272 ], [ 15.300513816842978, 50.870607929993412 ], [ 15.295359734903574, 50.873354577765333 ], [ 15.279982537654913, 50.881527291282183 ], [ 15.279102908867964, 50.893071998411919 ], [ 15.278223297768774, 50.904616690860991 ], [ 15.272965670521623, 50.907415295822467 ], [ 15.257673044508312, 50.915531692097758 ], [ 15.256788421583641, 50.92707609846925 ], [ 15.270669913993986, 50.936101880624655 ], [ 15.275584595138348, 50.939250681075379 ], [ 15.289403117105437, 50.948228738862689 ], [ 15.294392080661002, 50.951422465407525 ], [ 15.288916132807875, 50.954335905038533 ], [ 15.273825586800365, 50.962339936012874 ], [ 15.272946123794652, 50.973884542070891 ], [ 15.267403958177239, 50.976830452372255 ], [ 15.247739246707427, 50.976181520992675 ], [ 15.232665779730629, 50.984163394099632 ], [ 15.2317762270341, 50.995707456092575 ], [ 15.226196766277386, 50.998669025609168 ], [ 15.221186856321559, 50.995364947707245 ], [ 15.20746817171579, 50.98644373582723 ], [ 15.202532449205528, 50.98318635712603 ], [ 15.18874934959122, 50.974216491616794 ], [ 15.173573188272149, 50.982240024660769 ], [ 15.172668427962115, 50.993783302802555 ], [ 15.171763681056929, 51.005326566689838 ], [ 15.170858946959312, 51.016869816320551 ], [ 15.16526960582083, 51.019831069995909 ], [ 15.160257042652777, 51.016521405314379 ], [ 15.146549336386647, 51.0075963704532 ], [ 15.141610666152017, 51.004333258041036 ], [ 15.14261488392636, 50.992793431499393 ], [ 15.12880269951534, 50.983791725023032 ], [ 15.113571157029611, 50.99182943438818 ], [ 15.108169431481857, 50.994688700968247 ], [ 15.092949388985081, 51.002713742560523 ], [ 15.092024376240845, 51.014255927542017 ], [ 15.086551599476042, 51.017150048368251 ], [ 15.066873926608402, 51.016472151129861 ], [ 15.062000767462946, 51.01324638240542 ], [ 15.048181623042483, 51.004224096089906 ], [ 15.032910739156954, 51.012260828444816 ], [ 15.027520800401566, 51.015107170640704 ], [ 15.007845354247584, 51.014420082765803 ], [ 14.988170657525499, 51.013729926690417 ], [ 14.983401654572466, 51.010566739482805 ], [ 14.984444386968399, 50.999029149928703 ], [ 14.98548581938315, 50.987491500738379 ], [ 14.990670820401965, 50.984775836322399 ], [ 15.010335905291294, 50.985435383794389 ], [ 15.025796895381122, 50.977298580574868 ], [ 15.026826440044474, 50.965760261074834 ], [ 15.027854698433973, 50.95422188268568 ], [ 15.013801141293499, 50.945027064980209 ], [ 15.00925995873739, 50.942013529390444 ], [ 15.010290294780379, 50.930475307916524 ], [ 14.996144995226897, 50.921211611394874 ], [ 14.99170727677669, 50.918264358961217 ], [ 14.996619929813935, 50.915685897524824 ], [ 15.012347139439287, 50.907398688995684 ], [ 14.998131701390173, 50.898085253568546 ], [ 14.993770851145619, 50.895188173386551 ], [ 14.998598004187256, 50.892652787609848 ], [ 15.014398912728272, 50.884321836548686 ], [ 15.015422910607242, 50.872783323202555 ], [ 15.001106627645605, 50.863398071363015 ], [ 14.981495574086678, 50.862709893689598 ], [ 14.961885268374354, 50.862018650221366 ], [ 14.942275714109597, 50.861324338429291 ], [ 14.926359198839581, 50.869704001713153 ], [ 14.921656687575249, 50.872187498128774 ], [ 14.902043831541221, 50.87148665590211 ], [ 14.882431738436726, 50.870782737474642 ], [ 14.862820411873722, 50.870075740393844 ], [ 14.843209855466087, 50.869365662229249 ], [ 14.823600072829421, 50.868652500574008 ], [ 14.807566843914303, 50.877064559312217 ], [ 14.821995354586738, 50.886570600357913 ], [ 14.826205863666322, 50.889307760201838 ], [ 14.840587412031406, 50.898775758075416 ], [ 14.844855945590785, 50.901548235256122 ], [ 14.843865621703054, 50.913086928908946 ], [ 14.858165477020677, 50.92249217111646 ], [ 14.86253174505592, 50.925324944245851 ], [ 14.876781324588325, 50.934690081521858 ], [ 14.881208997304483, 50.937560224893602 ], [ 14.880228547787427, 50.949099442377246 ], [ 14.894390953520247, 50.958398396078714 ], [ 14.898921942547537, 50.96133225244963 ], [ 14.913030648829038, 50.970588978979443 ], [ 14.917626526206364, 50.973562318654089 ], [ 14.91665603850222, 50.985102056578043 ], [ 14.91568552256981, 50.996641779904969 ], [ 14.929663057233471, 51.005801790098246 ], [ 14.934411360934108, 51.008869630168448 ], [ 14.933445847389315, 51.020409605147556 ], [ 14.947325599114972, 51.029496812665286 ], [ 14.952187972738555, 51.032634965619657 ], [ 14.951227477454644, 51.044175191117944 ], [ 14.950266961930133, 51.055715402229097 ], [ 14.964003540687253, 51.06469839075762 ], [ 14.969030453964908, 51.067938529422648 ], [ 14.968074964179738, 51.079478989578305 ], [ 14.981705140256306, 51.088383824310242 ], [ 14.98685480049398, 51.091699611040049 ], [ 14.985904333935217, 51.10324031846347 ], [ 14.984953835801177, 51.114781011038787 ], [ 14.98400330052918, 51.126321688593144 ], [ 14.983052721714664, 51.137862350924621 ], [ 14.996435590586012, 51.146591782770486 ], [ 15.001864020637347, 51.150081238025919 ], [ 14.995859295090867, 51.153241060144971 ], [ 14.981151403407374, 51.160943628958108 ], [ 14.994439836581362, 51.169607876509602 ], [ 14.999972739841047, 51.173163034023659 ], [ 14.999026986952884, 51.184703907553683 ], [ 15.012195225587785, 51.193281491048488 ], [ 15.017864587319261, 51.19692077969264 ], [ 15.016923723650144, 51.208461892345433 ], [ 15.015982742820553, 51.220002987232455 ], [ 15.015041629767687, 51.231544063856958 ], [ 15.027984811546395, 51.239963392125418 ], [ 15.03390531648877, 51.243758898968728 ], [ 15.032968964453435, 51.255300208653246 ], [ 15.032032425432325, 51.266841498201337 ], [ 15.031095679169866, 51.278382766941057 ], [ 15.030158704119447, 51.289924014156306 ], [ 15.02336040113485, 51.293492672704964 ], [ 15.009391179208921, 51.3007901070497 ], [ 15.00844861629462, 51.312331038403329 ], [ 15.001552431867143, 51.315947215093082 ], [ 14.987666525326045, 51.323192933079589 ], [ 14.986718287986662, 51.334733544408707 ], [ 14.979722670916043, 51.33839790131411 ], [ 14.965921555236321, 51.345591231891198 ], [ 14.964967549102692, 51.357131518720045 ], [ 14.977373249048783, 51.365191705859395 ], [ 14.983871372452155, 51.369355221829188 ], [ 14.976677362914625, 51.37311993051533 ], [ 14.963058298476604, 51.380212009530119 ], [ 14.962102989402588, 51.391752211308614 ], [ 14.961147179108284, 51.403292382452925 ], [ 14.960190831832055, 51.414832521740266 ], [ 14.959233910451758, 51.426372627900193 ], [ 14.971304966199666, 51.434205579974524 ], [ 14.978164726837454, 51.438597773737371 ], [ 14.97056827231582, 51.44256519255088 ], [ 14.957318190237647, 51.449452735522655 ], [ 14.95635931060221, 51.460992734214102 ], [ 14.94865955415581, 51.465009463666611 ], [ 14.935497547175878, 51.471843449665954 ], [ 14.92776150117032, 51.475875824474542 ], [ 14.914626223905266, 51.482690222299567 ], [ 14.906853547713704, 51.486738376926773 ], [ 14.886978983700182, 51.486024539810735 ], [ 14.86710521494131, 51.485307558120724 ], [ 14.85392935136556, 51.492129952296146 ], [ 14.846178937509483, 51.496159457040783 ], [ 14.833031253427233, 51.50296155135301 ], [ 14.825242754984412, 51.50700751428294 ], [ 14.812123532379406, 51.513789188682225 ], [ 14.80429666375136, 51.517851712802738 ], [ 14.784411088615318, 51.51712132502346 ], [ 14.764526329522942, 51.516387778581205 ], [ 14.751372208578529, 51.523174483219087 ], [ 14.743561932700569, 51.527221256908675 ], [ 14.730437619936179, 51.533986891393731 ], [ 14.729417262421009, 51.545523481594664 ], [ 14.721500735043334, 51.549620332380307 ], [ 14.708467021137224, 51.556331573260884 ], [ 14.707439633528018, 51.567867776764054 ], [ 14.719071897223914, 51.575446319730837 ], [ 14.726349831906649, 51.580132947656416 ], [ 14.737906518984177, 51.587656466853815 ], [ 14.745269857782132, 51.592395265435492 ], [ 14.756751227358988, 51.599864005809508 ], [ 14.764199632002454, 51.604654723084309 ], [ 14.763182138808583, 51.616191554058943 ], [ 14.75482224839088, 51.620511746696963 ], [ 14.742202640256806, 51.627004909504031 ], [ 14.753526580991135, 51.634366650294957 ], [ 14.761143039139016, 51.639265030512163 ], [ 14.752658199005799, 51.643646244323314 ], [ 14.740150921545199, 51.650077693834227 ], [ 14.751373054839856, 51.657370215164406 ], [ 14.75909810072379, 51.662338246817846 ], [ 14.750491429588589, 51.666778707838382 ], [ 14.73809317989058, 51.673150210712855 ], [ 14.737061918164624, 51.684686364042932 ], [ 14.728362407334471, 51.689168883731888 ], [ 14.716040334084315, 51.695493957745853 ], [ 14.707307807411, 51.699989493208868 ], [ 14.695008524057229, 51.706297528284459 ], [ 14.68624322793281, 51.71080590969359 ], [ 14.673966454669744, 51.717097070185595 ], [ 14.672913743315688, 51.728632068904965 ], [ 14.664060601389856, 51.733179582634939 ], [ 14.651854706988635, 51.739427209598425 ], [ 14.650793428052024, 51.750961759349728 ], [ 14.649730207885789, 51.762496225426254 ], [ 14.648665000226543, 51.774030606103537 ], [ 14.647597760424341, 51.785564899715936 ], [ 14.646528445583661, 51.797099104661903 ], [ 14.637391041295512, 51.801777972152351 ], [ 14.617384871964893, 51.801020331148152 ], [ 14.605393855597869, 51.80714003530251 ], [ 14.596251494435977, 51.811814946938163 ], [ 14.584276051915062, 51.817921505639681 ], [ 14.583185874566514, 51.829454563453439 ], [ 14.593850013648158, 51.836388849127857 ], [ 14.602137683774115, 51.841740083457715 ], [ 14.601047820579597, 51.853273242315666 ], [ 14.611630902831729, 51.860148062576158 ], [ 14.631665443515217, 51.860883454035431 ], [ 14.64006683233076, 51.866302391957362 ], [ 14.650588418105908, 51.873128089240886 ], [ 14.659044127080744, 51.878579171862263 ], [ 14.669521575797933, 51.885370961769567 ], [ 14.678029881959915, 51.8908530301903 ], [ 14.688464924521906, 51.897612079097023 ], [ 14.697024088904088, 51.903123963206092 ], [ 14.695946581456662, 51.914658078932035 ], [ 14.694866687532254, 51.926192095197798 ], [ 14.705216604461341, 51.932887992819666 ], [ 14.713874208473312, 51.938460475146364 ], [ 14.712794339996686, 51.949994579517316 ], [ 14.711712062434879, 51.96152858386143 ], [ 14.710627372377846, 51.973062488037272 ], [ 14.70954026909553, 51.984596292001143 ], [ 14.719792288147604, 51.991218132198846 ], [ 14.728565991717121, 51.996862491278065 ], [ 14.727478935103825, 52.008396384807405 ], [ 14.726389485881725, 52.019930179136246 ], [ 14.736597239125857, 52.02651551511542 ], [ 14.745428720088384, 52.032193821969663 ], [ 14.744339406166722, 52.043727709197057 ], [ 14.743247743654555, 52.055261499077133 ], [ 14.75342637561686, 52.061820154385956 ], [ 14.762300723895335, 52.067522588672468 ], [ 14.752406376398163, 52.072552568266993 ], [ 14.741057441743171, 52.078328789223924 ], [ 14.739958841792149, 52.089862290887055 ], [ 14.730071217120992, 52.094881896028902 ], [ 14.709931436108548, 52.094140027494582 ], [ 14.698538157131315, 52.099928876453212 ], [ 14.688678722272035, 52.104927053900013 ], [ 14.677262158930445, 52.110722754163021 ], [ 14.676141990606508, 52.122255087912656 ], [ 14.675019604893844, 52.13378732811703 ], [ 14.673895030686467, 52.145319475823861 ], [ 14.684132657544181, 52.151916342449255 ], [ 14.692951132589833, 52.157591570386217 ], [ 14.703186701290473, 52.164181940735602 ], [ 14.712016286867271, 52.169860738771661 ], [ 14.70215717377646, 52.17484798391601 ], [ 14.690701281873265, 52.180656012503512 ], [ 14.689573260566226, 52.192188101993167 ], [ 14.688443220554824, 52.203720105411691 ], [ 14.698727091204097, 52.210335985271229 ], [ 14.707520218981118, 52.215990124049917 ], [ 14.7063912615181, 52.227522259654897 ], [ 14.705260398471362, 52.239054313527909 ], [ 14.704127665883416, 52.25058628697419 ], [ 14.694349695000239, 52.255517817271084 ], [ 14.674138019233748, 52.254770094125426 ], [ 14.662536073842109, 52.26063612579734 ], [ 14.652798656300277, 52.265540262056149 ], [ 14.632583497963573, 52.264785806188286 ], [ 14.620927383715152, 52.270670887393301 ], [ 14.611229518082258, 52.275548192654661 ], [ 14.591010893304137, 52.274786984588772 ], [ 14.579301578965529, 52.280690556230105 ], [ 14.578131383480214, 52.292220380117278 ], [ 14.57695946547601, 52.303750127737686 ], [ 14.575785862914833, 52.315279800510886 ], [ 14.566185404454162, 52.320095410345608 ], [ 14.55435839872486, 52.326047553432062 ], [ 14.553176449448513, 52.337576767073791 ], [ 14.551992922293916, 52.349105909693762 ], [ 14.550807854085594, 52.360634982678867 ], [ 14.549621281114719, 52.372163987396796 ], [ 14.548433239081533, 52.383692925193849 ], [ 14.538982608308302, 52.388419836541495 ], [ 14.52696212202844, 52.394454602505547 ], [ 14.537675988214508, 52.401350202460122 ], [ 14.546052887367972, 52.40675060529172 ], [ 14.54486064569261, 52.418279350161399 ], [ 14.543667070887695, 52.429808033244861 ], [ 14.554462933878739, 52.436747987827701 ], [ 14.574755792882323, 52.437505218135854 ], [ 14.583080017361064, 52.442863182894442 ], [ 14.593895393242498, 52.449806155632885 ], [ 14.602204917303945, 52.455150752156349 ], [ 14.60102291858178, 52.466680202662495 ], [ 14.611895117953559, 52.473652648694141 ], [ 14.62016190809881, 52.478965124968013 ], [ 14.631060487355247, 52.48594895014925 ], [ 14.639311114550964, 52.491247140920017 ], [ 14.638135834120567, 52.502777048368877 ], [ 14.628932157949603, 52.507375409354992 ], [ 14.616620734160186, 52.513553915462452 ], [ 14.615438119662651, 52.525083406223416 ], [ 14.614254435219612, 52.536612845505431 ], [ 14.613069704578869, 52.548142234197179 ], [ 14.62416747461274, 52.555244625638494 ], [ 14.632243149158974, 52.560425805950999 ], [ 14.631061521292875, 52.571955407705964 ], [ 14.622052758948058, 52.576447148680764 ], [ 14.609509460722231, 52.582730105172637 ], [ 14.608320766537204, 52.594259299799191 ], [ 14.607131132815697, 52.605788447838989 ], [ 14.598229500807795, 52.610220066004082 ], [ 14.585556822405229, 52.616558264551266 ], [ 14.576694995001715, 52.620966330224789 ], [ 14.556318289242355, 52.620198292186615 ], [ 14.543585699047878, 52.62655732641813 ], [ 14.534768851926387, 52.630937018965312 ], [ 14.521987141681693, 52.637314992493941 ], [ 14.513208890330644, 52.641671821336864 ], [ 14.50037848550744, 52.64806848046743 ], [ 14.491638398989883, 52.652402697664265 ], [ 14.471249399516582, 52.65162034285504 ], [ 14.458361871426691, 52.658036255480972 ], [ 14.45713087842104, 52.669562905916251 ], [ 14.448465805332523, 52.673852664432282 ], [ 14.435491927329661, 52.680303835260112 ], [ 14.434254113539764, 52.691830075565278 ], [ 14.425658550225419, 52.696080490652584 ], [ 14.41259907744382, 52.702566441829568 ], [ 14.404039721027505, 52.706795388351949 ], [ 14.390933947244456, 52.713298608401779 ], [ 14.389683388437092, 52.72482406928517 ], [ 14.381192015768178, 52.72901459554685 ], [ 14.368002198240511, 52.73555166124482 ], [ 14.359545866203831, 52.739721389245133 ], [ 14.346310913886299, 52.746275043950462 ], [ 14.33788913353764, 52.750424247766439 ], [ 14.324609532163834, 52.756994213224615 ], [ 14.316221812529424, 52.761123167123102 ], [ 14.302898049565156, 52.767709164876834 ], [ 14.29454389796099, 52.771818143160573 ], [ 14.274104703412156, 52.771002069123846 ], [ 14.260731055179463, 52.777603181935881 ], [ 14.259444766296653, 52.789126398490097 ], [ 14.251156267378818, 52.793196247868188 ], [ 14.237702957237117, 52.799828672007351 ], [ 14.229446541035859, 52.8038793674584 ], [ 14.215951030545805, 52.810526711015584 ], [ 14.207726200473608, 52.814558525583053 ], [ 14.187269505653335, 52.813727471317861 ], [ 14.173726873814356, 52.820388375343235 ], [ 14.165534177256482, 52.824398900459585 ], [ 14.145074123344008, 52.823560590427 ], [ 14.131485270597651, 52.830234553676533 ], [ 14.130164006657258, 52.841755513881338 ], [ 14.128842047937283, 52.853276436748125 ], [ 14.14088258098189, 52.861036106679613 ], [ 14.148000387539865, 52.865637884028231 ], [ 14.14668229961929, 52.87715908121627 ], [ 14.158785392731579, 52.884951190241928 ], [ 14.16585605323375, 52.889517974916956 ], [ 14.157837763484258, 52.893436176824544 ], [ 14.144044068863774, 52.900201364975231 ], [ 14.142723930056594, 52.91172245174856 ], [ 14.141403111050623, 52.923243501895008 ], [ 14.140081612996966, 52.934764515480651 ], [ 14.138759436741102, 52.946285492559042 ], [ 14.137436582843693, 52.957806433172145 ], [ 14.149745495992958, 52.965719383102815 ], [ 14.156642330504733, 52.970167500355899 ], [ 14.168983464096952, 52.978094790557257 ], [ 14.189517346084207, 52.978929026625153 ], [ 14.196395464272209, 52.983359121131237 ], [ 14.208772739898684, 52.991298527532649 ], [ 14.229314069168154, 52.992126141097955 ], [ 14.236172939124831, 52.996537924562901 ], [ 14.248586895658974, 53.004489736436511 ], [ 14.255423697352242, 53.008883937597602 ], [ 14.267870729780361, 53.01685051616063 ], [ 14.288425929510066, 53.017668406793518 ], [ 14.29524257775731, 53.022043798333868 ], [ 14.307727214000192, 53.030023270226671 ], [ 14.314521266797044, 53.034380798676757 ], [ 14.32703952515191, 53.042375307281553 ], [ 14.333810817478165, 53.046714888016233 ], [ 14.346362872146091, 53.054724510834319 ], [ 14.353111246882021, 53.059046062507718 ], [ 14.351840256755279, 53.070570422929265 ], [ 14.36445532540875, 53.078612031757395 ], [ 14.371156228778103, 53.082898976615823 ], [ 14.369889253283841, 53.094423600441615 ], [ 14.36862165006246, 53.105948189966554 ], [ 14.367353420081928, 53.117472745246545 ], [ 14.380088428398869, 53.125579022749278 ], [ 14.38669435094239, 53.129799268501145 ], [ 14.385430184411003, 53.141324087751485 ], [ 14.378005025609587, 53.144954420739467 ], [ 14.363544978176401, 53.15204620613423 ], [ 14.362274249432724, 53.16357062493973 ], [ 14.361002897769858, 53.175095009741611 ], [ 14.373876727485252, 53.183280841628019 ], [ 14.380367357276105, 53.187423027104195 ], [ 14.379100114331532, 53.198947677781078 ], [ 14.392034822919449, 53.207163771388402 ], [ 14.398480444148408, 53.211273062187836 ], [ 14.397217349808045, 53.222797978867099 ], [ 14.410212566356435, 53.231044017310644 ], [ 14.416613647725855, 53.235120726548892 ], [ 14.429642525337899, 53.243381399750824 ], [ 14.436021200164154, 53.247440535113199 ], [ 14.449083671768534, 53.255715766908253 ], [ 14.45544005756291, 53.259757401802673 ], [ 14.44828161937151, 53.26325511741652 ], [ 14.433512450578236, 53.270491466319392 ], [ 14.426372939524567, 53.273977070501665 ], [ 14.411574486152157, 53.281221262090817 ], [ 14.410313219143886, 53.292746314436698 ], [ 14.409051362997404, 53.304271334262424 ], [ 14.407788918416312, 53.315796321614059 ], [ 14.406525886078258, 53.327321276536615 ], [ 14.405262266636477, 53.338846199074268 ], [ 14.403998060721136, 53.35037108927034 ], [ 14.39701057550425, 53.353773888555097 ], [ 14.382013383603416, 53.361094405951128 ], [ 14.395310770091751, 53.369510269968984 ], [ 14.401467891882454, 53.373420772807087 ], [ 14.39452269214498, 53.376801053164151 ], [ 14.379471025589844, 53.384143351599086 ], [ 14.37819895445914, 53.395667775555999 ], [ 14.376926289208649, 53.407192166984906 ], [ 14.375653030295924, 53.418716525922811 ], [ 14.374379178167574, 53.430240852406371 ], [ 14.373104733259741, 53.441765146471838 ], [ 14.371829695998525, 53.453289408155143 ], [ 14.365017422522209, 53.456596511961024 ], [ 14.349785444290061, 53.464005458856484 ], [ 14.348503631276319, 53.475529314566337 ], [ 14.347221216402707, 53.487053137596114 ], [ 14.345938200033022, 53.498576927979627 ], [ 14.339192732948298, 53.501845984374114 ], [ 14.323864729687193, 53.509287539822751 ], [ 14.322574883552328, 53.520810920830478 ], [ 14.32128442621501, 53.532334268884028 ], [ 14.314584434285404, 53.535576631270544 ], [ 14.299187808387998, 53.543039801022616 ], [ 14.297890477004437, 53.554562736604254 ], [ 14.311528061046749, 53.563177608818286 ], [ 14.317409390361641, 53.566904115649407 ], [ 14.31611649159025, 53.578427332216265 ], [ 14.314822983305771, 53.589950515994211 ], [ 14.313528865846001, 53.601473667016393 ], [ 14.312234139548018, 53.612996785316014 ], [ 14.305644691190663, 53.616178974612552 ], [ 14.290093460114896, 53.623699652649812 ], [ 14.288791789080825, 53.635222356062755 ], [ 14.287489499490954, 53.646745026443746 ], [ 14.286186591700591, 53.658267663826891 ], [ 14.27964829570589, 53.6614195660718 ], [ 14.264016040803305, 53.668965032238084 ], [ 14.277826944148519, 53.677675655916168 ], [ 14.283578922944683, 53.681312839736663 ], [ 14.277067420939924, 53.684449897603635 ], [ 14.261395600164777, 53.692009437002078 ], [ 14.26008443858127, 53.703531589464504 ], [ 14.258772650010705, 53.715053708695052 ], [ 14.257460234847265, 53.726575794729712 ], [ 14.27135298321582, 53.735328462365501 ], [ 14.277048957521185, 53.738925204451213 ], [ 14.270599246332393, 53.742027675652487 ], [ 14.254833526324173, 53.749619867355932 ], [ 14.268757217563113, 53.758388188174912 ], [ 14.274432661393071, 53.761969921035238 ], [ 14.273123591170478, 53.773492230328507 ], [ 14.271813906636488, 53.78501450700157 ], [ 14.270503608133142, 53.796536751088588 ], [ 14.264108138398834, 53.799608292267436 ], [ 14.248255817350671, 53.807229470528078 ], [ 14.246938403682099, 53.818751292299609 ], [ 14.245620366967549, 53.830273081201391 ], [ 14.239250283787801, 53.833327804709739 ], [ 14.22334853226633, 53.840960635570099 ], [ 14.22202333906684, 53.852481999088702 ], [ 14.220697513998335, 53.864003329461937 ], [ 14.219371057498506, 53.875524626728222 ], [ 14.218043970002489, 53.887045890925961 ], [ 14.216716251942549, 53.898567122093432 ], [ 14.210394263041715, 53.901591226463381 ], [ 14.194400544343072, 53.909248309670168 ], [ 14.20849947476961, 53.918110586349371 ], [ 14.214058925843817, 53.921609485490414 ], [ 14.228175439087684, 53.930475421164473 ], [ 14.249175689889643, 53.931310154232662 ], [ 14.270177023106429, 53.932141013872027 ], [ 14.291179434362011, 53.932967995015332 ], [ 14.307176820035993, 53.925292405505658 ], [ 14.313477317719135, 53.92226376628637 ], [ 14.329457870104939, 53.91458919768931 ], [ 14.335763863873762, 53.911555017236154 ], [ 14.356757957192917, 53.912369926846544 ], [ 14.377753108639483, 53.91318094618012 ], [ 14.383338725375683, 53.91667717349744 ], [ 14.39747884352817, 53.925516423415409 ], [ 14.418481862021224, 53.926319839548079 ], [ 14.439485926419408, 53.927119346683305 ], [ 14.445081368485912, 53.930612895889766 ], [ 14.459237003712317, 53.939443623536121 ], [ 14.464834754957087, 53.942934884474454 ], [ 14.478999810510503, 53.951764101741361 ], [ 14.484601203759414, 53.955253884795859 ], [ 14.498774357087617, 53.964080759413669 ], [ 14.519799892953182, 53.964865092507154 ], [ 14.525414250940155, 53.968356571090993 ], [ 14.539593002596073, 53.977174129111887 ], [ 14.560626374191493, 53.977950733452197 ], [ 14.566257118349769, 53.981445975326054 ], [ 14.580438055966809, 53.990252098271952 ], [ 14.601479252512945, 53.991020944643026 ], [ 14.622521458471097, 53.991785827959184 ], [ 14.628183129873118, 53.995291144122938 ], [ 14.642358525083608, 54.004075653593425 ], [ 14.663408536100121, 54.004832743570347 ], [ 14.684459543046701, 54.005585858545913 ], [ 14.690158952794533, 54.009105346315678 ], [ 14.704321992108317, 54.017864070752907 ], [ 14.725380783331568, 54.018609363161076 ], [ 14.731110138494293, 54.022140780307346 ], [ 14.745261820747324, 54.030879758349961 ], [ 14.766328383695098, 54.031617211413376 ], [ 14.77209146142763, 54.035162829162992 ], [ 14.786228014924401, 54.043879766126871 ], [ 14.807302336504556, 54.044609367492782 ], [ 14.828377621598976, 54.04533497581852 ], [ 14.849453865125465, 54.046056590323381 ], [ 14.855290123756404, 54.049635220014657 ], [ 14.869385653093389, 54.058303556385567 ], [ 14.890469622244026, 54.059017309955252 ], [ 14.911554534913504, 54.059727069508206 ], [ 14.93264038586989, 54.060432835720114 ], [ 14.938561281673477, 54.064051337660231 ], [ 14.952604296241963, 54.072664213879598 ], [ 14.973697837860492, 54.073362128699202 ], [ 14.979669234584941, 54.077004899936064 ], [ 14.99368033157659, 54.085585672176926 ], [ 15.014781547876895, 54.086275751168827 ], [ 15.035883676436445, 54.086961850550821 ], [ 15.041932789435069, 54.09064278465091 ], [ 15.055891498879713, 54.099173760657081 ], [ 15.077001274582317, 54.099852059349892 ], [ 15.098111946127338, 54.100526394672293 ], [ 15.104245040999242, 54.104249267039343 ], [ 15.118145076799124, 54.112726773202922 ], [ 15.139263366448727, 54.113393361003929 ], [ 15.160382534961322, 54.114056008835568 ], [ 15.16660530268944, 54.117824267476898 ], [ 15.180440949799992, 54.126245001324676 ], [ 15.201567705814297, 54.126899975055075 ], [ 15.207857016034932, 54.130702216695369 ], [ 15.221644670986992, 54.139081473812894 ], [ 15.242778994377309, 54.139728840786461 ], [ 15.263914167006019, 54.140372327523394 ], [ 15.270301071317462, 54.144224829625244 ], [ 15.284016372297922, 54.152542808457142 ], [ 15.305159078955331, 54.153178801377663 ], [ 15.326302616312844, 54.153810960766215 ], [ 15.34744697816976, 54.154439300859302 ], [ 15.368592158293023, 54.15506383658942 ], [ 15.389738150419038, 54.155684583584943 ], [ 15.396315206916404, 54.159635952367339 ], [ 15.409885565818072, 54.167833804951272 ], [ 15.431039018346992, 54.168447326696722 ], [ 15.452193263505059, 54.169057123345468 ], [ 15.473348294907877, 54.169663213690043 ], [ 15.494504106154833, 54.170265617163786 ], [ 15.515660690832428, 54.170864353820754 ], [ 15.522429907610782, 54.174916402161955 ], [ 15.535853113700474, 54.182993605815973 ], [ 15.557017081772681, 54.183585464905391 ], [ 15.578181803475015, 54.184173735966212 ], [ 15.585050359386379, 54.188277988083158 ], [ 15.598399246548761, 54.196293766654975 ], [ 15.619571313741488, 54.196875379413832 ], [ 15.640744114783963, 54.197453489124612 ], [ 15.661917643299285, 54.198028119663718 ], [ 15.668907451011943, 54.202196027719339 ], [ 15.682166643008443, 54.210136501131821 ], [ 15.703347466225701, 54.210704770819348 ], [ 15.724528997523155, 54.211269650630548 ], [ 15.745711230699154, 54.211831164988297 ], [ 15.752810083786136, 54.216056028549737 ], [ 15.765991702971892, 54.22392877692424 ], [ 15.787181181975191, 54.224484233552865 ], [ 15.794331700693, 54.228735837560812 ], [ 15.807479974590457, 54.236577130550828 ], [ 15.828676677612139, 54.237126697349076 ], [ 15.849874052046658, 54.237673048142085 ], [ 15.85708806535078, 54.241957035552325 ], [ 15.870197687284451, 54.249758987950862 ], [ 15.891402254012046, 54.250299664566633 ], [ 15.912607475433839, 54.250837201792763 ], [ 15.933813346235878, 54.251371618651596 ], [ 15.955019861214254, 54.251902933199624 ], [ 15.976227015278218, 54.252431162451124 ], [ 15.997434803452835, 54.252956322304811 ], [ 16.018643220881188, 54.253478427473937 ], [ 16.025960596572457, 54.257811719275779 ], [ 16.039024197718305, 54.265546293495554 ], [ 16.060239732140936, 54.266063106105136 ], [ 16.081455882651188, 54.266576905787836 ], [ 16.088783890206013, 54.270912236058628 ], [ 16.101861614426426, 54.278639025111886 ], [ 16.123084863310499, 54.279147614678969 ], [ 16.130406740494475, 54.283476502553683 ], [ 16.143508867258202, 54.291206303210643 ], [ 16.150818595636508, 54.29552651178345 ], [ 16.163944667973375, 54.303263772977708 ], [ 16.185181496139339, 54.303764978560167 ], [ 16.192469218672024, 54.308069441085124 ], [ 16.20563559794677, 54.315819014491304 ], [ 16.212901344880766, 54.320109018543235 ], [ 16.226101525400463, 54.32787178893728 ], [ 16.233341628182664, 54.332145165422681 ], [ 16.246579292661778, 54.339923264054804 ], [ 16.253790156746245, 54.344177880871285 ], [ 16.267068914611151, 54.351973390373523 ], [ 16.274247039194666, 54.356207164441138 ], [ 16.287570406783193, 54.364022107363304 ], [ 16.294712403349781, 54.368233016042836 ], [ 16.308083785294635, 54.376069344132418 ], [ 16.315186394762193, 54.380255435896046 ], [ 16.314407931670281, 54.391803131187643 ], [ 16.327857369745718, 54.399676418431916 ], [ 16.334894972639617, 54.40382226827645 ], [ 16.348399974780065, 54.411721239130131 ], [ 16.3553910535427, 54.415837975271153 ], [ 16.354620392788984, 54.427385932873385 ], [ 16.368213117015692, 54.435327332039776 ], [ 16.375130151197062, 54.439398360933005 ], [ 16.38878506847081, 54.447369178462139 ], [ 16.395649428741336, 54.451407361364481 ], [ 16.394887015859609, 54.462955586520302 ], [ 16.40863795426112, 54.470973471370932 ], [ 16.415420672952873, 54.474961312573271 ], [ 16.429239374884844, 54.483011710952113 ], [ 16.435964367713815, 54.486963613580549 ], [ 16.43521068641039, 54.498512111914501 ], [ 16.44913219265738, 54.506613306134263 ], [ 16.455769499213687, 54.510511142911653 ], [ 16.469763205493411, 54.518647267339325 ], [ 16.491115969351416, 54.519112002216183 ], [ 16.497657886161715, 54.522949974047236 ], [ 16.51176567019801, 54.531140223279728 ], [ 16.518243935175793, 54.534938581745109 ], [ 16.532427484281758, 54.543165641997433 ], [ 16.55379403260957, 54.543620420467875 ], [ 16.560172373743857, 54.547356071503756 ], [ 16.574474583131096, 54.555639605914536 ], [ 16.595848317130137, 54.556087378934734 ], [ 16.617222626765056, 54.556531438831314 ], [ 16.62346345467359, 54.560180421347695 ], [ 16.6379285449487, 54.56854064060375 ], [ 16.659310031916675, 54.568977464714422 ], [ 16.680692085081986, 54.569410494023529 ], [ 16.702074700624138, 54.569839707986894 ], [ 16.723457874645909, 54.570265086660271 ], [ 16.744841603174404, 54.570686610709394 ], [ 16.766225882162203, 54.57110426141741 ], [ 16.772185670676052, 54.574574779538771 ], [ 16.786983589717646, 54.58308825986748 ], [ 16.808375007347212, 54.583498263018093 ], [ 16.829766963907019, 54.583904328505653 ], [ 16.835591350366276, 54.587289112283678 ], [ 16.850550064869253, 54.595876947499178 ], [ 16.871949143769129, 54.596275204063524 ], [ 16.893348749172748, 54.596669467303904 ], [ 16.914748876474199, 54.59705972372096 ], [ 16.920408590458475, 54.600339676262713 ], [ 16.935563958367609, 54.609016684464478 ], [ 16.941161275621614, 54.612257485914277 ], [ 16.956391279335357, 54.620969574848942 ], [ 16.961927233701932, 54.624171836465941 ], [ 16.977230849612173, 54.632918347801784 ], [ 16.982706544652892, 54.636082723800556 ], [ 16.998082679124135, 54.644862960783939 ], [ 17.003499280506169, 54.647990143616632 ], [ 17.018946777510212, 54.656803375568394 ], [ 17.024305505792029, 54.659894091442105 ], [ 17.039823154143818, 54.668739558007282 ], [ 17.061263278435195, 54.669101605767807 ], [ 17.066537275757121, 54.672138236808109 ], [ 17.082158523952916, 54.681029412933491 ], [ 17.08737805923689, 54.684031608086393 ], [ 17.103066065773415, 54.692952913477598 ], [ 17.124519829825722, 54.693302567732943 ], [ 17.129660470971871, 54.696254147113365 ], [ 17.145446253028183, 54.705217585646338 ], [ 17.166907060043307, 54.705558919925949 ], [ 17.171972638572157, 54.708462157461092 ], [ 17.187852367407352, 54.717465403505663 ], [ 17.209320201619921, 54.717798385012394 ], [ 17.214314656893578, 54.720655616226814 ], [ 17.230284395255204, 54.729696292722998 ], [ 17.251759240497393, 54.730020894062093 ], [ 17.25668659454178, 54.732834499987725 ], [ 17.272742321953597, 54.741910193093908 ], [ 17.294224161719665, 54.742226391433746 ], [ 17.315706430677924, 54.742538389560977 ], [ 17.337189123294273, 54.742846184422163 ], [ 17.342016835498885, 54.745593389711146 ], [ 17.358204185436456, 54.754718401392097 ], [ 17.379693834066966, 54.755017759849437 ], [ 17.401183889905912, 54.755312905338933 ], [ 17.422674347372222, 54.755603835236521 ], [ 17.444165200877432, 54.755890546960281 ], [ 17.465656444826241, 54.756173037958611 ], [ 17.47037098659662, 54.758842107836358 ], [ 17.486716478334589, 54.768019613593978 ], [ 17.508214617115264, 54.768293630460334 ], [ 17.529713129688478, 54.768563418455891 ], [ 17.551212010430593, 54.768828975096049 ], [ 17.572711253713521, 54.769090297867841 ], [ 17.577351314881859, 54.771705600018819 ], [ 17.593809633118088, 54.780915391219864 ], [ 17.61531572038631, 54.781168212627257 ], [ 17.636822153433037, 54.78141679205865 ], [ 17.658328926610192, 54.781661126827586 ], [ 17.662921547470994, 54.784240230069095 ], [ 17.679459093303613, 54.793468953347002 ], [ 17.700972670407022, 54.793704764947201 ], [ 17.722486570808368, 54.793936323139405 ], [ 17.727048947352877, 54.796491127217429 ], [ 17.743642018358557, 54.80573113133913 ], [ 17.765162693633076, 54.805954149043657 ], [ 17.786683675323538, 54.806172903790504 ], [ 17.808204957751034, 54.806387392237959 ], [ 17.812746051035848, 54.808920826250741 ], [ 17.829392111595826, 54.818164870703782 ], [ 17.850920128478499, 54.818370792308656 ], [ 17.872448429152172, 54.818572436636245 ], [ 17.876979651872791, 54.821093045495623 ], [ 17.893660812303885, 54.830336846960321 ], [ 17.915195818116764, 54.830529902156457 ], [ 17.936731090719515, 54.830718667830389 ], [ 17.958266624396011, 54.83090313969879 ], [ 17.979802413424348, 54.831083313339704 ], [ 18.001338452076503, 54.831259184192781 ], [ 18.022874734617925, 54.831430747560063 ], [ 18.044411255307143, 54.831597998607556 ], [ 18.065948008395363, 54.83176093236731 ], [ 18.08748498812604, 54.831919543740327 ], [ 18.10902218873446, 54.832073827500238 ], [ 18.13055960444731, 54.832223778297774 ], [ 18.152097229482223, 54.83236939066601 ], [ 18.17363505804737, 54.832510659026688 ], [ 18.195173084341, 54.832647577697252 ], [ 18.216711302551019, 54.832780140899111 ], [ 18.238249706854564, 54.8329083427668 ], [ 18.259788291417586, 54.833032177358248 ], [ 18.281327050394435, 54.833151638666308 ], [ 18.302865977927489, 54.833266720631464 ], [ 18.324405068146763, 54.833377417155731 ], [ 18.345944315169593, 54.833483722117904 ], [ 18.362776029842735, 54.824615177807125 ], [ 18.36766448562781, 54.822019191646511 ], [ 18.384450494222083, 54.813166684707099 ], [ 18.38937236503191, 54.810550221939927 ], [ 18.406111772811986, 54.801714266402669 ], [ 18.411067960466532, 54.799076812360369 ], [ 18.427759863874318, 54.790257928226126 ], [ 18.427909752381233, 54.778698273915694 ], [ 18.42805936995018, 54.767138596397103 ], [ 18.411661852658135, 54.758175768147311 ], [ 18.406734637938193, 54.755475765808896 ], [ 18.406889653020556, 54.743916082440002 ], [ 18.407044382177546, 54.732356375749958 ], [ 18.412074803220079, 54.729675019259638 ], [ 18.428655077577272, 54.720899653926644 ], [ 18.433720641915635, 54.71819676696672 ], [ 18.450252643859439, 54.709439027567612 ], [ 18.45535426306018, 54.706714087344643 ], [ 18.471837080047873, 54.697974501993293 ], [ 18.471972896250129, 54.686414585643796 ], [ 18.472108433033998, 54.674854646086331 ], [ 18.472243687344832, 54.663294683304414 ], [ 18.472378656059718, 54.651734697281384 ], [ 18.472513335985976, 54.640174688000208 ], [ 18.477718260598259, 54.63738793809037 ], [ 18.499154364824989, 54.63746421443993 ], [ 18.515458718163874, 54.628793506651803 ], [ 18.515581063360006, 54.617233381825294 ], [ 18.515703124199547, 54.605673233820283 ], [ 18.520998405074355, 54.602831532377024 ], [ 18.537211216842561, 54.59419671033266 ], [ 18.537326844871988, 54.582636483925647 ], [ 18.542675755041234, 54.579762306128586 ], [ 18.558815730909284, 54.571156038838055 ], [ 18.558924939752607, 54.559595735748289 ], [ 18.559033860957946, 54.548035409524871 ], [ 18.559142490743422, 54.536475060150963 ], [ 18.559250825238891, 54.524914687609431 ], [ 18.559358860483908, 54.513354291882798 ], [ 18.559466592425569, 54.501793872953272 ], [ 18.564944042400999, 54.498842925641647 ], [ 18.5809057383264, 54.490309256206871 ], [ 18.565126406235525, 54.481663465309431 ], [ 18.559681129712125, 54.478672965412756 ], [ 18.559787926469351, 54.467112476764463 ], [ 18.559894402743311, 54.455551964838676 ], [ 18.565434866061032, 54.452563897539065 ], [ 18.581309161256161, 54.444067142018689 ], [ 18.586891020026883, 54.441053715914855 ], [ 18.602710954093123, 54.432578479730999 ], [ 18.602804935723846, 54.421017843351137 ], [ 18.608445457769449, 54.417968881140283 ], [ 18.629767266476271, 54.418020184711771 ], [ 18.645475646168133, 54.409589657884155 ], [ 18.651187372715011, 54.406496836840994 ], [ 18.672503321049831, 54.40653937148118 ], [ 18.688118430425025, 54.398146337827967 ], [ 18.693905488742171, 54.39500730286732 ], [ 18.709461451008675, 54.386638599205199 ], [ 18.715295659531755, 54.383470848549294 ], [ 18.730791506350563, 54.375127051226251 ], [ 18.736673840286521, 54.37193001014473 ], [ 18.757972019706287, 54.371955093477347 ], [ 18.779270238242095, 54.371975725127584 ], [ 18.800568489935578, 54.371991903140255 ], [ 18.815878564461219, 54.363725803215189 ], [ 18.821916828810032, 54.360433672163602 ], [ 18.843209143086725, 54.360441056416533 ], [ 18.858409024250395, 54.352222178338742 ], [ 18.8645395346926, 54.348874112355219 ], [ 18.885825892300655, 54.348872703830395 ], [ 18.907112253461136, 54.348866839556557 ], [ 18.928398612204038, 54.348856520581649 ], [ 18.934735415168014, 54.352287579834822 ], [ 18.949670825566258, 54.360411139295493 ], [ 18.964626079116204, 54.352300040604838 ], [ 18.970971298565594, 54.348822525975386 ], [ 18.992257614257859, 54.348798855809697 ], [ 19.01354390368337, 54.34877074195014 ], [ 19.034830160896647, 54.348738189041292 ], [ 19.056116379962965, 54.348701202558374 ], [ 19.077402554960592, 54.348659788841786 ], [ 19.098688679983066, 54.348613955130119 ], [ 19.119974749141665, 54.348563709591389 ], [ 19.141260756567853, 54.348509061351393 ], [ 19.162546696415905, 54.348450020519756 ], [ 19.183832562865526, 54.348386598212393 ], [ 19.19085589893206, 54.352154335052511 ], [ 19.205175974264957, 54.359886794095203 ], [ 19.226467655681525, 54.359814537591767 ], [ 19.247759246268043, 54.359737941301539 ], [ 19.269050740335132, 54.359657020723922 ], [ 19.290342132233025, 54.359571792418883 ], [ 19.297691575780942, 54.363499165735561 ], [ 19.311720995711351, 54.371049625195795 ], [ 19.333018149064806, 54.370955741130537 ], [ 19.354315183429453, 54.370857608491562 ], [ 19.375612093344404, 54.37075524816931 ], [ 19.383239602554426, 54.374818944251345 ], [ 19.397020460278018, 54.382215569603275 ], [ 19.418323091386085, 54.382104741935017 ], [ 19.426090633953486, 54.386236369308392 ], [ 19.439749227696272, 54.393556392259562 ], [ 19.461057562578656, 54.393437209784025 ], [ 19.468968498926852, 54.397638502540502 ], [ 19.482501467630897, 54.404880330747197 ], [ 19.50381548942493, 54.404752914168071 ], [ 19.511872651335928, 54.409025323860405 ], [ 19.525277163244503, 54.416187655653999 ], [ 19.546596855665072, 54.416052132143207 ], [ 19.554802521648941, 54.420396814049575 ], [ 19.568076298949407, 54.427478649871823 ], [ 19.576352813265526, 54.431856962281557 ], [ 19.589567687479274, 54.43890105547753 ], [ 19.597915477075567, 54.443313211491734 ], [ 19.611071029130532, 54.450319396787229 ], [ 19.619490424835469, 54.454765557149969 ], [ 19.632586331877572, 54.461733721054266 ], [ 19.645465228185607, 54.45462961421655 ], [ 19.653744834460454, 54.450012809093408 ], [ 19.675081446776865, 54.449853758597925 ], [ 19.696417859442068, 54.449690906832387 ], [ 19.717754067950565, 54.449524280445146 ], [ 19.739090067839047, 54.449353905344246 ], [ 19.760425854681984, 54.449179806563563 ], [ 19.781761424086838, 54.449002008131217 ], [ 19.80309677168896, 54.448820532941227 ], [ 19.815322680686521, 54.442041799757021 ], [ 19.824199618212205, 54.437069649167121 ], [ 19.845528498730264, 54.436880865060495 ], [ 19.866857144490801, 54.436688461581511 ], [ 19.888185551187185, 54.436492456219689 ], [ 19.909513714512357, 54.436292864800542 ], [ 19.930841630152525, 54.436089701396938 ], [ 19.952169293780756, 54.435882978250142 ], [ 19.963832126525741, 54.42938702080523 ], [ 19.973222546294245, 54.424106681327686 ], [ 19.994543686864095, 54.423892831912383 ], [ 20.015864562371668, 54.423675447074721 ], [ 20.037185168386554, 54.423454531607703 ], [ 20.058505500435576, 54.42323008825381 ], [ 20.079825553997086, 54.423002117690849 ], [ 20.10114532449554, 54.42277061852932 ], [ 20.122464807296364, 54.422535587321356 ], [ 20.133508935165644, 54.416352476150514 ], [ 20.143462023828043, 54.410730614391426 ], [ 20.164774916227234, 54.410488469096187 ], [ 20.186087506821593, 54.410242772217494 ], [ 20.207399790717631, 54.409993512869057 ], [ 20.228711762943714, 54.409740678302171 ], [ 20.25002341844726, 54.409484253971634 ], [ 20.271334752092351, 54.409224223609392 ], [ 20.292645758657812, 54.408960569305236 ], [ 20.303095571415312, 54.40307998173845 ], [ 20.313586717397897, 54.397126600343853 ], [ 20.334891059225136, 54.396855639446756 ], [ 20.356195058163284, 54.396580998354381 ], [ 20.377498708665904, 54.396302653906375 ], [ 20.39880200509857, 54.396020581761654 ], [ 20.4201049417394, 54.39573475650328 ], [ 20.430113309430972, 54.390080418388301 ], [ 20.441002118585619, 54.383878444249788 ], [ 20.462298330245279, 54.383585073766092 ], [ 20.483594164964316, 54.38328787702379 ], [ 20.504889616711178, 54.382986825668496 ], [ 20.526184679375014, 54.382681890785406 ], [ 20.547479346768167, 54.382373043004428 ], [ 20.568773612628949, 54.382060252603857 ], [ 20.590067470624689, 54.381743489611935 ], [ 20.599489627399464, 54.376392855815645 ], [ 20.610907947481497, 54.369856413431485 ], [ 20.632194991539823, 54.369531726228224 ], [ 20.653481609079186, 54.369202986318768 ], [ 20.674767793543253, 54.36887016385532 ], [ 20.696053538322527, 54.368533229192352 ], [ 20.717338836758408, 54.368192152971602 ], [ 20.738623682147423, 54.367846906203795 ], [ 20.759908067745528, 54.367497460347188 ], [ 20.781191986772516, 54.367143787382652 ], [ 20.80247543241655, 54.366785859885582 ], [ 20.811129633304027, 54.361839918984877 ], [ 20.823246030746464, 54.354858703189095 ], [ 20.844522542540705, 54.354492402600712 ], [ 20.865798561354193, 54.354121780858613 ], [ 20.887074080319262, 54.35374681363453 ], [ 20.908349092560158, 54.353367477503703 ], [ 20.929623591197966, 54.352983750000398 ], [ 20.950897569355629, 54.352595609670871 ], [ 20.972171020162968, 54.352203036123939 ], [ 20.993443936761786, 54.351806010079265 ], [ 21.014716312311013, 54.351404513413684 ], [ 21.035988139991883, 54.350998529205334 ], [ 21.057259413013139, 54.350588041776007 ], [ 21.078530124616336, 54.350173036731626 ], [ 21.099800268081101, 54.349753501001103 ], [ 21.107231537781214, 54.345468857430099 ], [ 21.120474442856136, 54.337768256993783 ], [ 21.141737483299458, 54.337340002399287 ], [ 21.162999937047381, 54.336907198459869 ], [ 21.18426179761186, 54.336469837827387 ], [ 21.205523058570314, 54.33602791465254 ], [ 21.226783713571109, 54.335581424614716 ], [ 21.233607926096035, 54.331631312877946 ], [ 21.247413131713206, 54.323571326312909 ], [ 21.26866662147086, 54.323116143569749 ], [ 21.283646211284474, 54.330694275526959 ], [ 21.290561980490484, 54.33421453362476 ], [ 21.311820149754915, 54.333749764449188 ], [ 21.333077682559146, 54.333280430660267 ], [ 21.354334573091737, 54.332806537637758 ], [ 21.375590815650039, 54.332328092448471 ], [ 21.381662428373836, 54.328798527072976 ], [ 21.396174270235846, 54.320289475000969 ], [ 21.417423276676661, 54.319802494452226 ], [ 21.438671620450044, 54.319311007135717 ], [ 21.459919296374263, 54.318815027169194 ], [ 21.481166299401952, 54.318314570412468 ], [ 21.502412624624657, 54.317809654467844 ], [ 21.523658267277117, 54.317300298677289 ], [ 21.544903222741357, 54.316786524115919 ], [ 21.56614748655053, 54.316268353582146 ], [ 21.582887208133595, 54.324656513479425 ], [ 21.588116435873207, 54.327296053203547 ], [ 21.609365210389843, 54.326768492091787 ], [ 21.630613278735691, 54.326236597663893 ], [ 21.651860637038315, 54.325700399173499 ], [ 21.673107281590244, 54.325159927480989 ], [ 21.694353208850863, 54.3246152150193 ], [ 21.715598415447879, 54.324066295755102 ], [ 21.736842898178409, 54.323513205145439 ], [ 21.758086654009606, 54.322955980090057 ], [ 21.779329680078821, 54.322394658878821 ], [ 21.797493307986255, 54.331433730055352 ], [ 21.801356855130759, 54.333371667750178 ], [ 21.82260430187792, 54.332801428409248 ], [ 21.84385100877763, 54.332227196915511 ], [ 21.865096973591129, 54.331649016217803 ], [ 21.886342194243134, 54.331066930328937 ], [ 21.907586668819111, 54.330480984248489 ], [ 21.92883039556202, 54.329891223881695 ], [ 21.950073372868587, 54.329297695954637 ], [ 21.971315599285038, 54.328700447926074 ], [ 21.992557073502326, 54.328099527896207 ], [ 22.013797794350911, 54.327494984512533 ], [ 22.035037760795014, 54.326886866873203 ], [ 22.056276971926422, 54.326275224428123 ], [ 22.076400161948214, 54.336205908652353 ], [ 22.078377224902034, 54.337189597515774 ], [ 22.099620778664466, 54.336569946121557 ], [ 22.120863571943406, 54.335946897637378 ], [ 22.142105604226828, 54.33532050175468 ], [ 22.163346875094618, 54.334690808024448 ], [ 22.184587384210257, 54.334057865754644 ], [ 22.205827131312265, 54.333421723908295 ], [ 22.227066116205343, 54.332782431002343 ], [ 22.248304338751382, 54.332140035008152 ], [ 22.269541798860242, 54.331494583253487 ], [ 22.29077849648047, 54.330846122326832 ], [ 22.312014431589848, 54.330194697984247 ], [ 22.3339220212277, 54.340926294005961 ], [ 22.334182080079891, 54.34105472018576 ], [ 22.355422309209693, 54.340396127782725 ], [ 22.376037130264823, 54.339754199446851 ], [ 22.376597011280303, 54.338945306154159 ], [ 22.384525166574853, 54.327948686448963 ], [ 22.393203062064707, 54.316137147795651 ], [ 22.395728106398369, 54.312736018660701 ], [ 22.402255816488172, 54.304314316478454 ], [ 22.411589474010935, 54.292482763823081 ], [ 22.414977714581504, 54.288241810849044 ], [ 22.421336114616569, 54.280638669515561 ], [ 22.431434072229091, 54.268783684858363 ], [ 22.434343663133038, 54.265411650122736 ], [ 22.442042051036132, 54.256913180718406 ], [ 22.453041418625208, 54.245030417871853 ], [ 22.453823712001334, 54.244194313210187 ], [ 22.464731469617778, 54.233126670512682 ], [ 22.473413610034505, 54.224515294323091 ], [ 22.476936177240873, 54.221206813034101 ], [ 22.489877191329096, 54.209264254830913 ], [ 22.493111533345601, 54.206329965818597 ], [ 22.503672894762357, 54.197295301583445 ], [ 22.512913183711049, 54.189565133634133 ], [ 22.518339074960622, 54.185299185981044 ], [ 22.53281567048095, 54.174165285064397 ], [ 22.534058613916894, 54.173270205080954 ], [ 22.551147995046051, 54.161198587626352 ], [ 22.552813483475244, 54.16004522418902 ], [ 22.56983678177545, 54.149076916117181 ], [ 22.572902991113658, 54.147143047532538 ], [ 22.590457252690385, 54.136894500309737 ], [ 22.593080298824869, 54.135394874689375 ], [ 22.613341072718402, 54.124732908728518 ], [ 22.613544781810297, 54.124634227309919 ], [ 22.633679640303985, 54.115075303091658 ], [ 22.640192565485627, 54.112261537437931 ], [ 22.65409310839501, 54.106373339209391 ], [ 22.671452590556594, 54.099741875199655 ], [ 22.674577833413423, 54.098570706984262 ], [ 22.695127616381576, 54.09158344245693 ], [ 22.710353864778, 54.08697807501246 ], [ 22.715740631529936, 54.085378138077779 ], [ 22.736411129415838, 54.079878375924018 ], [ 22.757137463873359, 54.075054660077299 ], [ 22.763454742486456, 54.073757316151735 ], [ 22.777914175751508, 54.070836109479323 ], [ 22.798738859619181, 54.06718670285214 ], [ 22.819608720981126, 54.064066900783565 ], [ 22.840520571595928, 54.061433699144629 ], [ 22.861471476228612, 54.059247694753871 ], [ 22.864668641235578, 54.058974086630805 ], [ 22.882458272704362, 54.057467860121903 ], [ 22.90347905886394, 54.056067432553931 ], [ 22.924531563912659, 54.055016288281557 ], [ 22.945613603839252, 54.054285835972621 ], [ 22.966723153598284, 54.053849737892854 ], [ 22.987858332988594, 54.053683707605991 ], [ 23.009017394092908, 54.053765329458741 ], [ 23.018831710135611, 54.053914216931339 ], [ 23.030198532002331, 54.054072060204206 ], [ 23.051400218025336, 54.054584654412281 ], [ 23.072621221794353, 54.055287306278522 ], [ 23.093860237677671, 54.056163768484275 ], [ 23.115116044785257, 54.057198981567076 ], [ 23.136387500605753, 54.058378980706046 ], [ 23.157673535231226, 54.059690811014761 ], [ 23.168042919289203, 54.060398592703272 ], [ 23.178972971133863, 54.061120710467947 ], [ 23.200284915100291, 54.062658009167301 ], [ 23.221608678379116, 54.064294265134372 ], [ 23.24294343744565, 54.066019886319367 ], [ 23.264288418522991, 54.067825958063814 ], [ 23.270400250904252, 54.068373417598401 ], [ 23.285642822359129, 54.069703497391522 ], [ 23.307006077621825, 54.071645898946194 ], [ 23.328377584008109, 54.073646410714332 ], [ 23.349756737149217, 54.075698375797785 ], [ 23.360075739294498, 54.076722617202456 ], [ 23.371143054764449, 54.07779642877211 ], [ 23.392536064215513, 54.079935401002857 ], [ 23.413935198996839, 54.082109342409936 ], [ 23.435339982736544, 54.084313263044855 ], [ 23.443940346408151, 54.085220510346964 ], [ 23.456750238659634, 54.086545060579361 ], [ 23.478165528558737, 54.08880025033487 ], [ 23.499585283431237, 54.091073228134412 ], [ 23.498838534443848, 54.083176286581349 ], [ 23.518578225728152, 54.071033630515402 ], [ 23.518871709828964, 54.070851255923557 ], [ 23.517774669628928, 54.059319765658302 ], [ 23.516676249786602, 54.04778831968374 ], [ 23.515576446504646, 54.036256918100264 ], [ 23.514475256624308, 54.024725560984052 ], [ 23.51349564992465, 54.024254160261499 ], [ 23.492268991566267, 54.013986269277495 ], [ 23.491169316768989, 54.002454750128038 ], [ 23.489938760647441, 54.001861846757031 ], [ 23.468973283101821, 53.991711056314386 ], [ 23.467875195108522, 53.980179371788161 ], [ 23.486375494641855, 53.968785554283919 ], [ 23.487862096864585, 53.967860451571013 ], [ 23.506168342745575, 53.956578801136416 ], [ 23.507838897107192, 53.955538353516388 ], [ 23.506727961856704, 53.944007307938527 ], [ 23.505615635217676, 53.932476306661989 ], [ 23.504501918833842, 53.92094534958126 ], [ 23.503386814776565, 53.909414436574643 ], [ 23.502270325523732, 53.89788356750509 ], [ 23.519747556684965, 53.887094781954787 ], [ 23.522207242621075, 53.88555984387925 ], [ 23.521083404645058, 53.874029329641544 ], [ 23.519958171794485, 53.862498859956261 ], [ 23.537007305787402, 53.851962686240668 ], [ 23.539872117743212, 53.850172637651127 ], [ 23.538739437379771, 53.838642529346942 ], [ 23.537605359827012, 53.827112465931656 ], [ 23.536469891201712, 53.815582447128037 ], [ 23.535333037849767, 53.804052472650241 ], [ 23.534194806326369, 53.792522542204466 ], [ 23.533055203376531, 53.780992655489726 ], [ 23.531914235915966, 53.769462812198597 ], [ 23.548020507994426, 53.759486693588698 ], [ 23.551773994778802, 53.757135741535421 ], [ 23.567698854930608, 53.747264874902235 ], [ 23.571622024739813, 53.74480559884671 ], [ 23.570467328753949, 53.733276452969541 ], [ 23.586114512006869, 53.723568323420253 ], [ 23.590297235165846, 53.7209435812591 ], [ 23.589134938150519, 53.709414811740025 ], [ 23.587971293081367, 53.697886085861846 ], [ 23.586806309354078, 53.686357403217229 ], [ 23.585639996365369, 53.674828763398928 ], [ 23.60074798067971, 53.665439019299285 ], [ 23.60543274717902, 53.662494189308447 ], [ 23.604258846431048, 53.650965928745123 ], [ 23.603083638816535, 53.639437710371915 ], [ 23.601907134128513, 53.627909533764601 ], [ 23.616598018935559, 53.618765135574684 ], [ 23.621668724293468, 53.615572954139346 ], [ 23.620484656915966, 53.604045158924116 ], [ 23.619299318089656, 53.592517404702868 ], [ 23.633672670888735, 53.583559089611946 ], [ 23.639035857172473, 53.580178503269508 ], [ 23.63784297969163, 53.568651132327858 ], [ 23.636648858553926, 53.557123801514216 ], [ 23.650719566958408, 53.548342581874628 ], [ 23.656360228550827, 53.544782597352345 ], [ 23.655158603148578, 53.533255651282161 ], [ 23.653955763432009, 53.521728744403191 ], [ 23.667738780784752, 53.513115576617167 ], [ 23.673641883200016, 53.509385255207647 ], [ 23.672431582393145, 53.497858734167067 ], [ 23.67122009758862, 53.486332251332044 ], [ 23.684730389016792, 53.477878067850511 ], [ 23.690880919384909, 53.473986493515334 ], [ 23.689662023948948, 53.46246039729818 ], [ 23.688441975273975, 53.450934338272631 ], [ 23.701694470904147, 53.442630075291191 ], [ 23.708077481342226, 53.438586327069643 ], [ 23.706850078365445, 53.427060655177279 ], [ 23.719906814937627, 53.418870022479609 ], [ 23.726466470642162, 53.414710052839929 ], [ 23.72523175211813, 53.403184769026375 ], [ 23.723995933199642, 53.391659520735416 ], [ 23.7368193388773, 53.383603962440858 ], [ 23.743587016922678, 53.379306691219178 ], [ 23.742343946830491, 53.367781831140334 ], [ 23.754987514212818, 53.359830305560912 ], [ 23.761915907488149, 53.355426432572322 ], [ 23.760665631100789, 53.34390196135795 ], [ 23.759414306405155, 53.332377523990516 ], [ 23.771848743469665, 53.324546332612655 ], [ 23.77896103584856, 53.320019921555271 ], [ 23.777702573802944, 53.308495872933989 ], [ 23.776443091821349, 53.296971857190776 ], [ 23.788682829343674, 53.289252155631878 ], [ 23.795964671305732, 53.284612061992547 ], [ 23.794698121693461, 53.273088434806148 ], [ 23.806783157297446, 53.265457513508764 ], [ 23.814200671169779, 53.260726100336846 ], [ 23.812927103399076, 53.249202862089632 ], [ 23.824863605189176, 53.241656987514446 ], [ 23.832410654078569, 53.236837996750886 ], [ 23.844226136655461, 53.229362200713275 ], [ 23.851881222563303, 53.224470249502417 ], [ 23.850594708060751, 53.21294775966917 ], [ 23.862270846804059, 53.205551484436775 ], [ 23.870046326993975, 53.200577496678932 ], [ 23.868752927477217, 53.189055397212321 ], [ 23.880295779375402, 53.181734958928871 ], [ 23.900930544450375, 53.180941545456832 ], [ 23.908910649047055, 53.175828368560602 ], [ 23.907605409249832, 53.164306992481784 ], [ 23.906299280640113, 53.15278564544645 ], [ 23.90499226613035, 53.141264327285995 ], [ 23.903684368264781, 53.129743037847049 ], [ 23.894584655934565, 53.125312158720725 ], [ 23.881675498107423, 53.119074372593069 ], [ 23.880370785160697, 53.107552808478744 ], [ 23.879065181746977, 53.096031272948622 ], [ 23.877758688965169, 53.084509765909203 ], [ 23.876451307617447, 53.072988287279173 ], [ 23.887814145254175, 53.06575551061745 ], [ 23.895818529349665, 53.060615897581499 ], [ 23.894504490608128, 53.049094806079793 ], [ 23.905768793778687, 53.041916200410313 ], [ 23.91385318308846, 53.036719928639336 ], [ 23.912532531945462, 53.025199224649178 ], [ 23.923703891955689, 53.018071341894675 ], [ 23.931862756588941, 53.01282186629048 ], [ 23.930535537390039, 53.001301550200225 ], [ 23.929207467652709, 52.989781261452571 ], [ 23.927878546362621, 52.978261000040739 ], [ 23.938982635855744, 52.971163087248819 ], [ 23.947179031260511, 52.965881889079121 ], [ 23.945843607623924, 52.954362015403923 ], [ 23.936545099439282, 52.949819785766692 ], [ 23.923886660896994, 52.943700379839328 ], [ 23.922554320611777, 52.932180227810512 ], [ 23.921221121989436, 52.92066010315326 ], [ 23.919887063556917, 52.909140005879259 ], [ 23.918552143888331, 52.897619935998158 ], [ 23.91721636164668, 52.886099893515805 ], [ 23.915879715628172, 52.874579878432471 ], [ 23.914542204809258, 52.863059890740836 ], [ 23.913203828396544, 52.851539930423947 ], [ 23.924536256456772, 52.844270952167498 ], [ 23.932442797481649, 52.839164770256893 ], [ 23.931098029423854, 52.827645195045832 ], [ 23.929752406124713, 52.816125646908219 ], [ 23.928405927878398, 52.804606125781639 ], [ 23.939759116751585, 52.797310557345973 ], [ 23.94761597827328, 52.792229223898346 ], [ 23.946263173138341, 52.780710087678983 ], [ 23.944909526619401, 52.76919097803092 ], [ 23.943555040880028, 52.757671894813434 ], [ 23.942199718828249, 52.746152837854645 ], [ 23.940843564197127, 52.734633806948281 ], [ 23.939486581628884, 52.723114801850166 ], [ 23.938128776762763, 52.711595822274525 ], [ 23.929573559459516, 52.707390392559248 ], [ 23.916249499801747, 52.700931628339369 ], [ 23.907885362757185, 52.696816489012868 ], [ 23.894376286678394, 52.69026330680876 ], [ 23.886207870081581, 52.686240908040268 ], [ 23.872509158188723, 52.679590858718051 ], [ 23.864541071431251, 52.675663641628049 ], [ 23.850648147287984, 52.66891428462084 ], [ 23.842884956071924, 52.665084674871352 ], [ 23.828793299902166, 52.658233584566929 ], [ 23.821239512503492, 52.654503985506736 ], [ 23.806944675711708, 52.647548758082181 ], [ 23.799604728430126, 52.643921543459875 ], [ 23.78510234889508, 52.636859804150838 ], [ 23.783770324322116, 52.625338707281095 ], [ 23.776727190827526, 52.621853981565138 ], [ 23.761938314977261, 52.614645315555066 ], [ 23.755119960971225, 52.6112688327905 ], [ 23.734764197770321, 52.612163274503729 ], [ 23.714407447898136, 52.613054811122709 ], [ 23.69404971293589, 52.613943426214625 ], [ 23.673690994371945, 52.614829102188402 ], [ 23.653331293601223, 52.615711820263847 ], [ 23.637599806612371, 52.608014615986392 ], [ 23.631756375173339, 52.605110269162907 ], [ 23.611400037757978, 52.605987035628317 ], [ 23.595289774704643, 52.598092832305475 ], [ 23.589840027233972, 52.595380261616548 ], [ 23.569487050926995, 52.596250944817179 ], [ 23.552991511313962, 52.588155715408021 ], [ 23.547941919762216, 52.585638706567408 ], [ 23.531207911183252, 52.577418936162914 ], [ 23.526407307659962, 52.575023937937594 ], [ 23.509432230683661, 52.566677992221607 ], [ 23.504883193718761, 52.564406509398161 ], [ 23.48454222805254, 52.565264482118856 ], [ 23.467169657248608, 52.556709493496349 ], [ 23.465905641367815, 52.545183583662386 ], [ 23.461866373613503, 52.543163109933367 ], [ 23.444155275078501, 52.534430104853826 ], [ 23.44037362275737, 52.532536836822423 ], [ 23.422413911320394, 52.523672433074303 ], [ 23.418891280841208, 52.521907300631774 ], [ 23.400681852303819, 52.512910560582192 ], [ 23.397419324562751, 52.511274332307849 ], [ 23.378959410009664, 52.502144479493651 ], [ 23.37771669465879, 52.490617173571579 ], [ 23.374816373231514, 52.48916086934728 ], [ 23.356009942649596, 52.479846517264264 ], [ 23.354773577490104, 52.46831881792653 ], [ 23.352236622265281, 52.467043452997146 ], [ 23.333083317868489, 52.457543563809239 ], [ 23.331853823683549, 52.446015453326396 ], [ 23.329679955781192, 52.444921320880319 ], [ 23.310180879480999, 52.43523557874169 ], [ 23.308958796194382, 52.423707038991211 ], [ 23.307737863369685, 52.412178444229994 ], [ 23.306025956467543, 52.41131552985 ], [ 23.286089877607179, 52.401393534459984 ], [ 23.284635411521993, 52.400659749747298 ], [ 23.264454051631294, 52.39060435317316 ], [ 23.263248447811009, 52.379074900413947 ], [ 23.262147304389607, 52.378518711691846 ], [ 23.241632398279712, 52.368281035281925 ], [ 23.240435860465475, 52.356751099518036 ], [ 23.239681825546747, 52.356369785865517 ], [ 23.218840356894102, 52.34595253265573 ], [ 23.217653419048926, 52.334422097250794 ], [ 23.217238868998759, 52.334212213000207 ], [ 23.196079181404507, 52.323618813206146 ], [ 23.194902353357794, 52.312087862691428 ], [ 23.194818334415942, 52.312045274279974 ], [ 23.183398834805669, 52.312496530033599 ], [ 23.175385536811351, 52.321346873650867 ], [ 23.172546058555834, 52.324453777840382 ], [ 23.161483169994632, 52.336417342533451 ], [ 23.156943648438077, 52.341284627341132 ], [ 23.150255505440718, 52.348385567449874 ], [ 23.138923240232486, 52.360356292551636 ], [ 23.138450861971766, 52.360849985776234 ], [ 23.127348344566403, 52.372334314927613 ], [ 23.119904774364887, 52.380013234077218 ], [ 23.115690551026059, 52.384313989408192 ], [ 23.103893922585282, 52.396297235686184 ], [ 23.101317517543137, 52.398900656763772 ], [ 23.091924455307506, 52.408285189413611 ], [ 23.082689133854974, 52.417509780268169 ], [ 23.079888594591054, 52.420274117241497 ], [ 23.067699233868755, 52.432266999417152 ], [ 23.064023391163126, 52.435878493003123 ], [ 23.055382904859115, 52.444262875472788 ], [ 23.045323834647593, 52.45404283195829 ], [ 23.043014520241272, 52.45625913964318 ], [ 23.030496525519801, 52.468259104342003 ], [ 23.026591098714221, 52.472007549531263 ], [ 23.017874123682283, 52.480261182824208 ], [ 23.007828806009556, 52.489810277391683 ], [ 23.005211631458852, 52.492263160052595 ], [ 22.99242104217177, 52.504267996771311 ], [ 22.989037313963092, 52.507453235938648 ], [ 22.979525794769664, 52.516274860698893 ], [ 22.970218649065739, 52.52495715141135 ], [ 22.966599789712021, 52.528281236193841 ], [ 22.953584141841819, 52.540289082790039 ], [ 22.95137419591487, 52.542335944183499 ], [ 22.940440945168394, 52.552299633640821 ], [ 22.932503860366463, 52.559587245719186 ], [ 22.927273347699234, 52.564309418531955 ], [ 22.914071257599662, 52.576318763406789 ], [ 22.913610333635521, 52.576739870720473 ], [ 22.900695694730071, 52.588332241045848 ], [ 22.894691636150903, 52.593770518406139 ], [ 22.887298644262284, 52.600344795389809 ], [ 22.875750716587778, 52.610711215253453 ], [ 22.873882662207599, 52.612356335511265 ], [ 22.860336392437659, 52.624370488914238 ], [ 22.856786385741753, 52.627547535132805 ], [ 22.846710755015138, 52.636385554054506 ], [ 22.837799414734313, 52.644287156774979 ], [ 22.833063528779416, 52.64839963127244 ], [ 22.819375776333189, 52.660413324386411 ], [ 22.818790035805499, 52.660931712388482 ], [ 22.805509077424002, 52.672431069816518 ], [ 22.799757481818542, 52.677471355869685 ], [ 22.7916126698745, 52.684448022760087 ], [ 22.780702135035035, 52.69390934538265 ], [ 22.777685124437404, 52.696464218396414 ], [ 22.763651144512078, 52.708482039191786 ], [ 22.761623418337134, 52.710237850974401 ], [ 22.749469817909432, 52.720502741806492 ], [ 22.742520891657037, 52.726450492473155 ], [ 22.735239332072023, 52.732523175303022 ], [ 22.723393750567229, 52.742536496410018 ], [ 22.720954325781953, 52.744543490212308 ], [ 22.706519043749083, 52.756566662599504 ], [ 22.704241454524233, 52.758487988836507 ], [ 22.691916701669804, 52.768593159170585 ], [ 22.685063168030322, 52.774293452327306 ], [ 22.677226695706914, 52.780620452765589 ], [ 22.665857369214997, 52.789932989011788 ], [ 22.662437083173241, 52.792648879275049 ], [ 22.647496239505646, 52.804679989384361 ], [ 22.646623049485662, 52.805392440725278 ], [ 22.63228153695804, 52.816717482126386 ], [ 22.627359649931222, 52.820662759250325 ], [ 22.616909322810447, 52.828757699867232 ], [ 22.608064729319086, 52.835712022285271 ], [ 22.601355891495682, 52.840801299994723 ], [ 22.588736685974382, 52.850517838309173 ], [ 22.585593071689591, 52.852849061373149 ], [ 22.569577233459572, 52.864902211711616 ], [ 22.569373919251973, 52.865057368767069 ], [ 22.553136185946681, 52.876965804036871 ], [ 22.549975773403833, 52.879318855145108 ], [ 22.536366073611688, 52.889036791231639 ], [ 22.530539133817747, 52.893260054955817 ], [ 22.51921114717446, 52.901116684067638 ], [ 22.511062058609362, 52.906852329650029 ], [ 22.501603779831679, 52.913207307329635 ], [ 22.491542561767286, 52.920065871935151 ], [ 22.483461280499291, 52.925310882127825 ], [ 22.47197862893643, 52.932869864330691 ], [ 22.464681618683951, 52.937430135740058 ], [ 22.452368235300384, 52.945232668140584 ], [ 22.445137601680358, 52.949568450333558 ], [ 22.432709365503442, 52.957122043302434 ], [ 22.424668809083148, 52.961730067594303 ], [ 22.413000035486991, 52.968505398807714 ], [ 22.403070208472872, 52.973920375377347 ], [ 22.393238316046173, 52.979350072546502 ], [ 22.380075742511387, 52.986146317417145 ], [ 22.373422357832233, 52.989623638405796 ], [ 22.35533409105517, 52.998416992384442 ], [ 22.353550417449615, 52.999294237425076 ], [ 22.333622704378215, 53.008354526169136 ], [ 22.327869624348647, 53.010758623431656 ], [ 22.313637187068935, 53.016767684062728 ], [ 22.296957140695625, 53.023189416833489 ], [ 22.293591961594217, 53.024497619211182 ], [ 22.273489019158951, 53.031558676335763 ], [ 22.260059434169541, 53.035776274270631 ], [ 22.253326057328465, 53.037908457621711 ], [ 22.233104979325592, 53.043559589178763 ], [ 22.21282419914251, 53.048478026093036 ], [ 22.211970836383944, 53.048654345449869 ], [ 22.192487679279356, 53.052703770866913 ], [ 22.172094087895331, 53.0562057095634 ], [ 22.151645167059332, 53.058993913933236 ], [ 22.131142861819459, 53.061081409471527 ], [ 22.110589203621785, 53.062482663006925 ], [ 22.089986303254857, 53.063213540622023 ], [ 22.069336342798959, 53.063291250448316 ], [ 22.048641566695849, 53.062734271132015 ], [ 22.02790427206687, 53.061562266967094 ], [ 22.007126798423599, 53.059795990978948 ], [ 21.986311516917485, 53.057457177336474 ], [ 21.968480001083027, 53.054984512606438 ], [ 21.965461015809694, 53.05457128471398 ], [ 21.944578790357351, 53.051177752337573 ], [ 21.923665984440227, 53.047282409470114 ], [ 21.911891618351113, 53.044816389836242 ], [ 21.902725661711052, 53.042919776800467 ], [ 21.881760398114956, 53.03811806363597 ], [ 21.866662003359199, 53.034348168011832 ], [ 21.860771991123826, 53.032894549250905 ], [ 21.839763425753841, 53.027285083610998 ], [ 21.827297034520797, 53.023723567318115 ], [ 21.818736309960844, 53.021305489877271 ], [ 21.797693062886275, 53.014984601023485 ], [ 21.791456123898907, 53.013003376578048 ], [ 21.7766358240656, 53.008347789086976 ], [ 21.75803576195888, 53.002216376333017 ], [ 21.755566088261368, 53.001411102115128 ], [ 21.7344863668791, 52.99420717762149 ], [ 21.726533002835936, 52.991376132704431 ], [ 21.713397988233876, 52.986750835193803 ], [ 21.696280726322588, 52.980499297825588 ], [ 21.692302549815448, 52.979061702279132 ], [ 21.671201894528426, 52.97116402776922 ], [ 21.667129926368094, 52.969590161898317 ], [ 21.650097412213636, 52.963075460050767 ], [ 21.638860223575488, 52.958654422401608 ], [ 21.628990293575889, 52.954810957230599 ], [ 21.611195382130937, 52.947698773813897 ], [ 21.607881830570207, 52.946387666225604 ], [ 21.586773276063777, 52.937822664297975 ], [ 21.584127999710411, 52.936723793873853 ], [ 21.565665640687122, 52.929129522784649 ], [ 21.55757336763908, 52.925731709671545 ], [ 21.544559776675808, 52.920319585102035 ], [ 21.531365378448619, 52.914726401266869 ], [ 21.523456545322922, 52.911404749142974 ], [ 21.505456566020275, 52.903709095743842 ], [ 21.502356707325387, 52.902395589282385 ], [ 21.481260915333959, 52.89330116711097 ], [ 21.479844094657441, 52.892680044436851 ], [ 21.46016967550143, 52.884128284654878 ], [ 21.454526566996869, 52.881639464353405 ], [ 21.439083468455308, 52.874883537468179 ], [ 21.429402041062328, 52.870589627161038 ], [ 21.418002694075543, 52.865572312230171 ], [ 21.40445417432435, 52.859530983546186 ], [ 21.396927673526793, 52.856198767959974 ], [ 21.379671766727981, 52.848463866668943 ], [ 21.375858654100529, 52.846765867723342 ], [ 21.355048303861928, 52.837388506742897 ], [ 21.354795813966703, 52.837275410545516 ], [ 21.333739019439619, 52.827723449130772 ], [ 21.330643471041331, 52.826303827633026 ], [ 21.312688476186629, 52.818112279125494 ], [ 21.306395767783243, 52.815211156916334 ], [ 21.291644196976495, 52.80844062025556 ], [ 21.282305714355097, 52.804110578333628 ], [ 21.270606126405895, 52.798705837632205 ], [ 21.25838184705156, 52.793002022830429 ], [ 21.249574160992633, 52.788904265412384 ], [ 21.234635262142024, 52.781885379305002 ], [ 21.228548152293154, 52.77903121747535 ], [ 21.211079241743484, 52.770760503983396 ], [ 21.207527909533841, 52.769080989239221 ], [ 21.18772887547037, 52.759627229365236 ], [ 21.186513201718473, 52.759046849238061 ], [ 21.16550357959677, 52.748917398640664 ], [ 21.164615499523389, 52.748485102144137 ], [ 21.14449866165894, 52.738682158638419 ], [ 21.141757040106384, 52.737333934231216 ], [ 21.123498332252215, 52.728335694739272 ], [ 21.119151332029048, 52.726173908893124 ], [ 21.102502223111298, 52.717867101127126 ], [ 21.09681690066207, 52.715004840174473 ], [ 21.081509930432009, 52.707264274233644 ], [ 21.074772316725223, 52.703826553436592 ], [ 21.060521013473632, 52.696513820375678 ], [ 21.053035935632167, 52.692638889481664 ], [ 21.039534992366413, 52.685600940463949 ], [ 21.031625677446922, 52.681441707669563 ], [ 21.018551345043111, 52.674509288281968 ], [ 21.010558852865728, 52.670234888001168 ], [ 20.997569503188281, 52.663220797967938 ], [ 20.989852039427145, 52.659018332168351 ], [ 20.976588847070921, 52.651715475328871 ], [ 20.969521010800133, 52.647791963596717 ], [ 20.955608699083754, 52.639971146171867 ], [ 20.949580720707065, 52.636555726529039 ], [ 20.934628315764527, 52.627963153136903 ], [ 20.930045341781764, 52.625309584215096 ], [ 20.91364687800591, 52.615663990139581 ], [ 20.910928358685958, 52.614053516285452 ], [ 20.89266347907731, 52.603042860580238 ], [ 20.89224271402313, 52.602787515392102 ], [ 20.874023921663035, 52.591511220477443 ], [ 20.871675474440703, 52.59002676719242 ], [ 20.856265965521697, 52.580224938126712 ], [ 20.850682399363937, 52.576591020767424 ], [ 20.838975633911286, 52.568928767093141 ], [ 20.829683093396604, 52.562693047810455 ], [ 20.82216449664304, 52.557622731038393 ], [ 20.808675919555387, 52.548276634296819 ], [ 20.805844823473905, 52.546306843800046 ], [ 20.790044489692146, 52.5349808839131 ], [ 20.787656396841591, 52.533212803676548 ], [ 20.774776288514339, 52.523644864327416 ], [ 20.766620368957785, 52.517374248080444 ], [ 20.760034748978708, 52.512299069232945 ], [ 20.745837774370791, 52.500943428186737 ], [ 20.745567272957143, 52.500717916247673 ], [ 20.732221353030624, 52.489577607121532 ], [ 20.724482123844108, 52.482829830713186 ], [ 20.719174611117545, 52.478201961349811 ], [ 20.706724472070032, 52.466816287740066 ], [ 20.703361594995439, 52.463576307555599 ], [ 20.694885521719744, 52.455420562482487 ], [ 20.68367585773936, 52.44401470826508 ], [ 20.682186573274386, 52.442402107730238 ], [ 20.67310738760348, 52.43259873234954 ], [ 20.663209261102036, 52.42117239337162 ], [ 20.66092317373921, 52.418328625760658 ], [ 20.6539844561369, 52.409735814763295 ], [ 20.645466474548527, 52.398288684517333 ], [ 20.639507547465495, 52.389513721622514 ], [ 20.637674186195088, 52.386830890627124 ], [ 20.630604555806173, 52.375362615147417 ], [ 20.624306088884548, 52.363883317657489 ], [ 20.618795798712458, 52.352392884876288 ], [ 20.617720983939527, 52.349766968603767 ], [ 20.614057446440238, 52.3408916454364 ], [ 20.610128697513684, 52.32937917537091 ], [ 20.607029856052492, 52.317855275632446 ], [ 20.604770362839631, 52.306319879627949 ], [ 20.603357359388728, 52.294772934913489 ], [ 20.60279571029573, 52.283214402169058 ], [ 20.603088041424176, 52.27164425420137 ], [ 20.604234792866407, 52.260062474987876 ], [ 20.606234285476347, 52.248469058772486 ], [ 20.60908279965253, 52.236864009221165 ], [ 20.612774664963844, 52.225247338642859 ], [ 20.613155423024413, 52.224272537769387 ], [ 20.617230272543374, 52.213620055332463 ], [ 20.622486744642501, 52.201981558875332 ], [ 20.628538438887649, 52.190331816536577 ], [ 20.631955810722136, 52.184514452295268 ], [ 20.635313641426439, 52.178671696592843 ], [ 20.642779133694848, 52.167001533752916 ], [ 20.650974622166949, 52.155320637856597 ], [ 20.651107914434984, 52.155146744012924 ], [ 20.659734711993899, 52.143631181412438 ], [ 20.669166150373663, 52.13193152469001 ], [ 20.670411655447726, 52.13049431001739 ], [ 20.679108677339926, 52.120223785999571 ], [ 20.68964618994876, 52.108506630930862 ], [ 20.689789529544928, 52.108356790663905 ], [ 20.700607608533875, 52.096782365453215 ], [ 20.709217599113313, 52.088027134812769 ], [ 20.712079976640265, 52.085049604580966 ], [ 20.723949039331746, 52.073309867968732 ], [ 20.728672675018167, 52.068847061589295 ], [ 20.736209741026521, 52.06156310805433 ], [ 20.748143350686707, 52.050487558180905 ], [ 20.748858258386093, 52.04980925713123 ], [ 20.761785601632003, 52.038049818126993 ], [ 20.76762957857559, 52.032921217232527 ], [ 20.775029098052414, 52.026284135019701 ], [ 20.787118175921464, 52.015792199398426 ], [ 20.788561752856975, 52.014512509183838 ], [ 20.802308797995501, 52.00273598342843 ], [ 20.806612077123667, 51.999159447394007 ], [ 20.816280848448105, 51.990954317449919 ], [ 20.826104565191162, 51.982842283262777 ], [ 20.830465859615593, 51.979167616846631 ], [ 20.844832724738524, 51.967376290592071 ], [ 20.845593117353189, 51.966769351379192 ], [ 20.859336994712422, 51.955580972833452 ], [ 20.865080977691601, 51.951011101542356 ], [ 20.873997678151504, 51.943781308947578 ], [ 20.8845615045438, 51.935399361046287 ], [ 20.888796237138308, 51.931977536720858 ], [ 20.903714557922559, 51.920169895978361 ], [ 20.904034404080548, 51.919922490393517 ], [ 20.918722496793979, 51.908358831610975 ], [ 20.923503421234667, 51.90466382947357 ], [ 20.933833729716991, 51.896544083548704 ], [ 20.942963211184686, 51.889492855333913 ], [ 20.949036755628622, 51.884725801484585 ], [ 20.962413475088272, 51.874399835459698 ], [ 20.964321655139237, 51.872904114477372 ], [ 20.979676211303001, 51.86107919528952 ], [ 20.981856237606308, 51.859428268448518 ], [ 20.995099737523024, 51.849251027382721 ], [ 21.001290939420354, 51.844561814300839 ], [ 21.010591165528073, 51.837419600978528 ], [ 21.020715536045373, 51.829751563503571 ], [ 21.026145516037978, 51.825584974141137 ], [ 21.040130034917219, 51.814995796867095 ], [ 21.041758935610456, 51.813747187937473 ], [ 21.057432368152263, 51.801906201439891 ], [ 21.059536508960896, 51.800338175931323 ], [ 21.073168353427413, 51.790061944961728 ], [ 21.078934532171942, 51.785766487759872 ], [ 21.088964430049273, 51.778214436228872 ], [ 21.098322725447787, 51.771248409498476 ], [ 21.104820457922141, 51.766363652626673 ], [ 21.117701321248163, 51.756787180440021 ], [ 21.120737196677464, 51.754509555277401 ], [ 21.136718119108689, 51.742652055438285 ], [ 21.137070917244969, 51.742393671274478 ], [ 21.152782540272799, 51.730790772010501 ], [ 21.156434165653621, 51.728121548082697 ], [ 21.16892056341802, 51.718925852433081 ], [ 21.175788700103226, 51.713918142038224 ], [ 21.185136143890421, 51.70705719177171 ], [ 21.195134927666441, 51.699789835923795 ], [ 21.201434092515367, 51.695184666679282 ], [ 21.214473292511027, 51.685743567534125 ], [ 21.217820088387555, 51.68330813452085 ], [ 21.233804273354544, 51.671786755821941 ], [ 21.234300699421773, 51.671427432328272 ], [ 21.250906549676554, 51.659541931910098 ], [ 21.253130287067229, 51.65796564909305 ], [ 21.267631183884628, 51.647651703459097 ], [ 21.272450275072774, 51.644255532361434 ], [ 21.284478954276238, 51.635756610148604 ], [ 21.291764371032333, 51.630656131856703 ], [ 21.301459899636274, 51.62385640070022 ], [ 21.311073152583802, 51.617175925811281 ], [ 21.318585124639238, 51.611950796427877 ], [ 21.330377214910371, 51.603823476595089 ], [ 21.335866862876234, 51.600039489065253 ], [ 21.349677166992578, 51.590607355167045 ], [ 21.353318548673691, 51.588122138327996 ], [ 21.36897362770771, 51.577536066008491 ], [ 21.370954898150273, 51.57619836918623 ], [ 21.38826722180891, 51.564617973123589 ], [ 21.388792000029472, 51.564267768819541 ], [ 21.406859651695317, 51.552329632136562 ], [ 21.407559141683574, 51.551871941172891 ], [ 21.425171237193009, 51.540383573571319 ], [ 21.426849663846749, 51.539299065035401 ], [ 21.443738041098428, 51.528429241321902 ], [ 21.446138972186962, 51.526898686095592 ], [ 21.46258162922949, 51.516466058723374 ], [ 21.465427659830407, 51.514677747762896 ], [ 21.481725430078161, 51.504493393704685 ], [ 21.484716305174413, 51.502642725012826 ], [ 21.501194882246914, 51.492510553536718 ], [ 21.504005468152211, 51.490799573086321 ], [ 21.521017595271434, 51.480516779016476 ], [ 21.523295686684261, 51.479153681745679 ], [ 21.541223524641889, 51.468511238029429 ], [ 21.542587473356711, 51.467709835550068 ], [ 21.561845161847931, 51.456493018425327 ], [ 21.561881312364207, 51.456472180522745 ], [ 21.5811789544493, 51.445467199882899 ], [ 21.582963568352266, 51.444460109856394 ], [ 21.600479870588611, 51.434680509341696 ], [ 21.604589052330649, 51.432412009982862 ], [ 21.619784428236269, 51.424113798856517 ], [ 21.626764896143751, 51.420347462727591 ], [ 21.639092983826021, 51.413768523401927 ], [ 21.649539093208283, 51.40826506474491 ], [ 21.658405854018799, 51.403645415143714 ], [ 21.672963748949257, 51.396163272184104 ], [ 21.677723314642268, 51.393744489745821 ], [ 21.697045634422032, 51.384065643937987 ], [ 21.697097085679641, 51.384040347644031 ], [ 21.716376707091456, 51.374669987272398 ], [ 21.722190144163257, 51.371890010106533 ], [ 21.735713337402533, 51.365498091726124 ], [ 21.748161326833937, 51.359713549051328 ], [ 21.755055638100476, 51.3565472296469 ], [ 21.774404121455401, 51.347821358062795 ], [ 21.775115716026541, 51.347507880559334 ], [ 21.793763334956523, 51.339390657902868 ], [ 21.803433698645186, 51.335263205949794 ], [ 21.813128718620185, 51.331174742855055 ], [ 21.832500498855882, 51.323172977558698 ], [ 21.832976260627618, 51.322981887559415 ], [ 21.851884765366975, 51.315479233976326 ], [ 21.864335702312122, 51.31064848969077 ], [ 21.871275355726386, 51.307988776392889 ], [ 21.890675787384168, 51.300753553762831 ], [ 21.897558088538574, 51.298260393110638 ], [ 21.910086620649253, 51.293777440497912 ], [ 21.929505422401348, 51.287017200067631 ], [ 21.933113718695751, 51.28580420231804 ], [ 21.948937415747341, 51.280550160533721 ], [ 21.968376966673205, 51.274283348338642 ], [ 21.971677368489701, 51.273260626412231 ], [ 21.987830801232743, 51.268316563123818 ], [ 22.007293371089443, 51.262559170636855 ], [ 22.014195076123862, 51.260602283313155 ], [ 22.026769500174005, 51.257080606088081 ], [ 22.046257245107828, 51.251846252189907 ], [ 22.062025276849525, 51.247789259051324 ], [ 22.065755906546087, 51.246841035717104 ], [ 22.085270867937105, 51.242141088753549 ], [ 22.104796659677284, 51.237659588077186 ], [ 22.118291015435506, 51.234731734730616 ], [ 22.124336206235629, 51.233435647100876 ], [ 22.14389256178179, 51.229509323714062 ], [ 22.163462014459938, 51.225821099420848 ], [ 22.183045439213089, 51.222379320458181 ], [ 22.190226993601524, 51.221220247984796 ], [ 22.202646894701147, 51.219237962031734 ], [ 22.222265538671103, 51.21637956144064 ], [ 22.241900509043642, 51.213786779439978 ], [ 22.261552750872927, 51.211468232668899 ], [ 22.281223235314972, 51.2094326903702 ], [ 22.300912959270928, 51.207689063246086 ], [ 22.320622944887603, 51.206246390594984 ], [ 22.328591000578516, 51.205791350123057 ], [ 22.340354918784033, 51.205123214301921 ], [ 22.360109092436154, 51.20431682668697 ], [ 22.379886073634648, 51.203829975635657 ], [ 22.399686942974455, 51.203671743341445 ], [ 22.401632011481635, 51.203688562080572 ], [ 22.419514244166542, 51.203870719829538 ], [ 22.439368575316131, 51.204428719448089 ], [ 22.459250953779947, 51.20535308166636 ], [ 22.479162565527428, 51.206653187731533 ], [ 22.49910460938775, 51.208338346644332 ], [ 22.519078294668031, 51.210417763173453 ], [ 22.527998338550898, 51.211514329223412 ], [ 22.539088576694443, 51.212949205963696 ], [ 22.559136833679297, 51.215942748129038 ], [ 22.579221342304933, 51.219368246219197 ], [ 22.588988074000504, 51.221229449535272 ], [ 22.599348397772751, 51.223298883093129 ], [ 22.619519842281569, 51.22774942896627 ], [ 22.63455707479611, 51.23139346958596 ], [ 22.639735275208576, 51.232705871851024 ], [ 22.660002679138469, 51.23825997158697 ], [ 22.671959210471801, 51.241796728813647 ], [ 22.680320174785813, 51.244377920536238 ], [ 22.700692254159161, 51.25110587904387 ], [ 22.704243624698606, 51.252350451466029 ], [ 22.721125257255718, 51.258511731647403 ], [ 22.73277959283795, 51.263015140419633 ], [ 22.741617793321939, 51.26656664263249 ], [ 22.758633154734408, 51.273759254304451 ], [ 22.762174289042722, 51.275313470561741 ], [ 22.782329928594176, 51.284567555833391 ], [ 22.782798906018382, 51.284790762785342 ], [ 22.803496229655231, 51.295041183395881 ], [ 22.804250581823876, 51.295428959941177 ], [ 22.824267623232224, 51.306067568758337 ], [ 22.824750319077815, 51.306332837899191 ], [ 22.844047613142799, 51.317272747493845 ], [ 22.845116537396173, 51.317897484011034 ], [ 22.862320632783526, 51.328243392971579 ], [ 22.866045682969542, 51.330548922955558 ], [ 22.879735056697101, 51.339239752640232 ], [ 22.887055616062728, 51.344013871676431 ], [ 22.896416214714229, 51.350258029963555 ], [ 22.90814657621436, 51.358280632832191 ], [ 22.912466638357856, 51.361295104958309 ], [ 22.927951533192402, 51.372349044047986 ], [ 22.929319582589773, 51.373346721630035 ], [ 22.942899662201381, 51.383419098900291 ], [ 22.950577454724293, 51.389230428645767 ], [ 22.957438209615205, 51.394501170377865 ], [ 22.971613320865465, 51.405593842469806 ], [ 22.97191284999235, 51.405832331093656 ], [ 22.985392481027819, 51.41669835228732 ], [ 22.993331157272195, 51.4232010719032 ], [ 22.998898586414889, 51.427810638196235 ], [ 23.01213493656013, 51.438930680018061 ], [ 23.014823507162202, 51.441221631167103 ], [ 23.025104027503875, 51.450058481823369 ], [ 23.036389808276702, 51.459880958282028 ], [ 23.03788435481734, 51.461191423375624 ], [ 23.050431800753753, 51.472331091806254 ], [ 23.058028604196302, 51.479150840308094 ], [ 23.062817380479924, 51.483475096431654 ], [ 23.075030040230295, 51.494623872468111 ], [ 23.079735014565117, 51.498965342525487 ], [ 23.087083460795409, 51.505776995605324 ], [ 23.099003615713318, 51.516933605100235 ], [ 23.10150806659038, 51.519303443702434 ], [ 23.110766395043512, 51.528094587203533 ], [ 23.122419248337756, 51.539258318535694 ], [ 23.123348056699534, 51.540158557360726 ], [ 23.133914257156832, 51.550426522452526 ], [ 23.145257322491531, 51.561546577038563 ], [ 23.145308866585818, 51.561597211921018 ], [ 23.156542412761326, 51.572772567987776 ], [ 23.167241414954066, 51.583517986760157 ], [ 23.16767150668883, 51.583950622462396 ], [ 23.178635897313942, 51.59513355315709 ], [ 23.189307379137347, 51.606138150000476 ], [ 23.189483208237618, 51.60631970280636 ], [ 23.200151580002636, 51.617511320172696 ], [ 23.210683748009707, 51.628706917732757 ], [ 23.211470383442997, 51.62955829142313 ], [ 23.221020496465787, 51.639908663693198 ], [ 23.231191686992222, 51.651115530602134 ], [ 23.233752058311243, 51.653995020934509 ], [ 23.241150694547517, 51.662329247073664 ], [ 23.250905338048437, 51.673549582137895 ], [ 23.256184045338863, 51.679765989702553 ], [ 23.260430885396076, 51.684777483861488 ], [ 23.269704715480604, 51.696013829898831 ], [ 23.278734709929648, 51.707258390405869 ], [ 23.278815113217519, 51.70736182170041 ], [ 23.287457627588282, 51.718513531431384 ], [ 23.295898233834315, 51.729778411909543 ], [ 23.301754304506922, 51.737893796923956 ], [ 23.304026003293032, 51.741054210297122 ], [ 23.311802765017198, 51.752342391708694 ], [ 23.319240276638148, 51.763642589966217 ], [ 23.325176302938878, 51.773128641849411 ], [ 23.326313587932823, 51.774955786368203 ], [ 23.332977762309, 51.786283702539457 ], [ 23.339248625932079, 51.797625819172353 ], [ 23.345109800241161, 51.808982801841957 ], [ 23.349602958733691, 51.818381455924161 ], [ 23.350539873798759, 51.820355501460448 ], [ 23.355504123997004, 51.831745261796421 ], [ 23.360016870467771, 51.843151605492501 ], [ 23.364066644090521, 51.854575006270963 ], [ 23.367643428633077, 51.866015879787078 ], [ 23.370738762264285, 51.877474579226728 ], [ 23.3733458236145, 51.888951391549057 ], [ 23.375459501006155, 51.900446534440249 ], [ 23.377076443771053, 51.911960154030353 ], [ 23.378195094895645, 51.923492323411267 ], [ 23.378815704582411, 51.935043041977394 ], [ 23.378940324672168, 51.946612235594642 ], [ 23.378572784229803, 51.958199757586371 ], [ 23.377718646942089, 51.969805390508974 ], [ 23.376385151301889, 51.981428848674746 ], [ 23.374581134847887, 51.993069781365904 ], [ 23.372316943985997, 52.004727776671082 ], [ 23.369604331130898, 52.016402365867272 ], [ 23.369025209613032, 52.018532294101938 ], [ 23.36640845685109, 52.028094806192875 ], [ 23.362772581635269, 52.039803447765408 ], [ 23.358722482597475, 52.051527289303557 ], [ 23.35427437072785, 52.063265682988046 ], [ 23.353404208211938, 52.065362700044346 ], [ 23.34937242471576, 52.075020642509543 ], [ 23.34408306836491, 52.086789653291206 ], [ 23.338440495881095, 52.098571397698322 ], [ 23.336750587583893, 52.101877015543941 ], [ 23.332383223607319, 52.110368083956764 ], [ 23.325971602778136, 52.122177424829871 ], [ 23.319588411173505, 52.133406696292901 ], [ 23.319250307749197, 52.133997718845372 ], [ 23.312117181723341, 52.145832650945763 ], [ 23.304713111254269, 52.157676990363349 ], [ 23.302091005142078, 52.161704013342167 ], [ 23.296959317161889, 52.169533557363081 ], [ 23.288916903463488, 52.181400053248829 ], [ 23.284370050153235, 52.187899589287177 ], [ 23.280582431951217, 52.19327654027682 ], [ 23.271953543019908, 52.205163038408067 ], [ 23.286929706459979, 52.216192221102773 ], [ 23.287105358133886, 52.216281233261626 ], [ 23.287262669504443, 52.21618010419909 ], [ 23.306187097546243, 52.204052213773949 ], [ 23.326383938648789, 52.203392646056081 ], [ 23.346580001701618, 52.202729876583291 ], [ 23.366775280302466, 52.202063878068543 ], [ 23.367397582375144, 52.201662818822363 ], [ 23.385828496760936, 52.189822829240562 ], [ 23.386517177640432, 52.189378641660426 ], [ 23.404871312110881, 52.177579609711827 ], [ 23.405627445126761, 52.177091533691488 ], [ 23.423903734372768, 52.165334215692262 ], [ 23.444090619048048, 52.175646136979971 ], [ 23.445235260191218, 52.176224183566546 ], [ 23.446256261171843, 52.175564379239674 ], [ 23.464255559302206, 52.163971868242669 ], [ 23.484152553048048, 52.174127228064243 ], [ 23.485595946318526, 52.174855345372954 ], [ 23.505775050632497, 52.174165840371245 ], [ 23.507193769065495, 52.173247433716647 ], [ 23.505600767743292, 52.17244430201356 ], [ 23.485650333437224, 52.162496109032219 ], [ 23.484421855839134, 52.150968839520203 ], [ 23.502264994436736, 52.139460498920336 ], [ 23.503490449093199, 52.138666706204695 ], [ 23.52125414642752, 52.127201438964597 ], [ 23.541410603888007, 52.126504548914426 ], [ 23.542835456059084, 52.125580342229142 ], [ 23.560383309228847, 52.114239619600085 ], [ 23.580532836735276, 52.113535649705227 ], [ 23.600681508693118, 52.11282819819688 ], [ 23.602432913483099, 52.111689982780995 ], [ 23.601182028000505, 52.100164332216053 ], [ 23.618434994480609, 52.088991585446706 ], [ 23.62019844727876, 52.087844408235078 ], [ 23.637370548229324, 52.076716074797858 ], [ 23.639205263115286, 52.075521608011002 ], [ 23.637953157603071, 52.063996240625229 ], [ 23.655091576571568, 52.052880582539082 ], [ 23.65694800978758, 52.051670784964507 ], [ 23.65569738383255, 52.040145471252949 ], [ 23.654450649827147, 52.028619992394404 ], [ 23.653207859380107, 52.017094346394416 ], [ 23.670382976130696, 52.005943561635306 ], [ 23.672186418769094, 52.004766656979818 ], [ 23.670945449104373, 51.993241049811679 ], [ 23.669708529856923, 51.981715270813417 ], [ 23.668475684723575, 51.970189319094395 ], [ 23.666556178569937, 51.969221197035168 ], [ 23.647054342311012, 51.959463560293607 ], [ 23.645296445424023, 51.958576185615435 ], [ 23.625648271595349, 51.948733435321557 ], [ 23.643104428216823, 51.937400713227376 ], [ 23.644621497946606, 51.936410039734909 ], [ 23.642912655289482, 51.935546887973544 ], [ 23.62323592568746, 51.925678826719903 ], [ 23.621673911080272, 51.924889162199065 ], [ 23.60186546514689, 51.914943266914023 ], [ 23.619475273392165, 51.903514625014552 ], [ 23.620839781868114, 51.902623536866756 ], [ 23.619647714098175, 51.891095639412328 ], [ 23.618459596791382, 51.879567575726981 ], [ 23.616936119216493, 51.87879643250831 ], [ 23.597129354270418, 51.868829890482168 ], [ 23.614740745397452, 51.85739608625336 ], [ 23.616095016890462, 51.856510957583971 ], [ 23.614570865333196, 51.855738992852999 ], [ 23.594784468377508, 51.845772229662202 ], [ 23.593617609673565, 51.834243164403304 ], [ 23.611200021830438, 51.822824961148626 ], [ 23.612576386927021, 51.821924839366559 ], [ 23.630032986470088, 51.810580421480523 ], [ 23.631525381016186, 51.809603663466952 ], [ 23.63035730872706, 51.798074859261369 ], [ 23.629192673982946, 51.786545908825147 ], [ 23.627477415383396, 51.785676002086262 ], [ 23.607934529454976, 51.775807914058518 ], [ 23.606312014828376, 51.774984341201872 ], [ 23.586689840251474, 51.765065675128319 ], [ 23.585156360615898, 51.76428663201574 ], [ 23.56517708396872, 51.765128501171148 ], [ 23.54536853167113, 51.755099406091531 ], [ 23.544035289897355, 51.754421143859659 ], [ 23.524154189010122, 51.744344985916598 ], [ 23.523034076739957, 51.732813646847021 ], [ 23.540711814341211, 51.721343099296718 ], [ 23.541991011087017, 51.720506404697254 ], [ 23.540870640545485, 51.708975170584132 ], [ 23.539752838204979, 51.697443826136578 ], [ 23.538637503732904, 51.685912375258724 ], [ 23.537524537053777, 51.674380821842384 ], [ 23.53641383868214, 51.662849169754217 ], [ 23.535305310038485, 51.651317422823482 ], [ 23.534198853747302, 51.639785584830626 ], [ 23.533094373916672, 51.62825365949638 ], [ 23.531991776399042, 51.616721650471881 ], [ 23.530890969032779, 51.605189561329261 ], [ 23.54797356221453, 51.594082047771273 ], [ 23.54980332682236, 51.592881865032844 ], [ 23.548700372620406, 51.581349952218439 ], [ 23.547598958789596, 51.569817968791156 ], [ 23.564425942885226, 51.558864932886721 ], [ 23.566492249834766, 51.55750800392719 ], [ 23.56538823348437, 51.545976215262087 ], [ 23.56428552610706, 51.534444364841988 ], [ 23.580854570269441, 51.523647319887182 ], [ 23.600739400571129, 51.522922634276874 ], [ 23.603132275539441, 51.521348522356945 ], [ 23.602021120275818, 51.509817212708029 ], [ 23.618292542615762, 51.499197660033744 ], [ 23.620871470985712, 51.497499514227925 ], [ 23.63699636068392, 51.486967361977165 ], [ 23.656863467548074, 51.48623107434652 ], [ 23.659661243198236, 51.484386380935852 ], [ 23.675551268735944, 51.473993218403329 ], [ 23.678480761743362, 51.472060203345926 ], [ 23.675180722625061, 51.470376181244653 ], [ 23.657413627511119, 51.461325392082806 ], [ 23.654152946899735, 51.459660050517719 ], [ 23.636356258249201, 51.45058652790599 ], [ 23.652174587583087, 51.440240495700081 ], [ 23.672020840944842, 51.439500584819832 ], [ 23.675097071713857, 51.437469517781452 ], [ 23.673970781809754, 51.425939204574306 ], [ 23.689506509487593, 51.41576168079964 ], [ 23.692760045092378, 51.413611479824333 ], [ 23.691629744397339, 51.402081425563921 ], [ 23.687909407278454, 51.400180439006562 ], [ 23.670596007432739, 51.391348039695295 ], [ 23.669472298966369, 51.37981758221386 ], [ 23.668349133119147, 51.368287092730966 ], [ 23.664556571386882, 51.366346380441577 ], [ 23.647336650122355, 51.357548945907503 ], [ 23.646219865180246, 51.346018063063013 ], [ 23.645103535076906, 51.334487151651736 ], [ 23.641239574587349, 51.332507030033824 ], [ 23.624112101214102, 51.323744261756914 ], [ 23.639343569401369, 51.313758830579545 ], [ 23.642872151417539, 51.311425246555444 ], [ 23.641757061967034, 51.299894254261147 ], [ 23.640642355437784, 51.288363236186811 ], [ 23.655636883592059, 51.278520465132146 ], [ 23.672335121444132, 51.287100175185891 ], [ 23.676583164733255, 51.289277564259528 ], [ 23.68035521983554, 51.286779176827764 ], [ 23.695187895151268, 51.277030806558408 ], [ 23.699078216686132, 51.274452134065179 ], [ 23.713782587498287, 51.264779958792225 ], [ 23.717788846939484, 51.262122426988256 ], [ 23.716653479531278, 51.250592684038267 ], [ 23.731184388604433, 51.241024281052205 ], [ 23.735346635950851, 51.238260636008114 ], [ 23.734206465191487, 51.226731188441853 ], [ 23.733066595160142, 51.215201718471491 ], [ 23.747383055538904, 51.205761997374438 ], [ 23.751737111672337, 51.202867660197185 ], [ 23.765935176241893, 51.193498005063852 ], [ 23.77039524418063, 51.190530959617014 ], [ 23.784477297276378, 51.181229902478549 ], [ 23.804207413635943, 51.180460243971758 ], [ 23.808834843527379, 51.177377827665502 ], [ 23.807674406739206, 51.165849651415364 ], [ 23.821531565421889, 51.156681394058111 ], [ 23.837042025786495, 51.164636207263122 ], [ 23.842457034710957, 51.167406997148269 ], [ 23.847245927169659, 51.164212850238705 ], [ 23.86096748975017, 51.155123155461531 ], [ 23.865852644945047, 51.151862349455961 ], [ 23.864676508451897, 51.140335181843426 ], [ 23.859110924911274, 51.137487273047562 ], [ 23.843733752418178, 51.129630292133875 ], [ 23.842563590451906, 51.11810272980189 ], [ 23.856127397294923, 51.109108568921442 ], [ 23.861149740174824, 51.10575355235801 ], [ 23.859974744265742, 51.094226298304285 ], [ 23.8733991405891, 51.085314617786345 ], [ 23.878543491704466, 51.081874842017349 ], [ 23.891869049032781, 51.073021086285898 ], [ 23.911549472237688, 51.07222893315982 ], [ 23.916834667534069, 51.06869037174036 ], [ 23.915644302591698, 51.057164117835164 ], [ 23.914454279764328, 51.04563783994513 ], [ 23.913264621950745, 51.034111537083916 ], [ 23.91207535377222, 51.022585208193235 ], [ 23.910886501509093, 51.011058852145496 ], [ 23.9238886471543, 51.00239613177839 ], [ 23.943537937644795, 51.001596483661608 ], [ 23.949096949737271, 50.997866111162999 ], [ 23.947897971588567, 50.986340425060185 ], [ 23.960726301415828, 50.977778571779055 ], [ 23.96638559009163, 50.973977332855959 ], [ 23.96518204754631, 50.962451953473618 ], [ 23.963979013744396, 50.950926542957447 ], [ 23.976665341280587, 50.942447756549839 ], [ 23.982444583588009, 50.938561543493925 ], [ 23.995051352308646, 50.93012856454731 ], [ 24.000898187770499, 50.926193969104339 ], [ 24.013427511991853, 50.917805469520999 ], [ 24.01933986206005, 50.9138238235385 ], [ 24.031793828132532, 50.905478491083976 ], [ 24.03776964247438, 50.901451110513065 ], [ 24.050150308570835, 50.89314764897496 ], [ 24.069749273059308, 50.892322377748783 ], [ 24.075826456929054, 50.888221376029328 ], [ 24.088090130933683, 50.87998409936452 ], [ 24.107682339999613, 50.879151719500221 ], [ 24.113856311586897, 50.874980012060661 ], [ 24.126007583393928, 50.866806062156606 ], [ 24.13223690629027, 50.862593829854099 ], [ 24.130988836575913, 50.851071514208208 ], [ 24.123878805867633, 50.847435289575444 ], [ 24.110128643191793, 50.840411923654692 ], [ 24.103044219856507, 50.836785786789605 ], [ 24.083475006975807, 50.837666349448483 ], [ 24.06390484262354, 50.838543839187587 ], [ 24.044333729793696, 50.83941825247593 ], [ 24.02476167145063, 50.840289585449753 ], [ 24.005188670528163, 50.841157833897491 ], [ 23.991217575838011, 50.833994725958107 ], [ 23.984382369732526, 50.830484070924626 ], [ 23.970400804119087, 50.823308718264336 ], [ 23.969200945423527, 50.811783190224979 ], [ 23.968002076151532, 50.800257610338015 ], [ 23.966804240381649, 50.788731976713699 ], [ 23.965607482645346, 50.777206287444208 ], [ 23.97782978230418, 50.769002033264996 ], [ 23.997378392697467, 50.768185077817108 ], [ 24.01692607942887, 50.767364785723629 ], [ 24.023151949331933, 50.763159182846174 ], [ 24.021939846038109, 50.751634534044562 ], [ 24.020728874094175, 50.740109826996871 ], [ 24.019519078605331, 50.728585059750898 ], [ 24.03152389440843, 50.720503851817448 ], [ 24.051050439122459, 50.719675734620608 ], [ 24.070576055408484, 50.71884433450645 ], [ 24.076971006567991, 50.714514100147113 ], [ 24.075746007748499, 50.702990380821028 ], [ 24.074522240084331, 50.691466598565185 ], [ 24.067210378063631, 50.687707203330042 ], [ 24.053764910429432, 50.680793550295846 ], [ 24.065601978068912, 50.672807708581232 ], [ 24.085107417681474, 50.67197174057943 ], [ 24.091606588907013, 50.667565168919346 ], [ 24.09038084092353, 50.656041582463942 ], [ 24.082970218416577, 50.652229914306496 ], [ 24.069640388386432, 50.645370800593106 ], [ 24.081371333106503, 50.637446055451271 ], [ 24.087933547116233, 50.632994198096107 ], [ 24.086712091445946, 50.621470396237413 ], [ 24.085492156214766, 50.609946518654738 ], [ 24.097118645758425, 50.602081997295748 ], [ 24.103764998529932, 50.597568028340518 ], [ 24.096208614132866, 50.59367749794292 ], [ 24.083057023343773, 50.586898528615485 ], [ 24.081841912409505, 50.575374412373705 ], [ 24.080628495114368, 50.56385021284671 ], [ 24.07941681290098, 50.552325928228491 ], [ 24.078206906250866, 50.540801556756257 ], [ 24.076998814572544, 50.529277096715248 ], [ 24.075792576088556, 50.517752546443681 ], [ 24.074588227721861, 50.506227904337614 ], [ 24.066807906434569, 50.502210271469323 ], [ 24.053949638496139, 50.495550793331859 ], [ 24.052755472920875, 50.484025554201907 ], [ 24.051563315200056, 50.472500218384695 ], [ 24.050373194458029, 50.46097478462611 ], [ 24.042444765186406, 50.456873602884571 ], [ 24.029773873501846, 50.450291987258211 ], [ 24.021802376344269, 50.446165154204877 ], [ 24.009189035492362, 50.439605020897424 ], [ 24.008017952678919, 50.428078469745365 ], [ 24.0068490137763, 50.416551816621883 ], [ 23.998729810644345, 50.412342548154989 ], [ 23.979329748809516, 50.413171597720769 ], [ 23.959928739612735, 50.413997054257017 ], [ 23.940526786569254, 50.414818913399102 ], [ 23.921123893227406, 50.415637171028713 ], [ 23.901720063169261, 50.41645182328503 ], [ 23.889360119340349, 50.409983973060903 ], [ 23.881124265151051, 50.405699715712394 ], [ 23.861723152241254, 50.406505751681458 ], [ 23.842321115005998, 50.407308171566577 ], [ 23.822918157242011, 50.408106973377308 ], [ 23.8035142827827, 50.408902155449496 ], [ 23.791324507242738, 50.402495831212391 ], [ 23.782942058127318, 50.398122755493965 ], [ 23.763540948048195, 50.398909313819559 ], [ 23.751480253802153, 50.392557458857894 ], [ 23.742981353441358, 50.388117736342998 ], [ 23.723583030207383, 50.388895701720763 ], [ 23.71166267792346, 50.382604492413293 ], [ 23.703036093447636, 50.378092081769729 ], [ 23.69123602481514, 50.371855839130276 ], [ 23.690181848464665, 50.360322357472633 ], [ 23.689129427446183, 50.348788794164228 ], [ 23.688078719708532, 50.337255150912107 ], [ 23.679074898597392, 50.332537397138843 ], [ 23.667689849258153, 50.326501102255101 ], [ 23.658561768673657, 50.321714362920822 ], [ 23.639187478950689, 50.32247044504939 ], [ 23.627979892838852, 50.316515894075465 ], [ 23.626952051950937, 50.304980957802989 ], [ 23.617562572087554, 50.30004916337959 ], [ 23.606602520831242, 50.294214897985448 ], [ 23.605583184522196, 50.282679488945284 ], [ 23.595958002400081, 50.27761831115707 ], [ 23.585253067172438, 50.271909064949583 ], [ 23.57548634178362, 50.266769309441564 ], [ 23.564934873892394, 50.261134703361698 ], [ 23.555023771613463, 50.255914756712585 ], [ 23.544628245906456, 50.250356423506425 ], [ 23.534570310096537, 50.245054867350241 ], [ 23.524332818319582, 50.239574244698794 ], [ 23.514125975399676, 50.234189859570968 ], [ 23.504048223250035, 50.228788186117256 ], [ 23.493690785466381, 50.223319953563397 ], [ 23.474351349591068, 50.224040435570551 ], [ 23.46448537461325, 50.218742480528306 ], [ 23.463510062455377, 50.2072045049472 ], [ 23.452847909513391, 50.201566326600762 ], [ 23.443255772951254, 50.196406918986916 ], [ 23.43244025675488, 50.19068303983336 ], [ 23.423010873765783, 50.185605526312415 ], [ 23.412041814999533, 50.179795720008357 ], [ 23.402775025011504, 50.17480034378513 ], [ 23.391652598719769, 50.168904571551863 ], [ 23.382547899620647, 50.163991387548151 ], [ 23.371272621328487, 50.158009791411871 ], [ 23.362329185167866, 50.153178672968743 ], [ 23.361378872406846, 50.141639145254125 ], [ 23.349848186247222, 50.135515364778342 ], [ 23.341172666317892, 50.130822405242583 ], [ 23.329492094653347, 50.124614048706803 ], [ 23.320974141444225, 50.120001941930354 ], [ 23.309145276699926, 50.113709727774477 ], [ 23.30078304858116, 50.109177767641306 ], [ 23.288807740209865, 50.102802553128292 ], [ 23.280599157910096, 50.098349893812845 ], [ 23.279665038108778, 50.08680928403129 ], [ 23.26744801142404, 50.080298299405598 ], [ 23.259491924912279, 50.075977465734489 ], [ 23.258561014347265, 50.0644366087365 ], [ 23.24610905430719, 50.057793193771438 ], [ 23.238398236060881, 50.053600866327145 ], [ 23.225810138270024, 50.046879454071458 ], [ 23.218241912752774, 50.042761461447427 ], [ 23.217317512676193, 50.03122012096766 ], [ 23.204506607635782, 50.024372308256062 ], [ 23.19717095974406, 50.020376819586915 ], [ 23.196249290470099, 50.008835250491337 ], [ 23.183223821091548, 50.001865189953975 ], [ 23.176112257340037, 49.997988065219957 ], [ 23.162963502469431, 49.99094642770072 ], [ 23.155981252433548, 49.987137241412618 ], [ 23.155065513239244, 49.975595212491022 ], [ 23.141716067026071, 49.968438352502545 ], [ 23.134943752743045, 49.964740521002568 ], [ 23.121479651820106, 49.957516450923151 ], [ 23.114827893759692, 49.953882200604134 ], [ 23.113917919722649, 49.942339719426904 ], [ 23.100267490766917, 49.935007756538354 ], [ 23.093811177416431, 49.93147754199893 ], [ 23.092903687139593, 49.919934842409781 ], [ 23.079075945802575, 49.912499618565619 ], [ 23.072806045671669, 49.909068811737299 ], [ 23.058877949700673, 49.901573684912449 ], [ 23.052714273479804, 49.89819916111464 ], [ 23.051812539059561, 49.886656011762042 ], [ 23.037721515731899, 49.879065033524775 ], [ 23.031729921416275, 49.875782512085117 ], [ 23.017547276130205, 49.868136123869711 ], [ 23.011653234423775, 49.864905395350668 ], [ 23.010757361986329, 49.853361794203394 ], [ 22.996425836530353, 49.845626824166125 ], [ 22.990689962853136, 49.842480829979806 ], [ 22.976275283994024, 49.834694827562693 ], [ 22.970628599257903, 49.831596250222113 ], [ 22.969738757119373, 49.820052193252394 ], [ 22.968848298205533, 49.808508142701498 ], [ 22.954244181252783, 49.800609105196791 ], [ 22.948799826737066, 49.797619481693317 ], [ 22.934122487410534, 49.789674573627877 ], [ 22.928757557545087, 49.786727205489896 ], [ 22.914009944242036, 49.778737960360367 ], [ 22.908721551241776, 49.775831314404087 ], [ 22.907840896088853, 49.764286564929861 ], [ 22.906959727107832, 49.752741817709499 ], [ 22.892050859317845, 49.74465428424049 ], [ 22.886937140061431, 49.741841839702303 ], [ 22.871967013341688, 49.733714681962113 ], [ 22.866921013572956, 49.730938246572904 ], [ 22.866046549123691, 49.719393025296121 ], [ 22.850975809336163, 49.711202502886181 ], [ 22.846040603080496, 49.708485578927458 ], [ 22.830915351683704, 49.700258969572054 ], [ 22.826041286372284, 49.697574517701092 ], [ 22.810863971899419, 49.689313106409145 ], [ 22.806048665356261, 49.686659842025968 ], [ 22.790821660734569, 49.678364875751484 ], [ 22.786062805923105, 49.675741552373211 ], [ 22.785202836925084, 49.664195370528127 ], [ 22.784342549915355, 49.652649183328016 ], [ 22.768998739251646, 49.644279341460113 ], [ 22.764371180137175, 49.641726798040182 ], [ 22.748984830784277, 49.63332717558427 ], [ 22.744406770478843, 49.630800799477392 ], [ 22.74355394705708, 49.619254121301502 ], [ 22.728096309142543, 49.61080661473585 ], [ 22.723600491716478, 49.608324267476 ], [ 22.72275138221454, 49.596777337484042 ], [ 22.707227651114707, 49.588284707021629 ], [ 22.702809027432789, 49.585843628247225 ], [ 22.70196372149508, 49.574296444221112 ], [ 22.686378808685514, 49.565761303666854 ], [ 22.682032607699728, 49.563358879735205 ], [ 22.681191191300101, 49.551811439626228 ], [ 22.66554973462528, 49.543236261347261 ], [ 22.661271452668338, 49.540870020372274 ], [ 22.645601233646513, 49.532272373154662 ], [ 22.641359085339957, 49.52992499287803 ], [ 22.645234923905594, 49.527353024232696 ], [ 22.659596463944517, 49.517774610957026 ], [ 22.658758834671843, 49.506226885872259 ], [ 22.662589949883966, 49.503681872638957 ], [ 22.681660424355794, 49.503071864321981 ], [ 22.696042756487362, 49.493465823617754 ], [ 22.699859614329569, 49.490926863638563 ], [ 22.714251696054053, 49.481307425672796 ], [ 22.713401191058168, 49.469760362533876 ], [ 22.712550643799133, 49.458213284467725 ], [ 22.711700067253922, 49.446666191041238 ], [ 22.710849474148144, 49.435119081829711 ], [ 22.714556953695737, 49.432648309690777 ], [ 22.729031943503024, 49.422958908224665 ], [ 22.728177115230221, 49.411412004439839 ], [ 22.731846703425322, 49.408963886428133 ], [ 22.746345969535106, 49.399249396476222 ], [ 22.745486947168427, 49.387702698218824 ], [ 22.744627962320926, 49.376155982494154 ], [ 22.743769026473782, 49.364609248914896 ], [ 22.74291015087741, 49.353062497101405 ], [ 22.742051346554572, 49.341515726681742 ], [ 22.745609131190932, 49.339137227713536 ], [ 22.760189912019879, 49.329351580903001 ], [ 22.759327030818607, 49.317805013746032 ], [ 22.758464250144772, 49.306258427046664 ], [ 22.75760158024184, 49.294711820457323 ], [ 22.756739031141169, 49.283165193637537 ], [ 22.755876612665247, 49.271618546253862 ], [ 22.755014334430964, 49.26007187797974 ], [ 22.754152205852844, 49.248525188495528 ], [ 22.73807031040494, 49.239666961095743 ], [ 22.719102222937462, 49.240277888403313 ], [ 22.715362955196341, 49.238206217861524 ], [ 22.714509694824521, 49.226659001114406 ], [ 22.71790749752175, 49.224382895579957 ], [ 22.736869223015084, 49.223768296125201 ], [ 22.751566809233697, 49.213884989684772 ], [ 22.735452844663502, 49.205001749005064 ], [ 22.73175496958525, 49.202952904908386 ], [ 22.73089799717701, 49.191405862032397 ], [ 22.734257782812826, 49.18915231268732 ], [ 22.753205694098391, 49.188535449597943 ], [ 22.767924087347442, 49.178627287587339 ], [ 22.751781584417305, 49.169725365506615 ], [ 22.748122246005533, 49.167697742745077 ], [ 22.747261630388063, 49.15615087285066 ], [ 22.750585978716451, 49.153918221726975 ], [ 22.769520099385588, 49.153299090039951 ], [ 22.773174438568201, 49.155305854987766 ], [ 22.789335006851505, 49.164215422067301 ], [ 22.804056487945921, 49.154291157375042 ], [ 22.803183283706918, 49.142744999585226 ], [ 22.806501091471969, 49.140512586179319 ], [ 22.821231706508811, 49.130573225059884 ], [ 22.824539767541008, 49.128345622258777 ], [ 22.839270991255983, 49.118398834293821 ], [ 22.842569595730602, 49.116175857868363 ], [ 22.857301148603568, 49.106221830942602 ], [ 22.860590582321588, 49.104003299180519 ], [ 22.879503241434325, 49.103366186301287 ], [ 22.894227418880433, 49.093405030290228 ], [ 22.893334123467977, 49.081860001088074 ], [ 22.877129468762572, 49.07293500240386 ], [ 22.873544370692894, 49.070951630853294 ], [ 22.872655861289914, 49.059406299424147 ], [ 22.871767627882292, 49.047860942644057 ], [ 22.875006296226402, 49.045672804922333 ], [ 22.889763617761425, 49.035679633982404 ], [ 22.88887169558673, 49.02413447838159 ], [ 22.887980068682872, 49.012589296769704 ], [ 22.871738228997412, 49.003629006183438 ], [ 22.852862897771853, 49.004260062806772 ], [ 22.838086645933299, 49.01426216528256 ], [ 22.834875288827686, 49.016439199278011 ], [ 22.815994311000775, 49.017064494431501 ], [ 22.801210245578801, 49.027059754743959 ] ] ], [ [ [ 18.783682593263144, 54.618009110324117 ], [ 18.777924032928038, 54.621066513468492 ], [ 18.762132865458685, 54.629529206769988 ], [ 18.762052909429347, 54.641089537277061 ], [ 18.756358096108485, 54.644109704565643 ], [ 18.74048589159133, 54.652605721984834 ], [ 18.734842971591114, 54.655595956467899 ], [ 18.718907737088173, 54.664118032289835 ], [ 18.718815522500925, 54.675678252628941 ], [ 18.713234313588501, 54.678632483202399 ], [ 18.697220033513993, 54.687186637658641 ], [ 18.713113133065121, 54.695818392760088 ], [ 18.729127482237921, 54.687262150573716 ], [ 18.734656059366785, 54.68427860770376 ], [ 18.750608321834004, 54.675747854053753 ], [ 18.756186770782037, 54.672734389862285 ], [ 18.772075951397959, 54.664229715305105 ], [ 18.77770527434004, 54.661185743016787 ], [ 18.79353037769933, 54.652707739712959 ], [ 18.799211577071141, 54.649632671339326 ], [ 18.814971608243557, 54.641181932660608 ], [ 18.815011780985905, 54.629621519611923 ], [ 18.820756558235406, 54.62650815043223 ], [ 18.836433750434537, 54.618091853374331 ], [ 18.836467671317472, 54.606531384786997 ], [ 18.82088144326282, 54.598077521621001 ], [ 18.805221207981351, 54.60648514972344 ], [ 18.799408790617086, 54.609573653023972 ], [ 18.783682593263144, 54.618009110324117 ] ] ], [ [ [ 18.632483561481251, 54.71012844317012 ], [ 18.648511093941686, 54.718844356624089 ], [ 18.664688608567001, 54.710221796836208 ], [ 18.670084523239769, 54.707317847862598 ], [ 18.686202969010743, 54.698719014879906 ], [ 18.670224725174595, 54.690034952909556 ], [ 18.654106359819714, 54.698631673648144 ], [ 18.648660989842309, 54.701508009615068 ], [ 18.632483561481251, 54.71012844317012 ] ] ], [ [ [ 18.584015055676545, 54.72435407688333 ], [ 18.56768372917082, 54.733035476642023 ], [ 18.583835991642779, 54.741830494921167 ], [ 18.600167422084471, 54.73314693261819 ], [ 18.584015055676545, 54.72435407688333 ] ] ], [ [ [ 18.454505200559819, 54.769957052131737 ], [ 18.4378931767856, 54.77874493601157 ], [ 18.45426662146356, 54.787683380361919 ], [ 18.470878785842249, 54.778893267937114 ], [ 18.454505200559819, 54.769957052131737 ] ] ] ] } }
]
}
