{
"type": "FeatureCollection",
"name": "zasieg_OL_cykl_4_epsg4326",
"crs": { "type": "name", "properties": { "name": "urn:ogc:def:crs:OGC:1.3:CRS84" } },
"features": [
{ "type": "Feature", "properties": { "gatunek": "OL", "cykl": 4, "pokrycie": 0.95, "prog_kde": 2.1093166341508085e-12 }, "geometry": { "type": "MultiPolygon", "coordinates": [ [ [ [ 21.477038621398318, 49.494730867765448 ], [ 21.458062120284129, 49.497383674060849 ], [ 21.439092386758912, 49.500212923411787 ], [ 21.420129250826918, 49.503219286279609 ], [ 21.414272283796826, 49.504202034828161 ], [ 21.401172560289186, 49.506403814626466 ], [ 21.382222101475463, 49.509766325606257 ], [ 21.36327765322882, 49.513306472775881 ], [ 21.344338997270274, 49.517023956529073 ], [ 21.343316698210856, 49.517233861689441 ], [ 21.325406048276868, 49.52092126777513 ], [ 21.306478427109774, 49.52499473342062 ], [ 21.287555873616562, 49.529243107736384 ], [ 21.284375509152632, 49.529985190547954 ], [ 21.268638366117745, 49.533670252452865 ], [ 21.249725439676308, 49.538270504681634 ], [ 21.232694020248836, 49.54256635493963 ], [ 21.230816806984098, 49.543041911712038 ], [ 21.211912536879371, 49.547990338925274 ], [ 21.19301192308626, 49.553104545322419 ], [ 21.186113373141534, 49.555027955194433 ], [ 21.174115052471677, 49.558390764077728 ], [ 21.155221440599451, 49.563842469447422 ], [ 21.143219686078158, 49.567402389161067 ], [ 21.136330829277295, 49.56945809202616 ], [ 21.117443108520696, 49.575239432420297 ], [ 21.103203773037166, 49.579708494144739 ], [ 21.098557667962385, 49.581176692947402 ], [ 21.079674680405525, 49.587278144659912 ], [ 21.065507548236628, 49.591959237952452 ], [ 21.060793328447829, 49.59352886419051 ], [ 21.041913871633707, 49.59993917120832 ], [ 21.02970995265666, 49.604164288307331 ], [ 21.023035530312463, 49.606494660093936 ], [ 21.004158359574376, 49.613200747315375 ], [ 20.995490312174056, 49.616330948679284 ], [ 20.985281952143346, 49.620051676426108 ], [ 20.966405782744157, 49.62703854763393 ], [ 20.962602878005875, 49.628464795936964 ], [ 20.947530229909919, 49.634174785189117 ], [ 20.930874844737982, 49.640569856642202 ], [ 20.92865399511939, 49.641431885535653 ], [ 20.909777954572998, 49.648835818264025 ], [ 20.9001570732194, 49.652649539442045 ], [ 20.890900969892261, 49.656361590075868 ], [ 20.872022669282945, 49.664003201830781 ], [ 20.870295525194933, 49.664707143434839 ], [ 20.853143840752914, 49.671784936313664 ], [ 20.841210121007091, 49.676744609975508 ], [ 20.83426294549497, 49.679670217652834 ], [ 20.815380078430305, 49.687664849453526 ], [ 20.812792477424122, 49.688764225729372 ], [ 20.796495715880361, 49.695785219755741 ], [ 20.784969080990713, 49.700767619759731 ], [ 20.777608438323657, 49.703996454125893 ], [ 20.758718114420166, 49.712297888917199 ], [ 20.757674841449283, 49.712756212137549 ], [ 20.739825702836335, 49.720719332487398 ], [ 20.730827633819331, 49.724731607823443 ], [ 20.720929523648191, 49.729217260414991 ], [ 20.704398705217315, 49.736694543804184 ], [ 20.702029239819812, 49.73778465537616 ], [ 20.683125655639351, 49.746447175235524 ], [ 20.678303184141317, 49.748646539013436 ], [ 20.664217953632985, 49.755184238206837 ], [ 20.652506389467362, 49.760588315976342 ], [ 20.645305257429783, 49.763972606747217 ], [ 20.62698291085902, 49.772520433391506 ], [ 20.62638721603712, 49.772803691051458 ], [ 20.607465065617085, 49.781716470526675 ], [ 20.601614025341807, 49.784444715375436 ], [ 20.588537130378388, 49.790662723728893 ], [ 20.576413141549583, 49.796361082722079 ], [ 20.569602882352431, 49.79962746735373 ], [ 20.551343587178547, 49.808270137746746 ], [ 20.550661940632267, 49.808599609775776 ], [ 20.531715548411238, 49.817618964888787 ], [ 20.526260948938134, 49.820173869408293 ], [ 20.512762000003352, 49.826632754276048 ], [ 20.501188848229642, 49.832071964322189 ], [ 20.493800686787651, 49.835621196690397 ], [ 20.476086562904584, 49.84396494914089 ], [ 20.474831188666947, 49.844569713535449 ], [ 20.455854673887103, 49.853515843995979 ], [ 20.450777262040624, 49.855855018761069 ], [ 20.436869645913578, 49.862409231058102 ], [ 20.425267444614398, 49.86774195819914 ], [ 20.417875265529887, 49.871219330920901 ], [ 20.399513367815931, 49.879626163750302 ], [ 20.398871077842696, 49.879927272813042 ], [ 20.379858709447976, 49.888586160862893 ], [ 20.373235600226725, 49.891510783261872 ], [ 20.360835996590978, 49.897117246095441 ], [ 20.34648185673154, 49.903394906287666 ], [ 20.341802270329175, 49.905491281055838 ], [ 20.322758183721461, 49.913725677876954 ], [ 20.319025219374666, 49.915280784812026 ], [ 20.303703825044181, 49.921817890131997 ], [ 20.290640952826447, 49.927170420416815 ], [ 20.284637300885066, 49.929690665264474 ], [ 20.265559388460957, 49.937364108722264 ], [ 20.261136612219314, 49.9390652237838 ], [ 20.246470436081715, 49.944842891955851 ], [ 20.230142039585694, 49.950968265260023 ], [ 20.227368307688884, 49.952034213558456 ], [ 20.208255341379235, 49.959018228333974 ], [ 20.197080486086982, 49.962884301697379 ], [ 20.189129468409348, 49.965701278041095 ], [ 20.16999149622939, 49.97210225732686 ], [ 20.161364647694409, 49.974817443713931 ], [ 20.150841437594472, 49.978207952594055 ], [ 20.131679016990578, 49.983991946887201 ], [ 20.121796292638166, 49.986776828085247 ], [ 20.112504654143336, 49.9894561234929 ], [ 20.093318659769547, 49.9945976505917 ], [ 20.076433636554711, 49.998776538248542 ], [ 20.074120202255596, 49.999362190866421 ], [ 20.054911798403289, 50.003844434618891 ], [ 20.035691481505832, 50.007937378131402 ], [ 20.020620011553429, 50.010850821484411 ], [ 20.016460379133441, 50.011672633259892 ], [ 19.997220054278589, 50.015105228330825 ], [ 19.977969488112528, 50.018167281220855 ], [ 19.958709351956941, 50.020870373783175 ], [ 19.940495270474109, 50.023097738707811 ], [ 19.939440364315509, 50.02322941521053 ], [ 19.920163991767197, 50.025299680904467 ], [ 19.900879737453124, 50.027036170881743 ], [ 19.881588227661432, 50.028451286360095 ], [ 19.862290067624045, 50.029557333990979 ], [ 19.842985841309531, 50.030366507855675 ], [ 19.82367611128673, 50.030890872653409 ], [ 19.804361418656654, 50.031142348143362 ], [ 19.78504228304935, 50.031132694869335 ], [ 19.765719202682579, 50.030873501215837 ], [ 19.746392654478321, 50.030376171794131 ], [ 19.727063094233564, 50.029651917198734 ], [ 19.707730956841086, 50.028711745121292 ], [ 19.68839665655636, 50.027566452844688 ], [ 19.669060587306067, 50.026226621096974 ], [ 19.654311711988949, 50.025064232616316 ], [ 19.649723243752788, 50.024711558578005 ], [ 19.630385277612884, 50.023054948497091 ], [ 19.611046614856075, 50.0212375332341 ], [ 19.591707565397662, 50.019268794084567 ], [ 19.572368421354629, 50.01715800112332 ], [ 19.553029457460902, 50.014914213082641 ], [ 19.546003436413269, 50.014054727026604 ], [ 19.533691312684041, 50.012580696258411 ], [ 19.514354053226697, 50.010153579389012 ], [ 19.495017674529272, 50.007621499448206 ], [ 19.475682382529257, 50.004992575941635 ], [ 19.460474634045294, 50.002856013954016 ], [ 19.456348488264776, 50.002287415699982 ], [ 19.437016475357723, 49.999549325704436 ], [ 19.417686043261135, 49.996739133456707 ], [ 19.398357338467527, 49.993864162849896 ], [ 19.383207129602134, 49.991567290723943 ], [ 19.379030599318167, 49.990944927186902 ], [ 19.359706198551464, 49.988024383672595 ], [ 19.340383844618344, 49.985061131330525 ], [ 19.321063632504874, 49.982061863380444 ], [ 19.309280511540305, 49.980218266335534 ], [ 19.301745796268232, 49.979057231330721 ], [ 19.282430461056762, 49.976067684235133 ], [ 19.263117438301748, 49.973062148313694 ], [ 19.243806777826073, 49.970046877732784 ], [ 19.235935108110411, 49.96882096065783 ], [ 19.224498683701242, 49.967063447007675 ], [ 19.205193096115636, 49.964107018759719 ], [ 19.185889912014165, 49.961159506141193 ], [ 19.166589140542406, 49.958226943920003 ], [ 19.160940750750555, 49.95737958181833 ], [ 19.147290902349418, 49.955355084546525 ], [ 19.127995077204424, 49.952526403253202 ], [ 19.108701589347241, 49.949730661587132 ], [ 19.08941040959504, 49.946973923341623 ], [ 19.081675917342533, 49.945892797986062 ], [ 19.070121543744296, 49.944293006208945 ], [ 19.050834895120044, 49.941683208577395 ], [ 19.031550368530578, 49.939130515530486 ], [ 19.012267896386344, 49.936641299417552 ], [ 18.994009684601959, 49.934351704767643 ], [ 18.992987400598206, 49.934224478473041 ], [ 18.973708769050639, 49.931925439443603 ], [ 18.954431893299791, 49.929708932686736 ], [ 18.935156664515475, 49.927581954898585 ], [ 18.915882962328268, 49.925551750440782 ], [ 18.896610654277989, 49.923625839978087 ], [ 18.886996139055764, 49.922727090994833 ], [ 18.877339552667035, 49.921828810070487 ], [ 18.858069485434783, 49.920166589887913 ], [ 18.83880031763653, 49.918631158112817 ], [ 18.819531864642098, 49.917231243018392 ], [ 18.80026392619807, 49.915975998558139 ], [ 18.780996285407429, 49.914875041655755 ], [ 18.761728707608864, 49.913938491394475 ], [ 18.742460939149524, 49.913177010211619 ], [ 18.723192706044777, 49.912601847199149 ], [ 18.703923712517831, 49.912224883615593 ], [ 18.684653639411927, 49.912058680714544 ], [ 18.665382142467283, 49.912116529985248 ], [ 18.646108850454493, 49.912412505923591 ], [ 18.626833363155814, 49.91296152140427 ], [ 18.607555249185303, 49.913779385763803 ], [ 18.588274043638261, 49.914882865669881 ], [ 18.568938739146901, 49.921954975920009 ], [ 18.568895024149079, 49.921980914334647 ], [ 18.549556920407891, 49.933409119334485 ], [ 18.53040252455629, 49.921831444365189 ], [ 18.530406671214699, 49.920090384241718 ], [ 18.51695472734394, 49.921776213858244 ], [ 18.511107518534743, 49.922542117817045 ], [ 18.491801850137794, 49.925426410209838 ], [ 18.472489284336131, 49.928730532623689 ], [ 18.453162457634278, 49.933060494184204 ], [ 18.450506137045938, 49.933050227465763 ], [ 18.433839210768394, 49.936788159481218 ], [ 18.414465486191055, 49.944433375869558 ], [ 18.404421831232838, 49.944392542548336 ], [ 18.395148364051199, 49.947067803850793 ], [ 18.37578428482696, 49.953171116587427 ], [ 18.368180789730236, 49.955770588763045 ], [ 18.356405567932335, 49.960003751119125 ], [ 18.338035858452404, 49.967172262714307 ], [ 18.337010947901444, 49.967593126079208 ], [ 18.317597257782207, 49.976097766966475 ], [ 18.312271802473351, 49.978592156613857 ], [ 18.298162872212341, 49.985552286082722 ], [ 18.289629497952205, 49.990025482919457 ], [ 18.278705102510269, 49.996058303361394 ], [ 18.269421391561561, 50.001469739404804 ], [ 18.259220838324698, 50.007733705067068 ], [ 18.251166729369299, 50.01292309417051 ], [ 18.239706709645503, 50.020700136971939 ], [ 18.234504935036558, 50.024384089286542 ], [ 18.220159137264023, 50.035079259284068 ], [ 18.219161621879984, 50.035851563470764 ], [ 18.204980733580911, 50.047324969453243 ], [ 18.200573095351199, 50.051067058937932 ], [ 18.191743251402119, 50.058803207166861 ], [ 18.180945413879581, 50.0687306284863 ], [ 18.179300035520289, 50.070285544041148 ], [ 18.167594624334843, 50.08177182981116 ], [ 18.161270864222669, 50.088247684010781 ], [ 18.156483386703915, 50.093261243354796 ], [ 18.145905985033068, 50.104753510785471 ], [ 18.141546396091385, 50.109656289533653 ], [ 18.135788280114166, 50.116248225633576 ], [ 18.126065848969304, 50.127745022735304 ], [ 18.121769275504306, 50.132972533217561 ], [ 18.116685223620362, 50.139243594272166 ], [ 18.107597222143657, 50.150743644814568 ], [ 18.101939307115487, 50.158074295702853 ], [ 18.098752532665735, 50.162244860134948 ], [ 18.09011511259235, 50.173747013263437 ], [ 18.082059542707107, 50.184679807416771 ], [ 18.081642353431032, 50.185249813418146 ], [ 18.073297303825285, 50.196753001761572 ], [ 18.065051226152999, 50.208256374500145 ], [ 18.062136716157458, 50.212343330650405 ], [ 18.056863655053089, 50.219759624236453 ], [ 18.048709548578461, 50.231262558385048 ], [ 18.042181163451922, 50.240477399053688 ], [ 18.040561054290876, 50.242764954135787 ], [ 18.032374251535479, 50.254266447137645 ], [ 18.024143573090779, 50.265766982783575 ], [ 18.022205188372858, 50.26844827480717 ], [ 18.015814053179991, 50.277266086593805 ], [ 18.007379000877645, 50.288763680536853 ], [ 18.002220784177418, 50.295690155118137 ], [ 17.998802136388829, 50.300259429558309 ], [ 17.990047760935898, 50.311752992604788 ], [ 17.982237388992431, 50.321803529676544 ], [ 17.98111046826061, 50.323244282727998 ], [ 17.971921677851679, 50.334732651946226 ], [ 17.962503895396107, 50.346218242133432 ], [ 17.962262613815305, 50.346505081031722 ], [ 17.952765568646964, 50.357700173917507 ], [ 17.942742213872396, 50.369178690514012 ], [ 17.942301053325153, 50.369669658216132 ], [ 17.932334634735515, 50.38065280852291 ], [ 17.922354556904544, 50.391302968458213 ], [ 17.921578038233648, 50.392122752263958 ], [ 17.910372868333436, 50.40358749342434 ], [ 17.902424133980787, 50.411446687183222 ], [ 17.898739557830257, 50.415047097034098 ], [ 17.886612384263625, 50.426500806953612 ], [ 17.882508326427807, 50.430244242947701 ], [ 17.873955224250164, 50.437948120561103 ], [ 17.862606258626755, 50.447804364897053 ], [ 17.860757800173257, 50.449388765791412 ], [ 17.846939665667154, 50.460821763331346 ], [ 17.842717989779047, 50.464189752274521 ], [ 17.832480509323979, 50.472246690113117 ], [ 17.822841136038001, 50.47955707673659 ], [ 17.817351447730385, 50.483663015632487 ], [ 17.802973954322084, 50.494026927943978 ], [ 17.801506464553693, 50.495070006879942 ], [ 17.784883252879336, 50.506466723301791 ], [ 17.783116680224662, 50.50763481960567 ], [ 17.767445071833041, 50.517852444915704 ], [ 17.763267849583521, 50.520478962270943 ], [ 17.749159640294192, 50.529226461244804 ], [ 17.743425855227976, 50.532656581238676 ], [ 17.729983141087654, 50.540587897877188 ], [ 17.723589886794599, 50.544229193707842 ], [ 17.709873744370235, 50.551935854009862 ], [ 17.703759143174974, 50.555254129959195 ], [ 17.688792365625854, 50.563269409355222 ], [ 17.683932844969025, 50.565784412125133 ], [ 17.666703370302177, 50.57458763139141 ], [ 17.664110243140442, 50.575868777525621 ], [ 17.644290916616246, 50.58554163802404 ], [ 17.643569886517412, 50.585889520872698 ], [ 17.624475312713177, 50.594805595962136 ], [ 17.619345217929354, 50.597173905638712 ], [ 17.604661664680901, 50.603737969171334 ], [ 17.594029213814373, 50.608440107025103 ], [ 17.584849350540924, 50.61237350950973 ], [ 17.567606795309359, 50.619687232194174 ], [ 17.565037791909337, 50.620743585616637 ], [ 17.545228294654802, 50.628816783470548 ], [ 17.540037561048241, 50.630914026296111 ], [ 17.525419656695369, 50.63664356044022 ], [ 17.511332809614874, 50.642119824096788 ], [ 17.505610444894156, 50.644278934278042 ], [ 17.485801678356456, 50.651698725205165 ], [ 17.481488219141195, 50.65330373467043 ], [ 17.465993636861985, 50.658902725270877 ], [ 17.450504120413136, 50.66446489139544 ], [ 17.446183913905095, 50.665972117190371 ], [ 17.426374748730513, 50.672844997738807 ], [ 17.418387130384314, 50.675602480101816 ], [ 17.40656476152072, 50.679569457723375 ], [ 17.386752703603229, 50.686187361652991 ], [ 17.38516372736618, 50.686715936152453 ], [ 17.366941797292039, 50.69260976990337 ], [ 17.350826588773746, 50.697804214926222 ], [ 17.347127819197318, 50.698963866211415 ], [ 17.327314249584521, 50.705154233066722 ], [ 17.315399865269193, 50.708866686526562 ], [ 17.307498371704874, 50.711262061708105 ], [ 17.287681529876771, 50.717253297056516 ], [ 17.278899096977621, 50.719902592401723 ], [ 17.267863350882926, 50.723142048461625 ], [ 17.248043218841286, 50.728948282499232 ], [ 17.241330087165103, 50.730911016754604 ], [ 17.228222417920282, 50.73464070982881 ], [ 17.208399048817618, 50.740272860985286 ], [ 17.202693621849082, 50.741890944643593 ], [ 17.188575374105657, 50.745788057064821 ], [ 17.168748883068716, 50.751254423427362 ], [ 17.16298380326781, 50.752841227737299 ], [ 17.148922139310386, 50.756608518340698 ], [ 17.129092692365482, 50.761915339550647 ], [ 17.122187033228361, 50.763760556357973 ], [ 17.109262728172251, 50.767122120839225 ], [ 17.089430529614763, 50.772274106792658 ], [ 17.080281781073086, 50.774647441326266 ], [ 17.069597224740718, 50.777345562845596 ], [ 17.049762503391747, 50.782346383683617 ], [ 17.037239234414372, 50.785500209048223 ], [ 17.029925756461864, 50.787293170472758 ], [ 17.010088751327707, 50.792145901485931 ], [ 16.99302490373347, 50.796317013306798 ], [ 16.990248468434064, 50.796977733317206 ], [ 16.970409414317572, 50.801685248580938 ], [ 16.95056640189593, 50.806390582339283 ], [ 16.947585164079296, 50.807095584549728 ], [ 16.930724612442663, 50.810976524553297 ], [ 16.910879940130215, 50.815538482954302 ], [ 16.900876082185629, 50.817833707008695 ], [ 16.891034423357933, 50.820031864666142 ], [ 16.871188265565905, 50.824454103533867 ], [ 16.852881065718268, 50.828529557758166 ], [ 16.851338863690113, 50.828863839770669 ], [ 16.831491345610246, 50.833150764821596 ], [ 16.811640257890271, 50.837434787428727 ], [ 16.803533728743751, 50.839180307052132 ], [ 16.791789062193615, 50.841642639865952 ], [ 16.771936794182448, 50.845796589382594 ], [ 16.7528666978879, 50.849784875192086 ], [ 16.752081201826734, 50.849944882623177 ], [ 16.732227723025304, 50.853975553620486 ], [ 16.712370758828495, 50.858006059547385 ], [ 16.700854827989659, 50.860341055106247 ], [ 16.692512654082716, 50.861988885521178 ], [ 16.672654407440973, 50.865905190376182 ], [ 16.652792577319577, 50.869825148192945 ], [ 16.647597921454295, 50.870849068798087 ], [ 16.632931336627411, 50.873666294397317 ], [ 16.613067979258766, 50.877483539545651 ], [ 16.593200859310741, 50.881309382975793 ], [ 16.573335628906911, 50.885034840320799 ], [ 16.553466553193672, 50.888771784781774 ], [ 16.537816619325117, 50.89172363911257 ], [ 16.533594654684006, 50.892500553738238 ], [ 16.513723154094908, 50.896160866207914 ], [ 16.493847476297763, 50.899839526321834 ], [ 16.481704380550152, 50.902096033008903 ], [ 16.473969616169992, 50.903499221220656 ], [ 16.454090779051324, 50.907118289569027 ], [ 16.43420733804362, 50.910763589697041 ], [ 16.425156010660903, 50.912431961960245 ], [ 16.414322149341608, 50.914382965839231 ], [ 16.394434639325237, 50.917987258193193 ], [ 16.374542004362191, 50.921626570149627 ], [ 16.368506431810076, 50.922738351031271 ], [ 16.354647961667126, 50.92523456961792 ], [ 16.334750185331664, 50.92885261464383 ], [ 16.314846671979797, 50.932515217300683 ], [ 16.312108722615335, 50.933023190680849 ], [ 16.294942119835909, 50.93614042379852 ], [ 16.275032247464559, 50.939802237062864 ], [ 16.256308491254941, 50.94329497558094 ], [ 16.255116286437229, 50.943512857264118 ], [ 16.235199125880005, 50.947188824255306 ], [ 16.215275120073354, 50.95092527609166 ], [ 16.201424088894932, 50.95356219954359 ], [ 16.195345705882382, 50.954697016924015 ], [ 16.175413013641627, 50.958468146019534 ], [ 16.155472666466625, 50.962310268156806 ], [ 16.147693682911825, 50.963831976641139 ], [ 16.135527973714183, 50.966168074610209 ], [ 16.115577469107517, 50.970064858405664 ], [ 16.095618448978946, 50.974043079260547 ], [ 16.095286845208317, 50.974110121086731 ], [ 16.075656662047944, 50.978009559413486 ], [ 16.055685979472759, 50.982061328108387 ], [ 16.044362182934268, 50.984402431475786 ], [ 16.035708616702085, 50.986161837303371 ], [ 16.01572526103735, 50.99029934691486 ], [ 15.995732016152422, 50.994533361587806 ], [ 15.99490861671654, 50.994710561058525 ], [ 15.975734748105481, 50.998771734640208 ], [ 15.955727386777442, 51.003107009670188 ], [ 15.94698638509097, 51.005037953318919 ], [ 15.93571298711581, 51.007490886305455 ], [ 15.915690609244873, 51.011936518185436 ], [ 15.900499202397668, 51.015383935509895 ], [ 15.895658648765464, 51.016466651675188 ], [ 15.875620435285509, 51.021030094066369 ], [ 15.855570626446044, 51.025705044181805 ], [ 15.855386857828471, 51.025748597950439 ], [ 15.835515797166467, 51.030392834516967 ], [ 15.815449093832989, 51.035193071630253 ], [ 15.811591840933319, 51.036131961559221 ], [ 15.795375846837439, 51.040026357316975 ], [ 15.77529171760551, 51.044954443502988 ], [ 15.768977099922115, 51.046531713866813 ], [ 15.75519999599768, 51.049928447561783 ], [ 15.735098065279695, 51.054984630164554 ], [ 15.727435977909577, 51.056946155929104 ], [ 15.714987955443634, 51.060092742851197 ], [ 15.694868023645723, 51.065274813093986 ], [ 15.686857474191084, 51.067373282421073 ], [ 15.674739771770295, 51.070508480705733 ], [ 15.654601833404222, 51.075811672277837 ], [ 15.647129404177051, 51.077810874386699 ], [ 15.63445585930144, 51.081160332301124 ], [ 15.614300117992665, 51.08657727074646 ], [ 15.608140599928449, 51.088256569865422 ], [ 15.594137025054406, 51.092028345102243 ], [ 15.573963904407817, 51.097549057707525 ], [ 15.569782284958491, 51.098707913619855 ], [ 15.553784484632498, 51.103088013492595 ], [ 15.533594633999961, 51.108700007266307 ], [ 15.531948766630853, 51.109162388110519 ], [ 15.513399867207028, 51.114310490951226 ], [ 15.494542094371582, 51.119617563629276 ], [ 15.49319466306684, 51.119992287266776 ], [ 15.472985208203626, 51.125662949956393 ], [ 15.45746133947458, 51.130070789715703 ], [ 15.452766493286607, 51.131387937343042 ], [ 15.432542928932003, 51.137109086976594 ], [ 15.420601357767891, 51.140519155775401 ], [ 15.41231209237808, 51.142857637281061 ], [ 15.392075803148137, 51.148609760431711 ], [ 15.383865586501519, 51.150959883031696 ], [ 15.371834369262951, 51.154361428601945 ], [ 15.35158691136059, 51.160123740123858 ], [ 15.347158244701205, 51.161390095610983 ], [ 15.331336511424825, 51.16585767208219 ], [ 15.311079584513847, 51.171608538284609 ], [ 15.310383120590705, 51.171806784128236 ], [ 15.290821924678761, 51.177303899392399 ], [ 15.27343877840649, 51.182206651994619 ], [ 15.270558344095335, 51.183008853184596 ], [ 15.250294166272507, 51.188657688743028 ], [ 15.23622162433041, 51.192586204970304 ], [ 15.23002592640896, 51.194293703550713 ], [ 15.209756874444629, 51.19987752427928 ], [ 15.198626669721758, 51.202941770649836 ], [ 15.189485714405492, 51.205425660147895 ], [ 15.16921369777782, 51.210923600056844 ], [ 15.160542431322563, 51.21326932577599 ], [ 15.148941315994854, 51.216366248027526 ], [ 15.128668227639483, 51.221758533516052 ], [ 15.121849249271254, 51.223564425870343 ], [ 15.10839625375168, 51.227079678401843 ], [ 15.088123936714846, 51.232347959898455 ], [ 15.082417148715576, 51.233822114633519 ], [ 15.067853908524594, 51.23753336581634 ], [ 15.04758412614183, 51.242660987367927 ], [ 15.047426059093045, 51.244216947522261 ], [ 15.046253813321595, 51.255750345162618 ], [ 15.045082264867688, 51.267283749692716 ], [ 15.043911567839439, 51.27881716636572 ], [ 15.04274187088785, 51.290350600254413 ], [ 15.022731711931748, 51.300757237504641 ], [ 15.021855758632322, 51.301214863950996 ], [ 15.02068179898529, 51.312747982924009 ], [ 15.000937945036076, 51.32300317237155 ], [ 14.99977911512218, 51.323607897666228 ], [ 14.998601403156837, 51.335140718436719 ], [ 14.979122567937564, 51.345245675310373 ], [ 14.977682539036776, 51.345996290499933 ], [ 14.976501573221132, 51.357528829663259 ], [ 14.977962301815005, 51.358477792977887 ], [ 14.995078745613018, 51.369739441616858 ], [ 14.976110941232028, 51.379570486980114 ], [ 14.974145481568007, 51.380594060444452 ], [ 14.972970563755505, 51.392126759351086 ], [ 14.971797859551787, 51.403659518440129 ], [ 14.970627457468323, 51.415192340828668 ], [ 14.969459439994687, 51.426725229428662 ], [ 14.9718284961241, 51.428262380477065 ], [ 14.988089911123074, 51.43893838700059 ], [ 14.970065721644378, 51.448265552313771 ], [ 14.967130859513528, 51.449791215910459 ], [ 14.965970432610012, 51.461324318630673 ], [ 14.948170209353016, 51.470525494786777 ], [ 14.944997592388503, 51.472172876003611 ], [ 14.927275311138596, 51.481325956680053 ], [ 14.924015016974021, 51.483017445829994 ], [ 14.906370573914133, 51.492122614416765 ], [ 14.886489370793257, 51.491456457221034 ], [ 14.86660896066466, 51.490786724274891 ], [ 14.863370124100427, 51.492463870775687 ], [ 14.845686198005433, 51.50157021302266 ], [ 14.842356379538176, 51.503293024972216 ], [ 14.82475357893421, 51.512350033626383 ], [ 14.821333255285317, 51.514118185831208 ], [ 14.803811091151289, 51.523126261875873 ], [ 14.783919254110325, 51.522438734715927 ], [ 14.764028241855064, 51.521747554715766 ], [ 14.760613592746234, 51.523509396143204 ], [ 14.743067736187683, 51.532510823175024 ], [ 14.739560123835261, 51.534319108017996 ], [ 14.738353211487794, 51.545848958813586 ], [ 14.721020238381149, 51.554732555040722 ], [ 14.717288025336574, 51.556654423116349 ], [ 14.716081775481435, 51.568184132832577 ], [ 14.719543096995659, 51.570439046957631 ], [ 14.734753003780762, 51.580439171947383 ], [ 14.738362744451249, 51.582788973655489 ], [ 14.753440221755918, 51.592691659589448 ], [ 14.757192920550125, 51.59513264862084 ], [ 14.772143339418854, 51.604941585363889 ], [ 14.77096915491749, 51.616472804027566 ], [ 14.754405852310011, 51.624965592618196 ], [ 14.749899655793424, 51.627284269571128 ], [ 14.753943203356286, 51.62991281661445 ], [ 14.768631009090061, 51.639535567896175 ], [ 14.752257235385859, 51.64792928344302 ], [ 14.747556538468249, 51.650346565259021 ], [ 14.75177423737699, 51.653087187873687 ], [ 14.766306503496519, 51.662598768100644 ], [ 14.750104849438035, 51.670902576153431 ], [ 14.745227230833157, 51.673409306435026 ], [ 14.744067743746387, 51.684940843878842 ], [ 14.727984360360251, 51.693177536271293 ], [ 14.722978508306619, 51.695747207629246 ], [ 14.706931388663289, 51.703959688483025 ], [ 14.701881785258923, 51.706549625052268 ], [ 14.685868312142944, 51.714739342699794 ], [ 14.680777706446117, 51.717348098206415 ], [ 14.679615240072591, 51.728879091338044 ], [ 14.663692711021129, 51.737016405468466 ], [ 14.658501964595226, 51.739673409744142 ], [ 14.657341066550236, 51.751204308326571 ], [ 14.656183689506861, 51.762735324341875 ], [ 14.655029811968648, 51.774266457085396 ], [ 14.653879410638858, 51.785797705784852 ], [ 14.65273246036295, 51.79732906959805 ], [ 14.637046675889716, 51.805338627024931 ], [ 14.617036375929876, 51.804607277825539 ], [ 14.611617582456901, 51.807372900236452 ], [ 14.595902546409947, 51.815387853647458 ], [ 14.590476908566433, 51.818154614033453 ], [ 14.589324823311987, 51.829685380550316 ], [ 14.594195811533698, 51.832852533664962 ], [ 14.608176589853143, 51.841966138969056 ], [ 14.607036415285728, 51.853497449320265 ], [ 14.611966974762042, 51.856700191857442 ], [ 14.631997499131298, 51.857461195920244 ], [ 14.645921563268031, 51.866519612970038 ], [ 14.650914108001471, 51.869758270271006 ], [ 14.664814470078387, 51.878792305295491 ], [ 14.669841222470899, 51.882050625367761 ], [ 14.683720784218801, 51.891062285611291 ], [ 14.688778839134899, 51.894338352646244 ], [ 14.70264034649527, 51.903329542206748 ], [ 14.701540395873906, 51.914862867903601 ], [ 14.700443307120592, 51.926396286003921 ], [ 14.705523163558334, 51.929682544377314 ], [ 14.719391074069785, 51.938661562112856 ], [ 14.718304171861586, 51.950195440831862 ], [ 14.717219881159835, 51.961729402452235 ], [ 14.716138125295162, 51.973263444246854 ], [ 14.715058822052077, 51.984797563284459 ], [ 14.720094862519424, 51.988050211177047 ], [ 14.734047278809195, 51.997061492414552 ], [ 14.732977009884385, 52.008596025744545 ], [ 14.731908857452135, 52.020130623778208 ], [ 14.736898810666617, 52.023349637299589 ], [ 14.750921799854092, 52.032392398239317 ], [ 14.749861801517371, 52.043927375455972 ], [ 14.74880352226443, 52.055462402710397 ], [ 14.753728878732725, 52.058635924477045 ], [ 14.767839225114777, 52.067721945881061 ], [ 14.752099513979793, 52.075780049519267 ], [ 14.74669159408837, 52.078532588485245 ], [ 14.745637661916234, 52.090067736859311 ], [ 14.729754455494373, 52.09819332292448 ], [ 14.709610085675074, 52.097483682632813 ], [ 14.704377953132928, 52.100142186206483 ], [ 14.688349642282565, 52.108332858985378 ], [ 14.683211949271094, 52.110941137536827 ], [ 14.682149319471179, 52.122475616311476 ], [ 14.68108746969394, 52.134010112216011 ], [ 14.680026207377999, 52.145544618219589 ], [ 14.684472370579869, 52.148409455036294 ], [ 14.699086877804289, 52.157815858672087 ], [ 14.703525217100442, 52.160673412522165 ], [ 14.718155892976997, 52.170084145457572 ], [ 14.701811059016057, 52.178432280102584 ], [ 14.696972781671906, 52.180885332068236 ], [ 14.695915383958591, 52.192420038768567 ], [ 14.694857445564155, 52.20395471425406 ], [ 14.699081559803686, 52.206672039571977 ], [ 14.71393923603225, 52.216223838452265 ], [ 14.712883039237058, 52.227758658857844 ], [ 14.711825541687679, 52.2392934203964 ], [ 14.710766490514795, 52.250828113866589 ], [ 14.693974031810592, 52.259389686916442 ], [ 14.673756460073832, 52.258684388948232 ], [ 14.66939738843263, 52.260888458318597 ], [ 14.65240664917304, 52.269540354363727 ], [ 14.632185440594869, 52.268828867750599 ], [ 14.628016024857235, 52.270934061536273 ], [ 14.610820654758346, 52.279679105910198 ], [ 14.590595824576651, 52.278961396423625 ], [ 14.586622178659466, 52.280964905477823 ], [ 14.58553378557356, 52.292497836826172 ], [ 14.584442513502742, 52.3040306495651 ], [ 14.583348071428837, 52.315563332770836 ], [ 14.565744818320347, 52.324494298876353 ], [ 14.562080607838235, 52.32633845955462 ], [ 14.560975580272487, 52.337870615546557 ], [ 14.559866508608852, 52.349402608587255 ], [ 14.558753117947541, 52.360934428284203 ], [ 14.557635143410463, 52.372466064616113 ], [ 14.55651233197945, 52.383997508002338 ], [ 14.538509550033588, 52.393102379002777 ], [ 14.535195085108642, 52.394766454070584 ], [ 14.538149275374195, 52.396667671880678 ], [ 14.554251256413284, 52.407059780224515 ], [ 14.553112561426421, 52.418590592703119 ], [ 14.551968171036977, 52.43012117964242 ], [ 14.554938561676472, 52.432030505895327 ], [ 14.575223729680051, 52.432842785484979 ], [ 14.591229699031107, 52.443167852758805 ], [ 14.594358269213078, 52.445176102426835 ], [ 14.6102929299247, 52.455451768322789 ], [ 14.609142579724464, 52.466982444417496 ], [ 14.612354545004681, 52.46904215731999 ], [ 14.628207395846413, 52.479263264440121 ], [ 14.631513796953797, 52.481381856878293 ], [ 14.647276033972755, 52.491540966776746 ], [ 14.64611623977828, 52.503071492583352 ], [ 14.628475762502058, 52.511966534631661 ], [ 14.624714931864064, 52.513854003738778 ], [ 14.62353873822874, 52.525383780872062 ], [ 14.622356548907639, 52.536913324102457 ], [ 14.621168411076637, 52.548442635096741 ], [ 14.624624930601906, 52.550654588931025 ], [ 14.640228693315287, 52.560720677851123 ], [ 14.639033800594818, 52.572249837831912 ], [ 14.62159717541353, 52.581011432270621 ], [ 14.617569089855222, 52.583029202890593 ], [ 14.616358038672324, 52.594557616785046 ], [ 14.615141572745532, 52.606085817838924 ], [ 14.597769789662999, 52.614795066434802 ], [ 14.593641645613852, 52.61685984328485 ], [ 14.576228944256249, 52.625579947002294 ], [ 14.555843984739026, 52.624872121201982 ], [ 14.551847066374966, 52.626868398849489 ], [ 14.534288348377965, 52.635647149151403 ], [ 14.53031473132247, 52.637630050779201 ], [ 14.512722399818729, 52.64641577625413 ], [ 14.508767950172361, 52.648387383705106 ], [ 14.491146139590994, 52.657177980582098 ], [ 14.47074865322141, 52.656456123098501 ], [ 14.466915684875309, 52.658364420140572 ], [ 14.465630912170051, 52.669889061721683 ], [ 14.447962681516254, 52.678683081131354 ], [ 14.444040628803517, 52.680633392961873 ], [ 14.442741149294561, 52.692157310798891 ], [ 14.425154012137655, 52.700896344324455 ], [ 14.421126372557262, 52.702896760941954 ], [ 14.403530574677189, 52.711630385349693 ], [ 14.399497254690811, 52.713631861198678 ], [ 14.398174154039308, 52.725154554607954 ], [ 14.380682822925582, 52.733822133061786 ], [ 14.376521237556965, 52.73588477874263 ], [ 14.359032744067635, 52.74454145057004 ], [ 14.354854257125652, 52.74661064845683 ], [ 14.337372300358357, 52.755254636826486 ], [ 14.333173297362357, 52.757332160899104 ], [ 14.315701484009354, 52.765961744438208 ], [ 14.311478452235875, 52.76804931364866 ], [ 14.294020286626404, 52.776662830598795 ], [ 14.273572645973319, 52.775903653352188 ], [ 14.269425175441697, 52.777950911765302 ], [ 14.268047521875882, 52.789470532325176 ], [ 14.250626712491622, 52.798047186464473 ], [ 14.246311661339986, 52.800174595236761 ], [ 14.228914316435722, 52.808730587795189 ], [ 14.22456236262822, 52.810874292348075 ], [ 14.20719150085513, 52.819408229702319 ], [ 14.186726484309922, 52.818631760266932 ], [ 14.182434392118839, 52.820742920459168 ], [ 14.164988912732561, 52.829299301888675 ], [ 14.144520532291187, 52.828514899714072 ], [ 14.140283602642683, 52.830595911293052 ], [ 14.1388590504046, 52.842112689849635 ], [ 14.137433305380517, 52.853629409159304 ], [ 14.141423901703851, 52.856200993028779 ], [ 14.156395439528024, 52.865981395853581 ], [ 14.154974385372565, 52.877498437236262 ], [ 14.159306096725677, 52.880287027705158 ], [ 14.173955555562042, 52.889848098437682 ], [ 14.157329830102329, 52.897982401636042 ], [ 14.152130770020081, 52.900532427435863 ], [ 14.150708552842424, 52.912049390374733 ], [ 14.149286272770786, 52.923566340508771 ], [ 14.147864073386604, 52.935083283747815 ], [ 14.146442087478981, 52.946600225564048 ], [ 14.145020437423732, 52.958117171007224 ], [ 14.150223136170856, 52.961461559993218 ], [ 14.164047580873975, 52.970469683004637 ], [ 14.169448074213097, 52.973938435193105 ], [ 14.189974927029667, 52.974818127576654 ], [ 14.203546552639532, 52.983648493219548 ], [ 14.209217770525843, 52.987286056114051 ], [ 14.229752275408066, 52.988158233069214 ], [ 14.243076965404102, 52.996814943582088 ], [ 14.249013040047256, 53.000617078084083 ], [ 14.262164156119461, 53.009153265849228 ], [ 14.268285150556332, 53.013070693009141 ], [ 14.288833891369869, 53.013931302516106 ], [ 14.301749285326773, 53.022301565237278 ], [ 14.308123948969531, 53.026375644126119 ], [ 14.32087467687057, 53.034631428615747 ], [ 14.327425375369041, 53.038814641934323 ], [ 14.340015387727425, 53.046958607018915 ], [ 14.346738180071142, 53.051248259306909 ], [ 14.359171476017874, 53.059283095995603 ], [ 14.357828744248263, 53.070804689037161 ], [ 14.364816263044945, 53.075258710880767 ], [ 14.377007818685353, 53.083126905987015 ], [ 14.37567371196824, 53.094648951967947 ], [ 14.374340693710542, 53.106171029597171 ], [ 14.373008784618166, 53.117693139734264 ], [ 14.380428345327513, 53.122415703067666 ], [ 14.392226168282894, 53.130013919429231 ], [ 14.390903012589311, 53.141536484354333 ], [ 14.37767577858507, 53.148014323963466 ], [ 14.369019857439616, 53.152259671381714 ], [ 14.367692511281954, 53.163781917006709 ], [ 14.366366319440417, 53.17530419716789 ], [ 14.37419977862179, 53.18028486016275 ], [ 14.385621822449412, 53.187627081602528 ], [ 14.384304385167779, 53.199149815649903 ], [ 14.392347150864742, 53.204258314578944 ], [ 14.403582870004524, 53.211470385983674 ], [ 14.402274123915566, 53.222993568646181 ], [ 14.410514935398005, 53.228222483554617 ], [ 14.4215754825688, 53.235311808971012 ], [ 14.429938004295437, 53.240613639616008 ], [ 14.440892121982893, 53.247627296188234 ], [ 14.449372544752771, 53.252999504494412 ], [ 14.460224001603546, 53.259940022051538 ], [ 14.447997206005033, 53.265927804750689 ], [ 14.438307807523721, 53.270675388794459 ], [ 14.426086430933971, 53.276655445677505 ], [ 14.416381260047832, 53.281406491329655 ], [ 14.415085280574399, 53.292930235259043 ], [ 14.413790289288649, 53.304454006995051 ], [ 14.412496262536699, 53.315977805675068 ], [ 14.411203175385211, 53.32750163038645 ], [ 14.409911001711073, 53.339025480170058 ], [ 14.40861971428493, 53.350549354023386 ], [ 14.396732121286899, 53.356352769280562 ], [ 14.386650308388051, 53.361274098708257 ], [ 14.395589443502253, 53.366931400110268 ], [ 14.4060396841996, 53.373597169730445 ], [ 14.394246927311547, 53.379351494707223 ], [ 14.384059309036562, 53.384321215162409 ], [ 14.382764991850065, 53.39584480444703 ], [ 14.381471421164536, 53.40736841287567 ], [ 14.380178564727085, 53.418892039242266 ], [ 14.378886389646503, 53.430415682315193 ], [ 14.377594862447157, 53.441939340839305 ], [ 14.376303949121073, 53.45346301353797 ], [ 14.364745299906033, 53.459089892484016 ], [ 14.354279546317681, 53.464180648494406 ], [ 14.352983544334414, 53.475703978101876 ], [ 14.351688062613404, 53.487227318576053 ], [ 14.35039306558172, 53.498750668570388 ], [ 14.338920020130631, 53.504326754795009 ], [ 14.328340900631515, 53.50946292270293 ], [ 14.327040593884362, 53.520985920757738 ], [ 14.325740674968186, 53.532508924852038 ], [ 14.31431001839422, 53.538056659600294 ], [ 14.303666223750891, 53.543216137995714 ], [ 14.302360831200136, 53.554738783131128 ], [ 14.311802322479968, 53.560702732571414 ], [ 14.321842879765036, 53.567077959428879 ], [ 14.320544146144329, 53.578600973710572 ], [ 14.31924561688251, 53.590123987024022 ], [ 14.317947255138449, 53.601646997959271 ], [ 14.316649024105752, 53.613170005106831 ], [ 14.305371836704884, 53.61863291789696 ], [ 14.294533274475123, 53.623874656461879 ], [ 14.293229138405939, 53.635397289248935 ], [ 14.291925035180986, 53.646919914629166 ], [ 14.290620928470291, 53.658442531202397 ], [ 14.279372506773569, 53.663882089786711 ], [ 14.268476186033119, 53.669141727492857 ], [ 14.27810296214423, 53.675213143389648 ], [ 14.288012560264278, 53.681487732361965 ], [ 14.27679140672603, 53.686911000020686 ], [ 14.265855621917085, 53.692186180712454 ], [ 14.264545155704036, 53.703708387369112 ], [ 14.263234519807668, 53.715230578903991 ], [ 14.261923679450183, 53.726752753967467 ], [ 14.27162979070615, 53.732867514418309 ], [ 14.281489080249704, 53.739100484721249 ], [ 14.270322171101299, 53.744489636662266 ], [ 14.259301248061163, 53.749797049349802 ], [ 14.269034525073538, 53.755926238468874 ], [ 14.278877935948424, 53.762145457298331 ], [ 14.277571853383707, 53.773667910861207 ], [ 14.276265386892142, 53.785190340917403 ], [ 14.274958504347914, 53.796712746222987 ], [ 14.263829501646356, 53.802075496540311 ], [ 14.252739232593573, 53.807407407922383 ], [ 14.251425552993618, 53.818929404453826 ], [ 14.250111375104188, 53.830451373092338 ], [ 14.238967785988587, 53.835812993948643 ], [ 14.227868283748879, 53.841140891230182 ], [ 14.2265471804968, 53.852662444709793 ], [ 14.225225501012767, 53.864183967293194 ], [ 14.22390321683045, 53.875705457866985 ], [ 14.222580300109419, 53.887226915342126 ], [ 14.221256723650008, 53.898748338654471 ], [ 14.210106649354604, 53.904099801884598 ], [ 14.198970317776189, 53.909431528277707 ], [ 14.208787332344572, 53.915602022710118 ], [ 14.218607486000488, 53.921791078662373 ], [ 14.228460823356126, 53.927979245018982 ], [ 14.249458208977343, 53.928828142453703 ], [ 14.270456671843698, 53.92967333663254 ], [ 14.291456208263664, 53.930514818711771 ], [ 14.30270607264241, 53.925117246983298 ], [ 14.313750899792112, 53.919826332905629 ], [ 14.325016957363109, 53.914416016962406 ], [ 14.336034271200319, 53.90913335346383 ], [ 14.357025510624352, 53.90996301283419 ], [ 14.378017807043832, 53.91078892493811 ], [ 14.387670921554017, 53.916843994527305 ], [ 14.397740950712274, 53.923138702802262 ], [ 14.418741098982757, 53.923957399915388 ], [ 14.439742294102599, 53.924772318938608 ], [ 14.449331156975305, 53.930774320598488 ], [ 14.459490705503914, 53.937111914667128 ], [ 14.469056853057221, 53.943094536769003 ], [ 14.479250797084189, 53.949448272861275 ], [ 14.488794503951139, 53.955411732207622 ], [ 14.49902257585892, 53.961781408744557 ], [ 14.520045201781272, 53.962582056511998 ], [ 14.529547408915228, 53.968510719907677 ], [ 14.539835474095543, 53.974908472485943 ], [ 14.560865927603405, 53.975701760626002 ], [ 14.570327724334408, 53.981596377849392 ], [ 14.580674701783156, 53.988021434805489 ], [ 14.601712975485508, 53.98880731524887 ], [ 14.622752267554208, 53.989589310004007 ], [ 14.632157158087477, 53.99543589710818 ], [ 14.642586346997545, 54.001898641556416 ], [ 14.663633445474366, 54.002673151855127 ], [ 14.684681552065429, 54.003443738374919 ], [ 14.694032841426813, 54.009244422470417 ], [ 14.704540941878156, 54.015742623880378 ], [ 14.725596841026039, 54.016505645092771 ], [ 14.734913431029943, 54.022276000075891 ], [ 14.74547475946061, 54.028797627501653 ], [ 14.766538443809376, 54.029553026714616 ], [ 14.775822094015393, 54.035294168564008 ], [ 14.786434901345043, 54.041838055921204 ], [ 14.80750636349938, 54.042585774478354 ], [ 14.828578810003078, 54.043329474243826 ], [ 14.849652236903603, 54.044069142751901 ], [ 14.85887975291817, 54.049759080013281 ], [ 14.869580813502417, 54.056339702391334 ], [ 14.890661997024591, 54.057071573090816 ], [ 14.911744150019075, 54.057799371704562 ], [ 14.932827268417686, 54.058523085828227 ], [ 14.942008524373289, 54.064167868388964 ], [ 14.952787960293056, 54.070778916047679 ], [ 14.973878813297816, 54.071494713512379 ], [ 14.983039102770523, 54.077117642013036 ], [ 14.993858074230909, 54.083743268227565 ], [ 15.014956653568097, 54.084451086282087 ], [ 15.036056179652482, 54.085154751280847 ], [ 15.04519269144876, 54.090750137046257 ], [ 15.056060792057519, 54.09739206699939 ], [ 15.077168028435123, 54.098087661941129 ], [ 15.098276199688014, 54.098779064457013 ], [ 15.107396388181423, 54.104351390378227 ], [ 15.11830616901843, 54.111004977815995 ], [ 15.139422033801718, 54.111688221065492 ], [ 15.16053882120749, 54.112367233775437 ], [ 15.169650811877265, 54.117921361834327 ], [ 15.180594152053585, 54.124581580023694 ], [ 15.201718615416905, 54.125252346721766 ], [ 15.210828483649747, 54.130795914562867 ], [ 15.221792555391486, 54.137458999987246 ], [ 15.24292468459957, 54.138121461854709 ], [ 15.264057715424318, 54.138779632258327 ], [ 15.273174389944296, 54.144313922979542 ], [ 15.284157028604771, 54.150974440540864 ], [ 15.305297706170069, 54.151624225751512 ], [ 15.326439271959293, 54.152269686589392 ], [ 15.347581721101943, 54.152910813708587 ], [ 15.368725048689431, 54.153547597975027 ], [ 15.389869249775369, 54.154180030469227 ], [ 15.399033847408987, 54.159717379829466 ], [ 15.410014154989664, 54.166350421876366 ], [ 15.431165955520639, 54.166974332698004 ], [ 15.452318615314551, 54.167593863766406 ], [ 15.47347212925825, 54.168209007195152 ], [ 15.494626492202805, 54.168819755325032 ], [ 15.515781698964036, 54.169426100724429 ], [ 15.525037012216584, 54.174991736103301 ], [ 15.535972112356047, 54.181571608934796 ], [ 15.557134867493525, 54.182169320385675 ], [ 15.578298451394954, 54.182762606669051 ], [ 15.587614539896736, 54.188350732892019 ], [ 15.598514186908316, 54.194895636203874 ], [ 15.619685295100664, 54.195480240240805 ], [ 15.640857216583546, 54.196060399892808 ], [ 15.662029945903964, 54.196636109698517 ], [ 15.671446956566498, 54.202266287473641 ], [ 15.682277686823539, 54.208752293650413 ], [ 15.703457904891605, 54.209319270992872 ], [ 15.724638914815079, 54.209881783466301 ], [ 15.745820711008099, 54.210439826700529 ], [ 15.755360569328968, 54.216124798900289 ], [ 15.766100421800131, 54.222539053590594 ], [ 15.787289669573266, 54.223088328751864 ], [ 15.796898166462499, 54.228804141360776 ], [ 15.807587985258222, 54.235179131436347 ], [ 15.828784668030044, 54.235719626852649 ], [ 15.849982109611156, 54.236255637390094 ], [ 15.859705478533424, 54.242025317057298 ], [ 15.870305691390545, 54.248333696067384 ], [ 15.89151053973333, 54.248860917394921 ], [ 15.912716129882954, 54.249383648778462 ], [ 15.933922456002048, 54.24990188828351 ], [ 15.955129512236809, 54.25041563413933 ], [ 15.976337292717814, 54.250924884733088 ], [ 15.997545791560896, 54.251429638603859 ], [ 16.018755002867923, 54.25192989443714 ], [ 16.028849559683074, 54.257883009545907 ], [ 16.039136986412807, 54.263973739814389 ], [ 16.060353517794372, 54.264465212168446 ], [ 16.081570744082011, 54.264952188007506 ], [ 16.091826487167161, 54.270985714650159 ], [ 16.101977894706867, 54.276983372804324 ], [ 16.123202410475294, 54.277461585972233 ], [ 16.133571998028582, 54.2835518352585 ], [ 16.143628112603405, 54.289484432068996 ], [ 16.154055912781072, 54.295602998345785 ], [ 16.164065772265644, 54.301503219749776 ], [ 16.185304149601897, 54.301968460917145 ], [ 16.195853702009693, 54.30814821938295 ], [ 16.205760362725609, 54.313978991357196 ], [ 16.21637191326257, 54.320189198686201 ], [ 16.226228544144266, 54.325985519097131 ], [ 16.236903261665944, 54.332226831609866 ], [ 16.246708699878148, 54.337988069058262 ], [ 16.257447697401677, 54.344261111559717 ], [ 16.267200835805181, 54.349986669103671 ], [ 16.278005165185743, 54.356292031854899 ], [ 16.287704957668971, 54.361981350023349 ], [ 16.298575604323279, 54.368319585734007 ], [ 16.30822107108818, 54.37397214549997 ], [ 16.31915894879916, 54.380343766361769 ], [ 16.31840068779562, 54.391891924034077 ], [ 16.327998257141637, 54.397510138829219 ], [ 16.339002139821925, 54.403912892142735 ], [ 16.348543804975506, 54.409493541491635 ], [ 16.359616327230214, 54.415930471152038 ], [ 16.358868160870141, 54.427478935028113 ], [ 16.368360801211253, 54.433024703599997 ], [ 16.379500226473457, 54.439493281525934 ], [ 16.388935838127811, 54.445000947649419 ], [ 16.400144827898217, 54.451504222711414 ], [ 16.399406658449163, 54.463052984773569 ], [ 16.408792742263913, 54.468525602511868 ], [ 16.420068866657736, 54.475060672904974 ], [ 16.429397321681087, 54.480494960123373 ], [ 16.440743385748927, 54.487064939292004 ], [ 16.44001508069903, 54.498613990901603 ], [ 16.449294229635221, 54.504013485830548 ], [ 16.46070690037919, 54.510614983368505 ], [ 16.469928404308718, 54.515976260769044 ], [ 16.491283382111696, 54.516382174524544 ], [ 16.502839767135463, 54.523057136466306 ], [ 16.511936193205997, 54.528337817451835 ], [ 16.523562476229564, 54.535047644478112 ], [ 16.532601075007697, 54.540290177834414 ], [ 16.553969744557296, 54.540684408834174 ], [ 16.565740944442275, 54.547468305000343 ], [ 16.574653260941684, 54.552629884178621 ], [ 16.596029033653863, 54.553016266384681 ], [ 16.617405344965427, 54.553398468500646 ], [ 16.62939893313526, 54.560296912133289 ], [ 16.63811403646972, 54.565333625181694 ], [ 16.659497419578972, 54.565708084969096 ], [ 16.68088132362826, 54.566078396240876 ], [ 16.702265742723128, 54.566444565380877 ], [ 16.723650670974457, 54.566806598912429 ], [ 16.745036102498062, 54.567164503512899 ], [ 16.766422031414226, 54.567518286028772 ], [ 16.778959512234039, 54.574699340091598 ], [ 16.787181942631008, 54.579429566429461 ], [ 16.808574866250819, 54.579775822659876 ], [ 16.829968269900036, 54.580117991460213 ], [ 16.842734779722168, 54.58741669036656 ], [ 16.850753257385811, 54.592019842182673 ], [ 16.872153626002461, 54.592354598200181 ], [ 16.893554457461576, 54.592685302780239 ], [ 16.914955745954149, 54.593011964119654 ], [ 16.928032598719721, 54.600470451782996 ], [ 16.935772268655555, 54.604901416176922 ], [ 16.948909553947036, 54.612389039931301 ], [ 16.956600878208995, 54.616788458453158 ], [ 16.969796597798307, 54.624304071722136 ], [ 16.977441582347463, 54.628673140365201 ], [ 16.990693641908692, 54.636215541892952 ], [ 16.998294389047519, 54.640555508622569 ], [ 17.011600603207231, 54.648123445332985 ], [ 17.019159306533329, 54.652435607015221 ], [ 17.032517404290768, 54.660027777084757 ], [ 17.040036343279393, 54.664313476216286 ], [ 17.061476915248587, 54.66461719362124 ], [ 17.074962317016517, 54.67227242443942 ], [ 17.08237255100671, 54.676489826093935 ], [ 17.095903972062708, 54.684165910989357 ], [ 17.103280323814428, 54.688360326833887 ], [ 17.12473424248072, 54.688654108101126 ], [ 17.138384826296072, 54.696388501332741 ], [ 17.145660628257243, 54.700519527762431 ], [ 17.1671214077431, 54.700806484175196 ], [ 17.180886206194049, 54.708596283481953 ], [ 17.188066412288343, 54.712666906500104 ], [ 17.209534038195851, 54.71294710017365 ], [ 17.223407812107926, 54.720789238455261 ], [ 17.230497668190242, 54.724802596415955 ], [ 17.25197212656197, 54.725076084930215 ], [ 17.265949376501169, 54.732967348149451 ], [ 17.272954389529197, 54.736926713360461 ], [ 17.294435666828878, 54.737193549574535 ], [ 17.315917302951902, 54.737456620614942 ], [ 17.337399292503864, 54.737715936848787 ], [ 17.351615075066753, 54.74572425512838 ], [ 17.358413086354744, 54.749556076728339 ], [ 17.379901862260969, 54.749808834671668 ], [ 17.401390976529168, 54.750057872283683 ], [ 17.422880423795057, 54.750303201474701 ], [ 17.44437019869439, 54.750544834808593 ], [ 17.465860295862662, 54.750782785556787 ], [ 17.480437788179447, 54.758968659670728 ], [ 17.48691845062098, 54.762607058755833 ], [ 17.508415283426739, 54.762838590247377 ], [ 17.529912423650703, 54.76306647938052 ], [ 17.551409865946823, 54.763290741994481 ], [ 17.572907604967678, 54.763511394919213 ], [ 17.58775629816359, 54.771827186845627 ], [ 17.594003640604353, 54.775322796035546 ], [ 17.615508075157035, 54.77553715068305 ], [ 17.63701279172281, 54.775747943871011 ], [ 17.658517784968012, 54.775955196131839 ], [ 17.673552780780117, 54.784356929998616 ], [ 17.679645269364844, 54.787756530314631 ], [ 17.701156928008228, 54.787957586796708 ], [ 17.722668848717827, 54.788155159410202 ], [ 17.737812971868479, 54.796603570195465 ], [ 17.743821381749061, 54.799949117360455 ], [ 17.765339947314803, 54.800140571727084 ], [ 17.786858760410741, 54.800328607085234 ], [ 17.808377815742766, 54.800513252742945 ], [ 17.823672979601785, 54.809027227724819 ], [ 17.829561784052288, 54.812297165383015 ], [ 17.851087454719156, 54.812475823925858 ], [ 17.872613353203789, 54.812651171758027 ], [ 17.88798714535455, 54.821194384947802 ], [ 17.893822373285158, 54.824427668446482 ], [ 17.915354866970873, 54.824597133645938 ], [ 17.936887574180666, 54.824763378895376 ], [ 17.958420489729225, 54.824926445647485 ], [ 17.979953608459727, 54.825086377721718 ], [ 18.001486925248702, 54.825243221363472 ], [ 18.023020435011269, 54.825397025294308 ], [ 18.044554132706779, 54.825547840751852 ], [ 18.066088013344885, 54.825695721517242 ], [ 18.087622071992023, 54.825840723928827 ], [ 18.109156303778228, 54.825982906879908 ], [ 18.13069070390441, 54.8261223317987 ], [ 18.152225267649911, 54.826259062608436 ], [ 18.173759990380422, 54.826393165665557 ], [ 18.195294867556168, 54.82652470967372 ], [ 18.216829894740329, 54.826653765571606 ], [ 18.238365067607631, 54.826780406392537 ], [ 18.259900381953052, 54.82690470709349 ], [ 18.281435833700556, 54.827026744351954 ], [ 18.302971418911763, 54.827146596328461 ], [ 18.324507133794445, 54.827264342393747 ], [ 18.34604297471078, 54.82738006281857 ], [ 18.351405220778236, 54.824554960471261 ], [ 18.367760331614317, 54.815883281026764 ], [ 18.373022857503678, 54.813108195757934 ], [ 18.389465323686984, 54.804384942611222 ], [ 18.394632708544705, 54.801657552289683 ], [ 18.411157958499697, 54.792885340659282 ], [ 18.416235314285991, 54.790203035124236 ], [ 18.416307301046807, 54.778643012367525 ], [ 18.416379204274858, 54.767082967325294 ], [ 18.411570782208031, 54.76445445939359 ], [ 18.394942492081555, 54.7554175164925 ], [ 18.3950197805001, 54.743857452094886 ], [ 18.395097106466554, 54.732297366012624 ], [ 18.412168180385727, 54.723223414596646 ], [ 18.416666976589521, 54.720842569018977 ], [ 18.433810817087743, 54.711725462764754 ], [ 18.438231352469774, 54.709383916650886 ], [ 18.455441161035026, 54.70022748176283 ], [ 18.45979078560007, 54.69792141262554 ], [ 18.459853300916663, 54.686361175495932 ], [ 18.459916216810601, 54.674800918199956 ], [ 18.459979591482199, 54.663240640993799 ], [ 18.460043484026844, 54.651680344137723 ], [ 18.460107954356495, 54.64012002789562 ], [ 18.477804050641733, 54.630692563392508 ], [ 18.499236176896741, 54.630806033688074 ], [ 18.503114927408113, 54.628743490881043 ], [ 18.503171140310748, 54.617183100094266 ], [ 18.503228158252231, 54.605622690601727 ], [ 18.521077346501656, 54.596105334575348 ], [ 18.52475197134849, 54.594148438260483 ], [ 18.524806145481939, 54.582587975668879 ], [ 18.542751296112449, 54.57301495890006 ], [ 18.546324407815291, 54.571109857191274 ], [ 18.546376091115548, 54.559549343212822 ], [ 18.546428900805243, 54.547988811398113 ], [ 18.546482893111076, 54.536428261955031 ], [ 18.546538123692915, 54.524867695089235 ], [ 18.546594647519441, 54.513307111003876 ], [ 18.54665251874172, 54.501746509898908 ], [ 18.56501735266761, 54.491938961190712 ], [ 18.56814987424929, 54.490264366834388 ], [ 18.565053142103316, 54.488567441669574 ], [ 18.546772515119052, 54.478625257411885 ], [ 18.546834743327846, 54.467064606409942 ], [ 18.546898524778271, 54.455503939147654 ], [ 18.565509022764367, 54.445560324301859 ], [ 18.56838394073695, 54.444021665329686 ], [ 18.586961052816367, 54.434093124862237 ], [ 18.589868677168262, 54.43253556798178 ], [ 18.589928283267266, 54.420974818939271 ], [ 18.608511486871219, 54.411039033459083 ], [ 18.629829024097141, 54.411165378150628 ], [ 18.632835665816337, 54.409551896373777 ], [ 18.651245001509789, 54.399704616871631 ], [ 18.672556761265302, 54.399830885091866 ], [ 18.675751725674459, 54.398113768322794 ], [ 18.693954869889577, 54.388372107533236 ], [ 18.697233300052233, 54.38660855853044 ], [ 18.715341022617711, 54.376914812352837 ], [ 18.718712643162252, 54.375099514639956 ], [ 18.736715237020643, 54.36545873885435 ], [ 18.758009480428285, 54.365583811271534 ], [ 18.779303848662284, 54.365707738622859 ], [ 18.800598341632245, 54.365830367468263 ], [ 18.804529697097898, 54.363707960675889 ], [ 18.821943038708064, 54.35437272145839 ], [ 18.843231790705993, 54.354492674805407 ], [ 18.847455845118709, 54.352208832881175 ], [ 18.864558738895823, 54.343033407677986 ], [ 18.885841752183026, 54.343149851446235 ], [ 18.907124885701421, 54.343264094630854 ], [ 18.928408137284311, 54.343375962305295 ], [ 18.944585837545436, 54.35229250397996 ], [ 18.949677363526341, 54.355061642294444 ], [ 18.954775651712477, 54.35229675189273 ], [ 18.970974984168873, 54.343591872079919 ], [ 18.992258573329796, 54.343695567470817 ], [ 19.013542268280016, 54.343796195501248 ], [ 19.034826065064127, 54.343893589080551 ], [ 19.056109959386493, 54.343987584872274 ], [ 19.077393946622092, 54.344078023903926 ], [ 19.09867802182908, 54.344164752118246 ], [ 19.11996217976295, 54.344247620863548 ], [ 19.141246414891903, 54.344326487321965 ], [ 19.162530721413404, 54.344401214875589 ], [ 19.183815093271516, 54.344471673410432 ], [ 19.197803645369444, 54.352143149415141 ], [ 19.205157174454239, 54.356113651951055 ], [ 19.226447641337263, 54.356175300515112 ], [ 19.247738154263747, 54.356232342973648 ], [ 19.269028706352085, 54.356284675449615 ], [ 19.290319290556575, 54.356332201272828 ], [ 19.303398169447188, 54.363484958577104 ], [ 19.311697532037648, 54.367951381880296 ], [ 19.332994147439603, 54.367989151585341 ], [ 19.354290773214426, 54.36802187283444 ], [ 19.375587401832689, 54.368049475887645 ], [ 19.387968297909381, 54.37480384179517 ], [ 19.396995693137473, 54.379648961816123 ], [ 19.418298298059653, 54.379666264199571 ], [ 19.430330841493138, 54.3862213326397 ], [ 19.439724625172158, 54.391255565792655 ], [ 19.461033180191581, 54.391262357603964 ], [ 19.47272740745839, 54.397623847340085 ], [ 19.48247753372063, 54.40284123698342 ], [ 19.503792012199739, 54.402837349139574 ], [ 19.515158631388381, 54.409011353409156 ], [ 19.525254382261011, 54.414405608631974 ], [ 19.546574757311305, 54.414390910575918 ], [ 19.557625008040059, 54.420383818097321 ], [ 19.568055133705133, 54.425948390662349 ], [ 19.578936944152026, 54.431844607042528 ], [ 19.589547573534393, 54.43750041844406 ], [ 19.60026376150795, 54.443301568639271 ], [ 19.611052081462862, 54.449046949676919 ], [ 19.621605533234376, 54.454754696243747 ], [ 19.632568662141548, 54.46058794536583 ], [ 19.643350135954666, 54.454640892683628 ], [ 19.653728196002717, 54.448968377560014 ], [ 19.675066099213165, 54.448920808816723 ], [ 19.696403889576754, 54.448867722349945 ], [ 19.717741559569223, 54.448809125393069 ], [ 19.739079101735729, 54.448745028195077 ], [ 19.760416508693773, 54.448675443756294 ], [ 19.781753773135556, 54.448600387575091 ], [ 19.803090887829722, 54.448519877406284 ], [ 19.814767844881061, 54.442045542441548 ], [ 19.824195330872797, 54.436856090879914 ], [ 19.845526107032271, 54.436764736451778 ], [ 19.866856712414648, 54.436667998355425 ], [ 19.888187140116148, 54.436565901240336 ], [ 19.909517383311044, 54.436458470963032 ], [ 19.930847435251074, 54.436345734421991 ], [ 19.952177289264593, 54.43622771940408 ], [ 19.964468121019632, 54.429381944906268 ], [ 19.973232495750306, 54.42452657193548 ], [ 19.994555922295955, 54.424398126754184 ], [ 20.015879131629394, 54.424264496212295 ], [ 20.037202117383352, 54.424125710251616 ], [ 20.058524873259952, 54.423981799088146 ], [ 20.079847393029006, 54.423832793121086 ], [ 20.101169670526268, 54.423678722849971 ], [ 20.122491699651675, 54.423519618799709 ], [ 20.135323740893835, 54.416335430975465 ], [ 20.143491168123234, 54.411777915120084 ], [ 20.164806677193344, 54.41160891793281 ], [ 20.186121920313433, 54.411434983208288 ], [ 20.207436891629808, 54.411256140862143 ], [ 20.228751585343623, 54.411072420562796 ], [ 20.250065995709061, 54.410883851693249 ], [ 20.271380117031544, 54.410690463317401 ], [ 20.292693943666006, 54.410492284150159 ], [ 20.305919524868884, 54.403049475365862 ], [ 20.313637388404167, 54.398712344980765 ], [ 20.334944610852926, 54.398504790118473 ], [ 20.356251522377377, 54.398292532862456 ], [ 20.377558117521044, 54.398075600242763 ], [ 20.398864390868553, 54.397854018845557 ], [ 20.420170337044041, 54.397627814800082 ], [ 20.433602342780993, 54.390039039903606 ], [ 20.441070167978388, 54.385820602530757 ], [ 20.462369452541111, 54.385585377624722 ], [ 20.48366839449502, 54.385345610022981 ], [ 20.504966988615205, 54.385101323907399 ], [ 20.526265229708716, 54.38485254296608 ], [ 20.547563112613066, 54.384599290387662 ], [ 20.56886063219472, 54.384341588856287 ], [ 20.590157783347664, 54.384079460546971 ], [ 20.603793533302557, 54.376335748513426 ], [ 20.611001175187859, 54.372237612271583 ], [ 20.632291591130645, 54.371966878232804 ], [ 20.653581624021658, 54.371691785309231 ], [ 20.674871268860084, 54.37141235362175 ], [ 20.696160520665426, 54.371128602768593 ], [ 20.717449374475986, 54.370840551822255 ], [ 20.7387378253474, 54.370548219326409 ], [ 20.760025868351132, 54.370251623292944 ], [ 20.781313498572977, 54.369950781199265 ], [ 20.802600711111577, 54.369645709985569 ], [ 20.816396879514667, 54.361760753587554 ], [ 20.823374664514823, 54.357762944488655 ], [ 20.844655053983246, 54.357449693993765 ], [ 20.865935011782376, 54.357132266808762 ], [ 20.88721453305903, 54.356810677748051 ], [ 20.908493612965582, 54.356484941080339 ], [ 20.929772246658487, 54.356155070527429 ], [ 20.951050429296817, 54.355821079263542 ], [ 20.972328156040874, 54.355482979915315 ], [ 20.993605422050774, 54.355140784562266 ], [ 21.014882222485113, 54.354794504737917 ], [ 21.036158552499632, 54.354444151431807 ], [ 21.057434407245971, 54.354089735092145 ], [ 21.078709781870423, 54.353731265629342 ], [ 21.099984671512797, 54.353368752420415 ], [ 21.113887403159907, 54.345352415408328 ], [ 21.120663089290577, 54.34143221881925 ], [ 21.141931035802511, 54.341061948073822 ], [ 21.163198483530987, 54.340687664037858 ], [ 21.184465427591615, 54.340309374045496 ], [ 21.205731863088644, 54.339927084931503 ], [ 21.226997785114236, 54.339540803041444 ], [ 21.240894879571048, 54.331496147833569 ], [ 21.247631906067838, 54.327582279570322 ], [ 21.26889083719642, 54.327188368283323 ], [ 21.276020389741255, 54.330838422645627 ], [ 21.290792421089641, 54.338358057079112 ], [ 21.312056239888594, 54.33795585817677 ], [ 21.333319520476294, 54.337549691322572 ], [ 21.354582257862184, 54.337139560201514 ], [ 21.375844447041153, 54.336725468109954 ], [ 21.389754920163767, 54.328638442918837 ], [ 21.396433175399984, 54.32474165440005 ], [ 21.41768831046106, 54.324320027124131 ], [ 21.438942883191363, 54.323894452209615 ], [ 21.460196888539009, 54.323464931569241 ], [ 21.481450321438551, 54.323031466820737 ], [ 21.502703176811526, 54.322594059307932 ], [ 21.523955449567026, 54.322152710122197 ], [ 21.545207134602421, 54.321707420124071 ], [ 21.56645822680413, 54.321258189965334 ], [ 21.573555575835694, 54.324856034767016 ], [ 21.588435076311356, 54.332367179273533 ], [ 21.609690900956934, 54.331909642251638 ], [ 21.630946116312057, 54.331448160663527 ], [ 21.652200717220566, 54.330982734587984 ], [ 21.673454698520406, 54.33051336400618 ], [ 21.694708055044757, 54.330040048822603 ], [ 21.715960781623206, 54.329562788885596 ], [ 21.7372128730829, 54.329081584007199 ], [ 21.758464324249779, 54.328596433982604 ], [ 21.779715129949778, 54.328107338608973 ], [ 21.786818373951867, 54.331680920662343 ], [ 21.801751475062879, 54.339171825831912 ], [ 21.823006901156095, 54.338674362634208 ], [ 21.844261665146266, 54.33817294885467 ], [ 21.865515761866025, 54.337667584529953 ], [ 21.886769186154364, 54.337158269781803 ], [ 21.908021932857821, 54.336645004830913 ], [ 21.92927399683165, 54.336127790009527 ], [ 21.950525372940977, 54.335606625773487 ], [ 21.971776056061881, 54.335081512713046 ], [ 21.993026041082484, 54.334552451562836 ], [ 22.014275322903984, 54.334019443210792 ], [ 22.035523896441628, 54.333482488706238 ], [ 22.056771756625672, 54.332941589266873 ], [ 22.063960848616173, 54.336522671839866 ], [ 22.078882652365031, 54.343947627479757 ], [ 22.100134986770509, 54.343398310206432 ], [ 22.121386591524491, 54.342845048703246 ], [ 22.142637461622058, 54.342287844977541 ], [ 22.163887592077391, 54.341726701226506 ], [ 22.185136977924344, 54.341161619838836 ], [ 22.206385614217062, 54.340592603395471 ], [ 22.22763349603041, 54.340019654669632 ], [ 22.248880618460465, 54.339442776626058 ], [ 22.270126976624862, 54.338861972419537 ], [ 22.291372565663135, 54.338277245392725 ], [ 22.312617380736953, 54.33768859907331 ], [ 22.31995801412182, 54.341311663675505 ], [ 22.334796740640154, 54.348640206950414 ], [ 22.356045899222693, 54.348043158677356 ], [ 22.37729426823676, 54.347442199479978 ], [ 22.398541842932133, 54.346837333649745 ], [ 22.419788618581315, 54.346228565640637 ], [ 22.441034590479479, 54.345615900063137 ], [ 22.448476253135894, 54.349271358721786 ], [ 22.463251176144574, 54.356539950691264 ], [ 22.484501429232367, 54.355918912259376 ], [ 22.505750863351007, 54.355293987998614 ], [ 22.52699947388324, 54.354665183140781 ], [ 22.548247256233431, 54.354032503038859 ], [ 22.569494205827215, 54.353395953159271 ], [ 22.590740318111084, 54.352755539073485 ], [ 22.611985588551882, 54.352111266449811 ], [ 22.633230012636339, 54.351463141044739 ], [ 22.64085428940226, 54.355182777601861 ], [ 22.655498808192409, 54.362346292326144 ], [ 22.676747421827844, 54.361689863207843 ], [ 22.697995174431636, 54.3610295965604 ], [ 22.719242061564501, 54.360365498470941 ], [ 22.740488078804152, 54.359697575071223 ], [ 22.761733221744652, 54.3590258325288 ], [ 22.769499701178759, 54.362797404268896 ], [ 22.784038810052603, 54.369881621060699 ], [ 22.805288083623342, 54.369201629776072 ], [ 22.813113247995982, 54.372994877035154 ], [ 22.814193452051754, 54.384529906660418 ], [ 22.815274429068836, 54.396064899092593 ], [ 22.829760326449168, 54.403107812301272 ], [ 22.837648414060276, 54.406924211245716 ], [ 22.852107553496992, 54.413947601119105 ], [ 22.873377744077612, 54.413253684426408 ], [ 22.886409128067953, 54.40536271583094 ], [ 22.893553177987723, 54.401027967745719 ], [ 22.914815647989123, 54.400327110139891 ], [ 22.936077203896819, 54.399622475187812 ], [ 22.957337841423399, 54.398914069254751 ], [ 22.970271541502484, 54.391060935158215 ], [ 22.977480890388403, 54.386676416791417 ], [ 22.998733784872879, 54.385961133893503 ], [ 23.011625473989259, 54.378121948600942 ], [ 23.010514220595343, 54.366588842724681 ], [ 23.009403742617145, 54.355055699527846 ], [ 23.016605156886275, 54.350669284575922 ], [ 23.037838539021564, 54.349948454929581 ], [ 23.059070986450482, 54.349223891451004 ], [ 23.071922630110105, 54.341389014239446 ], [ 23.057615348673743, 54.334470456031262 ], [ 23.049594558124145, 54.330571236658152 ], [ 23.04847584467862, 54.319038533302439 ], [ 23.055662293943588, 54.314654514900504 ], [ 23.068550699840007, 54.306791736365803 ], [ 23.075735699579681, 54.302405574310768 ], [ 23.096942804499008, 54.301676160869164 ], [ 23.105003573626266, 54.305554749209506 ], [ 23.119301181976567, 54.312464335468974 ], [ 23.140512254050623, 54.311726850940921 ], [ 23.153312727554439, 54.303898345072938 ], [ 23.160558445915481, 54.299465661049695 ], [ 23.173352184215432, 54.291634613793782 ], [ 23.180592789947639, 54.287201996255618 ], [ 23.201789289086879, 54.286454715469844 ], [ 23.214556841099856, 54.278628203867925 ], [ 23.221804987073693, 54.274185528448186 ], [ 23.234568750425737, 54.266354688996337 ], [ 23.241808857396968, 54.261913855324956 ], [ 23.262990773840457, 54.261156813516436 ], [ 23.284171716722348, 54.260396096266156 ], [ 23.30535168174605, 54.259631707570712 ], [ 23.326530664610022, 54.258863651297744 ], [ 23.339215153549624, 54.25105552867457 ], [ 23.346495466721059, 54.246577364301849 ], [ 23.359180928491185, 54.238762020152272 ], [ 23.36644846436144, 54.234288566742215 ], [ 23.379135926862627, 54.226465364884383 ], [ 23.38638966557404, 54.221997241894478 ], [ 23.399080118225395, 54.214165568290014 ], [ 23.397878263567595, 54.202637450848123 ], [ 23.405091800078498, 54.198190131987374 ], [ 23.417806951217308, 54.190334787819381 ], [ 23.416601056826238, 54.178806907492536 ], [ 23.423773077560949, 54.174381182185925 ], [ 23.444905371499893, 54.173595557871572 ], [ 23.466036659871754, 54.172806282482256 ], [ 23.4787481101385, 54.164935081389963 ], [ 23.485918992549987, 54.160502018944172 ], [ 23.498637717580458, 54.152619663752546 ], [ 23.497412276574146, 54.141092917144242 ], [ 23.496187385070996, 54.129566141080616 ], [ 23.494963030075763, 54.118039336028112 ], [ 23.502036056207722, 54.113660909997726 ], [ 23.514827128849138, 54.10572165927136 ], [ 23.513598437569438, 54.094195109535526 ], [ 23.512370239143245, 54.082668532424535 ], [ 23.519372173056798, 54.078328993803673 ], [ 23.532213358017582, 54.070348337102857 ], [ 23.530980713271276, 54.058822020948895 ], [ 23.529748520570717, 54.047295678938141 ], [ 23.528516769549839, 54.035769311440262 ], [ 23.527285450355368, 54.024242918805356 ], [ 23.512734982638829, 54.01724156771175 ], [ 23.505010777050238, 54.013508517054795 ], [ 23.503785727843244, 54.001981759026194 ], [ 23.489193737522079, 53.994951620028388 ], [ 23.481527194023947, 53.991242686307977 ], [ 23.480308405804941, 53.979715564372036 ], [ 23.487098380253649, 53.975501185834894 ], [ 23.500113027362325, 53.967401338735122 ], [ 23.506883431862899, 53.963195695083719 ], [ 23.51990612105568, 53.955084052090051 ], [ 23.518677595664048, 53.943557491516302 ], [ 23.517449443863079, 53.932030907824398 ], [ 23.516221661172185, 53.92050430116069 ], [ 23.514994243771611, 53.908977671646568 ], [ 23.513767188510183, 53.897451019378153 ], [ 23.520419553196355, 53.893310112069102 ], [ 23.533523060473836, 53.885132165536284 ], [ 23.532291207803382, 53.873605789204589 ], [ 23.531059705987531, 53.862079390537623 ], [ 23.537658073966345, 53.857966469267467 ], [ 23.550793498499093, 53.84975810250981 ], [ 23.549557161832151, 53.838231982852662 ], [ 23.548321172633461, 53.826705840981852 ], [ 23.547085533158111, 53.815179676788581 ], [ 23.545850246368449, 53.803653490137357 ], [ 23.544615315923188, 53.792127280866232 ], [ 23.54338074616394, 53.780601048787503 ], [ 23.54214654209882, 53.769074793688212 ], [ 23.548620590320819, 53.765028274856896 ], [ 23.561832141433328, 53.756752605474382 ], [ 23.568291008079111, 53.752712033753831 ], [ 23.581505875637447, 53.744427410571063 ], [ 23.58026165819977, 53.732901740757931 ], [ 23.586693081136037, 53.728873697391244 ], [ 23.599918328188121, 53.720573851030608 ], [ 23.598669319724436, 53.709048463554396 ], [ 23.59742072022868, 53.697523051430821 ], [ 23.596172540401245, 53.685997614226018 ], [ 23.594924791427882, 53.674472151487691 ], [ 23.601297535512028, 53.670473007093378 ], [ 23.61454896549294, 53.662142494543644 ], [ 23.613296538252776, 53.650617311434459 ], [ 23.612044581358198, 53.639092101247584 ], [ 23.610793108107075, 53.627566863448259 ], [ 23.617125280054456, 53.623586532883593 ], [ 23.630390201497519, 53.615235138584865 ], [ 23.629134177168051, 53.603710177074397 ], [ 23.627878683888053, 53.592185186087619 ], [ 23.634183253301806, 53.588216723400585 ], [ 23.647454010465864, 53.579851091374465 ], [ 23.646194083614979, 53.568326373650862 ], [ 23.644934739953179, 53.556801624389294 ], [ 23.651214166584911, 53.55284363269179 ], [ 23.664488537948603, 53.544465161593223 ], [ 23.663224893160073, 53.532940681923556 ], [ 23.661961886539022, 53.521416168528603 ], [ 23.668218138952987, 53.517467579353678 ], [ 23.681494433818237, 53.509077337655022 ], [ 23.680227269252168, 53.497553089690371 ], [ 23.678960798427934, 53.486028805774289 ], [ 23.685195293107117, 53.482088914832012 ], [ 23.698472405013504, 53.473687605326198 ], [ 23.69720192509466, 53.462163582381699 ], [ 23.695932192568563, 53.45063952131995 ], [ 23.702145753963361, 53.446708010084251 ], [ 23.715423191276983, 53.438295948641361 ], [ 23.714149598398087, 53.426772144020958 ], [ 23.720348166674523, 53.422846223583548 ], [ 23.733624882938443, 53.414425902086499 ], [ 23.73234753741724, 53.402902350980376 ], [ 23.731071023003711, 53.391378758333161 ], [ 23.737248523544192, 53.38746166708065 ], [ 23.750526294709438, 53.379030139538379 ], [ 23.749246163253453, 53.367506796263783 ], [ 23.755407727977982, 53.363596160421523 ], [ 23.768686150099711, 53.355155507067984 ], [ 23.767402496023827, 53.343632410664078 ], [ 23.766119732750489, 53.332109270209216 ], [ 23.772258369348656, 53.328209002483618 ], [ 23.785540281615866, 53.319755599475144 ], [ 23.7842540998106, 53.308232702897271 ], [ 23.782968824097431, 53.296709761578832 ], [ 23.789082871153717, 53.292821106434388 ], [ 23.802370230150323, 53.284353706972745 ], [ 23.801081613129341, 53.272831007573593 ], [ 23.80717595159571, 53.268951592066777 ], [ 23.820468328748422, 53.260472282275423 ], [ 23.819176418567864, 53.248949824043827 ], [ 23.82524960261096, 53.245080658913473 ], [ 23.838548570809522, 53.236588429732016 ], [ 23.844606764138977, 53.232726199951834 ], [ 23.857910408910914, 53.224224082629227 ], [ 23.856611097979677, 53.212702151534963 ], [ 23.862645370881502, 53.208852072498019 ], [ 23.875958549014417, 53.20033514049581 ], [ 23.874656015323684, 53.18881345129391 ], [ 23.880664671622366, 53.184976672258991 ], [ 23.901295172529849, 53.184132326976325 ], [ 23.914622863784945, 53.175592278727038 ], [ 23.913312136549361, 53.164071164455301 ], [ 23.912002272644166, 53.152550006817293 ], [ 23.910693245770979, 53.141028806883924 ], [ 23.909385028195441, 53.129507565784849 ], [ 23.894221652102008, 53.12212438154738 ], [ 23.887468516352694, 53.118836135753654 ], [ 23.886166706291448, 53.107314487961261 ], [ 23.884865598888691, 53.095792803349411 ], [ 23.883565161788635, 53.084271083230185 ], [ 23.882265361577467, 53.072749328958402 ], [ 23.888178532650745, 53.068966243193543 ], [ 23.901551002964876, 53.060379324576381 ], [ 23.900247569160765, 53.048857831217681 ], [ 23.906130148894501, 53.045091265328786 ], [ 23.919518817341729, 53.036485193456073 ], [ 23.918211656602949, 53.024963966183385 ], [ 23.924062625416607, 53.021214566194075 ], [ 23.937468451810531, 53.012588704359224 ], [ 23.936157459148756, 53.001067748876103 ], [ 23.934846882352169, 52.98954676834488 ], [ 23.933536681095184, 52.978025764418724 ], [ 23.939341333649125, 52.97430158666382 ], [ 23.952770190271256, 52.965648495967692 ], [ 23.951455900967908, 52.954127775921783 ], [ 23.936185473529026, 52.946668565489574 ], [ 23.929607920850401, 52.943462629055631 ], [ 23.928298810215182, 52.931941548405618 ], [ 23.926989867672862, 52.920420452853364 ], [ 23.925681050864902, 52.90889934413044 ], [ 23.924372317226567, 52.897378223975956 ], [ 23.923063624017807, 52.885857094135247 ], [ 23.921754928352406, 52.874335956358671 ], [ 23.920446187226148, 52.862814812400394 ], [ 23.919137357543985, 52.851293664017241 ], [ 23.924911596743783, 52.84757998014085 ], [ 23.938320450654558, 52.838919834861819 ], [ 23.937006706478471, 52.827399005374929 ], [ 23.935692753276648, 52.815878176527349 ], [ 23.934378547769739, 52.804357350086683 ], [ 23.940138132628544, 52.800647331578666 ], [ 23.953536487374844, 52.791981624419975 ], [ 23.952217068264481, 52.780461131289563 ], [ 23.95089727612373, 52.768940645677112 ], [ 23.949577068035964, 52.757420169338033 ], [ 23.948256401312207, 52.745899704017106 ], [ 23.946935233551539, 52.734379251445944 ], [ 23.945613522710715, 52.722858813340004 ], [ 23.944291227184667, 52.711338391395394 ], [ 23.929180504332169, 52.703910781244304 ], [ 23.922532268406922, 52.700670308824819 ], [ 23.907486461344305, 52.693268069860885 ], [ 23.90078037486877, 52.689998100595439 ], [ 23.885803127596471, 52.682623081791057 ], [ 23.879035474902508, 52.679321772090972 ], [ 23.864130499693207, 52.671975860841734 ], [ 23.857297501904885, 52.668641328437189 ], [ 23.842468573841927, 52.661326447989289 ], [ 23.835566395274078, 52.657956774468218 ], [ 23.820817345802102, 52.650674880846502 ], [ 23.813842101430655, 52.647268114690334 ], [ 23.799176810830765, 52.640021193081026 ], [ 23.792124574921459, 52.636575353243572 ], [ 23.790827467877374, 52.62505288906636 ], [ 23.776291588973766, 52.617861278943579 ], [ 23.769120188911824, 52.614355744732862 ], [ 23.754678736889428, 52.607204565250619 ], [ 23.734319308126935, 52.608047670015708 ], [ 23.713958893665485, 52.608887435147068 ], [ 23.693597496917139, 52.609723855605765 ], [ 23.673235121282815, 52.610556926157429 ], [ 23.652871770152757, 52.611386641372455 ], [ 23.645370833229862, 52.607709463290163 ], [ 23.63129143517294, 52.600711932532207 ], [ 23.610931493149881, 52.601535082073518 ], [ 23.603283071528026, 52.597781787953494 ], [ 23.589366196894431, 52.590855094037259 ], [ 23.569009673851241, 52.591671648961231 ], [ 23.561207645263199, 52.587838914649275 ], [ 23.547459407368116, 52.580986328377541 ], [ 23.539550377053875, 52.577098770969293 ], [ 23.525919774594104, 52.570298862810951 ], [ 23.517900137987251, 52.566354541962319 ], [ 23.504390762457657, 52.55960920636241 ], [ 23.48404643469388, 52.560412569692872 ], [ 23.475858463926812, 52.556380686344831 ], [ 23.474621200836573, 52.544853820505203 ], [ 23.461364542196293, 52.538223076571846 ], [ 23.452992785986499, 52.534097322404733 ], [ 23.439867302220975, 52.527526448920419 ], [ 23.431371968481209, 52.523336727652037 ], [ 23.418380619147772, 52.516827320753343 ], [ 23.409758949913261, 52.512572031463442 ], [ 23.396904474097905, 52.506125580662655 ], [ 23.388153956592561, 52.501803228283741 ], [ 23.386932261151848, 52.49027520144007 ], [ 23.374296519356857, 52.483930912337264 ], [ 23.365340008771479, 52.479501978262299 ], [ 23.364122532078031, 52.467973641393861 ], [ 23.351712131149871, 52.46173509570626 ], [ 23.342543802256113, 52.457195974270938 ], [ 23.341331112320123, 52.445667307035265 ], [ 23.329151187231545, 52.439537357596848 ], [ 23.319766803459849, 52.434885168435365 ], [ 23.318559557444477, 52.423356147559538 ], [ 23.31735273214521, 52.411827098542105 ], [ 23.305492693103577, 52.405849195906825 ], [ 23.295809607549089, 52.401040106616421 ], [ 23.284099096618743, 52.395132442921387 ], [ 23.274277234434514, 52.390248931222146 ], [ 23.273083153551738, 52.378719123701202 ], [ 23.261607663879097, 52.372923181346742 ], [ 23.251568439231708, 52.3679233796191 ], [ 23.250382191108098, 52.356393135953226 ], [ 23.23913910819919, 52.350707873206126 ], [ 23.228886308477993, 52.345592789339626 ], [ 23.227708763192794, 52.334062080308989 ], [ 23.216693280258657, 52.32848534095092 ], [ 23.206232873092688, 52.323257098775805 ], [ 23.205064893584183, 52.311725895915259 ], [ 23.194270034375656, 52.306254415583211 ], [ 23.18361010343045, 52.300916249983352 ], [ 23.182452514659538, 52.289384526669579 ], [ 23.192089595213318, 52.283206213393285 ], [ 23.201575247722914, 52.277131697837014 ], [ 23.200417356848849, 52.26560008207823 ], [ 23.199262397777716, 52.254068348553801 ], [ 23.198110523391044, 52.242536491846131 ], [ 23.196961878947675, 52.231004506812809 ], [ 23.206834830742881, 52.224670526020269 ], [ 23.227038599369113, 52.223976591727734 ], [ 23.247241580786113, 52.223279648336849 ], [ 23.256563534545545, 52.217293303731509 ], [ 23.266333545868918, 52.211015030142192 ], [ 23.277131240166554, 52.216548374916847 ], [ 23.287645160439119, 52.221876654297986 ], [ 23.297060924664621, 52.215823111050717 ], [ 23.30672503533728, 52.209605967910235 ], [ 23.326919570532034, 52.208896819483314 ], [ 23.347113292060083, 52.208184566546763 ], [ 23.367306194414233, 52.207469189552519 ], [ 23.376859820950582, 52.201311574031884 ], [ 23.386357521089771, 52.195187790849928 ], [ 23.395906173283741, 52.189028549508897 ], [ 23.40539848531261, 52.182904957958186 ], [ 23.414944526872425, 52.176742569163679 ], [ 23.424429101870725, 52.170620745868646 ], [ 23.434943925241999, 52.175991002919517 ], [ 23.4457575321109, 52.181452194816117 ], [ 23.45540272686598, 52.175218638292399 ], [ 23.464776007813299, 52.169161644248248 ], [ 23.475175474022986, 52.174468776858134 ], [ 23.486113196921014, 52.179986583574575 ], [ 23.506289747289017, 52.179248915774465 ], [ 23.516086198854683, 52.172906676789246 ], [ 23.505086275565741, 52.167361215901494 ], [ 23.494642992603932, 52.162153126438149 ], [ 23.49343106450846, 52.150625283763411 ], [ 23.502781970228448, 52.144576487622032 ], [ 23.51243347456035, 52.138324184175552 ], [ 23.521769484713282, 52.132281970341793 ], [ 23.541923426845315, 52.131537883163801 ], [ 23.551631398210141, 52.125240466413601 ], [ 23.560894567295851, 52.119238849718009 ], [ 23.581041552387596, 52.118488176914283 ], [ 23.601187655725241, 52.117734178287826 ], [ 23.611003611757429, 52.111354417693384 ], [ 23.609774683676243, 52.099827963666158 ], [ 23.618940827546979, 52.093879803276621 ], [ 23.628733527593422, 52.087508873078988 ], [ 23.637875071605794, 52.081573798666696 ], [ 23.647684745390883, 52.075186847650386 ], [ 23.646458209418924, 52.063660526353175 ], [ 23.655596279180607, 52.057725622007283 ], [ 23.665400812040197, 52.051335726996186 ], [ 23.664177982865549, 52.039809366658325 ], [ 23.662959854597759, 52.028282809239549 ], [ 23.661746390610549, 52.016756056253769 ], [ 23.670891366832908, 52.010816201492659 ], [ 23.680678416439616, 52.004428798286213 ], [ 23.679468478918345, 51.992902011293388 ], [ 23.678262998455612, 51.981375036457571 ], [ 23.677061858815115, 51.969847878461259 ], [ 23.666043000862267, 51.964290684024036 ], [ 23.655746279434872, 51.959119469111954 ], [ 23.644779398874192, 51.953583739598983 ], [ 23.634444663329081, 51.948386782143714 ], [ 23.643624932815403, 51.94243130050549 ], [ 23.653375334951246, 51.936063607957031 ], [ 23.6423923589496, 51.930516289704968 ], [ 23.632092053550245, 51.925329929533405 ], [ 23.621150029797281, 51.919798557468852 ], [ 23.610821856426497, 51.914592019555776 ], [ 23.620002315849643, 51.908640816189703 ], [ 23.629753237210792, 51.902272491171985 ], [ 23.628588500071174, 51.89074357219183 ], [ 23.62742659601588, 51.87921453112326 ], [ 23.616406560349489, 51.873636776635408 ], [ 23.606189077728242, 51.868474811516116 ], [ 23.615272931809219, 51.86258625621516 ], [ 23.625110419312531, 51.856156117010485 ], [ 23.614038890382577, 51.850548811687695 ], [ 23.603887739217875, 51.84541555384228 ], [ 23.602740069664478, 51.833885791577849 ], [ 23.611735093031392, 51.828053794714933 ], [ 23.621651937805613, 51.821567795947765 ], [ 23.63056738088093, 51.815783606296421 ], [ 23.640553931004014, 51.809246969100847 ], [ 23.639400721660071, 51.797717632268366 ], [ 23.63824863772652, 51.78618824060117 ], [ 23.626942062239301, 51.780454323391758 ], [ 23.617060990015982, 51.775449086753952 ], [ 23.605775051646287, 51.769720755547077 ], [ 23.595882561932861, 51.76470587898406 ], [ 23.58461807294351, 51.758983563112778 ], [ 23.564637663289535, 51.759791069538451 ], [ 23.554682174756596, 51.754738136398416 ], [ 23.543494906677534, 51.749047127472252 ], [ 23.533524668234065, 51.743983178062614 ], [ 23.532399493286992, 51.732452089131876 ], [ 23.54125101190305, 51.7267139809993 ], [ 23.551292080626308, 51.720145786408239 ], [ 23.550161780950887, 51.70861499171162 ], [ 23.549031083322628, 51.697084201521086 ], [ 23.547899839805272, 51.685553421543403 ], [ 23.546767909291528, 51.674022657216803 ], [ 23.545635157389494, 51.662491913715755 ], [ 23.544501456269543, 51.650961195956988 ], [ 23.543366684478567, 51.639430508606964 ], [ 23.542230726727649, 51.627899856090139 ], [ 23.541093473659043, 51.616369242598317 ], [ 23.539954821597835, 51.6048386721003 ], [ 23.548493819136201, 51.599279730686561 ], [ 23.558779011463482, 51.592532901723061 ], [ 23.557632603021212, 51.581002731306093 ], [ 23.556484525258682, 51.569472614588555 ], [ 23.564937097475084, 51.563959656620305 ], [ 23.575283256865106, 51.557164869471372 ], [ 23.574126931388189, 51.54563517485424 ], [ 23.572968707818095, 51.534105543089723 ], [ 23.581355139727076, 51.528624886592858 ], [ 23.60123967122577, 51.527875769220891 ], [ 23.611672144093731, 51.521012416203519 ], [ 23.610500584920231, 51.509483535398317 ], [ 23.618784880560248, 51.504057802298924 ], [ 23.629246598651502, 51.497168558522063 ], [ 23.63748436090259, 51.491767285788505 ], [ 23.657351194763802, 51.491007886425749 ], [ 23.667890392458357, 51.484058424472089 ], [ 23.676034513557052, 51.478709210542981 ], [ 23.686602927138932, 51.471735169589564 ], [ 23.674697709787537, 51.465660176624382 ], [ 23.665504104435193, 51.461003062540492 ], [ 23.653674063077474, 51.454961335022219 ], [ 23.644410466262116, 51.450267072686799 ], [ 23.652644353031246, 51.444853686194293 ], [ 23.672490410641796, 51.444092302897801 ], [ 23.682999183866752, 51.437153438433057 ], [ 23.681793273300588, 51.425626359165747 ], [ 23.689965878805562, 51.420240662053779 ], [ 23.700464098074022, 51.413302101155729 ], [ 23.699248656486695, 51.40177551431897 ], [ 23.687455524862177, 51.395749822182303 ], [ 23.67816093107924, 51.391045638571441 ], [ 23.676945146766659, 51.379518909190097 ], [ 23.675726799262204, 51.367992270875803 ], [ 23.664119464850305, 51.362052870195299 ], [ 23.6546479167448, 51.357258074428437 ], [ 23.653428952505838, 51.345731302628778 ], [ 23.65220732112174, 51.334204625251346 ], [ 23.640821004143245, 51.3283698415947 ], [ 23.631136725588625, 51.323466129431523 ], [ 23.639749037876705, 51.317769917280536 ], [ 23.649755952268887, 51.311151557596411 ], [ 23.648526168805866, 51.299625168981152 ], [ 23.647293626538637, 51.288098878099653 ], [ 23.656021154544458, 51.282313310261792 ], [ 23.665737814714262, 51.287363812247932 ], [ 23.676974743611062, 51.293123661734299 ], [ 23.686952304924425, 51.286514718368949 ], [ 23.695572276412172, 51.280792843609724 ], [ 23.705529374776425, 51.274192465740377 ], [ 23.71415959973055, 51.268456876502775 ], [ 23.724092341351049, 51.261867667434785 ], [ 23.722833170087053, 51.250342969092273 ], [ 23.731546139191796, 51.244542332297776 ], [ 23.741374633883016, 51.238016061909164 ], [ 23.740105305290363, 51.226491894197501 ], [ 23.73883319693573, 51.214967827404088 ], [ 23.747720628824894, 51.209037832322785 ], [ 23.757345748767865, 51.202639257009501 ], [ 23.766264365106341, 51.196681392662988 ], [ 23.775844132878099, 51.190308169457175 ], [ 23.784797919263845, 51.184319740061149 ], [ 23.804528009532014, 51.183537168226231 ], [ 23.814099991524444, 51.177160790275124 ], [ 23.81279837906709, 51.165638468925671 ], [ 23.821834497773004, 51.159580781492267 ], [ 23.831961874590966, 51.164846646562687 ], [ 23.842768772003531, 51.170376554857043 ], [ 23.852325893791878, 51.164001749089095 ], [ 23.861270238888302, 51.157997331955976 ], [ 23.870768121725821, 51.151657280199927 ], [ 23.869447117992141, 51.140136189903814 ], [ 23.858817370009856, 51.134697095021671 ], [ 23.848376930155609, 51.129437439669893 ], [ 23.847055304439905, 51.117916199980236 ], [ 23.856392938046312, 51.111636218881202 ], [ 23.86546824566658, 51.105573510305199 ], [ 23.86413680459648, 51.094052808190817 ], [ 23.873644963534122, 51.087648244841397 ], [ 23.882528439283988, 51.081708084448827 ], [ 23.892104687123517, 51.075250528612003 ], [ 23.91178492979342, 51.074447760810635 ], [ 23.920622495972431, 51.068530600400443 ], [ 23.919269575294951, 51.057011229441457 ], [ 23.917914348527688, 51.045491943860583 ], [ 23.916556902596586, 51.033972739904293 ], [ 23.915197334540501, 51.022453613395264 ], [ 23.913835751962736, 51.010934559713611 ], [ 23.924060444990715, 51.004015058227438 ], [ 23.943709465723952, 51.003206457955123 ], [ 23.951841168457399, 50.997749546290258 ], [ 23.950466188035413, 50.986231355198107 ], [ 23.960875241038686, 50.979172858223379 ], [ 23.968760937854878, 50.973876067802323 ], [ 23.967377826198746, 50.962358360165176 ], [ 23.96599331822398, 50.950840699922544 ], [ 23.976779603452048, 50.943515328783533 ], [ 23.984261939118227, 50.93848379863887 ], [ 23.995153510368517, 50.93107993722095 ], [ 24.002517301054052, 50.926124442060029 ], [ 24.013517399456319, 50.9186398558329 ], [ 24.020759500330488, 50.91376263190952 ], [ 24.031871282038455, 50.906195142691239 ], [ 24.03898863937286, 50.901398369583951 ], [ 24.050215169918218, 50.89374585956034 ], [ 24.069813391070372, 50.892911452109843 ], [ 24.076828163727733, 50.88817770392474 ], [ 24.08814142271541, 50.880453836008456 ], [ 24.107732755059374, 50.879611660410404 ], [ 24.114638206655115, 50.874945663884041 ], [ 24.126044936175738, 50.867145761167713 ], [ 24.132814237123153, 50.862568374607733 ], [ 24.131378269218867, 50.851054346690496 ], [ 24.123853631982527, 50.847206091542866 ], [ 24.110346348679514, 50.840402365094043 ], [ 24.103030206447951, 50.836657628255232 ], [ 24.0834600280599, 50.837528835085052 ], [ 24.06388895622435, 50.838397431591723 ], [ 24.044316994649385, 50.839263426212206 ], [ 24.024744147034365, 50.84012682743154 ], [ 24.005170417068818, 50.840987643773431 ], [ 23.991328045326981, 50.83398998896503 ], [ 23.98437542575607, 50.830419030975953 ], [ 23.970331215171296, 50.823311689947047 ], [ 23.968941195127535, 50.811794280467105 ], [ 23.967552842964359, 50.800276787292297 ], [ 23.966166462068191, 50.788759197483444 ], [ 23.964782360290911, 50.777241497921032 ], [ 23.977765789617887, 50.768400530403696 ], [ 23.997313507709627, 50.767577567736573 ], [ 24.016860232885502, 50.766750669036362 ], [ 24.022110464990885, 50.763204147466126 ], [ 24.020714523335613, 50.751687426224848 ], [ 24.019321618511732, 50.740170561692047 ], [ 24.017932062086786, 50.728653540468798 ], [ 24.031411328723348, 50.719455304049596 ], [ 24.050936598974126, 50.718619404428495 ], [ 24.070460868915188, 50.717779616912942 ], [ 24.075167229066096, 50.71459283617002 ], [ 24.073767381721428, 50.703076733771411 ], [ 24.072371634761943, 50.69156044056664 ], [ 24.067347545427516, 50.688977273319701 ], [ 24.051459969244224, 50.680893719208726 ], [ 24.065443554582888, 50.6713394581937 ], [ 24.084947374178984, 50.670494150969553 ], [ 24.089105865585395, 50.667674672631854 ], [ 24.08771801404599, 50.65615816394935 ], [ 24.083140501502495, 50.653803676762159 ], [ 24.066835425895732, 50.645493109336464 ], [ 24.081181144377176, 50.635686672399927 ], [ 24.08495810776591, 50.6331244203529 ], [ 24.083586543834251, 50.621607164165745 ], [ 24.082220872378425, 50.61008963875426 ], [ 24.096898782366651, 50.600051841749931 ], [ 24.100334230774848, 50.597718679034699 ], [ 24.096428398053732, 50.595707657901357 ], [ 24.079507994120988, 50.587053746291673 ], [ 24.078161129722922, 50.575535364510273 ], [ 24.076820840385608, 50.564016684139261 ], [ 24.075487241412358, 50.552497700267217 ], [ 24.074160424387557, 50.540978409021903 ], [ 24.072840456727338, 50.529458807588838 ], [ 24.071527381434102, 50.517938894221032 ], [ 24.070221217054527, 50.506418668239832 ], [ 24.067085684354304, 50.504799490515346 ], [ 24.049504312564626, 50.495744196788763 ], [ 24.048218210395081, 50.484222924510782 ], [ 24.046938895101796, 50.472701346490503 ], [ 24.045666285412608, 50.461179466385133 ], [ 24.042742523063392, 50.459667036610789 ], [ 24.025005724664187, 50.450498495399728 ], [ 24.022102720848654, 50.448995574721607 ], [ 24.004362067528714, 50.439813230077931 ], [ 24.003120980601906, 50.42828966397289 ], [ 24.001885946491189, 50.416765826488735 ], [ 23.999040838059969, 50.415290785916419 ], [ 23.97963876919226, 50.416112195240942 ], [ 23.96023585125949, 50.416930891802693 ], [ 23.940832086762899, 50.417746871848436 ], [ 23.921427478173285, 50.418560131270794 ], [ 23.902022027930737, 50.419370665598812 ], [ 23.884386025475656, 50.410193407093935 ], [ 23.881428584011211, 50.408654915639644 ], [ 23.86202605419874, 50.409458902691412 ], [ 23.842622691058246, 50.410260148873107 ], [ 23.823218496872478, 50.411058647849394 ], [ 23.803813473893261, 50.411854392875561 ], [ 23.786287311652213, 50.402703656412669 ], [ 23.783243976123092, 50.401115920911742 ], [ 23.763841906710198, 50.40190509297522 ], [ 23.746368765973621, 50.392766598854273 ], [ 23.743285108926088, 50.391155687600509 ], [ 23.723886008127966, 50.391938292655347 ], [ 23.706471109609829, 50.382815132203646 ], [ 23.703341953365793, 50.381178279275034 ], [ 23.685971589019285, 50.372068518469852 ], [ 23.684857414119115, 50.360537427442829 ], [ 23.68374642461837, 50.349006196331928 ], [ 23.682638354902632, 50.337474835893708 ], [ 23.679393566074332, 50.335774604069506 ], [ 23.662177052139228, 50.326722753277366 ], [ 23.658883206509671, 50.324995416443329 ], [ 23.639508575884662, 50.325761677694246 ], [ 23.622373661012844, 50.316739387227052 ], [ 23.621288350650079, 50.305206707525059 ], [ 23.617889786917033, 50.303421565705442 ], [ 23.600860071154703, 50.294442789243135 ], [ 23.599782858295249, 50.282909642024926 ], [ 23.596291427432796, 50.281073694324597 ], [ 23.57937080842267, 50.27214144815423 ], [ 23.575822910994969, 50.270274299159013 ], [ 23.55896814962826, 50.261369388313355 ], [ 23.55536358686324, 50.259470885016704 ], [ 23.538574518550075, 50.250593480687975 ], [ 23.534913471538481, 50.248663670046007 ], [ 23.51818957375442, 50.239813742357718 ], [ 23.514472579897255, 50.237852859510546 ], [ 23.497812996368651, 50.229030189290853 ], [ 23.494040925186212, 50.227038645397101 ], [ 23.474701625805302, 50.227776625082576 ], [ 23.458125535967962, 50.218987154270863 ], [ 23.457083782892212, 50.207451697314745 ], [ 23.45320537147775, 50.205400706863216 ], [ 23.436730623559587, 50.1966567848986 ], [ 23.432801491006035, 50.194577298881207 ], [ 23.416384784565562, 50.185858110794385 ], [ 23.412406884610057, 50.183751120517776 ], [ 23.396046059829199, 50.175055685711577 ], [ 23.392021557847642, 50.172922297154066 ], [ 23.375714264269604, 50.164249519425418 ], [ 23.37164551491454, 50.162090941735109 ], [ 23.355389232884203, 50.153439620829957 ], [ 23.354362732178874, 50.141902917439445 ], [ 23.350229030238744, 50.13970748025146 ], [ 23.334046941358302, 50.131089065544856 ], [ 23.329877008895224, 50.128872608819449 ], [ 23.313737477300656, 50.120271503215633 ], [ 23.309534277740813, 50.118035572121968 ], [ 23.293434241011489, 50.109450236506902 ], [ 23.28920083556357, 50.107196432052589 ], [ 23.273137148040185, 50.098625270870542 ], [ 23.272117727047355, 50.087087765709818 ], [ 23.267849575152724, 50.084812983653137 ], [ 23.251828622848237, 50.076258903860236 ], [ 23.250808419048376, 50.064721281575331 ], [ 23.24651933566394, 50.062432852497928 ], [ 23.230526907377943, 50.053888540002696 ], [ 23.226224638558445, 50.05159124066089 ], [ 23.210251158338604, 50.043052120412852 ], [ 23.209231231540883, 50.031514208001909 ], [ 23.204930133801998, 50.029215035563681 ], [ 23.188962624054493, 50.020673928947105 ], [ 23.187940907001703, 50.009135933068073 ], [ 23.183656627404211, 50.006843262187957 ], [ 23.167679169050253, 49.99829180575896 ], [ 23.1634006001863, 49.996000364994686 ], [ 23.147422990972522, 49.987444013932219 ], [ 23.146400202963317, 49.975905771815803 ], [ 23.142162754066288, 49.973633891680464 ], [ 23.1261505897197, 49.965054145769386 ], [ 23.12193063523555, 49.962789843675793 ], [ 23.105906475768414, 49.954198861254227 ], [ 23.104881926068419, 49.942660394106291 ], [ 23.100728383721147, 49.940429313627149 ], [ 23.084644120695629, 49.931801287260441 ], [ 23.083616499793798, 49.920262775733363 ], [ 23.079547039905506, 49.918074495916159 ], [ 23.063384818296669, 49.909399853840476 ], [ 23.059353392843811, 49.907230304614949 ], [ 23.043158544222159, 49.898533282216178 ], [ 23.04212809232688, 49.886994576426346 ], [ 23.038207526685664, 49.884882409388453 ], [ 23.021907719388206, 49.876124199857983 ], [ 23.018037651020517, 49.874037584366569 ], [ 23.001692710642001, 49.865250178658812 ], [ 23.000658826505621, 49.853711294909246 ], [ 22.996927183455647, 49.851697145365108 ], [ 22.980449496351657, 49.842833478534118 ], [ 22.976781024707481, 49.840851857919688 ], [ 22.960245477472849, 49.831952022853535 ], [ 22.959207568292452, 49.820412976539608 ], [ 22.958164955947055, 49.808874074530237 ], [ 22.954768600515209, 49.80703694862796 ], [ 22.937966451471688, 49.797988686753264 ], [ 22.934651472292998, 49.79619416113443 ], [ 22.917773147753142, 49.787099666400799 ], [ 22.914543468109908, 49.785349935853461 ], [ 22.897585028985212, 49.77620701586271 ], [ 22.896537444749629, 49.764667829744916 ], [ 22.895484723535166, 49.753128799421525 ], [ 22.892604799662053, 49.751566438333931 ], [ 22.875301400339588, 49.742232239113243 ], [ 22.872525716303528, 49.740725241198888 ], [ 22.855123134195846, 49.731332055565801 ], [ 22.854064522062398, 49.719792907999988 ], [ 22.851547823206236, 49.71842505762848 ], [ 22.833890899408946, 49.708888966905597 ], [ 22.831492247556838, 49.707584250111694 ], [ 22.813722238502731, 49.697981408719798 ], [ 22.811445744839681, 49.696742164289894 ], [ 22.79355850763416, 49.687070236231335 ], [ 22.791408309227851, 49.685898822361921 ], [ 22.773399672242508, 49.676155452302012 ], [ 22.772333454523594, 49.664615932725091 ], [ 22.771261306756696, 49.653076588183481 ], [ 22.769609299528756, 49.652175371619279 ], [ 22.751106017484485, 49.642157931109516 ], [ 22.749600579652039, 49.641336027854749 ], [ 22.730955478896302, 49.631235669377446 ], [ 22.729875713651314, 49.619696243013337 ], [ 22.728727477082085, 49.619068688358738 ], [ 22.709729051405599, 49.608770249819656 ], [ 22.708642068257639, 49.597230879469762 ], [ 22.707874843589128, 49.596811116069013 ], [ 22.688499108967477, 49.586301159292056 ], [ 22.687404616993234, 49.574761850848134 ], [ 22.687042648828484, 49.574563600598005 ], [ 22.667265194655094, 49.563828407765484 ], [ 22.666463624389237, 49.555431764328965 ], [ 22.647164365287438, 49.553249212676185 ], [ 22.644717887496242, 49.552967477099727 ], [ 22.62786511692957, 49.551042575099551 ], [ 22.608565202429745, 49.548802291991834 ], [ 22.589264752461844, 49.546529603315129 ], [ 22.569964064447031, 49.544228062063446 ], [ 22.566654171690342, 49.543828908674058 ], [ 22.550664386161909, 49.541914398657362 ], [ 22.531365257131963, 49.539582040286376 ], [ 22.512066768796529, 49.537231959255003 ], [ 22.492769207634968, 49.534867883428525 ], [ 22.490444781445614, 49.534581754821772 ], [ 22.473473701138442, 49.532505478895096 ], [ 22.454179796503528, 49.530138367680102 ], [ 22.4348876523682, 49.527768742570025 ], [ 22.415597539578499, 49.525400455584808 ], [ 22.414570579819667, 49.525274577275304 ], [ 22.396310447440438, 49.523047808340735 ], [ 22.377025948791722, 49.52070488982045 ], [ 22.357744259436025, 49.51837503093391 ], [ 22.338465631405587, 49.516062172313767 ], [ 22.337533594567653, 49.51595130485525 ], [ 22.319190854080929, 49.513778279358313 ], [ 22.299919646162206, 49.511519702907307 ], [ 22.280652216228638, 49.50929002376752 ], [ 22.261388795452312, 49.507093247769852 ], [ 22.257530487378176, 49.506660455416018 ], [ 22.242129920405169, 49.504938093823249 ], [ 22.222875570341124, 49.502825015361395 ], [ 22.203625881496865, 49.500756878280143 ], [ 22.184381062764192, 49.49873773656725 ], [ 22.171951217945342, 49.497467532668999 ], [ 22.165141398094637, 49.496772906041976 ], [ 22.145907145153167, 49.4948674236324 ], [ 22.12667834740197, 49.493023091250102 ], [ 22.107455190122014, 49.491243992932723 ], [ 22.088237852594666, 49.489534219088952 ], [ 22.075963240726999, 49.488488867247042 ], [ 22.06902654094467, 49.487898391394523 ], [ 22.049821443393522, 49.486340959824631 ], [ 22.030622661281296, 49.484865080422971 ], [ 22.011430347961049, 49.483474836103007 ], [ 21.992244650000377, 49.482174302428938 ], [ 21.973065706977348, 49.48096754379786 ], [ 21.95678714396016, 49.480026164310935 ], [ 21.953893650705382, 49.479858599986919 ], [ 21.934728603600536, 49.478851457830636 ], [ 21.915570685815631, 49.4779501693247 ], [ 21.896420006551573, 49.477158706375199 ], [ 21.877276666838565, 49.476481005337106 ], [ 21.858140759256678, 49.475920960807876 ], [ 21.839012367647673, 49.475482419023301 ], [ 21.819891566819368, 49.475169170861342 ], [ 21.800778422244527, 49.474984944468439 ], [ 21.781672989756601, 49.474933397537718 ], [ 21.762575315244622, 49.475018109260141 ], [ 21.743485434350074, 49.475242571988282 ], [ 21.724403372167345, 49.475610182626482 ], [ 21.705329142951996, 49.476124233815639 ], [ 21.686262749839997, 49.476787904959856 ], [ 21.667204184578758, 49.477604253103308 ], [ 21.648153427275453, 49.47857620375715 ], [ 21.629110446164557, 49.479706541707046 ], [ 21.610075197397947, 49.480997901868975 ], [ 21.591047624859723, 49.482452760235383 ], [ 21.572027660010043, 49.484073425001654 ], [ 21.553015221759527, 49.485862027912816 ], [ 21.534010216376021, 49.487820515877729 ], [ 21.515012537427801, 49.489950642945978 ], [ 21.509668704250302, 49.490598415293199 ], [ 21.496022047673311, 49.492253607129506 ], [ 21.477038621398318, 49.494730867765448 ] ] ], [ [ [ 18.79435108473993, 54.618027698220622 ], [ 18.77789232682164, 54.626887404619886 ], [ 18.772924542875973, 54.629549921372778 ], [ 18.772796478997009, 54.641110165826689 ], [ 18.75632310228945, 54.649960507101014 ], [ 18.751339209206691, 54.652628485588018 ], [ 18.734804535556012, 54.661498310811147 ], [ 18.729859800251312, 54.664142945791866 ], [ 18.729713398275582, 54.675703050054061 ], [ 18.734694348018472, 54.678407146365551 ], [ 18.739710415394089, 54.67572493572208 ], [ 18.756221637020616, 54.666913103302932 ], [ 18.761274251546649, 54.664208914228524 ], [ 18.777736743415872, 54.655420577992949 ], [ 18.782835861594286, 54.65268904082928 ], [ 18.799239683910582, 54.643929506190887 ], [ 18.804395116767996, 54.641165314854476 ], [ 18.80438878231864, 54.629604827841241 ], [ 18.820781441071833, 54.620847433173175 ], [ 18.82594196354318, 54.618077227173927 ], [ 18.825932938614187, 54.60651669771498 ], [ 18.820856486404811, 54.603763042380358 ], [ 18.81575592085483, 54.606501638888368 ], [ 18.799380482925351, 54.615329736117765 ], [ 18.79435108473993, 54.618027698220622 ] ] ], [ [ [ 18.718144409003035, 54.687237105904387 ], [ 18.713192615766733, 54.68454815500408 ], [ 18.708203073283894, 54.687213578506018 ], [ 18.713154859812512, 54.689902732071772 ], [ 18.718144409003035, 54.687237105904387 ] ] ], [ [ [ 18.675021110869523, 54.698689551547602 ], [ 18.670175898454623, 54.696055985326808 ], [ 18.665288178793745, 54.698663066310765 ], [ 18.670133383814086, 54.701296826760142 ], [ 18.675021110869523, 54.698689551547602 ] ] ], [ [ [ 18.653452114586738, 54.710190197091862 ], [ 18.648608708717138, 54.70755673791124 ], [ 18.643720013416615, 54.710161986378736 ], [ 18.648563411408571, 54.7127956397267 ], [ 18.653452114586738, 54.710190197091862 ] ] ], [ [ [ 18.588760987631833, 54.733108786929982 ], [ 18.583952200618345, 54.730490797981027 ], [ 18.579090112815695, 54.733075604840067 ], [ 18.583898890616911, 54.735693785464157 ], [ 18.588760987631833, 54.733108786929982 ] ] ], [ [ [ 18.459359724832691, 54.778842487333264 ], [ 18.454421915096219, 54.776147334937299 ], [ 18.44941216923683, 54.778797754489005 ], [ 18.45434996618588, 54.781493109562284 ], [ 18.459359724832691, 54.778842487333264 ] ] ] ] } }
]
}
