{
"type": "FeatureCollection",
"name": "zasieg_BRZ_cykl_1_epsg4326",
"crs": { "type": "name", "properties": { "name": "urn:ogc:def:crs:OGC:1.3:CRS84" } },
"features": [
{ "type": "Feature", "properties": { "gatunek": "BRZ", "cykl": 1, "pokrycie": 0.95, "prog_kde": 1.7718103314693152e-12 }, "geometry": { "type": "MultiPolygon", "coordinates": [ [ [ [ 18.973985930174912, 49.415039005333156 ], [ 18.990795959817188, 49.42526198915359 ], [ 18.990598305247641, 49.436832689172711 ], [ 18.990403410357313, 49.448403365812297 ], [ 18.973963115374108, 49.458155992285853 ], [ 18.970966314703368, 49.459970789349768 ], [ 18.970774635379581, 49.471541387396641 ], [ 18.970585731504723, 49.483111962570234 ], [ 18.970399612129025, 49.49468251488797 ], [ 18.970216284866574, 49.506253044366723 ], [ 18.954818031154769, 49.515376819749633 ], [ 18.950781707668046, 49.517816962654912 ], [ 18.935688387558102, 49.526755526276261 ], [ 18.916569383314442, 49.526664308730311 ], [ 18.901900646176085, 49.517785843913686 ], [ 18.897474439896541, 49.515099462740274 ], [ 18.878360057384864, 49.515004227199661 ], [ 18.873794658891363, 49.517758600332087 ], [ 18.859212811503699, 49.526382262970557 ], [ 18.854362543362623, 49.52930630824288 ], [ 18.854172491155492, 49.540876581421472 ], [ 18.853985094495478, 49.5524468344261 ], [ 18.839981680383708, 49.560722789565595 ], [ 18.834553586911451, 49.563991153383462 ], [ 18.834368851379633, 49.575561333728615 ], [ 18.834186737156024, 49.587131494334187 ], [ 18.834007239438801, 49.59870163520668 ], [ 18.833830352509942, 49.610271756351061 ], [ 18.820639142277848, 49.618061508127269 ], [ 18.814398648156473, 49.621812586466845 ], [ 18.814224166882312, 49.633382637087934 ], [ 18.81405224619154, 49.644952668373826 ], [ 18.813882876977452, 49.656522680322254 ], [ 18.813716049466223, 49.668092672929639 ], [ 18.801250777908432, 49.675448889984267 ], [ 18.794282840281408, 49.679630021294471 ], [ 18.782022353543994, 49.686862943491683 ], [ 18.762840882202376, 49.686775211048058 ], [ 18.750901555672826, 49.679544836679007 ], [ 18.743719950465465, 49.675182849287872 ], [ 18.736492667934911, 49.679512947884234 ], [ 18.724478159706532, 49.686595090796835 ], [ 18.717058116093995, 49.691037324615465 ], [ 18.716883816919747, 49.702607103268889 ], [ 18.705157697550643, 49.709516865800438 ], [ 18.685967454882935, 49.709424665316838 ], [ 18.666777290037032, 49.70933087171025 ], [ 18.647587204590621, 49.709235478777678 ], [ 18.639670879757592, 49.713962828174985 ], [ 18.639488788308881, 49.725532434550146 ], [ 18.628221422661909, 49.732165079418237 ], [ 18.620049036261854, 49.737040458377734 ], [ 18.619868163232535, 49.748609996019219 ], [ 18.619689456830208, 49.760179517443063 ], [ 18.619512903525262, 49.771749022615403 ], [ 18.60865183035229, 49.778140533393589 ], [ 18.600068212025437, 49.78325360721292 ], [ 18.599892598097199, 49.794823044156168 ], [ 18.58923983510099, 49.801090468782526 ], [ 18.580444684292729, 49.806324292591022 ], [ 18.580269840041293, 49.817893661294882 ], [ 18.569809349783988, 49.824046596705386 ], [ 18.560818386458056, 49.829391572089882 ], [ 18.569713931242443, 49.834803623033807 ], [ 18.57992623599625, 49.841032350937901 ], [ 18.579757449121235, 49.852601671797842 ], [ 18.588756990207422, 49.858071591931278 ], [ 18.59888223583663, 49.864239326622609 ], [ 18.588653532076343, 49.870257131259301 ], [ 18.579425838552254, 49.875740265397411 ], [ 18.579262988336993, 49.887309538058808 ], [ 18.579102090712652, 49.898878794576348 ], [ 18.578943132783852, 49.910448034911823 ], [ 18.568989126122808, 49.91630314810233 ], [ 18.559479176500915, 49.921945532100835 ], [ 18.549609663932014, 49.927749836752533 ], [ 18.539906782583856, 49.921869538131183 ], [ 18.539963562811959, 49.910299958485879 ], [ 18.53055724396955, 49.904581460054246 ], [ 18.511290028161749, 49.904486096939081 ], [ 18.492022897493495, 49.904388969727208 ], [ 18.482451449154532, 49.910057552490031 ], [ 18.472630044615901, 49.915829089379891 ], [ 18.462981705512281, 49.921538855966183 ], [ 18.453227976771625, 49.927269611890139 ], [ 18.433951901485955, 49.927168238373994 ], [ 18.424215617616422, 49.932922692031411 ], [ 18.414536090463308, 49.938607834446643 ], [ 18.395255589035898, 49.938503408408863 ], [ 18.375975182270114, 49.938397202727607 ], [ 18.356694871903574, 49.938289218950366 ], [ 18.347199609031797, 49.932514784823759 ], [ 18.337572932222926, 49.926634730193889 ], [ 18.328041942462082, 49.920835518837876 ], [ 18.318460196661402, 49.914978504269556 ], [ 18.308714939153781, 49.92072192653157 ], [ 18.299022033530985, 49.926408922145356 ], [ 18.28923250159685, 49.932174032766234 ], [ 18.289023716414064, 49.943742602623395 ], [ 18.288816497002994, 49.955311159040619 ], [ 18.279230029781008, 49.960934850427137 ], [ 18.269326311976016, 49.966759839663617 ], [ 18.259763879264487, 49.972368497671717 ], [ 18.240470323825498, 49.972251268127238 ], [ 18.221176875791674, 49.972132276405482 ], [ 18.211268678036692, 49.977949445044679 ], [ 18.211050856474547, 49.98951775855901 ], [ 18.201501153922376, 49.995116081950641 ], [ 18.182198668125132, 49.994994434544274 ], [ 18.172777411251033, 49.989251183603699 ], [ 18.163096816357548, 49.983317457789767 ], [ 18.153212758425251, 49.989110038090125 ], [ 18.143594033426155, 49.994745899630203 ], [ 18.124291887737797, 49.994619024577766 ], [ 18.114431503861535, 50.000390327083871 ], [ 18.104775286938168, 50.006046128516736 ], [ 18.094920753822446, 50.011809582743687 ], [ 18.094684106019209, 50.02337752483303 ], [ 18.094448791378245, 50.034945454495912 ], [ 18.084810166415661, 50.040589707206529 ], [ 18.074929225802528, 50.046361256228018 ], [ 18.065265323384669, 50.052019153498314 ], [ 18.055405840337553, 50.057773743443477 ], [ 18.045711137962819, 50.063448466737817 ], [ 18.026381727717542, 50.063315326384384 ], [ 18.016783191172546, 50.057452993692415 ], [ 18.007291049821088, 50.051618635057039 ], [ 17.997637348011768, 50.045719448497628 ], [ 17.9978663396783, 50.034151624863739 ], [ 18.007769803372813, 50.028397840497554 ], [ 18.017338075594079, 50.034318137418275 ], [ 18.026850039652881, 50.040165184202323 ], [ 18.036595138637335, 50.034479600109201 ], [ 18.036811755065134, 50.022911598595741 ], [ 18.03702679749917, 50.011343561337441 ], [ 18.027549825861083, 50.00551616532524 ], [ 18.008243766936815, 50.005379411417039 ], [ 17.998577696945631, 50.011018096681909 ], [ 17.988695272817274, 50.016799932436946 ], [ 17.978962561246544, 50.010847149027981 ], [ 17.969632027522234, 50.005100828605663 ], [ 17.950326350120005, 50.004959009779967 ], [ 17.940481878466414, 49.998932244751977 ], [ 17.931277099488927, 49.993256155785126 ], [ 17.921367638323044, 49.987186177116115 ], [ 17.912237067856374, 49.981551619444353 ], [ 17.892941058235866, 49.98140396324461 ], [ 17.882907783555833, 49.975252230109604 ], [ 17.873915005695864, 49.969695648505443 ], [ 17.864667019341613, 49.975075140329807 ], [ 17.854349447175835, 49.98110364347437 ], [ 17.845147108500903, 49.986452470147263 ], [ 17.834774562972171, 49.992511568312288 ], [ 17.825623533554136, 49.997826483190465 ], [ 17.825331937959827, 50.009393517331894 ], [ 17.81490601539959, 50.015481907600069 ], [ 17.795596782710085, 50.015327088345892 ], [ 17.786565213862708, 50.020564552738712 ], [ 17.786268188115116, 50.032131417193419 ], [ 17.775699835382248, 50.038299393765605 ], [ 17.766730586632342, 50.043495384211404 ], [ 17.766431875818544, 50.055062151436537 ], [ 17.766134236987117, 50.066628907635724 ], [ 17.755484265009468, 50.072841761581273 ], [ 17.746587110160284, 50.077989376098138 ], [ 17.735848005623776, 50.084252089287595 ], [ 17.72703597893382, 50.089346516578111 ], [ 17.726733683709114, 50.100913086462064 ], [ 17.715893046700405, 50.107232231941957 ], [ 17.707175577220838, 50.112266807907005 ], [ 17.69623309360394, 50.118642880675736 ], [ 17.685456900810792, 50.112022926614664 ], [ 17.677201682617664, 50.106909441223429 ], [ 17.657856230397641, 50.106745382341821 ], [ 17.649421195558649, 50.111609310662637 ], [ 17.649105147119641, 50.12317553989071 ], [ 17.637854278859013, 50.12972441312079 ], [ 17.629535943841521, 50.134516102260513 ], [ 17.6181664380432, 50.141131068093955 ], [ 17.60996228707808, 50.145853324167525 ], [ 17.598469161906657, 50.152537078464796 ], [ 17.590384065407203, 50.157187202800102 ], [ 17.598191571330478, 50.162029689695977 ], [ 17.6093208686049, 50.168985373908399 ], [ 17.617221931511381, 50.173882206126855 ], [ 17.636590770533815, 50.174173925298419 ], [ 17.655959946706211, 50.174461043911457 ], [ 17.666811971659097, 50.18122933599313 ], [ 17.675009754862028, 50.186300930806389 ], [ 17.694384252748645, 50.186579227330093 ], [ 17.705067081417248, 50.193231860359454 ], [ 17.713448512408448, 50.198410453016457 ], [ 17.732828318626805, 50.198679824337951 ], [ 17.743350098085791, 50.205221996225447 ], [ 17.751907029504959, 50.210502273480337 ], [ 17.762360203045795, 50.216995714665607 ], [ 17.762077030354767, 50.228562311664604 ], [ 17.761794846387719, 50.240128896881046 ], [ 17.750968669679516, 50.246436071991567 ], [ 17.742203064166485, 50.251488059051191 ], [ 17.73125887949891, 50.257861182953327 ], [ 17.722606785105029, 50.262843877600901 ], [ 17.722319266694925, 50.274410275400804 ], [ 17.730681961279902, 50.27956627485672 ], [ 17.741352883816084, 50.286187481509316 ], [ 17.749792158662533, 50.291386764084017 ], [ 17.760398492144915, 50.29796164367999 ], [ 17.749452715563173, 50.304334566822646 ], [ 17.730026815678279, 50.304182193440781 ], [ 17.721462235145431, 50.309109396144621 ], [ 17.721178366406669, 50.320675745172885 ], [ 17.709974262503536, 50.32719273120977 ], [ 17.690539201279506, 50.327037210882779 ], [ 17.679389498175151, 50.320208559324307 ], [ 17.679737774446, 50.308643007869335 ], [ 17.680084782769235, 50.297077419655551 ], [ 17.672072506784932, 50.292132567639527 ], [ 17.660907940679856, 50.285288511735992 ], [ 17.652978926073676, 50.280391340593845 ], [ 17.64173824721021, 50.273496466064394 ], [ 17.633894704832461, 50.268648419560826 ], [ 17.614483871463978, 50.268484442738711 ], [ 17.606478752734027, 50.273079033882802 ], [ 17.594732280864292, 50.279900004935449 ], [ 17.575317057758085, 50.279732305002334 ], [ 17.563641441554346, 50.272557488584823 ], [ 17.556252353513681, 50.267980696211836 ], [ 17.536842186500067, 50.267808681126759 ], [ 17.529301074836006, 50.272127985144323 ], [ 17.517072413490581, 50.279216753798138 ], [ 17.497657886920802, 50.279040559696121 ], [ 17.485517974135714, 50.271565654434987 ], [ 17.478612757166218, 50.267279537627751 ], [ 17.459203319281727, 50.267098569287185 ], [ 17.446854075478704, 50.259485534277736 ], [ 17.440172451741681, 50.25533288271405 ], [ 17.433225561739025, 50.259302576266002 ], [ 17.432875467075764, 50.270867684572366 ], [ 17.420001675213115, 50.278312238096163 ], [ 17.400588121545066, 50.278123875045893 ], [ 17.393958779762723, 50.281906208859297 ], [ 17.380781723361551, 50.289516417896081 ], [ 17.367871808572307, 50.281542773762503 ], [ 17.368298925572883, 50.269978895507386 ], [ 17.362159147405368, 50.266155804568854 ], [ 17.355763119317452, 50.269802198861385 ], [ 17.355396377335722, 50.281366898947077 ], [ 17.355030216674997, 50.292931585640886 ], [ 17.354664618580543, 50.304496258685347 ], [ 17.341140457158861, 50.312294645709606 ], [ 17.335006467084899, 50.315786171957214 ], [ 17.340891395707843, 50.31944954033677 ], [ 17.353935030460221, 50.327625562730368 ], [ 17.340333532192709, 50.335465012107896 ], [ 17.327025686838407, 50.327241419732751 ], [ 17.32130558996792, 50.323679912162348 ], [ 17.301874286783349, 50.323477012497783 ], [ 17.28244323227338, 50.323270809381093 ], [ 17.276747518149154, 50.326506971926825 ], [ 17.262589937323259, 50.334646302377898 ], [ 17.243154683492392, 50.334432996072273 ], [ 17.237762992807028, 50.337492435954793 ], [ 17.223287471276358, 50.345801131790921 ], [ 17.21806523838346, 50.348762095398513 ], [ 17.217669449450074, 50.360325927299819 ], [ 17.202973253971049, 50.368750798816087 ], [ 17.197957022162875, 50.371591981308072 ], [ 17.197556790417298, 50.383155659150276 ], [ 17.182639239521816, 50.391696364426309 ], [ 17.163181523440336, 50.391465987568111 ], [ 17.148560596535923, 50.382385893057105 ], [ 17.1441764563688, 50.379646228476403 ], [ 17.13958403728525, 50.382242625179288 ], [ 17.124267065086283, 50.39099188870901 ], [ 17.119836236433294, 50.393494961196204 ], [ 17.119415920816301, 50.405058101386196 ], [ 17.103885866783116, 50.413916553530726 ], [ 17.084420048592801, 50.413666759612205 ], [ 17.06495459869641, 50.413411938205108 ], [ 17.045489528370762, 50.413151955273449 ], [ 17.041599517369651, 50.415343774639993 ], [ 17.025543246785837, 50.424468868690496 ], [ 17.006074249372162, 50.424197517562142 ], [ 16.986605667865025, 50.42392059140375 ], [ 16.967137513612297, 50.423637975511646 ], [ 16.963690049105054, 50.425575887402012 ], [ 16.947169003376864, 50.434928805278744 ], [ 16.943843240877396, 50.436796831919338 ], [ 16.927191189724915, 50.446211963447496 ], [ 16.923980148136145, 50.448014130898741 ], [ 16.907204084735231, 50.457487179025463 ], [ 16.891138057035473, 50.447423371998617 ], [ 16.888239206917479, 50.445601751974728 ], [ 16.872138890271142, 50.435507188715732 ], [ 16.872682511991513, 50.42394692293351 ], [ 16.869803539407499, 50.422136027448076 ], [ 16.853698772824139, 50.412027884765216 ], [ 16.870681593597471, 50.402558502906672 ], [ 16.873769317747421, 50.400826320537355 ], [ 16.890648214888543, 50.391412133514827 ], [ 16.89383798386153, 50.38962129164743 ], [ 16.910605307189552, 50.380266455750501 ], [ 16.913904369271648, 50.378412790977507 ], [ 16.914439760110852, 50.366852145120141 ], [ 16.914974780032303, 50.355291471544959 ], [ 16.931556828401224, 50.346033393212451 ], [ 16.935030241026993, 50.344079177893619 ], [ 16.935560652683382, 50.332518317367793 ], [ 16.93609056222763, 50.320957426801506 ], [ 16.952477382363409, 50.311801236705868 ], [ 16.956133824578021, 50.309741322478146 ], [ 16.972385871489568, 50.300656876455896 ], [ 16.991798885523473, 50.30105556105525 ], [ 16.99569104497948, 50.298859986916227 ], [ 17.011693598635436, 50.289909527247119 ], [ 17.01572515790426, 50.287633529437144 ], [ 17.016236590293317, 50.276071986717952 ], [ 17.016747266642383, 50.264510409781678 ], [ 17.012853522107598, 50.262062699548103 ], [ 16.997751756397939, 50.252614273094395 ], [ 16.998265035728608, 50.241052758739748 ], [ 17.014095899489078, 50.232187617523813 ], [ 17.018274493672255, 50.229825469143123 ], [ 17.01429795597873, 50.227324048558351 ], [ 16.994909255670979, 50.227056622508215 ], [ 16.990842513828486, 50.229354232269536 ], [ 16.990384603863646, 50.240916701065878 ], [ 16.974539598190887, 50.249941142424227 ], [ 16.95927332362308, 50.240374330052383 ], [ 16.959794051814409, 50.228813046191767 ], [ 16.956133036013124, 50.226506451367257 ], [ 16.936745537468958, 50.226223493435675 ], [ 16.917358460229327, 50.225935154012554 ], [ 16.897971814515262, 50.225641340374828 ], [ 16.882410029560006, 50.215857499707937 ], [ 16.882945159473131, 50.204296680249918 ], [ 16.879612300923515, 50.202191470238624 ], [ 16.860235869534566, 50.201887760018998 ], [ 16.856810047231768, 50.203817312074989 ], [ 16.840337405514703, 50.213152231286678 ], [ 16.824573895930673, 50.203217928095874 ], [ 16.825119761846263, 50.191657476630631 ], [ 16.822011178563351, 50.189690387312076 ], [ 16.802640795947731, 50.189370277069727 ], [ 16.786788669561854, 50.179362481625432 ], [ 16.787340595629352, 50.167802231745256 ], [ 16.787891824336548, 50.156241947791187 ], [ 16.784877020821583, 50.154330933143534 ], [ 16.769022312775959, 50.144310028846171 ], [ 16.766060829668984, 50.142431412760331 ], [ 16.746710470156675, 50.14209692457861 ], [ 16.730757090902657, 50.131997397502715 ], [ 16.731317227963075, 50.120437418612582 ], [ 16.728456634516142, 50.118620096841752 ], [ 16.712481580413616, 50.10849673578911 ], [ 16.709668618892085, 50.106708344192612 ], [ 16.690333647426456, 50.106358850750773 ], [ 16.670999190848768, 50.106003590912401 ], [ 16.668131253044798, 50.107614069778478 ], [ 16.651099314309985, 50.117207344819796 ], [ 16.631761293708511, 50.116839668224458 ], [ 16.628993069882458, 50.118392138189783 ], [ 16.628429349587577, 50.12995170148708 ], [ 16.611272333245044, 50.139592518541889 ], [ 16.591926164806477, 50.139211406515884 ], [ 16.589240097448194, 50.140715442203351 ], [ 16.588664106973965, 50.152274581690897 ], [ 16.571409085342985, 50.161947185892132 ], [ 16.568757296396267, 50.16343046271443 ], [ 16.568174687539699, 50.174989357440488 ], [ 16.56759173590924, 50.186548224868318 ], [ 16.567008417699281, 50.198107064503589 ], [ 16.566424708602842, 50.209665875841189 ], [ 16.56584058383795, 50.221224658365635 ], [ 16.548503481849931, 50.23091400267085 ], [ 16.545884688948799, 50.232375693610891 ], [ 16.52852417150423, 50.242066066527805 ], [ 16.525911882569726, 50.243522979339325 ], [ 16.508535798828579, 50.253209959823877 ], [ 16.505922107241155, 50.254666506513566 ], [ 16.505317156272724, 50.26622456274454 ], [ 16.487930084139546, 50.275901860301289 ], [ 16.485303422582223, 50.277364083070921 ], [ 16.467918568391951, 50.287028028278939 ], [ 16.4652726204937, 50.288499824965086 ], [ 16.464652985121056, 50.300057362971167 ], [ 16.447279266242212, 50.309699227721325 ], [ 16.444598025152803, 50.311189071735981 ], [ 16.443970508872386, 50.322746325695427 ], [ 16.426620441389097, 50.332359157572583 ], [ 16.407200848256139, 50.331907873615414 ], [ 16.387781863802527, 50.331451204323642 ], [ 16.384979873463987, 50.333004876078853 ], [ 16.384331499940771, 50.344561405909872 ], [ 16.367086137315784, 50.354084380937351 ], [ 16.364209211013755, 50.35567790365959 ], [ 16.366902746727622, 50.357397691015962 ], [ 16.383032211729919, 50.367674349236403 ], [ 16.365807175812442, 50.377178369176498 ], [ 16.362895368326363, 50.378790327885703 ], [ 16.345726090729332, 50.388251875887136 ], [ 16.326285704139341, 50.387773788747317 ], [ 16.306845932210283, 50.387290747381492 ], [ 16.290998916488849, 50.377136959785894 ], [ 16.288065470259244, 50.375260900869641 ], [ 16.284926042936135, 50.376995264189866 ], [ 16.267968232484783, 50.386310192670202 ], [ 16.264738171841955, 50.388093208756494 ], [ 16.264047353357515, 50.399648198425155 ], [ 16.247193042610107, 50.408891524111183 ], [ 16.243837079701255, 50.410742055943231 ], [ 16.227072490168535, 50.419925364998065 ], [ 16.22361186031689, 50.421832093651567 ], [ 16.206942798752859, 50.430952451043908 ], [ 16.203372003285434, 50.432918312131548 ], [ 16.202659131838995, 50.444472454794337 ], [ 16.206019716570083, 50.446623613504727 ], [ 16.209623969209005, 50.444639795962637 ], [ 16.226163761285495, 50.435471190892144 ], [ 16.241737956469851, 50.445405977808839 ], [ 16.225048161991626, 50.454537251318008 ], [ 16.221491602955048, 50.456495209253333 ], [ 16.224809271575324, 50.458617306638565 ], [ 16.244281497432116, 50.459035058563032 ], [ 16.259883654827686, 50.468977285558104 ], [ 16.263085776195005, 50.47102284621203 ], [ 16.282563591759374, 50.471435889889754 ], [ 16.298293027147896, 50.481446904510761 ], [ 16.301382584169851, 50.483418023017563 ], [ 16.317164096869917, 50.493454695085333 ], [ 16.316483807872235, 50.505009992657328 ], [ 16.319555800176239, 50.50696801078854 ], [ 16.3228413464489, 50.50515646573691 ], [ 16.339699660275766, 50.495803429909145 ], [ 16.359188581447203, 50.496208030350587 ], [ 16.375159515872436, 50.506348620478398 ], [ 16.378036968800608, 50.508179702070933 ], [ 16.394057151813715, 50.518344269080359 ], [ 16.396894883287999, 50.520148716151482 ], [ 16.412963775000524, 50.530336956535315 ], [ 16.395814825314819, 50.539760213983314 ], [ 16.392742215674236, 50.541456420130615 ], [ 16.395620529761729, 50.543285877530415 ], [ 16.411659565606897, 50.553449457913707 ], [ 16.411005933985855, 50.565005645015127 ], [ 16.413863283288709, 50.566820014761184 ], [ 16.433382477726301, 50.567214436997055 ], [ 16.449520680596315, 50.577426613068312 ], [ 16.448877738290538, 50.588983145145967 ], [ 16.431684218028451, 50.598427304357458 ], [ 16.428637824563413, 50.600108478293052 ], [ 16.411522820723437, 50.609497697353248 ], [ 16.408381320029925, 50.611229971498162 ], [ 16.391352203945004, 50.620560492628421 ], [ 16.388108621617235, 50.622347626007965 ], [ 16.387442805099834, 50.633903346857196 ], [ 16.370528103257428, 50.643156152512134 ], [ 16.367147257498431, 50.645016908844553 ], [ 16.350333863889276, 50.654203281532368 ], [ 16.346836478466386, 50.656126637242892 ], [ 16.330130352452322, 50.665243654086375 ], [ 16.310577259782345, 50.664740751050331 ], [ 16.291024778590575, 50.664233422661567 ], [ 16.287216424552273, 50.666323919744464 ], [ 16.270803710639282, 50.675256975226887 ], [ 16.25124770211508, 50.674740374606344 ], [ 16.231692299887346, 50.674219705257229 ], [ 16.216743297519617, 50.664661078142949 ], [ 16.217390346141535, 50.653105612903595 ], [ 16.218037122462238, 50.641550122412518 ], [ 16.214186482772615, 50.639095750281236 ], [ 16.194646519103411, 50.638569352415885 ], [ 16.190415762816617, 50.640886927871193 ], [ 16.17441512872719, 50.64957091686032 ], [ 16.154871631175737, 50.649036248783624 ], [ 16.150394668791996, 50.651485441681579 ], [ 16.134626763474252, 50.660028388734183 ], [ 16.115079720301534, 50.65948592276164 ], [ 16.095533275214166, 50.658940004839579 ], [ 16.081254383986174, 50.649772904265816 ], [ 16.076703639351575, 50.64686199536758 ], [ 16.062488847246236, 50.637729744472935 ], [ 16.063167247097482, 50.626175586418142 ], [ 16.058603633253266, 50.623253621467015 ], [ 16.044413741440135, 50.614129661216694 ], [ 16.039797488440751, 50.611171771036844 ], [ 16.025668564475446, 50.602080826016376 ], [ 16.021000936516373, 50.59908777030752 ], [ 16.015970772089108, 50.601832609449374 ], [ 16.000747914804823, 50.610054655991867 ], [ 15.995567545061894, 50.612879187917052 ], [ 16.000371977850108, 50.615961217014856 ], [ 16.014420648961636, 50.624935656527263 ], [ 16.013644971674857, 50.636487136078451 ], [ 16.012868918586555, 50.648038587203104 ], [ 16.012092516833953, 50.659590010604738 ], [ 16.011315794438254, 50.67114140701004 ], [ 15.996338106418031, 50.679214886291369 ], [ 15.990878843811302, 50.682186463470821 ], [ 15.97604427557088, 50.690175517793357 ], [ 15.956487719782311, 50.689606149596301 ], [ 15.93693175709879, 50.68903388096939 ], [ 15.917376387823087, 50.688458755483431 ], [ 15.9041192923574, 50.679912357557001 ], [ 15.898582119087372, 50.676355576305937 ], [ 15.879032704726791, 50.675775167622291 ], [ 15.87294325850902, 50.679079358080969 ], [ 15.872130462626806, 50.690629126590053 ], [ 15.857943282657537, 50.698241493411601 ], [ 15.851656479100443, 50.701649054703147 ], [ 15.850838628986134, 50.713198556272211 ], [ 15.836833265967423, 50.720705062831918 ], [ 15.8303514709224, 50.724214480387616 ], [ 15.829528772317957, 50.735763719475067 ], [ 15.828706137099109, 50.747312942134705 ], [ 15.814919809012501, 50.754692158662344 ], [ 15.795339320448926, 50.754099310113808 ], [ 15.782888537918351, 50.746056718041771 ], [ 15.776551797456854, 50.741978362212528 ], [ 15.756977298203237, 50.741380564652154 ], [ 15.737403399930887, 50.740780219167917 ], [ 15.71783010441071, 50.74017733937881 ], [ 15.698257413526223, 50.739571936979722 ], [ 15.691003165694047, 50.743482953885014 ], [ 15.690147365897989, 50.755030561054774 ], [ 15.677052095616862, 50.762013882614298 ], [ 15.657471029397541, 50.761403189855052 ], [ 15.637890573960192, 50.760790010988423 ], [ 15.630276568729061, 50.764886183973708 ], [ 15.617478859946573, 50.771699549291554 ], [ 15.609734820319456, 50.775862298271477 ], [ 15.597057574834787, 50.78260684374542 ], [ 15.577469360725722, 50.781986010917628 ], [ 15.557881767427768, 50.781362708473083 ], [ 15.538294797659026, 50.780736935191854 ], [ 15.518708454209634, 50.780108688910545 ], [ 15.510506392348205, 50.784504819475963 ], [ 15.498260857045896, 50.791003501866726 ], [ 15.478670967528792, 50.790370208461454 ], [ 15.470273135182943, 50.794865247466923 ], [ 15.458209603513616, 50.801260289404667 ], [ 15.449697939156477, 50.805812552120763 ], [ 15.437738639883705, 50.812148221545428 ], [ 15.426935572909962, 50.805116775330887 ], [ 15.419023392854545, 50.799981090754855 ], [ 15.408258130898762, 50.792969982924966 ], [ 15.409109736101541, 50.78142367477011 ], [ 15.401203710595864, 50.776287056991663 ], [ 15.381621834777361, 50.775641375223557 ], [ 15.372894755778104, 50.78030174713642 ], [ 15.371966399918822, 50.791845493892673 ], [ 15.371038354923144, 50.803389233894251 ], [ 15.370110638624325, 50.814932967718782 ], [ 15.369183269041908, 50.826476695950049 ], [ 15.368256264377658, 50.838020419177894 ], [ 15.356657965170353, 50.844150468011939 ], [ 15.347651523541542, 50.848949147801413 ], [ 15.336144359067919, 50.85502723380602 ], [ 15.32704004056416, 50.859874104282156 ], [ 15.315621118112526, 50.865901844411852 ], [ 15.306421809246521, 50.870795285900464 ], [ 15.295088235844586, 50.87677429115076 ], [ 15.285796819303052, 50.881712689803933 ], [ 15.284853587252217, 50.893255398272132 ], [ 15.283910805665238, 50.904798105164353 ], [ 15.272702572320181, 50.910705228146419 ], [ 15.26327077626674, 50.915711219887505 ], [ 15.262324344585723, 50.927253672308993 ], [ 15.270930420433819, 50.932849098232751 ], [ 15.281085342133183, 50.939426222325153 ], [ 15.289660708447316, 50.944997475873336 ], [ 15.299858046854629, 50.951595997808703 ], [ 15.288664247531392, 50.957493905600089 ], [ 15.279204281350291, 50.962511636849214 ], [ 15.278264580131323, 50.97405434685939 ], [ 15.267157330339893, 50.979902200445707 ], [ 15.247492439430603, 50.97923942027041 ], [ 15.237876441744216, 50.984331551167884 ], [ 15.236928594008409, 50.995873758132262 ], [ 15.225955041718981, 51.001644416098479 ], [ 15.216078558615804, 50.995199377154563 ], [ 15.207223584265421, 50.989440764573999 ], [ 15.197388138763573, 50.983018778202265 ], [ 15.188501861430563, 50.977235444930741 ], [ 15.178717270094491, 50.98240865042802 ], [ 15.177755435777334, 50.993950083998676 ], [ 15.176794163591364, 51.005491520670802 ], [ 15.175833470445664, 51.017032961026203 ], [ 15.165032254367969, 51.0227039082 ], [ 15.155320781461031, 51.016358854688548 ], [ 15.14630910725618, 51.010491137193235 ], [ 15.136637828058461, 51.00416868989781 ], [ 15.137586692596683, 50.992627059282249 ], [ 15.128556948812331, 50.986741918659796 ], [ 15.118599119439658, 50.991996838306008 ], [ 15.107925932032135, 50.997595193026832 ], [ 15.097904039185016, 51.002879572142582 ], [ 15.096924596000747, 51.01441996120149 ], [ 15.086312839795134, 51.019981900994246 ], [ 15.066634757951208, 51.019294687065234 ], [ 15.057149305726863, 51.013082523670306 ], [ 15.047939487284356, 51.007069334569032 ], [ 15.037761973261786, 51.012425691633375 ], [ 15.027280747215677, 51.017912130012995 ], [ 15.007604826016433, 51.01721676596258 ], [ 14.987929632736915, 51.016518664471405 ], [ 14.978607240654931, 51.010401564795714 ], [ 14.979598101587039, 50.998862216048551 ], [ 14.980587181386266, 50.987322791660269 ], [ 14.990922271612884, 50.981861144826048 ], [ 15.010586880844171, 50.982511887854336 ], [ 15.020815855587522, 50.977128745906185 ], [ 15.021791365562741, 50.965588612595184 ], [ 15.022765132874856, 50.95404840542141 ], [ 15.013545119058433, 50.948015761525667 ], [ 15.004131691049396, 50.941837895695464 ], [ 15.005107057893033, 50.930297821088672 ], [ 14.995883190656473, 50.924256876726794 ], [ 14.986485107935314, 50.918084686728314 ], [ 14.996887350220238, 50.912573775292664 ], [ 15.007052727074218, 50.907217455338547 ], [ 14.997864501851671, 50.901197388291848 ], [ 14.988437520672214, 50.895004737336947 ], [ 14.998870895084023, 50.88947280175573 ], [ 15.00899174381342, 50.884136804360217 ], [ 15.009958794667462, 50.872596373202008 ], [ 15.000831204324227, 50.866612361109425 ], [ 14.981219715294841, 50.865913582790299 ], [ 14.961608953317564, 50.865212082715765 ], [ 14.941998922183963, 50.864507851181244 ], [ 14.931770493651225, 50.869893044526741 ], [ 14.921382127383859, 50.8753281069595 ], [ 14.901768746569866, 50.874618235847286 ], [ 14.882156108673978, 50.873905602031115 ], [ 14.862544217513166, 50.873190196293727 ], [ 14.842933076907251, 50.872472009557242 ], [ 14.823322690678371, 50.87175103288584 ], [ 14.812834522526471, 50.87725396684899 ], [ 14.822272971140286, 50.883472081193354 ], [ 14.831433539741035, 50.88949487417517 ], [ 14.840861737488185, 50.895701581438232 ], [ 14.850043702859558, 50.901733071401594 ], [ 14.849000343583297, 50.913269904737888 ], [ 14.8584338722626, 50.919474207070152 ], [ 14.867626646391347, 50.925505666734509 ], [ 14.877046483023545, 50.931696314175639 ], [ 14.886264216562347, 50.937738711642673 ], [ 14.88523113643517, 50.949276099012643 ], [ 14.89465027898013, 50.955460382447477 ], [ 14.903885053054745, 50.961506701407558 ], [ 14.913286799879241, 50.967674922321329 ], [ 14.922550366709642, 50.973734579834854 ], [ 14.921527791634732, 50.985272522477374 ], [ 14.92050564300769, 50.996810465814811 ], [ 14.929910936094156, 51.00297385209911 ], [ 14.939192665174499, 51.009036172893104 ], [ 14.938176122923634, 51.02057439639502 ], [ 14.947567879573034, 51.026723015701052 ], [ 14.956879914610019, 51.032797650830716 ], [ 14.955869076144523, 51.044336156020201 ], [ 14.954858755029614, 51.055874664878296 ], [ 14.964237873520505, 51.062007860876584 ], [ 14.973584754212704, 51.06809574303751 ], [ 14.972580276520581, 51.079634536402089 ], [ 14.981934124368228, 51.08574532967792 ], [ 14.991323416392969, 51.091853155902513 ], [ 14.99032488505801, 51.103392235383446 ], [ 14.989326964669758, 51.11493132154586 ], [ 14.988329668837483, 51.126470414887471 ], [ 14.987333010937915, 51.138009515898219 ], [ 14.996652515399377, 51.144088252461067 ], [ 15.006109856556808, 51.150226519129383 ], [ 14.995646927476621, 51.155690708731633 ], [ 14.985341661098076, 51.161087742842035 ], [ 14.994652373595201, 51.167158237393188 ], [ 15.00412957413514, 51.173305313436231 ], [ 15.003140480951107, 51.184844725087288 ], [ 15.012403010101123, 51.190877973879665 ], [ 15.021946201652677, 51.197059832894347 ], [ 15.020963463926032, 51.208599539959145 ], [ 15.019981478774852, 51.220139258423629 ], [ 15.019000256986898, 51.231678988686994 ], [ 15.02818410928651, 51.237652727816759 ], [ 15.037835407382079, 51.243892202445451 ], [ 15.036860719356209, 51.255432231778599 ], [ 15.035886839737758, 51.266972274317688 ], [ 15.034913776990097, 51.278512330381893 ], [ 15.033941538805557, 51.290052400264415 ], [ 15.023171874245275, 51.295671438960433 ], [ 15.013129483525958, 51.300917637777374 ], [ 15.012153853604774, 51.312457459991819 ], [ 15.001366603051926, 51.318081331625983 ], [ 14.991330017666119, 51.323318573397714 ], [ 14.990350947700152, 51.334858145909671 ], [ 14.979539329171921, 51.340490300984385 ], [ 14.969515199434444, 51.345715126180266 ], [ 14.968532631539768, 51.357254446602816 ], [ 14.977555346668996, 51.36311646949045 ], [ 14.987418627697501, 51.369476948209162 ], [ 14.976497984247318, 51.375163001351197 ], [ 14.966569889531257, 51.380333128906493 ], [ 14.965589712070962, 51.391872490736787 ], [ 14.964610325859059, 51.40341186624233 ], [ 14.963631725793544, 51.414951255279171 ], [ 14.962653905274408, 51.426490657651648 ], [ 14.971480085308702, 51.432217825940903 ], [ 14.981575873747435, 51.43871493308648 ], [ 14.970395063124782, 51.44453009180107 ], [ 14.960700568552163, 51.449569501346268 ], [ 14.959725031006158, 51.461108941994986 ], [ 14.948487551525178, 51.46694852608686 ], [ 14.938837096502454, 51.471959341111685 ], [ 14.92758986592095, 51.477800031576471 ], [ 14.917940980760571, 51.482805836454688 ], [ 14.906682223574323, 51.488648506787236 ], [ 14.886807350970498, 51.487928881090774 ], [ 14.866933250835762, 51.487206418568555 ], [ 14.857201124391347, 51.49224576093097 ], [ 14.846007230205496, 51.498045161750127 ], [ 14.83628113494296, 51.503077157284601 ], [ 14.825071253682044, 51.508880748136193 ], [ 14.815352692390674, 51.513904626193778 ], [ 14.804125319258935, 51.519713132371521 ], [ 14.784239395775394, 51.518977747752537 ], [ 14.764354267031582, 51.518239481132554 ], [ 14.754564912391947, 51.523290271449362 ], [ 14.743389988137727, 51.529061826554695 ], [ 14.733611885940189, 51.534102570486453 ], [ 14.732582201787798, 51.545638837656419 ], [ 14.721329250065661, 51.551445013066562 ], [ 14.71161543873311, 51.556446882359054 ], [ 14.710581075290143, 51.567982847170789 ], [ 14.719243196357249, 51.573626152931546 ], [ 14.729495335659475, 51.580247645503142 ], [ 14.738077310807165, 51.585834441050636 ], [ 14.74842242451229, 51.592509698111172 ], [ 14.756921671592968, 51.598038384406642 ], [ 14.767362372616486, 51.604769000456443 ], [ 14.766345488492291, 51.616305870029692 ], [ 14.754651707327721, 51.622336023285627 ], [ 14.745355289265275, 51.627119395047728 ], [ 14.753697240664245, 51.63254238012243 ], [ 14.764312311920525, 51.639379593751279 ], [ 14.752487092773585, 51.64547410831031 ], [ 14.743311386561718, 51.650192496508808 ], [ 14.751544278795093, 51.655542357538451 ], [ 14.76227963914436, 51.662453286764183 ], [ 14.750319415723036, 51.668613798747927 ], [ 14.741267765547084, 51.67326555974509 ], [ 14.740245942880252, 51.684802072806626 ], [ 14.728189216335762, 51.691005444885533 ], [ 14.719219039763839, 51.695610034701495 ], [ 14.707133987336457, 51.70182293676217 ], [ 14.698182595385243, 51.706413996860029 ], [ 14.686068744972349, 51.71263661151329 ], [ 14.677136540109299, 51.717213952836993 ], [ 14.676097415389906, 51.728749469543949 ], [ 14.663884553149607, 51.735015741709503 ], [ 14.655035821649239, 51.739545078495802 ], [ 14.653990473354421, 51.751080235736374 ], [ 14.65294470586025, 51.762615365893126 ], [ 14.651898461531744, 51.774150466846187 ], [ 14.650851681444481, 51.785685536426733 ], [ 14.649804305477494, 51.797220572420301 ], [ 14.637208358649492, 51.803666958477912 ], [ 14.617202532801784, 51.802897177324631 ], [ 14.608650368282737, 51.807261921302477 ], [ 14.596068132011158, 51.813692502232648 ], [ 14.587534578335445, 51.818044044268923 ], [ 14.586468467497989, 51.829578025155634 ], [ 14.594034926644962, 51.834497919932048 ], [ 14.605468545444831, 51.841864806851987 ], [ 14.604406244251567, 51.853399016160445 ], [ 14.611819381900423, 51.858214480216219 ], [ 14.631854401167352, 51.858936087373245 ], [ 14.643504045688848, 51.8664299543005 ], [ 14.650779633347623, 51.871149720867436 ], [ 14.66253928366654, 51.878708303023551 ], [ 14.669715196934167, 51.883359795068493 ], [ 14.681586040011831, 51.890983823194397 ], [ 14.688661092420329, 51.895566373062884 ], [ 14.700644196070078, 51.903256505494952 ], [ 14.699603625854827, 51.91479199324985 ], [ 14.698561683595267, 51.926327419124625 ], [ 14.705419733347945, 51.930764100199454 ], [ 14.717639048221073, 51.938597729863247 ], [ 14.716599487929294, 51.95013332419451 ], [ 14.715558318219422, 51.9616688481306 ], [ 14.714515470072037, 51.973204299152407 ], [ 14.713470875793696, 51.984739674787704 ], [ 14.720007803774038, 51.988961766991025 ], [ 14.732573271453047, 51.997008003014862 ], [ 14.731530150636123, 52.008543513798664 ], [ 14.730485052121654, 52.020078940971857 ], [ 14.736821021386424, 52.02416632008606 ], [ 14.749603758876203, 52.032344774225066 ], [ 14.748559555593518, 52.043880315277036 ], [ 14.747513153607196, 52.055415764940314 ], [ 14.753658625576039, 52.059375481211639 ], [ 14.766646956752689, 52.067679052559548 ], [ 14.752169127790228, 52.075047927125937 ], [ 14.745413535680218, 52.078486382175029 ], [ 14.744360218462935, 52.09002154605713 ], [ 14.72982960040058, 52.097407816013394 ], [ 14.709690575511889, 52.096646246410153 ], [ 14.702915337787214, 52.10008878871669 ], [ 14.688436001495221, 52.107439152285366 ], [ 14.68165067541044, 52.110883861206666 ], [ 14.680575844959622, 52.122417884022262 ], [ 14.679498638482043, 52.1339518080242 ], [ 14.678419024855263, 52.145485632054893 ], [ 14.68438332780654, 52.149328721156905 ], [ 14.697552625986598, 52.157759805203284 ], [ 14.7034405776577, 52.161550721027936 ], [ 14.716694399487343, 52.170030994122172 ], [ 14.70189840619631, 52.177527801070269 ], [ 14.695390191833175, 52.180827495791902 ], [ 14.694305166236584, 52.19236118427002 ], [ 14.693217581743326, 52.203894767453129 ], [ 14.698990943875961, 52.207608761275871 ], [ 14.7123668485703, 52.216166620828865 ], [ 14.711278427673466, 52.227700260104136 ], [ 14.710187382150117, 52.239233791966761 ], [ 14.709093712222296, 52.250767216405315 ], [ 14.694074224054905, 52.258357115864854 ], [ 14.673862760241006, 52.257593979645094 ], [ 14.66748601369278, 52.26081820572746 ], [ 14.652521256529539, 52.268370983143463 ], [ 14.632306259223208, 52.267601816703397 ], [ 14.625864641621824, 52.270854234208869 ], [ 14.610950003374066, 52.278372352517032 ], [ 14.590731486210762, 52.277597138663012 ], [ 14.584229687556594, 52.280875293972628 ], [ 14.58310096536049, 52.292406701466753 ], [ 14.581969885706277, 52.303938009414274 ], [ 14.580836457519773, 52.315469218134758 ], [ 14.565896179554025, 52.322983210464336 ], [ 14.559427889763983, 52.326238585400766 ], [ 14.558285782657668, 52.337769330425161 ], [ 14.557141396472518, 52.349299978507311 ], [ 14.555994745635472, 52.360830530177125 ], [ 14.554845845949394, 52.372360986016659 ], [ 14.553694714458992, 52.383891346655162 ], [ 14.538679006306529, 52.391425173571278 ], [ 14.53224616196897, 52.394654819956571 ], [ 14.537979766991318, 52.398344874607048 ], [ 14.551385829640969, 52.406951785051348 ], [ 14.550228115393271, 52.418481864257657 ], [ 14.549068247231903, 52.430011851150077 ], [ 14.554772420820557, 52.433678511890179 ], [ 14.575064420621743, 52.434430254437409 ], [ 14.588530922362677, 52.443067023631777 ], [ 14.594205002141722, 52.446709341543404 ], [ 14.607692228762467, 52.455355037320558 ], [ 14.6065372721873, 52.466885527070957 ], [ 14.61220714581416, 52.47052149014258 ], [ 14.625706709543874, 52.479170656212304 ], [ 14.631372913829177, 52.482801385992666 ], [ 14.644882617617267, 52.491452730414231 ], [ 14.643728806395792, 52.502983462921414 ], [ 14.628615649658299, 52.510559467458968 ], [ 14.622234242634642, 52.513762092709342 ], [ 14.621072706192619, 52.525292398405121 ], [ 14.619909191955905, 52.536822619219691 ], [ 14.618743726630662, 52.54835275613447 ], [ 14.624487985938632, 52.552028799386434 ], [ 14.637929730806071, 52.560635842636842 ], [ 14.636764108080342, 52.572166069196889 ], [ 14.621729075619225, 52.579690111048279 ], [ 14.615235880131277, 52.582942672893317 ], [ 14.614062862236429, 52.594472483468586 ], [ 14.612888014694464, 52.606002214611706 ], [ 14.597900637044477, 52.613493012227408 ], [ 14.591340673107338, 52.616774069382316 ], [ 14.576362813164092, 52.624254855883336 ], [ 14.555983742002681, 52.623495077995791 ], [ 14.549413015192538, 52.626776807726529 ], [ 14.534430758018585, 52.634251317400981 ], [ 14.527846859855421, 52.637536745118652 ], [ 14.512867114669715, 52.645004745754484 ], [ 14.506272590288397, 52.648292591763202 ], [ 14.491292805436647, 52.655755353940677 ], [ 14.470901137651078, 52.654983705395779 ], [ 14.464311166665908, 52.658264564421401 ], [ 14.463099660533931, 52.669791999006861 ], [ 14.448112164164655, 52.677248064974279 ], [ 14.441500969009425, 52.680535552403278 ], [ 14.440282184933698, 52.692062563356984 ], [ 14.425299375432298, 52.699508981916324 ], [ 14.418669791031853, 52.702801664528863 ], [ 14.403676142950028, 52.71024816965852 ], [ 14.397049181295055, 52.713536654725729 ], [ 14.395817557437384, 52.725062890455185 ], [ 14.380822587447879, 52.73250268476783 ], [ 14.374183134462912, 52.735793414013123 ], [ 14.359171729326992, 52.743236015600907 ], [ 14.352540413976147, 52.746519816013212 ], [ 14.337510152010852, 52.753966393136977 ], [ 14.330889360527367, 52.757242091982199 ], [ 14.315837850775027, 52.76469379324314 ], [ 14.30922993618343, 52.767960237324559 ], [ 14.294154821086421, 52.775418190419643 ], [ 14.273711818560175, 52.774621662429084 ], [ 14.267151242387792, 52.777860025648735 ], [ 14.265885810871739, 52.789384117130936 ], [ 14.250756559185334, 52.796857867269431 ], [ 14.2442010219266, 52.800089841784704 ], [ 14.229041318879107, 52.807573089281092 ], [ 14.222507686187569, 52.810791416189318 ], [ 14.207315333936656, 52.818285193071461 ], [ 14.186854377770187, 52.817476821211898 ], [ 14.180383791118757, 52.820659483900641 ], [ 14.165113160816185, 52.828182785154816 ], [ 14.144648703890162, 52.827367970346018 ], [ 14.138246758727504, 52.830512314310383 ], [ 14.136948297647516, 52.842034254831688 ], [ 14.135647843178617, 52.853556104960312 ], [ 14.141311416408325, 52.857205833920212 ], [ 14.154780917714113, 52.86591537876987 ], [ 14.153480441575441, 52.87743734029921 ], [ 14.159212295474202, 52.881127340259148 ], [ 14.172622630842863, 52.889793808743491 ], [ 14.157408811547478, 52.897275564166605 ], [ 14.150873455519037, 52.900480990553767 ], [ 14.149566925258975, 52.912002678432941 ], [ 14.148258356960426, 52.923524274263009 ], [ 14.146947741079488, 52.935045777646067 ], [ 14.145635068461155, 52.946567188199865 ], [ 14.14432033042122, 52.9580885055612 ], [ 14.150179048022167, 52.961854619847635 ], [ 14.16347689097214, 52.970446411679013 ], [ 14.169412273136485, 52.974258744678536 ], [ 14.189940843463882, 52.975124368481801 ], [ 14.203120692028275, 52.98363127272615 ], [ 14.209191271305819, 52.987525004469447 ], [ 14.229727294769649, 52.988384455186626 ], [ 14.242783794001127, 52.996803188514917 ], [ 14.248994946458195, 53.000781524798555 ], [ 14.261973585151008, 53.009145656506341 ], [ 14.268273435130725, 53.01317755804925 ], [ 14.28882331523587, 53.01402819493417 ], [ 14.301669251935426, 53.02229839685004 ], [ 14.308119069634223, 53.026420510112246 ], [ 14.320879979362861, 53.034631637646036 ], [ 14.327425697359274, 53.038811670259186 ], [ 14.340098630902201, 53.046961874639095 ], [ 14.346743214799201, 53.051201620741587 ], [ 14.359325308341367, 53.059289108782004 ], [ 14.358040006219838, 53.070812947931557 ], [ 14.364828994803704, 53.075140413152027 ], [ 14.377277482526427, 53.083137402859109 ], [ 14.375993112873523, 53.09466138696262 ], [ 14.374707022444378, 53.106185293968522 ], [ 14.373419224619354, 53.117709124395638 ], [ 14.380453012250065, 53.12218612555732 ], [ 14.392673527210867, 53.13003126695768 ], [ 14.391386968780848, 53.141555254148166 ], [ 14.377644150101393, 53.14830823819112 ], [ 14.369545742366148, 53.152280162247024 ], [ 14.368251277897727, 53.163803692689996 ], [ 14.366955194845737, 53.175327150008052 ], [ 14.374235244173974, 53.179955919301456 ], [ 14.386224701425782, 53.187650479159473 ], [ 14.384930235561335, 53.199174108720136 ], [ 14.392384706613186, 53.203908915014019 ], [ 14.404212253614512, 53.211494710588724 ], [ 14.402919658052518, 53.223018521539089 ], [ 14.410553531097976, 53.227862296354651 ], [ 14.42221462227543, 53.235336407380295 ], [ 14.429976061491445, 53.240257123335823 ], [ 14.441519315679546, 53.247651329492811 ], [ 14.449409737220572, 53.252649752878014 ], [ 14.460833905254479, 53.259963290347443 ], [ 14.447959441615177, 53.26628265178465 ], [ 14.438944481167095, 53.270699793335389 ], [ 14.426046866210195, 53.277025275710542 ], [ 14.417044983864697, 53.28143205260703 ], [ 14.415749429451022, 53.292955817072333 ], [ 14.414452683272726, 53.304479525362829 ], [ 14.413154779500617, 53.316003178802951 ], [ 14.411855752773839, 53.327526778736051 ], [ 14.410555638099241, 53.339050326520592 ], [ 14.409254470750115, 53.350573823526176 ], [ 14.396692693037386, 53.356717898443478 ], [ 14.387306828726235, 53.361299525879332 ], [ 14.39562889584214, 53.366566272141654 ], [ 14.406649119838944, 53.373620670711382 ], [ 14.394209090539162, 53.379701401758595 ], [ 14.384688801288517, 53.384345603387601 ], [ 14.383378350684261, 53.395868571440744 ], [ 14.382066989755849, 53.407391494221542 ], [ 14.380754753867434, 53.418914373114333 ], [ 14.379441678000873, 53.430437209489625 ], [ 14.378127796664771, 53.441960004700483 ], [ 14.376813143807558, 53.453482760079154 ], [ 14.364713532298175, 53.459380945438014 ], [ 14.354804147321447, 53.464201087444486 ], [ 14.353482397910279, 53.475723417001262 ], [ 14.352159944970223, 53.487245709406302 ], [ 14.350836820269787, 53.498767965915945 ], [ 14.338892172253098, 53.504580056038812 ], [ 14.328797946851253, 53.509480820926314 ], [ 14.327467803895889, 53.521002653223938 ], [ 14.326137052331232, 53.532524452154412 ], [ 14.314284998876479, 53.538282754547261 ], [ 14.304074506739303, 53.543232205666484 ], [ 14.302736778885262, 53.554753580602608 ], [ 14.31182538531783, 53.560494601619631 ], [ 14.322141427790418, 53.5670896599893 ], [ 14.320808517972822, 53.57861133648079 ], [ 14.319475131897587, 53.59013298489851 ], [ 14.318141292491264, 53.60165460616426 ], [ 14.316807021448286, 53.613176201152179 ], [ 14.30536160542667, 53.618724926809406 ], [ 14.294699743233066, 53.623881214916558 ], [ 14.293358675881292, 53.635402393499525 ], [ 14.292017216851589, 53.646923547490466 ], [ 14.290675383727523, 53.658444677607264 ], [ 14.279368699309828, 53.663916084122583 ], [ 14.268537757238979, 53.669144165554599 ], [ 14.278106772197797, 53.675179149180281 ], [ 14.287990659270084, 53.681486868845631 ], [ 14.276792359791118, 53.686902502571819 ], [ 14.265840222711104, 53.692185570754155 ], [ 14.264490954068254, 53.703706240124795 ], [ 14.263141367905444, 53.715226888040675 ], [ 14.261791475277779, 53.726747514966554 ], [ 14.271621592490288, 53.732940405662802 ], [ 14.281273294142558, 53.739091970089 ], [ 14.270335222779254, 53.744373673796936 ], [ 14.259090809045592, 53.749788707478785 ], [ 14.269021464301535, 53.756042200891621 ], [ 14.278584343015186, 53.762133868946215 ], [ 14.277239467787521, 53.773654789315714 ], [ 14.275894332938744, 53.785175690618459 ], [ 14.274548942344008, 53.796696573035106 ], [ 14.263854666813849, 53.801852685371323 ], [ 14.252334336957993, 53.80739134540557 ], [ 14.250982256910858, 53.818911815872418 ], [ 14.249629921092856, 53.830432267607129 ], [ 14.238997622672965, 53.835550532426794 ], [ 14.22739094904596, 53.841121862394331 ], [ 14.226031895802279, 53.852641899874072 ], [ 14.22467258225439, 53.86416191859761 ], [ 14.22331300733137, 53.875681918550534 ], [ 14.221953169222882, 53.887201899688911 ], [ 14.220593065416164, 53.898721861940736 ], [ 14.210148203691322, 53.903737387336882 ], [ 14.198310118044866, 53.909405069349056 ], [ 14.208745748170484, 53.915964435816413 ], [ 14.217872047363148, 53.921761729365265 ], [ 14.228414683840871, 53.928382840114274 ], [ 14.249409828810485, 53.929253202795401 ], [ 14.27040607194731, 53.930119867852909 ], [ 14.291403409823589, 53.93098282420403 ], [ 14.303558976965851, 53.925150675711407 ], [ 14.313698036092266, 53.920297341306174 ], [ 14.3258751132035, 53.914449495079879 ], [ 14.335981323011781, 53.909607565113475 ], [ 14.356970360871779, 53.910459169528416 ], [ 14.377960478885727, 53.911307016414902 ], [ 14.386654547385238, 53.916804870888001 ], [ 14.397679461513201, 53.923696536539879 ], [ 14.418677510590562, 53.924536915601031 ], [ 14.4396766297879, 53.925373502954237 ], [ 14.4481652942679, 53.930730051357017 ], [ 14.45942111021408, 53.937751580268738 ], [ 14.467821942758974, 53.943047855972402 ], [ 14.479177390577991, 53.95012562138092 ], [ 14.487491991005053, 53.955362717817174 ], [ 14.498945478688714, 53.962495625413887 ], [ 14.519966215960025, 53.963317195037291 ], [ 14.528141019627075, 53.96845828378887 ], [ 14.539752972330161, 53.975679405065918 ], [ 14.560781613085508, 53.976493356423305 ], [ 14.568819842449539, 53.981540680176131 ], [ 14.580587044629988, 53.988847741289057 ], [ 14.601623580180336, 53.989654028395094 ], [ 14.622661156115109, 53.990456416324186 ], [ 14.630513352616974, 53.995376037960042 ], [ 14.642492115292088, 54.002799132342709 ], [ 14.663537570354229, 54.003593784578534 ], [ 14.684584055208633, 54.004384500277077 ], [ 14.692256384491888, 54.009180661649289 ], [ 14.704440541365521, 54.016715458006345 ], [ 14.725494889254099, 54.017498366253406 ], [ 14.733043449081599, 54.022209531107769 ], [ 14.745370066504325, 54.029821356170274 ], [ 14.766432268040749, 54.030596410015796 ], [ 14.773860868425688, 54.035225136844915 ], [ 14.786326142777382, 54.042911398637038 ], [ 14.807396188341272, 54.043678551474635 ], [ 14.828467238246608, 54.044441682611293 ], [ 14.849539288465561, 54.045200780312996 ], [ 14.856759134674965, 54.049685921212316 ], [ 14.869465523043235, 54.057499872008947 ], [ 14.890545392288706, 54.058250976305374 ], [ 14.911626250089707, 54.058998012954476 ], [ 14.932708092247175, 54.059740970979583 ], [ 14.939731899191354, 54.064090920411637 ], [ 14.952666667534638, 54.072024001506847 ], [ 14.973756302423874, 54.072758878854273 ], [ 14.980678775150576, 54.077038685022323 ], [ 14.993733581695206, 54.085033726065205 ], [ 15.014830998153384, 54.085760481912722 ], [ 15.035929378470351, 54.086483107211471 ], [ 15.042715973129193, 54.090668583918749 ], [ 15.055932172935307, 54.098745712020907 ], [ 15.077038314913102, 54.099460157598799 ], [ 15.098145407785488, 54.100170444493756 ], [ 15.104805173169275, 54.10426742488815 ], [ 15.118173711233975, 54.112420734165944 ], [ 15.139288545038754, 54.113122787763473 ], [ 15.160404316358044, 54.113820657044144 ], [ 15.166946641567307, 54.117835153612148 ], [ 15.180458121434123, 54.126058565593361 ], [ 15.201581612128107, 54.126748153102824 ], [ 15.208047024139521, 54.130708210337737 ], [ 15.221654127797958, 54.138977725775071 ], [ 15.242785324714923, 54.13965900237536 ], [ 15.263917436122302, 54.140336057819717 ], [ 15.270282106942414, 54.144224241365421 ], [ 15.284015443896092, 54.152553159969116 ], [ 15.305155238595042, 54.153221865354844 ], [ 15.326295933325236, 54.153886331290281 ], [ 15.347437523002805, 54.154546552341991 ], [ 15.368580002507022, 54.15520252336529 ], [ 15.389723366681313, 54.155854239501153 ], [ 15.395925582581382, 54.159624277465213 ], [ 15.409867135945845, 54.168046397846126 ], [ 15.431018130190996, 54.168689702632442 ], [ 15.45216999393462, 54.169328739826987 ], [ 15.47332272187924, 54.169963505743034 ], [ 15.494476308696557, 54.170593996963753 ], [ 15.51563074902846, 54.171220210338056 ], [ 15.521708117720248, 54.174895535562669 ], [ 15.535820166413673, 54.183387293793423 ], [ 15.556982180786456, 54.184005057942059 ], [ 15.578145032887544, 54.184618536962553 ], [ 15.5841714282349, 54.188253040527329 ], [ 15.598359845759688, 54.196773008956669 ], [ 15.619530245375163, 54.197378029707394 ], [ 15.640701466651032, 54.197978760799288 ], [ 15.661873504032279, 54.198575200995812 ], [ 15.667849977255086, 54.202166755048594 ], [ 15.682120400429776, 54.210712899620908 ], [ 15.703299947417278, 54.211300878282124 ], [ 15.724480294113185, 54.211884565029138 ], [ 15.74566143487198, 54.21246395964301 ], [ 15.751605909523272, 54.21602354080084 ], [ 15.765940369618647, 54.224584916229816 ], [ 15.787128981136515, 54.225155856820813 ], [ 15.793062596981793, 54.228702041416923 ], [ 15.807426560322634, 54.237268435673357 ], [ 15.828622625194628, 54.237830932527793 ], [ 15.849819456326237, 54.238389143424143 ], [ 15.855747047427753, 54.241922029775751 ], [ 15.870142348138184, 54.250489230885385 ], [ 15.891346603772094, 54.251039016809088 ], [ 15.912551608658953, 54.251584523718428 ], [ 15.933757356993008, 54.25212575364538 ], [ 15.954963842957387, 54.25266270882404 ], [ 15.976171060724697, 54.253195391689367 ], [ 15.997379004457633, 54.253723804875946 ], [ 16.018587668309568, 54.254247951217174 ], [ 16.024548297119193, 54.257776843009452 ], [ 16.03896905568665, 54.266315054882732 ], [ 16.060185057698988, 54.266830844686041 ], [ 16.081401762488603, 54.267342380844234 ], [ 16.087390490707204, 54.270878559801304 ], [ 16.101808358165066, 54.279397256328295 ], [ 16.123032371020418, 54.279900477604492 ], [ 16.129044631501824, 54.283444058891575 ], [ 16.143457548245575, 54.291947280269753 ], [ 16.14948301663669, 54.295494931290285 ], [ 16.163894701551605, 54.303990104351492 ], [ 16.185132606207556, 54.304481019236384 ], [ 16.191187420407115, 54.308039580677615 ], [ 16.205588342229568, 54.316515884699243 ], [ 16.21165929702002, 54.320080299322314 ], [ 16.226056064196417, 54.328546849699073 ], [ 16.232144081782266, 54.33211768269193 ], [ 16.246535777825592, 54.340573946632858 ], [ 16.252641715153658, 54.344151724095596 ], [ 16.267027488859522, 54.352597208538427 ], [ 16.273152136504464, 54.356182416861223 ], [ 16.28753120307368, 54.364616668997826 ], [ 16.293675284310609, 54.368209754340995 ], [ 16.308046926285119, 54.376632362030591 ], [ 16.314211096367153, 54.380233729916839 ], [ 16.313455361314894, 54.391781927904951 ], [ 16.327823754715869, 54.400193239394014 ], [ 16.334009167138376, 54.403802704783672 ], [ 16.348368951801731, 54.412201695074607 ], [ 16.354575492444511, 54.415820104678303 ], [ 16.353830043694764, 54.427368612161317 ], [ 16.368185636179909, 54.435755765482469 ], [ 16.374414174996907, 54.439382794400267 ], [ 16.388760364787334, 54.447757181417941 ], [ 16.395010684775787, 54.45139358488747 ], [ 16.394275422206015, 54.462942393665031 ], [ 16.408617006645372, 54.471304715633913 ], [ 16.414889562073274, 54.47494994807635 ], [ 16.429221325991751, 54.483299280266202 ], [ 16.435515947027323, 54.486954096353891 ], [ 16.434790789743829, 54.498503198752722 ], [ 16.449118029600008, 54.506840527130002 ], [ 16.455434646036991, 54.510504093162432 ], [ 16.469752000738083, 54.518828414824064 ], [ 16.491106761308853, 54.519262134996566 ], [ 16.497468018042206, 54.522946043306568 ], [ 16.511759421525557, 54.53124290591095 ], [ 16.518142838961744, 54.534936506381996 ], [ 16.532424184316259, 54.543220299738792 ], [ 16.553792701385881, 54.543642662168111 ], [ 16.56022148614203, 54.547357062477857 ], [ 16.574476159142115, 54.555613061381216 ], [ 16.595851822759496, 54.55602780948206 ], [ 16.617228042068007, 54.556438594243488 ], [ 16.623726586077407, 54.560185591794124 ], [ 16.637936768953136, 54.568398466878449 ], [ 16.659320106737642, 54.568801704591159 ], [ 16.680703983640491, 54.569201005259693 ], [ 16.702088394051501, 54.569596376135159 ], [ 16.723473332378749, 54.569987824409097 ], [ 16.744858793048632, 54.570375357209642 ], [ 16.766244770505889, 54.570758981598068 ], [ 16.772915062922326, 54.574588210193362 ], [ 16.787004950132896, 54.582694298652861 ], [ 16.808397976049481, 54.583070506491936 ], [ 16.82979150269427, 54.583442829045936 ], [ 16.836533955672255, 54.58730597093281 ], [ 16.850576879816916, 54.595367984800923 ], [ 16.871977428858575, 54.59573294106621 ], [ 16.893378462812983, 54.596094033017081 ], [ 16.914779976275621, 54.596451266711853 ], [ 16.921619848749629, 54.600360485255642 ], [ 16.935597057130142, 54.608362872480384 ], [ 16.942455160539801, 54.61227948866248 ], [ 16.956426284111842, 54.620271368153873 ], [ 16.963301929165681, 54.624194973503904 ], [ 16.977267666499941, 54.632176752305931 ], [ 16.98416016068424, 54.636106935370329 ], [ 16.998121213686165, 54.644079021379468 ], [ 17.005029864918253, 54.648015369912557 ], [ 17.018986935164936, 54.655978169781463 ], [ 17.025911055264114, 54.659920272835357 ], [ 17.039864840523212, 54.66787418998954 ], [ 17.061305908285878, 54.668206869277441 ], [ 17.06826903043418, 54.672165866776524 ], [ 17.082202521919637, 54.680096304888053 ], [ 17.089179412093447, 54.684060033621812 ], [ 17.103111339354736, 54.691982590027614 ], [ 17.124565868695676, 54.692304558923148 ], [ 17.131579421238698, 54.6962837527063 ], [ 17.145493411025893, 54.704184229597381 ], [ 17.166954873536614, 54.704498938153925 ], [ 17.174003764145645, 54.708492778354689 ], [ 17.187901147315106, 54.716371971780546 ], [ 17.209369529421064, 54.716679420050433 ], [ 17.216452443398428, 54.720687091999217 ], [ 17.230334541324464, 54.7285457891956 ], [ 17.251809829521701, 54.728845974772355 ], [ 17.258925473477298, 54.732866675233552 ], [ 17.272793586289598, 54.74070564801135 ], [ 17.294275767109507, 54.740998566545606 ], [ 17.315758335782167, 54.74128768682592 ], [ 17.337241287165828, 54.741573011776794 ], [ 17.34443277951382, 54.745626401065479 ], [ 17.358256773675262, 54.753419004722289 ], [ 17.379746584979536, 54.75369706125403 ], [ 17.401236764233175, 54.753971327918244 ], [ 17.422727306291929, 54.754241808128249 ], [ 17.444218206010252, 54.754508505515219 ], [ 17.465709458241047, 54.754771423951176 ], [ 17.473017476815897, 54.758875458429955 ], [ 17.486769582087256, 54.766596688021671 ], [ 17.508267642111395, 54.766852344172392 ], [ 17.529766039827589, 54.767104229667623 ], [ 17.551264770075441, 54.767352349439108 ], [ 17.572763827692079, 54.767596708783216 ], [ 17.580162068292395, 54.771738532954878 ], [ 17.593862048129328, 54.779404630194577 ], [ 17.615367870663999, 54.779641740579819 ], [ 17.63687400566247, 54.779875103276247 ], [ 17.658380447946612, 54.780104725158687 ], [ 17.665843827816769, 54.78427240107596 ], [ 17.679510275470676, 54.791898736754014 ], [ 17.701023449147339, 54.792121129362016 ], [ 17.722536915130998, 54.792339798845816 ], [ 17.73004202386273, 54.796522489332226 ], [ 17.743691899220281, 54.804123363990762 ], [ 17.7652120726001, 54.804334824701677 ], [ 17.786732523256383, 54.804542584451532 ], [ 17.808253245995864, 54.804746653836858 ], [ 17.815816100309696, 54.80895082041512 ], [ 17.829439789389081, 54.816516266505275 ], [ 17.850967185469102, 54.81671317360437 ], [ 17.872494838571665, 54.816906419546847 ], [ 17.880092851373686, 54.821121808146557 ], [ 17.893706511943002, 54.828665577647776 ], [ 17.915240814043941, 54.828851705387969 ], [ 17.936775358109806, 54.829034207018786 ], [ 17.95831013897778, 54.829213097912778 ], [ 17.97984515149799, 54.829388394223976 ], [ 18.001380390535374, 54.829560112895052 ], [ 18.022915850971739, 54.829728271660855 ], [ 18.044451527707846, 54.829892889048153 ], [ 18.065987415665642, 54.830053984370906 ], [ 18.087523509790579, 54.830211577720775 ], [ 18.109059805054006, 54.830365689952224 ], [ 18.13059629645565, 54.830516342661902 ], [ 18.152132979026142, 54.830663558161767 ], [ 18.173669847829643, 54.830807359445423 ], [ 18.195206897966447, 54.830947770147311 ], [ 18.21674412457563, 54.831084814494076 ], [ 18.238281522837724, 54.831218517248018 ], [ 18.259819087977299, 54.831348903641896 ], [ 18.28135681526555, 54.831475999304992 ], [ 18.302894700022797, 54.831599830179854 ], [ 18.324432737620864, 54.831720422429925 ], [ 18.345970923485293, 54.831837802337454 ], [ 18.359709759093288, 54.824599044392343 ], [ 18.367690083889059, 54.820380658880111 ], [ 18.381398854424223, 54.813151171100287 ], [ 18.389396944870963, 54.808920246585664 ], [ 18.403076934965497, 54.801699377899823 ], [ 18.41109151438927, 54.797456634365844 ], [ 18.424744126578201, 54.790243669572199 ], [ 18.42488554043528, 54.778683976754166 ], [ 18.425026654931628, 54.767124260598621 ], [ 18.411638209944652, 54.759806007400471 ], [ 18.403665904992955, 54.755460717640347 ], [ 18.403812398406995, 54.743900994133512 ], [ 18.403958614868543, 54.732341247355073 ], [ 18.412098693973075, 54.728024606702178 ], [ 18.425588344991354, 54.7208851636071 ], [ 18.433743487029123, 54.716557561555227 ], [ 18.447207600972035, 54.709425180489873 ], [ 18.455376055687431, 54.705087593996396 ], [ 18.468816509505615, 54.697961302471789 ], [ 18.468944126474973, 54.686401351688438 ], [ 18.469071565575049, 54.674841378145672 ], [ 18.469198840325671, 54.663281381899431 ], [ 18.46932596443817, 54.651721363006509 ], [ 18.469452951787225, 54.640161321524353 ], [ 18.477739218741103, 54.635752541509852 ], [ 18.499174205407503, 54.635849762515534 ], [ 18.512465635056433, 54.628781494543695 ], [ 18.512580853661987, 54.617221342347356 ], [ 18.512696001440435, 54.605661167833553 ], [ 18.521017236870996, 54.601227223706594 ], [ 18.534239477493553, 54.594185313092339 ], [ 18.534348806375281, 54.58262506367668 ], [ 18.542693530074406, 54.578174887830343 ], [ 18.555876948570027, 54.571145289860944 ], [ 18.555980566034386, 54.559584967388012 ], [ 18.556084203738166, 54.548024622910589 ], [ 18.556187874789678, 54.536464256473366 ], [ 18.556291591990728, 54.524903868119893 ], [ 18.556395367783569, 54.513343457892425 ], [ 18.556499214196453, 54.501783025831635 ], [ 18.5649608352699, 54.497261722616109 ], [ 18.577984280466929, 54.490299094080079 ], [ 18.565109629406006, 54.483244672475401 ], [ 18.556707164589177, 54.478662096364062 ], [ 18.556811290047669, 54.467101599029149 ], [ 18.556915528967121, 54.455541080004252 ], [ 18.565451682458662, 54.450975972294536 ], [ 18.578378612146899, 54.444056952244047 ], [ 18.586906719219243, 54.439493624487433 ], [ 18.599832584222757, 54.432568980514141 ], [ 18.599926062163682, 54.42100834338428 ], [ 18.608460043063889, 54.416438387259269 ], [ 18.629780765491706, 54.416522103333484 ], [ 18.642713242218569, 54.409581518252097 ], [ 18.65119979534219, 54.405032925692765 ], [ 18.672514699461626, 54.405111241655227 ], [ 18.685485752876875, 54.398139510390827 ], [ 18.693915836400041, 54.393617142879613 ], [ 18.706899490874015, 54.386632407828515 ], [ 18.715305003089092, 54.382120699444954 ], [ 18.728303984351616, 54.375121479146223 ], [ 18.736682209755202, 54.37062187465785 ], [ 18.757979463111784, 54.370689324475457 ], [ 18.779276791269066, 54.37075384406166 ], [ 18.80057419076347, 54.370815404152047 ], [ 18.8137115815709, 54.363722478723226 ], [ 18.821921706996282, 54.359305778420882 ], [ 18.843213254044883, 54.359361477070543 ], [ 18.856421116369795, 54.352219830078809 ], [ 18.864542914611096, 54.347846306268949 ], [ 18.885828599546219, 54.347895967989437 ], [ 18.907114337872674, 54.347942478303807 ], [ 18.92840012571412, 54.347985797258517 ], [ 18.936241546223734, 54.352288384796609 ], [ 18.949671825359829, 54.359593200606298 ], [ 18.963119946971968, 54.352299589819417 ], [ 18.970971834027424, 54.348062695922231 ], [ 18.992257746328981, 54.348096190872972 ], [ 19.013543691800557, 54.348126325290167 ], [ 19.034829666135057, 54.348153055393482 ], [ 19.056115664934531, 54.34817633715388 ], [ 19.077401683709876, 54.348196126464785 ], [ 19.098687717881006, 54.348212379309828 ], [ 19.11997376277759, 54.348225051926036 ], [ 19.141259813640218, 54.348234100960973 ], [ 19.162545865622079, 54.348239483622997 ], [ 19.183831913791039, 54.348241157823338 ], [ 19.191005135863307, 54.352154098988912 ], [ 19.205175570401408, 54.359805747413517 ], [ 19.226467575020816, 54.359799872566605 ], [ 19.247759560565957, 54.359790173520352 ], [ 19.269051521793866, 54.359776611759756 ], [ 19.29034345339084, 54.359759150032758 ], [ 19.29722223062452, 54.363500322213163 ], [ 19.311722925704132, 54.371304443479701 ], [ 19.333020765375181, 54.371279083268753 ], [ 19.354318559107575, 54.371249722379247 ], [ 19.375616301342362, 54.371216328877679 ], [ 19.382263034566279, 54.374822040129139 ], [ 19.397025575657679, 54.382745623830111 ], [ 19.418329185831279, 54.382704088120924 ], [ 19.424858043916718, 54.386240712398454 ], [ 19.439756380072797, 54.394225221171205 ], [ 19.461065839595268, 54.394175434486527 ], [ 19.467479086136816, 54.397644277084723 ], [ 19.482510951914051, 54.405688291271723 ], [ 19.503826241817823, 54.405630153457686 ], [ 19.510126498783059, 54.40903271130756 ], [ 19.525289269941997, 54.417134625252068 ], [ 19.546610370931113, 54.417068045298677 ], [ 19.552800590801006, 54.420405991828346 ], [ 19.568091312207603, 54.428564029901416 ], [ 19.57422248096298, 54.431867106251175 ], [ 19.58958427050435, 54.440055725944802 ], [ 19.595657141446509, 54.44332436532266 ], [ 19.611089252405169, 54.451543102908147 ], [ 19.61710462677609, 54.454777763591466 ], [ 19.632606264444039, 54.463026130899735 ], [ 19.647851004567634, 54.454616847926246 ], [ 19.653766478676896, 54.451371362602593 ], [ 19.675104894609944, 54.451279005501107 ], [ 19.6964431711157, 54.451182309683027 ], [ 19.717781302227838, 54.451081266306872 ], [ 19.739119281985161, 54.450975867832817 ], [ 19.760457104433783, 54.450866107957886 ], [ 19.78179476362909, 54.450751981550198 ], [ 19.803132253637507, 54.450633484582816 ], [ 19.818668336224281, 54.442019177386143 ], [ 19.824237251114109, 54.438944075813247 ], [ 19.845568373736775, 54.438816869306898 ], [ 19.866899309645166, 54.438685289394961 ], [ 19.888230052972403, 54.438549335862064 ], [ 19.909560597868371, 54.438409009265285 ], [ 19.930890938500379, 54.43826431087497 ], [ 19.952221069053703, 54.438115242617656 ], [ 19.967950308686607, 54.429354094049458 ], [ 19.9732767849857, 54.426395551328824 ], [ 19.994600472452664, 54.426237812141991 ], [ 20.015923932758081, 54.426075715682927 ], [ 20.037247160169734, 54.425909265959213 ], [ 20.058570148974098, 54.425738467376867 ], [ 20.079892893476295, 54.425563324697642 ], [ 20.101215387999908, 54.42538384299904 ], [ 20.1225376268868, 54.425200027636535 ], [ 20.138422840928072, 54.416306260273707 ], [ 20.143537595010365, 54.413446127146976 ], [ 20.164853306528027, 54.413253746784392 ], [ 20.186168745847333, 54.413057053370736 ], [ 20.207483907386685, 54.412856053000276 ], [ 20.228798785580953, 54.41265075189007 ], [ 20.250113374881057, 54.412441156356046 ], [ 20.27142766975355, 54.412227272791071 ], [ 20.292741664680193, 54.412009107644714 ], [ 20.308716019379059, 54.403019200511771 ], [ 20.313685619325511, 54.40022158415745 ], [ 20.334993005435024, 54.399994983404447 ], [ 20.356300075483507, 54.399764123467698 ], [ 20.377606824014602, 54.399529010807832 ], [ 20.398913245584886, 54.399289651866646 ], [ 20.420219334763406, 54.399046053056161 ], [ 20.436216245962015, 54.390007973993207 ], [ 20.441119685973735, 54.387233721596786 ], [ 20.462419108024346, 54.3869817852163 ], [ 20.483718181844495, 54.386725630562935 ], [ 20.505016902054141, 54.386465263797909 ], [ 20.526315263283731, 54.386200691015844 ], [ 20.547613260173829, 54.385931918240146 ], [ 20.568910887374795, 54.385658951418854 ], [ 20.590208139546448, 54.385381796421413 ], [ 20.606193014227852, 54.376303843806006 ], [ 20.611052049978721, 54.373536896949226 ], [ 20.632342557328666, 54.373251524383306 ], [ 20.653632674101893, 54.372961983043282 ], [ 20.674922394997363, 54.372668278416846 ], [ 20.696211714721986, 54.37237041590415 ], [ 20.717500627990372, 54.372068400817064 ], [ 20.738789129524562, 54.37176223837853 ], [ 20.760077214053805, 54.371451933722341 ], [ 20.781364876314303, 54.371137491892732 ], [ 20.802652111048992, 54.370818917844453 ], [ 20.818557676660827, 54.361728210777585 ], [ 20.823426540602856, 54.358934035635897 ], [ 20.844706934248361, 54.358607373037366 ], [ 20.865986885092866, 54.358276594438756 ], [ 20.887266387907466, 54.357941704396886 ], [ 20.908545437468788, 54.357602707379655 ], [ 20.929824028558752, 54.357259607765776 ], [ 20.95110215596431, 54.356912409844711 ], [ 20.972379814477236, 54.356561117816334 ], [ 20.993656998893844, 54.35620573579051 ], [ 21.014933704014769, 54.355846267786518 ], [ 21.036209924644655, 54.355482717732372 ], [ 21.057485655591918, 54.355115089463993 ], [ 21.078760891668434, 54.354743386724117 ], [ 21.100035627689252, 54.354367613161244 ], [ 21.115726350086845, 54.345320178847579 ], [ 21.120714359295107, 54.342427861968233 ], [ 21.141982120177524, 54.342044140870065 ], [ 21.16324936596844, 54.341656360734866 ], [ 21.184516091495635, 54.341264524793978 ], [ 21.205782291588434, 54.340868636178165 ], [ 21.227047961077343, 54.340468697915732 ], [ 21.242602596022618, 54.33146440778232 ], [ 21.247682284747679, 54.32850576988853 ], [ 21.268940925180001, 54.328097931647598 ], [ 21.274388743594564, 54.33086920212574 ], [ 21.29084173423562, 54.339244613951834 ], [ 21.312105229624432, 54.338828505264601 ], [ 21.333368168566253, 54.338408360462495 ], [ 21.354630545890522, 54.337984181914592 ], [ 21.375892356425066, 54.337555971872469 ], [ 21.391283288442452, 54.32860814795697 ], [ 21.396481129622398, 54.325566150523279 ], [ 21.417735842436695, 54.325130083183112 ], [ 21.438989973479401, 54.324689991608516 ], [ 21.460243517572057, 54.324245877562255 ], [ 21.481496469532583, 54.32379774268216 ], [ 21.502748824174891, 54.323345588479398 ], [ 21.524000576308456, 54.32288941633719 ], [ 21.545251720737905, 54.32242922750936 ], [ 21.566502252262641, 54.321965023119404 ], [ 21.572294388033466, 54.324882944941045 ], [ 21.588478148440949, 54.333052546418429 ], [ 21.609733382032928, 54.332580102915806 ], [ 21.630987986487444, 54.332103645077801 ], [ 21.652241956572947, 54.331623173473623 ], [ 21.67349528705066, 54.331138688538068 ], [ 21.694747972674243, 54.330650190572086 ], [ 21.71600000818955, 54.330157679743699 ], [ 21.737251388334336, 54.329661156089259 ], [ 21.758502107838041, 54.329160619515051 ], [ 21.779752161421591, 54.328656069799187 ], [ 21.785844651646954, 54.331703421199116 ], [ 21.801787477282474, 54.33970088697577 ], [ 21.823042124375494, 54.339188082317023 ], [ 21.844296088985907, 54.338671261355671 ], [ 21.865549365790582, 54.3381504233352 ], [ 21.886801949457105, 54.337625567383974 ], [ 21.908053834643763, 54.337096692519289 ], [ 21.929305015999539, 54.3365637976516 ], [ 21.95055548816422, 54.336026881589213 ], [ 21.971805245768447, 54.335485943043061 ], [ 21.993054283433842, 54.334940980631863 ], [ 22.014302595773202, 54.334391992887454 ], [ 22.035550177390633, 54.333838978260424 ], [ 22.056797022881831, 54.333281935125953 ], [ 22.063365760091365, 54.336537793322272 ], [ 22.078906836663883, 54.344270923620059 ], [ 22.100158129360004, 54.343705562208704 ], [ 22.121408668867467, 54.343136164560043 ], [ 22.14265844974031, 54.34256272875146 ], [ 22.163907466525597, 54.341985252816293 ], [ 22.185155713763827, 54.341403734750486 ], [ 22.206403185989377, 54.340818172519498 ], [ 22.227649877730951, 54.340228564065171 ], [ 22.248895783512083, 54.339634907312579 ], [ 22.270140897851643, 54.339037200177039 ], [ 22.291385215264373, 54.338435440570997 ], [ 22.312628730261437, 54.337829626410986 ], [ 22.319725815458241, 54.34131805802712 ], [ 22.334806963727495, 54.348766339594967 ], [ 22.356054786692081, 54.348152119040769 ], [ 22.377301789819331, 54.347533834648964 ], [ 22.398547967600091, 54.346911484367055 ], [ 22.419793314524586, 54.34628506618094 ], [ 22.441037825083058, 54.34565457812149 ], [ 22.448430920490438, 54.349272655459643 ], [ 22.463253249279333, 54.356564571040856 ], [ 22.484501997978231, 54.3559256254959 ], [ 22.505749892777207, 54.355282601097365 ], [ 22.526996928161189, 54.354635496069825 ], [ 22.548243098618496, 54.353984308714431 ], [ 22.569488398641511, 54.353329037414909 ], [ 22.590732822727464, 54.352669680643231 ], [ 22.611976365379114, 54.35200623696538 ], [ 22.6332190211055, 54.351338705046764 ], [ 22.641108120567605, 54.355175110875649 ], [ 22.655486553207428, 54.362208455534898 ], [ 22.676733340448042, 54.361532398100181 ], [ 22.69797922321386, 54.360852245271573 ], [ 22.719224196033643, 54.360167996116921 ], [ 22.74046825344605, 54.359479649828891 ], [ 22.7617113900004, 54.358787205729683 ], [ 22.769963789264114, 54.362782891167441 ], [ 22.784015611651661, 54.369629656378329 ], [ 22.805262809057542, 54.368928645633311 ], [ 22.813640777973113, 54.372978190429968 ], [ 22.814706816047448, 54.384513665806182 ], [ 22.815773983825, 54.396049092830772 ], [ 22.82973504209237, 54.402836812636473 ], [ 22.838172515408353, 54.406907532899353 ], [ 22.852080867899332, 54.41366336097532 ], [ 22.873348935212992, 54.41294851057193 ], [ 22.885846466797815, 54.40538084723849 ], [ 22.893521444646595, 54.400693410406774 ], [ 22.914781658811222, 54.399970712835412 ], [ 22.936040903966376, 54.399243900589681 ], [ 22.95729917473739, 54.398512974157015 ], [ 22.969532285374772, 54.391085276569349 ], [ 22.977438928150427, 54.386243151434662 ], [ 22.998689314332495, 54.385504405901649 ], [ 23.010783947742254, 54.378149951011132 ], [ 23.009654986658482, 54.366617430303073 ], [ 23.008526438633861, 54.35508488415838 ], [ 23.016555235506623, 54.350158195993934 ], [ 23.037785911112689, 54.349412485237139 ], [ 23.05901559109174, 54.348662683066614 ], [ 23.070889526010056, 54.341423924528421 ], [ 23.057670696046113, 54.335031666716212 ], [ 23.048588273812861, 54.330605058023828 ], [ 23.047449582346452, 54.319073021214891 ], [ 23.055603694883555, 54.31405958915073 ], [ 23.067456451819403, 54.306828697005429 ], [ 23.075673064543192, 54.301772528658404 ], [ 23.096877174753679, 54.30101627487938 ], [ 23.106244739538432, 54.305512436424067 ], [ 23.119233674353111, 54.311789533514705 ], [ 23.140441650240987, 54.311024707966865 ], [ 23.152021365906979, 54.303942876140553 ], [ 23.160483451995766, 54.298723127972167 ], [ 23.171986946767227, 54.291681926829682 ], [ 23.180513275615819, 54.28641813571523 ], [ 23.201706434473884, 54.285642038080482 ], [ 23.213063108642892, 54.278680490244113 ], [ 23.221717393976864, 54.273330073083514 ], [ 23.232996860715385, 54.266409980946413 ], [ 23.241716399387503, 54.261014753319053 ], [ 23.26289473108633, 54.260227482796395 ], [ 23.284072022147178, 54.259436188907991 ], [ 23.305248267769844, 54.25864087591264 ], [ 23.326423463184508, 54.25784154827074 ], [ 23.337337750445823, 54.251123215493607 ], [ 23.346382924963066, 54.24550880578915 ], [ 23.357218783195236, 54.238833098650474 ], [ 23.366330465892748, 54.233172829802072 ], [ 23.377087763040471, 54.226539910486359 ], [ 23.386266098033001, 54.220833649432194 ], [ 23.396944744832521, 54.214243653946703 ], [ 23.395715223750607, 54.202716536949502 ], [ 23.404960985623795, 54.196962467825088 ], [ 23.415555301190977, 54.19041749944779 ], [ 23.414321317156325, 54.178890639031799 ], [ 23.423634870902333, 54.173088505406902 ], [ 23.444762864158744, 54.17226897841514 ], [ 23.465889787074147, 54.171445519818747 ], [ 23.476253884344231, 54.165027998145653 ], [ 23.485766063424975, 54.159090807955415 ], [ 23.496051795055831, 54.152716439060448 ], [ 23.494797755463118, 54.141190748777532 ], [ 23.4935442674971, 54.12966502864375 ], [ 23.492291337517948, 54.118139278401102 ], [ 23.501872111723507, 54.112150878679536 ], [ 23.512063271277043, 54.105825522054033 ], [ 23.510806152361535, 54.094300025595032 ], [ 23.509549626227539, 54.082774497689279 ], [ 23.519198813760845, 54.076736320150971 ], [ 23.529300733064357, 54.070458256963917 ], [ 23.528040139309073, 54.058932979677074 ], [ 23.526780183420751, 54.047407669207793 ], [ 23.525520879370504, 54.035882325010384 ], [ 23.524262242285975, 54.024356946495892 ], [ 23.512914473104999, 54.018896560752516 ], [ 23.502023585709185, 54.013620643723385 ], [ 23.500771566875983, 54.002094881725334 ], [ 23.489371703047162, 53.996602547548356 ], [ 23.478548788519152, 53.991353926317636 ], [ 23.477303433896573, 53.979827780403589 ], [ 23.486915832421076, 53.973805569525055 ], [ 23.497019844262734, 53.967517376921933 ], [ 23.50669491777515, 53.961451586969318 ], [ 23.516725422325667, 53.955203916198364 ], [ 23.515471977264941, 53.943678277250804 ], [ 23.514219363017059, 53.932152597676165 ], [ 23.512967605389989, 53.920626876487397 ], [ 23.511716731323141, 53.909101112655449 ], [ 23.510466768855487, 53.897575305110529 ], [ 23.520218641676998, 53.891452117224404 ], [ 23.530140367239536, 53.885260126217304 ], [ 23.528887213276636, 53.873734536975171 ], [ 23.527635071685356, 53.862208900136714 ], [ 23.537449301219816, 53.856040635946911 ], [ 23.547290275020558, 53.849891181065097 ], [ 23.546035196607445, 53.838365753903098 ], [ 23.544781238540676, 53.826840274959928 ], [ 23.543528434695943, 53.815314742939385 ], [ 23.542276819491722, 53.803789156525511 ], [ 23.541026427791085, 53.792263514386207 ], [ 23.539777294796782, 53.78073781517741 ], [ 23.538529455939319, 53.769212057547108 ], [ 23.548400772148781, 53.762998535692049 ], [ 23.558148125060171, 53.756893036198335 ], [ 23.56806640252983, 53.750646120990481 ], [ 23.577757308577034, 53.744570939676578 ], [ 23.576503648841012, 53.733045610400985 ], [ 23.586463438315953, 53.726768118471433 ], [ 23.596099964950287, 53.720720680636127 ], [ 23.594844311549288, 53.709195527212117 ], [ 23.593590180468631, 53.697670306263568 ], [ 23.592337603641933, 53.686145016559919 ], [ 23.591086612097065, 53.674619656906124 ], [ 23.601063096366303, 53.668325704100134 ], [ 23.61066036386104, 53.662292598576379 ], [ 23.609407737813612, 53.650767401217614 ], [ 23.608156785828406, 53.639242130328476 ], [ 23.606907533300195, 53.627716784928488 ], [ 23.616887826589942, 53.621415377544224 ], [ 23.626462795609555, 53.61538734108283 ], [ 23.625212132568521, 53.603862149606158 ], [ 23.623963234732013, 53.592336880902629 ], [ 23.633943627238555, 53.586030970230496 ], [ 23.643503524577678, 53.580004814198603 ], [ 23.642253332743621, 53.56847969528139 ], [ 23.641004950124575, 53.556954497247858 ], [ 23.650973301768531, 53.550651821044681 ], [ 23.660530430495449, 53.544619807599709 ], [ 23.659280815951057, 53.533094757283024 ], [ 23.658033030648351, 53.521569626884379 ], [ 23.667976953313662, 53.515278043056128 ], [ 23.677543753455613, 53.509232318442095 ], [ 23.67629474081949, 53.497707335915052 ], [ 23.675047552468097, 53.486182273313815 ], [ 23.684954667876273, 53.479909596529232 ], [ 23.694543457315476, 53.473842354628466 ], [ 23.693294988735303, 53.462317442317818 ], [ 23.692048314833887, 53.450792450911969 ], [ 23.701906514298159, 53.444546290437813 ], [ 23.711529233581484, 53.438449934873191 ], [ 23.710281172099311, 53.426925098360989 ], [ 23.720109251473989, 53.4206939204431 ], [ 23.729750074455954, 53.414579765036017 ], [ 23.728500519422454, 53.403055088202542 ], [ 23.727252656387702, 53.391530335980448 ], [ 23.737012234816866, 53.385337908596789 ], [ 23.746706069767662, 53.379182437664973 ], [ 23.745456528163867, 53.367657852940219 ], [ 23.75517256201077, 53.361488764577011 ], [ 23.764897492626467, 53.355307165915328 ], [ 23.76364612132204, 53.343782755410167 ], [ 23.762396289498067, 53.332258275275102 ], [ 23.772026797482841, 53.326138501651613 ], [ 23.781821057348278, 53.319905064787946 ], [ 23.780569159374675, 53.308380768947949 ], [ 23.779318695925792, 53.296856407540311 ], [ 23.788855319028755, 53.290791106580713 ], [ 23.798726794217156, 53.284500700028175 ], [ 23.797474011377268, 53.272976533796609 ], [ 23.806950356595372, 53.266944914593566 ], [ 23.816868773204554, 53.260618092240982 ], [ 23.815613489623889, 53.249094129411709 ], [ 23.82502609696061, 53.243098322303311 ], [ 23.834994671957411, 53.236732969741659 ], [ 23.844382993910962, 53.230748592939406 ], [ 23.854366018123375, 53.224368834568274 ], [ 23.853104069733195, 53.212845356824303 ], [ 23.862423829769835, 53.206899764378221 ], [ 23.872461460795304, 53.200478530312957 ], [ 23.871196555802165, 53.188955277657314 ], [ 23.880445406514589, 53.183049912815981 ], [ 23.901073226145364, 53.1821901947905 ], [ 23.911146020306109, 53.175736012031024 ], [ 23.909872795720858, 53.1642133267652 ], [ 23.908600543282407, 53.152690594080866 ], [ 23.907329231711049, 53.141167815256082 ], [ 23.906058830088238, 53.129644991553327 ], [ 23.894433448366787, 53.123984378786851 ], [ 23.884209078617939, 53.118970214552476 ], [ 23.882945622494056, 53.107446969774848 ], [ 23.881682988289221, 53.095923683723775 ], [ 23.880421146227448, 53.084400357606917 ], [ 23.879160067065417, 53.072876992609352 ], [ 23.887981651577725, 53.067231538336578 ], [ 23.898453853036823, 53.060507175234214 ], [ 23.897188993386379, 53.048984071107945 ], [ 23.905935533281326, 53.043381340294928 ], [ 23.916467610096777, 53.03661164310315 ], [ 23.915198857936765, 53.025088805840987 ], [ 23.923870231292987, 53.019528881335084 ], [ 23.934462173329166, 53.012713779945749 ], [ 23.933189428344459, 53.001191215108321 ], [ 23.931917268120351, 52.989668618649091 ], [ 23.930645669785186, 52.978145991498259 ], [ 23.939156176621381, 52.97268159092409 ], [ 23.949884216883554, 52.965768999009292 ], [ 23.948608456701074, 52.954246652729118 ], [ 23.936367924987515, 52.948267369515314 ], [ 23.926834025284617, 52.943577934862709 ], [ 23.925564456230344, 52.932055193803393 ], [ 23.924295342438953, 52.920532426374663 ], [ 23.923026664047875, 52.909009633378815 ], [ 23.921758401651552, 52.897486815598647 ], [ 23.920490536288348, 52.885963973798113 ], [ 23.919223049427831, 52.874441108722891 ], [ 23.917955922958846, 52.86291822110077 ], [ 23.916689139178562, 52.851395311642214 ], [ 23.924755439284898, 52.846203363496656 ], [ 23.935875248115337, 52.839021767786463 ], [ 23.934603961648904, 52.827499153442787 ], [ 23.933332976542975, 52.815976518975113 ], [ 23.93206227685338, 52.804453865022126 ], [ 23.939990010887545, 52.799343378449215 ], [ 23.951222865269852, 52.792078417072638 ], [ 23.949947584442278, 52.78055606314043 ], [ 23.948672553447043, 52.769033691207937 ], [ 23.947397757860671, 52.757511301851608 ], [ 23.946123183597638, 52.745988895633403 ], [ 23.944848816920562, 52.734466473100419 ], [ 23.94357464445315, 52.722944034784362 ], [ 23.942300653196185, 52.711421581200852 ], [ 23.929307459504756, 52.705034759806821 ], [ 23.920636367895792, 52.700749200515311 ], [ 23.907606826463152, 52.694338853959671 ], [ 23.898981156372816, 52.690072645132439 ], [ 23.885916831276049, 52.683639510543316 ], [ 23.877334952617648, 52.679391921275702 ], [ 23.864237471876788, 52.672936769321801 ], [ 23.855697692041598, 52.668707035064152 ], [ 23.8425687460335, 52.662230669284597 ], [ 23.834069311817007, 52.6580179924999 ], [ 23.820910651330198, 52.651521248453342 ], [ 23.812449751210892, 52.647324799456001 ], [ 23.799263185148774, 52.64080854369206 ], [ 23.790838951909556, 52.636627461665292 ], [ 23.78960060000459, 52.625102608348705 ], [ 23.776367310504778, 52.618555406145198 ], [ 23.768003439751158, 52.614400800535016 ], [ 23.754747338813413, 52.607836545517841 ], [ 23.734384528178449, 52.608651073262649 ], [ 23.714020754936165, 52.609462229858551 ], [ 23.69365602347635, 52.610270018952065 ], [ 23.673290338188288, 52.611074444245077 ], [ 23.652923703460385, 52.61187550949272 ], [ 23.644621232545902, 52.607738921013294 ], [ 23.631336278847897, 52.601136204018502 ], [ 23.610973102069423, 52.601930483539356 ], [ 23.602700855721938, 52.597804462167623 ], [ 23.589400705782243, 52.591184701240962 ], [ 23.5690410045584, 52.591972230525172 ], [ 23.560794929536527, 52.587854842002059 ], [ 23.547483642162767, 52.581220030505463 ], [ 23.539257338129023, 52.577110027186755 ], [ 23.5259368976247, 52.570464838259234 ], [ 23.51772810247688, 52.566361119309228 ], [ 23.504400765488743, 52.559706670204058 ], [ 23.484053400689145, 52.560480749673061 ], [ 23.475860361847438, 52.556380614452365 ], [ 23.474694625189191, 52.544851039664316 ], [ 23.461360315088477, 52.538181458752597 ], [ 23.453190359182617, 52.534089875054718 ], [ 23.439855984407263, 52.52741443445769 ], [ 23.431694400286201, 52.523324631703602 ], [ 23.418362241302997, 52.516644472494868 ], [ 23.4102067487349, 52.512555312712735 ], [ 23.396879078840151, 52.505871575363287 ], [ 23.388727409716218, 52.501781921001665 ], [ 23.387580692545299, 52.490251112157125 ], [ 23.374259946698249, 52.483562914594451 ], [ 23.366114473477353, 52.47947334565476 ], [ 23.364972553489288, 52.46794222049963 ], [ 23.351664451187535, 52.461252445890501 ], [ 23.34351951914126, 52.457160081908171 ], [ 23.342382461108791, 52.445628638815222 ], [ 23.329092538717163, 52.438940088392599 ], [ 23.320942695144701, 52.434842130214271 ], [ 23.319810575727224, 52.42331036716304 ], [ 23.318678543053327, 52.4117785890978 ], [ 23.305419173046872, 52.405095424108708 ], [ 23.297257085081959, 52.400987404737215 ], [ 23.284019241677811, 52.394309297076319 ], [ 23.275844172566337, 52.390192160319991 ], [ 23.274722200201776, 52.378659750041358 ], [ 23.261517743802212, 52.371990621084294 ], [ 23.253322899370389, 52.367860139065243 ], [ 23.252206150582449, 52.356327401083746 ], [ 23.239039602918425, 52.349669576969987 ], [ 23.230820597571793, 52.345523424145384 ], [ 23.229709178743828, 52.33399035558925 ], [ 23.216584760994316, 52.327346018400569 ], [ 23.208337515147928, 52.323182013218627 ], [ 23.207231534282066, 52.311648611223411 ], [ 23.19415316003824, 52.305019794701927 ], [ 23.185873903542916, 52.300835904017056 ], [ 23.184773467558678, 52.289302165822662 ], [ 23.192215776908714, 52.284540861628479 ], [ 23.203915597963825, 52.277048258104394 ], [ 23.202811030435868, 52.265514755257151 ], [ 23.201706872493485, 52.253981225147776 ], [ 23.200603145933155, 52.242447666982713 ], [ 23.199499872018272, 52.230914079988018 ], [ 23.206972585845861, 52.226125535194562 ], [ 23.227175194457384, 52.2254124644775 ], [ 23.247376939240681, 52.224695765260783 ], [ 23.259043378846837, 52.217203679153684 ], [ 23.266469885166909, 52.212435631642187 ], [ 23.274723668035755, 52.216635759775002 ], [ 23.287777820067664, 52.223251480813389 ], [ 23.299468382419473, 52.215735271504997 ], [ 23.306858644928425, 52.210985093483337 ], [ 23.327051707171744, 52.210254386994947 ], [ 23.347243885274409, 52.209520055657656 ], [ 23.367435174961596, 52.208782099654648 ], [ 23.379158101577175, 52.201226144917548 ], [ 23.386487293324883, 52.196503583853534 ], [ 23.398208860753311, 52.188942573131058 ], [ 23.405528919703048, 52.18422231081955 ], [ 23.417249303952641, 52.176656131050898 ], [ 23.424560063711397, 52.17193829892642 ], [ 23.432720336435626, 52.176074732913172 ], [ 23.445884520495763, 52.182723122928557 ], [ 23.457626204480576, 52.175134481781463 ], [ 23.464903520316899, 52.17043292440048 ], [ 23.473036015512548, 52.174550074760582 ], [ 23.486236491801787, 52.181209467426605 ], [ 23.506411105834516, 52.180447215581069 ], [ 23.518182503816018, 52.172826248226471 ], [ 23.504965009722685, 52.166162911239923 ], [ 23.496824937069441, 52.162069802309858 ], [ 23.49565218872015, 52.150540477208459 ], [ 23.502910119178239, 52.145844411235664 ], [ 23.514649848275109, 52.138239190362896 ], [ 23.521897737360316, 52.133546130948972 ], [ 23.542049879694837, 52.132778783825621 ], [ 23.553799894401969, 52.125156573963636 ], [ 23.561020984917157, 52.120474772013594 ], [ 23.581166128616559, 52.119700751438813 ], [ 23.601310340980799, 52.118923128972561 ], [ 23.613080673474403, 52.111273000792437 ], [ 23.611881737365902, 52.099745384446976 ], [ 23.61906491108201, 52.0950786951297 ], [ 23.630826831079514, 52.08742648499782 ], [ 23.637998681639356, 52.082763747506959 ], [ 23.64976185752332, 52.075104751837841 ], [ 23.648555522587976, 52.063577645392087 ], [ 23.655720237263246, 52.058915383344832 ], [ 23.667476482370002, 52.051253356665654 ], [ 23.666266889201861, 52.039726484295109 ], [ 23.665058067553147, 52.028199570862839 ], [ 23.663850022573971, 52.016672616151162 ], [ 23.67101535116327, 52.012004311039071 ], [ 23.68274902089863, 52.004346324569745 ], [ 23.681537782741501, 51.992819602416326 ], [ 23.680327327100887, 51.981292838688191 ], [ 23.679117649701954, 51.969766033542427 ], [ 23.665920150852745, 51.963110153755615 ], [ 23.657821462189737, 51.959037222367847 ], [ 23.64465597570025, 51.952391787060861 ], [ 23.636534278521143, 51.948304336019895 ], [ 23.643746258011365, 51.943603675070221 ], [ 23.655415386720154, 51.935982778927404 ], [ 23.642271126018649, 51.929343910271136 ], [ 23.634139129234988, 51.925249187095311 ], [ 23.621028956257799, 51.918621858828509 ], [ 23.612871797243077, 51.914511529368895 ], [ 23.620120216631317, 51.909787348551035 ], [ 23.631746812402479, 51.902193883490497 ], [ 23.630551666743859, 51.890666175596436 ], [ 23.62935716533827, 51.879138431507478 ], [ 23.616292567170404, 51.872525902519605 ], [ 23.60811125828759, 51.868399384808427 ], [ 23.615382725034969, 51.86365682358484 ], [ 23.626969989482944, 51.856082838854498 ], [ 23.61392918065615, 51.849478239894083 ], [ 23.60573459934005, 51.845343105254528 ], [ 23.604547069192932, 51.833814917656774 ], [ 23.611837781649562, 51.829057108143793 ], [ 23.623393343123524, 51.821499206177776 ], [ 23.630666576347906, 51.816749259227514 ], [ 23.642229510023171, 51.809180694483821 ], [ 23.641034023096225, 51.797653039908283 ], [ 23.639838925380609, 51.786125359091194 ], [ 23.626848066232409, 51.779537349706423 ], [ 23.618630716449914, 51.775387297449754 ], [ 23.605682710817526, 51.768815421192699 ], [ 23.597430849587493, 51.764645208883564 ], [ 23.584527426804321, 51.758090379961651 ], [ 23.564546070475405, 51.758884616909228 ], [ 23.55623134343719, 51.754677973087226 ], [ 23.543405038189604, 51.748153237986408 ], [ 23.53505135308923, 51.743924159214373 ], [ 23.533880659319852, 51.732394838917919 ], [ 23.541332959186139, 51.727530101012526 ], [ 23.552705387674362, 51.720090925155212 ], [ 23.551530254510048, 51.708561879124154 ], [ 23.550355137026401, 51.697032821014815 ], [ 23.549179988165466, 51.685503752627206 ], [ 23.548004760451452, 51.67397467577635 ], [ 23.54682940608901, 51.662445592288492 ], [ 23.545653877059021, 51.650916503997365 ], [ 23.54447812521115, 51.639387412740547 ], [ 23.543302102354229, 51.62785832035599 ], [ 23.542125760344003, 51.616329228678595 ], [ 23.540949051168557, 51.604800139536913 ], [ 23.548548124038, 51.599822179258538 ], [ 23.559715736062969, 51.592496443191877 ], [ 23.55853361620283, 51.58096766835353 ], [ 23.5573509929342, 51.569438901418181 ], [ 23.564984405498443, 51.564431103795471 ], [ 23.576096736532214, 51.557133083824027 ], [ 23.574908447239235, 51.545604643107772 ], [ 23.573719522513663, 51.534076215532174 ], [ 23.581396132893516, 51.529032451134633 ], [ 23.601279777155312, 51.528272792840284 ], [ 23.612356659434397, 51.520985448403188 ], [ 23.611157311798568, 51.509457666613876 ], [ 23.61882091806276, 51.504413494796445 ], [ 23.629859531739864, 51.497144313880689 ], [ 23.637518084705473, 51.492098940589791 ], [ 23.657384108373222, 51.49133019547903 ], [ 23.668445638224032, 51.48403627528657 ], [ 23.676065255938219, 51.479009182222121 ], [ 23.687119551676403, 51.471714476063312 ], [ 23.674666991044358, 51.465360203673519 ], [ 23.666014276030779, 51.460982718129983 ], [ 23.653643869531365, 51.454665038924318 ], [ 23.644915714119925, 51.4502470143766 ], [ 23.652672203532212, 51.445127144981633 ], [ 23.672517499419744, 51.444357155045005 ], [ 23.683454976839307, 51.437135190630052 ], [ 23.682231570151473, 51.425608814761425 ], [ 23.689990228985685, 51.420478050817309 ], [ 23.700872414101351, 51.413285689790676 ], [ 23.699642489531083, 51.401759687732095 ], [ 23.687432065924259, 51.395520794633129 ], [ 23.678555216695493, 51.391029863854392 ], [ 23.677327614730626, 51.379503609876146 ], [ 23.676098888339311, 51.367977389270344 ], [ 23.664097422252677, 51.361836326968039 ], [ 23.655024656742118, 51.357243073741152 ], [ 23.653798048827213, 51.345716608815955 ], [ 23.652570236330472, 51.334190180002452 ], [ 23.640799622883311, 51.32815848071737 ], [ 23.631508694305136, 51.323451389897954 ], [ 23.639769948806549, 51.317976752927166 ], [ 23.650110919557672, 51.311137433603967 ], [ 23.648879382598864, 51.299611117212137 ], [ 23.647646576043435, 51.288084839304545 ], [ 23.656041343295257, 51.282512555042182 ], [ 23.665409478556441, 51.287376923204306 ], [ 23.676994233896203, 51.293315073484401 ], [ 23.687280624825483, 51.286501547165351 ], [ 23.695591267455846, 51.280978692597458 ], [ 23.705848067164773, 51.274179628627103 ], [ 23.714178235163637, 51.268638603560063 ], [ 23.724403881476327, 51.261855067476645 ], [ 23.723149580010336, 51.250330174440123 ], [ 23.731564950681779, 51.244725255898906 ], [ 23.741688061836523, 51.238003336628182 ], [ 23.740426803353756, 51.226478843588808 ], [ 23.739164285251661, 51.214954389896441 ], [ 23.747740735467449, 51.209232929074254 ], [ 23.757679776553523, 51.202625645684478 ], [ 23.76628487810455, 51.196879742200423 ], [ 23.776183638444074, 51.190294279533838 ], [ 23.784818995424498, 51.184522831976537 ], [ 23.804548810962384, 51.183736791436893 ], [ 23.814441579180698, 51.177146701258032 ], [ 23.813156485848054, 51.165623701233521 ], [ 23.821857179382651, 51.159797849329514 ], [ 23.831613479695431, 51.164861070258404 ], [ 23.842790152638088, 51.170580204612257 ], [ 23.852674271533793, 51.16398726388325 ], [ 23.861292603510009, 51.158209633649847 ], [ 23.871131202418265, 51.151642124536416 ], [ 23.86983049537174, 51.140120189923117 ], [ 23.858793781139823, 51.134472868275331 ], [ 23.848785504362908, 51.129420460808092 ], [ 23.847487062119438, 51.117898260978656 ], [ 23.856420833870526, 51.11190173447514 ], [ 23.86592187831506, 51.105554588648047 ], [ 23.864616982024788, 51.094032782998056 ], [ 23.87367620867234, 51.087944836285487 ], [ 23.883034902178334, 51.081686880749025 ], [ 23.892137835022801, 51.0755641278421 ], [ 23.911818181818152, 51.074761087506566 ], [ 23.921157382977647, 51.068508028783938 ], [ 23.919836450878517, 51.056987312376947 ], [ 23.918514762741484, 51.045466616475451 ], [ 23.917192394725316, 51.033945937818253 ], [ 23.91586943023734, 51.022425272840856 ], [ 23.914545960198023, 51.010904617664458 ], [ 23.924107235184852, 51.004455956679926 ], [ 23.943756583975592, 51.003648687016131 ], [ 23.952594949767033, 50.99771751689368 ], [ 23.95126162414288, 50.98619756218077 ], [ 23.96092803430675, 50.97966705140464 ], [ 23.96960285699231, 50.973840163679284 ], [ 23.968264572493531, 50.962320551505897 ], [ 23.966926276967083, 50.950800928408988 ], [ 23.976841559644949, 50.944094169401183 ], [ 23.985247311213218, 50.938441633363084 ], [ 23.995219148914668, 50.931691185312843 ], [ 24.003557563159564, 50.926079759759482 ], [ 24.013586899066869, 50.919284963165225 ], [ 24.021857093182483, 50.913715309680406 ], [ 24.03194482045819, 50.906875538525135 ], [ 24.040145963471748, 50.901348285091899 ], [ 24.050292923601017, 50.894462947989332 ], [ 24.069892003258339, 50.893633662332192 ], [ 24.078056261730726, 50.888124149845538 ], [ 24.088224495927484, 50.881214604182333 ], [ 24.107816791152551, 50.880378301927209 ], [ 24.115941486639542, 50.874888399830709 ], [ 24.126133678881608, 50.867952791247312 ], [ 24.134185811028015, 50.86250788861755 ], [ 24.132808729277127, 50.850991275875955 ], [ 24.123761166131224, 50.846364201560839 ], [ 24.111825045281115, 50.84033743070183 ], [ 24.102935027247444, 50.835787149400282 ], [ 24.083365926973169, 50.836664912596142 ], [ 24.063795898085754, 50.837539791663588 ], [ 24.044224943740584, 50.838411786754413 ], [ 24.024653067064836, 50.839280897758371 ], [ 24.00508027115648, 50.840147124288748 ], [ 23.992805374324728, 50.833926630133405 ], [ 23.984282564960782, 50.829549237837242 ], [ 23.971858545642728, 50.823246458158486 ], [ 23.970527664095304, 50.811726535830978 ], [ 23.969199062972741, 50.800206504608028 ], [ 23.967872968206375, 50.788686354866215 ], [ 23.966549609701655, 50.777166076819583 ], [ 23.977881142821008, 50.769484784361602 ], [ 23.997430011500988, 50.768668363178961 ], [ 24.016977928163698, 50.767848336896698 ], [ 24.023972005075485, 50.763123771488935 ], [ 24.022638464289908, 50.751604371729684 ], [ 24.021308159763926, 50.740084821058311 ], [ 24.019981324668034, 50.728565109455523 ], [ 24.031546011392859, 50.720709863826542 ], [ 24.051072695991845, 50.719882250113542 ], [ 24.070598421912969, 50.719051070075572 ], [ 24.077321244090896, 50.714498808792889 ], [ 24.075985011727138, 50.702979947702886 ], [ 24.07465273407573, 50.691460903150492 ], [ 24.067202055345206, 50.687630138046565 ], [ 24.053788937787836, 50.680792505864495 ], [ 24.065597028143621, 50.672761835114883 ], [ 24.085102475622925, 50.67192611526157 ], [ 24.091529371268443, 50.667568550998745 ], [ 24.090204374980797, 50.65604931023703 ], [ 24.082981502666794, 50.652334208132508 ], [ 24.0693676097181, 50.645382697938437 ], [ 24.081348021801272, 50.637230418551631 ], [ 24.087568866665237, 50.633010162724212 ], [ 24.086258750981301, 50.621490238788709 ], [ 24.084953975326822, 50.60997007067661 ], [ 24.097078935036667, 50.601715337273887 ], [ 24.103145380325877, 50.597595244349499 ], [ 24.09624830675596, 50.594044158969723 ], [ 24.082361116651228, 50.586928972871057 ], [ 24.081073336052985, 50.575408030143976 ], [ 24.079791497968966, 50.563886817275183 ], [ 24.078515714598648, 50.552365329463072 ], [ 24.077246080735378, 50.540843562669735 ], [ 24.075982672944328, 50.529321513656143 ], [ 24.074725548872834, 50.517799180011622 ], [ 24.073474746704594, 50.506276560176879 ], [ 24.06687872943402, 50.502870461933675 ], [ 24.052795960851629, 50.495601003019665 ], [ 24.051564318313304, 50.484077386546993 ], [ 24.050338981972484, 50.472553485883068 ], [ 24.049119902534077, 50.461029303278146 ], [ 24.042524043856968, 50.457617403960569 ], [ 24.028497194725809, 50.45034729944102 ], [ 24.021882789651634, 50.446923006913735 ], [ 24.007891992365657, 50.439660988145562 ], [ 24.00670384716414, 50.428135164264958 ], [ 24.005521470242652, 50.41660908187265 ], [ 23.99881300094496, 50.413131159815187 ], [ 23.979412669186146, 50.413960705443664 ], [ 23.960011459535398, 50.414787325837516 ], [ 23.940609376066245, 50.415611029834103 ], [ 23.921206422841713, 50.416431826306031 ], [ 23.90180260391335, 50.417249724152931 ], [ 23.887998213974239, 50.410041337360532 ], [ 23.881207582865589, 50.406508852302757 ], [ 23.861806648580238, 50.407319851046545 ], [ 23.84240486396768, 50.408127997997454 ], [ 23.82300223303935, 50.408933302481451 ], [ 23.803598759789086, 50.409735773798317 ], [ 23.789895755561652, 50.402554801157947 ], [ 23.783027689410481, 50.398971741701992 ], [ 23.76362716670516, 50.399767596961382 ], [ 23.750007700963362, 50.392617732578209 ], [ 23.743068856447508, 50.388992934378436 ], [ 23.723671316451853, 50.389782351750412 ], [ 23.71013929241429, 50.382666325618899 ], [ 23.7031258381638, 50.378997682863236 ], [ 23.689679415955702, 50.371918749994009 ], [ 23.688616532727874, 50.360385610797422 ], [ 23.687556555724289, 50.348852343364648 ], [ 23.686499219757529, 50.337318958435787 ], [ 23.67916741166561, 50.333477259209815 ], [ 23.666074324453668, 50.326566084359094 ], [ 23.658655960259175, 50.322675880023368 ], [ 23.639283119546636, 50.323450822190637 ], [ 23.626290145027532, 50.316583284768974 ], [ 23.625253283608213, 50.305048698277815 ], [ 23.617660710675977, 50.301060685288093 ], [ 23.60485582544052, 50.294284246492481 ], [ 23.603825832914886, 50.282749250281242 ], [ 23.596059015317135, 50.27866520966829 ], [ 23.58344133358592, 50.271980670857864 ], [ 23.575589998361284, 50.26784885031536 ], [ 23.563063662464291, 50.261208335615926 ], [ 23.55513033348678, 50.257029991861963 ], [ 23.542692254357952, 50.250432269319731 ], [ 23.534680046572941, 50.246208973816309 ], [ 23.522326570686271, 50.239652495305094 ], [ 23.514239161399637, 50.235386120119287 ], [ 23.501966100167362, 50.228869035475753 ], [ 23.493807699645178, 50.224561738716581 ], [ 23.47447095479372, 50.225316282540184 ], [ 23.462261473175573, 50.218828077640261 ], [ 23.46125889066197, 50.207291138943859 ], [ 23.452973122782932, 50.202909544068248 ], [ 23.440911265193115, 50.196496739119297 ], [ 23.432570040882847, 50.192082266818424 ], [ 23.420567078344508, 50.185698727342782 ], [ 23.412176448976844, 50.181254534753961 ], [ 23.400225950333134, 50.174897118903381 ], [ 23.391792359065807, 50.17042657855179 ], [ 23.379887524451867, 50.164091927956875 ], [ 23.371417781496962, 50.159598615307836 ], [ 23.359551465524742, 50.153283167603867 ], [ 23.35855678483254, 50.141745293100939 ], [ 23.350001362219253, 50.137201558816095 ], [ 23.338223878099104, 50.130932808775178 ], [ 23.329651370501008, 50.126376346824948 ], [ 23.317892524558328, 50.120116785766577 ], [ 23.309310915680122, 50.115551827610815 ], [ 23.297562454744433, 50.10929723397274 ], [ 23.288980001907436, 50.10472816693953 ], [ 23.277233412785996, 50.098474162604667 ], [ 23.276239342389864, 50.086935747013023 ], [ 23.267630267819275, 50.082347506863876 ], [ 23.255911329484924, 50.076109028043817 ], [ 23.254914696669957, 50.06457056527811 ], [ 23.246302011524822, 50.059975398133794 ], [ 23.234587058613013, 50.053740220625698 ], [ 23.22601082013167, 50.049160839669391 ], [ 23.214259444730509, 50.042906390573052 ], [ 23.213259559096493, 50.031367774089915 ], [ 23.204719133041159, 50.026802553988489 ], [ 23.192931357575183, 50.020530349408716 ], [ 23.191927847514226, 50.008991719353382 ], [ 23.183448922637702, 50.004454448104759 ], [ 23.171598488661616, 49.998150717546778 ], [ 23.163197442360609, 49.993651534184949 ], [ 23.151268277122174, 49.987306257497231 ], [ 23.150259914081357, 49.975767522605778 ], [ 23.141963775160825, 49.971319701575027 ], [ 23.129927672937892, 49.964919511121856 ], [ 23.121736900961341, 49.960524682110957 ], [ 23.109594075430827, 49.954068055699715 ], [ 23.108579932759209, 49.942529242668336 ], [ 23.100539746004038, 49.938210538393321 ], [ 23.08824346720964, 49.931674259065289 ], [ 23.087224187524836, 49.920135476082102 ], [ 23.079364022896897, 49.915908900102202 ], [ 23.066884343863713, 49.909276977755312 ], [ 23.059176772386213, 49.905129160112736 ], [ 23.046542373631318, 49.898415055419996 ], [ 23.045515872987139, 49.886876233396229 ], [ 23.038037495001319, 49.882847408093241 ], [ 23.02516975657894, 49.876010815249316 ], [ 23.017874776395509, 49.87207767251509 ], [ 23.004821095978084, 49.865141982377637 ], [ 23.003786543476274, 49.853603142175537 ], [ 22.996771889192036, 49.849817060123428 ], [ 22.983433052245122, 49.842730828435528 ], [ 22.976633660385826, 49.839058023156966 ], [ 22.963076672108052, 49.831855106089485 ], [ 22.96203332499989, 49.820316264660995 ], [ 22.960985557495064, 49.808777557919804 ], [ 22.954630126772745, 49.805339891988432 ], [ 22.940621344656329, 49.79789830130364 ], [ 22.934521819188753, 49.794596444672244 ], [ 22.920253945072329, 49.787015638699309 ], [ 22.914422957005485, 49.783856653297626 ], [ 22.899883338082716, 49.776129568287026 ], [ 22.898823457932174, 49.764590812080279 ], [ 22.897758991434316, 49.75305219306415 ], [ 22.89249499638909, 49.750196509158037 ], [ 22.877379925583071, 49.742162587152414 ], [ 22.872425898442319, 49.739472937267628 ], [ 22.856997705156729, 49.731269563773317 ], [ 22.855923380659899, 49.719730952957576 ], [ 22.851459068265882, 49.717304581907392 ], [ 22.835535547240582, 49.708834437158238 ], [ 22.831414142842984, 49.706592672074265 ], [ 22.815144908675883, 49.697934486017346 ], [ 22.811378546906713, 49.695884225931259 ], [ 22.794751696731776, 49.687031089624114 ], [ 22.791352256413383, 49.685179109931177 ], [ 22.77435619112174, 49.676124236666212 ], [ 22.773267739240328, 49.664585449361773 ], [ 22.772175023072727, 49.653046782483877 ], [ 22.769566644024604, 49.651623845700762 ], [ 22.751773609927579, 49.64213627008624 ], [ 22.749569584795339, 49.640932973399856 ], [ 22.731371038365669, 49.631222258170723 ], [ 22.73027083292197, 49.619683494348308 ], [ 22.728709240850691, 49.618830027273361 ], [ 22.709866340420433, 49.608765844008133 ], [ 22.708761307839094, 49.597227053770602 ], [ 22.707869372863893, 49.596739059298748 ], [ 22.688356268096388, 49.586305717382245 ], [ 22.687247313182901, 49.574766869283749 ], [ 22.687049822972057, 49.574658703639315 ], [ 22.668678918169185, 49.575357744157479 ], [ 22.667986575862209, 49.575736481331774 ], [ 22.649589717444872, 49.585748163496774 ], [ 22.64608907668099, 49.5876466941221 ], [ 22.631185327496752, 49.595757862566238 ], [ 22.623490725237804, 49.599931372445937 ], [ 22.612773573896778, 49.605767902129351 ], [ 22.600896403602871, 49.612211384297218 ], [ 22.594354351451511, 49.615776942132698 ], [ 22.578304921888385, 49.624486769695473 ], [ 22.575927557621416, 49.625783653082628 ], [ 22.557492638619561, 49.635780492946928 ], [ 22.555676748956895, 49.636758746710832 ], [ 22.539049524667931, 49.645766441253656 ], [ 22.532996787398027, 49.649027755553746 ], [ 22.520598798633209, 49.655749493108111 ], [ 22.51031516492252, 49.66129224467727 ], [ 22.502140367803516, 49.665728401562625 ], [ 22.487631290665046, 49.6735522317272 ], [ 22.483674142409917, 49.675701936111608 ], [ 22.465199998873747, 49.685668366586427 ], [ 22.464938847612224, 49.685807905407081 ], [ 22.446717453738835, 49.695620845681745 ], [ 22.442150761148994, 49.698061852362542 ], [ 22.428227114582288, 49.705567873446874 ], [ 22.419357843319524, 49.710311332215298 ], [ 22.409728904328823, 49.7155083552164 ], [ 22.396560384920633, 49.722556334378552 ], [ 22.391222749572119, 49.725441226468682 ], [ 22.373758952635793, 49.734796840457371 ], [ 22.372708580720332, 49.735365455631637 ], [ 22.354186314522725, 49.745279791727654 ], [ 22.350873214803599, 49.747035175004882 ], [ 22.335656124037939, 49.75518669010868 ], [ 22.327957331277911, 49.759269730855522 ], [ 22.317117989915179, 49.765085840690297 ], [ 22.305039004572265, 49.771499699709828 ], [ 22.298571860985117, 49.77497645843215 ], [ 22.282120214140495, 49.783725024843733 ], [ 22.280017691326666, 49.784857819091663 ], [ 22.261455668204277, 49.794732651152763 ], [ 22.25914286977854, 49.795947342280655 ], [ 22.242885935472895, 49.804603092517318 ], [ 22.236112446436454, 49.808166464562952 ], [ 22.224308315180519, 49.81446648889375 ], [ 22.213088306418534, 49.820380713205715 ], [ 22.205722787090785, 49.824322512250291 ], [ 22.190074419128134, 49.832589983545375 ], [ 22.187129338428267, 49.834170940622933 ], [ 22.1685282626581, 49.844016227705922 ], [ 22.167033763330377, 49.844795295115716 ], [ 22.149920036628682, 49.853865744750003 ], [ 22.14392813260045, 49.856997669790182 ], [ 22.131304155105425, 49.863711849526219 ], [ 22.120846940389541, 49.869194659998072 ], [ 22.112680640932261, 49.873554935470587 ], [ 22.097796768083533, 49.881386105435986 ], [ 22.094049527618616, 49.883395571682286 ], [ 22.075411052768715, 49.893237548805395 ], [ 22.074765904511192, 49.893572336589173 ], [ 22.056766365509816, 49.903099157109445 ], [ 22.051668392105764, 49.905755630151567 ], [ 22.038114492026054, 49.912965350435989 ], [ 22.028625764287085, 49.917932770079425 ], [ 22.019455514286921, 49.922837620133123 ], [ 22.005647673480613, 49.930103540062774 ], [ 22.000789529251438, 49.932717734113169 ], [ 21.982744434452048, 49.942267714382879 ], [ 21.982116650046589, 49.942607764204517 ], [ 21.963438549304378, 49.952535223036342 ], [ 21.959814844218805, 49.954427923391016 ], [ 21.944754298866968, 49.962485685546149 ], [ 21.936964716191873, 49.966581471097797 ], [ 21.926063802426047, 49.972458086769279 ], [ 21.914226658643102, 49.978727586190665 ], [ 21.907367240350858, 49.982455923673257 ], [ 21.891613804772518, 49.990866008708373 ], [ 21.888664814407875, 49.99248313680949 ], [ 21.869957191076498, 50.002551564269453 ], [ 21.869112498812658, 50.002997151584132 ], [ 21.851245828134058, 50.012686702247791 ], [ 21.846670403170219, 50.01512236632405 ], [ 21.832529479276541, 50.022868736916209 ], [ 21.824399863259412, 50.027238952318903 ], [ 21.81380842464079, 50.033103459258129 ], [ 21.802315478350909, 50.039346657635484 ], [ 21.795082969022012, 50.043397233333074 ], [ 21.780431702977172, 50.051445244171482 ], [ 21.776353442286627, 50.053757021988396 ], [ 21.758762674820648, 50.063534491363896 ], [ 21.757620199374202, 50.064190406419627 ], [ 21.738884723411626, 50.074724957513922 ], [ 21.737267896341855, 50.075615477366711 ], [ 21.720147080095114, 50.085363940862571 ], [ 21.715982884416299, 50.087687469474297 ], [ 21.70140688997888, 50.096102799742376 ], [ 21.694959582595551, 50.099749378734401 ], [ 21.682664558768998, 50.106950906557884 ], [ 21.674209269695584, 50.111801089867868 ], [ 21.663920502419941, 50.117918071108036 ], [ 21.653741834345226, 50.123842525622564 ], [ 21.645175140646021, 50.129014437845768 ], [ 21.63356555547, 50.135873650258851 ], [ 21.626428888296399, 50.140250339968226 ], [ 21.61368688308762, 50.147894472843959 ], [ 21.607682144171307, 50.151636100516896 ], [ 21.594110220564122, 50.159905050345905 ], [ 21.588935276817736, 50.1631817694105 ], [ 21.574837708512046, 50.171905490540013 ], [ 21.570188606838592, 50.174896784642947 ], [ 21.555869009399981, 50.183895954765035 ], [ 21.55144238527507, 50.186789545717573 ], [ 21.537201090681307, 50.195876660591011 ], [ 21.53269676771464, 50.19886688847901 ], [ 21.518828002333418, 50.207847884497909 ], [ 21.513951783931226, 50.211133452832954 ], [ 21.500740642505463, 50.21980996470343 ], [ 21.495207303133963, 50.2235909395324 ], [ 21.482926502438982, 50.231763304323039 ], [ 21.476462995303109, 50.236237259745948 ], [ 21.465369378268463, 50.243708375105605 ], [ 21.457718289627628, 50.2490655917289 ], [ 21.448049033211532, 50.255645722057046 ], [ 21.438972331772685, 50.262063373677094 ], [ 21.430940788125255, 50.26757596935574 ], [ 21.420223942542339, 50.275211279961418 ], [ 21.414015011249631, 50.279499828081391 ], [ 21.401471581435597, 50.288482249135058 ], [ 21.397236468401065, 50.291418106434833 ], [ 21.382713319510245, 50.301840654331997 ], [ 21.380563481723428, 50.303331723341692 ], [ 21.363946826699209, 50.31524172663125 ], [ 21.347229869214075, 50.327151304863001 ], [ 21.345170855643321, 50.328661340202032 ], [ 21.330436373519685, 50.339059938194119 ], [ 21.326380453237874, 50.341998814095874 ], [ 21.313486158499025, 50.350969189393354 ], [ 21.307572161025572, 50.355181194171244 ], [ 21.296283270284025, 50.362880885007684 ], [ 21.288742356777657, 50.368129850953331 ], [ 21.278711740082585, 50.374797185138185 ], [ 21.269887388577803, 50.3807630481259 ], [ 21.260629739997832, 50.386720678911068 ], [ 21.251003728792035, 50.392999047898215 ], [ 21.241861415795128, 50.398654516685724 ], [ 21.232088136572077, 50.404759543391641 ], [ 21.222185280780277, 50.410602595813998 ], [ 21.213137814833939, 50.415973137701627 ], [ 21.201317397996593, 50.42256982617733 ], [ 21.194150546796774, 50.426578553258807 ], [ 21.178886449845024, 50.434562517516369 ], [ 21.175124798547149, 50.436527264571303 ], [ 21.156059498153024, 50.445779156289518 ], [ 21.154243829255982, 50.446591772222902 ], [ 21.136953379609555, 50.454288309465845 ], [ 21.12617243814212, 50.458678425292995 ], [ 21.117807319383324, 50.462055028623737 ], [ 21.09862138068166, 50.469061132856815 ], [ 21.0931401004271, 50.470847553724944 ], [ 21.079394992035805, 50.475273194694445 ], [ 21.060130270786537, 50.48071825879552 ], [ 21.049948959120243, 50.483186599826404 ], [ 21.040826793043472, 50.485365260280602 ], [ 21.021484926517452, 50.489200381010249 ], [ 21.002106544377281, 50.492244748864358 ], [ 20.982691631183521, 50.494475078229812 ], [ 20.963240096046505, 50.495865223653176 ], [ 20.943751778916791, 50.49638618386431 ], [ 20.924226455857855, 50.496006079201663 ], [ 20.904663843318374, 50.494690100969159 ], [ 20.885063601389419, 50.492400430290608 ], [ 20.865425336017246, 50.489096123402881 ], [ 20.853588342862043, 50.486480221308675 ], [ 20.845746747067409, 50.484685402794362 ], [ 20.826025285292538, 50.479065839270298 ], [ 20.815658042168003, 50.475508507457683 ], [ 20.806259977420744, 50.472171596765421 ], [ 20.787562833124834, 50.464373808033976 ], [ 20.786448338760607, 50.463893537599851 ], [ 20.766585581195361, 50.454055422941074 ], [ 20.764970682171221, 50.453149014132194 ], [ 20.746669867485817, 50.442552601979457 ], [ 20.745618334971741, 50.441871295052181 ], [ 20.728629663526494, 50.430555278958181 ], [ 20.726697917826154, 50.429235438114517 ], [ 20.713427017386774, 50.419210503618864 ], [ 20.706667897970888, 50.413986853628103 ], [ 20.699416726076404, 50.40784633865448 ], [ 20.686580925433681, 50.396766710480556 ], [ 20.686262766685626, 50.396468083110669 ], [ 20.674257673477012, 50.385071813233949 ], [ 20.666439320570738, 50.377566756210534 ], [ 20.662675902602381, 50.373668257034538 ], [ 20.651706801186929, 50.362254849827742 ], [ 20.646252116233246, 50.356571981956868 ], [ 20.641115281776852, 50.350835081234393 ], [ 20.630846812131576, 50.33940981794472 ], [ 20.6260323229126, 50.334093375771488 ], [ 20.62083746440965, 50.327980035614722 ], [ 20.611003578547948, 50.316546959585587 ], [ 20.605797306222875, 50.310587775139503 ], [ 20.601284385111516, 50.305111470794543 ], [ 20.591669547222242, 50.293673738979145 ], [ 20.585565765456604, 50.286577061159271 ], [ 20.582027136067079, 50.282235585452028 ], [ 20.572452882412584, 50.270795707880573 ], [ 20.565354689483886, 50.262559843154726 ], [ 20.562727817223976, 50.259357067679758 ], [ 20.553043017825988, 50.24791707338413 ], [ 20.545177241492979, 50.238944302012563 ], [ 20.543113226976345, 50.236479523728349 ], [ 20.533186956620341, 50.22504107698159 ], [ 20.525041954857315, 50.216016374695954 ], [ 20.522956503940819, 50.213605768177658 ], [ 20.512672789231232, 50.202170250241409 ], [ 20.504953043719269, 50.193940701915004 ], [ 20.502064232623503, 50.190738021301513 ], [ 20.491318174965077, 50.179306587601396 ], [ 20.48491134623066, 50.172782179822214 ], [ 20.48026738917121, 50.16787804269363 ], [ 20.468962318062548, 50.156451662051751 ], [ 20.464915436399945, 50.152535038670443 ], [ 20.457415047378372, 50.145027220103749 ], [ 20.445460462290029, 50.133606700567412 ], [ 20.444962608886883, 50.133150365919185 ], [ 20.433370113871145, 50.122186626179484 ], [ 20.425053285962228, 50.114681417026411 ], [ 20.42084612078375, 50.110770600627362 ], [ 20.408006587772235, 50.099357051894053 ], [ 20.405181059068454, 50.096950796538252 ], [ 20.394894636916309, 50.087945357525214 ], [ 20.385344992059718, 50.079960065407747 ], [ 20.381357648953642, 50.076537241942624 ], [ 20.367475842842634, 50.065131611945283 ], [ 20.365541182709332, 50.063606190817374 ], [ 20.353316314403923, 50.053727561835302 ], [ 20.34576882560917, 50.047890358066915 ], [ 20.338741433108453, 50.042326578024415 ], [ 20.326023487675503, 50.032681932043928 ], [ 20.323762337051658, 50.030928377483065 ], [ 20.308462268503575, 50.019531865459683 ], [ 20.306304656111656, 50.017986501687687 ], [ 20.292840148710493, 50.00813692725054 ], [ 20.286610468774835, 50.003759336641345 ], [ 20.276827610326137, 49.996744185443276 ], [ 20.266938337432968, 49.989925076901926 ], [ 20.260436270609617, 49.985353352500752 ], [ 20.247286965366698, 49.976453309262624 ], [ 20.2436777968963, 49.973964143047795 ], [ 20.227655137433402, 49.963314736973622 ], [ 20.22656404076108, 49.962576272864275 ], [ 20.209142007628, 49.951189094831456 ], [ 20.208042039850305, 49.950494071329047 ], [ 20.191412578869183, 49.939802461013521 ], [ 20.188446456453601, 49.937958561044297 ], [ 20.173353393063046, 49.928416456695061 ], [ 20.168867116115283, 49.925670864112227 ], [ 20.154978533037642, 49.91703078757984 ], [ 20.149303179335604, 49.913609132914431 ], [ 20.136302389849405, 49.90564516254323 ], [ 20.129753879814732, 49.901753056576879 ], [ 20.117339635844242, 49.894259294520175 ], [ 20.110218520308447, 49.890083827716381 ], [ 20.098105177475759, 49.882872901552339 ], [ 20.090696468152323, 49.87858408946574 ], [ 20.078614091585134, 49.871485707933282 ], [ 20.071187150657032, 49.867237869515534 ], [ 20.058881548877071, 49.860097445394771 ], [ 20.051690050519291, 49.856030506255607 ], [ 20.038922728172665, 49.848707854282871 ], [ 20.032204701351411, 49.844948570926086 ], [ 20.018752724892973, 49.837316684678683 ], [ 20.01273068339685, 49.833979788590504 ], [ 19.99838645701287, 49.825923697424997 ], [ 19.993267619474711, 49.823112959988414 ], [ 19.977838571459269, 49.814528665027886 ], [ 19.973815171176614, 49.812337885674395 ], [ 19.957123353560682, 49.803131372409304 ], [ 19.954373035326533, 49.801645293417266 ], [ 19.936254641798666, 49.791731617494918 ], [ 19.934940940703616, 49.791026769437501 ], [ 19.915518656106698, 49.780475282068572 ], [ 19.915253111145599, 49.78032915348026 ], [ 19.8961059964501, 49.769985667423725 ], [ 19.894162534079545, 49.768923569730575 ], [ 19.87670270356972, 49.759548231587161 ], [ 19.872958551840259, 49.75751500047506 ], [ 19.857308606522913, 49.7491573257631 ], [ 19.85165202586089, 49.746103302940291 ], [ 19.837923554002714, 49.738807900292443 ], [ 19.830253103927006, 49.734688347131659 ], [ 19.818547412295086, 49.728495457018361 ], [ 19.808771193104381, 49.723270015456009 ], [ 19.799180063420838, 49.718216005554105 ], [ 19.787214942348953, 49.711848202231131 ], [ 19.779821403445688, 49.707966023153219 ], [ 19.765592234221963, 49.700422813100417 ], [ 19.76047134094307, 49.697742417883525 ], [ 19.743910184992963, 49.688993764370736 ], [ 19.741129795595331, 49.687542494811296 ], [ 19.722175152294632, 49.677560982291723 ], [ 19.721796696920499, 49.677363924928066 ], [ 19.702471944816239, 49.667202057146646 ], [ 19.700438855005423, 49.666124123413795 ], [ 19.683155500368713, 49.65705607317804 ], [ 19.678667463059796, 49.654683384470694 ], [ 19.663847323901482, 49.646924998017155 ], [ 19.656856388811224, 49.643238770885915 ], [ 19.644547375879092, 49.63680774495365 ], [ 19.635008965482353, 49.631790241146916 ], [ 19.625255621675571, 49.626703471072787 ], [ 19.613127912099298, 49.620337759465876 ], [ 19.605972030835176, 49.616611557298313 ], [ 19.591215365527006, 49.608881295046622 ], [ 19.586696576400623, 49.60653158994009 ], [ 19.569272913848376, 49.597420821377874 ], [ 19.567429234302935, 49.59646334361544 ], [ 19.548169953601501, 49.586404158867282 ], [ 19.547317327247583, 49.585956241334223 ], [ 19.528918676534676, 49.576350350037039 ], [ 19.509879618048817, 49.58590869317468 ], [ 19.490736952821731, 49.585880091354504 ], [ 19.49019453895226, 49.5862122599004 ], [ 19.471704670141019, 49.597295883705307 ], [ 19.470777384852845, 49.597863319132593 ], [ 19.470688879586593, 49.609434109958293 ], [ 19.452769620720517, 49.620165400949602 ], [ 19.435010668264127, 49.60957368080264 ], [ 19.434711236262391, 49.598004384126931 ], [ 19.433410434089851, 49.597227358794143 ], [ 19.414263336223183, 49.597189345547925 ], [ 19.396484601741488, 49.586571196059019 ], [ 19.396191257964663, 49.575001741977054 ], [ 19.394931351013796, 49.574248011962176 ], [ 19.375793235352546, 49.574203035825342 ], [ 19.357990292695426, 49.563555731775438 ], [ 19.357703284892668, 49.551986122671337 ], [ 19.357413131043213, 49.540416499522436 ], [ 19.356405128727967, 49.539812415672479 ], [ 19.337280458531261, 49.539759422806419 ], [ 19.318155821505211, 49.539704261481987 ], [ 19.299031220284679, 49.539647002195665 ], [ 19.27990665737213, 49.539587711537273 ], [ 19.262425021165505, 49.529100376394886 ], [ 19.260721223376571, 49.528076469320027 ], [ 19.243222668358388, 49.517571786793809 ], [ 19.241544799711555, 49.516562706212106 ], [ 19.224028201034109, 49.506039977049014 ], [ 19.223771208898544, 49.494469883981964 ], [ 19.223511217161661, 49.48289977297464 ], [ 19.222273694545517, 49.482154601734372 ], [ 19.204331871332109, 49.471364606068825 ], [ 19.222174612704812, 49.460251867671921 ], [ 19.222982297324826, 49.459759496934609 ], [ 19.222170174945237, 49.45927024321216 ], [ 19.203076951408352, 49.45919431438454 ], [ 19.184904917458002, 49.448255957390778 ], [ 19.184646400206642, 49.436685668275736 ], [ 19.18438499510653, 49.425115359991636 ], [ 19.184120724165172, 49.413545032482865 ], [ 19.18381270124101, 49.413359100741317 ], [ 19.164737327704092, 49.413274188423806 ], [ 19.145662017710674, 49.413187570875046 ], [ 19.126586773050615, 49.413099298643843 ], [ 19.107511595426825, 49.413009418342156 ], [ 19.106470722222529, 49.413642599980975 ], [ 19.088457051880695, 49.424361558033638 ], [ 19.070757020034243, 49.413669968207714 ], [ 19.069361447711618, 49.412825000977534 ], [ 19.05028648066045, 49.412730538515326 ], [ 19.032734524689772, 49.402116220204825 ], [ 19.031204331815371, 49.401188586257028 ], [ 19.012133945888564, 49.401089845694315 ], [ 18.993063636835906, 49.400989705065093 ], [ 18.973993405950097, 49.400888187860957 ], [ 18.971965921686124, 49.402117455372242 ], [ 18.971760553383081, 49.41368816806397 ], [ 18.973985930174912, 49.415039005333156 ] ] ], [ [ [ 18.785825621161095, 54.61801291959847 ], [ 18.777917515309525, 54.622263246746499 ], [ 18.764351554594331, 54.629533544067208 ], [ 18.764266274244942, 54.641093865059581 ], [ 18.75635072929817, 54.645341576083808 ], [ 18.74277102772546, 54.652610595610589 ], [ 18.734834713602222, 54.656864259518301 ], [ 18.721261123645522, 54.664123469229708 ], [ 18.721162669248507, 54.675683676224935 ], [ 18.713225159291916, 54.679931388617661 ], [ 18.699631579583805, 54.687192638340058 ], [ 18.71312229631463, 54.694519490784579 ], [ 18.726715925810186, 54.687256736788314 ], [ 18.734664307017631, 54.683014032417944 ], [ 18.748261165779077, 54.675743000789666 ], [ 18.756194128887536, 54.671506050458071 ], [ 18.769796701756956, 54.664225406264308 ], [ 18.777711771907878, 54.659995550198197 ], [ 18.791322540310549, 54.652703956742663 ], [ 18.799217246096077, 54.648482529610241 ], [ 18.812838674439487, 54.64117865573219 ], [ 18.8128736844968, 54.629618234947785 ], [ 18.820761442970586, 54.62539705403902 ], [ 18.834374400949898, 54.61808905421632 ], [ 18.834403778535943, 54.606528579594666 ], [ 18.820876554573971, 54.599191389985933 ], [ 18.807285095289078, 54.606488452363692 ], [ 18.799403105124352, 54.610729904314155 ], [ 18.785825621161095, 54.61801291959847 ] ] ], [ [ [ 18.635074889084187, 54.710136271236017 ], [ 18.648523161027299, 54.717449413314064 ], [ 18.662097267270052, 54.710214601756149 ], [ 18.670095610851661, 54.705951733011837 ], [ 18.683665904481082, 54.698712420383863 ], [ 18.670213648418869, 54.691401071388654 ], [ 18.656643411789528, 54.698638886827695 ], [ 18.648648934593187, 54.702902956637686 ], [ 18.635074889084187, 54.710136271236017 ] ] ], [ [ [ 18.597425421956373, 54.733137860715438 ], [ 18.583999948090799, 54.725829286484355 ], [ 18.570425712064431, 54.733045221031439 ], [ 18.583851114125238, 54.740355289268763 ], [ 18.597425421956373, 54.733137860715438 ] ] ], [ [ [ 18.467917125857642, 54.778880316211676 ], [ 18.454483790136226, 54.771548631399121 ], [ 18.440854812116463, 54.778758620561426 ], [ 18.454288053196745, 54.786091805411907 ], [ 18.467917125857642, 54.778880316211676 ] ] ] ] } }
]
}
