{
"type": "FeatureCollection",
"name": "zasieg_BK_cykl_4_epsg4326",
"crs": { "type": "name", "properties": { "name": "urn:ogc:def:crs:OGC:1.3:CRS84" } },
"features": [
{ "type": "Feature", "properties": { "gatunek": "BK", "cykl": 4, "pokrycie": 0.95, "prog_kde": 9.8057353133745915e-13 }, "geometry": { "type": "MultiPolygon", "coordinates": [ [ [ [ 22.815865252038403, 49.015378573936921 ], [ 22.798452619614295, 49.027150691245971 ], [ 22.797864383149697, 49.027551904085826 ], [ 22.780448686026691, 49.039317817967785 ], [ 22.779854728418709, 49.039722687750121 ], [ 22.762436074968416, 49.051482322630505 ], [ 22.761836281679713, 49.051890922949411 ], [ 22.76117909724956, 49.051523352130616 ], [ 22.742072279803214, 49.040954985178203 ], [ 22.723180107974741, 49.041566691439129 ], [ 22.704287308463158, 49.042175434758619 ], [ 22.70363730212431, 49.04181197646399 ], [ 22.684539434167387, 49.031230023787522 ], [ 22.667093124293928, 49.042980575858778 ], [ 22.666499838452008, 49.043384029459069 ], [ 22.647605174010106, 49.043983879604944 ], [ 22.630151963361648, 49.055724805969867 ], [ 22.631000156067085, 49.067272828992444 ], [ 22.630394254269039, 49.067684366030477 ], [ 22.612940658573859, 49.079414989465562 ], [ 22.612328253522737, 49.079830693387322 ], [ 22.594872481507721, 49.09155450095033 ], [ 22.594253438820235, 49.091974457835633 ], [ 22.575338845958587, 49.09256310767887 ], [ 22.574659267670263, 49.092183023628976 ], [ 22.555597604669131, 49.081596153534718 ], [ 22.538130110997624, 49.0933098667374 ], [ 22.537507849350426, 49.093731511993354 ], [ 22.536825496488003, 49.093349896453937 ], [ 22.517774160735119, 49.082758299716062 ], [ 22.498861544599492, 49.083334924623408 ], [ 22.479948336475836, 49.083908584313271 ], [ 22.462468063152972, 49.095606944916021 ], [ 22.461838698758555, 49.096032737526464 ], [ 22.442919938028563, 49.096600631642382 ], [ 22.424000594276276, 49.097165561534304 ], [ 22.405080670616716, 49.097727527695056 ], [ 22.387591896335323, 49.109405394124245 ], [ 22.388384554773502, 49.120956348023626 ], [ 22.387734988697325, 49.121394937691207 ], [ 22.370246462288431, 49.133062059518515 ], [ 22.371035958715446, 49.144613167211645 ], [ 22.370373227427311, 49.145060283108705 ], [ 22.351434034713265, 49.145614000487015 ], [ 22.350704059358478, 49.145205637291859 ], [ 22.331718762182742, 49.134609915812725 ], [ 22.312782827022787, 49.135157551857809 ], [ 22.293846329637756, 49.135702227243911 ], [ 22.274909273160215, 49.136243942741153 ], [ 22.257413215859035, 49.147878047610313 ], [ 22.256729601203247, 49.148338166558695 ], [ 22.237787042426273, 49.148874120619276 ], [ 22.220290524313086, 49.160494328898999 ], [ 22.221045379993257, 49.172047145966133 ], [ 22.221800873002969, 49.183599926854107 ], [ 22.221094306225304, 49.18407481947262 ], [ 22.220319597706894, 49.183641283253273 ], [ 22.201391243009947, 49.173049201693495 ], [ 22.182438245626592, 49.173576590960394 ], [ 22.164942712665535, 49.185173695167279 ], [ 22.16422210733645, 49.185657443504532 ], [ 22.145263626392744, 49.186179071849651 ], [ 22.127769403520876, 49.197761127135955 ], [ 22.127033674437591, 49.198254527794461 ], [ 22.108069718159662, 49.198770395601109 ], [ 22.089105232349752, 49.19928330912748 ], [ 22.071614096295171, 49.210843236894767 ], [ 22.070856524909416, 49.211350559743046 ], [ 22.051886577888986, 49.211857713677162 ], [ 22.034398711085036, 49.223401329099865 ], [ 22.035111688439326, 49.234956083592479 ], [ 22.035825279345438, 49.246510803039492 ], [ 22.036539487801665, 49.258065487338271 ], [ 22.035750629605953, 49.258592896134687 ], [ 22.018267496479066, 49.270118136819988 ], [ 22.01897843029511, 49.281672955780635 ], [ 22.018173133525618, 49.282210913496854 ], [ 22.000693867347611, 49.293723024516979 ], [ 21.999876936891198, 49.294268416714033 ], [ 21.982400628235375, 49.305770338861038 ], [ 21.981571814376402, 49.306323322081035 ], [ 21.96409871219025, 49.317814895080808 ], [ 21.964798562950751, 49.329370181934024 ], [ 21.965499043819737, 49.340925433526301 ], [ 21.964646863882301, 49.341493425326156 ], [ 21.945625099849718, 49.34198441264305 ], [ 21.926602830442263, 49.342472446096004 ], [ 21.907580058751083, 49.342957525596724 ], [ 21.890120694919165, 49.354409487085242 ], [ 21.889234222967616, 49.354999216325837 ], [ 21.871779306087415, 49.366440035760284 ], [ 21.870879430280887, 49.367038306000076 ], [ 21.851846267261486, 49.367514792718204 ], [ 21.834399315065667, 49.378936300271398 ], [ 21.835070496670987, 49.39049279117593 ], [ 21.834142949707108, 49.391108681010842 ], [ 21.833130051853054, 49.390540394514382 ], [ 21.814438967272174, 49.380019169804527 ], [ 21.813422952484604, 49.379449075000061 ], [ 21.794743847083552, 49.368926517702512 ], [ 21.793724059168397, 49.368354231740383 ], [ 21.775057583647762, 49.357830717778427 ], [ 21.757625167251994, 49.369221634240226 ], [ 21.758277584559426, 49.380778918656034 ], [ 21.757320278473518, 49.381413554054376 ], [ 21.739895134487099, 49.392789169494705 ], [ 21.738922845383268, 49.393433321811862 ], [ 21.721504015966044, 49.40479662057124 ], [ 21.720516434745846, 49.405450480673643 ], [ 21.703104228609202, 49.41680126816216 ], [ 21.702101040428609, 49.417465030259969 ], [ 21.701006749808453, 49.416850315702597 ], [ 21.682415196812894, 49.406353954397545 ], [ 21.663363880140494, 49.406801240481158 ], [ 21.645968314997205, 49.418123705210029 ], [ 21.64659590138919, 49.429681954534857 ], [ 21.645555685803, 49.430369114723405 ], [ 21.628169327681675, 49.441675059863627 ], [ 21.627112438047064, 49.442372774274368 ], [ 21.625960829860514, 49.441725261221805 ], [ 21.607432880594644, 49.431249370823586 ], [ 21.588370797367546, 49.431685032673428 ], [ 21.569308264315243, 49.432117712166161 ], [ 21.550245284367801, 49.432547405252805 ], [ 21.531181860445859, 49.432974107577152 ], [ 21.52997384859589, 49.432293860266832 ], [ 21.529384256072721, 49.42073431274769 ], [ 21.510936992473738, 49.410272296147582 ], [ 21.493597396436378, 49.421512038054438 ], [ 21.492467470686954, 49.422255577931104 ], [ 21.491238347035118, 49.42156291531245 ], [ 21.472825835027241, 49.411110122562093 ], [ 21.453769606935417, 49.411524517640196 ], [ 21.434712949775967, 49.41193589283175 ], [ 21.415655866428441, 49.412344241970736 ], [ 21.398358738773894, 49.423527706995792 ], [ 21.397161848883908, 49.424313168178557 ], [ 21.378099451086189, 49.424715599196702 ], [ 21.360821590187445, 49.435872787562325 ], [ 21.35959154456334, 49.436678978567436 ], [ 21.342324194814616, 49.447821298069364 ], [ 21.341074634061652, 49.448639695067143 ], [ 21.322002040160783, 49.449033286546609 ], [ 21.302929036735321, 49.449423815388833 ], [ 21.283855626678687, 49.449811274211697 ], [ 21.282456274169608, 49.449018914862833 ], [ 21.264248928957048, 49.438630792954854 ], [ 21.262840003331092, 49.437832494090379 ], [ 21.244651130899403, 49.427446975997206 ], [ 21.225585472025873, 49.427824851251572 ], [ 21.224151470119956, 49.427011342877428 ], [ 21.223633598581561, 49.415449238590284 ], [ 21.223115900597456, 49.403887110126547 ], [ 21.204964114553075, 49.393504216039268 ], [ 21.185911079643876, 49.393875380195446 ], [ 21.16872980990631, 49.404920467121684 ], [ 21.167366819570244, 49.405808824161291 ], [ 21.150196677743335, 49.416838749371792 ], [ 21.148813568215875, 49.417739547918082 ], [ 21.131654818147851, 49.428754153179447 ], [ 21.13025131949842, 49.429667549001259 ], [ 21.128740349985499, 49.428807862960625 ], [ 21.110686932957027, 49.418460657634398 ], [ 21.091623049468833, 49.418816499922229 ], [ 21.072558792837725, 49.419169192460565 ], [ 21.053494166161919, 49.419518729562036 ], [ 21.051927551606184, 49.418625037202688 ], [ 21.051450508176973, 49.40706162054456 ], [ 21.052935191267959, 49.40612295688242 ], [ 21.070044440012701, 49.395158174736714 ], [ 21.07150888837992, 49.394231657499532 ], [ 21.090564288035495, 49.393897708065289 ], [ 21.107694810543137, 49.382905684606115 ], [ 21.107204667571093, 49.371342614189224 ], [ 21.089168193259837, 49.360986487442702 ], [ 21.070126265643406, 49.36133834104367 ], [ 21.051083969405326, 49.361687040469469 ], [ 21.049543803061752, 49.360807715811092 ], [ 21.031564666475987, 49.350466285308656 ], [ 21.030014415955755, 49.349580493979381 ], [ 21.012054224346713, 49.339242106067111 ], [ 21.01049389198409, 49.338349836635189 ], [ 20.992552638217717, 49.32801450264536 ], [ 20.990982231284665, 49.327115747553854 ], [ 20.992478135725719, 49.326169023972533 ], [ 21.00956006947051, 49.315222101682068 ], [ 20.991619314771601, 49.304881722697715 ], [ 20.972597840464871, 49.305216959569421 ], [ 20.971021734111691, 49.304314060892118 ], [ 20.953118696876217, 49.293982419208149 ], [ 20.934100968467408, 49.294311161016559 ], [ 20.915082895673802, 49.294636730337466 ], [ 20.89803927094103, 49.305536220162821 ], [ 20.898487755260511, 49.317100754139297 ], [ 20.8969527346954, 49.318093333844594 ], [ 20.879918991029481, 49.328976257497388 ], [ 20.878365196300042, 49.329980214810931 ], [ 20.86134144882687, 49.340848856597695 ], [ 20.85976870233916, 49.341864288655273 ], [ 20.858092994131962, 49.340901139552784 ], [ 20.840299996805651, 49.330610008092542 ], [ 20.8212669020273, 49.330920123786889 ], [ 20.804271488989102, 49.341754078810652 ], [ 20.802656055082835, 49.342795081896725 ], [ 20.785670709436047, 49.353614749364546 ], [ 20.784036246160451, 49.354667217914951 ], [ 20.767061136548634, 49.365472500570348 ], [ 20.765407469363492, 49.366536529422397 ], [ 20.748442766851998, 49.37732732870586 ], [ 20.74885861618327, 49.388892665639368 ], [ 20.749274910316444, 49.400457974021698 ], [ 20.747590531864002, 49.401540681174531 ], [ 20.730639792974792, 49.412310051284919 ], [ 20.728935391968687, 49.413404801160667 ], [ 20.709869132599398, 49.413696748565108 ], [ 20.690802565507703, 49.41398548419177 ], [ 20.688968591742956, 49.412926396515701 ], [ 20.67134278390801, 49.402701464752077 ], [ 20.669502093709223, 49.401637656462569 ], [ 20.651891905343003, 49.391414037137423 ], [ 20.634984141782429, 49.40213103222758 ], [ 20.633217092024832, 49.403262578875626 ], [ 20.616320035904295, 49.413964970792037 ], [ 20.614533286862621, 49.415108271446734 ], [ 20.612647060768531, 49.414016265895029 ], [ 20.61227428330545, 49.402450006014391 ], [ 20.611901558413802, 49.390883723416103 ], [ 20.594340942910481, 49.380670887362186 ], [ 20.592461703329104, 49.379581691237178 ], [ 20.574916213410411, 49.369369925090218 ], [ 20.555865474440193, 49.369635571443503 ], [ 20.538995637882088, 49.380305949989776 ], [ 20.537175326083393, 49.381468235878749 ], [ 20.520315361700064, 49.392124585096553 ], [ 20.51847619717784, 49.393298028331593 ], [ 20.501626258177925, 49.40394026136088 ], [ 20.49976808190446, 49.405124946860447 ], [ 20.480702827890738, 49.405378065667179 ], [ 20.461637306418655, 49.40562793988331 ], [ 20.442571520808105, 49.40587456518282 ], [ 20.440583940587373, 49.404717049656341 ], [ 20.4231709794953, 49.394546684631955 ], [ 20.421179480396727, 49.393385903351145 ], [ 20.403779346222702, 49.383215346182155 ], [ 20.38472173585124, 49.383451909831415 ], [ 20.367919672494466, 49.394028409437695 ], [ 20.365984734533153, 49.395256802146989 ], [ 20.346922153736255, 49.39548696458133 ], [ 20.327859328916759, 49.395713846166828 ], [ 20.325816198249964, 49.394518955151504 ], [ 20.325511765970329, 49.382951175988651 ], [ 20.325207374389993, 49.371383373959148 ], [ 20.324903028463506, 49.359815549003137 ], [ 20.324598733082485, 49.34824770106156 ], [ 20.307261058086954, 49.338077903807978 ], [ 20.290472460527962, 49.3486337865208 ], [ 20.288522272016262, 49.349869357882937 ], [ 20.286490194541184, 49.348678182818055 ], [ 20.269178892160646, 49.338513636906086 ], [ 20.252400104980328, 49.34905261899349 ], [ 20.250430719801287, 49.350298794747282 ], [ 20.248381930099573, 49.349096090807613 ], [ 20.231095806968394, 49.338936113977056 ], [ 20.212053928123261, 49.339142368315336 ], [ 20.193011829663821, 49.339345293437752 ], [ 20.190948238372361, 49.338130913654958 ], [ 20.173694285166899, 49.327971996785841 ], [ 20.171631876231505, 49.326757076873911 ], [ 20.173635744331399, 49.325509504586741 ], [ 20.190404398911333, 49.314993918387202 ], [ 20.173144360462082, 49.304826355531127 ], [ 20.154115203238653, 49.305022078438547 ], [ 20.152062406617802, 49.303811227991289 ], [ 20.134820043988192, 49.293641336463558 ], [ 20.132769686794415, 49.292430651111843 ], [ 20.132511899696432, 49.280861837212505 ], [ 20.132254192270185, 49.269292999882055 ], [ 20.115011911396881, 49.25911047038381 ], [ 20.112980400194655, 49.257908912097918 ], [ 20.11272749231086, 49.246339952197452 ], [ 20.112474673890414, 49.234770968757331 ], [ 20.112221948395149, 49.223201961741921 ], [ 20.094976009820112, 49.213002065924833 ], [ 20.092971833433921, 49.211814274278659 ], [ 20.09272392585542, 49.200245145799293 ], [ 20.092476118627321, 49.188675993663139 ], [ 20.075228642111302, 49.178462511256768 ], [ 20.056247289187667, 49.1786394464838 ], [ 20.039447967723564, 49.189165473713032 ], [ 20.037507716099473, 49.190386872809256 ], [ 20.020710243529482, 49.200904066321662 ], [ 20.018759263931095, 49.202131347270438 ], [ 20.001963733054104, 49.21263965148335 ], [ 20.000001927162508, 49.213872870506421 ], [ 19.983208438068345, 49.224372225410413 ], [ 19.981235700270368, 49.225611443284798 ], [ 19.962235726870787, 49.225772456244393 ], [ 19.943235582264037, 49.225930151869164 ], [ 19.924235270101171, 49.226084537678474 ], [ 19.905234794034229, 49.226235621873947 ], [ 19.903207642781446, 49.225025499847341 ], [ 19.903005795130944, 49.213455726616274 ], [ 19.885820348849943, 49.203232902742535 ], [ 19.883812692969119, 49.202032822108393 ], [ 19.866626146053633, 49.191801713473062 ], [ 19.847638495434339, 49.191942491671277 ], [ 19.828650696259942, 49.192080021867518 ], [ 19.811817224936853, 49.202561320858877 ], [ 19.809851740312666, 49.203790135314264 ], [ 19.807848011746295, 49.202589152187571 ], [ 19.790674666700934, 49.192345385045925 ], [ 19.773831592378794, 49.202822073770704 ], [ 19.771866572076661, 49.204049326924611 ], [ 19.755024281974947, 49.214517861282012 ], [ 19.755210425903599, 49.226087930743098 ], [ 19.755396773794093, 49.237657975821826 ], [ 19.772549796445219, 49.247889628519047 ], [ 19.774593796598086, 49.249102095738806 ], [ 19.774784862520793, 49.260672040195473 ], [ 19.79192923252625, 49.27088840476241 ], [ 19.793994893216233, 49.272112826765579 ], [ 19.811137047914368, 49.282320241578134 ], [ 19.813213382075197, 49.28355035287602 ], [ 19.811178080431283, 49.284821617513842 ], [ 19.794386681739386, 49.295252487308119 ], [ 19.794582900948111, 49.306822280827909 ], [ 19.79477934019485, 49.318392049825079 ], [ 19.794976002175282, 49.32996179428244 ], [ 19.795172889701757, 49.341531514181966 ], [ 19.795370005706722, 49.353101209504821 ], [ 19.795567353246192, 49.36467088023128 ], [ 19.795764935503186, 49.37624052634078 ], [ 19.793641970265849, 49.377564454996261 ], [ 19.776900979920253, 49.387939812992386 ], [ 19.777094733613453, 49.399509463147368 ], [ 19.777288730865507, 49.411079088654184 ], [ 19.775128893824487, 49.412424759418194 ], [ 19.772923927956587, 49.411108348254416 ], [ 19.75587811662502, 49.400975115714417 ], [ 19.753684859323915, 49.399664434412038 ], [ 19.736636280838784, 49.38952195201913 ], [ 19.734455103828381, 49.38821725271508 ], [ 19.717403381985481, 49.378065293065461 ], [ 19.700650289609666, 49.388427062440577 ], [ 19.698507507294789, 49.389759599279827 ], [ 19.681758961889138, 49.400110919668485 ], [ 19.679602659339661, 49.401450985247976 ], [ 19.660533485199345, 49.401561837242475 ], [ 19.64146419433262, 49.401669466210116 ], [ 19.624713301549594, 49.412004085079253 ], [ 19.624872882203885, 49.42357407025478 ], [ 19.64188201759481, 49.433716070504751 ], [ 19.644114343833181, 49.435039324548228 ], [ 19.641917082088991, 49.436402877204756 ], [ 19.625192780812409, 49.446713967294613 ], [ 19.622980887180951, 49.448085710678612 ], [ 19.603893422503855, 49.448187388462159 ], [ 19.584805851008305, 49.448285859034932 ], [ 19.568080700256871, 49.458579361148196 ], [ 19.568228177644464, 49.470149373234449 ], [ 19.5659848181858, 49.471538152900379 ], [ 19.549275971250488, 49.481811632318227 ], [ 19.549419586902548, 49.493381634818327 ], [ 19.549563467351387, 49.50495161291834 ], [ 19.547275153159134, 49.506366911749076 ], [ 19.530594350076612, 49.51661079896347 ], [ 19.530734384018007, 49.528180766339879 ], [ 19.530874694237525, 49.539750709301245 ], [ 19.531015284812458, 49.551320627830023 ], [ 19.528664036762503, 49.552773300778291 ], [ 19.512025158647248, 49.562976745136027 ], [ 19.512161928472047, 49.574546651808873 ], [ 19.509776579429474, 49.576019245818408 ], [ 19.490638908519031, 49.576102921291238 ], [ 19.474018913692621, 49.586279635275076 ], [ 19.471612749294284, 49.587763414966822 ], [ 19.455002812857732, 49.597926400697673 ], [ 19.455127253992579, 49.609496338221717 ], [ 19.452684730396015, 49.611001372564715 ], [ 19.450211019227797, 49.609515562540054 ], [ 19.45012146000991, 49.597945485377473 ], [ 19.433327926291245, 49.587915055699888 ], [ 19.414185397308167, 49.587986136184455 ], [ 19.411744702303189, 49.586517917175833 ], [ 19.411664029386994, 49.574947741988431 ], [ 19.394855889351973, 49.56489347862356 ], [ 19.375722272119052, 49.564958144172394 ], [ 19.373313964507268, 49.563507316756272 ], [ 19.373242117802498, 49.551937048698385 ], [ 19.373170092950637, 49.540366758041586 ], [ 19.356335813527863, 49.530279280882567 ], [ 19.337215628596244, 49.530337584279813 ], [ 19.318095384199442, 49.530392828181306 ], [ 19.298975083666246, 49.530445025981116 ], [ 19.279854730303718, 49.530494190920919 ], [ 19.277489441592813, 49.529065230130357 ], [ 19.260672754433859, 49.51896021046224 ], [ 19.258321777400351, 49.517539060977157 ], [ 19.241499800108524, 49.507423289346576 ], [ 19.239162622653957, 49.506009681177382 ], [ 19.239121608870047, 49.494439173532228 ], [ 19.239080396543933, 49.482868643068947 ], [ 19.222231018009666, 49.472723937148722 ], [ 19.219938306700033, 49.471335984837971 ], [ 19.222218502087994, 49.469957226089633 ], [ 19.238997391541695, 49.459727513649618 ], [ 19.222126311644558, 49.449564866734882 ], [ 19.203037324522636, 49.449601936013039 ], [ 19.200771796965775, 49.44822950208286 ], [ 19.200738781944121, 49.436658855534489 ], [ 19.200705577167135, 49.425088186068898 ], [ 19.200672186209104, 49.413517493678178 ], [ 19.183775221375985, 49.403319169765062 ], [ 19.164704125858691, 49.403350374148118 ], [ 19.14563300034764, 49.403378672224783 ], [ 19.126561847921458, 49.403404072885721 ], [ 19.107490671644058, 49.403426584586938 ], [ 19.090672764107044, 49.413656066754612 ], [ 19.088440272465718, 49.415025234783698 ], [ 19.086190962433392, 49.413659494207295 ], [ 19.069348259722538, 49.403462972627722 ], [ 19.05027703014013, 49.403476863498597 ], [ 19.048028867620356, 49.402110878832033 ], [ 19.031198453488411, 49.391909042544036 ], [ 19.012131686418648, 49.39191724385806 ], [ 18.993064913604709, 49.391922598090595 ], [ 18.973998138030176, 49.391925109696146 ], [ 18.957193170111864, 49.402112930013558 ], [ 18.957196284196709, 49.413683694118475 ], [ 18.973981259994417, 49.423873479037198 ], [ 18.97627076817664, 49.425259920877338 ], [ 18.976278851136353, 49.436830638586947 ], [ 18.976287162642581, 49.448401333070166 ], [ 18.973967530487833, 49.449820093605538 ], [ 18.957210962316918, 49.459966518626587 ], [ 18.957215208067158, 49.471537166790853 ], [ 18.957219692915203, 49.483107791776206 ], [ 18.957224421320877, 49.494678393585758 ], [ 18.957229397835608, 49.506248972222714 ], [ 18.954825085356806, 49.507717449845373 ], [ 18.938127692037742, 49.51781088785269 ], [ 18.935698173189238, 49.519293925143842 ], [ 18.916581933642362, 49.519287603041263 ], [ 18.914127629263042, 49.517795564604917 ], [ 18.897489906861001, 49.50769857186107 ], [ 18.878378201475002, 49.507686599343025 ], [ 18.861705252796956, 49.517744781923149 ], [ 18.859233283473277, 49.51925159657371 ], [ 18.842579217884474, 49.529290877280545 ], [ 18.842557672358545, 49.540861361510352 ], [ 18.842536380051996, 49.552431822843033 ], [ 18.840003729475434, 49.553974078318184 ], [ 18.823393472966462, 49.563974661305657 ], [ 18.823368148457448, 49.575545068318853 ], [ 18.823343090673422, 49.587115452506403 ], [ 18.823318305255938, 49.598685813878596 ], [ 18.823293797967445, 49.610256152445942 ], [ 18.82066191196121, 49.611856548621851 ], [ 18.804125479152642, 49.621795661002729 ], [ 18.804096979541256, 49.633365944377516 ], [ 18.804068773517002, 49.644936205029204 ], [ 18.80404086738827, 49.656506442970205 ], [ 18.804013267599682, 49.668076658213167 ], [ 18.801274039609279, 49.669739957015054 ], [ 18.784819615777693, 49.679612824856306 ], [ 18.782047244702294, 49.681295266140545 ], [ 18.762867680280582, 49.681265802308609 ], [ 18.760070155467428, 49.679564194694052 ], [ 18.74374901168412, 49.669651657479172 ], [ 18.727324094848985, 49.67949172328612 ], [ 18.724508655917884, 49.681198349947522 ], [ 18.708110278684401, 49.691015119436315 ], [ 18.708060752627969, 49.702585200696902 ], [ 18.705189122275886, 49.704324478409781 ], [ 18.686000594259831, 49.704283573608137 ], [ 18.666812112284546, 49.704239812295299 ], [ 18.647623679434687, 49.704193186337505 ], [ 18.631306755656368, 49.713936507295976 ], [ 18.631239599618802, 49.725506468261685 ], [ 18.628258516063823, 49.727308369433985 ], [ 18.61198890384016, 49.737013742942153 ], [ 18.611917834706482, 49.748583637699063 ], [ 18.611847099321903, 49.760153510438805 ], [ 18.611776705794366, 49.771723361190709 ], [ 18.608688493553789, 49.773587680368436 ], [ 18.592505112055022, 49.7832272582136 ], [ 18.592430854704435, 49.794797042033622 ], [ 18.589276979934105, 49.79669940225029 ], [ 18.573146845901341, 49.806297643898894 ], [ 18.573068750936194, 49.817867359869282 ], [ 18.569846922321723, 49.819809066733448 ], [ 18.553772345552566, 49.82936466101161 ], [ 18.569676327160259, 49.839041141910883 ], [ 18.57291370411799, 49.841006726708947 ], [ 18.572836771037828, 49.852576377651936 ], [ 18.588721677792794, 49.862231707967517 ], [ 18.591993265746005, 49.864215287528289 ], [ 18.588687930423166, 49.866206539523219 ], [ 18.572684134060751, 49.875715614774549 ], [ 18.572608450231918, 49.887285201032718 ], [ 18.572533203265852, 49.898854765809233 ], [ 18.572458403770991, 49.910424309145547 ], [ 18.569023100607112, 49.91249126963033 ], [ 18.553128668601815, 49.921921236917505 ], [ 18.549644450787206, 49.924016285595783 ], [ 18.546159886607111, 49.921894176217464 ], [ 18.546296455790426, 49.910324907451944 ], [ 18.53059413879458, 49.90077924669373 ], [ 18.511328153409362, 49.900711979110632 ], [ 18.492062243089176, 49.900641774748593 ], [ 18.476210252117269, 49.910029531015212 ], [ 18.47267011456352, 49.912154749365001 ], [ 18.456860388238351, 49.921510350144388 ], [ 18.453268749096758, 49.923665014366847 ], [ 18.433993851072699, 49.923585853178452 ], [ 18.418246077189195, 49.932892903501973 ], [ 18.414578710160065, 49.93509036944306 ], [ 18.395299372265939, 49.935005118032514 ], [ 18.376020130739001, 49.934916769273201 ], [ 18.356740989449019, 49.93482528303101 ], [ 18.353016686804903, 49.932547380022399 ], [ 18.337620770538919, 49.923143828468866 ], [ 18.333904664189159, 49.920869339558173 ], [ 18.318509793055064, 49.911459353990772 ], [ 18.302852266079977, 49.920686832554779 ], [ 18.299072269235324, 49.922944675758934 ], [ 18.28345991630389, 49.932138512970475 ], [ 18.283318358340086, 49.943707490386885 ], [ 18.28317722353648, 49.955276447529243 ], [ 18.279279789722271, 49.957601753305774 ], [ 18.263768253336401, 49.966724698526924 ], [ 18.259814291781822, 49.969081839452372 ], [ 18.240521954445459, 49.968970696829174 ], [ 18.22122974747144, 49.968856067176084 ], [ 18.205804205760625, 49.977912165266162 ], [ 18.205646666952799, 49.989480883964632 ], [ 18.201554162187794, 49.991914980323116 ], [ 18.182252957238841, 49.991793361400418 ], [ 18.178179940896062, 49.989289577731753 ], [ 18.163152996151052, 49.980079173662418 ], [ 18.147810283390047, 49.989070481544431 ], [ 18.143650988100056, 49.99153902934291 ], [ 18.124350234707901, 49.991406169049618 ], [ 18.109070187975401, 50.000349283375535 ], [ 18.104834481440047, 50.002858972999277 ], [ 18.089601053429323, 50.011767966869435 ], [ 18.089418713795403, 50.023336327301237 ], [ 18.08923683300284, 50.034904668647151 ], [ 18.084869104894505, 50.037489394606517 ], [ 18.069750730923609, 50.046319864822188 ], [ 18.065325205689273, 50.048936323822701 ], [ 18.050255316240616, 50.057731712697866 ], [ 18.045772017234196, 50.060379793855759 ], [ 18.026444225492799, 50.060227609394133 ], [ 18.022028228771006, 50.057497306532333 ], [ 18.007355812788862, 50.048479238926902 ], [ 18.002971863896505, 50.045765398789847 ], [ 18.003251025605838, 50.034197998909008 ], [ 18.007703194511208, 50.031630363822401 ], [ 18.012027690995925, 50.034273049754184 ], [ 18.026785745191312, 50.043345252253914 ], [ 18.041905584670758, 50.03452356381387 ], [ 18.04217394789778, 50.022955982729101 ], [ 18.042441559481301, 50.011388372596592 ], [ 18.027615275486355, 50.002272050242333 ], [ 18.008310936513169, 50.0021148503224 ], [ 17.993128890722002, 50.010970942559673 ], [ 17.988763611705561, 50.013544079476986 ], [ 17.984492948506293, 50.010895682591894 ], [ 17.969702856440694, 50.001787405974135 ], [ 17.950399127669886, 50.001617040354134 ], [ 17.946163484971205, 49.998983990214477 ], [ 17.931352561207046, 49.989851285113239 ], [ 17.927157494213407, 49.987239863791508 ], [ 17.912315324161273, 49.978081025092862 ], [ 17.893021542589299, 49.977896764783381 ], [ 17.888875941195252, 49.975309548791962 ], [ 17.873998499916794, 49.966117283432098 ], [ 17.858698940401489, 49.975016576508786 ], [ 17.854434684068117, 49.977514450104366 ], [ 17.83915954660964, 49.986392711080583 ], [ 17.834861650582312, 49.988907526207598 ], [ 17.819609771057717, 49.997765453945696 ], [ 17.819367024407018, 50.009332974473615 ], [ 17.814994401339781, 50.011888413823677 ], [ 17.795687915841551, 50.011681296408675 ], [ 17.780478892971804, 50.020500744753598 ], [ 17.780228330107349, 50.032068086679374 ], [ 17.775792521545679, 50.034654729576786 ], [ 17.760643226589838, 50.043430533803701 ], [ 17.76038924860638, 50.054997767903167 ], [ 17.760135788028162, 50.066564985263668 ], [ 17.755578025464548, 50.069219217015167 ], [ 17.740532318729571, 50.07792383655098 ], [ 17.735944252070279, 50.080592757335801 ], [ 17.720918243411095, 50.089279268123427 ], [ 17.720657538479873, 50.100846285381607 ], [ 17.715991308090587, 50.103557370639749 ], [ 17.701028923326955, 50.11219819888516 ], [ 17.696334126721876, 50.114922862920459 ], [ 17.691841761170611, 50.112095044709356 ], [ 17.677306826329165, 50.103092186122772 ], [ 17.65796502105864, 50.102852643497499 ], [ 17.642910206321407, 50.111533384253981 ], [ 17.642632494211032, 50.123100049578554 ], [ 17.637965676164654, 50.125800163019235 ], [ 17.622969090069812, 50.134438409042396 ], [ 17.618281193080026, 50.137147762602538 ], [ 17.60329502160987, 50.145773321559801 ], [ 17.598587432243946, 50.14849110703571 ], [ 17.583610295811198, 50.15710478261056 ], [ 17.598073210841161, 50.166075650959407 ], [ 17.602725489511823, 50.168906211330601 ], [ 17.61710823381468, 50.177820637075428 ], [ 17.636481024948651, 50.178029452233368 ], [ 17.655854008038837, 50.178236453475904 ], [ 17.660656253521807, 50.181158516189143 ], [ 17.674908054928824, 50.189975870191212 ], [ 17.694286072570172, 50.190179616929719 ], [ 17.699193999444653, 50.193166239518469 ], [ 17.713354281495391, 50.201915773218715 ], [ 17.732737322892234, 50.202116558271442 ], [ 17.737739962922944, 50.205161173990511 ], [ 17.751819693883679, 50.213849809089098 ], [ 17.75689303071146, 50.216937345152196 ], [ 17.756648025686058, 50.228504341690936 ], [ 17.756403718109468, 50.24007132349869 ], [ 17.751053726978046, 50.243181872494482 ], [ 17.736744041579819, 50.251428842704208 ], [ 17.731346466879984, 50.254563597455139 ], [ 17.717073655408875, 50.262782926791374 ], [ 17.716822879258004, 50.274349721224688 ], [ 17.730594853909146, 50.282841155027484 ], [ 17.736004730218806, 50.286129444527354 ], [ 17.749708662832035, 50.29457253004697 ], [ 17.755193116021118, 50.297906016851591 ], [ 17.749535076163738, 50.301193855170737 ], [ 17.730112230915488, 50.300974812905679 ], [ 17.716075199793512, 50.309050023183644 ], [ 17.715827569227375, 50.320616763921272 ], [ 17.710061788304227, 50.323959852688894 ], [ 17.690630066699672, 50.323730784318577 ], [ 17.685110575567013, 50.320273406948658 ], [ 17.68549456812995, 50.30870824722578 ], [ 17.685877305805292, 50.297143050778857 ], [ 17.672168525624969, 50.288682921650498 ], [ 17.666869972000317, 50.28535704841655 ], [ 17.653079159015643, 50.276839862323676 ], [ 17.647874443494143, 50.273568018273025 ], [ 17.633999309901721, 50.264992284047089 ], [ 17.614592448825107, 50.264742624825139 ], [ 17.600198876183899, 50.273003564452416 ], [ 17.594844432853584, 50.276090884907724 ], [ 17.575433497570572, 50.275831436509236 ], [ 17.570381582270752, 50.272640597265251 ], [ 17.556373785455961, 50.263964633593588 ], [ 17.536968214447132, 50.263695897456827 ], [ 17.52239874886433, 50.272040430605465 ], [ 17.517202655978796, 50.275024815957998 ], [ 17.497793038090215, 50.27474683226405 ], [ 17.492930410932317, 50.271662017079805 ], [ 17.478753483972845, 50.262862801375263 ], [ 17.459349240092511, 50.26257649423151 ], [ 17.454651193523663, 50.259589488566547 ], [ 17.440324196973599, 50.250685748113348 ], [ 17.425428570136361, 50.259197185115553 ], [ 17.425106809843655, 50.270762661966359 ], [ 17.420157922661474, 50.273592197603911 ], [ 17.400749987749514, 50.273293433600251 ], [ 17.385850366485638, 50.281793872724869 ], [ 17.380948879106402, 50.2845911601419 ], [ 17.376356209660941, 50.281661618627751 ], [ 17.376808003365237, 50.270098062955732 ], [ 17.362333061767604, 50.261085462240736 ], [ 17.347254183858027, 50.269681491370953 ], [ 17.346912117645481, 50.281246524828838 ], [ 17.346570984480426, 50.292811550061415 ], [ 17.346230804857342, 50.304376567369658 ], [ 17.341318626381089, 50.307174523325259 ], [ 17.326405637715034, 50.315662658025111 ], [ 17.321489471109306, 50.318460219379489 ], [ 17.302064437567363, 50.31814109208927 ], [ 17.282639750346974, 50.317818579701218 ], [ 17.267586736642716, 50.326370810278917 ], [ 17.262792518137676, 50.329092365912956 ], [ 17.243363821168241, 50.328762704313526 ], [ 17.228233611894904, 50.337347593339302 ], [ 17.223502866654425, 50.340028842542026 ], [ 17.208362128349584, 50.348612971037973 ], [ 17.207987855889751, 50.360177113094863 ], [ 17.203194600974374, 50.362890892977859 ], [ 17.188101865697032, 50.371438831600756 ], [ 17.187723943193667, 50.383002835127662 ], [ 17.182866581221269, 50.385749992005259 ], [ 17.163415746045906, 50.385404509257476 ], [ 17.158971600798829, 50.382551186330829 ], [ 17.14441797657177, 50.373457317892417 ], [ 17.129173215035681, 50.382075597491642 ], [ 17.124515141482597, 50.384705023521896 ], [ 17.109258114611475, 50.393323457124879 ], [ 17.108858879586066, 50.404886915277601 ], [ 17.104140111887606, 50.407547857562555 ], [ 17.084681275470725, 50.407189640422153 ], [ 17.065222797825552, 50.406828807925216 ], [ 17.045764679507666, 50.406465414398482 ], [ 17.030343698290199, 50.415153700010578 ], [ 17.025824929052373, 50.41769553535908 ], [ 17.006362819826951, 50.417326272498102 ], [ 16.986901073527104, 50.416954574369349 ], [ 16.967439691351331, 50.416580473008992 ], [ 16.951807193398146, 50.425367239994571 ], [ 16.947477478783554, 50.427797214875312 ], [ 16.931832781075045, 50.436583902434108 ], [ 16.927505845133336, 50.439010554356486 ], [ 16.911849215498464, 50.447797002561714 ], [ 16.907524784470603, 50.450220503779832 ], [ 16.903535166979303, 50.447647460158279 ], [ 16.888566804814889, 50.438242357318529 ], [ 16.884681036616094, 50.435735959677004 ], [ 16.885245096782835, 50.424176024862788 ], [ 16.870138296607795, 50.414674682145751 ], [ 16.866397244467535, 50.412261550961965 ], [ 16.870345923230484, 50.410045340738272 ], [ 16.886368669083495, 50.401056009192175 ], [ 16.890318572567857, 50.398837144203533 ], [ 16.906330318363146, 50.389846894366492 ], [ 16.910281831185099, 50.387625167920255 ], [ 16.926282216211288, 50.378634211044634 ], [ 16.926831718572728, 50.367073777023933 ], [ 16.927379794386798, 50.355513296367349 ], [ 16.931239243902791, 50.353340246548143 ], [ 16.947311921902639, 50.344296699553141 ], [ 16.947853586702742, 50.332735998448875 ], [ 16.948393884300636, 50.321175251970011 ], [ 16.952165961856466, 50.319048391874006 ], [ 16.968306315173201, 50.309954753234862 ], [ 16.972080984028761, 50.307824585122809 ], [ 16.991500689457702, 50.308133701851482 ], [ 17.007576918695129, 50.299064372771412 ], [ 17.011402022714933, 50.296902629464412 ], [ 17.02746544528771, 50.287833408551123 ], [ 17.027985770229737, 50.276271980346138 ], [ 17.028504782324049, 50.264710508456396 ], [ 17.013145093620516, 50.255055898274996 ], [ 17.00967034153323, 50.252819070917411 ], [ 17.010190512392487, 50.24125763748436 ], [ 17.013803942949227, 50.239212749468038 ], [ 17.030054173205428, 50.230025834668524 ], [ 17.01458971698953, 50.220298900065266 ], [ 16.99520767461609, 50.219940612975357 ], [ 16.978910793301612, 50.22914724088254 ], [ 16.978459357039423, 50.240709790977228 ], [ 16.974844573164294, 50.24274784517872 ], [ 16.971490896447452, 50.24058831677808 ], [ 16.972017338306699, 50.22902709409864 ], [ 16.956444655027468, 50.219216591482386 ], [ 16.937063682621726, 50.218850866809781 ], [ 16.917683071859539, 50.21848266827616 ], [ 16.898302825403764, 50.218111994542447 ], [ 16.895162876729596, 50.216089315070576 ], [ 16.895702296374992, 50.204528532037465 ], [ 16.879949596182978, 50.194579297289913 ], [ 16.860579405844963, 50.194204910289677 ], [ 16.843934820874175, 50.203578990657661 ], [ 16.840687123968888, 50.205406346147711 ], [ 16.837670218121612, 50.203462515527008 ], [ 16.838220272152853, 50.191902098840565 ], [ 16.822366905082554, 50.181871244582652 ], [ 16.80300249604916, 50.181489880621854 ], [ 16.800093159171276, 50.1796153172114 ], [ 16.800649142345691, 50.168055099843073 ], [ 16.801204162586899, 50.156494843373288 ], [ 16.785244478351661, 50.146379436814939 ], [ 16.782431149533277, 50.144566953448624 ], [ 16.766434032890643, 50.134420268688572 ], [ 16.747089368543541, 50.134033338477003 ], [ 16.744340444695748, 50.132262158934203 ], [ 16.744904860528742, 50.120702217235007 ], [ 16.728841052499448, 50.11049805885753 ], [ 16.726151821824089, 50.108765380845803 ], [ 16.710058508208917, 50.098534878018619 ], [ 16.690728938938527, 50.098141468298181 ], [ 16.67139977025521, 50.097745374541731 ], [ 16.654319789127886, 50.107335726430698 ], [ 16.651505044787505, 50.108917175543411 ], [ 16.632172053305215, 50.108515233961477 ], [ 16.615067710675323, 50.118106810661139 ], [ 16.614511259588696, 50.129666476846573 ], [ 16.611687850979862, 50.131250720341491 ], [ 16.592346408742372, 50.130842465148277 ], [ 16.575233719649798, 50.140423688324667 ], [ 16.574667192796674, 50.151982977727592 ], [ 16.571833632441919, 50.153570838802779 ], [ 16.554731827660959, 50.163135875216817 ], [ 16.554160350289159, 50.174694956061856 ], [ 16.553588974096208, 50.186254019055696 ], [ 16.553017710676734, 50.197813064451601 ], [ 16.552446571961855, 50.209372092510151 ], [ 16.551875570229075, 50.220931103499318 ], [ 16.54893103602171, 50.222577741876506 ], [ 16.531906057973302, 50.232079468276574 ], [ 16.528955457245473, 50.233728422375286 ], [ 16.511927645589466, 50.243224248791037 ], [ 16.508970570929058, 50.244875741863389 ], [ 16.49194033089967, 50.254365441292521 ], [ 16.491354294480224, 50.265923856061157 ], [ 16.488367617470754, 50.267590321709378 ], [ 16.471353011576362, 50.277061260919126 ], [ 16.468359011268952, 50.278730721085942 ], [ 16.451342820754576, 50.288195068892755 ], [ 16.45074680466837, 50.299753074144611 ], [ 16.447721715158359, 50.301438292113232 ], [ 16.430722635385202, 50.310883082900396 ], [ 16.430121710750587, 50.322440873514516 ], [ 16.427064448195345, 50.324142421601223 ], [ 16.407647618922187, 50.323701869409355 ], [ 16.388231242329642, 50.323258613533163 ], [ 16.371212930345337, 50.332694256833598 ], [ 16.37059663670869, 50.344251459618604 ], [ 16.367536118690094, 50.345951948435925 ], [ 16.350536798649109, 50.355367022817582 ], [ 16.366452474394432, 50.365530103293928 ], [ 16.369364521069681, 50.367365817638778 ], [ 16.366255169076918, 50.369092472504924 ], [ 16.349294533975431, 50.378480972937872 ], [ 16.346175107894098, 50.380212084366157 ], [ 16.326736642690623, 50.379758254667692 ], [ 16.307298645420957, 50.379301707331535 ], [ 16.304433678802628, 50.37744929744219 ], [ 16.288521048568199, 50.367273634553641 ], [ 16.271491626085584, 50.37668067553426 ], [ 16.268424069641835, 50.378380402102358 ], [ 16.251397291044306, 50.387778518718285 ], [ 16.250750434350273, 50.399334493277614 ], [ 16.247647477219193, 50.401052217762029 ], [ 16.230642090871385, 50.410428487411039 ], [ 16.227526579547003, 50.412152014501963 ], [ 16.210524808554197, 50.421518839515976 ], [ 16.207396290767129, 50.423248408405271 ], [ 16.190398584681375, 50.432605545823392 ], [ 16.189736629758624, 50.444160864038047 ], [ 16.20556751704332, 50.454295516882262 ], [ 16.208554596782797, 50.456185391991092 ], [ 16.224359536244439, 50.466295858101461 ], [ 16.243832720887834, 50.466751343582651 ], [ 16.246872457730568, 50.46867001579993 ], [ 16.262639630355089, 50.478743381988679 ], [ 16.282118627370512, 50.479191134909669 ], [ 16.285217519992376, 50.481142463152352 ], [ 16.300940437601849, 50.491174659884194 ], [ 16.304085786507578, 50.493152338244847 ], [ 16.303456740342106, 50.504708771092467 ], [ 16.31911811467937, 50.514692037056967 ], [ 16.33586874341394, 50.505455520123384 ], [ 16.339261962166404, 50.503589339513013 ], [ 16.358752564090313, 50.504021244280018 ], [ 16.361991556081964, 50.5060507867463 ], [ 16.377604208571409, 50.515987041605293 ], [ 16.380899655649308, 50.518048837306459 ], [ 16.396465507787028, 50.527947858217452 ], [ 16.399820993968024, 50.53004401892003 ], [ 16.396240928930702, 50.532025713346123 ], [ 16.379687375692985, 50.541163198397072 ], [ 16.395194154211147, 50.551020359322798 ], [ 16.398620855100557, 50.553158746136646 ], [ 16.398021569008897, 50.564716098282361 ], [ 16.413442042386553, 50.574508879201659 ], [ 16.432963342116118, 50.57492302177041 ], [ 16.436528973354232, 50.577141231804674 ], [ 16.435942294147779, 50.588698954378792 ], [ 16.432098107674275, 50.590825400752117 ], [ 16.415790716640775, 50.599824018715914 ], [ 16.41193691206362, 50.601954402638299 ], [ 16.395630231831529, 50.610945443858235 ], [ 16.391766211390017, 50.61308008892879 ], [ 16.375460839530902, 50.622063226135751 ], [ 16.374859474437276, 50.633620350779061 ], [ 16.370939727531887, 50.635783763390648 ], [ 16.354676060982847, 50.644734286184594 ], [ 16.350744779275722, 50.646902655021897 ], [ 16.33448374084475, 50.655844570078578 ], [ 16.330540303022442, 50.658018228908034 ], [ 16.310988248730311, 50.657549643613841 ], [ 16.291436661725388, 50.657078640284055 ], [ 16.275107817879, 50.666041252385163 ], [ 16.271214059300583, 50.668184542282518 ], [ 16.251658652841233, 50.667707910715471 ], [ 16.23210372535317, 50.667228807397628 ], [ 16.228576416386073, 50.66494327032607 ], [ 16.229294291990755, 50.653389447567868 ], [ 16.230010773089518, 50.641835572278637 ], [ 16.214605183537717, 50.63201711787088 ], [ 16.195065516744634, 50.631534995323534 ], [ 16.17851744890077, 50.640599223560734 ], [ 16.17483200125054, 50.64262517569879 ], [ 16.155288559676109, 50.642137247854023 ], [ 16.138722660048114, 50.651199223961044 ], [ 16.135041261774425, 50.653220831217268 ], [ 16.115494058458342, 50.652727058703604 ], [ 16.09594736216053, 50.652230652868774 ], [ 16.092594176634979, 50.650056600572441 ], [ 16.077119824158434, 50.640159273751905 ], [ 16.073812598137543, 50.63801489267923 ], [ 16.074560485595207, 50.626462437935842 ], [ 16.059024230448067, 50.616515909605823 ], [ 16.055788583652834, 50.61441791051557 ], [ 16.040220022710294, 50.604443206510602 ], [ 16.037023587892897, 50.602370430380617 ], [ 16.021425344006197, 50.592369200255987 ], [ 16.004616095708549, 50.601540955390924 ], [ 16.001169372661508, 50.60343052652297 ], [ 15.984369835782321, 50.612589629267802 ], [ 15.999950220285749, 50.6225853273314 ], [ 16.003203029237305, 50.624647426742122 ], [ 16.002496850689905, 50.636200644323587 ], [ 16.001790932844767, 50.647753850485337 ], [ 16.001085294529805, 50.659307045726685 ], [ 16.000379955103917, 50.670860230560848 ], [ 15.996744678981914, 50.672849895421919 ], [ 15.980103223506632, 50.681907541283678 ], [ 15.976447554639378, 50.683907006899879 ], [ 15.956890211280818, 50.683390039288945 ], [ 15.937333406962164, 50.682870330631481 ], [ 15.917777145692652, 50.682347864993915 ], [ 15.914448748669489, 50.680186507120744 ], [ 15.898984537423939, 50.670253988128628 ], [ 15.879434146095321, 50.669726478236861 ], [ 15.862703810382325, 50.678803942421141 ], [ 15.861961627288983, 50.690355564752593 ], [ 15.858338474956376, 50.692331775370192 ], [ 15.841647447771985, 50.701378056941508 ], [ 15.840900419224091, 50.712929431392013 ], [ 15.83722211211624, 50.71493378601739 ], [ 15.820572180525023, 50.723947963143722 ], [ 15.819820327891476, 50.735499089243085 ], [ 15.819068741889321, 50.747050205161401 ], [ 15.815299561404224, 50.749101531399766 ], [ 15.795717955725877, 50.748559148339979 ], [ 15.792267621889186, 50.746315343955985 ], [ 15.776931955434101, 50.736446014214444 ], [ 15.757356284691818, 50.735898516294618 ], [ 15.737781193471076, 50.735348174563121 ], [ 15.718206685779659, 50.734794975992379 ], [ 15.698632765616345, 50.734238907989123 ], [ 15.681962744966452, 50.743225798878285 ], [ 15.68117432388018, 50.754775280443042 ], [ 15.677420926170042, 50.756811221269935 ], [ 15.657838616081591, 50.756248412732923 ], [ 15.638256905829168, 50.75568271214032 ], [ 15.621614821941844, 50.764635327402864 ], [ 15.617841313465526, 50.76667885571365 ], [ 15.601217944164864, 50.775614157169841 ], [ 15.597416163099489, 50.777671505920793 ], [ 15.577826689644947, 50.77709611759667 ], [ 15.558237832389903, 50.776517804441852 ], [ 15.538649595319052, 50.77593655584829 ], [ 15.519061982406871, 50.775352361581561 ], [ 15.502436480295261, 50.784262841623217 ], [ 15.498610569682571, 50.786327882396684 ], [ 15.479019420635362, 50.785737312353746 ], [ 15.462410895068357, 50.794626799772708 ], [ 15.458554283601302, 50.796705883544732 ], [ 15.441967080801932, 50.805576743466297 ], [ 15.438079581501054, 50.807670921624023 ], [ 15.43452689745739, 50.805349315065719 ], [ 15.419365585912585, 50.795508959195843 ], [ 15.415838598418727, 50.793203429367672 ], [ 15.416748290307728, 50.781658871874178 ], [ 15.40154963352723, 50.771784808497138 ], [ 15.381966500134412, 50.771179737452549 ], [ 15.365325524243763, 50.780065827551496 ], [ 15.364454677659472, 50.791611328240712 ], [ 15.363583865084243, 50.803156814191595 ], [ 15.362713100629593, 50.814702285861124 ], [ 15.361842398777092, 50.826247743718156 ], [ 15.360971774385487, 50.837793188243573 ], [ 15.356986747167111, 50.839934046877147 ], [ 15.340487727829869, 50.848724433505467 ], [ 15.336469584974962, 50.850881453935699 ], [ 15.319994607650312, 50.859651874834917 ], [ 15.315942834493898, 50.861825302538989 ], [ 15.299492409878573, 50.870575508379439 ], [ 15.295406490762566, 50.872765588660023 ], [ 15.278981130477575, 50.881495330282739 ], [ 15.278090294161572, 50.893039674758903 ], [ 15.277199579427126, 50.904584007768868 ], [ 15.27301285334628, 50.906825228867412 ], [ 15.256669067960472, 50.915499464511143 ], [ 15.255773423619646, 50.927043512121969 ], [ 15.270622145242731, 50.9366982736069 ], [ 15.274528331113123, 50.939216943502373 ], [ 15.289353648188019, 50.948849215593206 ], [ 15.293295149655732, 50.951387609286144 ], [ 15.288966571620666, 50.953703461917485 ], [ 15.272748418955139, 50.962305520310146 ], [ 15.271858793093688, 50.973849796400202 ], [ 15.267454260994851, 50.976203864649356 ], [ 15.24778841065025, 50.975572324209246 ], [ 15.231627714566683, 50.984129866034969 ], [ 15.230727995050609, 50.995673594532008 ], [ 15.226245791586264, 50.99806551051789 ], [ 15.222176057997569, 50.99539698384141 ], [ 15.207515530004137, 50.985863376045025 ], [ 15.203481237312108, 50.983217239579083 ], [ 15.188794990017778, 50.973659695488038 ], [ 15.172624453118379, 50.982208899738119 ], [ 15.171708914329768, 50.993751819496907 ], [ 15.170793586661953, 51.005294731389647 ], [ 15.169878488648287, 51.016837636045501 ], [ 15.165316177766746, 51.019267320062653 ], [ 15.161178957500338, 51.016551740649803 ], [ 15.146594197839379, 51.007055735574816 ], [ 15.142492257865184, 51.004362410704154 ], [ 15.143485329734263, 50.992822210615522 ], [ 15.128845237741199, 50.98328101045243 ], [ 15.112700760583715, 50.991800432806116 ], [ 15.108211298378409, 50.994188914634123 ], [ 15.092097416395719, 51.002685206188353 ], [ 15.091161260017175, 51.014227013531524 ], [ 15.086593360993165, 51.016654680983336 ], [ 15.066914446237094, 51.015993915614224 ], [ 15.062775712710831, 51.013272537515029 ], [ 15.048220296593088, 51.003769615937294 ], [ 15.032135838709351, 51.012234475647929 ], [ 15.027558792557887, 51.014663200714793 ], [ 15.00788206171654, 51.013993236145467 ], [ 14.988206066901666, 51.013320190689271 ], [ 14.984059174642159, 51.010589376595483 ], [ 14.985089665603644, 50.999051361772715 ], [ 14.986118743302203, 50.987513283562855 ], [ 14.990637895687195, 50.985157446376768 ], [ 15.010301642756847, 50.985834453865486 ], [ 15.026476833308145, 50.977321747322286 ], [ 15.027494079604963, 50.965783004884713 ], [ 15.028509953574677, 50.954244200773957 ], [ 15.013834099470101, 50.944642287787623 ], [ 15.009872652147475, 50.942034497859957 ], [ 15.010890366790923, 50.930495840917096 ], [ 14.996175301671792, 50.920859057755138 ], [ 14.99226444490181, 50.918283514835082 ], [ 14.996590898680038, 50.916023715819136 ], [ 15.01292184708875, 50.9074183473518 ], [ 14.998160702840204, 50.89774743359547 ], [ 14.994302425413075, 50.895206443068211 ], [ 14.998570281982214, 50.892975800856483 ], [ 15.014948159881506, 50.88434061757664 ], [ 15.015959413927947, 50.872801665328694 ], [ 15.001133667665055, 50.863082472664615 ], [ 14.981521198900641, 50.86241226979736 ], [ 14.961909466715124, 50.861738956984944 ], [ 14.942298474864929, 50.861062530564702 ], [ 14.925914183943965, 50.869688443949201 ], [ 14.921678678608348, 50.871935925087314 ], [ 14.902064369381664, 50.87125282964864 ], [ 14.882450812338636, 50.870566610929679 ], [ 14.862838011190888, 50.869877266037761 ], [ 14.84322596963494, 50.869184792301517 ], [ 14.823614691352171, 50.86848918726615 ], [ 14.807289203844425, 50.877054569696391 ], [ 14.821980720990133, 50.88673391282029 ], [ 14.82588503971151, 50.889296269291449 ], [ 14.840570574939306, 50.898964422142924 ], [ 14.844491985393383, 50.901535258901546 ], [ 14.843488380464265, 50.913073476955354 ], [ 14.858145756443937, 50.922713898091374 ], [ 14.862111518436754, 50.925310028298554 ], [ 14.876759452220389, 50.934937008221993 ], [ 14.880745892602457, 50.937543862851363 ], [ 14.879752376657972, 50.949082616086351 ], [ 14.89436626723719, 50.958678052164217 ], [ 14.89840316845423, 50.961314005748363 ], [ 14.913003871776667, 50.970893575205793 ], [ 14.917065344215354, 50.973542672375068 ], [ 14.91608216373743, 50.985081962858644 ], [ 14.915099039974796, 50.996621241587761 ], [ 14.929632893963067, 51.006145877899314 ], [ 14.933783148050917, 51.008847733582314 ], [ 14.932805378152944, 51.020387277955258 ], [ 14.947292791728858, 51.029872380711446 ], [ 14.951506411537462, 51.0326113178646 ], [ 14.950534110099255, 51.044151130074702 ], [ 14.949561967901872, 51.055690934007814 ], [ 14.963967559366944, 51.065111479196453 ], [ 14.968285555260451, 51.067912798669568 ], [ 14.967319051253131, 51.079452874419225 ], [ 14.981666717124977, 51.08882651985688 ], [ 14.986060056469288, 51.091672285067254 ], [ 14.985099323333293, 51.103212635326322 ], [ 14.984138866730884, 51.114752981234595 ], [ 14.983178706314394, 51.126293323491701 ], [ 14.982218862075252, 51.137833662809271 ], [ 14.996393326793974, 51.147079507412094 ], [ 15.000994529476525, 51.150051467248403 ], [ 14.995902431550395, 51.152743441280279 ], [ 14.980300203740025, 51.160914335531047 ], [ 14.994396658422801, 51.170105493043103 ], [ 14.999087388118872, 51.173132711164385 ], [ 14.998134429031913, 51.184673333346659 ], [ 15.012150135896665, 51.193803015562196 ], [ 15.016940012181751, 51.19688926119904 ], [ 15.015993407262359, 51.208430173447766 ], [ 15.015047300123431, 51.219971088850251 ], [ 15.014101713535604, 51.231512008209549 ], [ 15.027937487200411, 51.240512026870768 ], [ 15.032938089123816, 51.24372607154632 ], [ 15.031999154600937, 51.255267288760059 ], [ 15.031060827984216, 51.266808512806463 ], [ 15.030123132777563, 51.278349744511395 ], [ 15.029186092500835, 51.289890984701628 ], [ 15.023408345493086, 51.292938545981769 ], [ 15.008440419110514, 51.300757653109272 ], [ 15.007499124625376, 51.312298623051539 ], [ 15.001599455105014, 51.315407143756701 ], [ 14.986739426225954, 51.323161119724567 ], [ 14.985793911904745, 51.334701819896985 ], [ 14.979768653723552, 51.337873079842886 ], [ 14.965020191806442, 51.345560139135351 ], [ 14.964070490616733, 51.357100569990841 ], [ 14.977327425385083, 51.36571388619867 ], [ 14.982961854861212, 51.369323993737837 ], [ 14.976722562814716, 51.372605078746503 ], [ 14.962173385285505, 51.380181471013479 ], [ 14.961226023556051, 51.391721942705516 ], [ 14.960279483120367, 51.403262429502917 ], [ 14.959333783629656, 51.414802932115336 ], [ 14.958388943925836, 51.426343451224895 ], [ 14.971261696843838, 51.4346966895355 ], [ 14.977319835289347, 51.438568739639507 ], [ 14.970610070455589, 51.442090997563753 ], [ 14.95650191449359, 51.449424541501202 ], [ 14.955559757312907, 51.460965113856211 ], [ 14.948699195212562, 51.464562541473995 ], [ 14.93472783906434, 51.47181672513161 ], [ 14.927799784116388, 51.475446604154982 ], [ 14.913886825986951, 51.482664420258509 ], [ 14.90689043098806, 51.486327129681783 ], [ 14.8870154636101, 51.485619751956577 ], [ 14.867141263787277, 51.484909473407974 ], [ 14.85324344675379, 51.492105662169131 ], [ 14.846213566737053, 51.495779130854316 ], [ 14.832375790414, 51.502938224009021 ], [ 14.825275922101083, 51.506645220881275 ], [ 14.811498998321106, 51.51376685222305 ], [ 14.804328324898556, 51.517507736495084 ], [ 14.784442332451677, 51.516783480669844 ], [ 14.764557132889934, 51.51605625785357 ], [ 14.750800603281537, 51.523153743856462 ], [ 14.74359121607826, 51.526907775279696 ], [ 14.729896988463857, 51.533967180659999 ], [ 14.728898212801814, 51.54550455501267 ], [ 14.721527232151677, 51.549338373480062 ], [ 14.707980513725877, 51.556313747602168 ], [ 14.706977685831429, 51.567850848568149 ], [ 14.719046706143894, 51.575713975434667 ], [ 14.725907043154226, 51.580116794964667 ], [ 14.73788247529246, 51.587912952109562 ], [ 14.744850372985963, 51.592380032442861 ], [ 14.756728546378699, 51.600106926300633 ], [ 14.76380776321975, 51.604640557956643 ], [ 14.762825802389363, 51.61617867152691 ], [ 14.754839321609033, 51.620329103955399 ], [ 14.741887004899205, 51.626993442803524 ], [ 14.753509493917058, 51.634549292286998 ], [ 14.760864455467075, 51.639254956120013 ], [ 14.752670934444124, 51.643510188628973 ], [ 14.739915675592341, 51.650069145191409 ], [ 14.7513603091923, 51.657506270307096 ], [ 14.758906436431399, 51.662331313736225 ], [ 14.750499317594619, 51.666694551741131 ], [ 14.737947595968468, 51.673144918828271 ], [ 14.736964715054551, 51.684682830275271 ], [ 14.728365063608086, 51.689140714407372 ], [ 14.715991579017411, 51.695492176680297 ], [ 14.707307770457387, 51.699989883014119 ], [ 14.695009198888583, 51.706297553055727 ], [ 14.686240415181645, 51.710835423053894 ], [ 14.674017560500497, 51.717098955166421 ], [ 14.673020073407569, 51.728635991320324 ], [ 14.664051784750386, 51.733271543646957 ], [ 14.652014027334594, 51.739433114910653 ], [ 14.65101197307381, 51.750969860999142 ], [ 14.650010433495883, 51.762506615083673 ], [ 14.649009349639494, 51.774043375007054 ], [ 14.648008656406008, 51.785580138383345 ], [ 14.647008282301645, 51.797116902588087 ], [ 14.637360846183325, 51.802090211853823 ], [ 14.617355040342712, 51.801327406854504 ], [ 14.605926660445391, 51.807159983540998 ], [ 14.596217984481193, 51.812158090344298 ], [ 14.584871580766592, 51.817943907612687 ], [ 14.583855096948463, 51.82947974108621 ], [ 14.59388771362371, 51.836003344288542 ], [ 14.602893696526825, 51.841768400526284 ], [ 14.601882731515465, 51.853304518968692 ], [ 14.611677761214718, 51.859667368866994 ], [ 14.631712745485318, 51.860395988427911 ], [ 14.641007870485385, 51.866337325951207 ], [ 14.650640771221134, 51.872586451426869 ], [ 14.66008294757675, 51.878617562778537 ], [ 14.669579125834552, 51.884773207075732 ], [ 14.679169631991892, 51.890894961182902 ], [ 14.688527799109773, 51.896956427964433 ], [ 14.698267590958164, 51.903169503951133 ], [ 14.697280273876787, 51.914706929578863 ], [ 14.69629179173247, 51.926244301429634 ], [ 14.705294951366358, 51.932068837678578 ], [ 14.715408099553265, 51.938516410829237 ], [ 14.714421607952383, 51.950053928703362 ], [ 14.713433320656179, 51.961591369903807 ], [ 14.712443039507061, 51.973128727198329 ], [ 14.71145056040368, 51.98466599313408 ], [ 14.719897033403022, 51.990121527099816 ], [ 14.730586623139281, 51.996935881298988 ], [ 14.729593459388905, 52.008473196007984 ], [ 14.728597350926224, 52.020010392464862 ], [ 14.736717881196702, 52.025249093133695 ], [ 14.747743166230688, 52.032277521235585 ], [ 14.746744487138939, 52.043814698696117 ], [ 14.745742078838921, 52.055351729856518 ], [ 14.753562195494466, 52.060390550936361 ], [ 14.764893793396961, 52.067615958295406 ], [ 14.752261086008456, 52.074080762402822 ], [ 14.743725172033825, 52.078425320495548 ], [ 14.74271022802057, 52.089961863781056 ], [ 14.7299164570735, 52.096499838267384 ], [ 14.709776323367974, 52.095754059233947 ], [ 14.701357103155539, 52.100031880233331 ], [ 14.688518583830207, 52.106584487613056 ], [ 14.680157611853597, 52.110829067739701 ], [ 14.679118374111022, 52.122364389154995 ], [ 14.6780742045349, 52.133899518273331 ], [ 14.677024903773455, 52.145434447721442 ], [ 14.684306085163479, 52.150126124098307 ], [ 14.696151295564436, 52.157708590421173 ], [ 14.703363267005018, 52.162352025368975 ], [ 14.715279041536878, 52.169979503257878 ], [ 14.701973412387995, 52.176751074506846 ], [ 14.694031138326958, 52.180777811663759 ], [ 14.69296227358778, 52.192312083752498 ], [ 14.691887362250206, 52.203846123140572 ], [ 14.698917434460425, 52.208368610412869 ], [ 14.711002085260287, 52.216116941341603 ], [ 14.709917292076042, 52.227650705273611 ], [ 14.708826085430477, 52.239184223829916 ], [ 14.707728399029897, 52.250717494514255 ], [ 14.694147436873594, 52.25760255238378 ], [ 14.673933534269958, 52.256867952750142 ], [ 14.66621336833291, 52.260771412355943 ], [ 14.652590001129905, 52.267669523990754 ], [ 14.632372478012005, 52.266929251771494 ], [ 14.624685441069134, 52.270810463082114 ], [ 14.611014143867324, 52.277724331467113 ], [ 14.590793018005376, 52.276978318723337 ], [ 14.583144470999445, 52.280834630747336 ], [ 14.582006004416552, 52.292365666892906 ], [ 14.580860980500118, 52.303896445930164 ], [ 14.579709384698832, 52.315426967225328 ], [ 14.565958487041732, 52.322361135494624 ], [ 14.558335841046098, 52.326197452608895 ], [ 14.557168717626544, 52.337727248880725 ], [ 14.555995060112751, 52.349256787567995 ], [ 14.554814915841268, 52.360786070363893 ], [ 14.553628349373486, 52.372315099611257 ], [ 14.552435441999444, 52.383843878284488 ], [ 14.538750219834414, 52.390720283156007 ], [ 14.531006804410596, 52.394607880848746 ], [ 14.537908521611628, 52.399049763368836 ], [ 14.550031009553953, 52.406900698824103 ], [ 14.548819724665471, 52.418428749573863 ], [ 14.547602577513372, 52.429956567452187 ], [ 14.554688443949464, 52.434511445234008 ], [ 14.574976883041687, 52.43530247795799 ], [ 14.586864393507424, 52.443004729380263 ], [ 14.594110350435866, 52.447656140339305 ], [ 14.605889489282944, 52.455287952060857 ], [ 14.604665380135478, 52.466815857068184 ], [ 14.612101232281997, 52.471584383406544 ], [ 14.623691851348774, 52.479096000983922 ], [ 14.631259392078343, 52.483945137134405 ], [ 14.642722349474907, 52.491373047487372 ], [ 14.641491736611396, 52.502900933449226 ], [ 14.628742250936391, 52.509285936602488 ], [ 14.619988993228288, 52.513678859707468 ], [ 14.618746655320184, 52.525206155712624 ], [ 14.617500657580196, 52.536733303428463 ], [ 14.616251220560715, 52.548260310993548 ], [ 14.624347198456629, 52.553441455301389 ], [ 14.635283418575847, 52.560538134019957 ], [ 14.634032243134001, 52.572065184824062 ], [ 14.621884605523448, 52.578131944641157 ], [ 14.612484461944444, 52.582840573609083 ], [ 14.611223444018743, 52.594367100982261 ], [ 14.609960060272037, 52.605893527894615 ], [ 14.598068515937872, 52.611822312711631 ], [ 14.588388253991816, 52.616663945394421 ], [ 14.576533034754677, 52.622569780333549 ], [ 14.556150996755806, 52.621846951468434 ], [ 14.546499817804499, 52.62666712052539 ], [ 14.534600466830275, 52.632587761392784 ], [ 14.524905663167571, 52.637425476253888 ], [ 14.513039393334548, 52.643324802683949 ], [ 14.503301687196542, 52.648179666170762 ], [ 14.491467771135904, 52.654058068001731 ], [ 14.471073037815357, 52.653323651707126 ], [ 14.461374764277444, 52.65815191526508 ], [ 14.460064233624399, 52.669675531470261 ], [ 14.448292860208914, 52.675513240804939 ], [ 14.438430736743289, 52.680417198271321 ], [ 14.437111514779604, 52.691940316976485 ], [ 14.425489216397857, 52.697696948048637 ], [ 14.415461272596691, 52.702677382706248 ], [ 14.403869259860318, 52.708414290011902 ], [ 14.393801178574353, 52.713410260054964 ], [ 14.392466816817507, 52.724932475952635 ], [ 14.381025395750958, 52.73058788726523 ], [ 14.37079007839052, 52.73566074282337 ], [ 14.35937815665387, 52.741296936520804 ], [ 14.3491034809228, 52.746384811432975 ], [ 14.337720317431907, 52.752002177094518 ], [ 14.327407012490497, 52.757104677387808 ], [ 14.316051873157354, 52.762703600130628 ], [ 14.305700661119525, 52.767820336284792 ], [ 14.294372818919022, 52.773401196750001 ], [ 14.273927121477202, 52.772638203113516 ], [ 14.263633104814279, 52.777719323694676 ], [ 14.262258261483657, 52.789239015248455 ], [ 14.250982860985518, 52.794784875141879 ], [ 14.24052218912137, 52.7999420264657 ], [ 14.2292719475456, 52.805470939093304 ], [ 14.218776185645762, 52.81064081292697 ], [ 14.207550404651379, 52.816153140996427 ], [ 14.187086858906651, 52.81537720227238 ], [ 14.17665593344111, 52.820507710170794 ], [ 14.165350227207993, 52.826052256046893 ], [ 14.144883082406144, 52.825270457725104 ], [ 14.134521792114768, 52.830359341475933 ], [ 14.133107537716814, 52.841876500529899 ], [ 14.131692619554334, 52.853393622225134 ], [ 14.141062209146865, 52.859431809919577 ], [ 14.150660340350031, 52.865746789773148 ], [ 14.149250727578899, 52.877264257332754 ], [ 14.158946694424513, 52.883506482303673 ], [ 14.168239470050208, 52.889615177266975 ], [ 14.157687852253549, 52.894778075648894 ], [ 14.146430984249056, 52.900299140987293 ], [ 14.14502106463987, 52.911816565784285 ], [ 14.143611242273202, 52.923333984566014 ], [ 14.142201605715421, 52.93485140099812 ], [ 14.140792237073429, 52.946368818484054 ], [ 14.13938321218663, 52.957886240172712 ], [ 14.149868109371948, 52.96462647504417 ], [ 14.158419114487133, 52.970240047210098 ], [ 14.169094951861052, 52.97709752622557 ], [ 14.189623186527243, 52.97797824761259 ], [ 14.197929215246921, 52.983421221629797 ], [ 14.208868198739392, 52.990437935419678 ], [ 14.229404325755096, 52.991308954725248 ], [ 14.23747895659702, 52.996590358575638 ], [ 14.248667516383813, 53.003757150785844 ], [ 14.256585770835901, 53.008930398016943 ], [ 14.267942184161702, 53.016198860356695 ], [ 14.2884928891981, 53.017055084748634 ], [ 14.296202405954807, 53.022081845045584 ], [ 14.307785743611145, 53.029485192338818 ], [ 14.315353731956248, 53.034413657326979 ], [ 14.327090086733943, 53.041908762936949 ], [ 14.334522456350417, 53.046742858158638 ], [ 14.346405922644999, 53.054325796620333 ], [ 14.353708561866291, 53.059069439091331 ], [ 14.352380775903423, 53.07059158019765 ], [ 14.364487906696322, 53.078309360216117 ], [ 14.371591917945004, 53.082915957445564 ], [ 14.370272705545037, 53.094438547786176 ], [ 14.368954368140244, 53.105961161747807 ], [ 14.367636899303738, 53.117483799128046 ], [ 14.380105468609436, 53.125420458159716 ], [ 14.386888264967764, 53.129806797323447 ], [ 14.385579277675131, 53.141329877316323 ], [ 14.377996328426256, 53.145035256435207 ], [ 14.363689611091756, 53.152051848627558 ], [ 14.362375514768448, 53.163574576190506 ], [ 14.361062227934449, 53.175097325104645 ], [ 14.373880301414038, 53.183247699895858 ], [ 14.380351468209984, 53.187422409705981 ], [ 14.379046468264278, 53.198945592933207 ], [ 14.392031603115081, 53.207193721253034 ], [ 14.398359901546282, 53.211268397835127 ], [ 14.39706303626023, 53.222792006808106 ], [ 14.410203338345662, 53.231130120286615 ], [ 14.416400325216317, 53.235112506737224 ], [ 14.429629820740267, 53.243500393791521 ], [ 14.43575390852461, 53.247430280799534 ], [ 14.4490678184267, 53.255864822507959 ], [ 14.455123609410581, 53.259745315022059 ], [ 14.448300678427383, 53.263076000463876 ], [ 14.433191079539995, 53.270479133412479 ], [ 14.426392376249892, 53.273795354097921 ], [ 14.411248368990485, 53.281208688075935 ], [ 14.409961816808908, 53.292732763370402 ], [ 14.408675788048111, 53.304256848750498 ], [ 14.407390256297774, 53.315780943237158 ], [ 14.406105194790914, 53.327305045836901 ], [ 14.404820576442095, 53.33882915554328 ], [ 14.403536373882455, 53.350353271338157 ], [ 14.3970385606557, 53.353514684276341 ], [ 14.381547327504725, 53.361076335032813 ], [ 14.395282758156991, 53.369769472919934 ], [ 14.400969105428393, 53.373401517070405 ], [ 14.394552925519481, 53.376521412659905 ], [ 14.378967951233506, 53.384123839241092 ], [ 14.377678763841089, 53.395647596180666 ], [ 14.376389872801077, 53.40717135493837 ], [ 14.375101249825466, 53.418695114452177 ], [ 14.373812866505881, 53.430218873654709 ], [ 14.372524694331812, 53.441742631473915 ], [ 14.371236704707337, 53.453266386833782 ], [ 14.365053558957406, 53.456265376124421 ], [ 14.349188604501226, 53.463982179951664 ], [ 14.347894643148548, 53.475505558167043 ], [ 14.3466007997894, 53.487028931645952 ], [ 14.345307045752538, 53.498552299302332 ], [ 14.339231398185522, 53.501494230576128 ], [ 14.323230047842353, 53.509262658382156 ], [ 14.321930193275891, 53.520785643147356 ], [ 14.320630363810571, 53.532308619794804 ], [ 14.314624708320862, 53.535212624214424 ], [ 14.298530491647064, 53.543013905031565 ], [ 14.297224469982767, 53.554536494229566 ], [ 14.311487197003579, 53.563546325508767 ], [ 14.316730739789557, 53.566877490114052 ], [ 14.315430724558739, 53.578400423372877 ], [ 14.314130591439481, 53.589923343055453 ], [ 14.312830311924737, 53.601446248071667 ], [ 14.311529857560341, 53.612969137332769 ], [ 14.305688133001826, 53.615788242875702 ], [ 14.289386530579771, 53.623671772332294 ], [ 14.288079640430636, 53.635194265645076 ], [ 14.286772512796977, 53.646716740900771 ], [ 14.285465119521641, 53.658239197015384 ], [ 14.279693039020263, 53.661020017717654 ], [ 14.263292380024199, 53.668936347543642 ], [ 14.277782155956617, 53.678075202078304 ], [ 14.282849423887638, 53.68128404750049 ], [ 14.277112683914133, 53.6840462717402 ], [ 14.260664152292019, 53.69198043487156 ], [ 14.259349519674831, 53.703502445306803 ], [ 14.258034504301365, 53.715024432158977 ], [ 14.256719078647535, 53.726546394360973 ], [ 14.271307014995292, 53.7357371057943 ], [ 14.276303585752393, 53.738895763554183 ], [ 14.270645547020164, 53.741616233551738 ], [ 14.254086887171118, 53.749590240573383 ], [ 14.268710870031569, 53.758799627996034 ], [ 14.273682035445608, 53.761940263693411 ], [ 14.272370463562881, 53.773462469678833 ], [ 14.271058325251916, 53.78498464490999 ], [ 14.269745594374124, 53.796506788375098 ], [ 14.26415527301568, 53.799190899707398 ], [ 14.247497334747358, 53.807199351213121 ], [ 14.24617765737565, 53.818721078572544 ], [ 14.244857330727655, 53.830242771996346 ], [ 14.239297970352442, 53.832908259525915 ], [ 14.222585521164017, 53.840930188392015 ], [ 14.221258169221251, 53.852451461209249 ], [ 14.219930112557831, 53.863972697950267 ], [ 14.218601326571482, 53.87549389765249 ], [ 14.217271787028569, 53.887015059367535 ], [ 14.215941470086573, 53.89853618216209 ], [ 14.210442951352585, 53.901166527635425 ], [ 14.193626892544019, 53.909217273822442 ], [ 14.208450736524474, 53.918535282765042 ], [ 14.213278410728314, 53.921578307337491 ], [ 14.228126463615101, 53.93090375776729 ], [ 14.249126631426792, 53.931741108797759 ], [ 14.270127852001997, 53.932574871375913 ], [ 14.29113011951865, 53.933405057056795 ], [ 14.307973341308994, 53.92532359463376 ], [ 14.313428146235523, 53.922701813015969 ], [ 14.330255980222049, 53.914620303750063 ], [ 14.335714845609512, 53.911993967724655 ], [ 14.35670875880712, 53.912812477787789 ], [ 14.377703696656583, 53.913627432853986 ], [ 14.382510900842352, 53.916645278301701 ], [ 14.397428753770594, 53.925970776429956 ], [ 14.418431453733241, 53.926779173414921 ], [ 14.439435162348209, 53.927584048365446 ], [ 14.444215060329473, 53.930579971286036 ], [ 14.459185282574088, 53.939918938812689 ], [ 14.463946279317694, 53.942901269048612 ], [ 14.478946989452936, 53.952251434963081 ], [ 14.48368787457062, 53.955219484991666 ], [ 14.498720288458292, 53.964581576260272 ], [ 14.519745195322882, 53.965374108211037 ], [ 14.524456742947029, 53.9683208397622 ], [ 14.539536825367545, 53.977699005216721 ], [ 14.560569447363669, 53.978485128008998 ], [ 14.565248524498843, 53.981408687880027 ], [ 14.580379415802762, 53.990804803516923 ], [ 14.601419743966218, 53.991584512381493 ], [ 14.622461043767546, 53.992360722063779 ], [ 14.627094123152576, 53.995251454213914 ], [ 14.642296089231072, 54.004672225347839 ], [ 14.663345081745664, 54.005441984252222 ], [ 14.684395035749978, 54.006208224007693 ], [ 14.688976817439746, 54.009062881528713 ], [ 14.704255172578577, 54.018511443545727 ], [ 14.725312808545935, 54.01927116664838 ], [ 14.729851232674834, 54.022095995300624 ], [ 14.74519133082919, 54.031568955890073 ], [ 14.766256645284278, 54.032322099317575 ], [ 14.770749242399036, 54.035115546936382 ], [ 14.786153573988175, 54.044614342888416 ], [ 14.807226564146433, 54.045360833955925 ], [ 14.828300495648099, 54.046103723582284 ], [ 14.849375364953168, 54.046843001509458 ], [ 14.853791784344244, 54.049583487967766 ], [ 14.869304184290403, 54.059123288504431 ], [ 14.890386716141185, 54.059855776237164 ], [ 14.911470176806805, 54.060584612620083 ], [ 14.932554562637876, 54.061309787497677 ], [ 14.93689101759006, 54.063994840224211 ], [ 14.952515298985931, 54.073577686123784 ], [ 14.973607333253105, 54.074295930782753 ], [ 14.977891434017446, 54.076945383684318 ], [ 14.993586553532486, 54.086557651619891 ], [ 15.014686232400434, 54.087268887674618 ], [ 15.035786820753144, 54.087976398418782 ], [ 15.040003078459538, 54.09057919513252 ], [ 15.055791276007552, 54.10022844581853 ], [ 15.076899497780811, 54.100928851011275 ], [ 15.098008618402531, 54.101625500074213 ], [ 15.102156951880009, 54.104181554176023 ], [ 15.118038326929426, 54.113867643796631 ], [ 15.139155067953736, 54.114557103374111 ], [ 15.160272696476696, 54.115242781313739 ], [ 15.164353670525204, 54.117752433001314 ], [ 15.18032767244565, 54.127474822156245 ], [ 15.201452906496661, 54.128153240959399 ], [ 15.205481574033596, 54.130627259962374 ], [ 15.221526438568114, 54.140378513254653 ], [ 15.242659269539832, 54.141049629329167 ], [ 15.263792968012901, 54.141716931339062 ], [ 15.267756336151733, 54.144145867126063 ], [ 15.283891789154238, 54.153931829416166 ], [ 15.305033066889907, 54.154591781739946 ], [ 15.326175199170304, 54.15524790753679 ], [ 15.34731818125656, 54.155900204606532 ], [ 15.368462008390816, 54.156548670910105 ], [ 15.389606675799424, 54.15719330453755 ], [ 15.393468596111473, 54.159550625880541 ], [ 15.409750910650121, 54.169387020256721 ], [ 15.430903112661607, 54.170024245444274 ], [ 15.452056141486857, 54.17065762939319 ], [ 15.473209992309556, 54.171287170417948 ], [ 15.49436466031387, 54.171912866782364 ], [ 15.51552014068684, 54.172534716669638 ], [ 15.519288606970749, 54.174825556964741 ], [ 15.535709717802677, 54.184706977997472 ], [ 15.556872686624935, 54.18532136891033 ], [ 15.578036454299921, 54.185931903783327 ], [ 15.581749909653771, 54.188184274889082 ], [ 15.598251287494662, 54.198093359455335 ], [ 15.619422523599518, 54.19869640133065 ], [ 15.640594545129174, 54.199295575422809 ], [ 15.661767347340707, 54.199890878442226 ], [ 15.665419347760384, 54.202099435753375 ], [ 15.68201410425773, 54.212037769337684 ], [ 15.703194346552996, 54.21262552781247 ], [ 15.72437535627691, 54.213209399581622 ], [ 15.745557128744062, 54.213789380125533 ], [ 15.749152920580507, 54.215957323557603 ], [ 15.765835793252716, 54.225921522530584 ], [ 15.787024977946469, 54.226493894141683 ], [ 15.790584025864115, 54.228635998545727 ], [ 15.807322234965914, 54.238618564651354 ], [ 15.828518821134979, 54.239183284115938 ], [ 15.849716148552867, 54.239744076063069 ], [ 15.853234498208032, 54.241856402161744 ], [ 15.870038657021436, 54.251857427721653 ], [ 15.891243366785565, 54.252410503598895 ], [ 15.912448804751968, 54.252959627720806 ], [ 15.933654966272989, 54.253504793304629 ], [ 15.954861846695231, 54.25404599345238 ], [ 15.97606944135736, 54.254583221176205 ], [ 15.997277745588001, 54.255116469424571 ], [ 16.018486754703599, 54.255645731109588 ], [ 16.021951899546547, 54.257712682516114 ], [ 16.038867674501493, 54.26772836401814 ], [ 16.060084003901309, 54.268249747301233 ], [ 16.081301024795277, 54.268767118323055 ], [ 16.084743014252268, 54.270814529981529 ], [ 16.101707163517421, 54.280837909039924 ], [ 16.122931484119086, 54.281347335692629 ], [ 16.126355598997314, 54.28337996432716 ], [ 16.143356228765523, 54.293410097690483 ], [ 16.146764118084242, 54.295430595607691 ], [ 16.163792975507704, 54.305468733923689 ], [ 16.185031193518711, 54.30596620674676 ], [ 16.188426847436979, 54.307975224758181 ], [ 16.205486561798857, 54.31801671846312 ], [ 16.208869627766575, 54.320015748510059 ], [ 16.225953950122683, 54.33006305628745 ], [ 16.229325884690425, 54.33205296028973 ], [ 16.24643336684619, 54.34210520793804 ], [ 16.249795636419787, 54.344086854887081 ], [ 16.26692482008476, 54.354143164493635 ], [ 16.270278894565305, 54.356117426931874 ], [ 16.287428317706059, 54.366176920619608 ], [ 16.290775663726489, 54.368144670890381 ], [ 16.307943867324187, 54.378206474785422 ], [ 16.311285941095768, 54.380168581062485 ], [ 16.310516858406181, 54.391716472230335 ], [ 16.327720051614765, 54.40178754007944 ], [ 16.331046699039842, 54.403737229745062 ], [ 16.348265192354919, 54.413808524995325 ], [ 16.351590012149543, 54.415754639663412 ], [ 16.350832915396648, 54.427302882178857 ], [ 16.368081417709522, 54.43738045636735 ], [ 16.371395715217172, 54.439317121207658 ], [ 16.388656210656691, 54.449392953626017 ], [ 16.391971903902942, 54.451327997873484 ], [ 16.391226725452494, 54.462876583096396 ], [ 16.408512579532989, 54.47295591905732 ], [ 16.411822256914121, 54.474884269337238 ], [ 16.429117082416106, 54.484960072334076 ], [ 16.432431042347105, 54.486888577509632 ], [ 16.431697672250159, 54.498437495982991 ], [ 16.449013692852031, 54.508514326318242 ], [ 16.452325585633325, 54.510438592936303 ], [ 16.469647960130477, 54.520510344848368 ], [ 16.491003330615499, 54.520948428296236 ], [ 16.494336130053853, 54.522881162347424 ], [ 16.511656343339325, 54.532936666384913 ], [ 16.514997090365618, 54.534871886265165 ], [ 16.532321495585354, 54.544921054157022 ], [ 16.55369065383681, 54.545347552473679 ], [ 16.557055174414863, 54.547293132774868 ], [ 16.574374547127785, 54.557324409586364 ], [ 16.595750863519736, 54.557743273244476 ], [ 16.617127734736403, 54.558158262857944 ], [ 16.620532771013774, 54.560122795603654 ], [ 16.63783694327077, 54.570124134384294 ], [ 16.65922093828112, 54.570531663483152 ], [ 16.680605469212399, 54.570935391559985 ], [ 16.701990529827249, 54.57133534080269 ], [ 16.723376113900365, 54.571731534012287 ], [ 16.744762215224334, 54.572123994526088 ], [ 16.766148827615737, 54.572512746131991 ], [ 16.769656526711458, 54.574528175063996 ], [ 16.786909519032545, 54.584454309878211 ], [ 16.808303170692284, 54.584836036781461 ], [ 16.82969731498093, 54.58521414011642 ], [ 16.833240918699111, 54.58724704239927 ], [ 16.850483196736182, 54.597146072535999 ], [ 16.871884347673053, 54.59751736361472 ], [ 16.89328597346282, 54.597885114484342 ], [ 16.914688068351911, 54.598249348005901 ], [ 16.918273830606459, 54.600302972284886 ], [ 16.935505620724744, 54.610168985174944 ], [ 16.9390925044314, 54.612222277308739 ], [ 16.956335307559044, 54.622085927744436 ], [ 16.959921746777816, 54.624138054753104 ], [ 16.977177135858593, 54.63400023280316 ], [ 16.980761467563394, 54.636050299072672 ], [ 16.998031113204849, 54.645911948220778 ], [ 17.001611595422673, 54.647959005096794 ], [ 17.018897247780412, 54.657821111709346 ], [ 17.022472079152823, 54.659864168036805 ], [ 17.039775548381233, 54.669727750058897 ], [ 17.061217110062351, 54.670070554809257 ], [ 17.064788383484874, 54.6721103082551 ], [ 17.082114087939118, 54.68197175653652 ], [ 17.085674705156396, 54.684004704315903 ], [ 17.103023252645443, 54.693870449935837 ], [ 17.124478241965598, 54.694204036807641 ], [ 17.12802691113658, 54.696228920555441 ], [ 17.145406106038404, 54.706097260072937 ], [ 17.166868012045963, 54.706424527143447 ], [ 17.170399669019396, 54.708438420233747 ], [ 17.187814588344203, 54.718312193774956 ], [ 17.209283403188056, 54.718633080070006 ], [ 17.212793289425186, 54.720633193334422 ], [ 17.230248706307126, 54.730515056062131 ], [ 17.25172442309157, 54.730829471338623 ], [ 17.255208214363524, 54.732813231290052 ], [ 17.272708468862827, 54.74270558142036 ], [ 17.294191081308348, 54.743013410465529 ], [ 17.315674084884822, 54.743317743252426 ], [ 17.337157475834854, 54.74361856062859 ], [ 17.340596886303572, 54.745573965107297 ], [ 17.358173275161075, 54.7554821110934 ], [ 17.379663542881364, 54.755776096606894 ], [ 17.401154187717871, 54.756066488540469 ], [ 17.422645205839345, 54.756353264569761 ], [ 17.44413659338197, 54.756636401982426 ], [ 17.465628346444205, 54.756915877786888 ], [ 17.468995593069039, 54.758824752552208 ], [ 17.486688878179784, 54.768759115776518 ], [ 17.508187474301259, 54.769031356694327 ], [ 17.529686424856123, 54.769299850980879 ], [ 17.551185725717648, 54.769564575716451 ], [ 17.572685372702939, 54.769825508191872 ], [ 17.575983599603578, 54.771689551249125 ], [ 17.593784126119338, 54.781650529930054 ], [ 17.615290585056567, 54.781903888378579 ], [ 17.636797377913997, 54.782153374644807 ], [ 17.658304500236451, 54.782398967784623 ], [ 17.661545057972504, 54.784225052074213 ], [ 17.679434983078568, 54.794208577580157 ], [ 17.700948890219166, 54.794446343872679 ], [ 17.722463113645919, 54.794680145227716 ], [ 17.725659103005562, 54.79647653900907 ], [ 17.743618854310949, 54.80647770398884 ], [ 17.765139841504197, 54.806703502450006 ], [ 17.786661131088191, 54.806925271224763 ], [ 17.808182718151485, 54.807142993529233 ], [ 17.811332327993391, 54.808906988150405 ], [ 17.829370154849308, 54.818924035197064 ], [ 17.850898473281617, 54.819133556154874 ], [ 17.872427074488083, 54.819338974074718 ], [ 17.875544625310003, 54.821079760481723 ], [ 17.893639745480773, 54.831107217910372 ], [ 17.915175053387195, 54.831304297954766 ], [ 17.936710628827655, 54.831497223497756 ], [ 17.958246466545063, 54.831685980799655 ], [ 17.979782561247699, 54.831870556328852 ], [ 18.001318907610649, 54.832050936726034 ], [ 18.022855500277132, 54.832227108767789 ], [ 18.044392333859751, 54.832399059329973 ], [ 18.065929402941585, 54.832566775350806 ], [ 18.087466702077212, 54.832730243793975 ], [ 18.109004225793583, 54.832889451611742 ], [ 18.130541968590776, 54.833044385708355 ], [ 18.152079924942633, 54.833195032903745 ], [ 18.173618089297282, 54.833341379897668 ], [ 18.195156456077495, 54.833483413234134 ], [ 18.216695019680987, 54.833621119266638 ], [ 18.238233774480548, 54.833754484123709 ], [ 18.259772714824038, 54.833883493675216 ], [ 18.281311835034334, 54.834008133499211 ], [ 18.302851129409071, 54.834128388849507 ], [ 18.324390592220347, 54.834244244623811 ], [ 18.345930217714258, 54.834355685332525 ], [ 18.364400457675199, 54.824623693470222 ], [ 18.367650733722964, 54.822899376065088 ], [ 18.386089770774898, 54.813174986610534 ], [ 18.389358963520102, 54.811438853965036 ], [ 18.407766311070656, 54.801722351375268 ], [ 18.411054914516679, 54.799974120021936 ], [ 18.429430079498349, 54.790265792891589 ], [ 18.429585180883787, 54.778706162163289 ], [ 18.429739697182921, 54.767146506745988 ], [ 18.411674951273262, 54.757272506843954 ], [ 18.408407835681327, 54.755483937971675 ], [ 18.408566745183052, 54.74392427263399 ], [ 18.408725058822338, 54.732364582461315 ], [ 18.412061583860883, 54.730588162076032 ], [ 18.430351845673201, 54.72090763782527 ], [ 18.433707787230105, 54.719119056276433 ], [ 18.451965920887176, 54.709446784924246 ], [ 18.455341779108899, 54.707645753841646 ], [ 18.473567284957031, 54.697982028865596 ], [ 18.473706503660289, 54.686422126431175 ], [ 18.473845107907891, 54.674862199332743 ], [ 18.47398309289952, 54.663302247546845 ], [ 18.474120453558861, 54.651742271048917 ], [ 18.4742571845306, 54.640182269813117 ], [ 18.477706084406798, 54.638337989611536 ], [ 18.499142583491832, 54.638422799600406 ], [ 18.517235870714327, 54.628800603876698 ], [ 18.517360287165911, 54.617240486519201 ], [ 18.51748405992516, 54.605680344551779 ], [ 18.520987002418721, 54.603802864476343 ], [ 18.539010464154369, 54.594203575363665 ], [ 18.539127433915134, 54.582643353318915 ], [ 18.542664750233218, 54.580745024513881 ], [ 18.560635035625452, 54.571162657414824 ], [ 18.56074519475948, 54.559602357067668 ], [ 18.560854681002731, 54.548042032190558 ], [ 18.560963486939681, 54.536481682754001 ], [ 18.561071604815414, 54.524921308727251 ], [ 18.561179026530656, 54.513360910078376 ], [ 18.561285743636681, 54.501800486774094 ], [ 18.56493347638148, 54.49983773480983 ], [ 18.582743766153634, 54.490315613503348 ], [ 18.565136960497384, 54.480668653106086 ], [ 18.561497028447366, 54.47867956606013 ], [ 18.561601577459587, 54.467119068577496 ], [ 18.561705384466688, 54.455558546293574 ], [ 18.565424366949863, 54.453555220676208 ], [ 18.583138670071712, 54.444073467343607 ], [ 18.586880937578915, 54.442055570271656 ], [ 18.604559377420635, 54.432584543751339 ], [ 18.604650036763804, 54.421023895904064 ], [ 18.608435822189339, 54.41897990269544 ], [ 18.629758042618391, 54.419043742413749 ], [ 18.647363048053027, 54.409595182926225 ], [ 18.651178591444538, 54.407531562816466 ], [ 18.672494973765733, 54.407586978194381 ], [ 18.690049635970258, 54.398151309616182 ], [ 18.69389760362531, 54.396066552329877 ], [ 18.711413569021978, 54.386643280314637 ], [ 18.715288246581792, 54.384541944367918 ], [ 18.732764900069096, 54.375131435195911 ], [ 18.736666909819512, 54.373013152462939 ], [ 18.757965569116884, 54.373051952321838 ], [ 18.77926428157846, 54.373086328590524 ], [ 18.800563041357343, 54.373116265265061 ], [ 18.817949517739237, 54.363728944031664 ], [ 18.821911909420859, 54.361571013594002 ], [ 18.843204758616107, 54.361592384240751 ], [ 18.860529048523034, 54.352224646588532 ], [ 18.86453570430664, 54.350038823787912 ], [ 18.885822624536477, 54.350051589028595 ], [ 18.907109563090927, 54.350059844253963 ], [ 18.928396513948794, 54.350063571373354 ], [ 18.932488003467206, 54.35228634374689 ], [ 18.949669333605915, 54.361631647149451 ], [ 18.966873492656056, 54.352300678312034 ], [ 18.970970428304906, 54.350057366267542 ], [ 18.992257379571559, 54.3500473950781 ], [ 19.013544318675415, 54.350032817775151 ], [ 19.034831239397032, 54.350013613247619 ], [ 19.056118135472335, 54.349989759661383 ], [ 19.077405000590719, 54.349961234419027 ], [ 19.098691828392948, 54.349928014119278 ], [ 19.119978612468994, 54.349890074515926 ], [ 19.141265346355706, 54.349847390475993 ], [ 19.162552023534335, 54.349799935937284 ], [ 19.183838637427979, 54.349747683864884 ], [ 19.188338443443044, 54.35215828936483 ], [ 19.205182787279263, 54.361253958115128 ], [ 19.226475229533278, 54.361191490421675 ], [ 19.247767587714655, 54.361124124438717 ], [ 19.269059854957398, 54.361051828274832 ], [ 19.290352024320974, 54.360974568813063 ], [ 19.295107951633049, 54.363505509221433 ], [ 19.311731620195225, 54.37245233383112 ], [ 19.333029547788342, 54.372364429154509 ], [ 19.354327355354577, 54.372271437452156 ], [ 19.375625035582779, 54.372173319552516 ], [ 19.380639273609781, 54.374827170226311 ], [ 19.397034081476058, 54.38362695626212 ], [ 19.41833746010278, 54.383517769790302 ], [ 19.42350710781464, 54.386245458033869 ], [ 19.439764219512298, 54.394958266821803 ], [ 19.461073265793267, 54.394837746492506 ], [ 19.466416510442357, 54.397648385527916 ], [ 19.482517718468191, 54.406264705588704 ], [ 19.503832400113655, 54.406132559816307 ], [ 19.509368795437062, 54.409035909068677 ], [ 19.525294523585593, 54.417545541078141 ], [ 19.546614806578358, 54.417401449459526 ], [ 19.552365415118903, 54.420407982485166 ], [ 19.568094575890122, 54.428799967511956 ], [ 19.57397426052697, 54.431868285754845 ], [ 19.58958620278818, 54.440190264897268 ], [ 19.595603549127901, 54.44332462950026 ], [ 19.611089684876159, 54.451572142532555 ], [ 19.617253677467399, 54.454777002384013 ], [ 19.632605019128256, 54.462945388737616 ], [ 19.647701955337403, 54.454617646868257 ], [ 19.653764161978611, 54.451225954640172 ], [ 19.675101024432355, 54.451043770238158 ], [ 19.69643762307561, 54.450855422286345 ], [ 19.717773947829837, 54.450660829436089 ], [ 19.739109988388243, 54.450459907041399 ], [ 19.760445734204502, 54.450252567012527 ], [ 19.781781174480894, 54.450038717661954 ], [ 19.803116298155818, 54.449818263542205 ], [ 19.817163912211821, 54.442029361338285 ], [ 19.824219456865297, 54.438057803396745 ], [ 19.845547948867218, 54.437825233394157 ], [ 19.866876092001704, 54.43758579478758 ], [ 19.888203874133712, 54.437339377184543 ], [ 19.909531282797015, 54.437085865575341 ], [ 19.930858305177267, 54.436825140114358 ], [ 19.952184928094134, 54.436557075888281 ], [ 19.965075733011112, 54.429377092400905 ], [ 19.973237979655551, 54.424758001099981 ], [ 19.994557822450652, 54.424476597312875 ], [ 20.01587722741036, 54.424187508009972 ], [ 20.03719617986021, 54.423890588050746 ], [ 20.058514664662475, 54.42358568598268 ], [ 20.079832666191304, 54.423272643716224 ], [ 20.101150168306244, 54.42295129617775 ], [ 20.122467154324056, 54.422621470938921 ], [ 20.133667326585378, 54.416350989579463 ], [ 20.143463226478197, 54.41077383297538 ], [ 20.164773223812251, 54.410428762693542 ], [ 20.186082656557247, 54.410074734062391 ], [ 20.207391505801841, 54.409711545081933 ], [ 20.228699751936492, 54.409338984374507 ], [ 20.250007374612885, 54.40895683064533 ], [ 20.271314352700397, 54.408564852103716 ], [ 20.29262066423949, 54.408162805842032 ], [ 20.301624769184777, 54.403095844231942 ], [ 20.31355903493608, 54.396260215030559 ], [ 20.334858090199791, 54.39584025794796 ], [ 20.356156415132535, 54.395409553256833 ], [ 20.377453984347607, 54.394967812970343 ], [ 20.398750771369162, 54.394514734567295 ], [ 20.420046748562989, 54.394050000073406 ], [ 20.427008183981179, 54.390117159035917 ], [ 20.440939842339532, 54.382100851343907 ], [ 20.462228310420603, 54.381615537105475 ], [ 20.483515888393033, 54.381117673912293 ], [ 20.504802543807422, 54.380606880788001 ], [ 20.526088242667885, 54.380082756245024 ], [ 20.54737294932816, 54.379544876925429 ], [ 20.56865662637972, 54.378992796141901 ], [ 20.58993923453129, 54.378426042312228 ], [ 20.593377379378278, 54.376473693571597 ], [ 20.610772799680717, 54.36640388485867 ], [ 20.632047442128101, 54.365811492830026 ], [ 20.653320901440654, 54.365203098568522 ], [ 20.674593130454294, 54.364578128528656 ], [ 20.69586407944492, 54.363935975675282 ], [ 20.71713369594644, 54.36327599718124 ], [ 20.720756882421583, 54.363162353906517 ], [ 20.728555577892671, 54.351488229974869 ], [ 20.736215833554851, 54.339815542766686 ], [ 20.737365630307487, 54.338044189625144 ], [ 20.743900045358497, 54.328141971810233 ], [ 20.751474405654697, 54.316469455333561 ], [ 20.757337622985865, 54.307284805632818 ], [ 20.758951913845024, 54.304797824957248 ], [ 20.766438098097403, 54.293125553279047 ], [ 20.773787379858376, 54.281454780369998 ], [ 20.777252315882734, 54.275872619684144 ], [ 20.781095873160435, 54.269784111925553 ], [ 20.788353993836324, 54.258113697684308 ], [ 20.795476937310017, 54.246444810416193 ], [ 20.797106038835352, 54.243740737919389 ], [ 20.802600484707487, 54.234775443637119 ], [ 20.809628961768503, 54.223107034186533 ], [ 20.816523762744183, 54.211440181336485 ], [ 20.816894273162234, 54.210805306730819 ], [ 20.823445695517179, 54.199772474394926 ], [ 20.830242379481227, 54.188106224307994 ], [ 20.836611446589878, 54.176961631574102 ], [ 20.836913997930001, 54.176441450164845 ], [ 20.843609494303436, 54.164775892785919 ], [ 20.850171630579123, 54.153111964694688 ], [ 20.856251175096659, 54.142090472917204 ], [ 20.856611095465496, 54.141449523573257 ], [ 20.863067758237957, 54.129786424579059 ], [ 20.869391946132769, 54.118124990080354 ], [ 20.87558552888671, 54.106465212573298 ], [ 20.875805627514342, 54.106044527349809 ], [ 20.881794082513697, 54.094804835831091 ], [ 20.887876228434727, 54.083146076463642 ], [ 20.893828275397091, 54.071489012505808 ], [ 20.895264479997341, 54.068626593159429 ], [ 20.899759591089051, 54.059831936210131 ], [ 20.905594855407593, 54.048176044508232 ], [ 20.911300242171212, 54.036521889743852 ], [ 20.914615728060756, 54.029609229318034 ], [ 20.916932726864882, 54.024868582544137 ], [ 20.922515463864848, 54.013215763172504 ], [ 20.927968240259112, 54.001564725805501 ], [ 20.933292511272889, 53.989915465504943 ], [ 20.933843377957992, 53.988685951881571 ], [ 20.938602709678818, 53.978266153571973 ], [ 20.943796029146753, 53.966618455622246 ], [ 20.948860298148382, 53.954972585034142 ], [ 20.952923744789274, 53.945394910398058 ], [ 20.953818002752591, 53.943328193073533 ], [ 20.958744043221511, 53.931684071722387 ], [ 20.963540125567725, 53.920041832750769 ], [ 20.968207365552463, 53.908401474250759 ], [ 20.97182576358971, 53.899131109958006 ], [ 20.972769089994042, 53.896762628638832 ], [ 20.977287705974003, 53.885124280348748 ], [ 20.981676018975261, 53.873487874601935 ], [ 20.985934920252515, 53.861853411768209 ], [ 20.990065234524003, 53.85022089277134 ], [ 20.990501718271915, 53.848955532580945 ], [ 20.994153156110009, 53.838588898660902 ], [ 20.998120129749697, 53.826958742899819 ], [ 21.001956252060932, 53.815330603609951 ], [ 21.005662090385854, 53.803704484702138 ], [ 21.008871414643497, 53.793274500151497 ], [ 21.009246907984085, 53.792080243839145 ], [ 21.012775547904177, 53.780456803799424 ], [ 21.016170914615035, 53.76883546690857 ], [ 21.019433284572447, 53.757216240701958 ], [ 21.022562848061256, 53.745599133696857 ], [ 21.025559706179852, 53.733984155457932 ], [ 21.026782275434186, 53.729028982461287 ], [ 21.028462930991356, 53.722370655154599 ], [ 21.031258686273208, 53.710758874869605 ], [ 21.033917422308896, 53.699149324720238 ], [ 21.036438883387078, 53.687542019081114 ], [ 21.038822707477014, 53.675936973691527 ], [ 21.041068421953064, 53.664334205736338 ], [ 21.043175439055144, 53.652733733929757 ], [ 21.043861958895377, 53.648683743028784 ], [ 21.045174015126026, 53.641135049450035 ], [ 21.047045337611809, 53.629538480275173 ], [ 21.048771683334721, 53.617944336701861 ], [ 21.050352001657672, 53.606352643965081 ], [ 21.051785102552252, 53.594763429223491 ], [ 21.053069650485916, 53.583176721659974 ], [ 21.054204157971316, 53.57159255258599 ], [ 21.055186978762322, 53.560010955549309 ], [ 21.05601630067958, 53.548431966445534 ], [ 21.056690138047127, 53.536855623633116 ], [ 21.057206323719669, 53.525281968052603 ], [ 21.057562500678532, 53.513711043349389 ], [ 21.057733186872046, 53.503493293173094 ], [ 21.057757542540404, 53.502142871386013 ], [ 21.057795145978218, 53.490577390322443 ], [ 21.057661453915301, 53.479014839996289 ], [ 21.057353352499597, 53.467455274561978 ], [ 21.056867494695904, 53.455898751425103 ], [ 21.056200289141593, 53.444345331383715 ], [ 21.055347888388876, 53.432795078773665 ], [ 21.054306176496038, 53.421248061617831 ], [ 21.053309304673331, 53.41192759676121 ], [ 21.053072527172606, 53.409704321316667 ], [ 21.051650203162065, 53.398163797035565 ], [ 21.050026493764062, 53.386626701534638 ], [ 21.048195911766435, 53.375093122020125 ], [ 21.046152617627897, 53.363563150383513 ], [ 21.043890401450255, 53.352036883383121 ], [ 21.041402663891599, 53.340514422829287 ], [ 21.03868239595116, 53.328995875772577 ], [ 21.035722157552595, 53.317481354694756 ], [ 21.032514054846985, 53.305970977701897 ], [ 21.029049716151789, 53.294464868718883 ], [ 21.026539938228122, 53.28670246992187 ], [ 21.025329376377119, 53.282963002919452 ], [ 21.021353810284129, 53.271465344683378 ], [ 21.017093159068693, 53.259972375259856 ], [ 21.012536526194754, 53.248484249718359 ], [ 21.007672368709141, 53.237001130266002 ], [ 21.00296973355918, 53.226577838868558 ], [ 21.002490968574634, 53.225523144299117 ], [ 20.997000851149025, 53.214050109281281 ], [ 20.991161503184305, 53.202582661438761 ], [ 20.984957900857498, 53.191121001697482 ], [ 20.980223032651892, 53.18285087303434 ], [ 20.978379364765352, 53.179665252513416 ], [ 20.971414466008763, 53.168215542962436 ], [ 20.964029218366178, 53.156772367907791 ], [ 20.957919052947975, 53.14781211069208 ], [ 20.956205036259586, 53.145335956714 ], [ 20.947919245936323, 53.133906596130473 ], [ 20.939142319135815, 53.12248467318782 ], [ 20.935907991117215, 53.118466104349302 ], [ 20.929838888705635, 53.111070655207726 ], [ 20.919979011333261, 53.099664904449916 ], [ 20.914108729602681, 53.093202973583324 ], [ 20.909520570687462, 53.088267961225526 ], [ 20.898417120014166, 53.0768804117386 ], [ 20.892472762333039, 53.071070945267458 ], [ 20.886619204675288, 53.065502862793934 ], [ 20.874075278865622, 53.054135923166662 ], [ 20.870967500923715, 53.051435466939765 ], [ 20.860692303012737, 53.042780815912927 ], [ 20.849570560584731, 53.033867101731133 ], [ 20.846433931586798, 53.031437825912697 ], [ 20.831173883041178, 53.020108587000173 ], [ 20.828264641401827, 53.018034143927061 ], [ 20.81479484576715, 53.008794508611288 ], [ 20.807037006897922, 53.003696786254842 ], [ 20.797195138762383, 52.997496670293032 ], [ 20.785876817505191, 52.990648595753434 ], [ 20.778209548231793, 52.986217006654918 ], [ 20.764776020374796, 52.978740693726529 ], [ 20.757634077881203, 52.974957876201266 ], [ 20.7437278152379, 52.967847444946315 ], [ 20.735216752488437, 52.963722138966752 ], [ 20.722726452998266, 52.957862990088621 ], [ 20.710645740171678, 52.95251324931688 ], [ 20.701767070936587, 52.948698405384214 ], [ 20.683533876504139, 52.941335365825722 ], [ 20.680845557314935, 52.940279371543966 ], [ 20.659958383617322, 52.932542792833097 ], [ 20.653188371055492, 52.930196400824293 ], [ 20.639102311732149, 52.925429823804123 ], [ 20.61894602054511, 52.91910292815777 ], [ 20.618274785767575, 52.918896693632277 ], [ 20.597473000525383, 52.91289042573073 ], [ 20.579319331681937, 52.908071378407584 ], [ 20.576695308535324, 52.907386989319285 ], [ 20.555939155894883, 52.902335674727745 ], [ 20.535203541767093, 52.897726861404642 ], [ 20.532268035787855, 52.89712271976417 ], [ 20.514486024115676, 52.893508999651161 ], [ 20.49378585438053, 52.889676849141303 ], [ 20.473636705203589, 52.886299787257656 ], [ 20.47310181245642, 52.886210918975763 ], [ 20.452431719545544, 52.883061873390744 ], [ 20.431775424741833, 52.880239026001576 ], [ 20.411131876732497, 52.877724476125977 ], [ 20.392498663642261, 52.875714096773706 ], [ 20.39050001445732, 52.875498920350772 ], [ 20.369878292219497, 52.873526481493222 ], [ 20.349266644550514, 52.871816752848808 ], [ 20.328664290235704, 52.87035648625676 ], [ 20.308070501001655, 52.869133338515987 ], [ 20.287484597380736, 52.868135807518556 ], [ 20.266905944902266, 52.867353172858451 ], [ 20.24633395058239, 52.866775440534859 ], [ 20.2257680596874, 52.866393291398339 ], [ 20.205207752747448, 52.866198033013291 ], [ 20.184652439181775, 52.8661777510425 ], [ 20.164101845234299, 52.866331518095485 ], [ 20.143555541075699, 52.866652399386638 ], [ 20.132396833336969, 52.866914716434188 ], [ 20.123013060754936, 52.867131549036571 ], [ 20.102473934119654, 52.867759292382701 ], [ 20.081937874590292, 52.868532595289885 ], [ 20.061404543014273, 52.869446032558955 ], [ 20.040873618475651, 52.870494511065822 ], [ 20.020344796816769, 52.871673240816364 ], [ 19.999817789269191, 52.872977707100297 ], [ 19.979292321186183, 52.874403643571476 ], [ 19.958768130869643, 52.875947006088047 ], [ 19.938244968485353, 52.877603947151293 ], [ 19.917722595060958, 52.879370790785366 ], [ 19.906221379577254, 52.88042040815931 ], [ 19.897200428676221, 52.881226912175741 ], [ 19.876678105958916, 52.883160596608114 ], [ 19.85615586955139, 52.885189772404672 ], [ 19.835633520154563, 52.887311142778131 ], [ 19.81511086567939, 52.889521466053132 ], [ 19.794587720663401, 52.891817531037731 ], [ 19.785724325429698, 52.89284283634494 ], [ 19.774063347067035, 52.894164775211657 ], [ 19.753537683717038, 52.896563906305879 ], [ 19.733010993709037, 52.899034929014945 ], [ 19.712483119410262, 52.901574500061507 ], [ 19.691953908051893, 52.904179188747797 ], [ 19.68539262486367, 52.905028173200641 ], [ 19.671422515185085, 52.906800412896139 ], [ 19.650889168551657, 52.909455009596158 ], [ 19.630354064494853, 52.912159841742486 ], [ 19.609817074708257, 52.914910926877141 ], [ 19.593804527646, 52.917085231894383 ], [ 19.589277858933421, 52.917688118437866 ], [ 19.568735763663767, 52.920444463991366 ], [ 19.548191455487881, 52.923230506629878 ], [ 19.527644831940307, 52.926041388776987 ], [ 19.50709579607177, 52.92887194186634 ], [ 19.505751361158246, 52.929056562842916 ], [ 19.486543450472279, 52.931644747152312 ], [ 19.465988506422349, 52.934418528515593 ], [ 19.445430949691513, 52.937192166135475 ], [ 19.424870716037557, 52.939959218494813 ], [ 19.417322715409355, 52.940963851794024 ], [ 19.404307297276166, 52.942664314262565 ], [ 19.383740889649197, 52.945319840750756 ], [ 19.363171729981154, 52.947945825172013 ], [ 19.342599796145091, 52.950534319284564 ], [ 19.324096987273514, 52.952818423602785 ], [ 19.32202502313859, 52.953069570879101 ], [ 19.301447030441757, 52.955486153891513 ], [ 19.280866340772874, 52.957838881907698 ], [ 19.260282986399769, 52.960118198091102 ], [ 19.23969701495302, 52.962314034039672 ], [ 19.219108490659021, 52.964415811086738 ], [ 19.216918185954544, 52.964626071974401 ], [ 19.19851725799678, 52.9663605826374 ], [ 19.177923691206097, 52.968185276613596 ], [ 19.157327940675945, 52.969884466789182 ], [ 19.136730146773107, 52.971446257345164 ], [ 19.116130471568777, 52.972858382750076 ], [ 19.095529099840423, 52.974108261136713 ], [ 19.074926239940694, 52.975183060161491 ], [ 19.054322124492309, 52.976069776156436 ], [ 19.044973929576464, 52.976379158230543 ], [ 19.03371700226926, 52.976744284394528 ], [ 19.013111173854899, 52.977201781906466 ], [ 18.99250494878213, 52.977438831725195 ], [ 18.971898648873065, 52.977443178106654 ], [ 18.951292618856669, 52.977202940073518 ], [ 18.93068722521221, 52.976706761814569 ], [ 18.921296035869226, 52.97636161415199 ], [ 18.910082879991265, 52.97593172024304 ], [ 18.889480019940869, 52.974862274579202 ], [ 18.868879059763934, 52.973499894003851 ], [ 18.848280442388639, 52.971837144679732 ], [ 18.827684618747558, 52.969868083561749 ], [ 18.807092043424024, 52.967588429938729 ], [ 18.786503169876426, 52.964995723677241 ], [ 18.783876941175691, 52.964627520215437 ], [ 18.765918822055983, 52.962019710887049 ], [ 18.745339218282677, 52.958715837065071 ], [ 18.724764728822446, 52.955098977738444 ], [ 18.713284049872922, 52.952914471547381 ], [ 18.704196060110696, 52.951130532610577 ], [ 18.683633758698949, 52.946803760581155 ], [ 18.663077779952243, 52.94218958232814 ], [ 18.658939273644059, 52.941207172566095 ], [ 18.642529195342068, 52.937207133644293 ], [ 18.62198775728509, 52.93194440265286 ], [ 18.612867996392108, 52.929502205261691 ], [ 18.601454104740025, 52.926374689119989 ], [ 18.58092831556775, 52.92053455366166 ], [ 18.571622993420672, 52.917796816301795 ], [ 18.56041067021367, 52.914433681539336 ], [ 18.539901115376523, 52.90811147697729 ], [ 18.533500509032745, 52.9060893544127 ], [ 18.51940000195162, 52.901564066908946 ], [ 18.498906715584365, 52.89487184873272 ], [ 18.49742227999829, 52.894378268168659 ], [ 18.478422083737556, 52.887982488886379 ], [ 18.462761339829779, 52.882662584982228 ], [ 18.457944964781355, 52.881009383549873 ], [ 18.437475864244998, 52.873922183683689 ], [ 18.428903477144651, 52.870940592191573 ], [ 18.417014221856444, 52.866774262561556 ], [ 18.396559467004611, 52.859612535091905 ], [ 18.395415225196139, 52.859210768398228 ], [ 18.376112160141592, 52.852398918270659 ], [ 18.36205506725878, 52.847472126199762 ], [ 18.355670996356967, 52.845226124408867 ], [ 18.335236176547518, 52.838076937524491 ], [ 18.328457039666617, 52.835722700942668 ], [ 18.314807330810211, 52.830972459869699 ], [ 18.294383563615821, 52.823963821518781 ], [ 18.294374770759024, 52.823960822566626 ], [ 18.273965696309009, 52.816993431155851 ], [ 18.259632453048976, 52.81218497297548 ], [ 18.253552250094241, 52.810144238494438 ], [ 18.233143645663315, 52.803382477894729 ], [ 18.223975900049187, 52.800392905643271 ], [ 18.212739389315907, 52.79672850586288 ], [ 18.192339099565917, 52.790194591321885 ], [ 18.18723407944367, 52.788582619253184 ], [ 18.171943111415523, 52.783754073437997 ], [ 18.151550421153832, 52.777451682167403 ], [ 18.149257448753577, 52.776752026834572 ], [ 18.131162008875663, 52.771228355361892 ], [ 18.110776443279093, 52.765148774195332 ], [ 18.109929277788297, 52.764899059442982 ], [ 18.090395144664278, 52.75913501593628 ], [ 18.070016464329822, 52.753260038608879 ], [ 18.069181028612579, 52.753021826814383 ], [ 18.049642037788736, 52.747439673077359 ], [ 18.029270226857339, 52.741744082026223 ], [ 18.027009904573099, 52.741118833468228 ], [ 18.008902638128276, 52.736094669273093 ], [ 17.988537890081197, 52.730548223769546 ], [ 17.983495625257515, 52.729189235356735 ], [ 17.968177299682754, 52.725042782810725 ], [ 17.947820003898169, 52.719611720580232 ], [ 17.938812498826191, 52.717233104069507 ], [ 17.927466758139342, 52.714219920531839 ], [ 17.90711748904446, 52.708868026826231 ], [ 17.893232560210457, 52.705251648061036 ], [ 17.886772116089908, 52.703556920993641 ], [ 17.866431625819878, 52.698246238479086 ], [ 17.847116445702408, 52.693247331392783 ], [ 17.846094837419297, 52.692980628576464 ], [ 17.825764052275748, 52.687671883671939 ], [ 17.805437304463453, 52.68239412281946 ], [ 17.800937194671302, 52.681224306146568 ], [ 17.785116771859588, 52.677067211462486 ], [ 17.764801354126035, 52.671732458527089 ], [ 17.755132634497908, 52.669187091448563 ], [ 17.744492170030938, 52.66635110760302 ], [ 17.724189433907299, 52.660917897700756 ], [ 17.710137779145427, 52.657140852672896 ], [ 17.703893039149431, 52.655438740779104 ], [ 17.68360452132637, 52.649864511512668 ], [ 17.666347892828444, 52.645090958976475 ], [ 17.663322610841124, 52.644241020461855 ], [ 17.643050042654064, 52.638481976275422 ], [ 17.624082159224923, 52.633042453039195 ], [ 17.622784594939883, 52.632663931519353 ], [ 17.602529913261261, 52.626674888436497 ], [ 17.583568381259276, 52.620999691512409 ], [ 17.5822832238476, 52.620607803243686 ], [ 17.562048582433686, 52.614342046153553 ], [ 17.544940607299417, 52.608966121721167 ], [ 17.541823300623779, 52.60796657323899 ], [ 17.521611080578882, 52.60137576223503 ], [ 17.50824745383175, 52.596944205475566 ], [ 17.501410248149163, 52.594627121412202 ], [ 17.481223065580863, 52.587661292893962 ], [ 17.473467432096378, 52.584935469007753 ], [ 17.461050155144012, 52.58046877781301 ], [ 17.440890863235246, 52.57307650042781 ], [ 17.440527409798026, 52.57294064034302 ], [ 17.420749812487951, 52.565363151729336 ], [ 17.409490889525845, 52.560962114223841 ], [ 17.400624616499432, 52.557406072403104 ], [ 17.380516730034458, 52.549174488925537 ], [ 17.380093569999282, 52.548997777430081 ], [ 17.360430513903015, 52.540561089822944 ], [ 17.352414234209036, 52.537049953809067 ], [ 17.340364367271999, 52.531621683425328 ], [ 17.326218896678448, 52.525116545827416 ], [ 17.32031996218938, 52.522323649207777 ], [ 17.301435303383524, 52.513197507405913 ], [ 17.300299130867888, 52.512631667425055 ], [ 17.280305193605098, 52.502473838653934 ], [ 17.278026439158804, 52.501293192474016 ], [ 17.260339195971, 52.491839029950114 ], [ 17.25586779902477, 52.489402587023712 ], [ 17.240402787916217, 52.480701376393107 ], [ 17.234861060481506, 52.477524931558435 ], [ 17.220498368944433, 52.469017469630025 ], [ 17.214929570307383, 52.465659687751234 ], [ 17.200628485685058, 52.456742049323012 ], [ 17.19599924898224, 52.453806273794328 ], [ 17.180795812098065, 52.443828556976513 ], [ 17.177999538478947, 52.441964087664722 ], [ 17.161003118637378, 52.430229917299293 ], [ 17.160864113053865, 52.43013252676824 ], [ 17.144572807150304, 52.418311654344066 ], [ 17.141256692926714, 52.415817205828759 ], [ 17.129031242714959, 52.406500329388983 ], [ 17.121557412218294, 52.400593839158105 ], [ 17.114183170437457, 52.394697953598495 ], [ 17.101908029007379, 52.384519190495929 ], [ 17.099979761884356, 52.382904006525727 ], [ 17.086415565223945, 52.371118635418824 ], [ 17.082316990704577, 52.36742252779527 ], [ 17.073425845690103, 52.359341007874235 ], [ 17.06278542941185, 52.349306630073144 ], [ 17.060955596115154, 52.347570413251418 ], [ 17.049012781544079, 52.335807150186348 ], [ 17.043322607054325, 52.329989687927203 ], [ 17.037533886786346, 52.324050325872676 ], [ 17.026495893653493, 52.312299693209901 ], [ 17.023930414676222, 52.309461672317433 ], [ 17.015885829649438, 52.300555160063993 ], [ 17.005657409705069, 52.288816062092927 ], [ 17.004616976402687, 52.287573822256014 ], [ 16.99581161386164, 52.277082517074142 ], [ 16.986307040682092, 52.265353916391518 ], [ 16.985390664275908, 52.26417668306339 ], [ 16.977138737793556, 52.253630259350196 ], [ 16.968282209142739, 52.241911204318626 ], [ 16.96625982794718, 52.239125875363719 ], [ 16.9597221224546, 52.230196558002625 ], [ 16.951448180390496, 52.218486207677266 ], [ 16.94723256187353, 52.212286743052367 ], [ 16.943444249609996, 52.206779933797414 ], [ 16.935698315643315, 52.195077582490171 ], [ 16.92831664328914, 52.183535093478078 ], [ 16.928215511429499, 52.183379296124969 ], [ 16.920954627121517, 52.171684399683393 ], [ 16.913945143913669, 52.159993456906861 ], [ 16.909538902769441, 52.152343199342091 ], [ 16.907168761122801, 52.14830618914889 ], [ 16.90060752822243, 52.136622318206491 ], [ 16.894292603924196, 52.124942437790082 ], [ 16.890916451614522, 52.118404367229061 ], [ 16.888200747768344, 52.113266172442849 ], [ 16.882327513670791, 52.101593478094792 ], [ 16.876709555739733, 52.089925049108054 ], [ 16.87249942104561, 52.080725296263147 ], [ 16.871340765966369, 52.078260813076533 ], [ 16.866194734855267, 52.066600327143419 ], [ 16.861330313079364, 52.054944690196017 ], [ 16.856760505567323, 52.043294175350177 ], [ 16.85441061617496, 52.036821504413865 ], [ 16.852474058389237, 52.031648613367913 ], [ 16.848484672674225, 52.020008287117335 ], [ 16.844843678065633, 52.008374167956674 ], [ 16.841572729550691, 51.996746687178685 ], [ 16.838695479383528, 51.985126311960428 ], [ 16.837097751725086, 51.977527233001595 ], [ 16.836224647583936, 51.973513307225822 ], [ 16.834182904506438, 51.961908118032873 ], [ 16.832624513241907, 51.950311768459393 ], [ 16.831580826441062, 51.93872485816636 ], [ 16.831084362104455, 51.927148003144815 ], [ 16.831168456669516, 51.915581827908667 ], [ 16.831866841506987, 51.904026956109021 ], [ 16.833213139499939, 51.892483999542272 ], [ 16.835240280962289, 51.880953545590138 ], [ 16.837979841482699, 51.869436143212027 ], [ 16.841461308338882, 51.857932287705566 ], [ 16.843045556192735, 51.853626480696185 ], [ 16.845699733861512, 51.846442192895793 ], [ 16.850727161611005, 51.834966366662421 ], [ 16.856574608179454, 51.823505277377429 ], [ 16.863259827058936, 51.812059129565313 ], [ 16.865248507633485, 51.809028015934338 ], [ 16.870789640358154, 51.800627908070609 ], [ 16.879191944251151, 51.789211958116823 ], [ 16.886678451939197, 51.780008225006441 ], [ 16.888476393922708, 51.777811270270448 ], [ 16.898660999724285, 51.766425961693329 ], [ 16.907800262546388, 51.757046027011334 ], [ 16.909752471338482, 51.755055921855401 ], [ 16.921775853800135, 51.743701341053942 ], [ 16.928740070396149, 51.737585905920476 ], [ 16.934733793762135, 51.732361983806754 ], [ 16.948643161608828, 51.721037839473766 ], [ 16.949561615162615, 51.72033498308592 ], [ 16.963535861822702, 51.709729127198706 ], [ 16.970285566646705, 51.704904402051319 ], [ 16.97941351685008, 51.698435504818903 ], [ 16.990940210414031, 51.690715473036306 ], [ 16.996300859556207, 51.687156998700054 ], [ 17.011536016138759, 51.677570315672625 ], [ 17.01422526864604, 51.6758936400702 ], [ 17.03208128609247, 51.665312043119719 ], [ 17.033216886950491, 51.664645462711078 ], [ 17.052582693630729, 51.653814601884868 ], [ 17.053308772827911, 51.653412500654511 ], [ 17.073045668787891, 51.64297548549623 ], [ 17.07453708823568, 51.642194785852894 ], [ 17.093474679313804, 51.632710416568159 ], [ 17.096941327537714, 51.630992345781344 ], [ 17.113873438775872, 51.622949403864872 ], [ 17.120564591739505, 51.619805200917511 ], [ 17.134245062871354, 51.613633776999684 ], [ 17.145453913474565, 51.608633362027057 ], [ 17.154592188365775, 51.604713927509465 ], [ 17.171660638887897, 51.597476827164414 ], [ 17.174917064662701, 51.596147567807463 ], [ 17.195219822474865, 51.587943854439771 ], [ 17.199240308715027, 51.586335569606312 ], [ 17.215502405087857, 51.580066059499138 ], [ 17.22824904497767, 51.57520947221925 ], [ 17.235767929139826, 51.572445377128361 ], [ 17.256016751608836, 51.565081805248525 ], [ 17.258743190742639, 51.564098314690426 ], [ 17.27624830544822, 51.557999749514806 ], [ 17.290769717636877, 51.553001626457316 ], [ 17.296466457129601, 51.551106103793877 ], [ 17.316670016213177, 51.544440180177254 ], [ 17.32438148911411, 51.541918910790613 ], [ 17.336860418247472, 51.537971190792732 ], [ 17.357039419300314, 51.531657882100561 ], [ 17.359636242881816, 51.530849615474438 ], [ 17.377205325630264, 51.525553917263764 ], [ 17.396561510279252, 51.519792638264207 ], [ 17.39736184725804, 51.519561771299138 ], [ 17.417506145284342, 51.513767806018151 ], [ 17.435179509980376, 51.508746700376328 ], [ 17.437642043838835, 51.508068132513543 ], [ 17.457767119166345, 51.502538389520538 ], [ 17.475541486874462, 51.497710798006175 ], [ 17.477884449707179, 51.497093114515586 ], [ 17.49799183844139, 51.491802687178591 ], [ 17.517683442034137, 51.486683587451296 ], [ 17.518092308906787, 51.486580339119406 ], [ 17.538183322061791, 51.481508408606295 ], [ 17.558267913216696, 51.476497094682102 ], [ 17.561616101190367, 51.475663282774917 ], [ 17.578344095722429, 51.471612990952757 ], [ 17.598413789907195, 51.46679904898361 ], [ 17.607423692095814, 51.464648872740071 ], [ 17.618476267770099, 51.462082553090873 ], [ 17.638531937506219, 51.45745422521879 ], [ 17.655218311607726, 51.453639446511545 ], [ 17.658581599872157, 51.45289082713856 ], [ 17.678623977420436, 51.448439675434038 ], [ 17.698660943983111, 51.444040173035951 ], [ 17.705096963325804, 51.442633646078484 ], [ 17.718691274849707, 51.439738608033181 ], [ 17.738715770135528, 51.435510720348255 ], [ 17.75730043988877, 51.431631364623875 ], [ 17.758734993660962, 51.431339381788398 ], [ 17.77874751533351, 51.427281113866279 ], [ 17.798755054726705, 51.423276111205411 ], [ 17.812102219018954, 51.420632268288799 ], [ 17.818757129526929, 51.419345885413499 ], [ 17.838753276659158, 51.415512679952343 ], [ 17.85874463316058, 51.411736043688435 ], [ 17.869986835424829, 51.409637385451639 ], [ 17.878730605386625, 51.40804336572176 ], [ 17.898711082074033, 51.404443953370944 ], [ 17.918686942629009, 51.40090579322554 ], [ 17.931630561761075, 51.398648315818157 ], [ 17.93865776656806, 51.39745060396303 ], [ 17.958623232781417, 51.394097400777781 ], [ 17.978584255691565, 51.390811205191831 ], [ 17.998078526452897, 51.38766806862656 ], [ 17.998540855767011, 51.387595176682574 ], [ 18.018491976135472, 51.384503088359303 ], [ 18.038438837353848, 51.381484518888563 ], [ 18.058381492876926, 51.378541623363596 ], [ 18.071159492826006, 51.376702983284858 ], [ 18.078319632731127, 51.375694836589055 ], [ 18.098253060872679, 51.372960605179003 ], [ 18.1181824972209, 51.370309181676404 ], [ 18.138108006160895, 51.367742965566087 ], [ 18.154011525389041, 51.365763351458426 ], [ 18.158029485218261, 51.365273678148391 ], [ 18.177946538448435, 51.362930567863359 ], [ 18.197859919631885, 51.360679972946841 ], [ 18.217769707238045, 51.358524432216832 ], [ 18.23767598323121, 51.356466534442404 ], [ 18.253858052976486, 51.354874675604052 ], [ 18.257578716355717, 51.354516145691861 ], [ 18.277477644038811, 51.352698921940828 ], [ 18.297373374896122, 51.350986468036055 ], [ 18.317266006889533, 51.349381425145943 ], [ 18.337155641844539, 51.347886478405449 ], [ 18.357042385505871, 51.346504359743342 ], [ 18.376926347584774, 51.345237851886246 ], [ 18.396155957360406, 51.34412749736979 ], [ 18.396807630920396, 51.344090622426933 ], [ 18.416686082147482, 51.343087016117821 ], [ 18.436562149416034, 51.342205752416994 ], [ 18.456435958158792, 51.341449711501163 ], [ 18.476307637749059, 51.340821859539844 ], [ 18.496177321547695, 51.340325261602842 ], [ 18.516045146966064, 51.33996309625752 ], [ 18.535911255550246, 51.339738671858377 ], [ 18.555775793091666, 51.339655444506896 ], [ 18.575638909769822, 51.339717037632212 ], [ 18.595500760332634, 51.339927263115904 ], [ 18.615361504320067, 51.340290143855626 ], [ 18.635221306336447, 51.340809937632017 ], [ 18.655080336376784, 51.34149116211222 ], [ 18.674938770212002, 51.342338620790848 ], [ 18.694796789837561, 51.343357429633663 ], [ 18.714654583989461, 51.344553044152804 ], [ 18.726357739192437, 51.345364150611566 ], [ 18.734512266071444, 51.345945592280906 ], [ 18.754369995402712, 51.347553123811871 ], [ 18.774228115919996, 51.349362476251613 ], [ 18.794086856401218, 51.351381119928973 ], [ 18.813946456640394, 51.353617012108799 ], [ 18.833807168443919, 51.35607861799712 ], [ 18.841681636092151, 51.357143645877542 ], [ 18.853669109214959, 51.358821215432499 ], [ 18.873532638767244, 51.36184681391731 ], [ 18.893398170007551, 51.365136136981143 ], [ 18.913266025271398, 51.368700321179261 ], [ 18.913709868047096, 51.368785690562071 ], [ 18.933136379065093, 51.372665389190054 ], [ 18.953009843458499, 51.376943342139377 ], [ 18.967886454619041, 51.380379893779022 ], [ 18.972886798551698, 51.381581619443573 ], [ 18.992767699135456, 51.38667787341096 ], [ 19.011971853277377, 51.391950489994905 ], [ 19.0126531189815, 51.392145421334327 ], [ 19.032543681528146, 51.398178493458154 ], [ 19.049027143813941, 51.403507632151729 ], [ 19.052439991056133, 51.404659128021329 ], [ 19.072342905165652, 51.411759068853399 ], [ 19.081080402754711, 51.415056605815984 ], [ 19.092253201124475, 51.419461274553271 ], [ 19.109404310688177, 51.426600335460591 ], [ 19.112171763870865, 51.427804188963769 ], [ 19.132099794241814, 51.436911985200965 ], [ 19.134664188517341, 51.43814076314608 ], [ 19.152038484950477, 51.446840542300698 ], [ 19.157456984030187, 51.449679069965612 ], [ 19.171989075417908, 51.457631499111329 ], [ 19.17827162034655, 51.461215952854651 ], [ 19.191953037848378, 51.469363876373443 ], [ 19.197428318325144, 51.47275192687276 ], [ 19.211931949467342, 51.482108684631683 ], [ 19.215193237145986, 51.484287316641257 ], [ 19.231784330732527, 51.495822324220477 ], [ 19.231927459552015, 51.495925697005127 ], [ 19.247287673344083, 51.507357266370605 ], [ 19.251941745525837, 51.510950432558445 ], [ 19.261958217059544, 51.518892005350821 ], [ 19.271975967014871, 51.527106395792643 ], [ 19.275932255293373, 51.530426533171479 ], [ 19.289271128918376, 51.541960947543068 ], [ 19.292031789989082, 51.544416257974149 ], [ 19.302055526552945, 51.55349525744078 ], [ 19.312110379189399, 51.562822537611495 ], [ 19.31445432118047, 51.565029191755293 ], [ 19.3264554806516, 51.576562906274241 ], [ 19.332212252503801, 51.582192030594427 ], [ 19.338191990317611, 51.588096139966964 ], [ 19.349726639102172, 51.599628785322658 ], [ 19.352336748126618, 51.602268889457278 ], [ 19.361087891093792, 51.611160814479256 ], [ 19.372401729071345, 51.622691878457459 ], [ 19.372482568279942, 51.622774809804689 ], [ 19.383649532342559, 51.634222052089491 ], [ 19.392647618578266, 51.643396640895766 ], [ 19.394967079802434, 51.645750898049833 ], [ 19.406369064885073, 51.657278345735421 ], [ 19.412828489045019, 51.66373827815535 ], [ 19.417945535285568, 51.668804050605793 ], [ 19.429752533622629, 51.680327756585719 ], [ 19.433021724714671, 51.683473823060183 ], [ 19.441865356128648, 51.691849111594401 ], [ 19.453223934592678, 51.702342924234323 ], [ 19.454355946572534, 51.703367743557884 ], [ 19.46732413877432, 51.714883135817011 ], [ 19.47343198424937, 51.720155197403514 ], [ 19.480856871016158, 51.726394775516354 ], [ 19.493643189413408, 51.736793534874089 ], [ 19.49504994655096, 51.737902065254048 ], [ 19.510071721984691, 51.749404036630054 ], [ 19.513855386938459, 51.752205750475191 ], [ 19.526062791108863, 51.760899744415937 ], [ 19.534066943604039, 51.766392843664548 ], [ 19.543200358991115, 51.772387976272277 ], [ 19.554276631987655, 51.779389004570866 ], [ 19.56172859728364, 51.783867066735816 ], [ 19.574483510628895, 51.791246230996691 ], [ 19.581965780855668, 51.795334786275518 ], [ 19.594686888386345, 51.802028524059573 ], [ 19.604332867359464, 51.806788093365384 ], [ 19.614886265865604, 51.811805563827647 ], [ 19.629395978900533, 51.818222748640515 ], [ 19.635081279391144, 51.820647792491009 ], [ 19.655271610044096, 51.828620013846155 ], [ 19.658041447957515, 51.829632078593427 ], [ 19.675456980333578, 51.835782011450931 ], [ 19.691777451995783, 51.841004613441918 ], [ 19.695637322934704, 51.842200223923285 ], [ 19.715812374845679, 51.847921212822435 ], [ 19.733212028742731, 51.852319758058655 ], [ 19.735982086539305, 51.852999484475767 ], [ 19.75614629228869, 51.857476755825033 ], [ 19.776304905600625, 51.861394979145047 ], [ 19.788829340194631, 51.863526097983851 ], [ 19.796457830783016, 51.864791305209152 ], [ 19.81660500785512, 51.867701159161122 ], [ 19.836746303028189, 51.87015254902407 ], [ 19.856881629251387, 51.872173283822846 ], [ 19.877010909317537, 51.873789101005357 ], [ 19.886758702124244, 51.874394913385558 ], [ 19.89713413666037, 51.875026955532192 ], [ 19.917251235820988, 51.875908030580128 ], [ 19.937362086875865, 51.876449534071298 ], [ 19.957466624829244, 51.876669796695019 ], [ 19.977564786344971, 51.876585701261924 ], [ 19.997656508718428, 51.876212783299799 ], [ 20.017741728968961, 51.875565324929973 ], [ 20.037820383040685, 51.874656442414604 ], [ 20.057892405100993, 51.873498167765199 ], [ 20.066377297370721, 51.872904059235083 ], [ 20.077957880692026, 51.872107955340816 ], [ 20.09801678580072, 51.870497475470891 ], [ 20.118068951983361, 51.868671726913206 ], [ 20.138114312623067, 51.866639379279448 ], [ 20.158152797153384, 51.864408338535782 ], [ 20.178184330783886, 51.861985801816068 ], [ 20.192422351328158, 51.860127641389013 ], [ 20.198209049741116, 51.859386418604331 ], [ 20.218227309319772, 51.856631980596724 ], [ 20.238238531082455, 51.853708853193858 ], [ 20.258242633755323, 51.850622080190846 ], [ 20.276356230834622, 51.847680341239268 ], [ 20.278239637086291, 51.847379947801024 ], [ 20.298230497791312, 51.844022793281056 ], [ 20.318214165806321, 51.840519814999311 ], [ 20.338190553402949, 51.836874487519253 ], [ 20.346302490482447, 51.835333870233676 ], [ 20.358160490004231, 51.83312055757024 ], [ 20.378123778103674, 51.829256183852806 ], [ 20.39807972814285, 51.825263731665004 ], [ 20.408869282517131, 51.823034241314026 ], [ 20.418029106114158, 51.821172897503033 ], [ 20.437972162419335, 51.816995545485632 ], [ 20.457907845214205, 51.81270254255471 ], [ 20.466687211987914, 51.810760467824203 ], [ 20.477837294647301, 51.808333318050188 ], [ 20.497760371466899, 51.803886621878704 ], [ 20.51767606836097, 51.799335415482297 ], [ 20.521250884750639, 51.798500235890458 ], [ 20.537586379613213, 51.794742279227108 ], [ 20.557489849926164, 51.790066499527711 ], [ 20.573428741008581, 51.786246461512377 ], [ 20.577386509992508, 51.78531198495417 ], [ 20.597278099215139, 51.780530826194095 ], [ 20.617162478451402, 51.775664101811174 ], [ 20.623883910226464, 51.773993164924619 ], [ 20.637041597280611, 51.770768701554935 ], [ 20.656914656494887, 51.765823757007908 ], [ 20.673101815038329, 51.761735655785429 ], [ 20.676781220630573, 51.760819190416818 ], [ 20.696643437774839, 51.755814309562467 ], [ 20.716498779923089, 51.750742391125122 ], [ 20.721431187161688, 51.749470379434001 ], [ 20.736349854777149, 51.74567363878537 ], [ 20.756195135925338, 51.740568524643841 ], [ 20.769191081521527, 51.737193626110887 ], [ 20.776035043613778, 51.735438905247442 ], [ 20.795870895770957, 51.730318764969141 ], [ 20.815700426458534, 51.72515119212818 ], [ 20.816654506212732, 51.724901865245478 ], [ 20.835527366311553, 51.720029747144252 ], [ 20.855348509730867, 51.71487460316974 ], [ 20.864100636319037, 51.712591021176131 ], [ 20.875165963831957, 51.709737695033084 ], [ 20.894979525456833, 51.704613541331781 ], [ 20.911754235296829, 51.700257450056952 ], [ 20.914788214272413, 51.699478477451237 ], [ 20.934595068545921, 51.694404011948969 ], [ 20.95439688871997, 51.689314009158082 ], [ 20.959934473758551, 51.687895565130262 ], [ 20.974196842078886, 51.684281670420354 ], [ 20.993993403745179, 51.679270549113163 ], [ 21.008914883361442, 51.675500028740068 ], [ 21.013786653232241, 51.674281770614741 ], [ 21.033579011025015, 51.669368677765867 ], [ 21.053367599987304, 51.664465449420646 ], [ 21.059081582169473, 51.663063056320908 ], [ 21.073155677660562, 51.659643116454333 ], [ 21.092941804566955, 51.654868137772759 ], [ 21.110839322124242, 51.650575834808571 ], [ 21.112725453225718, 51.650127818226601 ], [ 21.132510329277299, 51.645500116558694 ], [ 21.152293018246045, 51.640909846236092 ], [ 21.164896217854135, 51.638023182686808 ], [ 21.172075333998407, 51.636393913693645 ], [ 21.191858748019961, 51.631980815669891 ], [ 21.211641038233498, 51.627622122521821 ], [ 21.221972013930149, 51.625388273890103 ], [ 21.231424459194951, 51.623362313785776 ], [ 21.251209541455623, 51.619209505836551 ], [ 21.270994640070956, 51.61512796844147 ], [ 21.283324669160887, 51.612642201030368 ], [ 21.290781551680716, 51.611151526271321 ], [ 21.310571529670998, 51.607302167312575 ], [ 21.330362696299314, 51.603540010216172 ], [ 21.350155456608761, 51.599870698136939 ], [ 21.350890090148464, 51.599739437842771 ], [ 21.369953396104165, 51.596360763155282 ], [ 21.389753788829601, 51.592954354603016 ], [ 21.409556906210515, 51.589654057742415 ], [ 21.428604907752437, 51.586587755163116 ], [ 21.429363246510714, 51.586466625426596 ], [ 21.449175733162615, 51.583443677815495 ], [ 21.468991943177134, 51.580536596873479 ], [ 21.488812207545109, 51.577748683639292 ], [ 21.50863683523675, 51.575082735518599 ], [ 21.52504439195587, 51.57298257987199 ], [ 21.528466485759232, 51.572547776485656 ], [ 21.548302681978797, 51.570167983155869 ], [ 21.56814383344847, 51.567911568404028 ], [ 21.587990109829956, 51.565778691824157 ], [ 21.607841638083983, 51.563768760863482 ], [ 21.627698498732695, 51.561880394112755 ], [ 21.647560722581041, 51.56011139419919 ], [ 21.667428287988525, 51.558458731353191 ], [ 21.671052802400371, 51.558179026320467 ], [ 21.687301967465448, 51.556932929330941 ], [ 21.707180839236131, 51.555515683589647 ], [ 21.727064531388496, 51.554198407369903 ], [ 21.746952807299426, 51.552975004503345 ], [ 21.76684537587872, 51.551838655058397 ], [ 21.786741893077092, 51.550781865961156 ], [ 21.806641964147069, 51.549796531726948 ], [ 21.826545146611124, 51.548874004057787 ], [ 21.846450953872182, 51.548005168819962 ], [ 21.86635885938464, 51.547180528728298 ], [ 21.886268301288883, 51.546390289916459 ], [ 21.906178687402608, 51.545624450522645 ], [ 21.926089400455407, 51.544872889413938 ], [ 21.945999803449968, 51.54412545323332 ], [ 21.965909245036169, 51.543372040089899 ], [ 21.985817064788488, 51.542602678377783 ], [ 22.00572259828672, 51.541807599427493 ], [ 22.025625181910751, 51.540977302935381 ], [ 22.045524157274226, 51.540102614375357 ], [ 22.065418875235896, 51.539174733855596 ], [ 22.085308699443765, 51.538185276148056 ], [ 22.1051930093812, 51.537126301841681 ], [ 22.125071202900138, 51.535990339805117 ], [ 22.142489129931153, 51.534920923429183 ], [ 22.144942755488227, 51.534771231237364 ], [ 22.164807514428784, 51.533468325995834 ], [ 22.184664538361304, 51.532069697667296 ], [ 22.204513320327365, 51.530569892867362 ], [ 22.2243533774373, 51.528963929846256 ], [ 22.244184250691443, 51.527247281254006 ], [ 22.264005504450804, 51.525415852654788 ], [ 22.283816725601309, 51.523465957585422 ], [ 22.303617522455852, 51.521394289912465 ], [ 22.323407523438373, 51.519197894208169 ], [ 22.332800059715055, 51.518092869160803 ], [ 22.343187001305409, 51.516882672031819 ], [ 22.362955672553451, 51.514446838753337 ], [ 22.38271266553993, 51.511880715503821 ], [ 22.402457684868082, 51.50918256855195 ], [ 22.422190447315909, 51.506350861815399 ], [ 22.441910679953565, 51.503384226087654 ], [ 22.44204118880976, 51.503363627566003 ], [ 22.461619918831836, 51.50030516800183 ], [ 22.481316288274687, 51.497090959299236 ], [ 22.500999537680034, 51.493740558298271 ], [ 22.52066943166885, 51.490253138915222 ], [ 22.525826729414597, 51.489300542132789 ], [ 22.540327419621732, 51.486649615749712 ], [ 22.559972382458795, 51.482917501683524 ], [ 22.579603513758215, 51.479048562567577 ], [ 22.596596958095617, 51.475577237308556 ], [ 22.599220945098395, 51.475046638483938 ], [ 22.618826576246079, 51.470937803429401 ], [ 22.638417951687014, 51.466692890569938 ], [ 22.657994849724492, 51.462311241236293 ], [ 22.659032640081943, 51.462071315703383 ], [ 22.677560109271774, 51.457830238996166 ], [ 22.69711087917025, 51.453216147743625 ], [ 22.715611895312101, 51.448717598811143 ], [ 22.716646944911179, 51.448468347355721 ], [ 22.736171393197775, 51.443626624113897 ], [ 22.755680779712151, 51.438650436679708 ], [ 22.767779838146843, 51.435478146741239 ], [ 22.775176354020015, 51.433556918362889 ], [ 22.794659080348879, 51.428359417384272 ], [ 22.814126316357246, 51.42302775153204 ], [ 22.816635582980183, 51.422323076087004 ], [ 22.833581671082019, 51.417606948057646 ], [ 22.853021909675043, 51.412059855758734 ], [ 22.86266777773287, 51.409240445841576 ], [ 22.872448575562661, 51.406406524582529 ], [ 22.891861661009585, 51.400648365817766 ], [ 22.90646738561437, 51.396213893078809 ], [ 22.91125982297828, 51.394771125425301 ], [ 22.930645595211164, 51.38880599264769 ], [ 22.94834212489782, 51.38323556570424 ], [ 22.950015439454322, 51.382713139708535 ], [ 22.969373728909133, 51.376544812239452 ], [ 22.988546633345329, 51.370298870178708 ], [ 22.988715440421906, 51.370244310206139 ], [ 23.008046063502317, 51.363876218015761 ], [ 23.02729222029852, 51.357398271456887 ], [ 23.027359823876946, 51.357375689391766 ], [ 23.046662578982552, 51.350810884997983 ], [ 23.064754660482635, 51.344529126052443 ], [ 23.065948564453127, 51.344117606790654 ], [ 23.085223228515677, 51.337358744127052 ], [ 23.101080452061787, 51.331687542975253 ], [ 23.104481608233257, 51.330479646046101 ], [ 23.123727933705517, 51.323528965246943 ], [ 23.136391864550589, 51.318870267946352 ], [ 23.142958868223591, 51.316470630236623 ], [ 23.162176580468476, 51.309329947397501 ], [ 23.170791028665768, 51.306074586964073 ], [ 23.181380220419516, 51.302098614132113 ], [ 23.200569015450544, 51.294769315210068 ], [ 23.204363264146796, 51.29329824591548 ], [ 23.219745500395103, 51.287370882222106 ], [ 23.23716562557631, 51.280539897290595 ], [ 23.238905749038999, 51.27986157842232 ], [ 23.258054500351989, 51.27229395146454 ], [ 23.269245864785582, 51.267798452618912 ], [ 23.27718780307972, 51.264626205458384 ], [ 23.296306966568711, 51.25687357784274 ], [ 23.300691666983056, 51.255071286613884 ], [ 23.315413430609045, 51.249052439537515 ], [ 23.331529923717781, 51.24235792074537 ], [ 23.334503932247731, 51.241128944209741 ], [ 23.353582315975679, 51.233144970909912 ], [ 23.36179853254793, 51.229657427098864 ], [ 23.372646133971465, 51.225075432411415 ], [ 23.391554348187011, 51.216968116516156 ], [ 23.391694158942091, 51.21690845112694 ], [ 23.410731298774508, 51.208696438166598 ], [ 23.420800259581849, 51.204290276494035 ], [ 23.429752760867807, 51.20039001627805 ], [ 23.448758993109067, 51.19199491004138 ], [ 23.449594553142447, 51.191622074198492 ], [ 23.467753941363412, 51.183552860515903 ], [ 23.477942665441457, 51.178963639520035 ], [ 23.486733280914212, 51.175019903797946 ], [ 23.505697197314905, 51.166398959692522 ], [ 23.505882758676808, 51.166313828895376 ], [ 23.524650086120989, 51.157735851416049 ], [ 23.533427475833786, 51.153672448153351 ], [ 23.543587480150652, 51.14898561778228 ], [ 23.560600169757951, 51.141038868493894 ], [ 23.562509459429801, 51.140150023981342 ], [ 23.581419389201621, 51.131263936547256 ], [ 23.587420269586982, 51.128412589564718 ], [ 23.600314958845189, 51.122304664719529 ], [ 23.613900711960884, 51.115793346287838 ], [ 23.619195198792212, 51.113263281770621 ], [ 23.638061318763885, 51.104152722464214 ], [ 23.640056844622329, 51.10318076276625 ], [ 23.656915129713809, 51.094991697670352 ], [ 23.66590937983635, 51.090574231793205 ], [ 23.675753676488775, 51.085751468405626 ], [ 23.69145895116538, 51.077973932566557 ], [ 23.694577019006203, 51.076433448379049 ], [ 23.713387216415317, 51.067058668187755 ], [ 23.71672809853094, 51.065379155528163 ], [ 23.732184061667894, 51.05762566653744 ], [ 23.741727377815216, 51.052789656368581 ], [ 23.750965741722435, 51.048117339013032 ], [ 23.766455389412322, 51.040205668380608 ], [ 23.769732305553465, 51.038534920297188 ], [ 23.788485333386021, 51.028894450974164 ], [ 23.790933215614075, 51.027626500437556 ], [ 23.807225270196046, 51.019200787206017 ], [ 23.815174198709901, 51.015051761360489 ], [ 23.825950104625463, 51.009435100017285 ], [ 23.839170512196034, 51.002481926011924 ], [ 23.844659875423467, 50.999598464089466 ], [ 23.862929698418949, 50.989916833155419 ], [ 23.863354618167904, 50.989691906240665 ], [ 23.882037291598717, 50.97974424390376 ], [ 23.886487955845254, 50.977355112255069 ], [ 23.900705170801434, 50.96973001238517 ], [ 23.90982663595647, 50.964797672746187 ], [ 23.919358005243385, 50.959647473008907 ], [ 23.932949536681445, 50.952244487874225 ], [ 23.937995821133192, 50.949497514127785 ], [ 23.955862871633805, 50.939695423868784 ], [ 23.956618641795693, 50.939280982580904 ], [ 23.975228807570893, 50.929020377083155 ], [ 23.978599215888899, 50.927149214115389 ], [ 23.993824436798331, 50.91869854509801 ], [ 24.001143688297013, 50.914606602843477 ], [ 24.012405025307803, 50.908311356994552 ], [ 24.023495802171428, 50.902067724309447 ], [ 24.030970587798691, 50.89785953935089 ], [ 24.045660706971031, 50.889532468019311 ], [ 24.049521136342111, 50.887343782654213 ], [ 24.067643340873285, 50.877000727776668 ], [ 24.068056680443508, 50.876764742519121 ], [ 24.086579319663389, 50.866142220275108 ], [ 24.089475581127118, 50.864471214985677 ], [ 24.10508717201024, 50.85545938274543 ], [ 24.11113835803696, 50.851944852954084 ], [ 24.104075275223646, 50.840677538155553 ], [ 24.103433904899767, 50.840349244023713 ], [ 24.083835669596564, 50.840977095796241 ], [ 24.064237473023582, 50.841609048350676 ], [ 24.044639283175446, 50.842244857782411 ], [ 24.025041069510007, 50.842884289969902 ], [ 24.005442802880708, 50.843527120136244 ], [ 23.987921379754503, 50.834136020121932 ], [ 23.984589575543996, 50.832424728589778 ], [ 23.967787397849541, 50.823420290776923 ], [ 23.9669072879304, 50.811881099552274 ], [ 23.9660161067, 50.800342374592027 ], [ 23.965114336299472, 50.788804095166739 ], [ 23.964202435827119, 50.777266241534697 ], [ 23.977740680237751, 50.768164507714467 ], [ 23.99727019649497, 50.767172038460565 ], [ 24.016798106740261, 50.766171230793312 ], [ 24.021127789796079, 50.763246564477576 ], [ 24.020207338667944, 50.75170931551478 ], [ 24.019277092580371, 50.740172483073806 ], [ 24.018337472651893, 50.728636048832094 ], [ 24.03144793256125, 50.719796275180173 ], [ 24.050956044213763, 50.718799842598735 ], [ 24.070462562270311, 50.717795269781703 ], [ 24.075193747224432, 50.714591678839746 ], [ 24.074245773279344, 50.70305585849038 ], [ 24.07328872298832, 50.691520428175693 ], [ 24.067289051670603, 50.68843567496257 ], [ 24.053054692359186, 50.680824420096627 ], [ 24.065555458921626, 50.672376587322972 ], [ 24.085043716423126, 50.671383638441249 ], [ 24.090611266394749, 50.667608759402384 ], [ 24.08963169867431, 50.656074386943573 ], [ 24.083018123319111, 50.652672667452308 ], [ 24.06937723444625, 50.645382278163233 ], [ 24.081353159138516, 50.637277940763774 ], [ 24.087649235226493, 50.633006644526034 ], [ 24.086646988448145, 50.621473245882022 ], [ 24.085637806602374, 50.609940144230414 ], [ 24.097126536872739, 50.60215485721212 ], [ 24.103888124285273, 50.597562619788661 ], [ 24.096200726811642, 50.593604637815943 ], [ 24.083599781311452, 50.586874781337755 ], [ 24.082571478217176, 50.575342496200712 ], [ 24.081537322041918, 50.563810460207591 ], [ 24.080497554339743, 50.552278662673224 ], [ 24.079452406253107, 50.540747093371991 ], [ 24.07840209904094, 50.529215742514495 ], [ 24.077346844578503, 50.517684600725637 ], [ 24.076286845830847, 50.506153659023681 ], [ 24.066699870493338, 50.501203145457147 ], [ 24.055945287638657, 50.495463912603412 ], [ 24.05487676488363, 50.483933217049369 ], [ 24.053804190902376, 50.472402690145486 ], [ 24.05272773210007, 50.460872324552447 ], [ 24.042295834092322, 50.455476230088649 ], [ 24.032367593771678, 50.450179570646334 ], [ 24.02163901727026, 50.444625481069053 ], [ 24.012000842843374, 50.439483641666882 ], [ 24.010916001844844, 50.427953386131378 ], [ 24.00982808838581, 50.416423254873564 ], [ 23.998543139934366, 50.410572853785759 ], [ 23.979137152938993, 50.411338631864034 ], [ 23.959730540249481, 50.412103395853798 ], [ 23.940323296613212, 50.412867087565765 ], [ 23.920915417028539, 50.413629650311407 ], [ 23.901506896733061, 50.414391028819239 ], [ 23.89296310998963, 50.409832135309919 ], [ 23.880903860926114, 50.403559089586295 ], [ 23.861498907063737, 50.404319147688625 ], [ 23.842093293932155, 50.405077816373272 ], [ 23.822687017772999, 50.405835046173053 ], [ 23.803280075004349, 50.406590788563875 ], [ 23.79530071313479, 50.402331625129811 ], [ 23.782703766992235, 50.3957600167263 ], [ 23.763300307434914, 50.39651358082488 ], [ 23.755575563616631, 50.39238973308391 ], [ 23.742738020423932, 50.385683710221414 ], [ 23.723338004853463, 50.38643470224514 ], [ 23.715846432542325, 50.382434573129281 ], [ 23.702789644768608, 50.375604963726985 ], [ 23.695449852862318, 50.371685430507689 ], [ 23.69438667660107, 50.360152338139372 ], [ 23.693322342396616, 50.348619281813008 ], [ 23.692256927604074, 50.337086258355413 ], [ 23.678830198372491, 50.330051188118226 ], [ 23.671868880128059, 50.326332901945705 ], [ 23.658318136496469, 50.319227097948676 ], [ 23.638943937670113, 50.319973745182523 ], [ 23.632160857232218, 50.316349042056096 ], [ 23.63110320778113, 50.30481532011536 ], [ 23.61732277998885, 50.297577363740693 ], [ 23.610726640681484, 50.294051054393478 ], [ 23.609671620346941, 50.28251708729924 ], [ 23.59572301984063, 50.275182709949696 ], [ 23.589303429715088, 50.271748877853575 ], [ 23.575254625530281, 50.264355840446868 ], [ 23.56894090900385, 50.260976963647906 ], [ 23.554795656695315, 50.253527157625967 ], [ 23.548584589289128, 50.250201325875658 ], [ 23.534346076147315, 50.242696347942051 ], [ 23.528235002342193, 50.239421946073364 ], [ 23.513905847226187, 50.231863097141151 ], [ 23.507892679010482, 50.228638806183831 ], [ 23.493474933890912, 50.22102709122538 ], [ 23.474137049701309, 50.221754235267973 ], [ 23.468257161381842, 50.218597207890348 ], [ 23.467231925716433, 50.207061176566214 ], [ 23.452640913798803, 50.1993455690356 ], [ 23.446914524970978, 50.196266653809275 ], [ 23.432237739567714, 50.188499442682016 ], [ 23.426606436163571, 50.185468305277617 ], [ 23.411843746505482, 50.177649347101806 ], [ 23.406308127404611, 50.174666117104913 ], [ 23.391458904765557, 50.166795004313556 ], [ 23.386020035867272, 50.163860076920038 ], [ 23.37108318668275, 50.155936154551235 ], [ 23.365742559852865, 50.15305017411891 ], [ 23.364746650961315, 50.141512381839533 ], [ 23.349665409329813, 50.133503106738281 ], [ 23.344486432511815, 50.130698246863773 ], [ 23.329313122544441, 50.122633612941641 ], [ 23.324237588334231, 50.119880232002643 ], [ 23.308969881775386, 50.111758921260559 ], [ 23.304000317573781, 50.109058334858076 ], [ 23.288635673815925, 50.100878913267266 ], [ 23.283774746396851, 50.098232555866964 ], [ 23.282805654767635, 50.086693255626685 ], [ 23.267280939320436, 50.078419608732361 ], [ 23.262598345250364, 50.075863236051745 ], [ 23.261636864194276, 50.064323520105908 ], [ 23.245946302586855, 50.055952382294912 ], [ 23.241447632472667, 50.053489275569625 ], [ 23.225649586239559, 50.045054059613662 ], [ 23.221269797809647, 50.042651179272582 ], [ 23.220322001336505, 50.03111070732762 ], [ 23.204349272431255, 50.022572952320715 ], [ 23.200161372002139, 50.020268433261556 ], [ 23.199220483081703, 50.008727576931236 ], [ 23.18306907116175, 50.000084940490211 ], [ 23.179076237461341, 49.997881162961484 ], [ 23.16280990327305, 49.989170096621663 ], [ 23.158941961856428, 49.987030966334359 ], [ 23.158012956378041, 49.975489429535735 ], [ 23.141564157530702, 49.966671104736413 ], [ 23.137893366065082, 49.964635167270863 ], [ 23.121328400260531, 49.955747500696326 ], [ 23.11778253877344, 49.953777174995736 ], [ 23.116863902309007, 49.942235017573267 ], [ 23.100117255470817, 49.933240156872884 ], [ 23.096765902387485, 49.931373037122363 ], [ 23.095851903104954, 49.919830583583334 ], [ 23.078926426030236, 49.910729851493819 ], [ 23.075765659884294, 49.908964658198201 ], [ 23.058728621769426, 49.899796672972009 ], [ 23.055686307969108, 49.898095080878974 ], [ 23.054780326070254, 49.886552096161317 ], [ 23.037572608116292, 49.877282281740762 ], [ 23.034711188020616, 49.87567863634002 ], [ 23.017398466156106, 49.866344869192687 ], [ 23.014648051522077, 49.864801561532794 ], [ 23.01374895487956, 49.853258088149452 ], [ 22.996277348206338, 49.843828525804312 ], [ 22.993694909030747, 49.842377176696324 ], [ 22.976126911422593, 49.832888093336557 ], [ 22.973646277747203, 49.831492675512209 ], [ 22.972753308013111, 49.819948741956438 ], [ 22.971859832513442, 49.808404811011826 ], [ 22.95409638449231, 49.79879713040264 ], [ 22.951822767332164, 49.797516277140332 ], [ 22.933974912154405, 49.787855324502623 ], [ 22.931790797711002, 49.786624169488199 ], [ 22.913862649502523, 49.776912099926236 ], [ 22.911763902012652, 49.775728490577137 ], [ 22.910879231016793, 49.764183892989635 ], [ 22.909994028019764, 49.752639298260796 ], [ 22.891904416294789, 49.742826496825316 ], [ 22.889978451371181, 49.74173960470344 ], [ 22.871821015468452, 49.731882257686728 ], [ 22.869968058130915, 49.730836341042348 ], [ 22.869088644331548, 49.7192913014661 ], [ 22.85083061646225, 49.709368753593353 ], [ 22.849086740723745, 49.708384241823303 ], [ 22.830770749023497, 49.698422368845542 ], [ 22.829090260150068, 49.697473608528227 ], [ 22.810720017862401, 49.687474380561738 ], [ 22.809099321468128, 49.686559399638547 ], [ 22.790678410334557, 49.676524719919996 ], [ 22.789114050989081, 49.675641613050814 ], [ 22.78824750578978, 49.664095662652649 ], [ 22.787380629534997, 49.65254970728494 ], [ 22.76885697485455, 49.642445482747647 ], [ 22.767408177222741, 49.641627877256873 ], [ 22.748843894567568, 49.63149355674738 ], [ 22.747441789854374, 49.630702462471135 ], [ 22.746581791593801, 49.619156032689048 ], [ 22.727956629588448, 49.608977673553142 ], [ 22.726625295219385, 49.608226794822059 ], [ 22.725768802205643, 49.596680118602755 ], [ 22.707089280232932, 49.586461217451806 ], [ 22.705822488470719, 49.585747052248536 ], [ 22.704969649733176, 49.574200125388721 ], [ 22.686241788121087, 49.563943916919392 ], [ 22.685033797552155, 49.563263225785185 ], [ 22.684184755047202, 49.55171604439213 ], [ 22.665414096353228, 49.541425511895 ], [ 22.664259627252598, 49.540775307514792 ], [ 22.645466600425621, 49.530464476513416 ], [ 22.644341419701949, 49.52983097464309 ], [ 22.645368909264647, 49.52915253481958 ], [ 22.662569379995265, 49.517680412778986 ], [ 22.661724240498817, 49.506132941172098 ], [ 22.662723782727952, 49.50547229719686 ], [ 22.681794878849132, 49.504861301289033 ], [ 22.698997552875685, 49.493371252187224 ], [ 22.699994312910562, 49.492711475232362 ], [ 22.717197788400767, 49.481212660786163 ], [ 22.716340476231252, 49.46966583226957 ], [ 22.715483193134194, 49.458118986477594 ], [ 22.714625954664463, 49.446572122894914 ], [ 22.713768775969069, 49.435025241019645 ], [ 22.714690495133123, 49.434414215803606 ], [ 22.73194366815212, 49.422864844994528 ], [ 22.73108254713468, 49.411318160140311 ], [ 22.731980201854405, 49.4107224978411 ], [ 22.749244257839667, 49.399155319335868 ], [ 22.748379228404477, 49.387608831746974 ], [ 22.747514312735955, 49.376062324167535 ], [ 22.746649524242091, 49.364515796148524 ], [ 22.745784875935065, 49.352969247254045 ], [ 22.744920380436245, 49.341422677061203 ], [ 22.745741358565333, 49.340876976940265 ], [ 22.763053017903033, 49.329258266215888 ], [ 22.762184719286715, 49.31771189128515 ], [ 22.761316602672494, 49.306165494112321 ], [ 22.760448679488313, 49.294619074312195 ], [ 22.759580960797098, 49.283072631511715 ], [ 22.758713457304129, 49.271526165349748 ], [ 22.757846179364531, 49.259979675476785 ], [ 22.756979136991141, 49.248433161554743 ], [ 22.737940273023288, 49.237946349444968 ], [ 22.718972862178294, 49.238557512208764 ], [ 22.718184125188642, 49.238115324794386 ], [ 22.717325965285411, 49.226568281286539 ], [ 22.718036184782989, 49.226095666436983 ], [ 22.736998594588581, 49.225481450203489 ], [ 22.754379518429015, 49.213793472278326 ], [ 22.735323619793402, 49.203288585806582 ], [ 22.73456244204667, 49.202862036302328 ], [ 22.733700915714127, 49.19131515624543 ], [ 22.734386378932765, 49.190858482329993 ], [ 22.753334978593248, 49.190242105244607 ], [ 22.770724118892574, 49.178535767608423 ], [ 22.75165244670843, 49.168018700734194 ], [ 22.750917209128819, 49.167606864593125 ], [ 22.750052373324138, 49.156060147384444 ], [ 22.750714531205652, 49.155618485453473 ], [ 22.76964934438751, 49.154999939252683 ], [ 22.770380966377513, 49.155397231279665 ], [ 22.789465178032692, 49.16591881754325 ], [ 22.806849789063953, 49.154198967962927 ], [ 22.805972663974579, 49.142652955276631 ], [ 22.806631485892865, 49.142212611104924 ], [ 22.824018138624631, 49.130480834748184 ], [ 22.824670627167023, 49.130044372931664 ], [ 22.842054647122367, 49.118306093350903 ], [ 22.842700926911071, 49.117873437549953 ], [ 22.860082198735512, 49.106128734704235 ], [ 22.860722391449805, 49.105699810345932 ], [ 22.87963573985833, 49.105063268450607 ], [ 22.897006931428933, 49.093311086193197 ], [ 22.896110467998252, 49.081766180130906 ], [ 22.876997325744725, 49.071239448784837 ], [ 22.876316570471172, 49.070858422279343 ], [ 22.875424962325571, 49.059313211004785 ], [ 22.874533701887618, 49.04776797194328 ], [ 22.87513780499275, 49.047362617942539 ], [ 22.892527993198179, 49.035586281581914 ], [ 22.891633253410092, 49.024041237161285 ], [ 22.890738877988952, 49.012496164373943 ], [ 22.87160724134899, 49.001941799187442 ], [ 22.852732615122548, 49.002573728018902 ], [ 22.835329055083317, 49.014353991704219 ], [ 22.834745524278457, 49.014752395111898 ], [ 22.815865252038403, 49.015378573936921 ] ] ], [ [ [ 18.781682166107689, 54.618005520300571 ], [ 18.777929842294885, 54.619999751526457 ], [ 18.760155138149479, 54.629525306262842 ], [ 18.76008368720181, 54.641085652865883 ], [ 18.756364372427182, 54.643060110296886 ], [ 18.738538882808072, 54.652601535490753 ], [ 18.734849726495192, 54.65455843092127 ], [ 18.716982568289197, 54.664113550652928 ], [ 18.716899051840631, 54.675673790488489 ], [ 18.713241507096651, 54.677611721518595 ], [ 18.695324889720144, 54.687181888274957 ], [ 18.713105931493914, 54.696839151346033 ], [ 18.731022635360183, 54.687266371394877 ], [ 18.734649324592873, 54.685311147194014 ], [ 18.752524801194244, 54.675751783082752 ], [ 18.756180513292581, 54.673778922608285 ], [ 18.774014138766908, 54.664233345816903 ], [ 18.777699504959585, 54.66224247681285 ], [ 18.795490646064696, 54.652711064768766 ], [ 18.799206306953824, 54.65070180885558 ], [ 18.816954320768357, 54.641184945112556 ], [ 18.817003587107987, 54.629624545575716 ], [ 18.820751779001991, 54.62759517546661 ], [ 18.838448485830916, 54.618094557998695 ], [ 18.838491157679265, 54.606534100904568 ], [ 18.8208862359166, 54.596985460300168 ], [ 18.803197727737853, 54.606481877587399 ], [ 18.799414097424243, 54.60849434022645 ], [ 18.781682166107689, 54.618005520300571 ] ] ], [ [ [ 18.630641857659654, 54.710122845946614 ], [ 18.648502517010058, 54.719835768505924 ], [ 18.666530323578115, 54.710226876840686 ], [ 18.670076385314943, 54.708320455762326 ], [ 18.688064951795639, 54.698723820873141 ], [ 18.670232853946239, 54.689032341950657 ], [ 18.652244387624428, 54.698626346022806 ], [ 18.648669557102224, 54.700516594699636 ], [ 18.630641857659654, 54.710122845946614 ] ] ], [ [ [ 18.584024921625122, 54.723390624603503 ], [ 18.565892954615393, 54.733029079161923 ], [ 18.583826114482488, 54.742793944229128 ], [ 18.601958209611091, 54.733152823964794 ], [ 18.584024921625122, 54.723390624603503 ] ] ], [ [ [ 18.454517468348115, 54.769045035222902 ], [ 18.436196083093467, 54.778737061825844 ], [ 18.45425433956957, 54.788595394412908 ], [ 18.472575895853716, 54.77890065703599 ], [ 18.454517468348115, 54.769045035222902 ] ] ] ] } }
]
}
