{
"type": "FeatureCollection",
"name": "zasieg_DB_cykl_2_epsg4326",
"crs": { "type": "name", "properties": { "name": "urn:ogc:def:crs:OGC:1.3:CRS84" } },
"features": [
{ "type": "Feature", "properties": { "gatunek": "DB", "cykl": 2, "pokrycie": 0.95, "prog_kde": 1.9087005009541508e-12 }, "geometry": { "type": "MultiPolygon", "coordinates": [ [ [ [ 18.990650011315502, 49.436832693364565 ], [ 18.99040407897613, 49.448403365867769 ], [ 18.973963112502076, 49.458161413525012 ], [ 18.970975260483577, 49.459970791594948 ], [ 18.97073801804817, 49.47154137813925 ], [ 18.970506244765851, 49.483111942331625 ], [ 18.970279821191607, 49.494682484175669 ], [ 18.97005863096026, 49.506253003674054 ], [ 18.954818111004133, 49.515290138581143 ], [ 18.950638501924896, 49.517816901648594 ], [ 18.935688492033673, 49.526675879459461 ], [ 18.916569476391537, 49.526609611998822 ], [ 18.901919000619046, 49.517785859474181 ], [ 18.897474463119437, 49.5150883529531 ], [ 18.878360034817316, 49.515013326975527 ], [ 18.873809692588058, 49.517758616729481 ], [ 18.859212795998342, 49.526387662622248 ], [ 18.854371466220066, 49.529306319473207 ], [ 18.854147931861313, 49.540876550469207 ], [ 18.853928939494669, 49.552446763559615 ], [ 18.839981802155485, 49.560685525061722 ], [ 18.83449196380673, 49.563991065273484 ], [ 18.834278819523679, 49.575561204853003 ], [ 18.834069893215283, 49.587131326892298 ], [ 18.833865096363549, 49.598701431287786 ], [ 18.83366434276466, 49.610271517938109 ], [ 18.820639517940148, 49.617959153979918 ], [ 18.814229186535506, 49.621812314666705 ], [ 18.814033139062978, 49.63338233041258 ], [ 18.813840851694877, 49.644952328692248 ], [ 18.813652247688086, 49.656522309401566 ], [ 18.813467252349472, 49.668092272438791 ], [ 18.801251397663862, 49.675296812034134 ], [ 18.794030753042911, 49.679629573230265 ], [ 18.782023050570153, 49.686707055659859 ], [ 18.762841620278934, 49.686623492877274 ], [ 18.751131958992907, 49.679545332029718 ], [ 18.743720680872805, 49.675043852596708 ], [ 18.736262265031566, 49.679512423409186 ], [ 18.724479002731293, 49.686445927426369 ], [ 18.716810801829002, 49.691036720163787 ], [ 18.716619659716944, 49.702606457279273 ], [ 18.70515873100798, 49.709346129032397 ], [ 18.685968578945072, 49.709250307707045 ], [ 18.666778519631364, 49.709151128096501 ], [ 18.647588556469383, 49.709048620104461 ], [ 18.639360919374582, 49.713961863544014 ], [ 18.639162697914831, 49.725531419254985 ], [ 18.628223063425001, 49.731950279115708 ], [ 18.619692556088975, 49.73703928867161 ], [ 18.619496681809551, 49.748608776569867 ], [ 18.61930355435253, 49.760178250122358 ], [ 18.619113120740895, 49.771747709168828 ], [ 18.608653922211211, 49.777880796677067 ], [ 18.599636742606414, 49.783252117299 ], [ 18.599448033623133, 49.794821508431347 ], [ 18.589242270729716, 49.800802574726873 ], [ 18.579966211354829, 49.806322559482844 ], [ 18.579778908363664, 49.817891882416248 ], [ 18.569812160919863, 49.823729584267426 ], [ 18.560291266900759, 49.829389573675535 ], [ 18.56971111836372, 49.835120634858782 ], [ 18.579411420702559, 49.841030484199912 ], [ 18.57923115004801, 49.852599762761102 ], [ 18.588754305083402, 49.858387957537801 ], [ 18.598366926373195, 49.864237542612983 ], [ 18.588656330932935, 49.86992758517539 ], [ 18.578877349692849, 49.875738274531521 ], [ 18.578703741561128, 49.887307507476969 ], [ 18.578532277858429, 49.898876724960147 ], [ 18.578362922365823, 49.910445926859296 ], [ 18.568992422730886, 49.915933310155587 ], [ 18.558863033838893, 49.921943190152433 ], [ 18.549613325087524, 49.927356934678464 ], [ 18.540581263126491, 49.921872211899363 ], [ 18.540627166883674, 49.910302589031502 ], [ 18.530561110434149, 49.904183037862722 ], [ 18.511294249731417, 49.904068232151445 ], [ 18.492027503687144, 49.903950325948323 ], [ 18.481720858684469, 49.910054289673802 ], [ 18.472635143156413, 49.915361604798456 ], [ 18.462202892384436, 49.921535247119671 ], [ 18.453233607494624, 49.926771854717117 ], [ 18.433958021670563, 49.926645635547402 ], [ 18.423344772749164, 49.932918365582267 ], [ 18.414542823540938, 49.938052190128076 ], [ 18.395262886952224, 49.937920350980541 ], [ 18.375983082484257, 49.937785525575954 ], [ 18.356703413103201, 49.937647731645846 ], [ 18.348307970252208, 49.93252101787543 ], [ 18.337582047860582, 49.925969588322182 ], [ 18.329191054838624, 49.920842171162988 ], [ 18.318469918492813, 49.914288739105075 ], [ 18.307565834528997, 49.92071507134294 ], [ 18.299032625972593, 49.925678525159057 ], [ 18.288015416332641, 49.932166567718639 ], [ 18.287793811517417, 49.943735057204343 ], [ 18.287573751324967, 49.955303533102253 ], [ 18.279241788872593, 49.960147241225592 ], [ 18.268012944184804, 49.966751559853897 ], [ 18.259776628844623, 49.971537342646144 ], [ 18.240483987716598, 49.971383133555037 ], [ 18.221191501416047, 49.971226055714794 ], [ 18.20975716815515, 49.977939158961917 ], [ 18.209525504839625, 49.989507376076141 ], [ 18.201517083044759, 49.994154203172975 ], [ 18.18221566964543, 49.993992028388597 ], [ 18.174504944215336, 49.989263488017819 ], [ 18.163114781740589, 49.982281971461759 ], [ 18.151485240352891, 49.989097416688075 ], [ 18.143613334996374, 49.993659176913397 ], [ 18.124312419370433, 49.993488523668425 ], [ 18.112545026838504, 50.000375913358951 ], [ 18.104797286221643, 50.004861707972218 ], [ 18.092943828582722, 50.01179414579228 ], [ 18.092691355243719, 50.023361961239111 ], [ 18.092439986157402, 50.034929762446872 ], [ 18.084834101298807, 50.03933073731185 ], [ 18.072826349233029, 50.046344475928528 ], [ 18.065290898707719, 50.050702563539168 ], [ 18.053206194336607, 50.057755821245756 ], [ 18.045738434381501, 50.06207263253949 ], [ 18.026410592936937, 50.06188930035313 ], [ 18.019233414952328, 50.057473723980522 ], [ 18.007321305338262, 50.050152062729218 ], [ 18.000156129647905, 50.045741175265576 ], [ 18.000366879662934, 50.034173191119528 ], [ 18.007740225825231, 50.029833309446595 ], [ 18.01500861380427, 50.034298389116998 ], [ 18.026821837575667, 50.041560157165001 ], [ 18.038924624106475, 50.034498915196629 ], [ 18.03912396477288, 50.022930767693872 ], [ 18.039322003089126, 50.011362586763781 ], [ 18.027577570078698, 50.004141051285735 ], [ 18.008273097496513, 50.003953967767799 ], [ 17.996198518527752, 50.010997538683696 ], [ 17.988726486654866, 50.015312893272238 ], [ 17.981515038775701, 50.010869581819215 ], [ 17.969664719339271, 50.003571561076818 ], [ 17.95036081923736, 50.003376254784484 ], [ 17.943196278969172, 49.998957000984696 ], [ 17.9313131533236, 49.991629470061241 ], [ 17.924156046997844, 49.987212068830573 ], [ 17.912274758214867, 49.979880171732454 ], [ 17.892980707203076, 49.979676300333885 ], [ 17.885866662007221, 49.975280685815136 ], [ 17.87395640238298, 49.967921574360773 ], [ 17.86170817505759, 49.975046144046281 ], [ 17.854393220777467, 49.979260495561547 ], [ 17.84207233046121, 49.986421820833648 ], [ 17.834820810748969, 49.990597736894642 ], [ 17.822430080680018, 49.997794114019122 ], [ 17.822118294484305, 50.009360937512312 ], [ 17.8149551664889, 50.013483668983163 ], [ 17.795648282627901, 50.013266919906549 ], [ 17.783125945245438, 50.020528535258009 ], [ 17.782807134987127, 50.032095165032061 ], [ 17.775754486295611, 50.03615046639402 ], [ 17.763141420249607, 50.043457186430594 ], [ 17.762819629365818, 50.055023701181888 ], [ 17.762498464475151, 50.066590200105956 ], [ 17.755542627603848, 50.070586941596886 ], [ 17.742818357098912, 50.077948618695515 ], [ 17.735909440480793, 50.081916396349293 ], [ 17.723131123251829, 50.089303630167493 ], [ 17.722802887498361, 50.100869907663096 ], [ 17.715958129943139, 50.104798279822027 ], [ 17.70310449221979, 50.112221402815578 ], [ 17.696301514172788, 50.116123735337865 ], [ 17.689760554131315, 50.112071575709635 ], [ 17.677272556244684, 50.10433645596828 ], [ 17.65793012218062, 50.104101485529824 ], [ 17.644999014119417, 50.111557782208159 ], [ 17.644653824387987, 50.12312366304387 ], [ 17.637932351546525, 50.126974197570156 ], [ 17.624933720061975, 50.134461691764358 ], [ 17.618248304445846, 50.138289463989345 ], [ 17.605206000322742, 50.145796291148599 ], [ 17.598554954269293, 50.14960225500478 ], [ 17.585470577265099, 50.157127457056028 ], [ 17.598105718941341, 50.164964506387342 ], [ 17.604500033679766, 50.168927547560159 ], [ 17.617138827698778, 50.176760966494705 ], [ 17.636510945588924, 50.176978378534621 ], [ 17.655883316106685, 50.177192062145124 ], [ 17.662328581494481, 50.181177788142712 ], [ 17.674935685938483, 50.188977495800771 ], [ 17.694313228123399, 50.189183862186709 ], [ 17.700792266677613, 50.193184126624097 ], [ 17.713379926838904, 50.200961854190908 ], [ 17.732762627642501, 50.201160913498455 ], [ 17.739279042907928, 50.205177886892571 ], [ 17.75184365513724, 50.212931447914826 ], [ 17.758374019063421, 50.216953182137601 ], [ 17.758060227508135, 50.228519445358721 ], [ 17.75774687889389, 50.24008569089758 ], [ 17.751034065239438, 50.243934162390943 ], [ 17.738006029767185, 50.251442554827825 ], [ 17.731327734136475, 50.255268919972494 ], [ 17.718257137919792, 50.262795985732694 ], [ 17.717935554619487, 50.274362000658599 ], [ 17.730612489037252, 50.282178195472312 ], [ 17.737055542434891, 50.286140867142983 ], [ 17.749725069408196, 50.293946585905417 ], [ 17.756186471422136, 50.297916650267695 ], [ 17.749520898870706, 50.301734527117262 ], [ 17.730097997140554, 50.301509337985287 ], [ 17.716972973145339, 50.309059935293533 ], [ 17.716652811247805, 50.320625876542685 ], [ 17.710049789686497, 50.324403072142921 ], [ 17.690617943655266, 50.324171955537118 ], [ 17.684294134259968, 50.320264169928734 ], [ 17.684604164408633, 50.308698175295135 ], [ 17.684913489387991, 50.297132150461316 ], [ 17.672152550395332, 50.289256906625496 ], [ 17.665827171303729, 50.285345082952837 ], [ 17.653061629054349, 50.277461039723249 ], [ 17.646748818158933, 50.27355491699474 ], [ 17.633980122769124, 50.265662965513563 ], [ 17.614572750810421, 50.26542152114034 ], [ 17.601338262575482, 50.273017282423652 ], [ 17.594825432872344, 50.276736256317896 ], [ 17.575413867982391, 50.276489110777895 ], [ 17.569180041438578, 50.272625810424124 ], [ 17.556352140272651, 50.26468056158668 ], [ 17.536945781688761, 50.264428035904146 ], [ 17.523627465658429, 50.27205604662722 ], [ 17.517180716161768, 50.275731032654718 ], [ 17.497770189723717, 50.275472793880297 ], [ 17.49160282766756, 50.271644793100904 ], [ 17.478728282133616, 50.263653846778936 ], [ 17.459322984257064, 50.263390245972765 ], [ 17.453173445005426, 50.259569826840796 ], [ 17.440295440585309, 50.251566494354016 ], [ 17.426906287622693, 50.25921719948083 ], [ 17.42651282675261, 50.270781708085849 ], [ 17.420130784368752, 50.274412102040216 ], [ 17.400721623144879, 50.274139990834875 ], [ 17.387271399214317, 50.281813601006313 ], [ 17.380920677366046, 50.28542222302093 ], [ 17.37484066960284, 50.281640435239765 ], [ 17.375221738922733, 50.270075895011765 ], [ 17.36230064446692, 50.262030674533072 ], [ 17.348840413038523, 50.269704040849753 ], [ 17.348427624048405, 50.281268072204533 ], [ 17.348014858720745, 50.292832082086697 ], [ 17.347602111981896, 50.3043960704291 ], [ 17.341290689414752, 50.307977457573024 ], [ 17.32775440963794, 50.315682069438907 ], [ 17.32146163836893, 50.319250385113889 ], [ 17.302035137024383, 50.318963415013869 ], [ 17.282608934942591, 50.318673638637271 ], [ 17.269023392781484, 50.326392211843213 ], [ 17.262761704584165, 50.329937260060689 ], [ 17.243331409302847, 50.329641597484823 ], [ 17.229710656700995, 50.337370095000239 ], [ 17.223470405133856, 50.340898885859531 ], [ 17.209824648933491, 50.348635499979245 ], [ 17.209377116233366, 50.360198516772506 ], [ 17.203163719472226, 50.363708561852903 ], [ 17.189477010789446, 50.371460251622494 ], [ 17.189024292374512, 50.383023093154357 ], [ 17.182837353071299, 50.386514598763014 ], [ 17.163384773532687, 50.386206170629109 ], [ 17.157486852408184, 50.382527670336984 ], [ 17.1443835378623, 50.374339936205168 ], [ 17.130657925517841, 50.382099474717336 ], [ 17.12448059112937, 50.385580748669973 ], [ 17.110731580872038, 50.393347404303839 ], [ 17.110258533594706, 50.404909666310814 ], [ 17.104107190972744, 50.408372637526611 ], [ 17.084646496018696, 50.408052134108267 ], [ 17.065186139705361, 50.407728751503917 ], [ 17.045726125378181, 50.407402484142658 ], [ 17.031921110730973, 50.415180403138855 ], [ 17.025786215692527, 50.418626591323275 ], [ 17.006322176389546, 50.418294208709071 ], [ 16.986858489706066, 50.417958921391715 ], [ 16.967395159056363, 50.417620723158763 ], [ 16.953558673160419, 50.42539807005528 ], [ 16.947432744060745, 50.428831608259131 ], [ 16.933574814462798, 50.436614863348645 ], [ 16.927460918338632, 50.440038958466012 ], [ 16.913581574733676, 50.447828087116612 ], [ 16.907479677131604, 50.451242763716031 ], [ 16.901684935757636, 50.447614099652483 ], [ 16.888517920737886, 50.439340719521013 ], [ 16.88270712975751, 50.435700045047597 ], [ 16.883205872257708, 50.424138928202275 ], [ 16.870083966961445, 50.415885840970766 ], [ 16.864240188605788, 50.412221956581199 ], [ 16.870403658985794, 50.408757820946825 ], [ 16.884201931690171, 50.401016606451194 ], [ 16.890376002021696, 50.39754380246233 ], [ 16.904154300940323, 50.389807693671912 ], [ 16.910338940453137, 50.386326220031158 ], [ 16.924097286249797, 50.378595221989279 ], [ 16.924584914301292, 50.367033690756458 ], [ 16.925072090655377, 50.355472130647478 ], [ 16.931299139751619, 50.351962419009929 ], [ 16.944995995789739, 50.344255781415548 ], [ 16.945477886758979, 50.332694031437256 ], [ 16.945959333369093, 50.321132252736582 ], [ 16.952228451996955, 50.317594404581136 ], [ 16.965864151093349, 50.309912035013653 ], [ 16.972143043429885, 50.306365844192392 ], [ 16.991560871158264, 50.306705425395734 ], [ 17.005178492090725, 50.299023228163506 ], [ 17.011461779084744, 50.295469669430034 ], [ 17.025059725090607, 50.287792547739016 ], [ 17.025521789955381, 50.276230137213219 ], [ 17.025983407408859, 50.264667698027708 ], [ 17.013082576690962, 50.256558486477509 ], [ 17.007043506888415, 50.252774039001402 ], [ 17.007508642906153, 50.241211669988246 ], [ 17.013870589523155, 50.237609328623194 ], [ 17.027365558065824, 50.229980208197958 ], [ 17.01452313539529, 50.22190232640974 ], [ 16.995139254785936, 50.221572384918097 ], [ 16.981646842000234, 50.229194814246043 ], [ 16.981141150715374, 50.240756428492482 ], [ 16.97477697708338, 50.244342453750043 ], [ 16.968714515934188, 50.240539802340273 ], [ 16.969188020558104, 50.228977663071369 ], [ 16.956372536454971, 50.220903964674484 ], [ 16.936989705438641, 50.220565472235783 ], [ 16.917607231025535, 50.220224115443557 ], [ 16.898225116618985, 50.219879886936283 ], [ 16.892105056489406, 50.216033859199541 ], [ 16.892595220571778, 50.204472192407373 ], [ 16.879867459662389, 50.196433278753744 ], [ 16.860495399225329, 50.196083943422742 ], [ 16.847083761807767, 50.203637409816203 ], [ 16.840602508946549, 50.207280788367243 ], [ 16.834439138259686, 50.203402309157632 ], [ 16.834941941358345, 50.19184102229228 ], [ 16.822277901625238, 50.18382793319676 ], [ 16.802911613969336, 50.183470267761059 ], [ 16.796690137456149, 50.179550792217739 ], [ 16.797200725729667, 50.167989725062341 ], [ 16.797710862606024, 50.156428628781633 ], [ 16.785148069981826, 50.148465984824526 ], [ 16.778856239425281, 50.144498606776871 ], [ 16.766334550704119, 50.136556097911992 ], [ 16.746987993066483, 50.136191136548327 ], [ 16.740649401236674, 50.132190372048292 ], [ 16.741171125712171, 50.120629612138131 ], [ 16.728735436651192, 50.112729896563181 ], [ 16.722340610903899, 50.108690645735727 ], [ 16.709949827166731, 50.100813598045093 ], [ 16.690618339029001, 50.100441020679483 ], [ 16.671287245848578, 50.100065530305443 ], [ 16.658200112193331, 50.107414093105511 ], [ 16.651391762424769, 50.111232230503468 ], [ 16.632056842358359, 50.110850488198388 ], [ 16.618974167849945, 50.118187021969803 ], [ 16.618375773585079, 50.129745840289715 ], [ 16.611573113689438, 50.133554541409957 ], [ 16.592229749531715, 50.133166069789681 ], [ 16.579122511474189, 50.140504861889418 ], [ 16.578513449286817, 50.15206327693172 ], [ 16.571717534030324, 50.155861863217162 ], [ 16.558567924320183, 50.163216616262851 ], [ 16.557953222625283, 50.17477480075307 ], [ 16.557338235529855, 50.186332958934223 ], [ 16.556722963780505, 50.197891090827262 ], [ 16.556107408426385, 50.209449196459595 ], [ 16.555491570823623, 50.221007275865063 ], [ 16.548820835786138, 50.224726752986044 ], [ 16.535509595360374, 50.232155993125609 ], [ 16.528844748392448, 50.235869028362757 ], [ 16.515517932462423, 50.243301105221541 ], [ 16.508859384514739, 50.247007466590908 ], [ 16.49551656211025, 50.254442607612411 ], [ 16.494884361527667, 50.266000038997518 ], [ 16.488257396622117, 50.269684484594258 ], [ 16.474867911563933, 50.277137717134949 ], [ 16.46824839870677, 50.280814868431911 ], [ 16.454841732901148, 50.288271775411907 ], [ 16.454198569913, 50.299828759688474 ], [ 16.447612210684195, 50.303483203157008 ], [ 16.434157323147431, 50.3109589813795 ], [ 16.433508583422928, 50.322515727861159 ], [ 16.426956140183151, 50.326147109305161 ], [ 16.407537541733682, 50.325724052633447 ], [ 16.38811940510168, 50.325297866277879 ], [ 16.374639694063909, 50.332771726569575 ], [ 16.373975269839015, 50.344327853985973 ], [ 16.367425607329697, 50.347949547715153 ], [ 16.353895179052156, 50.355443534356041 ], [ 16.366563095531067, 50.36353251164482 ], [ 16.372645793630578, 50.367440035271663 ], [ 16.366147785510641, 50.3710309922484 ], [ 16.352555185716831, 50.378555282706394 ], [ 16.346067595128286, 50.382137467621526 ], [ 16.326627428832921, 50.381699889975671 ], [ 16.307187742394571, 50.381259150315024 ], [ 16.301065864897595, 50.377371147044329 ], [ 16.288406864674684, 50.369275863240439 ], [ 16.274859308700879, 50.376759681401225 ], [ 16.268309824547146, 50.380368156606274 ], [ 16.254741414894031, 50.387857545332572 ], [ 16.25404578890447, 50.399412380369775 ], [ 16.247534840216019, 50.402995607816386 ], [ 16.233913148434699, 50.410506361413198 ], [ 16.22741396315557, 50.414080163341119 ], [ 16.21377097623899, 50.421596678057881 ], [ 16.20728372644934, 50.425160995280493 ], [ 16.193619310510428, 50.432683327212736 ], [ 16.19290822039774, 50.444237471516537 ], [ 16.205678520017678, 50.45241257788642 ], [ 16.211652667114496, 50.456259716343979 ], [ 16.22446725445635, 50.464457037331037 ], [ 16.243938822264504, 50.464927336776391 ], [ 16.249869462253177, 50.468740921725377 ], [ 16.262742413740408, 50.476965019846581 ], [ 16.282219766162733, 50.477428695879759 ], [ 16.288108665949959, 50.481209905474692 ], [ 16.301038218699027, 50.489459567327259 ], [ 16.306895921075522, 50.493217429874257 ], [ 16.306214304090027, 50.504772655479286 ], [ 16.3192107803441, 50.513057008771852 ], [ 16.333111072986839, 50.505392337522622 ], [ 16.339354664657797, 50.501940606431134 ], [ 16.358843560278167, 50.502390924370808 ], [ 16.364654667106095, 50.506111141606546 ], [ 16.377691746775572, 50.51440806215836 ], [ 16.383474432891354, 50.518106767358205 ], [ 16.396549547342413, 50.526421642681207 ], [ 16.402304814133203, 50.53009949440338 ], [ 16.39616054130946, 50.533485144897256 ], [ 16.382150689726426, 50.541218638623953 ], [ 16.395274621738977, 50.549560933309138 ], [ 16.400990902542496, 50.553211697663009 ], [ 16.400333854702971, 50.564767767630116 ], [ 16.413517071883089, 50.57313962016314 ], [ 16.433036565053619, 50.573576576736244 ], [ 16.438703284961353, 50.577189094844911 ], [ 16.438056106491203, 50.588745493101044 ], [ 16.432030639034735, 50.592064820471634 ], [ 16.417885302583787, 50.599870493757699 ], [ 16.411869535295413, 50.603181992218509 ], [ 16.397705317997939, 50.61099184261586 ], [ 16.391698943766613, 50.614295716232242 ], [ 16.377516193155241, 50.622109536776122 ], [ 16.376854101434382, 50.633665300312849 ], [ 16.370874554482075, 50.636951250471697 ], [ 16.356650977447142, 50.64477913097182 ], [ 16.350679753928112, 50.648058145721237 ], [ 16.336438828891598, 50.655889300749543 ], [ 16.330475437686207, 50.659161685980337 ], [ 16.310921565005323, 50.658716614571979 ], [ 16.291368180341497, 50.658268426074677 ], [ 16.277121372101831, 50.666088344903812 ], [ 16.271145758636578, 50.669361914337493 ], [ 16.251588580258652, 50.668907239056793 ], [ 16.232031901325442, 50.66844943441653 ], [ 16.226419636625515, 50.664891925959878 ], [ 16.227082366062277, 50.653336799201476 ], [ 16.227744090537364, 50.641781629609312 ], [ 16.214525934444765, 50.633357136717713 ], [ 16.194984595832484, 50.632893758672431 ], [ 16.180815722339322, 50.640654891349058 ], [ 16.174751285968181, 50.643970231812943 ], [ 16.155206198442777, 50.643500310979185 ], [ 16.141028728885537, 50.651255865674898 ], [ 16.13495912030443, 50.654570100387197 ], [ 16.115410296120722, 50.65409363635775 ], [ 16.095861997389232, 50.653614007857094 ], [ 16.090175332367188, 50.649996179353295 ], [ 16.077031063345228, 50.641588995382094 ], [ 16.071318170916889, 50.637952174238976 ], [ 16.072016647364631, 50.626398487740275 ], [ 16.058930335667714, 50.6180202712466 ], [ 16.053171947262886, 50.614351701125834 ], [ 16.040122839020484, 50.605991017558345 ], [ 16.034336050236487, 50.602301986332662 ], [ 16.021324909330115, 50.593959360560483 ], [ 16.007303517412009, 50.601610084288552 ], [ 16.001069219490489, 50.605004878440496 ], [ 15.987031168788119, 50.612658545803406 ], [ 16.000050473393696, 50.621010981800204 ], [ 16.005794115501743, 50.624714099327555 ], [ 16.005039632282571, 50.636266084596173 ], [ 16.004285308199961, 50.647818055409083 ], [ 16.003531153902546, 50.659370012054474 ], [ 16.002777180178185, 50.670921954824188 ], [ 15.996655120559804, 50.67425215238012 ], [ 15.982477160382151, 50.681969075431809 ], [ 15.976358245442666, 50.685295409217893 ], [ 15.956799384881229, 50.68479296189907 ], [ 15.937241080289848, 50.68428732882326 ], [ 15.917683335412175, 50.683778506579287 ], [ 15.911958683080242, 50.680120503409164 ], [ 15.898887541962784, 50.671724856760456 ], [ 15.879335712352569, 50.671209814764751 ], [ 15.865214841881579, 50.678871566458973 ], [ 15.864428144087853, 50.690422000724077 ], [ 15.858242003254459, 50.693774600062603 ], [ 15.844091081420501, 50.701444298689779 ], [ 15.843300213291618, 50.712994495235066 ], [ 15.837127561174306, 50.71633729144218 ], [ 15.822950371997447, 50.724012852296553 ], [ 15.822155404819895, 50.73556281225482 ], [ 15.821360744914058, 50.747112762744713 ], [ 15.815208539308388, 50.750441700383661 ], [ 15.795625450786771, 50.749912835195374 ], [ 15.789908873613173, 50.746250373322582 ], [ 15.776836361185968, 50.737837338891595 ], [ 15.757259255863564, 50.737302203977826 ], [ 15.737682744801432, 50.736763865494886 ], [ 15.718106831750681, 50.736222320528228 ], [ 15.698531520462939, 50.73567756622208 ], [ 15.684401509150955, 50.743295238896991 ], [ 15.683574742666593, 50.754843639618258 ], [ 15.677321363329719, 50.75821579020063 ], [ 15.65773765371525, 50.757664389148964 ], [ 15.638154557499492, 50.757109774592656 ], [ 15.624035041479582, 50.764705485448602 ], [ 15.617739053752867, 50.768095499559202 ], [ 15.603621061082112, 50.775684235766207 ], [ 15.597313956217386, 50.779078346025237 ], [ 15.577723096435225, 50.778513886987859 ], [ 15.558132865522735, 50.777946206845087 ], [ 15.538543267258724, 50.777375302810967 ], [ 15.518954305423476, 50.776801172139521 ], [ 15.504894619135253, 50.784336608777579 ], [ 15.498502871599268, 50.787767927081205 ], [ 15.478910376310164, 50.787187254914919 ], [ 15.464871502550228, 50.794701482828252 ], [ 15.45844516189249, 50.798147883789063 ], [ 15.444414786261977, 50.805651459692768 ], [ 15.437970332708298, 50.809105719080158 ], [ 15.432046444845058, 50.805273387680288 ], [ 15.419253784981082, 50.796970214763 ], [ 15.413315173931583, 50.793125773484107 ], [ 15.414197138065987, 50.781580375780528 ], [ 15.401434111292161, 50.773288479776717 ], [ 15.381849710425309, 50.772691688942345 ], [ 15.367890558956812, 50.780145830442031 ], [ 15.366992600719625, 50.791690498205561 ], [ 15.366095120763362, 50.803235164799631 ], [ 15.365198132149295, 50.814779830655468 ], [ 15.364301648510365, 50.826324496222426 ], [ 15.363405684069079, 50.837869161968477 ], [ 15.356875390196889, 50.8413622435096 ], [ 15.342914255346955, 50.84880059843028 ], [ 15.336357856262275, 50.852305813783566 ], [ 15.322415186360958, 50.859728273750392 ], [ 15.315830668140423, 50.863246696086861 ], [ 15.301908516536608, 50.870652186199585 ], [ 15.295293817627227, 50.874184911780155 ], [ 15.281394286045508, 50.881572334101442 ], [ 15.280483321772607, 50.893116048323506 ], [ 15.279572996315274, 50.904659767364038 ], [ 15.272901254659844, 50.908220846404177 ], [ 15.259043661506002, 50.915575674811755 ], [ 15.258130240869521, 50.927119163751982 ], [ 15.270733061274438, 50.935313455373695 ], [ 15.276846053269807, 50.93929096006363 ], [ 15.289462193634131, 50.947487727254554 ], [ 15.29557222229451, 50.951459954070465 ], [ 15.288859655582135, 50.955044035506894 ], [ 15.27503166694817, 50.962378458637986 ], [ 15.274125615315928, 50.973922221239206 ], [ 15.267347018652748, 50.977539681830152 ], [ 15.247679425781294, 50.976922741126394 ], [ 15.233928814255068, 50.984204175858146 ], [ 15.233015593194002, 50.99574747975872 ], [ 15.226136152913984, 50.999415163955192 ], [ 15.219838198876987, 50.99532125672885 ], [ 15.207403601720129, 50.987234988116356 ], [ 15.201108140223962, 50.983139982225531 ], [ 15.188680831871563, 50.975052348773254 ], [ 15.174997424068703, 50.982286734673607 ], [ 15.174071054765093, 50.993829311163367 ], [ 15.173145570045822, 51.00537190174731 ], [ 15.172220999111074, 51.016914507414732 ], [ 15.165201845717627, 51.020651268407221 ], [ 15.158785173246121, 51.016472958728492 ], [ 15.146477710469631, 51.008459514788356 ], [ 15.140066806124681, 51.004282189235433 ], [ 15.141052390052597, 50.992741755184291 ], [ 15.128726337978947, 50.984708485216544 ], [ 15.115133569502204, 50.991881477564107 ], [ 15.108090952028871, 50.995625511299437 ], [ 15.09454634891461, 51.00276721505999 ], [ 15.093604352909123, 51.014308839448951 ], [ 15.086471607714564, 51.01809885649682 ], [ 15.066790857734485, 51.017452535787136 ], [ 15.060261397012843, 51.01318765824378 ], [ 15.048094816099882, 51.005244182485129 ], [ 15.034650017517668, 51.012319958963246 ], [ 15.027431557361409, 51.016150005231509 ], [ 15.007753015020089, 51.01549378766606 ], [ 14.988075216611364, 51.014834263534908 ], [ 14.981455526075461, 51.010499716324354 ], [ 14.982486289158111, 50.998961726149659 ], [ 14.98351472325578, 50.987423641037758 ], [ 14.990768860614777, 50.983639463212171 ], [ 15.010430976177469, 50.98432800554918 ], [ 15.023910142938771, 50.97723427456782 ], [ 15.024923365349599, 50.965695409866747 ], [ 15.025934386951446, 50.954156455292406 ], [ 15.013704548606304, 50.946154707803657 ], [ 15.007274157688359, 50.941945546246963 ], [ 15.00828615448323, 50.930406708645421 ], [ 14.996043772087871, 50.922389084415649 ], [ 14.989638270323661, 50.918193201503762 ], [ 14.99672314418159, 50.914484799438775 ], [ 15.010303797325401, 50.907328771725076 ], [ 14.998028583508054, 50.899286357111315 ], [ 14.991662252154512, 50.895115678941515 ], [ 14.998703274670921, 50.891426143837379 ], [ 15.012313150822362, 50.884250492059117 ], [ 15.013314782250323, 50.872711225897156 ], [ 15.001000372002299, 50.864638183234092 ], [ 14.981386606515299, 50.863975460000532 ], [ 14.961773587752681, 50.863309437483423 ], [ 14.942161319601581, 50.862640113266245 ], [ 14.92859572865413, 50.869782165165155 ], [ 14.921540558459942, 50.873515931983817 ], [ 14.901924961176768, 50.872839950507512 ], [ 14.882310126637034, 50.872160658908747 ], [ 14.862696058733391, 50.871478054915023 ], [ 14.843082761356801, 50.870792136312623 ], [ 14.823470238396313, 50.870102900947622 ], [ 14.810032598187279, 50.877153249108005 ], [ 14.822125310944438, 50.885120206822862 ], [ 14.828614165569814, 50.889393989710776 ], [ 14.8407137954642, 50.897359533181813 ], [ 14.847206069658371, 50.901631997266527 ], [ 14.846200073728717, 50.913170145285299 ], [ 14.858287506417076, 50.921120079142383 ], [ 14.864807552671465, 50.925405697617784 ], [ 14.876899772382449, 50.933352811982971 ], [ 14.883425403737419, 50.937638507593633 ], [ 14.882430761935623, 50.949177235830383 ], [ 14.894505118136792, 50.957105035301559 ], [ 14.901064277954747, 50.961407579679218 ], [ 14.913141222422233, 50.969331118015155 ], [ 14.919708204202699, 50.973635171901407 ], [ 14.918725102651115, 50.985174479487974 ], [ 14.91774299389547, 50.996713808062978 ], [ 14.929768869666063, 51.004594679993545 ], [ 14.936408045655382, 51.008939202768303 ], [ 14.935432354161112, 51.020478833656362 ], [ 14.947427351161057, 51.028331937549304 ], [ 14.954113283240245, 51.032701745458084 ], [ 14.953144116461923, 51.044241680267035 ], [ 14.952176104504234, 51.055781641344488 ], [ 14.964100974538869, 51.063579738943453 ], [ 14.97087847128541, 51.068002344164242 ], [ 14.969917166070141, 51.079542613081436 ], [ 14.981798775250409, 51.08730495315536 ], [ 14.988635618422062, 51.091760821818767 ], [ 14.987681142061669, 51.1033014005627 ], [ 14.986728006726876, 51.114842011588387 ], [ 14.985776258191262, 51.126382656509271 ], [ 14.984825943729899, 51.137923336991221 ], [ 14.99652546137218, 51.145554627362849 ], [ 15.003577516766352, 51.150139887920055 ], [ 14.995769166403131, 51.154280731722686 ], [ 14.98292981384672, 51.161004811571608 ], [ 14.994530044449, 51.168568209358419 ], [ 15.001692859011206, 51.173221927987925 ], [ 15.000752937070517, 51.184763009841745 ], [ 15.012282412024744, 51.192273015125629 ], [ 15.019532537074381, 51.196977621021283 ], [ 15.018600145769168, 51.208519030744341 ], [ 15.017669527342647, 51.220060487190871 ], [ 15.016740740922383, 51.231601992420934 ], [ 15.028070357003118, 51.238971613096517 ], [ 15.035548881944974, 51.243814662677948 ], [ 15.034627990496597, 51.255356505038669 ], [ 15.033709097967709, 51.26689840157556 ], [ 15.032792270015413, 51.278440354563735 ], [ 15.031877574190192, 51.289982366343679 ], [ 15.023268677001832, 51.294552743750778 ], [ 15.011210034302364, 51.300852171543887 ], [ 15.010295881352812, 51.312394081273858 ], [ 15.001453240357993, 51.317086394285568 ], [ 14.989622073011013, 51.323260013383404 ], [ 14.988708866414543, 51.334801835982056 ], [ 14.979615138560625, 51.339625152031005 ], [ 14.968029324347002, 51.345663912676663 ], [ 14.967117496366795, 51.357205664280634 ], [ 14.977483067014955, 51.36394021881015 ], [ 14.985984901301464, 51.369427761960139 ], [ 14.976562743734981, 51.374425437452828 ], [ 14.965302175764451, 51.380289416008971 ], [ 14.964398859147925, 51.391831422317175 ], [ 14.963498559382991, 51.403373519841246 ], [ 14.962601370084199, 51.414915711869902 ], [ 14.961707387135549, 51.426458001771522 ], [ 14.971431621450103, 51.432767955722163 ], [ 14.980615194185807, 51.438681947659468 ], [ 14.97043455393767, 51.444082124448251 ], [ 14.959929435215669, 51.449542889066734 ], [ 14.959045669409729, 51.461085493597018 ], [ 14.948512256728998, 51.466670026686053 ], [ 14.938357449559208, 51.471942701942872 ], [ 14.927604050760779, 51.477641013107721 ], [ 14.917667044913957, 51.482796285523008 ], [ 14.906685446041232, 51.488612580757277 ], [ 14.886805019103292, 51.487954752745644 ], [ 14.866925354296741, 51.487293608643128 ], [ 14.857351355131609, 51.492251076336515 ], [ 14.845987607594836, 51.498260645869379 ], [ 14.8366525083949, 51.503090362142231 ], [ 14.825039404221302, 51.509228603504482 ], [ 14.815952342794521, 51.513926052924695 ], [ 14.804080717419847, 51.520197636370646 ], [ 14.784188750806134, 51.519525306532792 ], [ 14.764297569046207, 51.51884961012145 ], [ 14.755616901272623, 51.523328404256702 ], [ 14.743319648368196, 51.52981471754422 ], [ 14.734910336351252, 51.534149864716895 ], [ 14.734024668073051, 51.545691384314637 ], [ 14.721236407806531, 51.55243281772718 ], [ 14.713319867804172, 51.556509270669949 ], [ 14.712441668447791, 51.568050960415739 ], [ 14.71934464329529, 51.57254812134984 ], [ 14.731399013612307, 51.580317020108765 ], [ 14.738180665777127, 51.584731745368373 ], [ 14.750368419096528, 51.592580291772876 ], [ 14.757026872698088, 51.596911482989917 ], [ 14.769349882594147, 51.604840770048796 ], [ 14.768502557384521, 51.616383772190424 ], [ 14.75451844894579, 51.623761352783049 ], [ 14.747818507978675, 51.627208785259434 ], [ 14.753830566686066, 51.631117054283976 ], [ 14.766825703535998, 51.639470386898097 ], [ 14.752333460931451, 51.647115134530836 ], [ 14.746148819369854, 51.650295492212841 ], [ 14.751697985508097, 51.653901335363507 ], [ 14.765173583325307, 51.662557852354901 ], [ 14.750144002517942, 51.670484953173521 ], [ 14.744504762252458, 51.67338308754546 ], [ 14.743692732771649, 51.68492723262392 ], [ 14.727981467017464, 51.693208212469074 ], [ 14.723031603080969, 51.695749144047781 ], [ 14.706904419073464, 51.704244109199031 ], [ 14.70237418279701, 51.706567669617222 ], [ 14.685816390670938, 51.715284006420681 ], [ 14.681720871073765, 51.717382827107699 ], [ 14.680931501568862, 51.72892756455294 ], [ 14.663593815067339, 51.738047670572477 ], [ 14.660288638636993, 51.73973951975136 ], [ 14.659513206700591, 51.751284691364013 ], [ 14.658745934195199, 51.762830155527581 ], [ 14.657986975706612, 51.77437591805014 ], [ 14.657236482425956, 51.785921984613857 ], [ 14.65649460151243, 51.797468360751118 ], [ 14.636807569020718, 51.807810499535996 ], [ 14.616789620674004, 51.807146589188037 ], [ 14.616023607540113, 51.807537554051095 ], [ 14.595623866591472, 51.818240744160562 ], [ 14.595428226547737, 51.818340512122596 ], [ 14.595097007981469, 51.823632985008935 ], [ 14.6147073592493, 51.828559788891418 ], [ 14.624340876203432, 51.830995771177811 ], [ 14.634316404438772, 51.833542844552788 ], [ 14.653924410849474, 51.838580136510458 ], [ 14.67353485794013, 51.843636169907057 ], [ 14.676928966200727, 51.844517745254954 ], [ 14.693142078736269, 51.848770476316488 ], [ 14.712750836411892, 51.853934082880372 ], [ 14.72797731484626, 51.857959645119855 ], [ 14.732360862612678, 51.859130233183528 ], [ 14.751968312235022, 51.864400131181917 ], [ 14.771578983016234, 51.869683076706835 ], [ 14.777656846098242, 51.871329660492691 ], [ 14.791187871524711, 51.875032766362679 ], [ 14.810797999935936, 51.880417669064293 ], [ 14.826114331350476, 51.884634776081 ], [ 14.830410150644553, 51.885829847723002 ], [ 14.850020188056359, 51.891314520757177 ], [ 14.869634284423711, 51.896805509976893 ], [ 14.873453622181087, 51.897880180913901 ], [ 14.889246252983627, 51.902370594740276 ], [ 14.908861103678902, 51.907955780809964 ], [ 14.91977211275452, 51.911070634964169 ], [ 14.928476937065549, 51.913582342567508 ], [ 14.948093040183483, 51.91925879293705 ], [ 14.965205584675989, 51.92421203104275 ], [ 14.967713012343278, 51.924945759196845 ], [ 14.987330877896982, 51.930710310119863 ], [ 15.006954038652225, 51.936470328872275 ], [ 15.009793232483224, 51.9373067472903 ], [ 15.026575417230482, 51.942305756779206 ], [ 15.046201228700186, 51.948147138324458 ], [ 15.053618143483179, 51.950358555409146 ], [ 15.065827465613943, 51.954040309424684 ], [ 15.085456441097389, 51.959959534763165 ], [ 15.096769777731815, 51.963371296417293 ], [ 15.105087827299252, 51.965909002141714 ], [ 15.124720472981114, 51.971902511816062 ], [ 15.139302250140833, 51.976347504595019 ], [ 15.144357292553346, 51.977906845306983 ], [ 15.163994101725585, 51.983971105194307 ], [ 15.181264296954639, 51.98928944935335 ], [ 15.183636626403461, 51.990028956553132 ], [ 15.203278073680396, 51.996160527627367 ], [ 15.222699283867481, 52.002199147910076 ], [ 15.222926557095596, 52.002270702942383 ], [ 15.242573092707573, 52.008466314292875 ], [ 15.262227079607808, 52.014636059689956 ], [ 15.263633816259363, 52.015078015373085 ], [ 15.281879808659721, 52.020884477793864 ], [ 15.301539592226463, 52.027112184519758 ], [ 15.304115265835485, 52.027928074619417 ], [ 15.321198805918797, 52.033411671942019 ], [ 15.340864749719691, 52.039694807490122 ], [ 15.344171869002009, 52.040750682066459 ], [ 15.360530592083773, 52.046045363935363 ], [ 15.380203017429315, 52.052381829749379 ], [ 15.383824585779719, 52.05354692650274 ], [ 15.399875586856064, 52.058784014976737 ], [ 15.419554768267258, 52.065172226516829 ], [ 15.423089021503356, 52.066317700805037 ], [ 15.439234111125224, 52.071627269971358 ], [ 15.458920272107957, 52.078066238247921 ], [ 15.461975398251267, 52.079063710771266 ], [ 15.478606376204031, 52.084576157675748 ], [ 15.498299685303788, 52.091065572761138 ], [ 15.500488531394085, 52.091785483871178 ], [ 15.517992473102421, 52.097633303557885 ], [ 15.537693040187213, 52.104173620970762 ], [ 15.538627817828331, 52.104483378111006 ], [ 15.557392361663142, 52.110803158691439 ], [ 15.576384587245746, 52.117157514002322 ], [ 15.577099837218706, 52.117400868761223 ], [ 15.596805859307761, 52.12409224927687 ], [ 15.613746526943732, 52.129807914705353 ], [ 15.616519451238094, 52.130759937558146 ], [ 15.636232629057503, 52.137509452908922 ], [ 15.650701407912834, 52.142434617454029 ], [ 15.655951962216678, 52.144254627913355 ], [ 15.675672166396458, 52.151066309567504 ], [ 15.687227823376929, 52.155037412612892 ], [ 15.695396760337589, 52.157898230517112 ], [ 15.715123784429773, 52.164777377598263 ], [ 15.723299346822545, 52.167615973083834 ], [ 15.734853041180587, 52.171707320758131 ], [ 15.754586596649684, 52.178660647819612 ], [ 15.758884786174933, 52.180169868157286 ], [ 15.774319786200895, 52.185702222666826 ], [ 15.793948371137228, 52.192698574716353 ], [ 15.794059425947076, 52.192739011588635 ], [ 15.813795739243398, 52.199907561706993 ], [ 15.828446411732283, 52.205201392779564 ], [ 15.833537814215175, 52.207082580535548 ], [ 15.853279377807421, 52.214352932052684 ], [ 15.862343429651197, 52.217677884628479 ], [ 15.873022716575289, 52.221687887945315 ], [ 15.89276887742076, 52.229073711556659 ], [ 15.895593649423903, 52.230127373629216 ], [ 15.912512089317895, 52.236594494923793 ], [ 15.928148379523314, 52.242549148989625 ], [ 15.932259108448587, 52.244154928020194 ], [ 15.952003503272481, 52.251849569721998 ], [ 15.959961883621419, 52.254942618426384 ], [ 15.971747574137909, 52.259647265584732 ], [ 15.990985466789057, 52.267307150388149 ], [ 15.991493680185712, 52.26751521137767 ], [ 16.011233009969217, 52.275585697089525 ], [ 16.021172896177269, 52.279642211754094 ], [ 16.030972401511761, 52.283760453560546 ], [ 16.050476661862941, 52.291947267887281 ], [ 16.050711370921409, 52.292048844955076 ], [ 16.070441303969186, 52.300583576887099 ], [ 16.078855961527424, 52.304221978432203 ], [ 16.090168455190451, 52.309274216072239 ], [ 16.106267264815813, 52.316465954421894 ], [ 16.109891722955489, 52.318140800543077 ], [ 16.129606482571241, 52.327258285578829 ], [ 16.132675871809887, 52.328679038836235 ], [ 16.149310862697195, 52.336660816105137 ], [ 16.158048958833845, 52.340861125922096 ], [ 16.169006367012905, 52.346330646116911 ], [ 16.182357866225505, 52.353012210822065 ], [ 16.188690693134724, 52.356309488739385 ], [ 16.205580689722872, 52.365132443812584 ], [ 16.208361123347043, 52.36664675598756 ], [ 16.227700636208205, 52.377222082672738 ], [ 16.22801442571016, 52.377401390937962 ], [ 16.247645156205174, 52.388669459539422 ], [ 16.248706322765369, 52.389281493007552 ], [ 16.267251164309087, 52.400496346777416 ], [ 16.268590984876241, 52.401311123745955 ], [ 16.286827581828994, 52.41297290354985 ], [ 16.287353815087741, 52.413311533082606 ], [ 16.304998923304812, 52.425283359613793 ], [ 16.306365209391974, 52.426263432061027 ], [ 16.321534985500236, 52.437227310816411 ], [ 16.325854551287975, 52.440541555465778 ], [ 16.336975397862219, 52.449144163891262 ], [ 16.345285332355036, 52.455998495849293 ], [ 16.351337695146778, 52.461034750638689 ], [ 16.364643128750902, 52.472899946932557 ], [ 16.376910333294525, 52.484740531852275 ], [ 16.383883227763281, 52.492028674397268 ], [ 16.388171300033783, 52.496557543674697 ], [ 16.398450057496351, 52.508351806577949 ], [ 16.402970597647137, 52.514023817820359 ], [ 16.407777538284197, 52.52012426241194 ], [ 16.416183119138378, 52.531875785369131 ], [ 16.421806733806566, 52.540623161230357 ], [ 16.423701784509099, 52.543607340965536 ], [ 16.430357050805775, 52.555319615823947 ], [ 16.436190777085226, 52.567013669107354 ], [ 16.440145142279338, 52.576145813010342 ], [ 16.441231938076172, 52.578690254953926 ], [ 16.445504061562477, 52.590349988336399 ], [ 16.449047347751009, 52.601993824530297 ], [ 16.451891886815133, 52.61362248198629 ], [ 16.454066877624363, 52.625236644032746 ], [ 16.45560063713571, 52.636836960894527 ], [ 16.456440164219739, 52.647395085448331 ], [ 16.456520137383301, 52.648424041418657 ], [ 16.456849302002162, 52.659998418040551 ], [ 16.456618721735921, 52.671560756771221 ], [ 16.455853484383248, 52.683111597151751 ], [ 16.454577778519358, 52.69465145234129 ], [ 16.453149149605778, 52.703984931808925 ], [ 16.452814039745757, 52.706180791818952 ], [ 16.450579675020098, 52.717699971792939 ], [ 16.447899818691063, 52.729209510273058 ], [ 16.444795199878598, 52.74070982713409 ], [ 16.441285742134699, 52.75220132213235 ], [ 16.437390571576191, 52.763684375685401 ], [ 16.433128025316837, 52.775159349585962 ], [ 16.428515660192424, 52.786626587654965 ], [ 16.427689303750039, 52.788530793289162 ], [ 16.423551438725195, 52.798086007429177 ], [ 16.418264495026058, 52.809538201512979 ], [ 16.412674057517162, 52.820983548595201 ], [ 16.406794876729165, 52.8324223305166 ], [ 16.404273982320792, 52.837088473372567 ], [ 16.400622278200157, 52.843854404184498 ], [ 16.394173877756842, 52.855280112933016 ], [ 16.387475544610748, 52.866699983456392 ], [ 16.381338031203985, 52.876793492095665 ], [ 16.380535041233291, 52.878114146758428 ], [ 16.373333134120578, 52.88952213672826 ], [ 16.365915191781074, 52.900924914554381 ], [ 16.358645287818103, 52.911791429095459 ], [ 16.358289618234835, 52.912322628537751 ], [ 16.350425007480052, 52.923714539661333 ], [ 16.342373770555419, 52.935101775351605 ], [ 16.336100371514132, 52.943770105162137 ], [ 16.334132905127227, 52.946484231901991 ], [ 16.325684242808205, 52.957861462467989 ], [ 16.317074196004086, 52.969234472746614 ], [ 16.31365047493037, 52.973665326939646 ], [ 16.308277073126565, 52.980602647079536 ], [ 16.299311995605301, 52.991966380228362 ], [ 16.291266403606663, 53.00200031843076 ], [ 16.290200153336706, 53.003326118952621 ], [ 16.280903537567845, 53.014680961332388 ], [ 16.271479536502166, 53.026032183138263 ], [ 16.268933248283727, 53.029052824385936 ], [ 16.261888987622058, 53.037378853328846 ], [ 16.252166025944327, 53.048721722188034 ], [ 16.246636043460466, 53.055091278041658 ], [ 16.242303807400734, 53.060060599869864 ], [ 16.232299719440213, 53.071395392359328 ], [ 16.224365405936318, 53.080287718683941 ], [ 16.22217920504119, 53.082726659617421 ], [ 16.211909906103529, 53.094053614702972 ], [ 16.202115424060889, 53.104754623078811 ], [ 16.201542534281277, 53.105377413685133 ], [ 16.191022153021123, 53.116696734962957 ], [ 16.180414318803212, 53.128013093158209 ], [ 16.179881787200372, 53.128576093361232 ], [ 16.169658658258847, 53.139325029967381 ], [ 16.158818143718154, 53.150634010362737 ], [ 16.15766024584957, 53.151832400726335 ], [ 16.147838583102828, 53.161938713620771 ], [ 16.13677527830189, 53.173240433092936 ], [ 16.135447463610078, 53.174587377009601 ], [ 16.125578372740737, 53.184537942743766 ], [ 16.114300792900476, 53.195832489260255 ], [ 16.113241148575746, 53.19688716490181 ], [ 16.102892072552937, 53.20712282296401 ], [ 16.091407482275418, 53.218410257696966 ], [ 16.091039439254597, 53.218770022400079 ], [ 16.07979164532555, 53.229693414819714 ], [ 16.068841005774356, 53.240265173088943 ], [ 16.068102241851225, 53.240973677322408 ], [ 16.056287292933604, 53.252249740198593 ], [ 16.046644451418025, 53.261401860171382 ], [ 16.044394732505079, 53.263522756833488 ], [ 16.032387784247703, 53.274791789191433 ], [ 16.024448571724065, 53.282205618417045 ], [ 16.020295463001844, 53.286057529711265 ], [ 16.008100789315446, 53.297319527398322 ], [ 16.002252471492955, 53.302696755574466 ], [ 15.995811964010251, 53.308577958951638 ], [ 15.983433218345894, 53.319832903684826 ], [ 15.980055400176076, 53.322892892519768 ], [ 15.970951192102303, 53.331083995460673 ], [ 15.958391562275516, 53.342331858337687 ], [ 15.957856717853753, 53.342809547926734 ], [ 15.945719864053959, 53.353575586263879 ], [ 15.935655719118635, 53.362462673685393 ], [ 15.932972478297303, 53.364816080723728 ], [ 15.920124784880073, 53.376052682942074 ], [ 15.913451726809624, 53.381867342045268 ], [ 15.907191687116967, 53.387285748408033 ], [ 15.894173163197442, 53.398515250139582 ], [ 15.891244280634428, 53.401035193974884 ], [ 15.881059189832412, 53.409740899519861 ], [ 15.869032781892695, 53.419979403688508 ], [ 15.867869712024048, 53.420963190097801 ], [ 15.854583648844464, 53.432181542502178 ], [ 15.846816310570194, 53.438717086774481 ], [ 15.841219952583749, 53.443396427593179 ], [ 15.827774794025501, 53.454607718879608 ], [ 15.82459475705036, 53.457253993625685 ], [ 15.814243825797689, 53.465815274214435 ], [ 15.802367350551945, 53.475604496820296 ], [ 15.800640476763236, 53.477019425734717 ], [ 15.786953277457178, 53.488219841401204 ], [ 15.780133093981764, 53.493785529176222 ], [ 15.773192949536748, 53.499416783551759 ], [ 15.759361710137467, 53.510610288436027 ], [ 15.757892141317102, 53.511798458703744 ], [ 15.745453768962454, 53.521800175001708 ], [ 15.735642948562596, 53.529666679957543 ], [ 15.731480160119546, 53.532986719792376 ], [ 15.717438789667018, 53.544169843560503 ], [ 15.713385464315504, 53.547393656490165 ], [ 15.703331554751797, 53.55534957611907 ], [ 15.691119027575505, 53.564990560315273 ], [ 15.689164330175796, 53.566526058263683 ], [ 15.674936037728026, 53.577699239966186 ], [ 15.668842290741239, 53.582476967080304 ], [ 15.660651094065154, 53.588869224140041 ], [ 15.646555811079637, 53.599847864722626 ], [ 15.646313046060927, 53.60003609127871 ], [ 15.631922924983199, 53.611199852596712 ], [ 15.624257025149857, 53.617137466740125 ], [ 15.617484526265972, 53.622360597934247 ], [ 15.603000970627178, 53.633518399697223 ], [ 15.60194726128598, 53.634330630781022 ], [ 15.588475324055114, 53.644673330158319 ], [ 15.57962394530365, 53.651460816038224 ], [ 15.573909576560151, 53.655825432180826 ], [ 15.559307676629931, 53.666974805873323 ], [ 15.557287965035609, 53.668518112377775 ], [ 15.544673152559588, 53.67812154105755 ], [ 15.53493727705405, 53.685528557949318 ], [ 15.530007101150337, 53.689265658694104 ], [ 15.515314284098565, 53.700407286979498 ], [ 15.512572220817299, 53.702488674031393 ], [ 15.500597814122342, 53.711546508153234 ], [ 15.490191263361551, 53.719417544149145 ], [ 15.485858527199484, 53.722683339085748 ], [ 15.471101710718274, 53.733817928276977 ], [ 15.467794293637201, 53.736316783907284 ], [ 15.456329685273181, 53.744950338936277 ], [ 15.445380224812068, 53.753199509134696 ], [ 15.441543421678132, 53.756080595266788 ], [ 15.42674833332133, 53.76720885451423 ], [ 15.422948549347788, 53.770071669354813 ], [ 15.411945856555349, 53.778335157364786 ], [ 15.40049861071669, 53.786940789498125 ], [ 15.397137375124434, 53.789459543614015 ], [ 15.382327963800495, 53.800582165205192 ], [ 15.378029501847303, 53.803817092070538 ], [ 15.367518276494765, 53.81170304246838 ], [ 15.355541041035893, 53.820702172619995 ], [ 15.352710322825413, 53.822822237321901 ], [ 15.3379082910084, 53.833939879236802 ], [ 15.333031851432606, 53.83761124386443 ], [ 15.323112380159982, 53.845055977295743 ], [ 15.310502339986556, 53.854538853613107 ], [ 15.308325360384568, 53.856170619871648 ], [ 15.293549829963101, 53.867283891350617 ], [ 15.287950515368696, 53.871506740458216 ], [ 15.278786221120345, 53.878395810119414 ], [ 15.265377562451052, 53.888500478540657 ], [ 15.264038052171111, 53.889506490936988 ], [ 15.249305363141607, 53.900615941430594 ], [ 15.242780651812845, 53.90555069216299 ], [ 15.234590075144041, 53.911724228306547 ], [ 15.220162014281676, 53.922631254391703 ], [ 15.219896187142696, 53.922831484671022 ], [ 15.205219817707698, 53.933937596196692 ], [ 15.197517678104136, 53.939784833758658 ], [ 15.190566449692938, 53.945042744083025 ], [ 15.17593872118632, 53.956147021437154 ], [ 15.174850646779429, 53.956976880673331 ], [ 15.161330498366841, 53.967250241953487 ], [ 15.152157284219845, 53.974245699873244 ], [ 15.146750415163821, 53.978352690624604 ], [ 15.13219772606675, 53.98945435420557 ], [ 15.129439538565988, 53.991568467968406 ], [ 15.117667586419019, 54.000555086486784 ], [ 15.106695441986394, 54.008964835735803 ], [ 15.103170169437828, 54.011655226493687 ], [ 15.088698900796471, 54.022754572356838 ], [ 15.083924933037141, 54.02643367905236 ], [ 15.074254818314476, 54.033853168000988 ], [ 15.06112841044226, 54.0439690361125 ], [ 15.059847753095653, 54.044951346342884 ], [ 15.045461811472469, 54.056048597758753 ], [ 15.038303218365352, 54.061597137346936 ], [ 15.031110267200297, 54.067145369045441 ], [ 15.016795881837684, 54.078241764534354 ], [ 15.03664345003526, 54.079001163963362 ], [ 15.056152704943953, 54.09111041149464 ], [ 15.056629824894442, 54.091401969618985 ], [ 15.077724643085169, 54.092196830456295 ], [ 15.098820620341401, 54.09298618229414 ], [ 15.117719883801078, 54.104685354703541 ], [ 15.118833765885409, 54.105364618702957 ], [ 15.139938027637465, 54.106141797019269 ], [ 15.161043430380692, 54.10691341315259 ], [ 15.179376261491331, 54.118230901463761 ], [ 15.18108327440471, 54.11926971438762 ], [ 15.20219691870048, 54.120029144736314 ], [ 15.22014849098051, 54.131089319375917 ], [ 15.222256294716749, 54.13237016653364 ], [ 15.243378148937385, 54.133117446102993 ], [ 15.264501108354969, 54.133859130359852 ], [ 15.281960668060043, 54.144585932436641 ], [ 15.284587051484655, 54.14617860027559 ], [ 15.305718171653169, 54.146908192361153 ], [ 15.326850373440296, 54.147632193137831 ], [ 15.347983649208661, 54.148350602816997 ], [ 15.369117991164085, 54.149063423394551 ], [ 15.39025339136626, 54.149770658580572 ], [ 15.406915784551495, 54.159953107259611 ], [ 15.41038689412593, 54.162049806091645 ], [ 15.431530350059477, 54.162745118742592 ], [ 15.452674838019602, 54.163434882652709 ], [ 15.473820349592472, 54.164119107814919 ], [ 15.494966876267714, 54.164797805594205 ], [ 15.516114409447178, 54.165470988664644 ], [ 15.532114900269034, 54.175195970234412 ], [ 15.536295120739396, 54.177711136330004 ], [ 15.557450596846845, 54.17837268353496 ], [ 15.578607051679718, 54.17902877789026 ], [ 15.594301743461941, 54.18854018829812 ], [ 15.598813894927121, 54.191249436478564 ], [ 15.619978234133839, 54.191894101758265 ], [ 15.641143523864846, 54.192533386475681 ], [ 15.662309755150028, 54.19316731107746 ], [ 15.677664668602183, 54.202438084126889 ], [ 15.682549524408447, 54.205363230305849 ], [ 15.703723561602525, 54.205986014324196 ], [ 15.724898511854816, 54.206603522225222 ], [ 15.746074366128882, 54.207215777764702 ], [ 15.761143663775833, 54.216280531317643 ], [ 15.76634690036672, 54.219387947393422 ], [ 15.787530481928764, 54.219989381702348 ], [ 15.802459603386676, 54.228951964887457 ], [ 15.807822007299215, 54.232149737096314 ], [ 15.829013276764091, 54.232740549997715 ], [ 15.850205402364413, 54.233326276308993 ], [ 15.864964652994116, 54.242162342743974 ], [ 15.870522674578787, 54.245469870181601 ], [ 15.891722429755252, 54.246045256736942 ], [ 15.912923012917972, 54.246615660024098 ], [ 15.934124415195582, 54.24718110883272 ], [ 15.955326627753218, 54.247741632250531 ], [ 15.976529641796253, 54.248297259623314 ], [ 15.997733448573857, 54.248848020514878 ], [ 16.018938039382494, 54.249393944666934 ], [ 16.033400502979301, 54.257995171202886 ], [ 16.03931463794688, 54.261496530622004 ], [ 16.060526707444488, 54.26203280694147 ], [ 16.081739534009877, 54.262564357178363 ], [ 16.096109758194025, 54.27108902491841 ], [ 16.102141569603088, 54.274652609754341 ], [ 16.123361820595772, 54.27517482117986 ], [ 16.137672155713727, 54.2836492945533 ], [ 16.14378255918777, 54.287253994549665 ], [ 16.158054088666891, 54.295697341052076 ], [ 16.164215320672831, 54.299328898358738 ], [ 16.185449612201079, 54.299837599332378 ], [ 16.199670228406223, 54.308236939785743 ], [ 16.205901036711314, 54.311904091480422 ], [ 16.220086322407788, 54.320274901315123 ], [ 16.226364470285041, 54.323966730021404 ], [ 16.240514983560324, 54.332309538617743 ], [ 16.246839910718119, 54.336025667778785 ], [ 16.260955942474006, 54.344340840427904 ], [ 16.26732735649567, 54.348081051615473 ], [ 16.281408941840191, 54.356368795940881 ], [ 16.287826806830665, 54.360133021652729 ], [ 16.301873737865971, 54.368393394834811 ], [ 16.308338261699475, 54.37218171050111 ], [ 16.322350101662131, 54.380414627289809 ], [ 16.321565615254144, 54.391962213157818 ], [ 16.328109920182303, 54.395793007311504 ], [ 16.342057764604743, 54.403980223058532 ], [ 16.348650797645295, 54.407836200109294 ], [ 16.362561024709091, 54.415994846174307 ], [ 16.361784312182369, 54.427542695584172 ], [ 16.368462175915568, 54.431443924361616 ], [ 16.382302872619064, 54.439554073224222 ], [ 16.389032518779704, 54.443482144488868 ], [ 16.402832207662232, 54.45156204699132 ], [ 16.40206321166557, 54.463110154388353 ], [ 16.408883712220916, 54.467086801604374 ], [ 16.42260755313843, 54.4751148644933 ], [ 16.429483576203719, 54.479120401670613 ], [ 16.443162461487347, 54.48711615682312 ], [ 16.442401287344229, 54.498664520171367 ], [ 16.449374698844991, 54.502722234167337 ], [ 16.462971101613917, 54.510662535096905 ], [ 16.47000415204608, 54.514751391522879 ], [ 16.491355524507171, 54.51520568134368 ], [ 16.504890051195893, 54.523099475332273 ], [ 16.512003654632728, 54.527229010805918 ], [ 16.525486792030449, 54.535087047011416 ], [ 16.532663874512892, 54.539249802630209 ], [ 16.55402902686825, 54.539693727272294 ], [ 16.567445233110888, 54.547502603271113 ], [ 16.574707939332438, 54.55170874767861 ], [ 16.596080260523831, 54.552145606810512 ], [ 16.617453153114141, 54.552578628247794 ], [ 16.630785107780522, 54.560324075418869 ], [ 16.638157350804754, 54.564584660167903 ], [ 16.659537389680949, 54.565010635626457 ], [ 16.680917985522719, 54.565432777361977 ], [ 16.70229913333403, 54.565851084634545 ], [ 16.723680828156748, 54.566265555991862 ], [ 16.745063065066422, 54.566676189312012 ], [ 16.766445839168107, 54.567082981847896 ], [ 16.779630692809729, 54.574711661387532 ], [ 16.787201593759878, 54.579067049143241 ], [ 16.808591458356247, 54.579466750659897 ], [ 16.829981846673508, 54.579862595989518 ], [ 16.843072740786535, 54.58742271571883 ], [ 16.850762869346418, 54.591837360276799 ], [ 16.872160329466265, 54.592226054428203 ], [ 16.893558300012334, 54.592610870833646 ], [ 16.91495677619498, 54.592991803147882 ], [ 16.927935743610522, 54.600468793431958 ], [ 16.935769622630296, 54.604953696201655 ], [ 16.948679623281496, 54.612385143207852 ], [ 16.956594659148202, 54.616912532918889 ], [ 16.969434966889583, 54.624298006175451 ], [ 16.977431899520329, 54.628868225110196 ], [ 16.990201936516982, 54.636207380523153 ], [ 16.998281357331898, 54.640820685083597 ], [ 17.010980692224454, 54.648113264295816 ], [ 17.019143045948983, 54.652769826330285 ], [ 17.031771390903987, 54.660015655377798 ], [ 17.040016978491071, 54.664715564141531 ], [ 17.061455251064508, 54.66507199916731 ], [ 17.073995612652563, 54.672257057305124 ], [ 17.082347996283357, 54.677010704740944 ], [ 17.094817039659286, 54.684148822691057 ], [ 17.103253012432877, 54.688945814310273 ], [ 17.124704863466793, 54.689291123064812 ], [ 17.137085999201357, 54.696368539362666 ], [ 17.145628717462287, 54.701218942851106 ], [ 17.167087579074213, 54.701556613246652 ], [ 17.179381381674784, 54.70857368582967 ], [ 17.188030280926689, 54.71347700569234 ], [ 17.209496140598056, 54.71380698442205 ], [ 17.22170347450572, 54.720764245528628 ], [ 17.230457699295567, 54.725719823243054 ], [ 17.251930543964949, 54.726042063032793 ], [ 17.264052531219622, 54.732940200999415 ], [ 17.272910967480012, 54.737947234284874 ], [ 17.294390783551503, 54.738261694496352 ], [ 17.315871021047059, 54.738572095706843 ], [ 17.337351674576063, 54.738878436851905 ], [ 17.349361149564988, 54.745693592717274 ], [ 17.358364036906387, 54.750768326488441 ], [ 17.37985162743189, 54.75106684403854 ], [ 17.40133961833109, 54.751361297798503 ], [ 17.422828004100928, 54.751651689255944 ], [ 17.444316779216052, 54.751938020556345 ], [ 17.465805938129972, 54.752220294519496 ], [ 17.47768494138862, 54.75893413613553 ], [ 17.486863226545957, 54.764087161176121 ], [ 17.508359265626332, 54.764361598741502 ], [ 17.529855672342723, 54.764631987895868 ], [ 17.551352441068097, 54.764898334307958 ], [ 17.57284956616131, 54.765160644384018 ], [ 17.584620694151823, 54.771790639941734 ], [ 17.593945182481622, 54.777008154264479 ], [ 17.615449139667472, 54.777262657506228 ], [ 17.636953436769343, 54.777513144523233 ], [ 17.658458068098867, 54.777759624731083 ], [ 17.670137657800307, 54.784319543529627 ], [ 17.679585470416114, 54.789591556011857 ], [ 17.701096895691254, 54.789830278949914 ], [ 17.72260863860938, 54.790065024258197 ], [ 17.7342087287923, 54.796566025995794 ], [ 17.74376133068905, 54.801885172308474 ], [ 17.7652798399535, 54.802112211023847 ], [ 17.786798650236943, 54.802335307956405 ], [ 17.808317755840918, 54.802554477860994 ], [ 17.819833077224608, 54.808989948660077 ], [ 17.829502165488783, 54.814359169822822 ], [ 17.851027998821124, 54.814570724589707 ], [ 17.872554110896438, 54.814778396826824 ], [ 17.883993756629398, 54.821157735611941 ], [ 17.893763767795505, 54.826571445107987 ], [ 17.915296579960774, 54.826771582282412 ], [ 17.936829654390937, 54.826967887435544 ], [ 17.95836298548021, 54.827160380411641 ], [ 17.979896567645959, 54.827349081806688 ], [ 18.001430395331113, 54.827534012953151 ], [ 18.02296446300657, 54.827715195900872 ], [ 18.044498765173667, 54.827892653394059 ], [ 18.066033296366655, 54.828066408843647 ], [ 18.087568051155202, 54.828236486295246 ], [ 18.109103024146922, 54.828402910391787 ], [ 18.130638209989876, 54.828565706330835 ], [ 18.152173603375051, 54.828724899816486 ], [ 18.173709199038839, 54.828880517004983 ], [ 18.195244991765442, 54.82903258444442 ], [ 18.216780976389195, 54.829181129007608 ], [ 18.238317147796856, 54.829326177818729 ], [ 18.259853500929704, 54.829467758172754 ], [ 18.28139003078558, 54.829605897448523 ], [ 18.302926732420723, 54.829740623014388 ], [ 18.324463600951432, 54.829871962127385 ], [ 18.346000631555512, 54.829999941825399 ], [ 18.356285916459012, 54.824580938054545 ], [ 18.367718943957208, 54.818533140110389 ], [ 18.37795799898009, 54.813133586807361 ], [ 18.389424958894988, 54.807062337940977 ], [ 18.399617714406535, 54.801682314874782 ], [ 18.411118683093306, 54.795587608690617 ], [ 18.42126519806159, 54.790227127805501 ], [ 18.421366973506931, 54.778667247618081 ], [ 18.421467390223604, 54.767107339061042 ], [ 18.411610459250831, 54.761719295282859 ], [ 18.400046043431775, 54.755442867082763 ], [ 18.400149702156931, 54.7438829335196 ], [ 18.400251999435426, 54.73232297134404 ], [ 18.412127770404144, 54.726015731999112 ], [ 18.421855536808145, 54.72086742139733 ], [ 18.433771695134553, 54.714533316483653 ], [ 18.443447300266175, 54.709407975280833 ], [ 18.455403389697331, 54.703047288527394 ], [ 18.465027450644598, 54.697944638306325 ], [ 18.465106811129374, 54.68638447615151 ], [ 18.465184905318043, 54.674824286453052 ], [ 18.465261749561559, 54.663264069279826 ], [ 18.46533736241873, 54.651703824710353 ], [ 18.465411764770035, 54.640143552833464 ], [ 18.477767393402452, 54.633553768974551 ], [ 18.499201101998594, 54.633660898228555 ], [ 18.508407635675187, 54.62876509047782 ], [ 18.508468261423094, 54.617204718217778 ], [ 18.508527782000492, 54.605644319459216 ], [ 18.52104388941067, 54.598956383413473 ], [ 18.53003309398666, 54.594169056015097 ], [ 18.530084860716837, 54.582608584633483 ], [ 18.542719558654074, 54.575850097881016 ], [ 18.551573077415249, 54.57112941910264 ], [ 18.551617307506387, 54.559568878028244 ], [ 18.551660636640964, 54.548008311550525 ], [ 18.551703108791482, 54.536447719828807 ], [ 18.551744771061816, 54.524887103033947 ], [ 18.551785673767874, 54.513326461348811 ], [ 18.5518258705115, 54.501765794968406 ], [ 18.564987953374622, 54.494707979327721 ], [ 18.573265946016235, 54.490282532536853 ], [ 18.565082530338831, 54.485798420678186 ], [ 18.55190437733566, 54.478644388964554 ], [ 18.551942811597623, 54.467083649794255 ], [ 18.551980788342178, 54.455522886835425 ], [ 18.565480265430161, 54.448276607362764 ], [ 18.573396883956601, 54.444039467231178 ], [ 18.586934143762189, 54.436767979788939 ], [ 18.594803773525509, 54.432552219830193 ], [ 18.594829822082364, 54.420991358121519 ], [ 18.608486622008488, 54.413648981715461 ], [ 18.62980579607013, 54.413743918429645 ], [ 18.637590382522067, 54.409566256134774 ], [ 18.651223589633759, 54.402228584352173 ], [ 18.672536947713208, 54.402318452641545 ], [ 18.680337407372949, 54.398125993107506 ], [ 18.693936813866202, 54.39079855373744 ], [ 18.701705048240246, 54.386619687814111 ], [ 18.715324683501002, 54.379276503728889 ], [ 18.723063827441194, 54.375109573429967 ], [ 18.736700566957044, 54.36775230413231 ], [ 18.757996262867692, 54.367832124739024 ], [ 18.779292045595696, 54.36790915945128 ], [ 18.800587911940159, 54.367983371114121 ], [ 18.808495288996077, 54.36371431659591 ], [ 18.821934059704361, 54.35644933923178 ], [ 18.843224080301276, 54.356518050628601 ], [ 18.851185311787326, 54.352213488496815 ], [ 18.864552342616566, 54.344978983529685 ], [ 18.88583650905084, 54.34504199607079 ], [ 18.90712074244275, 54.345101955304784 ], [ 18.928405039092677, 54.3451588073696 ], [ 18.941354832148544, 54.352290977420679 ], [ 18.949675219266723, 54.356816313969311 ], [ 18.958006658213463, 54.352297919206201 ], [ 18.970973806817511, 54.345262965859462 ], [ 18.992258269929003, 54.345310156612022 ], [ 19.013542780364389, 54.345354009351475 ], [ 19.034827333838031, 54.345394463765999 ], [ 19.056111925938904, 54.345431459007969 ], [ 19.07739655212966, 54.3454649339429 ], [ 19.09868120774648, 54.345494827393203 ], [ 19.119965887999644, 54.345521078374937 ], [ 19.141250587974834, 54.345543626325956 ], [ 19.162535302635067, 54.345562411323804 ], [ 19.183820026823263, 54.345577374292063 ], [ 19.195822574072235, 54.352146379631598 ], [ 19.205162534567297, 54.357189521253908 ], [ 19.226453256863785, 54.357196461676423 ], [ 19.247743972348093, 54.357199413349726 ], [ 19.269034675421292, 54.357198322253417 ], [ 19.290325360384365, 54.357193136019987 ], [ 19.301865353797304, 54.363488801179642 ], [ 19.311703834047218, 54.368783583808323 ], [ 19.333000463418774, 54.368769855906365 ], [ 19.354297056848228, 54.368751889914819 ], [ 19.375593608290608, 54.36872964096213 ], [ 19.38676568107126, 54.374807700261833 ], [ 19.397001991629203, 54.380301709999067 ], [ 19.418304442002103, 54.380270568303857 ], [ 19.429266881536645, 54.386225119659699 ], [ 19.439730798155516, 54.391832893294378 ], [ 19.461039125657518, 54.391792706059022 ], [ 19.471798557777955, 54.397627479615295 ], [ 19.482483447663142, 54.403345109971823 ], [ 19.503797630025403, 54.403295741945605 ], [ 19.514361199031814, 54.409014751934343 ], [ 19.525259910459354, 54.414838070958382 ], [ 19.546579925036351, 54.414779404282356 ], [ 19.556955221674837, 54.420386908052926 ], [ 19.568060156117387, 54.426311526927215 ], [ 19.57831379640243, 54.431847591492442 ], [ 19.589552423735885, 54.437838173837513 ], [ 19.599687301274987, 54.443304430970329 ], [ 19.6110567326281, 54.449359311929285 ], [ 19.621075790165314, 54.454757419905626 ], [ 19.632573087530076, 54.460874912655747 ], [ 19.64387987524341, 54.454638071389695 ], [ 19.653731871717355, 54.449199115781362 ], [ 19.675069244547814, 54.449112012197766 ], [ 19.696406477458378, 54.449020218297207 ], [ 19.717743563867092, 54.448923721368736 ], [ 19.739080497196856, 54.448822510434994 ], [ 19.760417270878595, 54.448716576179393 ], [ 19.781753878354177, 54.448605910871891 ], [ 19.803090313079043, 54.448490508293894 ], [ 19.814713646521728, 54.442045907903832 ], [ 19.824193771746039, 54.436778427932289 ], [ 19.845523821108205, 54.436653742910174 ], [ 19.866853678479139, 54.436524309748108 ], [ 19.888183337395535, 54.436390127636074 ], [ 19.909512791417665, 54.436251196899228 ], [ 19.930842034130755, 54.436107518928104 ], [ 19.952171059146174, 54.435959096110935 ], [ 19.963972552304714, 54.429385900349253 ], [ 19.973225110890045, 54.424214914378467 ], [ 19.994547667241804, 54.424057213961184 ], [ 20.015869987220295, 54.423894781422845 ], [ 20.03719206455575, 54.423727622579591 ], [ 20.058513893008438, 54.423555743939005 ], [ 20.079835466369108, 54.423379152648216 ], [ 20.101156778459313, 54.423197856444688 ], [ 20.122477823131703, 54.423011863609808 ], [ 20.134387310653999, 54.416344229602792 ], [ 20.143475955383895, 54.411231253473773 ], [ 20.164790439367437, 54.411036096956558 ], [ 20.186104638043531, 54.410836272178855 ], [ 20.207418545395509, 54.410631789215998 ], [ 20.228732155438177, 54.410422658491335 ], [ 20.250045462217784, 54.41020889074521 ], [ 20.271358459811946, 54.409990497006085 ], [ 20.292671142329578, 54.40976748856373 ], [ 20.304583252554025, 54.403063918974155 ], [ 20.313613060918506, 54.39795103772272 ], [ 20.334919095167802, 54.397719041913554 ], [ 20.356224797253766, 54.397482467445556 ], [ 20.377530161413112, 54.397241326418609 ], [ 20.398835181912947, 54.396995631082838 ], [ 20.420139853050568, 54.396745393821504 ], [ 20.431975982709581, 54.390058340411201 ], [ 20.441037997528674, 54.384902473188092 ], [ 20.462335958745346, 54.38464340022044 ], [ 20.483633554090297, 54.384379823894903 ], [ 20.504930777982032, 54.384111756945011 ], [ 20.526227624867804, 54.383839212162144 ], [ 20.547524089223266, 54.383562202383231 ], [ 20.568820165552175, 54.383280740478924 ], [ 20.590115848385999, 54.382994839341983 ], [ 20.601795176338992, 54.376362283242422 ], [ 20.610957318065608, 54.371117467872857 ], [ 20.632246210693904, 54.370822940788564 ], [ 20.653534694015232, 54.370524013557947 ], [ 20.674822762668178, 54.370220698981591 ], [ 20.696110411316479, 54.369913009822021 ], [ 20.717397634648439, 54.369600958792077 ], [ 20.738684427376295, 54.369284558543349 ], [ 20.759970784235577, 54.368963821654056 ], [ 20.781256699984368, 54.368638760616776 ], [ 20.802542169402514, 54.368309387825789 ], [ 20.81393565618427, 54.361797773803389 ], [ 20.823313860175158, 54.35639019306133 ], [ 20.844592442540655, 54.356052445368682 ], [ 20.86587056345244, 54.35571042188301 ], [ 20.887148217765567, 54.355364134370234 ], [ 20.908425400351845, 54.355013594427433 ], [ 20.929702106098684, 54.35465881346817 ], [ 20.950978329907947, 54.354299802707516 ], [ 20.972254066694681, 54.35393657314669 ], [ 20.993529311385803, 54.353569135557457 ], [ 21.01480405891877, 54.353197500466358 ], [ 21.036078304240117, 54.352821678138646 ], [ 21.057352042303993, 54.352441678562215 ], [ 21.078625268070624, 54.352057511431383 ], [ 21.099897976504753, 54.351669186130827 ], [ 21.11075841876546, 54.345407201687891 ], [ 21.120573557280046, 54.339693397054852 ], [ 21.141839246317723, 54.339296974781853 ], [ 21.163104403279473, 54.338896418601564 ], [ 21.184369023127509, 54.338491736439437 ], [ 21.205633100820371, 54.338082935841491 ], [ 21.226896631311188, 54.337670023960577 ], [ 21.23745185092352, 54.331560067209423 ], [ 21.24752760134805, 54.325670106320104 ], [ 21.26878405832403, 54.325249168163054 ], [ 21.279611740410843, 54.330770597287561 ], [ 21.29068388898548, 54.336406685983441 ], [ 21.311945180031106, 54.335977392196071 ], [ 21.333205898499074, 54.335544016562999 ], [ 21.354466039274083, 54.335106563631633 ], [ 21.375725597223553, 54.334665037482225 ], [ 21.385963117965218, 54.328713519363482 ], [ 21.396310818215419, 54.322637729719638 ], [ 21.41756323336898, 54.322188228823677 ], [ 21.438815050511113, 54.321734662105285 ], [ 21.460066264429287, 54.32127703180732 ], [ 21.481316869887415, 54.320815339699308 ], [ 21.502566861624608, 54.32034958707743 ], [ 21.523816234354062, 54.319879774765916 ], [ 21.545064982762003, 54.319405903119822 ], [ 21.566313101506751, 54.318927972029165 ], [ 21.577863153973059, 54.324764023590561 ], [ 21.588287976808481, 54.33002630331211 ], [ 21.609540778526124, 54.32954010344303 ], [ 21.630792933968578, 54.329049841783551 ], [ 21.652044437659892, 54.328555516219893 ], [ 21.673295284091662, 54.328057124200292 ], [ 21.694545467722712, 54.327554662747197 ], [ 21.715794982978878, 54.327048128470786 ], [ 21.737043824252929, 54.326537517583525 ], [ 21.758291985904592, 54.326022825915977 ], [ 21.779539462260708, 54.325504048933418 ], [ 21.79162683503516, 54.331569692358514 ], [ 21.801573704281527, 54.336559190598095 ], [ 21.822825749798881, 54.33603207100635 ], [ 21.844077092179116, 54.335500848548847 ], [ 21.86532772559319, 54.334965517095434 ], [ 21.886577644180349, 54.334426070238443 ], [ 21.90782684204893, 54.333882501314527 ], [ 21.929075313277313, 54.333334803427036 ], [ 21.950323051914939, 54.332782969468646 ], [ 21.971570051983445, 54.332226992144349 ], [ 21.99281630747786, 54.331666863994791 ], [ 22.014061812367899, 54.331102577419507 ], [ 22.035306560599352, 54.330534124700392 ], [ 22.05655054609548, 54.329961498025106 ], [ 22.0694610045792, 54.336382770835783 ], [ 22.078659148480629, 54.340959520281459 ], [ 22.099907539802306, 54.340378308331076 ], [ 22.121155148952472, 54.33979289213547 ], [ 22.142401969736969, 54.339203263345425 ], [ 22.163647995946118, 54.33860941362822 ], [ 22.184893221356468, 54.338011334689767 ], [ 22.206137639732617, 54.33740901829632 ], [ 22.227381244828997, 54.336802456295587 ], [ 22.248624030391738, 54.336191640637388 ], [ 22.269865990160525, 54.335576563393595 ], [ 22.29110711787046, 54.334957216777596 ], [ 22.312347407253956, 54.334333593163031 ], [ 22.326150212442105, 54.341140975644691 ], [ 22.334524142253763, 54.345276523031458 ], [ 22.355768673260894, 54.344644003151203 ], [ 22.377012345489018, 54.344007173421652 ], [ 22.398255152624596, 54.343366026624132 ], [ 22.419497088359822, 54.342720555782435 ], [ 22.440738146394523, 54.342070754177527 ], [ 22.455022830648879, 54.349083914599859 ], [ 22.462951821637144, 54.352984454915607 ], [ 22.484197035447444, 54.352325579584104 ], [ 22.50544135075393, 54.351662341747407 ], [ 22.526684761246557, 54.350994735440771 ], [ 22.547927260630956, 54.350322755018105 ], [ 22.569168842630219, 54.34964639516253 ], [ 22.590409500986581, 54.348965650896233 ], [ 22.611649229463122, 54.3482805175896 ], [ 22.632888021845414, 54.34759099096982 ], [ 22.648011022997622, 54.354966409612487 ], [ 22.655153317991314, 54.358459976908115 ], [ 22.676396133731714, 54.357761127632692 ], [ 22.697637992390057, 54.357057857829659 ], [ 22.718878887791902, 54.356350164314613 ], [ 22.740118813792222, 54.355638044292405 ], [ 22.76135776427687, 54.354921495362447 ], [ 22.77709268996815, 54.362559728563205 ], [ 22.783659301123034, 54.365759172939043 ], [ 22.804902184600451, 54.365033134542536 ], [ 22.820830129729824, 54.372750548780701 ], [ 22.82186505234284, 54.384286978121203 ], [ 22.822902124371588, 54.395823327041263 ], [ 22.829374302895854, 54.398969891069406 ], [ 22.8453209029521, 54.406679823145815 ], [ 22.851716938005321, 54.409786486665894 ], [ 22.872980429436161, 54.409044404277751 ], [ 22.878648258713607, 54.405612572314745 ], [ 22.89314704045751, 54.396745633765534 ], [ 22.914402568346386, 54.395995188779523 ], [ 22.935657060368239, 54.395240229197128 ], [ 22.956910510450339, 54.394480754649699 ], [ 22.962100467776182, 54.391329730233338 ], [ 22.977044181246292, 54.382166775908296 ], [ 22.99828964237091, 54.381399060195811 ], [ 23.003219744355388, 54.378401390475119 ], [ 23.002064657036364, 54.366869700860484 ], [ 23.000909034982808, 54.355338016983566 ], [ 23.016146902469909, 54.345977133729782 ], [ 23.037372631372943, 54.345202976051851 ], [ 23.058597303142445, 54.34442439889478 ], [ 23.063087387398298, 54.3416872841415 ], [ 23.058088744153718, 54.339269962386588 ], [ 23.040811609305919, 54.330866147996346 ], [ 23.039644604043829, 54.319335022772499 ], [ 23.055181535602006, 54.309772984303059 ], [ 23.059572024330585, 54.307094715563089 ], [ 23.075244623446164, 54.297441661221555 ], [ 23.096443789630626, 54.296658056560815 ], [ 23.114282878904515, 54.305238095674561 ], [ 23.118796539075316, 54.307419280927036 ], [ 23.139999413842524, 54.306626053820366 ], [ 23.143931410956768, 54.304221531842003 ], [ 23.160034923483458, 54.29428143215538 ], [ 23.163820272366859, 54.291964622350356 ], [ 23.180058472026573, 54.281933910905543 ], [ 23.201246490450625, 54.281129952554949 ], [ 23.20476964102707, 54.278970454539007 ], [ 23.221251220534988, 54.268776556070762 ], [ 23.224629741549006, 54.266703950916849 ], [ 23.241244042749472, 54.256420578509534 ], [ 23.26241723502627, 54.255606340862883 ], [ 23.283589345151434, 54.254787944137682 ], [ 23.304760368706699, 54.25396539820931 ], [ 23.325930301322284, 54.253138713216941 ], [ 23.328699471229406, 54.251434275482467 ], [ 23.345883803994006, 54.240768922262561 ], [ 23.348515056482601, 54.239148002179938 ], [ 23.365825488114066, 54.228397140846823 ], [ 23.368320910123689, 54.226858595188432 ], [ 23.385755379056711, 54.216023507523296 ], [ 23.388117285754007, 54.214566049008404 ], [ 23.386873862639206, 54.20303939215637 ], [ 23.404444130267429, 54.192110994757719 ], [ 23.406657146835883, 54.190743947338611 ], [ 23.405409686979901, 54.17921753308157 ], [ 23.423112119149295, 54.168198170774538 ], [ 23.444235366032835, 54.167357640901848 ], [ 23.465357529538021, 54.166513254867958 ], [ 23.467213122646903, 54.165364354889675 ], [ 23.485228845257343, 54.154132460073669 ], [ 23.486965938395681, 54.153056023345961 ], [ 23.485704237186443, 54.141530569476416 ], [ 23.484442473943187, 54.130005108539166 ], [ 23.483180647650808, 54.118479640541722 ], [ 23.501329609267238, 54.107153098385325 ], [ 23.502915562749504, 54.106168826674129 ], [ 23.501650412776382, 54.09464358096271 ], [ 23.500385228022576, 54.083118327201063 ], [ 23.518651686967761, 54.071708781985578 ], [ 23.520106432254835, 54.070804775202589 ], [ 23.51883810921192, 54.05927973801797 ], [ 23.517569785528021, 54.047754691565181 ], [ 23.51630146621541, 54.036229635626022 ], [ 23.515033157561135, 54.024704569934379 ], [ 23.513462515580851, 54.023948757147373 ], [ 23.492793581072402, 54.013966626706619 ], [ 23.491528274201649, 54.002441311210646 ], [ 23.489917559508704, 54.001665242502774 ], [ 23.469296985665771, 53.991698995995961 ], [ 23.46803466785212, 53.980173431039439 ], [ 23.486367849334783, 53.968714514447612 ], [ 23.487732501399929, 53.967865301528285 ], [ 23.506143766020681, 53.956351339325423 ], [ 23.50742406974226, 53.955553949026346 ], [ 23.506156142136451, 53.94402880272969 ], [ 23.504888334982653, 53.932503642322921 ], [ 23.503620671309488, 53.920978466913304 ], [ 23.502353176658897, 53.909453275514203 ], [ 23.50108587922643, 53.897928067039906 ], [ 23.519661533382653, 53.886298978464936 ], [ 23.520758359222768, 53.885614526384117 ], [ 23.519488826775735, 53.874089502659388 ], [ 23.518219606199196, 53.862564457575616 ], [ 23.536888737659115, 53.850868578053976 ], [ 23.537881816730422, 53.850248074144631 ], [ 23.536610661609796, 53.838723203319105 ], [ 23.535339953608531, 53.827198306038788 ], [ 23.534069740979049, 53.815673380454093 ], [ 23.532800075598438, 53.804148424579381 ], [ 23.531531013081111, 53.79262343628865 ], [ 23.53026261288262, 53.781098413311852 ], [ 23.528994938393968, 53.769573353231323 ], [ 23.547833426157904, 53.757758667893476 ], [ 23.548637529181576, 53.757255042098024 ], [ 23.567498396687725, 53.745420471630311 ], [ 23.568275314239905, 53.744933468622591 ], [ 23.567004901193584, 53.733408725694822 ], [ 23.585894405871922, 53.721549542264121 ], [ 23.586636200693423, 53.721084067022083 ], [ 23.585365173907707, 53.709559449752909 ], [ 23.584095302475916, 53.698034778892897 ], [ 23.582826673119332, 53.68651005110739 ], [ 23.581559376480183, 53.674985262913388 ], [ 23.600491674635126, 53.663090700946896 ], [ 23.601180037341521, 53.662658015295577 ], [ 23.599912883930823, 53.651133323708713 ], [ 23.598647333069604, 53.6396085612283 ], [ 23.597383487986029, 53.628083723879342 ], [ 23.616315591872436, 53.616181979310262 ], [ 23.616995958019764, 53.615753684238911 ], [ 23.615732901832892, 53.604228918358302 ], [ 23.614471845263388, 53.592704066107579 ], [ 23.633372018574576, 53.580815866605725 ], [ 23.634077716221665, 53.580371063456745 ], [ 23.632817917629048, 53.568846264174994 ], [ 23.631560420469729, 53.557321366627491 ], [ 23.650403208242832, 53.545462951953169 ], [ 23.651159918362858, 53.544985393367298 ], [ 23.649904131819323, 53.533460530662971 ], [ 23.648650947180382, 53.521935557762376 ], [ 23.667409357435616, 53.510124141481363 ], [ 23.668244199641681, 53.509596609758979 ], [ 23.666993143339674, 53.498071654682107 ], [ 23.665744976999235, 53.486546577876517 ], [ 23.684390651194686, 53.474800232454498 ], [ 23.685331993580888, 53.474204655328705 ], [ 23.684086317425447, 53.462679581280199 ], [ 23.682843794574833, 53.451154374856763 ], [ 23.701347257517579, 53.439491864663118 ], [ 23.702424445312964, 53.438809483261927 ], [ 23.701184696452788, 53.427284267394548 ], [ 23.719555014731199, 53.415699922090006 ], [ 23.720759212610339, 53.414936290391161 ], [ 23.719522320985774, 53.403411061049184 ], [ 23.718288909318623, 53.391885685696401 ], [ 23.73646498636333, 53.380418207922979 ], [ 23.737856369899031, 53.379534768435491 ], [ 23.736625920764453, 53.368009374246455 ], [ 23.754631978153, 53.356643410637545 ], [ 23.756186438273311, 53.355655406636473 ], [ 23.754958898179314, 53.344129994953441 ], [ 23.753735003861859, 53.332604429839151 ], [ 23.771495570076787, 53.321387785402571 ], [ 23.773287267521216, 53.320247571987849 ], [ 23.772066167029195, 53.308721992780086 ], [ 23.770848733974645, 53.297196258860062 ], [ 23.788334867054434, 53.286147207294135 ], [ 23.790391830710551, 53.28483654864678 ], [ 23.789176933883482, 53.273310809814149 ], [ 23.806439200558415, 53.262397264717038 ], [ 23.808711142932317, 53.260948133782641 ], [ 23.80749848248, 53.249422401498364 ], [ 23.824524869115784, 53.238651929464361 ], [ 23.827023152845261, 53.237056789118505 ], [ 23.843888971931207, 53.226381759881534 ], [ 23.846539407253303, 53.224688094393379 ], [ 23.845326820133202, 53.21316255987054 ], [ 23.861940625312936, 53.202640782246299 ], [ 23.864832427825529, 53.200790981247444 ], [ 23.863621026595091, 53.189265495140056 ], [ 23.879973550860537, 53.178902797002507 ], [ 23.900605408788049, 53.178095838923817 ], [ 23.903816133429522, 53.176038695197171 ], [ 23.902600013737555, 53.164513611078412 ], [ 23.901386752682114, 53.152988402351909 ], [ 23.900176276886047, 53.141463072060695 ], [ 23.898968506980243, 53.129937623493362 ], [ 23.894884998450856, 53.127949205642281 ], [ 23.877090241033819, 53.119262738756703 ], [ 23.87589333451027, 53.107736720253612 ], [ 23.874698914013319, 53.096210592887367 ], [ 23.873506878077645, 53.084684360833116 ], [ 23.87231712116634, 53.073158028430946 ], [ 23.887557072722863, 53.063489992450933 ], [ 23.891773606132887, 53.06078265945321 ], [ 23.890582132211151, 53.049256492312921 ], [ 23.905524554407574, 53.039769837667727 ], [ 23.910023139406125, 53.03687845842007 ], [ 23.908829347257331, 53.025352482117462 ], [ 23.923473000814564, 53.016047960453541 ], [ 23.92825417583914, 53.01297181960561 ], [ 23.927057477473191, 53.001446059459255 ], [ 23.925862151678597, 52.989920235801932 ], [ 23.924668083810005, 52.978394353386939 ], [ 23.938782967350292, 52.969415792306634 ], [ 23.944066237642218, 52.966011712131397 ], [ 23.942868186729232, 52.954486091603812 ], [ 23.936735784424055, 52.951490421771254 ], [ 23.921092284079965, 52.943816400977738 ], [ 23.919902107763605, 52.932290330755542 ], [ 23.91871262404052, 52.920764225178722 ], [ 23.917523723847705, 52.909238088754769 ], [ 23.916335300169372, 52.897711925903891 ], [ 23.915147248298645, 52.886185740948335 ], [ 23.913959466076726, 52.874659538102463 ], [ 23.912771854109856, 52.863133321463827 ], [ 23.911584315963992, 52.851607095005114 ], [ 23.924438975925142, 52.843413213393134 ], [ 23.930919228177444, 52.839228212972067 ], [ 23.929725265218536, 52.827702349844706 ], [ 23.928531103190938, 52.816176488274245 ], [ 23.927336660311386, 52.804650631632263 ], [ 23.939696508664316, 52.796759305498099 ], [ 23.946637872768957, 52.792270100195118 ], [ 23.945436350136561, 52.780744636636442 ], [ 23.944234324105725, 52.769219187365366 ], [ 23.943031728354217, 52.757693755114794 ], [ 23.941828500224769, 52.746168342463108 ], [ 23.940624580747809, 52.734642951833273 ], [ 23.939419914653943, 52.723117585492382 ], [ 23.938214450377718, 52.711592245551657 ], [ 23.92956809448885, 52.707342017569871 ], [ 23.916562339058505, 52.70091862435028 ], [ 23.907865498342627, 52.696639803204953 ], [ 23.894920698111243, 52.69024077521253 ], [ 23.886173459816465, 52.685933359061899 ], [ 23.873289497567285, 52.679558703624885 ], [ 23.864491975785864, 52.675222703955754 ], [ 23.851668706239163, 52.668872415103216 ], [ 23.842821043166374, 52.664507857398625 ], [ 23.830058292104617, 52.65818191517608 ], [ 23.821160658888001, 52.653788839383544 ], [ 23.808458222714453, 52.647487209367362 ], [ 23.799510819868793, 52.643065670154336 ], [ 23.786868465620842, 52.636788303178498 ], [ 23.785698883504551, 52.62526064168015 ], [ 23.776608141156949, 52.620762872611465 ], [ 23.764124517669007, 52.614557215074854 ], [ 23.754985639501498, 52.610031654875534 ], [ 23.734624542799338, 52.610871456238499 ], [ 23.714262456058478, 52.61170785014513 ], [ 23.693899384043011, 52.612540843284819 ], [ 23.673535331538194, 52.61337044265818 ], [ 23.653170303349039, 52.614196655570524 ], [ 23.640550822986206, 52.607898796005557 ], [ 23.631579802863058, 52.603440028400129 ], [ 23.611218116194951, 52.604258617377887 ], [ 23.598622164742945, 52.597963224616926 ], [ 23.589642473988654, 52.593493738836223 ], [ 23.569284149412216, 52.594304739799909 ], [ 23.556712586556571, 52.588012307982133 ], [ 23.5477233753363, 52.583531662771065 ], [ 23.535214559534747, 52.57726524388589 ], [ 23.526173143663023, 52.572754631141436 ], [ 23.513726568236596, 52.566514036873187 ], [ 23.504633450403485, 52.561973661041009 ], [ 23.484287183422314, 52.562768748846032 ], [ 23.471866038898032, 52.556531849934395 ], [ 23.470780618218917, 52.544999213024965 ], [ 23.461585661547826, 52.540399955443831 ], [ 23.449322636098803, 52.534235605098942 ], [ 23.440077556312382, 52.529607237082544 ], [ 23.427874643499727, 52.523467872062916 ], [ 23.418579970193989, 52.518810614174157 ], [ 23.40643664386559, 52.512696017793893 ], [ 23.397092897488402, 52.508010086687904 ], [ 23.385008647033658, 52.501920045935101 ], [ 23.383942189018843, 52.490386236567488 ], [ 23.374465174187364, 52.48562783061508 ], [ 23.362529341417378, 52.479605848086337 ], [ 23.361466941921027, 52.468071765188398 ], [ 23.351861098406506, 52.46324295753486 ], [ 23.340069392661096, 52.457286960645035 ], [ 23.33901122941813, 52.445752598169207 ], [ 23.329280606545364, 52.440855273392373 ], [ 23.317629162414693, 52.434963377000187 ], [ 23.316575439280676, 52.423428728048329 ], [ 23.315520895874229, 52.411894098064025 ], [ 23.30559427873769, 52.406890657749599 ], [ 23.294160011203854, 52.401100145772958 ], [ 23.284190106519556, 52.396070525552751 ], [ 23.272809575914557, 52.390302086207434 ], [ 23.271765426383162, 52.378766841123621 ], [ 23.261679959319441, 52.373672919513659 ], [ 23.250431183826837, 52.367964358653943 ], [ 23.249392195777631, 52.356428803174566 ], [ 23.239193119319165, 52.351271430205934 ], [ 23.228074414880403, 52.34562189501117 ], [ 23.227040847229674, 52.334086020781967 ], [ 23.216729515115873, 52.328865746620515 ], [ 23.205739800838927, 52.323274684245128 ], [ 23.204711911676295, 52.311738483090586 ], [ 23.194289075904798, 52.306455555346218 ], [ 23.183427868549369, 52.300922715897556 ], [ 23.182405908754312, 52.289386180046669 ], [ 23.192092398120028, 52.28323586141827 ], [ 23.201627236638807, 52.277129844800534 ], [ 23.200598872355201, 52.265593613341785 ], [ 23.199570533520383, 52.254057369109219 ], [ 23.198542274808542, 52.242521110133509 ], [ 23.197514149016694, 52.230984834513393 ], [ 23.206868956329178, 52.225030981905185 ], [ 23.227070736172731, 52.224314421217073 ], [ 23.247271641877138, 52.223594156931121 ], [ 23.257114289779533, 52.217273403302194 ], [ 23.266367569852701, 52.211369557680321 ], [ 23.27666560459248, 52.216565279409679 ], [ 23.287670816645559, 52.222142552689768 ], [ 23.297526540040899, 52.21580612626402 ], [ 23.30675449005717, 52.209910010753738 ], [ 23.326946620192881, 52.209174735625304 ], [ 23.347137859087688, 52.208435805041503 ], [ 23.367328203330917, 52.207693228399407 ], [ 23.377252007073462, 52.201296999318977 ], [ 23.386382828371424, 52.19544439566004 ], [ 23.396355242232243, 52.189011785992435 ], [ 23.405426820465951, 52.183191144179006 ], [ 23.415445225403264, 52.176723794876267 ], [ 23.424460190304337, 52.17093352299883 ], [ 23.434546173174081, 52.176005983509953 ], [ 23.445780246946768, 52.181679536930375 ], [ 23.455800460645055, 52.175203587548346 ], [ 23.464801337347666, 52.169414183381299 ], [ 23.474883355198759, 52.174479879470326 ], [ 23.486130030955749, 52.180153554881414 ], [ 23.506303548865581, 52.179385197418981 ], [ 23.516324610338614, 52.172897531589769 ], [ 23.505072483676511, 52.167224933749644 ], [ 23.495031047944575, 52.162138310348261 ], [ 23.493911581184111, 52.150606940337127 ], [ 23.502811700736565, 52.144870653826459 ], [ 23.512947688019064, 52.138304468784639 ], [ 23.521800995730722, 52.132592576804782 ], [ 23.541951774414816, 52.131816069943895 ], [ 23.552117535454297, 52.125221662753496 ], [ 23.560924353345396, 52.119530061197835 ], [ 23.581068063733657, 52.118746234835456 ], [ 23.601210842381587, 52.117958888016204 ], [ 23.611396173709728, 52.111339032832277 ], [ 23.610242370993618, 52.099809637437957 ], [ 23.618969259891891, 52.094154523287401 ], [ 23.629213198328735, 52.087489997543976 ], [ 23.637904042778906, 52.081852701060576 ], [ 23.648171583567272, 52.075167609161767 ], [ 23.647008148647917, 52.0636387976677 ], [ 23.655629019223657, 52.058039872079334 ], [ 23.665949056961903, 52.051313974177837 ], [ 23.664781518343883, 52.039785423777786 ], [ 23.663615034106261, 52.028256821605346 ], [ 23.662449631923195, 52.016728166554799 ], [ 23.670932384948372, 52.011209276555988 ], [ 23.68136345780232, 52.004401516641309 ], [ 23.680194283876961, 51.99287311068727 ], [ 23.679026272882872, 51.981344648524924 ], [ 23.67785943670436, 51.969816129674982 ], [ 23.665995338248383, 51.963832678608441 ], [ 23.656639526322078, 51.95908407113636 ], [ 23.644726271316358, 51.953070673303074 ], [ 23.635431563096073, 51.948347848504248 ], [ 23.643681323838493, 51.942976221229031 ], [ 23.654323553896312, 51.936026042942977 ], [ 23.642336008755315, 51.92997136682677 ], [ 23.633129621140693, 51.925289009426706 ], [ 23.62108866227959, 51.919202144323265 ], [ 23.611947408201782, 51.914547829626585 ], [ 23.62006612060048, 51.90926129838337 ], [ 23.630832124421492, 51.902229954328298 ], [ 23.629685004184321, 51.890700347286113 ], [ 23.628538941545759, 51.879170688335748 ], [ 23.616340879508069, 51.872996719532168 ], [ 23.607383963398501, 51.868427927712204 ], [ 23.615340207638933, 51.863242254605872 ], [ 23.626249886102361, 51.856111218738256 ], [ 23.613971664099513, 51.849892810671932 ], [ 23.605108182350865, 51.845367681601793 ], [ 23.603971670893724, 51.833837488897153 ], [ 23.61180417892021, 51.828728801009497 ], [ 23.622823516119528, 51.821521653154981 ], [ 23.630633101123856, 51.81642338904183 ], [ 23.6416640681459, 51.809203062245551 ], [ 23.640519052678673, 51.797673407971502 ], [ 23.639374855092033, 51.786143711119337 ], [ 23.626875495225757, 51.779804937041639 ], [ 23.618266948555977, 51.775401618363802 ], [ 23.605704109449409, 51.769025223393434 ], [ 23.597169531599025, 51.764655450146549 ], [ 23.584542725635828, 51.758241130496806 ], [ 23.564558381184639, 51.759006453211043 ], [ 23.556125579316713, 51.754682081183169 ], [ 23.543411173511004, 51.748214265298785 ], [ 23.535052985675122, 51.743924096090879 ], [ 23.5339387908096, 51.732392591628681 ], [ 23.541336531125111, 51.727565673377022 ], [ 23.552766989639704, 51.720088533522301 ], [ 23.551648282789035, 51.70855729751063 ], [ 23.55052991364289, 51.697026037605156 ], [ 23.549411838582266, 51.68549475547951 ], [ 23.548294014667512, 51.673963452779951 ], [ 23.547176399787162, 51.662432131119623 ], [ 23.54605895279402, 51.650900792073315 ], [ 23.544941633628159, 51.639369437172711 ], [ 23.543824403426786, 51.627838067902118 ], [ 23.542707224621093, 51.616306685694809 ], [ 23.541590061020877, 51.604775291929748 ], [ 23.548585328134916, 51.600193799001303 ], [ 23.560357464706794, 51.592471461935936 ], [ 23.559235257377107, 51.580940359140449 ], [ 23.55811298806049, 51.569409247815848 ], [ 23.565028757477126, 51.564873080851221 ], [ 23.57685936441332, 51.557103279981639 ], [ 23.575731980639898, 51.545572464170633 ], [ 23.574604468790536, 51.534041642446361 ], [ 23.581447818768652, 51.529546311589925 ], [ 23.6013281407553, 51.528751550073885 ], [ 23.613182091820704, 51.520952923550013 ], [ 23.612044587239502, 51.509422710525854 ], [ 23.618873186945653, 51.504929379042728 ], [ 23.63074850754986, 51.497109144599193 ], [ 23.637570687391609, 51.492616245956214 ], [ 23.657433374013259, 51.49181262179976 ], [ 23.66927671875473, 51.484003117885592 ], [ 23.676114894599959, 51.479493525131716 ], [ 23.68795370733217, 51.471681058904203 ], [ 23.674617392791667, 51.464875858589927 ], [ 23.666971900142869, 51.460944524351767 ], [ 23.65358719564578, 51.454108871535148 ], [ 23.645998450897615, 51.450204022398808 ], [ 23.652736534025685, 51.445758777343947 ], [ 23.672578511459054, 51.444953666509193 ], [ 23.684481531877044, 51.43709408565995 ], [ 23.683323760719389, 51.42556508872616 ], [ 23.690055732798658, 51.421116628226592 ], [ 23.701970785266436, 51.413241536058592 ], [ 23.700807944275248, 51.401712844914911 ], [ 23.687362646491515, 51.394843041033333 ], [ 23.679849120775824, 51.390978087490808 ], [ 23.678690431259199, 51.379449084861648 ], [ 23.677531490464105, 51.367920081599571 ], [ 23.664012557132676, 51.361002599234382 ], [ 23.656589452476968, 51.35718075507075 ], [ 23.655434551620324, 51.345651445126514 ], [ 23.654279371205444, 51.334122135433411 ], [ 23.64069893193501, 51.327163082445537 ], [ 23.633353885315525, 51.323378255244982 ], [ 23.639879362557455, 51.319058953548129 ], [ 23.651968166763826, 51.311063516871428 ], [ 23.6508121432372, 51.299534207919692 ], [ 23.64965584104673, 51.288004899057718 ], [ 23.656160980653411, 51.283693220940734 ], [ 23.663523510809249, 51.287452214754765 ], [ 23.67710619024821, 51.294414542392481 ], [ 23.689166489596008, 51.286425873985529 ], [ 23.695704649486306, 51.282088223382551 ], [ 23.70775067736815, 51.274102972193077 ], [ 23.714293154266169, 51.269759217459544 ], [ 23.726324978794132, 51.261777351965108 ], [ 23.725150140573778, 51.250249257910134 ], [ 23.731686310757595, 51.24590531921006 ], [ 23.743710020188995, 51.237921224094606 ], [ 23.742530392639082, 51.226393430365533 ], [ 23.741350589062371, 51.214865633140747 ], [ 23.747873886660926, 51.210524852949106 ], [ 23.759891690833353, 51.202535487946953 ], [ 23.766420201057013, 51.198188184726106 ], [ 23.778423231690102, 51.190202627929743 ], [ 23.784956631393278, 51.185849046982192 ], [ 23.80468363978266, 51.185030635323891 ], [ 23.816655549547647, 51.177055360143193 ], [ 23.81545788580846, 51.1655287691719 ], [ 23.821999884428891, 51.161163504758939 ], [ 23.829419911761498, 51.164951860857407 ], [ 23.84292477495968, 51.171862422358338 ], [ 23.854867718210791, 51.16389603847648 ], [ 23.861429957025475, 51.159513438862639 ], [ 23.873360978078274, 51.151549024621005 ], [ 23.872150340033556, 51.140023345820694 ], [ 23.858651049156133, 51.133116051040581 ], [ 23.851248642215779, 51.129318071229584 ], [ 23.850042231098669, 51.117792063926714 ], [ 23.856580511523948, 51.113421486249074 ], [ 23.868518361267867, 51.105446251521663 ], [ 23.867307720536431, 51.093920532341286 ], [ 23.873844986284308, 51.089546853879952 ], [ 23.885770515717272, 51.081572312613737 ], [ 23.892310151047589, 51.077194250788686 ], [ 23.911988195936093, 51.076363005807288 ], [ 23.923892043584935, 51.068392590663549 ], [ 23.922668936287796, 51.056867765343135 ], [ 23.921445929936286, 51.045342925818829 ], [ 23.920223037887421, 51.03381807150005 ], [ 23.919000273636396, 51.022293201790781 ], [ 23.917777650785272, 51.010768316090861 ], [ 23.924311952937426, 51.006384856457473 ], [ 23.943959350354085, 51.00555162569497 ], [ 23.955838502340743, 50.99757963706584 ], [ 23.954607901160767, 50.986055340312973 ], [ 23.961141683448208, 50.981666859154799 ], [ 23.973009760343356, 50.973694811811455 ], [ 23.971775427587271, 50.962170790670264 ], [ 23.970541327601467, 50.95064674977688 ], [ 23.977072915697498, 50.946255498919463 ], [ 23.988926566910436, 50.938284119360588 ], [ 23.995455501280095, 50.933891999979458 ], [ 24.007303033751199, 50.925918803377968 ], [ 24.013828400079539, 50.921526431444754 ], [ 24.025670731277334, 50.913550805411312 ], [ 24.032191619724877, 50.90915879290084 ], [ 24.04402965890986, 50.901180129204626 ], [ 24.050545167608544, 50.896789081839842 ], [ 24.070143085560755, 50.895940155262544 ], [ 24.08197836445941, 50.887953030062356 ], [ 24.088481270188442, 50.883565882660143 ], [ 24.108072542540324, 50.882711254349417 ], [ 24.119907449452377, 50.87471405134044 ], [ 24.12639536791572, 50.870332385472587 ], [ 24.138229983606529, 50.862329447101779 ], [ 24.136961047540041, 50.850808094568123 ], [ 24.123492780863984, 50.843920357272445 ], [ 24.11611314466634, 50.840149019293136 ], [ 24.102659040030055, 50.833262812129519 ], [ 24.083089138429028, 50.834123526671988 ], [ 24.063518275810338, 50.834980926232056 ], [ 24.043946455475599, 50.835835007300034 ], [ 24.024373680732879, 50.836685766368689 ], [ 24.004799954897379, 50.837533199939152 ], [ 23.997379394557381, 50.833730342509284 ], [ 23.983995081800735, 50.826856213327417 ], [ 23.97656329898987, 50.823045392883024 ], [ 23.975328895863392, 50.811521383308886 ], [ 23.974094887686505, 50.799997346819353 ], [ 23.972861285093696, 50.788473282939002 ], [ 23.971628098502787, 50.776949191201965 ], [ 23.978203651531476, 50.772515824378409 ], [ 23.997752213882567, 50.771684707855968 ], [ 24.017299849591751, 50.770850338025284 ], [ 24.029063072930089, 50.762903800584155 ], [ 24.027818502186264, 50.751380595739455 ], [ 24.026574382714152, 50.739857361576256 ], [ 24.025330723166046, 50.728334097700589 ], [ 24.031888944038762, 50.72390385153939 ], [ 24.051415839248662, 50.723065875342115 ], [ 24.070941797602707, 50.722224615084407 ], [ 24.082697615879223, 50.714263943357921 ], [ 24.081442574688857, 50.702741576903328 ], [ 24.080188019295264, 50.691219179648215 ], [ 24.066849053911067, 50.684361163286347 ], [ 24.059410601591871, 50.680548003590538 ], [ 24.065959161758421, 50.676117593553187 ], [ 24.085465351862428, 50.675275889651594 ], [ 24.097198592358289, 50.66732010572251 ], [ 24.095941405179893, 50.655797936805321 ], [ 24.08261467554771, 50.648943518165957 ], [ 24.075174791770905, 50.645129276286006 ], [ 24.081722626225975, 50.640695305788306 ], [ 24.093428572088516, 50.632753502727155 ], [ 24.092172937686154, 50.621231237023459 ], [ 24.090917832030964, 50.609708938530773 ], [ 24.097464158753933, 50.605271890162555 ], [ 24.109155556453338, 50.597331113969304 ], [ 24.095863328264105, 50.590487592464996 ], [ 24.08840922765112, 50.586664242197294 ], [ 24.08715573874743, 50.575141843889284 ], [ 24.085902798233462, 50.563619411857871 ], [ 24.084650410496554, 50.552096945892757 ], [ 24.083398579712995, 50.540574445793105 ], [ 24.082147309845947, 50.52905191136751 ], [ 24.080896604642316, 50.517529342434216 ], [ 24.079646467628713, 50.506006738821199 ], [ 24.066486207775856, 50.499211181878742 ], [ 24.05894080929275, 50.495333437536608 ], [ 24.057695978456376, 50.483810439865984 ], [ 24.056451728477132, 50.47228740689868 ], [ 24.055208062080897, 50.460764338498905 ], [ 24.042138958080276, 50.454004192484902 ], [ 24.03452432703827, 50.450086049429835 ], [ 24.021503190786465, 50.44334520222688 ], [ 24.013848289425155, 50.439403854339695 ], [ 24.012614721329143, 50.427880033302372 ], [ 24.011381753802397, 50.416356176014418 ], [ 23.998445793141681, 50.409649906313433 ], [ 23.979049198781389, 50.410501494460519 ], [ 23.959651696440815, 50.411350040873522 ], [ 23.940253289079998, 50.412195542363648 ], [ 23.920853979646395, 50.413037995568118 ], [ 23.90145377107504, 50.413877396948223 ], [ 23.893572383105855, 50.409806448108803 ], [ 23.880866592568118, 50.403197103349186 ], [ 23.861469296206693, 50.404030393322756 ], [ 23.842071110465742, 50.404860626405387 ], [ 23.822672038228664, 50.405687798389465 ], [ 23.803272082367663, 50.406511904886081 ], [ 23.795205824283464, 50.402335545367713 ], [ 23.782709453267433, 50.395816401800936 ], [ 23.763312441832532, 50.396634394413901 ], [ 23.755156390660005, 50.39240690723161 ], [ 23.742762925196171, 50.385932844637829 ], [ 23.72336886977271, 50.386744724008246 ], [ 23.715119463779363, 50.382464109175395 ], [ 23.702832465349314, 50.376037126950834 ], [ 23.694523884015187, 50.371722890191279 ], [ 23.693360778582971, 50.36019383375266 ], [ 23.692198390678978, 50.348664736199716 ], [ 23.691036718157797, 50.337135597607961 ], [ 23.678901657645845, 50.330777266591298 ], [ 23.67046334220068, 50.326389489831286 ], [ 23.658400074008622, 50.320063645291256 ], [ 23.639030717530513, 50.320863422471476 ], [ 23.630487216291122, 50.316415851141329 ], [ 23.629340023388181, 50.304885692211691 ], [ 23.61742462677104, 50.298627252349853 ], [ 23.608790107682857, 50.294128007599461 ], [ 23.607648476824728, 50.282597469112062 ], [ 23.595839296106075, 50.276387958937619 ], [ 23.587111246823767, 50.271835593776224 ], [ 23.575380033958961, 50.265662088281502 ], [ 23.566581871556807, 50.261069868813635 ], [ 23.554929983458081, 50.254933147997818 ], [ 23.546060356405075, 50.250300297196745 ], [ 23.53448913905428, 50.244201137053132 ], [ 23.525546703768892, 50.239526882019355 ], [ 23.514057495373006, 50.233466056181847 ], [ 23.505040912604425, 50.22874962651202 ], [ 23.493635047236413, 50.222727908164593 ], [ 23.474301000870401, 50.223503330495802 ], [ 23.465160747162482, 50.21871647721175 ], [ 23.464052890559152, 50.207183608200374 ], [ 23.452817717994169, 50.201242433691547 ], [ 23.443570636317549, 50.196394852667972 ], [ 23.432422827698232, 50.190495125468125 ], [ 23.423096196001044, 50.185602271373014 ], [ 23.4120371146, 50.179744787062063 ], [ 23.402629544831921, 50.174805868427164 ], [ 23.391660574787068, 50.168991435412465 ], [ 23.382170652170334, 50.164005648147665 ], [ 23.371293204641638, 50.15823509096618 ], [ 23.36171948123723, 50.153201615062635 ], [ 23.360635702207716, 50.141667104987654 ], [ 23.349888522376926, 50.135959409164322 ], [ 23.340196776971265, 50.130858951184067 ], [ 23.329544804702316, 50.125197275341378 ], [ 23.319765428883027, 50.120046997312983 ], [ 23.309210243895205, 50.114432262089188 ], [ 23.299341596530127, 50.109231248707317 ], [ 23.288884837796363, 50.103664408331859 ], [ 23.278925211837254, 50.098411710904479 ], [ 23.277859619036541, 50.086875945562561 ], [ 23.26754406220881, 50.081378280019578 ], [ 23.257454877220976, 50.076052326888473 ], [ 23.256393684032115, 50.064516244898982 ], [ 23.246223743235504, 50.059090273704903 ], [ 23.23600028655806, 50.053688561159149 ], [ 23.225936402197867, 50.04831487819925 ], [ 23.215613929380261, 50.042857113889525 ], [ 23.214560836151524, 50.031320441240652 ], [ 23.204650978867232, 50.026023241634071 ], [ 23.194185297848929, 50.020484956374403 ], [ 23.193135867046248, 50.008947996234234 ], [ 23.18338599448057, 50.003730647345122 ], [ 23.172770769128906, 49.998108491750287 ], [ 23.163136682124787, 49.992948987797263 ], [ 23.152412189587452, 49.987265252366015 ], [ 23.15136960872989, 49.975727751052368 ], [ 23.141906571792951, 49.97065435170768 ], [ 23.131020836259939, 49.964880522078737 ], [ 23.121680834712837, 49.959869095650888 ], [ 23.110678224896951, 49.954029576604398 ], [ 23.109641641267579, 49.942491566792441 ], [ 23.100485591644812, 49.937573518281368 ], [ 23.089308158880101, 49.931636662414292 ], [ 23.088273781570742, 49.920098419260285 ], [ 23.079310781205233, 49.915278854489152 ], [ 23.067948972728843, 49.909239575205937 ], [ 23.059123044633537, 49.904489944898593 ], [ 23.047629700120844, 49.898377044497771 ], [ 23.046599813585598, 49.886838347815214 ], [ 23.037983096206112, 49.882196294218062 ], [ 23.026288500954273, 49.875971907741878 ], [ 23.017818920987796, 49.871405500378955 ], [ 23.005982342757051, 49.865101798652766 ], [ 23.00495600030138, 49.853562681950429 ], [ 22.996713828452481, 49.849114091004189 ], [ 22.984657091504786, 49.842688692672148 ], [ 22.976573206457267, 49.83832207789213 ], [ 22.964362966680131, 49.831811050993231 ], [ 22.96333921872391, 49.82027154687804 ], [ 22.96231364441314, 49.808732088941682 ], [ 22.954564930376598, 49.804540825405986 ], [ 22.942027876297121, 49.797850391356832 ], [ 22.934453134906274, 49.793749989452692 ], [ 22.921746432837132, 49.786965060548802 ], [ 22.914350460152843, 49.782958266704277 ], [ 22.901469207553578, 49.776076101516232 ], [ 22.900446488934357, 49.764536103303676 ], [ 22.89942147409408, 49.752996165660811 ], [ 22.892414735564568, 49.749195091220976 ], [ 22.87915102827829, 49.742103207423078 ], [ 22.872340849264226, 49.738405850129702 ], [ 22.858884406402385, 49.731206636806895 ], [ 22.857859286396245, 49.719666398085579 ], [ 22.851366640133765, 49.716137659525508 ], [ 22.83759740585862, 49.708766041257086 ], [ 22.83131623046479, 49.705349547979395 ], [ 22.817339107849509, 49.697862082201766 ], [ 22.81127491279403, 49.694561013785446 ], [ 22.797084332978947, 49.686954523906678 ], [ 22.791242681588258, 49.683772096407246 ], [ 22.776833030553831, 49.676043369035625 ], [ 22.775808364009823, 49.664502516844657 ], [ 22.77478060035477, 49.652961747976413 ], [ 22.769445013295524, 49.650051094526951 ], [ 22.754533808011736, 49.642046670318081 ], [ 22.749441441836652, 49.639266516717477 ], [ 22.734290276347942, 49.631128004364093 ], [ 22.733260101573439, 49.619587000612142 ], [ 22.728571282371956, 49.617024434590746 ], [ 22.713020110493275, 49.608664589720533 ], [ 22.711986729086892, 49.597123522083905 ], [ 22.707721398073332, 49.594789923019 ], [ 22.691750093253553, 49.586197371626845 ], [ 22.690713224743572, 49.574656247141455 ], [ 22.686891761737719, 49.572563269430809 ], [ 22.670479793448454, 49.563726361219878 ], [ 22.669439174133956, 49.552185186237722 ], [ 22.666082343457031, 49.550344730659837 ], [ 22.649208831915253, 49.541251567695682 ], [ 22.64614484973804, 49.539570359298359 ], [ 22.628981640181859, 49.530314367057507 ], [ 22.644672580935076, 49.519798415828532 ], [ 22.647115572987563, 49.51816923611662 ], [ 22.646062824819523, 49.5066282348212 ], [ 22.662010402090925, 49.49592657474787 ], [ 22.68108283165494, 49.495382722434428 ], [ 22.683345948706538, 49.493871335525213 ], [ 22.699274110535129, 49.483167497054382 ], [ 22.701442127704901, 49.481718585465288 ], [ 22.700364751179741, 49.470178722443158 ], [ 22.699282871723028, 49.458638984417362 ], [ 22.698196404567188, 49.447099373983612 ], [ 22.697105264693612, 49.435559893742393 ], [ 22.713920662529819, 49.424231820753967 ], [ 22.71515417576656, 49.423406216958348 ], [ 22.714049386956784, 49.411867278823749 ], [ 22.731189604024568, 49.400305218097216 ], [ 22.732075806727774, 49.399711534875642 ], [ 22.730956914166853, 49.388173157623328 ], [ 22.729832848542966, 49.376634927762666 ], [ 22.728703519592095, 49.365096848068916 ], [ 22.727908100919855, 49.357001759361921 ], [ 22.709253620685736, 49.362377715121006 ], [ 22.696237806922792, 49.366140902573221 ], [ 22.690597161634681, 49.367780492624824 ], [ 22.671938074691319, 49.373201809836146 ], [ 22.653277303351917, 49.378654677760771 ], [ 22.651629610275616, 49.379134905017139 ], [ 22.634613534243471, 49.384121809206356 ], [ 22.615947782326689, 49.389617253915048 ], [ 22.607532852730785, 49.392095443642802 ], [ 22.597279389697746, 49.395132467169091 ], [ 22.578608361515318, 49.40066784549979 ], [ 22.563960241138897, 49.405022721795383 ], [ 22.559934903552396, 49.406226564913993 ], [ 22.54125822654925, 49.411798051857943 ], [ 22.522579098054837, 49.417393241286135 ], [ 22.520812118716076, 49.417920380338536 ], [ 22.503896415436571, 49.422997061642597 ], [ 22.485210868750681, 49.428619404807215 ], [ 22.477973105670507, 49.430792377630105 ], [ 22.466521806189384, 49.434251351454087 ], [ 22.447829252856121, 49.439893439468221 ], [ 22.435407681876299, 49.443640121029951 ], [ 22.429133106002563, 49.445544387240311 ], [ 22.410432862685052, 49.451197124502947 ], [ 22.393007947205309, 49.456467088642668 ], [ 22.391728842738434, 49.456856339442503 ], [ 22.37302012869327, 49.462508816123389 ], [ 22.35430721940639, 49.468161774640507 ], [ 22.350582355943345, 49.469279023365225 ], [ 22.335589296027738, 49.473803209054843 ], [ 22.316866517607505, 49.479435314170637 ], [ 22.308022405816079, 49.482079006840166 ], [ 22.298138425539221, 49.485051147749893 ], [ 22.279404758663134, 49.490646566377634 ], [ 22.265179517377099, 49.49487109169015 ], [ 22.26066540016388, 49.496219504527716 ], [ 22.241919737296804, 49.501760351415882 ], [ 22.223167901031204, 49.507270587700759 ], [ 22.22181979367766, 49.507661485461625 ], [ 22.204409092271852, 49.512737504601162 ], [ 22.185643417986459, 49.518162036719936 ], [ 22.17759295217224, 49.52045923656484 ], [ 22.166870329434534, 49.523534996906079 ], [ 22.148089540063754, 49.528851063051881 ], [ 22.132280587291859, 49.533269265018212 ], [ 22.129300852212729, 49.534106178468505 ], [ 22.110503631157268, 49.539289310456326 ], [ 22.091697878346668, 49.544399235862919 ], [ 22.085289813279893, 49.546106113967625 ], [ 22.072883012764329, 49.549425423335279 ], [ 22.054058796627885, 49.554362585959552 ], [ 22.03609291367891, 49.558981586472775 ], [ 22.035225012124972, 49.559205628162616 ], [ 22.016381022224984, 49.563942528658885 ], [ 21.997526809608178, 49.568571079649878 ], [ 21.983497417795611, 49.571923627358274 ], [ 21.978661992208533, 49.573083026587064 ], [ 21.959786114018023, 49.577468683729037 ], [ 21.940899099057056, 49.581724435201238 ], [ 21.926018104470572, 49.584965165397904 ], [ 21.922000621357245, 49.585842386609897 ], [ 21.903090267618666, 49.589812966693138 ], [ 21.88416799390896, 49.593632611051305 ], [ 21.865233581914165, 49.597294682853295 ], [ 21.860436932497681, 49.598178517691728 ], [ 21.846286669896188, 49.600789903458498 ], [ 21.827327183794694, 49.604113713670749 ], [ 21.808355026051171, 49.60726101718523 ], [ 21.78937007125959, 49.6102260860158 ], [ 21.779038822422223, 49.611735454831333 ], [ 21.770372146255827, 49.613002187652441 ], [ 21.751361171927449, 49.615584067317613 ], [ 21.732337193959655, 49.617968547694034 ], [ 21.713300203058974, 49.620151365361608 ], [ 21.694250220773462, 49.622128687802835 ], [ 21.67518730036457, 49.623897144236281 ], [ 21.656111527492154, 49.625453854432351 ], [ 21.64048042766154, 49.626553449864446 ], [ 21.637023009833801, 49.626796254014991 ], [ 21.617921874925003, 49.627922065554401 ], [ 21.598808357240785, 49.628830944803831 ], [ 21.579682675007593, 49.629522221081245 ], [ 21.560545078669886, 49.629995809326871 ], [ 21.541395850286545, 49.630252220784975 ], [ 21.522235302704381, 49.630292569970173 ], [ 21.503063778514726, 49.630118577831524 ], [ 21.490819815720496, 49.629872226028269 ], [ 21.483881631778253, 49.629732236491698 ], [ 21.46468923797482, 49.629136017428735 ], [ 21.445487053628153, 49.6283340812546 ], [ 21.426275527992001, 49.627330568399508 ], [ 21.407055132020929, 49.626130186684676 ], [ 21.387826356192729, 49.624738190497347 ], [ 21.368589708207303, 49.623160356440714 ], [ 21.349345710582956, 49.621402955675272 ], [ 21.348157952097267, 49.621283424410358 ], [ 21.330094791383555, 49.619470484874263 ], [ 21.310837601452793, 49.617372297603865 ], [ 21.29157470247069, 49.615116161681506 ], [ 21.272306653086865, 49.612710043823299 ], [ 21.262551675711894, 49.61141723476954 ], [ 21.253033945712055, 49.610160748222988 ], [ 21.2337571464994, 49.607476928439368 ], [ 21.214476888598856, 49.604669020556422 ], [ 21.195193724319125, 49.601746031553098 ], [ 21.191783050517092, 49.601207705639304 ], [ 21.175908070999313, 49.598714259700188 ], [ 21.156620577020536, 49.595585468718404 ], [ 21.137331793430718, 49.592369626519499 ], [ 21.128295520487381, 49.590821288506042 ], [ 21.118042135709402, 49.589073939870453 ], [ 21.098752118143469, 49.585708187117625 ], [ 21.079462299337024, 49.582283557610999 ], [ 21.068658161905212, 49.580331350105666 ], [ 21.060173048165701, 49.578807161604068 ], [ 21.040884785388375, 49.575287626442623 ], [ 21.021598032851241, 49.571736360788627 ], [ 21.011054748170775, 49.569775419546396 ], [ 21.002313081821772, 49.568159584501032 ], [ 20.983030286633149, 49.56456531985598 ], [ 20.963750103594506, 49.560964450974794 ], [ 20.954221032067849, 49.559177890772787 ], [ 20.944472730050652, 49.557361780019249 ], [ 20.92519846722351, 49.553764946050684 ], [ 20.905927692548726, 49.550183859415782 ], [ 20.897154924930831, 49.548556331633094 ], [ 20.886660509242311, 49.546621722044129 ], [ 20.867397161888078, 49.543085577293617 ], [ 20.848137951480439, 49.539584260535356 ], [ 20.838945549686773, 49.53792487913276 ], [ 20.828882904935281, 49.536119640616057 ], [ 20.809632184222821, 49.532697322692194 ], [ 20.79038603316571, 49.529325395073464 ], [ 20.778653465810834, 49.527296255069075 ], [ 20.771144440260695, 49.52600523446074 ], [ 20.751907429580584, 49.522739272341418 ], [ 20.732675225430743, 49.519535712986851 ], [ 20.715209103473185, 49.516683067864818 ], [ 20.71344783731611, 49.516396984281059 ], [ 20.694225060481312, 49.513319421669152 ], [ 20.675007157197506, 49.510312862338544 ], [ 20.655794112596169, 49.507379392838651 ], [ 20.647232765634644, 49.506099788873598 ], [ 20.63658574258212, 49.50451612370923 ], [ 20.617382045181586, 49.501725548351786 ], [ 20.598183091653723, 49.499012526628597 ], [ 20.57898881524471, 49.49637786513113 ], [ 20.572902575008765, 49.495563221117017 ], [ 20.559798954081874, 49.493816268911921 ], [ 20.540613531637796, 49.491331264248849 ], [ 20.521432539900907, 49.488925538233275 ], [ 20.502255876203694, 49.486598820465161 ], [ 20.489473032808146, 49.485096509079831 ], [ 20.483083345921322, 49.484347779785317 ], [ 20.463914758205693, 49.482169033286148 ], [ 20.444750165762343, 49.480067291794924 ], [ 20.425589443907608, 49.47804140852999 ], [ 20.406432464420753, 49.476090047761822 ], [ 20.392609686083627, 49.474732240862927 ], [ 20.387279032781844, 49.474209450084345 ], [ 20.368128923832909, 49.472394542266024 ], [ 20.348982168965321, 49.470649300360122 ], [ 20.329838631793105, 49.46897173131434 ], [ 20.310698175375673, 49.467359702230979 ], [ 20.291560662708399, 49.465810948818884 ], [ 20.274944744483761, 49.46451812932451 ], [ 20.272425932259303, 49.464322121145521 ], [ 20.253293716644681, 49.462885512624275 ], [ 20.234164047628553, 49.461504845002686 ], [ 20.215036791899461, 49.460177398137461 ], [ 20.195911818102825, 49.458900356279401 ], [ 20.176788997169631, 49.457670814201762 ], [ 20.157668202624063, 49.456485783037003 ], [ 20.138549310871532, 49.455342195853497 ], [ 20.124182015928909, 49.454510874364189 ], [ 20.11943216605011, 49.454235357981865 ], [ 20.100316585287157, 49.453159040252729 ], [ 20.081202563608262, 49.452114658496463 ], [ 20.062089991105552, 49.451098873719118 ], [ 20.042978761954362, 49.450108293458662 ], [ 20.023868774612247, 49.449139476485719 ], [ 20.004759932006625, 49.448188937473397 ], [ 19.985652141711654, 49.44725315166572 ], [ 19.966545316114896, 49.446328559572144 ], [ 19.94743937257422, 49.445411571714459 ], [ 19.931549595789509, 49.444652034158366 ], [ 19.928334215241883, 49.444497603004045 ], [ 19.909229701919532, 49.44357917568108 ], [ 19.890125857787314, 49.442657414793423 ], [ 19.871022621211569, 49.44172864338082 ], [ 19.851919936196797, 49.440789179607982 ], [ 19.832817752487497, 49.439835342298146 ], [ 19.813716025659939, 49.438863456632262 ], [ 19.794614717203462, 49.437869860017514 ], [ 19.775513794590704, 49.43685090812297 ], [ 19.75641323133636, 49.435802981078531 ], [ 19.737313007043713, 49.434722489827578 ], [ 19.73361571923687, 49.434506181490676 ], [ 19.718213021798711, 49.433600017514607 ], [ 19.699113334342272, 49.432436279958097 ], [ 19.680013963851593, 49.431229212136721 ], [ 19.660914914558937, 49.429975398202686 ], [ 19.660857158071277, 49.434944858309251 ], [ 19.642046968717242, 49.446351895448132 ], [ 19.641605548814002, 49.446624078177521 ], [ 19.623104476018458, 49.45783611978058 ], [ 19.60401294510039, 49.457915034974214 ], [ 19.584921316147508, 49.457989998027557 ], [ 19.584093391269125, 49.45849960422931 ], [ 19.583961143780108, 49.470071013626715 ], [ 19.566092469930787, 49.480878896714771 ], [ 19.564696381295331, 49.481737381929094 ], [ 19.56457315785595, 49.493308672695193 ], [ 19.564456181660557, 49.504879909730342 ], [ 19.547373749042155, 49.515203586970877 ], [ 19.545193042251523, 49.516542928224581 ], [ 19.545084208049669, 49.528114055056868 ], [ 19.544981205755619, 49.539685131201182 ], [ 19.544883910117356, 49.551256157269584 ], [ 19.528752808087393, 49.560996149552736 ], [ 19.525622743671612, 49.562915786055164 ], [ 19.525532516241206, 49.574486711660775 ], [ 19.509859136709935, 49.583943369284718 ], [ 19.490718124331956, 49.584002892047955 ], [ 19.487088850178612, 49.586225371199497 ], [ 19.471687409255029, 49.5955062652979 ], [ 19.467815880980723, 49.59787532592641 ], [ 19.467729398842021, 49.609446105511239 ], [ 19.452753854474864, 49.61846376805439 ], [ 19.437693183996121, 49.609563569297045 ], [ 19.437393744824575, 49.59799427891236 ], [ 19.433396068624909, 49.595606338707093 ], [ 19.414250300487431, 49.595650385202092 ], [ 19.398894512013737, 49.586562915914946 ], [ 19.398595687931131, 49.574993486264695 ], [ 19.394919621893528, 49.57279434372861 ], [ 19.37578268863977, 49.572829341807399 ], [ 19.360123795597801, 49.563549112574222 ], [ 19.359825414584613, 49.551979543687615 ], [ 19.359521772226458, 49.540409967334618 ], [ 19.356395850649932, 49.538536667069181 ], [ 19.337272215851367, 49.538561776068526 ], [ 19.318148540237338, 49.538582710300965 ], [ 19.299024828305669, 49.538599460602704 ], [ 19.279901084582484, 49.538612020259748 ], [ 19.263902151011774, 49.529097016884037 ], [ 19.260716469708779, 49.527182583181428 ], [ 19.244563900171482, 49.51756895955014 ], [ 19.241540801539131, 49.515750866411487 ], [ 19.225233261168391, 49.506037637320937 ], [ 19.224946726927104, 49.494467604224845 ], [ 19.224654498830233, 49.482897558319983 ], [ 19.222270559947138, 49.481462086804235 ], [ 19.205331653794239, 49.47136283565527 ], [ 19.222177544697303, 49.460900389657603 ], [ 19.224052442352065, 49.459757428916156 ], [ 19.222167243218593, 49.458621721042412 ], [ 19.203074545052388, 49.458611960370284 ], [ 19.185718229888806, 49.448254654261007 ], [ 19.185413804566213, 49.436684440490616 ], [ 19.185103076341701, 49.425114212822002 ], [ 19.184785900106007, 49.413543971436212 ], [ 19.183811194584791, 49.412955613117504 ], [ 19.164736187131766, 49.412933369875191 ], [ 19.145661186673522, 49.412906725421287 ], [ 19.126586198046933, 49.412875696238046 ], [ 19.107511226068635, 49.412840301243222 ], [ 19.106191920972968, 49.413642856350371 ], [ 19.088456780227961, 49.424210444997939 ], [ 19.070869946809623, 49.413669899052842 ], [ 19.069361351193098, 49.412756501141565 ], [ 19.050286457784928, 49.412708145235541 ], [ 19.032639720217865, 49.402116247005324 ], [ 19.031204368262582, 49.401246106963086 ], [ 19.012133970084516, 49.40118804682151 ], [ 18.993063617672576, 49.401125760566586 ], [ 18.973993315597479, 49.401059282056579 ], [ 18.972247915696315, 49.402117523398068 ], [ 18.971981422686305, 49.413688221791837 ], [ 18.973986000981231, 49.414905029139859 ], [ 18.990901840440404, 49.425261997532189 ], [ 18.990650011315502, 49.436832693364565 ] ] ], [ [ [ 18.777906266172437, 54.624328550815591 ], [ 18.768180536943177, 54.62954093371139 ], [ 18.768043794029072, 54.641101157809189 ], [ 18.756338659794807, 54.647359625639091 ], [ 18.746514535835633, 54.652618486432416 ], [ 18.734821693328296, 54.658863776574528 ], [ 18.724971309358889, 54.66413194789056 ], [ 18.724823937993353, 54.675692045616941 ], [ 18.734677171081888, 54.681041446231291 ], [ 18.744599885478376, 54.675735339512798 ], [ 18.756206052438014, 54.669515372176406 ], [ 18.766102893726003, 54.664218331876675 ], [ 18.7777227394009, 54.657986380099167 ], [ 18.787595481789666, 54.652697479400977 ], [ 18.799227241218862, 54.646454502909933 ], [ 18.809077708084768, 54.641172786077043 ], [ 18.809061521544841, 54.629612284840441 ], [ 18.820770567918853, 54.623321262388139 ], [ 18.830527049546241, 54.618083730894128 ], [ 18.830503579632659, 54.606523182479705 ], [ 18.820867315359422, 54.601296299767334 ], [ 18.811185285962377, 54.606494597403056 ], [ 18.79939285197446, 54.612814865996661 ], [ 18.78968994870824, 54.61801969266233 ], [ 18.777906266172437, 54.624328550815591 ] ] ], [ [ [ 18.703261106576811, 54.687201579279176 ], [ 18.713136086188658, 54.692564562802843 ], [ 18.723086386420729, 54.687248498251279 ], [ 18.713211380132819, 54.681886320716131 ], [ 18.703261106576811, 54.687201579279176 ] ] ], [ [ [ 18.660258414071983, 54.698649073023518 ], [ 18.670111407782489, 54.704005179657187 ], [ 18.680050888026983, 54.698702932266784 ], [ 18.670197863737368, 54.693347628837294 ], [ 18.660258414071983, 54.698649073023518 ] ] ], [ [ [ 18.638659963058988, 54.710147009951925 ], [ 18.648539853992691, 54.715519524758093 ], [ 18.658512178301134, 54.71020455612156 ], [ 18.64863225458803, 54.704832849258707 ], [ 18.638659963058988, 54.710147009951925 ] ] ], [ [ [ 18.573970814258452, 54.733057727620661 ], [ 18.583870663891219, 54.738448000677799 ], [ 18.593880302190225, 54.733126039787479 ], [ 18.583980413513373, 54.727736579101311 ], [ 18.573970814258452, 54.733057727620661 ] ] ], [ [ [ 18.454458618144972, 54.773419632781604 ], [ 18.444336404642691, 54.778774615176111 ], [ 18.454313244862767, 54.78422080801554 ], [ 18.464435510569029, 54.778864998201335 ], [ 18.454458618144972, 54.773419632781604 ] ] ] ] } }
]
}
