x,y,waga
556956.7419405663,153047.31854137313,4.0
564864.2604858368,152058.12519078515,1.0
561412.0402122923,156481.82736322004,5.0
565363.499281493,155985.52761427965,3.9875
569315.7268482724,155492.06205490883,5.093
573268.5372815008,155015.3227591412,3.755
577222.1678920446,154541.41914264578,4.0
561913.194425632,160412.4814565489,2.7375
565861.9349019283,159913.00525975414,3.0
569811.4478413567,159416.47393711563,0.7575
573761.5011242171,158940.11369242705,2.0
577712.3020964998,158466.58763696067,4.866
581663.9245350917,157995.78599951696,4.0
782290.2039811036,133344.48354631197,3.0
499293.13370918157,172295.65189935733,4.0024999999999995
503235.96049557434,171817.21670849528,3.0
511128.19527961477,170862.10265074484,3.0
562413.6194609727,164343.10064729117,1.0
570306.3642970272,163340.9607265992,0.6175
578201.7757751443,162391.72152331192,3.915
582150.5658277657,161921.4078835398,0.8835
767007.929695185,139157.2130149342,5.0
770946.4606958979,138680.55208809488,1.0
778826.3897266042,137735.56900118385,5.0
782767.713766411,137267.24431321118,2.0
499791.6911713347,176164.6268340107,3.0425
503736.3397769842,175683.21664899308,4.6575
507681.68492252944,175204.5435695434,5.0
511634.4438812761,174739.1804766124,2.748
566856.4667367564,167768.18684797455,1.0
574745.0842465578,166789.80941860005,1.0
578690.4396695476,166317.0409600949,3.865
586583.2476237281,165380.00293244515,1.0
747828.8497674321,145501.09867544752,5.0
751760.3173389843,145011.1225792216,5.0
755692.6216717334,144523.9175126655,5.0
759625.8403998576,144039.37612751126,5.0
763559.9679528961,143557.6100137569,5.0
767495.0092093382,143078.5085581392,3.4
771430.8800228089,142602.2908714693,3.625
775367.7366564823,142128.74236457795,3.9
779305.4946634031,141658.08220297657,5.0
500289.68807462684,180033.78174134623,1.0
504236.07891318656,179549.17498722766,0.57
508183.1723609312,179067.42245589476,2.0
512139.95891181676,178616.32973167207,3.9125
555533.2021411898,173230.51832466573,4.0
583121.4932671217,169772.76407336257,1.565
591001.6651756314,168814.21289263573,2.0
594938.602635267,168325.31911291275,3.7075
642281.9647349492,162567.34752600826,3.5
732622.3485319652,151406.57440444268,2.795
736547.440508867,150905.8372922251,4.73
740473.4494009234,150407.7611366976,4.84
744400.3650721132,149912.56862537377,3.8475
748328.1867723837,149420.2602282865,5.0
756186.6387978281,148443.85664109606,1.0
760117.1953865637,147959.75908193272,2.0
764048.6609689909,147478.4364565825,4.0
767980.9675307836,146999.77461255342,5.0
771914.2551319859,146523.8921777662,5.0
775848.4448212609,146050.89725967217,4.0
492892.7112259461,184942.5396700129,3.9699999999999998
496839.4538555554,184456.01893403288,5.0
500786.82411598647,183972.35805814154,2.7199999999999998
504734.9660761322,183491.55721474625,2.8049999999999997
508683.8067647142,183013.61665333714,2.945
512635.48422823724,182552.54546749964,1.0
516587.9119806483,182094.22717878688,4.0
544181.0712849878,178660.02274245024,2.1
556018.6332171691,177153.52671131026,3.0
587546.9565717748,173232.37099728733,4.71
591482.6068424743,172740.95778126735,3.0
611186.2562339024,170326.64438518602,2.0
630931.1838349525,167931.32416780945,4.0
634882.7280169466,167453.85779751278,1.0
638810.3691366294,166968.15020420216,2.89
642738.8969242594,166485.2466940321,5.0355
721316.331629633,156804.45760813355,3.661
729191.593846057,155826.23687924258,1.8
733115.985023078,155361.90771773923,3.37
737041.3083530602,154900.35869523417,5.3405
740967.4856827079,154441.69834550284,3.6975
744894.4533452993,153985.70167122874,2.6125
748821.2494917831,153455.17114841286,2.0
752749.0106874942,152927.41443275288,5.0
756677.8092382955,152402.43541282322,4.835
760607.4989744294,151880.22784985602,5.0
764538.5593252124,151399.45671666227,5.0
768470.5342498173,150921.35277647804,2.1799999999999997
772403.4179843672,150446.02762985975,2.0
489429.08933669596,189359.08826571237,5.0
497334.2689566828,188390.8642101679,1.855
501283.3855589415,187911.1151620401,1.0
505233.19755504216,187434.12099958397,1.975
509183.70436860214,186959.99307418521,2.0
513130.3490446483,186488.83175260294,3.9989999999999997
517077.75864878035,186020.53071530443,4.0
521025.7883438662,185554.97863797285,3.0
540723.6206429775,183075.56235076487,1.0
552557.2050077587,181572.12699401192,3.0
556503.289204435,181076.6071201237,1.0
580150.9492073166,178121.3374375524,2.0
584088.8858396424,177638.64087582193,4.758
607715.8532063382,174732.24930583686,1.0
611659.413221227,174255.3695347635,3.509
615603.8271018264,173781.437157589,4.52
619549.0239688825,173310.33994732052,2.7025
631390.8789932956,171851.60874516238,3.145
635339.7635299608,171370.96347377356,5.0
639266.9276720297,170885.68749153428,3.0
643194.9065710958,170403.21647988725,4.8100000000000005
647123.7722161405,169923.55275488365,3.0
651053.3789336025,169446.69283882994,0.845
721814.3882354958,160712.9367374694,3.6
725748.8268196925,160226.2557611866,1.9100000000000001
729684.0767731363,159742.4784612013,4.0
733608.7288662654,159317.443945813,5.0
737534.1915605317,158895.08082031086,3.12
741460.4596952939,158475.50064390898,4.36
745387.5277971978,158058.81497560255,3.8525
749313.3082896557,157490.0617361702,4.0
753240.1034400217,156924.19374827296,4.58
757167.9176721611,156361.10041278694,5.0
761096.7557254474,155800.67113796063,4.0
765027.4062409899,155320.4515868388,5.007
768959.0448200798,154842.90565430466,2.74
489919.7126668849,193286.41694830358,2.0
493878.2106798682,192804.70901487302,3.318
497828.37280128134,192325.77835925762,3.9025
501779.15481426293,191849.83070537727,5.0
509682.8647517411,190906.44054132793,2.0
513624.4803572556,190425.18838868756,2.0
517566.80359272426,189946.79253281932,4.6725
521509.7611110288,189471.36405580118,2.9475000000000002
541209.6813289969,186983.27680496406,2.0
545152.9105482608,186483.1470923731,1.33
553041.5834284633,185491.33188927826,2.645
556987.0983342688,184999.6475960184,3.64
564875.9297796905,184018.11490134336,2.05
568821.4563633498,183531.51188301388,2.0
572767.816927534,183047.87125303224,2.0
576701.5302215162,182552.8863994591,1.0
580636.021150488,182060.84411675762,3.306
584571.290593659,181571.63356914,3.0
588507.3397519063,181085.14392597973,4.0
592442.0386055779,180594.55811109394,4.805
596377.5237959737,180106.801786582,4.805
600313.7926831746,179621.98640828114,4.91
604250.8486775123,179139.89002684597,4.0
608190.934632171,178660.66860284563,2.4250000000000003
612131.8049863174,178184.28120462038,5.0
616073.3890649659,177710.61549270712,5.1475
620015.826521822,177239.897101013,4.0
627904.2580934755,176258.40265329275,1.0
631849.6637953446,175771.85288295336,3.62
635795.8853294101,175288.13947103173,4.888
639722.6402941399,174803.2970485855,1.8575
643650.1382222021,174321.26057090145,2.1
647578.5235294551,173842.0341645535,1.9449999999999998
718380.7809290568,165106.9891198026,3.0
726243.0452046773,164138.81091623474,3.1189999999999998
730175.4670750902,163658.9127344275,4.4125
734100.3657028575,163273.06255302485,1.745
738025.9438311598,162889.99720849283,5.0
741952.2785102978,162509.6090766173,4.8
745879.4322064928,162132.12407364603,5.0
749804.2017304136,161525.25852991827,5.0
753730.0456364552,160921.16748067737,3.0
757656.8906509674,160319.84803903475,5.0
761584.8816664636,159721.30750190653,4.007
765515.1903187685,159241.6430803854,4.881
769446.3367378959,158764.7592242863,1.8375
486450.24855022255,197694.62044455856,4.9275
494369.86981139635,196735.89591907244,4.7175
498321.6926646855,196260.87251780275,4.225
502274.20364151144,195788.61580852699,3.7800000000000002
506227.4022147505,195319.2371425517,5.0
514117.8775856417,194361.61533804797,1.0
518055.1182773637,193873.1239541378,1.0
521993.0805253807,193387.59637672827,3.0
525931.8362198679,192904.92204170674,0.955
529871.4658292489,192397.20405443478,3.895
537753.0785199306,191390.21847297344,3.0
541694.987396059,190891.0620905487,4.645
545637.6547356003,190394.76008311287,2.975
549581.0799103968,189901.31271868106,5.0
553525.263387741,189410.6091273725,2.0
557470.2024369655,188922.87186750025,1.8625
561415.8974489263,188437.99007600546,1.8625
565362.3464687904,187956.07517559547,4.0
569309.551467186,187476.90517081972,0.895
573257.5090782235,187000.7026316151,1.9175
577188.5346775402,186499.20442333352,4.72
581120.3497400241,186000.5371994879,4.91
585052.9536558404,185504.70126834046,5.0
588986.3458171574,185011.69694165606,5.0
592920.5256181399,184521.524534693,1.605
596855.5648141048,184034.18565216288,3.13
600791.3180919727,183549.67809665855,1.0
604727.8572038725,183068.00342776533,3.0
608665.1815518612,182589.16197483148,1.0
612603.2928346473,182113.0429356154,4.734999999999999
616542.1135539759,181639.8673704993,4.575
624422.8831186399,180674.23888552282,3.9850000000000003
628364.8707406914,180181.7871584408,3.0
632307.6075622456,179692.16935084015,4.095
636251.1654015847,179205.38747896347,4.205
640177.4339616064,178720.97691601515,3.46
644104.5186715506,178239.37697460502,1.0
648032.3465003016,177760.58606236894,1.29
651961.0617721081,177284.6084299758,1.9775
655900.0464038686,176797.80998891033,2.515
659839.8666210622,176313.8368697781,2.2525
714952.689291064,169496.05003065616,5.0
722807.4743657905,168530.03977017663,3.0
726736.2547179343,168051.33977552783,4.646
730665.8461352474,167575.32033815328,1.0
734590.8997330808,167228.65222827904,5.0
738516.6516774361,166884.77748231404,1.0
742443.101452759,166543.69652683288,4.1275
746370.2485449341,166205.4097920889,4.3725000000000005
750294.0169871477,165560.43130432814,4.8175
754218.9196081712,164918.11656652205,3.0375
758144.8729527023,164278.6849128902,5.0
762072.0268647391,163642.03256389126,3.0
766001.9161820955,163162.9199009342,4.0
769932.7166848187,162686.59423186816,4.5
482984.1803104193,202122.42501479946,4.665
486942.3502231169,201639.0715559749,3.831
490901.21243221354,201158.61118090153,2.0
494860.83841016795,200681.04402054008,1.8750000000000002
498809.830026667,200206.26178114023,3.5225
502759.5101192089,199734.46796099655,3.762
506709.8780737725,199265.4404796809,1.0
518538.2037770357,197806.51173676737,2.0
526418.4070211528,196825.056585012,4.0
530359.7566267868,196324.72516544443,2.8825
534301.8583128006,195827.14223168232,4.37
538244.6379154113,195332.5298195267,2.0
542188.23981743,194840.77801071014,3.925
546128.1010660132,194344.84598749503,4.545
550068.7214589177,193851.65693779662,4.9025
557952.2333846907,192873.95342807472,4.0
565847.799147472,191908.001382526,1.0
573746.3879680043,190953.49761781003,4.495
577679.1805961295,190452.4414518308,4.6625
581612.691586434,189954.22125721164,5.0
585546.9925871858,189458.83832518198,2.785
589482.155277345,188966.294159282,5.0
593418.10676729,188476.58799336012,2.72
597354.8464474991,187989.72014918458,3.5524999999999998
601292.3034644006,187505.5784693379,1.0
605230.6177774105,187024.38819634914,4.0
613100.7791592986,186056.44468462933,1.0
617036.9780188745,185576.77698243596,2.0
620974.0452741184,185099.83346593753,3.0
624912.3820638256,184604.94205918908,2.3125
628851.6136615278,184112.88710480928,5.0
632791.5947489012,183623.66559700295,4.0
636732.3970884273,183137.27956152149,1.0
640660.4113772127,182653.37830808852,3.285
648518.9636507538,181694.027995714,3.8175
652449.428077196,181218.57777020428,3.77
660327.5096645697,180241.86109496187,1.0
664267.7788344818,179757.6332451254,5.0
668208.8847898134,179276.34547408856,2.0
672151.1595677766,178787.44122165348,3.955
680038.3426137506,177818.12523952592,5.0725
683983.1772765366,177337.7120069461,3.4325
695789.6096460328,175891.46587180533,5.0
699726.8024179776,175415.052863664,4.8825
703652.204066141,174916.50522503722,5.125
707578.4218900625,174420.7529331213,1.0
711505.596060792,173927.91300692037,3.598
715433.5894969315,173437.75810386613,4.0
719362.6761424406,172947.0719841756,1.16
723292.6540044008,172459.18583118822,4.705
731155.2086152,171491.81221532635,3.0
735079.2101296259,171107.0220386358,5.0
739003.9697173908,170724.9143817965,4.0
742929.4772327994,170345.711909947,2.8725
746855.7369244095,169969.30395673215,1.0
750779.7003735823,169363.51689479966,1.0
754704.8125513217,168760.51343593653,2.0
758630.9276867919,168160.28741131537,4.24
762558.117825916,167562.8426783271,5.0
479519.25332127104,206552.50359054375,4.0
491392.08115514606,205103.36616011802,4.825
495351.02808543626,204626.14926659223,5.0
499297.1870963209,204151.83028809447,2.0
503244.0347703635,203680.3880181443,5.0
519020.4905343308,201740.07920461614,3.0
522961.99220681115,201241.2931799693,0.375
530847.2984389459,200252.31696795207,1.0
534791.0295796803,199762.12692590524,4.5125
538735.5739437762,199274.9143623272,2.0
542680.7881058694,198790.4562716242,5.0
546617.8418579478,198294.8940890953,4.0
550555.655049127,197802.07434831746,5.0
554494.1528781276,197312.21888672467,3.0
558433.4800155102,196825.21823756676,4.0
562382.5875051734,196341.1757021472,1.0
566332.4512304105,195860.11212080345,3.7
570283.0731965201,195381.80550124403,1.0
589977.1190033614,192920.8575063618,4.0
593914.7619065611,192431.61699166428,3.765
601792.4873491477,191461.67054845486,0.835
621465.4211804644,189030.21788986307,1.5875
629337.4020514085,188044.06324006058,3.0
633274.6982324275,187555.23945620656,4.9475
637212.7435863108,187069.24895917997,3.8475
641142.5679976327,186585.85950191133,4.7940000000000005
645073.1385155371,186105.2908341419,5.0
649004.6022676199,185627.43600428384,5.0
652936.8803331483,185152.51578109898,5.0
656875.1322423657,184659.76946622226,1.585
664754.0346635904,183682.65499517042,5.0
672636.6106186484,182709.98013886996,4.0
676579.3227279393,182224.39228330925,4.0
680522.8164173705,181741.63525866717,5.0
684467.1635028748,181261.71177802794,3.14
688399.299398416,180770.26425503194,2.0
692332.3730529017,180281.74551224243,3.225
696266.2467889843,179795.92868437804,5.0
700200.988627288,179312.92783198133,3.81
708055.4915355109,178340.6846603155,4.365
711984.0549340987,177858.76947244257,4.83
715913.4922170314,177379.65914980602,1.0
719844.6388376374,176882.57542442158,4.485
723776.6832836586,176388.40894267894,4.865
731643.5538223167,175408.38819618244,4.5725
735566.5127253497,174985.47533271927,4.896
739490.2797673242,174565.35637965892,5.0
743414.7868245919,174147.9174560979,3.759
755189.6162947105,172602.99022181518,5.0
759115.8741107476,172041.97056802455,4.405
763043.1538423114,171483.73765311297,2.0
766976.7634188242,171005.9517199872,1.0
770911.286543947,170530.9650400523,5.0
495840.5826770034,208571.4337881375,3.3725
499783.9074917174,208097.46683843434,5.0
503727.92126083426,207626.3760273708,0.76
527389.3281475841,204665.75774241332,1.0
535279.441227226,203697.29414458014,4.885
539225.5973085051,203217.37000247277,1.7000000000000002
543172.4855584733,202740.31797741354,2.33
551041.6614788589,201752.7851631716,1.725
558913.8707754858,200776.55431038234,3.41
562864.7084337535,200292.93272767775,1.0
566816.232671256,199812.18415316008,5.0
570768.5885860107,199334.199464635,4.715
574721.6284276677,198859.19941398595,1.9775
578657.8587020009,198359.02819216996,0.795
586532.6253750989,197367.23220678233,4.893
590471.2326951949,196875.60917971656,2.9050000000000002
594410.6311178072,196386.8362121079,1.75
598350.7478202911,195900.9123238679,3.0
606233.4245434001,194937.50699853245,1.0
614093.0426242406,193943.37299055047,1.07
629822.382604476,191975.20775659755,3.9375
633756.8478430308,191486.77791296504,3.61
637692.1347988344,191001.18260306958,4.92
649489.3280906301,189561.03419827484,1.33
653423.3393576372,189086.64256615564,1.7650000000000001
657361.1860544638,188590.81027050596,0.515
661299.8821278043,188097.92301925458,5.0
665239.4301178381,187607.87008682825,5.0
673121.1960515669,186632.6016306309,5.0
677063.3421244686,186147.49576047342,1.0
684950.2700239613,185185.79466335475,3.1775
688879.9934199338,184687.87346475758,5.0
692810.5237483373,184192.7645926457,1.725
696742.0051890379,183700.4735535374,2.02
700674.2923967947,183210.99561639782,5.015
704602.5079406896,182734.49682919774,3.81
708531.6614071417,182260.6995239351,4.0
712461.5989970893,181789.82090225164,5.0
716392.4011295774,181321.64189331513,4.755
724259.779162667,180317.7178215552,2.0
728194.8061561998,179819.8621481154,2.0
732130.8133272055,179324.93391606677,3.0
743899.1845706098,177950.09722576197,1.0
747823.6981487046,177497.44503729884,5.0
751748.1407378874,176970.04983944353,0.59
755673.4753380544,176445.55350423325,0.8474999999999999
759599.7842074803,175923.73761620186,3.0949999999999998
763527.1342069985,175404.71729541384,0.59
767462.6282493542,174927.59739870206,4.0
476556.47403776785,214942.45464391634,2.8625
492371.5669352459,212993.41352993064,5.0
496329.35741073237,212516.78652784042,3.7525
500269.8465323535,212043.17141306028,4.7835
504211.0248984082,211572.43186291307,4.535
508152.89168371604,211104.67923934478,4.0
512095.4464870664,210639.69146772847,5.0
516038.8534876729,210122.00671170093,3.75
519983.0281593099,209607.1985656703,2.74
523927.97032841033,209095.15613801312,4.859999999999999
527873.6784287576,208586.10197900608,4.27
531820.0601007451,208107.82318337914,1.0
539714.8526368622,207159.78656011727,3.0
543663.4055450854,206690.14134690072,2.66
547594.7676763283,206195.3175118044,0.73
551526.9608257416,205703.34676858038,4.0
559393.5506033209,204727.85200284235,5.0
563346.0383122537,204244.6512253657,1.0
567299.2858617296,203764.3303257106,1.76
571253.2940724052,203286.7784585245,4.82
575208.0594617069,202812.2182102697,1.0
587024.217896254,201321.48888723832,2.485
590964.4994136649,200830.32681855094,4.5625
594905.5731761886,200342.0207882775,5.0
598847.4385572018,199856.57112719677,2.715
602790.0949320632,199373.9781696368,0.53
610660.302252077,198389.21119285654,4.915
626375.5223257418,196397.40754502267,0.11
634238.1820788749,195418.50667802244,1.0
642104.0574251908,194450.94036801346,0.88
649973.1434977832,193494.71133227646,4.8975
653908.9522651031,193020.8509470243,4.0
657846.3867023241,192522.04396404792,2.775
665723.898842128,191533.0539589096,5.0
669663.90638886,191042.75847838167,2.0
673604.7704714597,190555.3009756785,5.0
677546.4904976023,190070.68187042885,4.0
681488.9935706463,189588.89917417802,4.91
685432.4237072569,189109.95808461774,3.935
689359.6663756795,188605.44917663746,1.5225
693287.7223080505,188103.86338797119,4.0
697216.6670235742,187605.09250040073,4.46
701146.5763934129,187109.02851074375,3.6525
705076.2594881959,186643.44671606645,3.4
709006.7178626695,186180.67794791423,2.4525
712938.0956643926,185720.72815295774,4.6899999999999995
724741.8729867633,184246.99822612107,2.13
728679.0334407464,183742.98369713593,3.815
736538.024202814,182742.51744003687,2.1950000000000003
740459.8494093592,182246.0406914428,2.6375
744382.58732929,181752.47005187534,3.6125
748306.247283505,181261.58379095327,2.735
756156.3216122217,180288.0886201132,1.6
764010.0582138109,179325.78141166084,4.685
473112.03667978535,219411.41417066474,2.0
484954.88894476765,217920.40220698528,0.7825
488908.41065554443,217431.547652632,1.0
492862.565117241,216945.4827111438,0.2675
508646.0050654965,215030.39054550603,4.8125
512590.2887435318,214558.7709297249,3.0
516530.8653673259,214048.4507134296,2.706
520472.200177414,213540.89537644945,4.905
524414.3637103575,213036.32779166568,4.894
528357.212300796,212534.52532424591,4.6274999999999995
532305.2265438999,212056.52227941342,3.0
536253.8936812273,211581.51349442825,1.0
540203.3576055525,211109.38899541087,3.035
544153.5465924825,210640.03746895771,2.0
548086.6331521054,210145.6231755903,4.675
552020.4808833402,209653.9561940804,3.0
555955.0870808495,209165.25909761433,4.295
559890.4533196596,208679.309883032,4.0
567790.7185098235,207702.65844706446,3.0
571742.0050563694,207218.7076802915,3.0
579633.717774053,206238.242206892,3.5220000000000002
583574.1688473071,205741.819797175,5.0
587515.3443110585,205248.1465507485,3.4625
591457.3841599906,204757.4473558413,4.856
595395.6757455365,204269.53027753718,2.8425000000000002
603274.6317699744,203302.3751762854,0.805
607215.2969925385,202823.02668968868,1.7650000000000001
615073.1296385911,201816.75736631546,2.0
626866.1094791825,200328.64206773508,1.8125
634732.1224957106,199350.75906627998,1.37
642601.5000695084,198384.23817804735,0.975
646537.3858945396,197905.23787145596,1.0
654411.6929570622,196955.76331591606,4.035
662281.9862359464,195961.82428648323,4.8325000000000005
666218.3839953686,195469.10857634526,4.89
670155.6391007587,194979.22997234948,5.0
674093.7509540551,194492.18889275752,4.6075
681972.4702680239,193526.6185781341,2.0
701634.437197668,191049.48078397196,4.0
705566.1276495529,190577.60286382493,4.0
709498.7533184382,190108.43855295517,1.0
729166.1531403011,187680.15534015093,1.565
733101.2224337682,187186.28340260033,2.8449999999999998
744872.1618855462,185698.9806405818,3.875
752724.1945688013,184717.7479207758,5.0
764509.357492534,183261.6960929362,1.0
768448.2742039319,182789.36007593758,3.7525
493352.9262468459,220897.50899155904,3.0
501248.79748212243,219921.0042212326,2.2
513084.394966701,218477.92083879653,4.7925
520960.7024850105,217474.66274729557,3.0
524899.9416424474,216977.34702422377,0.54
528839.9274731459,216482.907248036,2.0
532789.5656893116,216005.2916898867,4.725
536739.9306222785,215530.56568748597,2.805
552513.2042149865,213604.75076921377,1.75
556449.5301688914,213116.36478406377,2.0
560386.6149883675,212630.95502847712,4.0
564333.6221469636,212134.62473327387,4.585
568281.4113262104,211641.0621827813,2.82
572229.9791449163,211150.48997340724,5.0
576179.3262763064,210662.7972716689,4.5995
580120.6569168044,210163.95807691664,2.7325
591949.4250415062,208684.6445368724,2.0
595884.9329708185,208197.116151819,2.815
599821.2330141754,207712.44311316498,1.0
603758.322407974,207230.73689962458,3.0
607696.2047045977,206751.77557247505,3.598
611626.4420548667,206247.70003609918,2.69
627355.6624480183,204259.95193700492,1.0
631289.9612966257,203770.09794508107,1.8375
639161.1771830645,202798.93105288502,1.0
647035.6876276182,201839.15031164512,1.0
666711.9943871303,199405.13641407993,1.0
670646.4956495042,198915.6743940562,1.0
698187.8393876405,195484.79095742386,1.0
725721.0964545883,192106.88976561744,1.0
741434.2544530773,190137.86242714245,5.0
745360.6893830351,189645.4654866308,5.0
749287.9715430196,189155.87302870024,2.565
757145.9533696498,188171.1135647893,4.529999999999999
761076.2639800264,187682.94413369428,3.0
765007.5742409711,187197.5879861163,5.0
489894.0928617775,225348.85364952404,3.8325
497791.71656573203,224353.3644117331,1.0
505683.2600909271,223369.354041107,4.0
513577.7648617507,222397.03000704478,1.8075
529321.966080225,220431.4707602216,2.0
533273.2201717036,219954.2433814956,2.0
537225.2020702161,219479.9115180215,2.0
541177.9829954412,219008.47598358616,1.0
545131.4185148189,218539.9360005604,0.9075
556943.0957944434,217067.6554603055,1.0
560881.8934679166,216582.56348172203,2.0
564826.1610215373,216079.6123712128,4.6375
568771.2182568458,215579.65079618897,5.1075
572717.0657702156,215082.56792379636,1.0
576663.704484203,214588.25292627513,2.0
592440.6233392295,212611.8071370218,4.0
600306.8593861934,211640.49320371263,2.825
608176.2620095263,210680.59995079972,1.9625
612108.189773909,210177.0023625223,0.865
619974.6737558583,209178.4716009926,1.0
623909.087051989,208683.4249312505,1.0
635717.3601274271,207215.39430800732,1.0
643593.6942577814,206250.96815708373,1.6375
651473.3250528674,205297.9539273735,1.0
655414.4112066586,204825.72830399498,3.0
667204.5747069485,203341.4663022384,2.805
675068.9269914518,202366.10010477994,4.959
722281.9376736329,196521.768597343,2.455
734066.2713303076,195075.63135379832,3.575
737992.6247979561,194578.24827107415,4.15
749777.2041449419,193103.20030428655,5.0
753707.6566676479,192606.62393060979,4.0
757639.1212928204,192112.7548391074,2.0
761571.442410486,191621.8089672178,5.0
462768.0417893513,232762.844430333,2.0
478553.2299590539,230814.5212113047,1.0
482496.8154399831,230327.82505693287,1.62
529803.1843392503,224380.10389176197,1.0
541664.1006821083,222958.18270742428,1.0
545619.22016378,222489.93889198266,2.71
557435.9295636261,221018.9102831874,1.6949999999999998
565317.884185202,220024.8971767323,5.0
577147.2696380132,218513.7825200949,4.467
592930.974640241,216539.15735726245,1.0
596860.9089078313,216052.5167182656,3.3449999999999998
604723.1562905717,215087.68756188266,2.76
620459.0722854119,213108.93936681654,3.0
624395.2434690663,212614.39096443355,4.0
628332.1711076343,212122.6979567241,0.758
632269.9985447694,211633.8640910769,3.315
648029.5738555073,209707.1111770766,5.0
659840.7282769184,208263.6426667953,0.99
663768.0725214307,207769.3437813595,1.0
667696.2067559994,207277.76693070587,3.53
679485.6764421363,205820.27225263324,0.43
691283.9014041583,204360.6425441485,2.0925
718848.6532668165,200924.90178365633,1.0
726696.2376413023,199967.0067608999,5.0
730621.281039254,199492.39241402503,4.45
738475.4579305568,198523.84703628905,2.2875
742404.4856638184,198029.911370283,4.6175
746334.4308906759,197538.90620753076,3.4175
750265.3752728476,197050.6131592039,4.7475000000000005
754197.8188945574,196551.24851410463,1.0
758131.2084878774,196054.59396046214,5.0
762065.4607413674,195560.86875376012,5.0
766000.7302336707,195069.85812283494,3.0
332853.04291371105,252842.10750441812,0.85
447439.7773620177,238643.51864453964,1.0
471160.11569550296,235739.99854486622,1.0
486934.81800931605,233760.87182001583,2.0
490876.84118314163,233252.65113888122,2.0
510611.334764993,230754.38597424608,1.0
526365.6577067863,228808.11630651727,2.0
538202.5953734607,227364.6542428173,1.3275000000000001
542154.1312671682,226887.10085990466,1.0
550046.3295637517,225919.56822729763,2.44
557928.1827598097,224942.6743004555,4.0
561870.3264881924,224458.55259880144,1.0
569748.3908848137,223457.16280230042,1.0
577629.618874425,222467.28344345558,1.0
581576.0494541444,221969.78300598636,3.0
601284.2901171474,219510.99397119042,2.965
605217.6778874514,219023.54210111592,4.8774999999999995
609151.7962293187,218538.9499149425,3.9979999999999998
617014.1973133872,217550.26193695888,1.0
620946.5908036176,217060.25626185443,2.0
628818.4620377339,216081.91849054303,3.0
632757.9495864485,215593.59372582473,2.0
636698.2654680784,215108.13281991798,2.0
644577.1051357524,214138.68310457747,3.7925
648515.633837848,213654.79980960954,1.0
652455.06940616,213173.7775750244,2.0
687844.5496234769,208802.0608243281,2.0
715397.3604717944,205349.72938758228,5.0
723264.951564142,204381.3707015775,3.786
735046.5122868267,202938.42978862207,4.385
742898.2951628014,201948.74362733588,4.002
746825.5322316429,201458.18275893107,0.815
750753.6964083863,200970.33026978932,3.6525
754687.8205010974,200475.06698571518,3.0
762558.734650499,199493.01586110704,4.927
766495.6679518115,199006.23595776968,4.0
329383.2692065795,257290.76456575003,1.185
337304.4005439235,256319.69599231984,4.895
341265.81896324235,255838.65686908364,3.877
420313.6791095771,246010.12068076897,0.6725
451898.39883087354,242075.46266187914,1.8875000000000002
459801.2464505433,241120.988310582,0.7725
463753.5941818387,240648.02407494374,2.885
467706.67757225106,240178.09309307486,2.0
475596.6740432756,239191.5057222983,4.875
483489.5445214192,238216.55804347154,2.7325
522924.8010253681,233238.40835319087,0.77
526861.6866395279,232756.48705566954,1.0
530799.229720516,232277.4521740945,2.0
542643.3856500733,230816.09144712705,1.0
558419.7086114334,228866.40203273576,1.0
562363.4882134469,228382.71052303817,3.8785
574173.1347329041,226906.92344287783,1.0
578111.2212472116,226420.74836351536,2.0
589957.7131219776,224938.1490452774,4.0
593908.1675766187,224449.7700478956,1.8525
601776.0811380743,223453.22413549107,0.725
605711.257741246,222959.36237919237,1.6400000000000001
613575.0737530665,221979.8290332593,2.0
633244.9962369702,219553.2913995022,0.99
637187.0373199957,219068.34802470356,2.0
641129.9072586307,218586.2749991985,1.69
649000.9148889978,217602.57202804368,1.575
700127.387431059,211245.61539049353,2.0
735544.7667989709,206856.35103792977,3.91
739467.4482055331,206360.59739970323,4.95
751241.0350799125,204890.13577914145,4.215
755176.7584597928,204398.97112564184,5.0
759113.409768757,203910.75088129472,5.0
763050.9989721755,203425.25335406885,2.9
329871.8232989918,261252.46702997293,1.0
337795.983582219,260281.71823066194,1.0
341758.88237004646,259800.84896892868,4.5125
404974.3953013036,252000.4992529843,2.0
468195.5664930218,244121.0728581166,1.0
480036.45942883537,242646.6508127926,5.0
487920.4214590907,241650.56265621446,5.0
491856.65876860067,241142.93933624495,2.9
495793.70495479525,240638.10175574385,2.065
499731.48798487015,240136.27261437662,4.8275
503683.46964464616,239637.35024306644,3.0
523418.46564396325,237186.35018853657,2.335
558910.4322512116,232790.31494429242,2.0
566788.758142979,231819.6318180021,1.0
570722.378080707,231334.9734653551,0.72
574656.7676833299,230853.30265713856,3.0
594395.4835155553,228405.24678919744,1.565
602267.0017444871,227395.75421722885,0.37
606203.9628127476,226895.37198344525,1.0
610141.8229501083,226397.75330295227,2.0
614066.7112689172,225916.7258683471,1.0
625846.18330348,224490.54804143403,0.9025
637674.8185670385,223028.75221537706,1.0
645551.8754692655,222047.38368064165,3.0
649485.2035106141,221550.31063784938,5.0
657354.4944976079,220564.8528476702,3.0825
661286.0643551205,220069.32990075182,4.0
669151.9355169947,219086.84786573797,5.0
688831.3191727797,216680.58174492698,0.895
696684.2004312405,215681.40939286724,0.71
704540.7315040169,214693.59118666686,1.0
708483.8285087559,214204.62794658262,2.685
712427.7532651979,213718.40968948323,1.0
716372.6404832407,213235.16475349013,1.4475
728178.2849626913,211758.9507222427,4.7045
732109.6692608602,211265.23676321283,0.7749999999999999
736041.8948416378,210774.46688434854,4.23
739961.8647927498,210279.15750595462,2.0
743882.7632357078,209786.55465781037,4.3275
747804.5796397342,209296.8810788365,3.9899999999999998
755664.7041464914,208322.96414567903,4.0
759602.9420175381,207838.84917701408,4.0
763542.1807262494,207357.57754446752,1.0
767482.275491776,206879.14281213935,5.0
326397.1680495426,265703.72410707455,3.945
342251.44481045404,263762.98231558874,3.9125
346216.8576081244,263299.1457754979,4.955
405463.93983979116,255924.9228831185,4.5125
429169.8060811377,252944.5720877424,2.0
464736.45904413785,248533.57854250167,3.665
472631.6263464091,247570.12513718382,5.0
476580.1747449591,247079.05358469766,2.0
480529.4969037018,246590.79254663736,4.855
484479.44996841426,246105.56511304714,0.745
492345.53928842064,245088.01898011658,3.525
496279.7267693975,244583.64592239354,3.0
500214.65123943205,244082.05838392302,3.645
504168.2012519084,243583.6039764546,3.0
539676.3038043864,239171.73199118208,1.0
543619.5634499594,238674.28970311955,5.0
547563.5917210045,238179.85851088166,2.0
559400.3555082115,236714.19067384116,0.7075
571208.112073791,235274.04536996968,0.7825
586975.3136941837,233338.48682810832,3.0
598819.0837037854,231848.03043882735,2.0
602757.0576098921,231338.2506962996,3.0
614557.4683279311,229853.58999759052,0.785
618480.2116528158,229382.70500763413,4.93
622403.7452860626,228914.6739966413,0.82
638161.7579749537,226989.12666996568,1.0
642107.9842768862,226508.10081650037,1.94
649968.6397876451,225498.13063584454,1.575
657832.6836821357,224499.70091315173,3.955
661766.004367106,224004.71824510954,1.6
665700.1889930661,223512.5946537489,3.588
673571.1475259665,222536.92642910965,1.0
677507.9201669303,222053.3826686358,1.0
681445.4823366305,221572.69730913453,1.0
685383.9733358934,221094.98671515565,3.0
693246.4951585246,220119.38871975243,4.9350000000000005
701095.7260241681,219126.74285195395,4.0
708966.4450323285,218146.14268311765,1.0
720806.278375267,216698.0177661935,2.0
724737.8225892825,216192.47454492934,2.83
736537.9726757287,214692.6691586543,4.44
740455.234646741,214197.69249555282,3.107
744373.4154039636,213705.64417149592,2.55
748292.4472060706,213216.41027227603,3.71
752212.4786758889,212729.88676977344,1.0
756151.440594914,212247.03563200124,4.0
760091.3227262682,211767.14100168366,3.0
764032.201715092,211290.09581827745,5.0
767973.9383868523,210815.78252431564,5.0
322923.9595993692,270157.44776296895,4.78
326883.16454007576,269665.1556927422,4.6975
334812.1948437237,268689.20680406503,0.8049999999999999
342743.50911451154,267725.1680773506,4.6585
346708.0777843903,267258.1272437321,4.0925
350673.19596650614,266793.9496561829,4.109999999999999
354638.9374557872,266332.74453476723,4.714
421775.4413361163,257856.3477063384,1.0
425717.2227270365,257375.9823291786,1.0
433602.7102736393,256424.13993069436,1.0
453379.93422351585,253928.7079567341,3.6550000000000002
457326.73127284227,253444.00365694705,5.0
469171.32277957175,252007.45203728415,3.895
473120.78910504037,251513.67051641364,2.8175
481021.7639225998,250535.00233240146,2.0
492842.71698643395,249033.26587397512,1.0
520462.3778212546,245566.43475251272,1.175
528345.0182016559,244601.8114731619,4.735
579569.2047522374,238254.17405633815,1.0
595368.0514405753,236288.42075393256,1.0
607186.6227220076,234781.29896425642,2.4
611127.7529638462,234284.76835005544,3.9675000000000002
634710.3455162621,231405.5206873566,0.37
638652.9427754773,230922.02180193923,1.0
642596.3714026011,230441.40484653693,1.0
650460.4329650187,229432.6092892075,2.0
654393.6943667459,228932.44952020515,1.0
658327.8939496288,228435.15608596988,1.0
678007.4252650747,225984.62424105592,4.805
685878.3503060738,225013.07930873614,3.002
705519.5363714935,222576.5266046431,2.45
725222.7659166201,220115.56220475025,3.0
737013.7886565865,218638.0574307954,0.875
740937.6154495365,218137.0234761946,1.47
744862.3782052002,217638.81947926898,1.0
748788.0094811891,217143.33152837213,3.715
752714.6424328606,216650.7889594743,4.7525
756650.874383685,216168.50577154942,4.0
764526.1972348022,215212.25616995431,0.87
768465.2042291528,214738.50957307778,3.7125
772405.319927722,214263.94306018855,2.0
319456.8485858446,274613.7093786616,0.735
323412.52276504086,274118.7424374325,5.0
327368.7700063265,273626.74557373766,4.0625
335300.7783067734,272651.10896641016,1.9649999999999999
339267.63755227206,272167.65473040566,3.0
351163.13851244655,270749.6693671942,2.49
355128.04321322415,270285.26543866564,4.898
414341.53461030964,262806.9774625581,0.575
434093.4303131411,260371.44733220432,1.0
449904.11275713186,258392.7509340169,3.4775
453860.6736897873,257898.4381631948,4.6825
457809.0033107589,257407.1420489084,4.9125
461758.09237642755,256918.778313593,1.635
465707.79739690357,256433.3482261775,3.7675
469658.1890110289,255950.851415338,4.055
473609.1976549143,255457.39383106306,3.0
481513.3314942969,254479.27987732552,4.655
485466.45522601635,253994.62393583264,3.0
489402.37122434855,253485.14927919395,1.0
501214.56064094306,251974.17500731163,1.0
505162.3666098904,251476.34292572644,3.15
520952.1146262393,249514.31655254494,3.0
524894.6034781381,249030.9388423646,5.0
528837.8982419901,248550.4718115842,1.865
536717.9397013341,247570.64281924628,1.0
548530.6052916958,246080.9928168105,1.0
591905.1951593587,240702.89344904572,4.0
595853.3065156899,240216.22865553014,4.9375
599793.5265155075,239718.40700576548,5.0
611619.1047670969,238242.17569689266,4.8925
619471.0850386982,237271.75443107355,4.0
623398.2946635208,236790.84284385294,4.38
643083.8394695134,234374.78856352624,1.0
647017.0980427038,233869.43182702642,2.652
650951.2972329233,233366.94657789078,1.0
654886.2929646578,232867.32925755624,4.0
658822.1562903252,232370.58225838654,0.37
682438.4433206351,229422.11806889158,1.0
686371.8169361475,228931.25769619178,2.545
690306.1430235809,228443.2607407011,1.26
694232.374265766,227957.8009443963,1.885
709956.2070259624,226016.9156891834,1.0
713896.9248510455,225518.28772016894,3.0
725706.6096189837,224038.84128106106,1.0
741418.8881479062,222076.21269029938,1.675
749282.5674076995,221070.45407128427,3.0
757149.3056197768,220089.84512951877,3.0
312044.19684951764,279572.8961154651,1.0
315995.7622252952,279072.2865715334,5.0
319947.9026462711,278574.64633612987,4.675
323900.6173182167,278079.9754196303,4.5225
335788.87556896097,276612.9509846624,3.0
339757.2562544674,276129.77260042634,3.7725
351652.5761413593,274705.55339410156,4.355
383248.7315989916,270724.58369902615,4.555
391131.30255333416,269736.79522027634,1.0
395073.25953598047,269233.4726459626,4.495
402959.12008566473,268235.53622425627,2.0675
414823.97947933385,266760.12666628044,1.47
450387.1322054248,262355.31528999377,4.1775
454340.83778035315,261868.34230307955,3.805
458290.6927864282,261370.45501448493,4.65
478050.2430561218,258910.87869506702,2.0
489896.47346304567,257430.07209786586,1.0
501713.4047945104,255920.39556546602,3.9074999999999998
505658.33641958056,255422.92997460254,5.0
509604.07925177953,254928.38618839718,4.705
517497.6389947439,253947.95336540788,0.44
521441.025790732,253462.15798003972,1.0
525385.2206291087,252979.16784239374,4.0
533275.6726445621,252022.0474126432,2.0
537208.831269129,251520.1476630969,4.6225000000000005
545077.5348072564,250524.9306096621,0.76
552962.6144166767,249541.4383242717,3.0
560864.2177046725,248569.51145858783,1.0
564816.1384871681,248087.98178619705,1.0
596337.7141468633,244144.0012914762,3.0
600279.424883836,243653.65394890308,4.925
627823.9970752993,240244.62323873304,5.0
631759.328571917,239756.18161614146,1.0
675074.3574676901,234350.17832484376,0.985
679003.4930938479,233847.13750596344,3.895
682933.4529697436,233346.84279508144,1.0
686864.3723945345,232849.52175358124,2.815
690796.1109792137,232355.05877090525,2.2325
698652.4087218307,231402.0604341654,3.0
710449.5556646327,229952.42960117944,1.0
718326.9446545357,228945.02075296827,2.0
730112.8772118553,227481.58345142938,1.0
734037.0814748016,227003.79732130654,5.0
749775.9866565149,224997.54883381166,3.0
753715.7956327344,224492.75080703944,4.46
757646.5791368007,224011.26887112483,3.0
761578.2832609679,223532.74217490107,5.0
765510.9845333297,223057.06368888356,1.0
304665.0528451924,284597.83899729326,1.9
308602.5748032258,284064.14168621507,4.0175
312540.7141817329,283533.399151369,2.76
316489.3176720793,283033.0872147642,3.925
320438.42554792605,282535.7462488953,4.4375
324388.1754371687,282041.2602428729,2.29
332307.1732654798,281060.8524280116,0.59
344216.7018522355,279611.8178536659,4.4835
348178.77966948826,279135.0530386567,5.0
379791.67073865543,275152.6439364692,1.25
419268.8757105699,270234.587380182,2.0
450869.50596387504,266317.94304646086,1.0
454820.35261903325,265838.1986804465,4.62
458771.65385024063,265333.61020091455,4.73
462723.6668492039,264832.0776590444,5.0175
466676.3892197043,264333.3789475085,3.685
490389.7164085529,261375.17538607586,2.0
494329.54787848116,260869.4256039858,3.0
502211.50785478804,259866.57603242993,4.0
506153.56372767966,259369.47676461097,3.925
514039.96668935387,258383.9306501355,1.0
525874.9311008855,256927.57898017578,2.52
537698.9418375241,255469.725266804,2.0
545561.9345116126,254475.2517513698,1.0
549494.5507001563,253982.41650337912,1.0
584996.3601259019,249538.43076604512,1.0
596821.2697255412,248071.9608677579,4.76
600764.5351349637,247588.97871573456,2.81
612599.0671081719,246157.44699955266,5.0
616528.2556968118,245657.9007123271,1.0
624389.1403224327,244667.4423913015,5.0
628320.8350081492,244176.5311413668,4.9675
647992.6452934279,241737.38719103206,0.66
651930.1430572956,241235.97249046154,0.46
655868.5114498136,240737.43977723923,1.0
667688.9019170818,239259.25129855797,2.0
671630.7461184862,238772.25096293818,4.7425
675573.4576425536,238288.13482053764,1.6800000000000002
679499.9791365663,237778.51763913035,1.969
687355.8686077328,236767.977476486,1.0
691285.095749744,236266.93939258158,4.0
695214.2837989014,235796.5467353724,0.53
707007.0705355613,234402.64877564088,2.0
714877.6265697514,233376.3824313758,3.69
718814.3084818809,232867.6007585125,4.0
726671.3733921738,231885.5435597105,2.8175
730591.701459715,231412.464590339,1.9649999999999999
734512.8527868676,230942.11081793346,3.0
738434.9656090811,230474.6000836864,0.7
742378.4212944268,229955.18121054117,1.0
746322.9269265895,229438.52282242756,2.0
750268.3281811713,228924.84116582014,3.0
754214.7064894326,228413.91779763438,5.0
758142.755526682,227933.00243983045,4.7075
762071.8078193429,227454.8231686037,1.0
309103.91198745364,288027.76193937846,2.0
320942.13879644393,286503.33072776254,4.6725
344705.95496625686,283546.53875900526,5.0825000000000005
348667.29050180956,283070.01634386275,3.8925
372390.0068461068,280108.12404921465,1.0
431630.38335327717,272700.9229349904,3.515
451368.84418917744,270259.795979511,4.0
455316.78818161506,269780.401809562,4.4
459269.67586242117,269276.1282223696,5.0
463223.20445001556,268774.8059292482,1.7149999999999999
494823.75560786796,264814.95153688826,2.0
506648.04784602416,263316.09441006184,0.805
522416.65256566816,261358.27642199118,4.49
526364.0198956375,260876.1735826144,2.835
530312.0541125047,260396.8875904316,2.72
534260.8253428395,259920.53018005844,2.805
538192.7656246261,259419.4078382235,5.0
542125.4797571999,258921.0773264952,2.0
546058.893985817,258425.76063575782,2.0
549993.151106948,257933.34809803683,2.0
553941.5980669925,257436.86087765265,4.0
565791.5626804916,255965.05477531906,1.565
624883.4344679561,248598.9175227508,1.605
652427.1394682488,245170.91792733222,0.685
656362.7102934814,244672.80421837978,4.8325
660299.1512976096,244177.57240949664,2.7
664236.4618136828,243685.22294052783,4.8575
672113.7567436551,242709.28623720165,3.7775
679981.925205885,241716.5349327717,2.5675
683911.0786323523,241210.45978381298,2.0
687841.1389204796,240707.13927123323,1.0
699635.2463870351,239256.16399059724,0.925
727160.5904589773,235823.3443184737,3.5
731087.4351923552,235343.97827252094,4.805
305659.15044607955,292504.2359136734,2.7675
309604.78516107623,291991.431788357,2.535
313551.0838660315,291481.70979096554,3.51
317497.966861934,290974.85027745645,4.9335
337267.16324592684,288470.7833119733,4.0
341230.63774042414,287974.49517770857,5.0
349155.36691183597,287004.91908476874,2.0
372873.80790174264,284044.5291564232,4.0
380770.5274931917,283040.14408671577,4.563
388674.49005782884,282061.41599786934,3.885
396571.8672038085,281080.836578113,1.0
443979.51734374266,275168.40940847807,0.6775
447923.2143231656,274683.59048960824,5.0
451867.51142122,274201.6039947299,5.0
455812.55134698364,273722.5599151086,3.325
459766.94623755023,273218.60245347396,1.0
463722.0543817161,272717.6017039707,4.515
467677.87501395674,272219.55787472334,4.855
479531.87706710177,270743.23845789954,2.92
522903.36734249967,265306.44220285676,4.0
526852.2733815294,264824.72825044394,4.0
530801.8468217619,264345.94822676014,5.0
534752.2302127602,263869.9920318937,4.0
538685.7292592739,263369.16340190265,5.0
558382.9600743765,260881.17851155996,4.6525
570218.1248401063,259398.39263671357,1.0
574158.8846082364,258910.00021182187,4.72
609636.491336624,254504.9388484275,1.0
625376.8182887033,252530.58372098394,5.0
648991.2096752026,249606.63082301896,0.805
656855.9567486669,248608.2506279871,5.106
660789.6022583942,248113.3258078359,0.615
664724.1107988289,247621.5050798012,1.105
680462.8317658631,245654.63054779917,4.0
688325.4252718057,244646.38295717444,1.0
770905.2538092394,234353.33244984504,0.82
310105.26875103405,295955.25985027105,3.82
321948.11539162626,294438.8768002428,2.48
333802.13585852087,292924.85999541543,3.0244999999999997
341722.0564883861,291915.9045683993,3.765
345682.96506145876,291416.02613668423,4.888
349642.8727474387,290939.98764259927,1.6375
353603.3529702979,290466.939056023,5.0
389175.2203661479,286019.4083408853,0.8975
412874.50099040207,283073.3035256369,3.945
436590.4776920658,280087.72451500315,1.0
440543.2098629316,279597.1024189107,4.0
444483.3272210025,279109.6927878307,4.805
456307.7145314179,277664.8947063107,2.0
460263.6787683963,277161.14241045155,4.7825
464220.28720099543,276660.4644829612,5.0
476081.1596504704,275176.1571766902,1.7175
515503.91661979613,270226.40845339745,3.795
523389.32414822176,269254.9011774156,5.0
527339.7612388685,268773.4655910162,2.0
539177.9739616844,267319.104087241,1.0
543113.8695919632,266821.59641773347,2.0
566764.0728022729,263814.5256971931,3.95
614064.2983644587,257947.80790792033,1.0
621933.4323846835,256954.5922901854,3.885
637681.7611758657,255002.92117374856,1.0
645560.9449179956,254044.47221407387,4.575
677011.1519343099,250100.61669406202,3.92
724196.9391929542,244193.34276756458,2.875
728135.8328697506,243698.97446095478,1.0
763516.6365426471,239261.80641490128,2.0
791030.2882470549,235842.17197663616,4.8025
318504.6225735672,298916.93193648104,5.0
330343.52241521585,297395.03662560135,0.7275
334299.41280351765,296879.48722513113,3.0
338255.85087485786,296366.931896992,5.0
358049.9642583844,293932.383366717,2.0
377783.8520147188,291407.5687672505,1.0
389675.3667915375,289977.46049174014,2.0
401535.9693283601,288519.3714225404,0.9175
460759.58918867854,281103.8613824574,2.445
464717.7600681411,280603.3952145921,3.6325000000000003
480522.0428620358,278631.7967247516,0.8925
488410.67284140235,277663.8853087034,1.855
508127.0354352839,275156.2609203933,1.99
527826.4840174252,272722.1632420281,1.9075
531779.2559009023,272244.0644483296,1.0
535732.7673391341,271769.0234149266,4.16
543606.7977916652,270771.79972312506,5.0
598816.2028017426,263897.25289981347,4.0
602748.6169487479,263388.09098297544,1.0
653912.349234096,256976.24558529537,5.02
657839.5184295552,256479.3867140012,1.0
661767.561817714,255985.29701610375,4.0
665696.4720523998,255494.19921609573,0.87
681421.7424703152,253530.95223446097,2.0
693227.1683417495,252026.30498967692,0.835
697164.1232979881,251530.48813291173,4.92
701102.0503163994,251037.670548643,5.609999999999999
724676.5683206383,248137.4700316321,1.0
752206.4502722463,244689.25113312155,0.895
783643.1941370047,240721.48022522312,4.4925
791503.4204900814,239750.54542337358,4.795
326892.8319881221,301857.2293171976,1.8125
330843.50118064455,301356.408896192,3.9575
334796.4132954266,300841.16894818656,4.9864999999999995
338749.873548036,300328.9222918367,3.0
342704.0227386419,299819.6645789826,1.0
358541.78736160276,297874.76479453314,1.0
362503.97577074164,297401.1424368182,3.126
370392.5455991504,296380.5165815586,1.0
390165.77507708257,293921.7520986181,1.5975000000000001
394127.75974556204,293444.4677270334,2.6950000000000003
417830.12155419344,290463.8825134635,1.79
421782.55144872185,289958.9961814657,3.24
433634.9212785029,288462.17757299263,2.0
437585.53493662714,287969.23086418584,1.0
441536.89835081843,287479.2501372136,0.7525
449415.0407631635,286508.55638899375,4.74
453355.0874680226,286027.57539259735,2.7175
461250.4162972564,285046.6794358352,3.685
469161.63545029773,284049.4148393385,5.0
488898.88837752794,281608.87150853314,4.295
516489.4396589113,278121.6388204815,2.0
520423.7973885592,277635.1500762794,2.8649999999999998
528321.4041981166,276657.0851838328,2.0
536222.017370053,275690.80309129506,1.6949999999999998
540160.2338988477,275191.1935386965,3.0
544099.2281421004,274694.5107636098,3.895
548039.0715158028,274200.64456731454,5.0
551979.6190566357,273709.81634015497,5.0
559863.5820414943,272695.2610099716,3.9825
579573.5845981748,270251.77750349976,1.0
642602.8234569662,262389.5993479276,1.565
650468.7007612367,261410.5738228839,2.0
662255.1404997325,259921.51672185306,2.0
674049.4152530711,258458.6628925791,5.0
681917.6591573536,257470.01247702725,2.0
685853.527220986,256966.1269076094,4.165
689790.3032427763,256465.13133360352,3.5
693728.057970703,255967.02883884776,2.2199999999999998
697662.2905277137,255471.65314460732,1.9300000000000002
713394.8897898226,253511.56971435156,1.0
744865.2892406245,249581.7096584225,2.0
791992.602895627,243673.86697363295,3.0
291794.436623938,310314.78702470567,2.73
319481.4541170455,306818.34067560825,0.4575
323434.73021524126,306315.1736283619,2.0
331342.97990517947,305317.7224946609,3.9175
355070.31216992193,302300.2945613852,0.93
359033.15078378597,301816.9766155658,1.0
366942.20652978483,300832.01442851964,3.0
402516.00636812183,296395.72721871734,1.0
406467.69405174366,295907.10026977863,3.0
410420.024851133,295421.34053584933,4.8525
414372.54772343475,294910.7702076556,4.0
418325.82694674924,294403.1772500416,5.0
422279.7183184762,293898.45291952975,3.69
434127.7698014037,292402.59742823616,1.0
449905.0721948038,290450.2512134947,2.0
453846.6036384381,289969.6869632695,1.76
461740.49568970903,288989.34163766913,1.895
469645.94627217663,287992.88632295,2.425
501233.8723518408,284042.96455049235,4.7
520923.5825358069,281583.17383932695,3.0
536710.4196387625,279612.543425804,0.78
540650.2537725097,279113.3418478463,1.685
552474.426380869,277633.33523542434,1.0
654880.0181719769,264846.468821818,5.0
658810.4214879435,264350.5847978601,0.715
666673.9795657916,263367.83190248534,5.0
670607.0683005992,262880.73958180845,1.0
674541.0244950437,262396.6521419836,1.795
682412.5113306127,261409.0431867633,4.3075
690288.5460453272,260405.3436390115,0.67
694227.930530039,259907.72738590743,2.6325
698159.3677904692,259412.7898037564,5.0
702091.638812659,258920.73404636607,5.0
706024.8099960252,258431.67434607446,4.665
713885.5029499752,257447.74011748843,3.0
717813.0374667189,256952.96486558486,2.0
721741.4920782361,256461.06370515376,3.4025
725670.7946883278,255972.03412970994,4.6725
729610.6164362276,255472.3770918334,2.0
788546.168727768,248086.73518369067,3.495
288314.36478945194,314764.3469447205,5.0
300179.8776508132,313201.86991397943,1.0
316012.71005660447,311271.773048304,1.0
319969.10747342824,310769.121134609,4.055
327883.8066059309,309772.83207305335,4.9575
331841.96526238916,309279.1997397728,0.94
367435.8271843405,304774.79936892353,5.0
379281.3397382315,303300.1521671815,2.0
387189.7995294055,302304.1395134516,1.0
399052.58761309006,300825.5230924925,3.0
403005.1456675911,300334.04990900215,4.2725
406958.2819523663,299845.6733555533,4.475
410912.06243327394,299360.1698944876,5.0
414866.1089118914,298849.86039737053,3.0
418820.8420010627,298342.53536006436,4.86
422776.1884214913,297838.0848277956,2.8925
426732.29237426847,297336.72914686054,0.62
430675.76143147296,296838.53402744234,1.0
442510.25043052604,295361.6287651863,5.0
454337.5237123822,293911.7521258015,1.0
458281.27707385,293434.45301799197,1.0
462230.04211499443,292932.17989989,4.095
478027.57801358274,290952.66454724595,3.61
481975.44882650615,290465.2387073925,5.0
489873.18285155576,289499.15963466,4.0
497773.80555701634,288489.5686278632,5.0
509612.5853688523,286997.3101565931,1.0
521422.66067879513,285531.382450168,4.33
533253.0919174581,284029.2795199659,5.0
537198.1142314605,283534.46765736584,5.0
541139.5577813939,283035.67475036066,4.0
545081.7112596205,282539.7089215275,3.62
580557.7596662214,278118.6743459506,1.0
584494.7694990102,277631.19777449034,1.0
588432.6964796983,277139.64138323814,1.0
643567.6307258272,270256.800471778,2.0
659294.5532092884,268286.41878990177,1.0
667161.3248463189,267304.66059511807,2.79
671096.0881253219,266818.24360758904,5.0
682906.4334461555,265348.27136776503,4.6425
686845.686630665,264845.4507984519,1.0
714375.1491544334,261384.10904690064,2.945
718304.6138937548,260882.9518849915,2.0
722235.0768826251,260384.7890749732,4.125
726166.3991896837,259889.5041056415,5.0
730103.4518314679,259390.29412855115,1.0
741920.2559356412,257909.88687593304,5.0
745838.7112476039,257421.2027186947,4.92
753678.5573299897,256452.52660277672,4.6
765456.94738115,254965.6758400295,4.5275
769386.9433334931,254466.49358459841,4.1975
781173.7314459844,252985.90765656717,3.0
789033.4288267752,252012.97899708524,5.0
792967.5801411895,251520.66028985474,4.555
796902.712573529,251031.21064235084,4.8925
800838.8317528369,250544.51956031658,3.0
288786.9564475118,318686.60358366463,0.315
300657.1454532661,317134.78347133566,3.0
308575.5822772571,316170.8482819041,4.904999999999999
316496.2004817596,315219.08917262126,3.0
320456.36979911523,314719.94830880594,2.7675
324417.1938553913,314223.8208740959,4.2875
328378.5305381904,313730.7116936082,5.0
340229.0068116714,312214.98459782917,1.9275
348119.9705707721,311201.3081801133,1.0
352084.0831584856,310698.4530409016,1.0
360014.16650865186,309701.7902293587,1.0
363980.1355870735,309207.982709554,0.075
371878.5730512423,308230.2802695967,2.0
399539.69999576954,304763.6600501826,2.775
407448.2722980836,303784.1954621421,4.96
411403.5652286695,303298.9477711227,4.72
415359.056454043,302788.901003886,4.9425
450883.1617812276,298333.94609254785,5.0
454827.70726592967,297853.99441973027,3.69
462718.770521342,296875.08509229124,4.9275
466665.32868553296,296376.12800244614,2.6975
478509.1543731862,294897.05523316097,2.9125
482458.5006032207,294409.85315745324,4.0
486408.48925636016,293925.729412931,3.31
490359.2606480173,293444.4614985287,4.715
498262.9187822678,292435.58141183015,4.715
502215.87527588196,291935.64884141926,3.425
510106.30906361475,290944.4324632026,4.695
514043.78148571495,290453.23380428925,3.355
521920.96101327846,289479.5532659339,5.0
525860.8025651462,288969.39317099936,3.0
529801.4283253805,288462.176597395,1.0
533742.8382379994,287957.7926925253,1.0
541628.0040698695,286958.0799304228,4.885
553461.6106831665,285480.4862108156,5.0
569250.648106733,283552.0849190876,2.0
577115.1188565345,282549.3023570543,2.0
628317.7542480296,276121.5793606639,4.9
651910.9898025672,273214.48226304166,0.88
679459.341857427,269792.61158180516,4.475
683399.289817609,269287.46969527286,4.685
687340.1462831,268785.3466828866,0.975
691281.989581537,268286.0233364543,1.0
695224.6726689565,267789.6062055733,1.0
703077.1154438063,266804.4702932667,0.5325
762015.3416447388,259390.03231555596,4.0
765941.6880855374,258888.43892005086,4.0
769868.9288929732,258389.82060644124,1.0
773797.1460052824,257893.95924626943,5.0525
777726.3274347042,257401.0776427919,4.6375
781656.4125933668,256910.95038846694,5.0
785587.5320619969,256423.8077893695,4.4525
789519.5541236163,255939.42062097974,4.445
269500.29965129396,325111.2334469296,1.0
273854.0337652189,324572.36315242667,1.0
277414.1782958021,324134.124961813,4.26
281371.8688800131,323650.0505498862,1.9300000000000002
289287.14647227444,322645.95370891225,1.665
297202.750631839,321608.6067369217,1.0
301161.51145370875,321094.5184814185,5.0
305117.45431403327,320611.4027512567,2.8925
309073.9386314334,320131.19130592886,3.665
313030.97176951927,319654.10642418545,2.0
320949.9259094796,318674.15378849953,1.46
324911.89507737407,318171.1811110731,1.0
364471.8684199638,313171.56815915555,1.0
368422.1805577103,312681.4288258301,1.9475
372373.1072324071,312194.28469075356,1.96
407942.6129864519,307750.71123232227,2.0
411894.9347185996,307265.7983792089,3.4025
423754.63602943637,305745.6277211886,1.0
427709.22021811386,305244.8841972016,0.55
431655.6461615967,304747.1348456852,4.8125
439550.5500762803,303760.7894672677,1.6500000000000001
447439.2648867982,302779.43878569733,5.0
451380.194934932,302289.87043773104,4.04
459264.0467814971,301319.51698245015,4.585
463211.35278912267,300818.0244206805,4.9475
471108.11667950003,299823.84386887867,5.005
475057.57313283347,299331.1563317543,3.6500000000000004
479007.6743079856,298841.4415986389,3.0
482958.48985353083,298354.58835401386,5.0
486910.090334041,297870.7078223033,4.91
490862.33350330754,297389.9118140759,3.815
494810.8694634464,296884.303129687,4.795
498760.1579909664,296381.7726666583,4.359999999999999
502710.1981608316,295882.0983701851,5.0
506660.9892956835,295385.391673645,4.5
510599.2782407499,294891.6261344133,4.62
514538.2435098278,294400.69751777407,4.0
522418.4820310352,293427.90855502244,1.0
526359.8931415996,292918.14761843625,1.0
538188.6938327162,291406.5622567944,2.7199999999999998
557901.370629817,288945.96082752664,2.0
569748.9124975242,287505.2764304159,4.71
593352.8262662821,284520.7618947923,1.0
605161.9261249593,283040.08066064026,4.0
609103.0482798477,282543.13205532264,4.9325
660277.5417367845,276158.7482927935,2.0
676028.3844685751,274190.5882910006,1.0
679968.3405235318,273704.1326909065,4.7375
683905.2521953059,273206.4336284008,3.55
695721.4694762162,271730.7835402619,3.0
707507.2372112242,270238.1762751145,1.4449999999999998
719293.5471886668,268743.6596420342,5.07
727153.1223703608,267752.3657590486,1.0
731089.1031345566,267254.24363555573,5.0
735025.9595374579,266758.90148379095,5.0
738963.7574277204,266266.4540249258,5.0
746824.7261255935,265282.75327162165,4.0
754672.0314420112,264302.8454604391,2.0
762519.5829081328,263313.1974642249,2.0
766443.1747969475,262812.1811089963,4.0
770367.6723745891,262313.9171428764,3.9975
774293.1351275761,261818.63189390395,2.185
778223.9939836764,261326.4462771397,4.89
790022.3970189271,259867.03245070763,3.59
805753.4819296094,257891.23931985535,3.645
246239.91595705654,332109.2911734395,5.0745000000000005
254151.13402211622,331116.785831172,1.0
258110.663472971,330597.0888384599,5.0
262070.68085164024,330080.4301603623,5.095
266031.2557018165,329566.80642431043,5.0
269992.4575906495,329056.2144767903,1.415
273950.6834403994,328569.7429104373,4.0
281868.69609434553,327605.7744111819,1.0
301665.4925967989,325054.411202359,1.9175
309571.90698525746,324091.6923297988,3.625
313525.93430515134,323614.9103763094,4.3625
317480.50582722295,323141.143036522,4.051
321443.0089043096,322628.40954142436,2.0
325406.1194958879,322118.7034294214,1.0
345177.76451236237,319617.04525890294,0.96
349126.857692625,319125.9737921739,1.799
353084.979490677,318623.7612642627,0.705
364963.0669365703,317135.3204212189,2.0
376820.23422538344,315674.4113470996,2.7525
380773.8532794072,315193.4812707901,2.0
388681.74901982804,314185.1586696645,5.0
396592.2590245479,313188.84170701634,1.0
408436.34438779834,311717.1771373162,4.0
432140.3994635928,308715.4820411373,4.765
444001.48082354927,307241.1515130121,4.475
447938.7018507807,306741.96864584554,3.6875
451876.55188463395,306245.75002736226,4.0
455815.09988830937,305752.3839446213,4.41
459754.41774673475,305262.09238616563,4.0
467652.65950827167,304262.61367771775,4.81
471602.9290815102,303767.3963364791,4.685
475553.84466617997,303275.04645269923,3.0
479505.4768889469,302785.6749868635,1.912
483457.82495011133,302299.2821772266,2.0
487410.8877853458,301815.75710335374,4.895
491364.6652158839,301335.3223354155,4.5
495310.2828003777,300830.084296708,4.925
499256.65322564845,300327.8126224512,2.0
503203.7756310062,299828.61874517426,4.7175
518973.2095979013,297860.8633563975,1.0
526858.1257942157,296866.8644625945,2.3975
530801.813401439,296360.5695915092,2.0
534746.2873349793,295857.119322842,0.605
542628.7305919719,294859.0155526027,1.0
578117.031297218,290457.7092492003,1.0
582053.6066854328,289961.6356974887,5.0
585990.9958453998,289468.49603011087,2.0
589920.5657027857,288964.24493587576,1.0
597782.2000772336,287964.3966275975,2.95
601714.2611287833,287468.91134255193,4.71
676534.530829035,278108.60863814317,1.0
680476.4000875411,277615.74284330104,3.0
684410.2720622751,277125.48630710226,5.0
688345.0401647218,276638.0250546243,2.73
696217.2464622436,275671.93491948023,2.6075
700146.8371367691,275165.1876544636,3.715
704077.4272790597,274661.3388899695,4.0
719790.9652940852,272674.27388313133,3.0
723717.2110666521,272184.52015378326,4.5425
727644.3789762675,271697.6521679405,4.0
731581.9791592369,271200.168855682,2.7875
739459.9422406894,270213.7892828882,5.0
755175.8332888822,268231.95198475104,5.0
759102.9010094319,267739.98396842927,0.3775
766943.4688409129,266736.0089833932,4.0
770865.2873867443,266238.2135645887,4.825
774787.9999291727,265743.3928173566,4.0
778720.5995570133,265251.90748703666,4.22
782654.1708961045,264763.3036130257,5.0
798382.6534001057,262795.0506137889,2.8125
806245.0674985072,261806.8461400019,3.5949999999999998
810191.1237527368,261317.77604927495,3.685
246732.17858833395,336053.5551303793,5.0
250688.94771495878,335555.8518496603,5.0
258604.85985332757,334541.67046402395,5.0
262564.1144622079,334025.191602502,2.556
266523.8519378973,333511.64231436886,1.0
270484.2222395446,333001.238441525,1.0
278404.2649112346,332038.2972291978,4.1675
282365.09524701093,331561.32138573285,4.8525
286326.3760669217,331087.4941049479,3.808
302168.94313148595,329014.3559069121,1.4
306118.87131297146,328531.8493345026,1.0
310069.34579262673,328052.35654882435,3.985
317971.92632734997,327102.301209596,4.0
325899.8629112864,326066.27671786584,1.0
337779.1762918405,324549.37674698327,1.0
341728.6747052837,324059.4862281447,4.885
345678.76062881865,323572.49130662624,1.0
365453.72489111393,321099.0172111904,5.056
377315.1904346962,319638.8575214362,2.938
393137.3334859398,317650.82440432627,4.6725
397094.3069204496,317154.3601458715,1.0
404983.8139035206,316171.04551297333,4.53
432624.5224824682,312683.89163377974,1.545
436583.36916160217,312189.68824956287,4.78
440542.97269496357,311698.48639756907,4.0
448437.39157515706,310704.45464232564,2.0
452372.23311817815,310201.6960060224,0.08
460244.18387303647,309204.84439201,4.95
464194.39326687856,308703.99239872396,4.8375
468145.321985123,308206.0128564341,5.0
472097.0413477453,307711.12794424593,4.7475000000000005
476049.4078911318,307219.1163764773,5.0
480002.5628817584,306730.0888535995,4.8675
483956.43481755286,306244.0459930748,4.9125
487910.95217266283,305760.98820256535,3.0
491866.2555821646,305280.91535074357,4.3625
519467.6222103073,301808.8593419669,4.8175
527355.5697492992,300815.7663187813,4.8149999999999995
535246.8412246885,299806.84005739354,0.7925
539193.6568521332,299306.7643420659,1.97
543127.9442376287,298809.54175286926,1.6949999999999998
550998.8641059267,297823.92527678143,2.8175
554935.4950496342,297335.5320483912,1.1575
562837.6645256217,296367.89472594764,5.0
586493.7501021991,293423.70531100966,1.75
594348.2255340777,292405.03686588537,1.0
598276.6530732074,291900.1387796672,1.0
606149.2269767806,290913.1625755504,4.0
649461.3442191662,285519.38317138795,0.835
657335.812449132,284524.72504637577,1.0
677039.6797714368,282026.4926234251,2.0
680983.3813570421,281527.3259019563,1.0
684914.2102907968,281044.5114873098,4.85
688845.9252213257,280564.49168698303,5.0
692778.5216398496,280087.37813006155,2.0
708509.3251543627,278082.67220167443,2.515
712443.6714912897,277578.23802028317,4.4375
716365.0071531851,277090.16277919617,3.995
728134.4965799197,275643.1322131986,1.8199999999999998
732073.712909603,275146.17709193006,2.0
736013.8688545977,274652.23940657824,4.0
739955.0397133664,274161.2118108887,1.565
751750.4333432459,272662.20913271327,4.4925
759607.6484551551,271662.9741291916,1.0
767442.7177574283,270659.8183698952,5.0725
771361.7075627141,270162.5948932534,5.0675
775281.6741691346,269668.12698456924,5.0
783151.2346184743,268689.5528637646,4.4
787087.4347765623,268204.6513831569,4.69
791024.6837565935,267722.5314283138,3.0
798878.0075793134,266716.9002044713,2.0
806735.416562092,265722.6481372183,2.0
810681.141316799,265230.73819713853,4.0
239309.41432045438,341002.02953186724,4.74
243266.4829502997,340498.31245767046,5.0
247224.07234659512,339997.63636644185,4.9475
251182.18694249965,339500.112310037,4.85
255140.81510114635,339005.5179709513,4.9875
259098.67186241972,338486.182544264,3.495
270975.5931674278,336946.3053869195,1.0
282861.0141424206,335517.1389942523,5.0
294746.73676843406,334004.52904680837,4.0
298709.03388567164,333487.8087089602,4.65
302671.9289213795,332974.23880613316,3.6825
310566.31298523373,332012.8479939727,1.0
314514.32021653757,331536.5608909065,5.0
377809.51066488784,323603.25205641054,1.0
409421.98504751374,319650.40399638005,1.0
433108.0132669049,316652.25245539844,5.0
437072.7069657859,316158.39132972807,3.675
445004.2255520551,315179.4911128832,4.0
452867.30769305443,314157.59655809496,4.96
456799.85987620713,313651.14878681395,4.6175
460733.20151188615,313147.5517357318,0.835
468637.2905831341,312149.3681643428,4.535
472590.45172672556,311654.8163417764,3.0
488410.35331284156,309706.28976797033,1.0
492367.10382975434,309226.5796623053,4.8825
516016.9768837085,306243.7423501499,3.0
519961.26197655004,305757.0389956273,1.0
539694.8825169854,303257.08993103076,1.0
543626.2713622005,302760.2540462306,4.79
547558.4424291616,302266.3602854572,5.0
551491.3960340084,301775.2978177415,4.895
567284.110975842,299841.49267758336,5.0
602696.9135353416,295327.2734979717,1.74
614533.2955613339,293903.48774398956,4.3075
618480.352949538,293434.8265574882,3.0
657831.2654171924,288460.72444093786,1.855
681489.3472293122,285439.1064050859,2.0
685417.1335243457,284963.62261813134,3.0
689345.7878656029,284491.1550447969,4.95
701139.1078545342,283035.1765269758,1.0
705073.4451298285,282518.65750548895,3.0
709008.8039806145,282005.0499610929,4.47
716863.3188604276,281013.49934331607,4.0
736506.27270474,278599.0969542982,3.0
744392.7037507661,277621.14502544515,2.835
748320.8809927686,277107.9827010473,2.995
752250.0324321722,276597.82046633214,5.0
760111.2760316213,275586.0541048655,4.0
771857.0747542542,274087.0681870207,5.0
783647.2277974875,272615.8948527025,1.0
787585.1549590535,272131.7070747195,5.0
799372.3519244419,270638.73572347406,2.0
803297.9821966076,270137.08988958877,4.0
815116.5442447322,268651.83514941204,2.935
216037.88075241132,347893.9331455538,2.39
239807.70311962013,344959.59372365475,3.0
243766.1617251952,344455.9372867774,4.8774999999999995
247725.07191243573,343955.3311779704,3.935
251684.5732940222,343457.7684302917,4.82
255644.5244444269,342963.25576403644,2.0
263554.73436050944,341928.20296209306,1.0
267510.6789555752,341415.2353316918,1.83
271467.1821081623,340905.30683457013,1.0
283355.8598431449,339455.66200030874,0.555
287319.75242842356,338978.50439424254,5.0
295237.17590437067,337950.53687115107,2.81
326894.6932634438,333961.0610300377,0.195
338773.82451477216,332452.4731036816,4.9325
405973.6853279283,324075.71181837376,1.0
409922.2906238352,323588.99902572855,3.92
421762.3574428216,322091.30013582855,4.805
425708.8336873501,321588.8522930853,3.715
429655.9265051387,321089.287875128,1.9874999999999998
433612.59482409176,320592.71526224073,4.0825
437569.9529506526,320099.26118988544,3.2625
441527.9267653986,319608.704313986,4.795
445486.657916212,319121.1543580163,2.0025
449423.72366335016,318609.03534142487,4.4875
453361.4411347019,318099.78043543734,5.0
465187.9618990047,316590.13844527025,2.0
473087.6079735105,315598.6609262461,1.0
480990.20415690815,314619.1403354276,4.0
488895.7439506947,313651.5789448852,2.0
496790.8549956857,312667.9738567956,4.5325
508619.1423759241,311173.148669282,1.3325
512563.4573835697,310680.8909062622,1.0
516508.4531011872,310191.6050075572,4.24
520454.19937880314,309705.29138152115,2.0
528343.7786137804,308713.8791939644,2.0
567782.1446905732,303774.0320521081,3.5300000000000002
615032.2799220289,297841.49392729625,2.325
618976.624290829,297366.24403128214,1.0
626843.5395050072,296326.9155786261,2.56
630778.366206573,295811.5921906354,1.0
638649.8775668952,294817.5241460912,2.88
642586.5193930895,294338.77988672163,3.0725
646524.0758244068,293862.96944258735,3.0
654398.0640735037,292892.2288438538,1.0
662271.8156254662,291905.2832215382,3.8175
666210.0478018345,291416.20322149806,4.825
685905.2031951013,288896.3523510508,1.0
689835.766014608,288417.36209936533,5.0
693767.2075612955,287941.39477098547,3.715
697699.4600415238,287468.3370672446,4.95
701629.7881306552,286956.2375448793,4.165
705561.0574526449,286447.04548726603,4.7775
709493.3383232799,285940.76424294244,1.9100000000000001
725203.1348425874,283985.4772699233,0.975
729130.5119175655,283507.3375046393,2.0
748813.9111948328,281029.02410264034,5.0
756667.6563793642,280012.38729137275,4.6175
760595.9993660894,279508.3474969072,1.0
764516.4270754468,279006.753283374,4.0
776283.5679048433,277519.0168225989,2.0
780216.782211499,277029.5188885387,4.71
799865.081950039,274567.43316985946,2.0
803787.9588911438,274066.37128897384,3.0
807711.8424008111,273568.1807705555,4.0
811654.543495137,273073.9092834126,5.0
815598.2542420044,272582.5367551511,4.0
212559.70965024113,352321.0817735167,3.5875
216522.58813959936,351837.5209631743,4.82
244265.40520252424,348413.6057947939,1.0
248225.69821158095,347913.06699884403,2.7824999999999998
252186.5132186286,347415.58085610904,4.335
264051.99256904295,345886.6727910107,2.7359999999999998
268004.9094656615,345374.1041391082,1.88
283850.2166634748,343394.2332664877,2.76
287815.23555930785,342910.2977651367,5.0
291770.8897221624,342401.9824457411,2.0
295727.12323202426,341896.81613033544,1.0
323435.87182253157,338417.03467060067,2.074
339270.74126989616,336414.38155927975,5.0
386705.118322263,330491.89551921375,0.935
406467.4637687614,328014.2972243065,3.0
410421.9088513296,327527.7689137636,1.0
414377.0062417805,327044.2529881792,0.78
418323.5134486694,326536.0971927196,5.0
422270.71038557147,326030.8293734873,4.9575
438066.40209041187,324040.19775727484,2.945
457799.42613769614,321536.1400332544,1.4474999999999998
465690.3670310328,320533.324916644,5.0
469636.92076712556,320036.399447049,2.87
473584.1250580525,319542.4627086241,3.8850000000000002
477532.120145769,319051.5141747752,1.0
481480.83507293614,318563.66566531453,1.0
485430.3387023703,318078.694901214,1.12
489380.48981592525,317596.8249112861,4.66
493331.3576104739,317117.8333703391,2.7
497274.10523402516,316614.04505534656,3.0
501217.6086067672,316113.1224177601,2.3175
528834.478792541,312662.9777143225,4.505
556437.2061502888,309191.4078232255,1.0
568279.3343268933,307706.4262623368,0.895
576160.57616766,306717.1331555154,1.0
591898.1268088166,304731.7302425364,2.0
615530.3513837191,301779.35870686825,0.56
619471.980595434,301297.6308565149,2.81
631278.4139847057,299744.54205131065,4.71
635215.67058094,299232.6820568107,1.0
639153.0790814781,298751.5467434181,2.0
658836.7512594857,296333.833597525,2.19
662771.2651360986,295842.14574137144,4.77
670643.7573698651,294839.98723964486,1.0
690324.737570991,292343.6524322117,4.88
698192.1877588145,291381.93251701817,5.0
706047.6483841868,290375.4059060272,5.0
709976.7725201126,289876.55887455493,1.7149999999999999
713906.8308252813,289380.5085577108,1.0
717837.8090629609,288887.5888823522,5.0
721769.7910519681,288397.4699808322,0.71
725702.6248337353,287910.36873433925,3.0
729636.3901239829,287426.0663658781,4.5125
745383.2171866801,285462.4042262379,1.48
776791.6940691815,281445.06154921744,1.0
792519.3380452025,279506.11564227566,4.0
796437.451052526,278999.7860930981,3.0
800356.6432470625,278496.3302329406,4.8925
816078.7312462194,276513.20934859477,5.0
820020.6965738893,276025.0979580218,1.0
823963.5925057455,275539.9931197604,4.6475
228912.64856712928,354331.1150637008,2.8575
232875.7032867662,353842.6261296226,2.0
236839.1772600485,353357.2036580527,5.0
240803.20984261474,352874.8403538754,3.0
248725.9508153556,351870.84388047084,4.7125
256650.7840375021,350879.0815051859,1.0
260599.5402311245,350360.61481522024,4.89
264548.8627207145,349845.2967223916,1.0
268498.7453657562,349333.01606521383,2.0
284344.2247230463,347332.84696902055,1.0
288310.2875547325,346842.0260638399,4.3475
292263.21434648987,346341.0084066726,5.0
296216.70137146505,345842.9167642966,2.0
343722.4359094156,339894.06906923745,1.0
395092.55339172424,333429.83056596946,2.0
406960.63777483976,331952.9436432943,1.055
410920.9078176483,331466.6012779698,4.7325
414881.9023708234,330983.2827708991,3.8375
418829.8122273744,330475.40646286216,4.0
422778.41459131974,329970.5351512525,4.345
426727.7086094809,329468.6690172199,4.665
430677.6934307113,328969.8082455136,4.425
434619.636311382,328474.06270740647,3.815
438562.2654407151,327981.19849029835,4.0
446449.5142365376,327004.56018274836,4.878
450398.3052830419,326492.9528762307,2.86
454347.8949622932,325984.45594021585,4.95
458298.13950404996,325478.8485589847,4.5649999999999995
462249.10956977675,324976.2414561296,4.285
466191.99558745645,324476.69200531766,4.5075
478024.9127075492,322995.8581129266,2.0
481970.6831115655,322508.3708034726,4.7
485917.24246597925,322023.76051152404,3.0
489864.4496355927,321542.25025645085,4.85
493812.3737801664,321063.61772032734,3.78
497756.5595331509,320560.073659556,3.0
513540.93460389075,318575.95007960126,3.6
517488.96696802945,318087.5451570675,4.8225
521437.68139768776,317602.1242335085,3.0
529324.3950577449,316612.1490153102,3.0
533262.3610851262,316107.686363955,3.0
537201.116020117,315606.1893427428,1.505
541140.6590611933,315107.6582805086,4.23
549039.758996959,314119.6609072834,5.0
552990.4916698819,313630.0213077683,1.095
556942.0099538737,313143.4734960273,1.0
560885.7270747523,312639.016636231,4.0
564830.2587920645,312137.5279422812,4.8175
568775.6749591528,311639.0087077711,1.1025
576651.2416183617,310643.6137690842,3.82
580581.4680791202,310146.7131976802,3.0875
596328.4008654087,308174.97912347596,2.0
604215.8062295626,307200.0501331296,1.0
647535.9519436653,301733.40822358057,2.9675000000000002
655407.3341559252,300764.64583769813,1.0
659338.0527130933,300270.46043120883,4.45
663269.7237595855,299779.20348043274,4.0
667202.2013762727,299290.98225665744,4.665
694747.8778390558,295781.4691635333,4.77
698683.9626553584,295295.7259488432,0.9125
702608.1605228209,294798.39174265414,4.73
706533.212926305,294303.84972314164,4.7
710459.252329309,293812.3281972809,3.0
714386.2113918159,293323.71383142285,3.0
718323.5278724477,292824.59467812534,4.825
722261.7849938296,292328.39725330565,1.6025
726201.052994994,291835.12515417393,4.3375
753717.5491439195,288362.23412386514,4.0
761562.1656913977,287353.07846434135,4.62
785154.9327271858,284396.8873044597,1.0
789084.5595670459,283914.12851372175,4.88
793015.1655607214,283434.15210278425,4.92
796930.5282571001,282928.2951894775,4.13
800846.9702255874,282425.31151470356,5.0
816558.0392310908,280443.9679995999,5.0
820497.2352241664,279956.4397680424,4.0
824437.4397861653,279471.81089817826,3.6175
221470.36768806842,359243.85779335815,1.0
245262.86558621787,356329.06015596073,2.0
253189.31181750415,355331.21685831156,1.0
257153.32294383334,354836.9472989235,1.0
261099.04784985204,354318.88162465673,2.76
265045.32920146215,353803.7414126154,4.7524999999999995
268992.176282253,353291.7488919236,2.6675
272939.583039752,352782.7929050587,4.0
276905.07755581895,352276.00520731043,1.9949999999999999
280871.1280543375,351772.1698234854,1.0
288804.91706851014,350773.91160670854,1.0
292755.10986267956,350280.08065621275,3.0
308577.9281861441,348306.57490471285,1.8975
312547.5119795541,347799.4037243938,1.0
352134.73957018874,342901.1949657211,0.7075
399522.9431729613,336872.8523726575,2.0
403487.7090217959,336380.6225180188,5.0
419335.46645210235,334414.66924079414,3.7875
423285.4662093595,333910.195139206,1.78
427236.22735884355,333408.61992662866,4.9525
431187.61007017375,332910.05697757844,4.6775
450884.64020289894,330435.0639018761,3.8075
454840.0017636925,329926.83823974803,0.9
458796.1610013907,329421.5135238068,4.675
462752.97731519415,328919.2023211159,4.0
466692.9161299706,328420.01688638516,1.0
470633.5768465923,327923.70693330653,3.0
474574.8895406653,327430.4953799704,4.8525
478516.99306313746,326940.15939761605,1.0
482459.8175374683,326453.03313155007,4.87
486403.43120904255,325968.78315089643,4.8325
490347.69302564923,325487.63246558234,4.13
494292.67210993863,325009.35876494646,4.91
514028.60586596496,322523.75317454804,4.0725
517978.1442871262,322035.73417550605,1.0
525879.3410659877,321068.55550720915,5.0
529813.5967070588,320561.50460884534,4.6
533748.5725283296,320057.3066939134,3.2399999999999998
537684.4074205727,319556.18527886644,5.0
557445.8936736095,317095.7275866056,2.94
561386.7790720325,316584.77654035203,2.0
573214.5261869944,315069.6209458383,1.0
577141.0574634117,314570.17074908223,3.0
588925.5615889116,313089.3655226575,2.0
596821.2304980885,312117.60598508175,2.0
616523.731084233,309655.66399149783,2.0
636216.2056977267,307100.1226218268,4.71
655910.4226663103,304700.92378740944,2.0
671628.3208677325,302715.905740669,1.9425
695236.7234471262,299701.74411342014,2.8475
707017.7460187625,298232.4879006231,4.915
710940.6927100719,297748.40261380747,3.0
714864.5534247183,297267.1126619056,5.0
718808.1953473918,296761.79553645104,4.725
722752.7858212537,296259.5241040345,4.0
726698.3995635844,295760.1908474723,4.0
738505.2821603186,294277.96931377705,4.9350000000000005
746369.3762880106,293303.8999100989,4.76
750286.4603556381,292792.55612690374,5.0
758123.5737108683,291778.418946784,1.41
781729.3264693865,288809.24258538056,1.7
785655.2097682026,288324.0666947523,5.0
789582.066858468,287841.78319132235,5.0125
793509.9032421941,287362.2815888794,5.0
797422.5141557718,286856.8968285667,4.0
801336.1333626992,286354.3807959724,0.645
828850.2906328302,282894.6825727206,0.7475
221963.23413629824,363208.2192377141,3.872
229904.75983741722,362235.4107906325,1.0
233868.4769285798,361750.69043353107,3.4725
237832.67400345986,361268.93032398727,4.0
241797.28592910207,360790.244995255,1.0
253690.17483626644,359289.1516722953,1.0
261602.5066672016,358276.99056498986,1.0
289300.24398500053,354733.4057561066,4.0
293251.8200236645,354239.6944517987,4.6850000000000005
297203.8814269537,353749.02825763356,2.0
317009.1627577432,351256.5680265827,1.0
332843.95658930717,349273.5982993031,4.0
352633.3971513341,346836.26791402604,0.7175
384233.81443220674,342835.47516653314,3.8175
388179.72827447153,342331.76578298956,4.73
396073.53505643556,341333.5056215031,5.0
400021.42393792456,340838.8439667057,4.66
403983.0490243719,340339.9506518515,0.785
407945.4151075019,339844.2037318582,2.5375
411908.4489117767,339351.4935593335,1.0
415872.0774803489,338861.71027368866,3.0
423774.29150144086,337850.06744542066,5.0
427726.5100836562,337348.7704650806,4.0
431679.35140181193,336850.4917110652,3.0
435615.30696179596,336355.4483156139,5.0
439552.01973227377,335863.2837757543,4.225
443489.4212332977,335374.2215471994,5.0
447427.4389104436,334888.1513791932,5.0
463256.2648309067,332890.0244624056,5.0
467197.62252609275,332384.1713837143,2.5549999999999997
471139.64475921536,331881.4224665994,4.0
475082.4701018381,331381.55479080975,1.0
479025.9576701025,330884.6805031393,1.675
482965.83580682694,330397.8172893394,4.0
494789.85437677795,328955.2611462986,4.8425
530306.4339470762,324489.9475672981,4.64
534242.8982127431,323993.16165977437,4.0
553977.0995422832,321512.74794313684,4.8575
561874.0306065469,320516.4519358687,4.0
565817.1990882286,320015.80363078136,2.0
585492.9407826755,317514.5139260106,3.0
589423.5397943768,317017.36542247515,3.9050000000000002
593368.1113145628,316530.4066974595,1.4140000000000001
601259.6408703169,315565.3981179623,1.0
605206.6679261578,315087.3503851127,1.0
644590.746080849,310091.4315099111,1.0
648530.3698758729,309610.6972581865,3.0
652470.7767293823,309133.0221021315,4.6625
656399.3744788328,308636.89364511985,1.0
660328.8526110947,308143.8075819174,2.0
664259.2170946675,307653.5420986051,3.5675
668190.4638623205,307166.2088251645,5.0
672123.5715912106,306654.13587448373,1.0
676057.5305856408,306144.99432970304,1.0
679992.4777602489,305638.9005375402,4.8
707519.0196559341,302162.0227142265,4.8975
711448.2170296101,301671.7373592751,5.0
715378.4072177703,301184.3740582336,2.0
719314.5564244841,300686.33669775724,4.7475000000000005
731128.5872624425,299209.6764216302,2.0
735060.1924678507,298709.061607657,1.0
742926.3459197558,297716.58544751443,5.0
746860.8218653295,297224.72203118633,4.9475
750779.267163252,296720.9340756815,2.7199999999999998
754698.6128145563,296220.0356122786,5.0
762540.2859701831,295226.9230371928,1.0
766476.2251596514,294728.49256419204,1.0
770413.1518513537,294232.8661813531,3.0
774350.9830635365,293740.2630304042,3.96
778289.8656128345,293250.57995028235,1.77
782216.8262387773,292756.21414758824,5.1925
786144.7018579163,292264.7425917601,4.8475
790073.5627410825,291776.16965411324,4.9
794003.479195403,291290.49992029835,3.8375
797917.8099017479,290785.8395758383,5.0
801833.1501468273,290284.0541049801,1.845
805749.4346798401,289785.0289278086,5.0
809666.7920547294,289288.99507010356,3.0
813598.4406947349,288796.62769805733,1.0
817531.0994672743,288307.1574594183,1.991
821464.7034141652,287820.46958932746,1.9125
226432.87081697158,366680.97537656967,2.8575
238327.82210270248,365226.5220263107,2.77
242293.78086991215,364747.8955764985,1.0
246258.85523025834,364244.56482922286,5.004
250224.462172213,363744.4214006886,2.0
254190.5898909787,363247.24297647923,4.665
270004.1124466257,361208.283232376,3.9175
277913.59060028696,360193.2423190661,2.0
281873.618499327,359690.11609037314,4.0
285834.1369774673,359190.0545513509,2.7375
289795.21513959777,358693.05467449967,2.67
293748.09600646875,358199.4666488869,4.915
313536.27069337433,355721.04555520415,2.0
337294.36706260254,352747.7715569101,2.8579999999999997
384726.0868064565,346800.55818265025,4.404999999999999
388673.416881669,346297.0820661839,5.0
392621.4073206447,345796.62765688077,3.7525
396569.98704739945,345299.19649983663,4.64
400519.29557039007,344804.7858827645,4.6055
404477.78152995015,344299.3401282234,5.0
416357.38235504436,342801.10490179993,3.0
428216.0906163863,341289.09608132206,2.0
432170.3822314729,340791.1021557683,3.0
436107.8025630221,340296.3480010973,5.0
440045.912186967,339804.5906370077,4.0
459799.16943807073,337348.7775911959,4.0
463758.9117292451,336861.0266678706,1.0
467701.61088101147,336348.5070322463,1.935
471645.05671189254,335839.0970176179,4.0
491347.2033993968,333378.6533093704,4.1225
495286.29100880114,332901.12343123555,3.0
499234.8869750047,332398.78726711404,3.2
515028.10684216727,330405.5302785421,0.245
518971.7563874029,329904.37662948854,2.0
530798.5535605978,328418.4641551152,2.0
542614.6221713617,326959.3859717464,0.775
550514.0470108078,325945.95711304154,2.5
554464.9758784742,325443.78551966976,3.855
558416.7149223023,324944.60590834264,2.0
562360.4542473239,324448.3132231012,2.0875
566305.0694050563,323955.11197527125,4.975
570250.4213799341,323464.77846790105,2.785
578126.3310966712,322464.9976638779,1.0
593862.317579953,320458.89091495145,5.0
601748.0696191557,319494.5799573483,1.0
605692.2072196017,319016.9356308291,0.77
629326.0305805721,316017.7470111707,4.8774999999999995
633268.249926874,315518.959195978,2.0
637211.3417296574,315023.13219115045,5.0
641146.4776402595,314530.028145059,3.0
645082.4794750283,314039.98370497953,1.3699999999999999
649019.3525516574,313552.7770338096,1.0
652957.0931050015,313068.5197502086,4.745
660818.3663429342,312080.4145248281,1.0
700150.7578698524,307093.1671019783,2.585
708019.1011616113,306091.5277043367,3.0
711954.6737888287,305595.16058087535,5.0
727679.828531045,303637.7583946539,3.0
731611.2125790063,303155.64679092076,5.0
735544.766847654,302648.78650702164,3.0
743414.7161318128,301643.72057035565,3.0
751270.8956004308,300649.5066286577,4.975
755191.5832867285,300156.17046779115,4.9375
763035.8372102786,299178.3079305133,0.9725
770903.0788626999,298185.29331115447,4.8975
774838.1718952423,297693.1586514246,5.0
778774.24546172,297203.9399116039,1.0
782703.1810288357,296703.272737273,5.0
786633.1140754974,296205.5098929601,4.7299999999999995
790564.0377732113,295710.76311395597,2.8275
794495.963616351,295218.810819041,5.0
802328.9236369631,294213.70194442384,0.795
806246.9160060554,293715.5250747558,3.6925
810165.9177818635,293220.23040795047,2.0
814094.8012041231,292728.3475684859,2.6325
818024.6948736815,292239.3613982033,4.0
226923.80455343582,370638.56606327184,2.0
234855.89058301365,369666.0209780773,1.0
242789.92245968664,368705.696939419,1.0
250723.21571376664,367702.36303506326,0.852
258658.6126845557,366711.24599526916,1.0
266558.61207568593,365678.47710653767,5.0
270509.49331904016,365166.6722741425,5.0
274460.8677351133,364657.9246458709,0.81
278417.21266283793,364152.0412573945,1.0
282374.1195370563,363649.21866584383,1.0
286331.6528013632,363149.3428166043,1.0
290289.68087741756,362652.64184108004,3.5425
294243.862909566,362159.2889447659,0.71
298198.6679958813,361668.87613973767,2.0
329868.7322164533,357688.2297070492,1.0
373361.04185070604,352231.2148021851,3.695
377312.68035042565,351739.67511970643,3.7775
385217.78223770054,350765.5886895815,2.0
389166.52034343965,350262.3465527892,5.0
393115.85209112125,349762.2446743781,4.0
401016.56182705093,348770.90045056585,2.0
404971.9060184755,348258.7909506727,0.925
408927.9409813312,347749.71618837863,1.0
416842.07967154647,346740.6715715304,4.734999999999999
420795.7250124425,346233.8764017569,4.0
428705.10742113495,345229.4836531095,5.0
432660.84111633454,344731.7752945572,3.86
448420.206738269,342771.93865626026,3.0
452379.33411782637,342282.4326799186,4.0
456339.1621116891,341795.9570559086,4.71
460299.6196122237,341312.5125468569,1.0
476095.36214224494,339283.8874443043,1.0
483975.6489240726,338287.71152893174,4.915
531289.8134055708,332347.16465486214,4.0
535229.2256407021,331865.2049766714,4.2
543110.2619279963,330910.23353454936,2.0
547056.697065051,330395.46410445776,2.0525
558900.863646817,328869.2112427717,5.0
562846.0493575893,328380.36032856535,3.0
566792.0338189628,327894.38359792903,3.88
570738.7430167638,327411.50279089157,1.0
574686.3199376268,326931.49781352375,5.0
578617.6388615677,326412.52647326235,3.6675
594355.5715322082,324387.3412254257,5.0
602235.609394639,323423.95085584465,1.0
606176.8559683312,322946.7096149428,1.0
617994.1950492767,321449.1412061108,3.6925
625876.8472770099,320458.58246491104,3.0
629819.5122014038,319964.3604456037,4.7875
633763.0410057062,319473.10463595204,5.0
637707.5063991372,318984.7062003035,5.0
641639.9415267629,318485.1323500974,2.77
653442.5242613404,317003.9891152177,3.77
700637.3084747028,311034.9660921516,1.9425
708518.1978795727,310021.1222207146,4.0
720323.91414174,308535.4564472167,0.995
724245.9453128073,308054.66164111346,1.425
728168.8956349025,307576.78007839154,4.0
732092.6936349376,307101.8091815803,2.5825
736028.1249842498,306588.58957798965,2.98
743902.0704640239,305570.94453576766,3.6425
747840.4416017828,305066.5138012087,5.0
751761.5026377998,304577.9469817672,4.8875
755683.4460491365,304092.28142862767,1.92
767460.5737710071,302632.2818295276,5.0
771391.8748723625,302137.69664985687,4.8875
775324.2223688816,301646.1410863809,4.2825
779257.4854432244,301157.3861573078,4.785
791053.290514247,299645.3293917747,3.0
794987.2200653448,299147.09500357043,3.0
798904.8951841802,298643.8811701257,2.0
802823.517802004,298143.43921614066,2.0
806743.2163195016,297646.0001052581,4.4245
842108.2327803159,293190.6333614141,1.0
231381.50274774677,374108.423807241,2.0
235349.07763187832,373623.63225356676,1.0
247253.381708226,372160.3424737137,5.0
255190.32804724813,371163.3262300454,2.76
338279.8453686277,360672.0423917435,2.0
342240.49476574524,360159.84141468257,0.94
346201.7077330453,359650.7019276032,1.0
389659.04054870864,354227.6704127928,1.0
397561.16515983344,353230.87036611047,3.0
405465.4199358472,352218.19195781276,0.935
409418.3257781845,351702.5635914989,3.8049999999999997
413371.930571169,351189.85809972975,1.0
421281.2412396492,350173.66113559715,4.4425
425237.0169068805,349670.2801932264,3.6475
437090.8421527624,348178.3402379174,3.59
452876.17339736153,346231.68997367844,3.735
456837.4252444998,345752.5403781291,1.0
472653.7016393269,343754.7689189743,3.6550000000000002
488411.26408164256,341749.8421280021,2.0
492343.7355058926,341270.0701709883,1.675
496276.9255125714,340793.17222210765,3.5125
504180.6336251626,339793.11017713137,3.0
516024.42135809315,338287.71174601093,2.0
523900.81090973597,337261.7867310019,1.0
535721.156516656,335801.28157002106,5.0
543605.0140908962,334861.0445819935,4.1850000000000005
551492.9049540986,333821.37545504794,1.79
555438.1343621123,333306.0820401553,1.0
559384.1955144808,332793.7793016266,4.8725000000000005
571226.2910512754,331358.08167487476,5.0
575175.2061784453,330885.5359922042,3.0
579108.1536939425,330360.1334855445,2.61
583041.9662824104,329837.6975727193,0.69
586976.5727207212,329318.22748630866,4.8975
618482.4761549764,325380.4948873343,4.665
622424.8114266365,324887.74722309783,5.0
626368.0029497166,324397.9708299786,2.875
630311.9794423467,323911.1643940257,4.7725
638202.6366249927,322946.47190889437,4.9025
653926.9217949026,320939.6482202094,2.983
657860.2155073709,320445.2854126692,3.755
720827.0462905103,312460.1517147934,5.0
724741.5119404509,311986.62200085074,4.675
728656.8903709492,311515.8870444624,4.9575
732573.176169903,311048.0585288927,2.83
736510.5493159477,310528.48334735073,4.225
744388.26142017,309498.36168924905,4.875
752250.9246279128,308506.69262009487,4.555
756174.1895681693,308028.5905166026,4.0
760098.3979479909,307553.3995594289,5.0
764023.5434595785,307081.2314585624,3.452
767951.0502152289,306584.1968844868,3.6825
775809.0688019195,305599.0952683883,4.8825
779739.5199493837,305110.803566928,4.0
783672.4527263383,304597.6500482736,4.83
787606.40595341,304087.4134321874,3.845
791541.3142668966,303579.97932274826,1.0
799396.6060873552,302573.08657672256,2.0
803316.9190597595,302073.4878663281,3.0
807238.2510655771,301576.6718138587,1.0
811160.5885018299,301082.86127451714,4.0
826860.0429879909,299136.57642538287,2.0
235851.36896239844,377594.8334131092,4.95
239816.00131431167,377106.63783996925,1.98
251710.8663796192,375618.79283180647,2.88
267556.69290794135,373595.5854942305,1.9024999999999999
271514.5326365577,373083.785351458,2.0
318983.97072699876,367100.78673668765,1.0
370415.3175426095,360625.69014173746,0.55
386216.4783738671,358667.6455549905,2.0
394120.03640863026,357665.17212185543,2.0
398072.845072339,357168.4939131327,4.735
405975.6533321023,356163.43818419985,4.44
413876.40408962534,355149.8143331753,3.0
417827.81341587525,354647.4969187351,4.6925
437599.09056149406,352140.0103362119,2.99
465262.31744222704,348746.4351772666,0.9
481036.8709577169,346663.2129937336,1.0
484973.72090622905,346177.8061735714,1.0
488911.29285524966,345695.2854051385,1.0
492849.6567041552,345215.873199177,3.0
504686.45970091975,343740.0557365576,4.705
532287.5141184168,340218.56837124005,1.8
540172.8177242606,339259.3120350437,4.0
544116.6837422524,338784.176563479,1.8900000000000001
559883.965925986,336746.30422287155,4.9025
563832.098129808,336258.3444548715,3.0
567781.0313499034,335773.27080788277,3.7625
571730.6916165961,335291.3050161917,5.0
579615.5307105785,334294.3016746966,1.5350000000000001
587486.7871782946,333267.2587371124,5.0
591423.6628617495,332758.1408345625,3.0
603225.485680846,331290.16713853367,1.0
607161.0843394476,330806.8524779435,5.0
611102.3927393674,330305.7033155756,0.54
630812.7997322618,327844.3797251368,4.82
634754.7454988678,327360.96970737353,4.3
638697.6157879296,326880.5334396055,4.0
642628.9241767144,326374.9206879949,1.8975
685917.8786034868,320896.4303780012,2.5300000000000002
689843.2859402245,320397.8521836689,0.7
705568.3281075459,318405.6122279195,3.7475
709512.6601140448,317894.57373655774,1.0
713457.9524683986,317386.4918590272,4.64
717404.2090347817,316881.2560288189,4.085
721319.6833113849,316398.45264551137,4.5600000000000005
725236.0119305296,315918.4466595836,3.0
733071.487976144,314967.39672127087,2.93
737010.1851695327,314455.4819796793,5.0
740949.7948392921,313946.5052372264,4.82
744890.3868878413,313440.4702388644,2.352
748832.0312537325,312937.3809451973,5.0825
752751.8660881352,312449.94521712326,4.9
756672.6554102106,311965.41967881285,4.0
760594.3985005147,311483.80492560286,4.974
764517.0946415871,311005.10155631043,4.8475
768446.2577780145,310508.87107270677,4.0
772376.4099666072,310015.44926650263,3.975
780239.5851047097,309037.47485120036,2.0
784169.7317601991,308524.7970751254,4.868
788100.8343512916,308014.92070282623,4.952500000000001
795966.2279232735,307004.14963901415,4.0
799887.2150547614,306502.3844067482,2.7325
803809.1458525641,306003.5143323997,1.8875
819507.9932192278,304023.0493423892,4.3515
823435.4912853015,303531.8018047828,1.0
827363.945876278,303043.3422065843,5.0
843073.9662616237,301062.41624140646,1.0
850933.828937202,300109.84897715785,4.0
232392.63678494102,382064.2936728895,4.8
236353.30792838632,381566.1852722969,0.3125
252199.7708097125,379577.1687061768,3.675
256162.35579019718,379080.7123754304,4.3025
260125.46905573536,378587.3420170825,2.92
264087.8306547612,378069.2743389318,4.0
299704.773184628,373548.33418423496,2.0
343252.75487757655,368083.9999402575,1.0
351163.7186493189,367070.0843393048,2.0
355120.18468914484,366567.7121965233,1.6225
382770.98562239733,363096.3305094093,3.689
386723.4547789573,362604.6746119242,5.0
430204.0465034866,357106.13500622474,1.0
438106.72827405296,356101.8584472947,1.8375
453894.0856968181,354116.0510829985,5.0
489410.6470068865,349640.79980404675,2.325
493354.81817812426,349161.7490105396,1.0
505191.5081977794,347687.075202005,4.63
509138.5852942577,347192.2752052257,2.0
513086.4237928483,346700.4867911665,2.91
517026.3424296739,346183.8889362654,4.984999999999999
520967.0609214029,345670.4011838157,4.035
536737.7244368403,343673.9048390314,2.925
540682.2314901737,343189.2010406265,4.8825
544627.5828417044,342707.4986284012,5.0
548565.1891002817,342200.9232408181,5.0
556442.8406042226,341196.62691736687,0.92
560382.8830536412,340699.0178848831,3.92
568282.9648955893,339713.0000475142,1.78
576186.3589586334,338738.9978044508,1.0
580122.0916886368,338228.4402367845,1.0
584058.6006088796,337720.859922057,1.0
587995.9551782887,337216.25830083527,2.0
595864.6191973607,336215.83438280784,1.0
607660.7064947628,334737.22629480157,1.0
611603.4830244305,334236.5859465273,2.0
639191.6397478787,330814.6768845543,5.0
643124.4403891758,330309.60532813426,4.835
647058.1336258652,329807.4931730628,1.0
650992.7186680648,329308.34090221487,2.0
706066.6202735002,322348.7996409433,4.99
713950.4689856236,321330.5755356699,5.0
717893.8732771988,320825.78835801966,1.0
721811.1883059449,320336.6141694458,4.6175
725729.4302605002,319850.46881334763,1.0
729648.603040958,319367.24171954487,4.85
733568.7108795597,318886.822326364,2.7024999999999997
737508.6512572587,318382.5654089814,4.0
741449.5706868409,317881.1444782587,5.0
745391.463451735,317382.67125901766,4.8025
749334.323505967,316887.2574742278,4.725
757169.9220724421,315902.33404338174,2.98
765009.4480172072,314929.05568238255,4.0
768940.2001133147,314433.4039223613,4.665
776804.7164086795,313451.1044732202,1.0
780738.4200769402,312964.23212307785,3.0
784665.7791174228,312452.02949835174,4.86
788594.158891848,311942.74276858475,4.9375
800376.5089725377,310431.7622633111,3.0
804300.1974869809,309933.5183556108,1.73
816077.9561074489,308442.6591124637,1.7825000000000002
831789.3980813745,306457.9735950222,2.0
839638.0150148172,305482.32654684596,1.0
224956.12451293954,387055.37777699716,2.95
228940.9651213432,386549.9733883608,4.390000000000001
232897.66202346375,386042.17671453767,4.984999999999999
236854.8826574069,385537.4656397328,4.76
240812.62605626156,385035.84009174444,3.95
244770.8912551553,384537.30000207014,4.9399999999999995
248729.3388386065,384034.9553824151,1.76
252688.31167845364,383535.5847833315,4.609999999999999
256647.819644404,383039.4104093509,1.0
268544.4394215308,381513.1527098296,1.0
335841.6934143519,373044.22935421485,2.446
339806.6005021461,372557.4349373393,4.7475000000000005
343758.1221986201,372046.2174648782,5.0
367467.4117711592,369043.4473788971,1.0
379323.0763144418,367541.64559804555,4.0
383276.12279431894,367040.06866570096,1.0
387229.75905461755,366541.65540768206,1.1075
391183.9056322206,366039.40095905866,3.0
426747.76874646184,361573.9052114403,3.0
430708.2906783107,361074.44664621726,4.57
478072.80456984683,355068.33956690505,4.9425
482011.64501425397,354552.82887989655,4.0
485960.08735428675,354068.095946176,4.0
497809.76714332186,352632.14400659036,5.0
505695.70830010966,351634.2796197841,4.745
509639.82332211174,351139.75187761616,4.6375
517526.0836389038,350132.2553146966,4.0
521468.2691589038,349619.0582447732,1.7349999999999999
525411.1846228557,349108.9772516256,5.0024999999999995
529354.9704454405,348601.79096887726,3.975
533299.4406523434,348104.5026802253,4.4175
537244.7677605413,347610.3321997719,3.6925
541190.8112447058,347119.16774549056,4.905
545137.6413766379,346630.8989486052,3.2775
549072.2650795375,346131.6168370014,2.75
556943.9184319816,345142.12710205186,4.8774999999999995
560880.9475466072,344651.8090433292,2.0
564832.0792990834,344150.74825005885,5.0
572736.8799311635,343157.76689473167,2.5949999999999998
580627.6251662922,342162.5458211126,3.675
584565.537114033,341662.45098605845,4.82
592443.9410885393,340671.1057444159,1.5950000000000002
600299.9396028587,339663.40381634515,1.0
608159.3431920492,338667.5683504436,4.375
639684.7108366359,334748.7909599282,4.0
643619.0660931845,334244.26311695576,5.0
698694.9022671453,327293.9313753955,2.0
706563.7765285063,326292.18194928113,2.0
710502.4016670757,325782.04268244095,3.2325
714441.9875120342,325274.8588594422,4.995
718382.5379525551,324770.5199178234,2.3625
722301.682901633,324275.0866105836,5.0
726221.8463392502,323782.46906633675,5.0
730142.8769213925,323292.8840517197,3.71
734064.8491559968,322806.2240149118,3.7275
773366.5201587761,317866.22844947316,1.0
781236.165562018,316891.082715936,2.8425000000000002
785160.7355125488,316379.3547547441,4.798
793012.8728736516,315364.53057326004,5.0
796940.503361032,314861.5506719295,1.0
836208.2721469384,309890.46682189405,2.0
221473.09567168757,391548.5672684312,5.0
225460.84132514778,391040.07372516766,5.0
229449.10114570532,390534.60851533245,4.0
237356.09845247684,389508.785690953,5.0
241310.4014855497,389000.5564570762,5.0
245265.23751287896,388495.4115520399,4.485
249220.60556517966,387993.35091806203,0.745
253176.4993067505,387494.26337124594,4.655
257132.92331430706,386998.25998809375,4.9775
269037.72488794534,385472.1680872338,5.11
273012.50017277966,384960.08079281077,0.665
300712.4109805572,381467.9903687425,4.0
304656.91723146616,380981.8945076624,5.0
324453.2865636969,378484.18068246916,4.9875
340314.4763230145,376519.2692764178,2.0
344262.9525243217,376008.37970460113,2.0
348211.99403445097,375500.54810445383,1.0
352161.7395057513,374995.7703850139,1.0
356112.1182151565,374494.04876522534,1.0
371920.0166852082,372517.7236446226,3.0
375872.87293875427,372003.38232261967,1.0
411443.794324606,367513.2470178781,4.43
423288.9748261154,366044.2041119607,4.725
435174.3966512117,364546.4998878725,5.0735
454909.1068230394,362000.69025736395,1.5899999999999999
462808.40545593726,361048.2643816313,4.74
470692.6523836117,360052.3750330573,4.975
478562.08681266534,359012.9435600126,2.62
482497.9581699346,358497.7948157396,2.295
486452.1743404217,358013.40101901535,1.9300000000000002
502258.8115882854,356078.48980188277,4.0
506199.19990616455,355581.44674842805,2.0
510140.3512552191,355087.302274758,2.4825
525913.0543745548,353058.11745873746,5.0
529858.2308704806,352551.3452468142,2.0
533804.1373288111,352047.5843933616,3.9175
545646.7895962411,350554.2656639684,1.0
557444.1484993543,349087.4825674454,1.0
569284.3758819301,347592.58485211805,4.0
573238.7350708386,347091.1174148312,3.0
577193.9273288894,346592.66608485766,3.0245
581132.4063659081,346096.95618494786,3.737
585071.7131601091,345604.2364691943,2.0
592952.7364947913,344627.76796174515,3.275
596877.558984261,344115.9034016207,2.0
604729.7213434431,343101.0701924367,1.0
608657.0595604845,342598.10230586305,1.6075
612602.8184314438,342098.4827806791,2.7675
616549.4405858788,341601.8571731616,5.0
632309.3360110327,339644.4046819201,0.8150000000000001
636242.6167467614,339162.2653582189,2.825
648049.3799959546,337678.0982471099,4.0
651987.000414103,337180.0560383219,4.0
663807.0382867118,335648.3044650927,3.06
691329.4604668526,332221.2597443508,2.0
707059.8711298045,330235.650612304,5.0
710995.640541125,329725.96023791935,4.0
714932.375425247,329219.11358148605,1.5525
738502.36405103,326236.77638796903,0.5775
742445.7966791419,325750.5767388474,0.7625
762075.570681519,323275.3232064666,1.0
773859.8938132053,321791.752333289,4.0
777795.8262470593,321303.47339010425,2.49
789577.2592357503,319798.42587922886,4.6275
221968.2323363133,395505.8263992695,5.0
225952.85961329896,394997.5005225586,5.0
229938.00757190312,394492.31313199643,3.89
233896.85588999873,393977.73550640605,4.505
237856.24089293744,393466.25494875293,5.0
241816.16159733065,392957.87139521074,1.885
245776.61702186055,392452.5847856561,3.68
249733.29061203258,391950.60674670525,4.154999999999999
253690.42135449158,391451.6110449126,5.0
257648.15303225053,390955.7019847864,4.54
261606.35063809733,390462.99732064176,3.845
281434.2900365628,387905.73353607766,3.0
285394.6616607744,387403.8049356658,2.6
301215.5347930549,385427.89293281175,4.6925
305165.69446742244,384941.77542361803,3.22
313075.2580099724,383950.8691168502,4.71
317034.7002620281,383445.9819914168,1.0
320994.81012365164,382944.0631739693,2.68
344754.1349325417,379970.88417781144,1.0
360559.63616769155,377958.7847244125,1.0
364512.559261509,377463.38815760706,4.0
372420.43865917204,376481.77835656144,0.7725
423784.4637483295,369984.1084451992,5.0
427742.5144887997,369482.23981648125,5.0
443555.3358055249,367463.49289651215,1.7125
479063.8038982536,362957.56244430225,0.93
483001.04315067024,362442.7712024981,4.8525
486952.2747582713,361958.7536101714,4.0
494856.9218190491,360999.9327018,1.0
514579.0462858585,358544.39644476026,1.0
518523.2665600971,358028.98798826244,3.0
546137.4007251061,354505.4581470387,0.565
561874.8504428016,352529.7202740237,4.921
565824.5207808743,352029.624523744,4.88
577678.4777528992,350547.20368358586,1.0
585559.3834312453,349545.92262031697,3.0
589501.1314848765,349049.666262242,4.785
597369.9200605595,348045.1373169767,1.0
601297.0588550753,347536.72927080747,3.0
609153.8549172764,346528.828052409,2.0
613101.0575358483,346029.71906316094,5.0
620998.1254518175,345040.50275088847,5.0
624947.9188990989,344550.39475335367,5.0
628876.6662821199,344062.7427933328,4.8575
632806.2701450272,343578.0592574151,2.0
668237.697994433,339072.26230113395,1.0
703624.0331833408,334663.83866975456,1.0
711497.7440062026,333642.5374029083,2.985
715436.0080048528,333136.3263843432,1.0
739006.6553448122,330157.525929356,2.0
746880.000170416,329188.7136684833,4.0
766497.5695342581,326702.46473122854,5.0
821502.6546838384,319714.87786895037,5.0
829365.5937919047,318699.0942668244,3.2575
837203.5586488124,317735.0609151134,2.0
845045.5278259905,316782.63717230596,5.0
848965.1582405746,316320.96676752716,1.0
222463.04320581898,399463.12192954775,3.0
226444.55659022526,398955.07504493,4.8225
230426.59110499884,398450.16567731556,4.98
234391.038561552,397935.4099243656,1.99
238356.0244508697,397423.7638688544,2.0549999999999997
242321.5477795015,396915.22744829487,5.0
246287.60755607983,396409.8006039243,4.63
250245.50881569198,395907.9093945082,2.715
254203.9432625927,395409.1140734535,4.775
258162.9046449934,394913.3034616038,5.0
262122.40261847543,394420.69977916963,2.0
266081.1561530324,393903.4080503667,5.0
270040.4874749362,393389.322487317,4.775
274000.3854924156,392878.22080580983,1.0
285883.50519374595,391363.5969354883,1.0
289845.6805308707,390864.8752724808,1.38
293808.4227872235,390369.24861979205,4.4125
297763.02902356477,389877.06173723936,4.6225
301718.19891380495,389387.9563427046,4.827500000000001
309630.2216793051,388418.87894295715,1.0
317542.43326314294,387406.55463179294,3.4275
321499.4797153283,386905.06837088894,2.8
325457.12740386673,386406.6632610429,2.0
329415.37908232294,385911.45051541086,3.85
333374.29595458566,385419.2056179801,3.0
341293.7879974796,384444.0757166203,5.0
353148.8938473329,382921.70791156497,4.0
357101.8911697514,382420.386753127,2.0
372920.2857569766,380445.7807555776,2.0
388746.2832397714,378408.88256336655,0.79
392695.74244711234,377907.567425983,3.715
400596.6651270295,376914.2144147074,2.0
404548.12450488424,376422.0657004211,2.0
412435.114495854,375419.3303216491,4.652
424279.2431273722,373924.18881537206,3.4175
432190.1625843625,372924.09445459675,5.0
447993.8645581278,370918.83236390725,1.0
475626.81793450593,367419.81647853926,2.92
483503.3843242568,366387.93025459815,4.905
487451.62978904153,365904.28868503403,2.86
491400.60373487364,365423.6805961961,2.0
495350.3052767706,364946.1062703887,2.0
519020.6366520659,361977.4650993701,4.827500000000001
526914.2330070275,360956.5116702374,1.0
566317.3410274846,355962.14662509225,4.8025
570264.8021316356,355472.4671098301,1.95
574213.1479361221,354985.6915654391,5.0
578162.2360470237,354501.9295956623,4.89
582103.8183776162,353993.25162186753,5.0
593933.5990148811,352485.2315623574,3.635
597861.3181443741,351974.3374910727,2.0
605719.4211728598,350961.4835378304,5.0
609649.733296905,350459.52315677796,4.19
617547.9457493925,349465.3348090742,5.0
621498.3846039661,348972.75069206767,5.0
637229.7487292377,347030.39076674636,4.04
660853.4400756872,344039.25110342633,0.705
672662.6029420379,342500.1395609351,3.99
676591.5769482063,342006.60637735855,4.445
680521.4588677892,341516.0343276635,4.6775
684452.1736808496,341028.5325840032,2.0
692316.98491478,340048.3059881171,2.0
708059.8858620508,338067.7408420071,4.72
715938.5628842951,337053.62715350837,3.904
739509.8988953454,334078.4790730607,2.0
743438.8725492774,333592.69038952887,1.79
759149.4258626242,331623.11107733846,3.07
767003.1411273279,330627.7910471745,2.0
825932.4120099931,323140.026390505,5.0
849468.9245943157,320235.4257365018,1.0
226935.9258767998,402912.6862264816,4.8875
230914.84545446775,402408.0550827468,4.915
234884.87698944582,401893.1226212075,1.825
238855.45441194897,401381.42362880986,5.025
242826.56522133725,400872.7357954886,4.84
246798.21420841513,400367.17018749844,2.825
250757.33483819268,399865.36662341,4.835
254717.0592176874,399366.6613779329,5.0
258677.31160026748,398870.9467311483,4.0
266589.3901346723,397861.6622852972,4.0
270541.2461485716,397347.8557806574,4.595
278446.7515104953,396329.72374369577,2.0
282409.0863292769,395824.915949801,4.9325
294299.37645523384,394329.3259069538,2.0
302220.3942408167,393347.95834356174,3.0
310143.6655227615,392378.8561350452,5.0
314096.43698078615,391871.53113566525,2.0
322003.7199744958,390866.12399794627,1.0
325958.29917208815,390368.0394890448,4.0
329913.4790279303,389873.03527898155,3.075
333869.3281947954,389381.10916714,2.0
337825.70649956283,388892.2658068305,1.0
341782.68259342853,388406.50295069534,4.775
345735.09919879795,387896.16140279453,1.0
349688.0846279573,387388.8954247292,2.9675000000000002
357596.0397507878,386383.6933385981,2.0
381333.8269696419,383385.8342264807,3.91
385291.9356577854,382878.44234197587,5.0
389250.7862182616,382374.12325161975,4.0200000000000005
393197.20449415594,381873.1522357911,4.4775
401091.9766147642,380880.48621492554,1.0
405040.3960708247,380388.67897218,3.0
436631.84288574767,376369.6552896369,2.0
440581.6373943347,375870.6995570054,4.7325
448483.2840211324,374881.82739028055,5.0
460340.8817585724,373393.547413595,5.0
468249.3958833259,372407.277200575,0.795
480064.96000275516,370847.1241373345,3.675
484004.9803921652,370333.04958966933,1.0
487950.23830588814,369849.78385952394,3.505
491896.22497516393,369369.55081201904,1.0
495842.9394212604,368892.2395576751,3.435
511624.17706371966,366930.5873436546,4.85
531362.9799076281,364400.3511047466,3.0
535300.0751278519,363897.76498762146,2.0
539238.0411310891,363398.0781327784,1.4775
543176.7355594424,362901.51222990267,2.0
547116.2282435359,362407.95694873016,1.85
551052.3877961106,361896.4695295319,4.2925
566809.3093341121,359894.7453852538,0.975
574699.0324863598,358933.09252278507,4.335
578645.0630664073,358456.7304515587,2.3329999999999997
582588.1529496498,357941.5130376201,5.0
594422.6653696683,356414.02427710313,3.0
606212.8697781378,354891.7536901813,2.0
614094.8278243315,353892.2140477495,5.0
618045.8306691644,353397.1412697397,4.795
621997.7695175711,352905.082451663,5.0
625950.5033448423,352416.03480035067,3.8775
629873.4626706366,351929.23006330244,5.0
633797.2788752161,351445.39240349084,4.445
637721.9511437414,350964.5222881939,4.6899999999999995
641647.4786633238,350486.62018818595,5.0
645587.8297824444,349984.26911135204,4.9475
649529.0826197524,349484.7963322485,2.0
653471.1598517208,348988.4225790426,5.0
657414.2074789495,348494.9301589597,1.0
661345.8186077871,347976.45165905077,1.0
665278.3673686911,347460.83394279703,1.8900000000000001
673146.1904758365,346438.625225883,4.915
681008.5483193197,345441.89929160196,5.02
684941.074488843,344947.8753701681,0.82
688874.5848556609,344456.9334491063,0.745
692809.2729120166,343961.95846584067,4.865
700681.3584502194,342980.91522829235,1.0
712498.6664057364,341476.0620407928,4.785
728234.8346866467,339472.621308825,4.0
747856.4091579368,337031.39592935145,1.77
751780.0923392486,336551.8552040877,4.0
755710.4512130594,336047.7990349205,3.935
834279.0011769999,326073.5889571626,3.98
842127.4651119034,325090.50665274076,2.9275
853890.3772593769,323699.5070300782,2.605
219476.9278601298,407888.4463358801,2.0
223451.67989414913,407377.7112858547,4.795
227426.96110652818,406870.22299929895,5.0
231402.76434258872,406365.87027760595,5.0
235378.3707637522,405850.87364892475,5.04
239354.5132430135,405338.9009049209,3.825
243331.20225670896,404830.1742357034,4.8425
247308.42547855998,404324.4713321049,4.785
251268.82679274838,403822.75282704644,1.0
267097.1318710841,401819.85398736317,4.1850000000000005
271041.60250735097,401306.6562297242,5.0
274986.63950235315,400796.4269187497,4.84
278932.2517941083,400289.3883276889,5.0675
282895.8048598998,399784.68814725336,3.89
286859.9336161766,399283.20580294356,5.0
290824.63224714354,398784.83016055636,4.734999999999999
310656.6143379734,396338.88605518825,2.0
314606.3147437748,395831.88446405344,1.0
318556.6190836028,395327.9620772032,1.0
326458.96614854643,394329.35751197394,0.82
330411.0764834278,393834.6730345534,3.945
338317.1624504124,392854.4291378418,3.65
342271.07021836576,392368.98327982146,4.609999999999999
373918.1947515808,388374.07504285034,2.7600000000000002
377876.2869413194,387860.7652512761,4.745
381835.05433919234,387350.53538211714,4.6635
385794.5656236949,386843.38403108716,1.0
389754.68058160075,386339.3145218296,3.95
397642.1030323533,385341.22536989395,4.818
401586.7450091367,384846.7070749393,2.0
405532.12313208566,384355.24129248597,1.0
413424.0019147739,383325.77447396703,2.68
417370.96628784295,382815.5673612738,2.9025
421318.63664236164,382308.4146759156,2.0
445019.5116256036,379330.54196975194,4.7524999999999995
448972.09830329684,378844.88747756183,5.109999999999999
480564.39754651586,374791.95569076296,1.9925000000000002
484505.83148316335,374278.35151823424,2.8875
492391.09791596484,373315.49207223207,0.725
500279.27723751793,372364.76129756495,0.835
504224.4798367922,371866.2068586163,2.91
512117.1881952115,370878.4199730912,1.0
516064.69252497517,370388.9658182049,1.0
527912.1788355286,368855.3175285412,1.885
535797.1081576819,367848.01337184664,2.8449999999999998
539732.1109229432,367348.7167251529,1.0
543667.8424137491,366852.54026294407,1.0
555480.4240554943,365326.48600173276,4.9975
559419.7091497933,364814.44759596325,4.98
563359.830542998,364305.531950905,4.0
567300.4236362039,363827.5318909334,4.67
571241.8798205281,363352.5449440442,3.0
575184.0599767636,362880.45844785776,3.61
579127.0300262518,362411.49604781345,3.87
587017.2230563741,361371.22223955765,3.0
590963.6308335727,360855.60722848214,4.9475
594910.9116354145,360343.0073982533,4.0
598841.5650827129,359833.0874852417,5.0
602773.0160472867,359326.1555269053,4.8825
606705.4036877644,358822.2147080945,5.0
614590.2826986504,357823.69330137223,3.0
618542.776144644,357329.1403561169,4.7875
622496.1366534217,356837.6057647867,4.672499999999999
626450.3633794507,356349.08999581635,5.0
630370.4263673455,355862.70831505116,4.5325
634291.3464316246,355379.2930319067,5.0
638213.122753733,354898.8446158543,4.645
642135.7545170598,354421.36353985406,5.0
650020.2466387469,353420.63483781274,2.9125
657908.4079848372,352431.78074491024,4.9275
661837.1371629918,351913.62185688317,4.8395
665766.7972310726,351398.5454040412,4.0
673628.8542915428,350377.08380783815,4.9575
681494.7056370804,349367.62712899223,0.8425
689364.2782363684,348370.0662900107,1.355
693300.4600698433,347875.69260507263,0.9850000000000001
697237.5656532438,347384.4056698531,1.0
701175.6025759461,346895.9837551806,1.0
732669.1443723668,342898.9703372549,0.7325
744427.4330373257,341435.3728756914,1.0
752259.4171839178,340473.62335596886,2.0
768010.6764654705,338478.5973174535,1.0
807292.0477749108,333520.10667343717,1.74
212054.44774950866,412846.52818858996,4.895
216019.3205397778,412344.1882463759,5.0
219990.6377995668,411834.168244265,5.0
223962.4741153057,411327.28309654817,4.755
227934.834428637,410823.6438392317,3.0
231907.70571267314,410323.0281498665,1.0
235880.19048731955,409808.21162425634,1.63
239853.22333744224,409296.6402511317,4.0
243826.7917625105,408788.0917220311,5.0
247800.9005323098,408282.67710785195,2.0
251762.57290947312,407781.03088583145,1.0
255724.71228408086,407282.5014440771,1.0
259687.3817803149,406786.97415955365,4.91
263650.66041149374,406294.66803114116,4.0
267595.84877311025,405778.4849582501,4.445
275487.87028381065,404755.26711899973,2.8449999999999998
279434.70644316694,404248.3433756903,3.45
291330.8631277835,402744.16278166696,3.8625
299260.08145363873,401756.964031755,1.48
307187.260097254,400782.25405608583,5.0
315102.6342703725,399792.7652339302,2.465
323006.385615691,398788.32149376627,1.0
326959.131653295,398290.7285134997,1.0
330912.3204070523,397789.3267095722,3.0
338820.4561458469,396795.5587433558,4.0
342775.4779067289,396303.4128003232,1.0
346730.4103990303,395793.45633980446,2.0
366506.1814283023,393290.2863881979,4.0
370460.5578434279,392798.8358885683,1.0
378370.6944071498,391797.5994618675,2.0
382326.4904988237,391287.59134656284,5.0
386282.8942811685,390780.7752464665,4.61
390239.97171390866,390277.0384946801,1.0
398138.7464804305,389279.26204719767,4.693
402089.1370581587,388784.91766867694,4.91
406040.19801778294,388293.7509754179,1.0
409987.0465897457,387777.71321479883,4.0225
413934.675641045,387264.84529612213,5.0
417883.0107863883,386754.92635965534,5.0
421831.9834093774,386248.0688468171,0.82
429723.4144180151,385243.9876791639,5.0
437617.6584307914,384252.1233467115,4.0
445523.416005231,383272.2736587273,2.8275
477121.16497274407,379267.03613159247,4.97
485006.0173780936,378251.29633066617,1.0
492893.96019377053,377275.27798261214,3.7625
512626.9208537912,374805.46714687906,3.84
528414.3746109237,372797.9645481603,4.7
532362.1553588825,372300.14157272875,2.0
536297.7213422216,371798.36824325006,5.0
552048.2034446907,369793.52477769274,5.0
567807.9743486432,367774.4104894819,4.57
571746.5743406747,367292.8305223612,4.39
579626.0415944253,366338.8158778837,3.56
583572.060667404,365824.6552542439,1.0
587518.8769618062,365313.40252385475,1.815
591466.5577940895,364805.1703738086,1.0
595415.17017297,364300.07170667686,2.6
599347.2243865198,363790.65222446993,4.905
603280.2172455187,363284.229395411,4.14
607214.0080021117,362780.80091515,3.605
611148.6657512273,362280.36858696677,3.925
615097.5013890755,361776.22361125983,2.0
619047.2132674392,361275.2070719553,1.0
622997.8029328826,360777.20827657543,2.0
626949.2722732439,360282.1165393172,2.0
630870.7778291078,359796.26776861586,1.0
638716.502747946,358833.49138244987,1.0
642640.5804384018,358356.5610541748,5.0275
646579.4702990174,357855.1896678135,4.4875
650519.2632740438,357356.70184923895,4.9925
654460.022178818,356861.3225139389,4.13
658401.6126629479,356368.82572064735,5.0
662331.7989722732,355851.23384493496,4.7075
666262.9910213382,355336.6214536233,4.9675
670195.047846952,354824.98461695854,3.8275
678062.029014753,353810.75993074477,4.0
681996.8853810359,353308.05964926723,1.0
685932.7434371449,352808.34181300364,4.5225
705608.2212353778,350353.9887582371,3.06
725308.4921864765,347834.53130361997,3.0
733160.2599245922,346846.336583904,5.0
737087.5859764221,346356.56003193464,1.0
784215.8187754547,340454.90490271896,3.84
795995.0004542368,338939.90078820195,2.7824999999999998
799923.4659455055,338440.81691152416,5.0
803853.3648709669,337937.6742460029,1.9125
831342.2239759939,334439.94517969433,1.0
204645.29240179335,417802.0941362679,1.0
208608.19891147444,417293.67283634935,4.91
212571.68012420292,416788.37521703914,2.0
216535.59645588265,416286.2090988634,3.0
224472.9141585832,415276.8939699009,4.0
228442.34591043956,414776.99284443166,1.9425
232412.2836257299,414280.1144054616,1.0
240351.56147956077,413254.1972149946,5.0
244322.01361445902,412745.9381254548,4.795
248293.00652808518,412240.81196978875,4.0
252255.87238544674,411739.24221868254,4.465
256219.27569843995,411240.79168527294,1.8199999999999998
260183.2207157726,410745.5714646224,5.0
268094.0964087756,409737.2744257385,5.0125
272041.0714548179,409224.2808182137,5.0725
275988.61506903335,408714.26728705596,4.8175
279936.73615724605,408207.45611174684,1.0
291836.5654176706,406703.4360079458,4.6
299763.96775072336,405716.68995225895,5.0
303724.1844708702,405228.15199590474,3.4699999999999998
307685.0332809944,404742.6051407028,1.0
311646.3828858213,404260.2770251548,1.0
343279.35385263315,400237.8979896968,3.0
347235.61299777444,399728.13973779604,1.0
367009.0725718117,397226.1717768414,1.8050000000000002
370960.47867697646,396735.16796469875,1.0
374912.51929588965,396247.2423660299,4.9175
378864.5299306809,395734.49220422935,4.3950000000000005
382817.2887369426,395224.9297533352,3.9074999999999998
386770.65298904077,394718.44725609943,2.5475000000000003
390724.68885638565,394214.9320511697,2.0
398634.7859078763,393217.47119203024,1.8599999999999999
402590.8404142205,392723.3035393795,4.905
414444.69685994706,391203.9817852406,4.49
418394.32494584756,390694.3528506318,0.87
422344.6629551202,390187.9012695253,0.835
430230.06077398977,389184.4352910528,2.945
446026.6988482675,387214.07259111106,3.0
453937.92912624386,386247.1222212622,1.0
465783.3415460879,384736.39063622337,4.0375
477617.860822626,383225.66249265894,4.12
485505.45193072263,382224.4240065906,1.0
501289.7391283326,380258.47006567195,1.1975
505237.6989850135,379746.7983978521,1.0
509186.4507073236,379238.1717022732,3.9050000000000002
517086.25637149694,378230.05433136784,2.955
524971.7796427726,377234.1468334021,4.8825
528915.7552021034,376740.68730199896,2.0
532860.515480928,376250.2613613093,1.0
536797.4375639259,375748.9099845961,3.63
548613.0863406684,374262.87265900243,1.8875000000000002
556494.7514712911,373231.77855643537,0.5
564379.7808888966,372212.66555659845,4.735
568314.6398834931,371721.4804346394,0.635
576186.8702189287,370748.2551143775,2.0
584071.4727482777,369759.314749429,3.9050000000000002
591968.6418869881,368754.815810008,3.915
595918.5080827685,368257.1065650275,4.0
599852.0248772465,367748.1894639777,4.6125
603786.4093052475,367242.3847834747,5.0
607721.5950070842,366739.46917999163,3.0
611657.7187711962,366239.5571520934,4.0
615603.7622784561,365728.94876817707,4.95
627447.2993571121,364215.11603555735,5.0
635294.1788306462,363247.46745896153,2.0
639218.8367677103,362768.1092321472,5.0
643144.4223353018,362291.73211831413,4.825
647080.406039895,361790.7954210583,5.0
651017.359801752,361292.8548190566,5.0
654955.1428144968,360797.90677046776,1.0
658893.824226612,360305.9537861552,5.0
662825.529578472,359788.9316868959,5.0
678561.6454098398,357750.5678523313,1.0
682498.0970745548,357248.46995198913,1.0
686435.4074448844,356749.46676207613,1.61
694304.0713960587,355759.86845680606,0.61
702167.6165057167,354781.9594013626,2.6
713989.7552931213,353282.40486342553,1.0
772939.4437777062,345838.7088072356,2.0
776866.3008178654,345350.60095534846,1.8725
804346.9465954491,341861.65354417916,1.0
812205.0729988557,340851.27311367635,2.0
827907.3369223916,338864.7145090075,3.0
835761.2353229634,337874.8218313921,1.0
843620.3917007167,336882.5663146181,1.0
205164.03406064765,421743.6417940948,1.0
209126.0469967312,421235.38603428844,1.0
213088.4905812241,420730.15319591574,2.0
217051.51493908965,420228.15749625955,2.68
224982.99356185074,419226.4328412106,2.0
232916.50940453704,418237.35134463944,0.94
236882.75808945234,417723.1178241791,2.0
240849.55003438453,417212.01635413896,5.0
248784.75409030667,416199.0982265454,4.905
252748.8743895175,415697.6023552371,2.0
260678.59623511648,414704.1035629753,0.9750000000000001
264644.32898723753,414211.98277945165,4.515
268591.9336403948,413695.9969800068,4.895
280438.33084504714,412166.50429651886,4.0
292341.88205491635,410662.7553290231,2.0
296310.9030594198,410167.7903048275,1.0
300267.4585762598,409676.4629474925,2.81
312140.5266100386,408220.9932573009,2.0
324002.69211514876,406710.88096237555,2.0
327957.96010916424,406213.74072897993,4.375
331913.20619171276,405698.68627559394,3.945
339825.4736948398,404678.09414146375,0.6225
367511.53470420686,401162.1121582696,4.875
371459.8966532443,400671.4457217362,4.495
375408.8934572531,400183.8565990813,4.0
379357.862474981,399671.4418426268,5.0
383307.57995773375,399162.2139076777,3.0
399130.2858640691,397155.6290917415,2.0
403091.99156992056,396661.750855715,4.825
414954.06503318157,395143.1839371575,1.0
418904.9796760735,394633.9568756232,2.8825
426795.9326345435,393624.9057085095,1.0
430736.03621816117,393125.0609307084,3.77
438618.2848278822,392134.5302453004,5.0
442573.4355981885,391643.6982017057,3.88
446529.2898764226,391155.9394971775,2.0
470226.4942328002,388182.95599557087,1.0
478113.82254015823,387184.1366808452,3.685
482058.64081397525,386689.3553918218,1.7570000000000001
486004.1339199138,386197.51215593517,4.6049999999999995
501793.765628262,384205.37973001134,1.0
505743.0591518787,383687.09463870525,4.0
513644.1258595092,382659.8998884838,3.88
517595.82795759925,382150.7684296267,4.0
521535.2395152111,381658.6421350399,2.0
525475.4270667555,381169.54791974183,4.73
553058.0027349421,377698.1830899734,4.685
557000.6140674326,377184.48812728655,4.9
564888.4289813227,376166.4086874388,2.02
568820.4210608989,375668.63046750147,4.0
576686.8788721637,374682.32702057157,4.0
592469.6708381436,372704.6508489838,2.875
604291.5939867294,371200.51038852986,5.0
616109.0696853235,369681.6463240562,4.8100000000000005
620053.2941570712,369167.4806063231,2.7325
623998.3456809793,368656.44099197444,3.0
627944.2985423167,368148.3072223021,5.0
631868.7349308651,367663.5278368704,1.0
635794.1016752587,367181.7345230421,4.9125
639720.2581340871,366702.9241208825,4.615
651514.3955189729,365229.0895069223,4.6125
659385.0454496045,364243.0536390282,2.0
698732.7112225285,359212.0951928897,3.7800000000000002
702662.0263195746,358725.13189376984,5.0
710537.8241237588,357732.552221233,3.8275
745926.4585449275,353242.5372993136,3.0
773440.7589429988,349764.97007020656,4.0
785228.9405142135,348311.8727415139,0.465
796991.3258315935,346799.784880857,1.0
800914.1695678934,346301.66964850854,2.715
804839.2666922593,345785.60665906593,3.0
812692.6169635343,344762.4154364588,2.51
820544.8913722268,343764.60690995585,4.0
824469.9300603671,343277.08407747187,1.0
828396.0746842911,342792.391977475,3.585
836252.7308195229,341810.9338092124,1.0
209643.47755311418,425177.0297630448,2.0
213605.0298287915,424672.0765513377,1.0
217567.0880077288,424170.2557298457,4.8225
221529.65718531405,423671.6783239627,2.0
225492.72399219137,423176.12200675625,4.575
233420.37089380517,422194.5167734707,4.3149999999999995
237383.49934867444,421680.57502862625,3.0
241347.16581584263,421169.6532115899,5.0
245311.375128533,420661.86239619553,4.0
257207.27121892487,419157.7200457277,1.0
265140.5646123657,418170.6497914698,3.0
273038.88080199814,417141.9743371783,1.72
284907.9825464332,415621.3855995424,3.0
288877.0455740171,415120.30214438774,2.0
292846.74768432934,414622.2347823875,1.0375
296816.95849196624,414127.41154620517,5.0
300770.41909606394,413636.39967156574,5.0
312634.2046828472,412181.87070793845,1.0
320544.19909892476,411172.421250009,3.7625
324500.13833615766,410672.2379607912,2.54
328456.61833628523,410175.27084636595,3.0
332412.850890512,409653.5033686897,1.0
356163.8219567868,406588.16205785517,2.0
364068.61228534085,405591.6314331852,4.9175
368013.36172872316,405098.22415960394,2.0
375904.6293695285,404120.6422936907,4.295
379850.55519969674,403608.5628566388,2.65
387744.50571818766,402593.6316484334,0.345
391692.45905674517,402090.7817911543,4.0
399625.11121633765,401093.9608497387,4.0
403592.44885096955,400600.1510981498,3.9699999999999998
411511.2976782456,399594.3538497584,5.0
415462.7777758263,399082.3405738473,5.0
419415.0403552472,398573.5149824517,5.0
423367.94191939116,398067.657195271,3.87
431241.3386775277,397065.75341360364,5.0
447031.1885389886,395097.87435806636,5.0
450989.0281413878,394613.4027606752,4.24
454947.64112173166,394132.12138029933,1.0
482555.18960155634,390655.26020146813,2.0
506247.7014216928,387627.6877204068,1.0
510199.2071371102,387105.84668130986,1.0
514151.4578353431,386587.17381254584,4.58
518104.59197163425,386071.5586205851,2.0
522041.0086243037,385586.83148925006,4.0
533854.8492557057,384150.6166623337,2.0
541735.0131907545,383152.639349564,0.88
553561.5783328618,381650.51853764895,5.0
557505.6080189645,381137.27684127353,2.685
573255.2778478833,379114.6093597654,1.0
592969.9294094673,376654.3468996566,4.9
600858.6886564147,375663.61889007874,4.0
604795.905871756,375158.83125795797,5.0
608733.9966308908,374656.9460768821,1.0
612672.9578779342,374158.0749775721,3.865
616613.4204612821,373634.42731931433,5.0
620554.8640895052,373113.7967147138,3.9325
628440.341910729,372081.5805363385,1.0
636292.9825328218,371116.08300984185,2.67
648079.3027014525,369662.48159760237,1.0
667745.5096824331,367151.4653870035,2.8025
687437.511947513,364631.97447964456,2.3
699228.8679853053,363155.01282972004,4.859999999999999
703155.3718723778,362668.3902068166,1.0
707082.8027844914,362184.7417659946,5.0
718926.6440657667,360670.30008161534,0.815
734627.0045569545,358688.73054701276,1.0
738545.7414254593,358200.31951677427,1.0
770011.9238286922,354180.96137082763,1.0
773940.8991309192,353691.4325257782,0.75
781801.7617034048,352721.1408701949,3.0
785733.6414315507,352240.4903881382,2.0
821030.0777272055,347677.07343944255,2.335
828883.5148205713,346720.1534704836,4.7625
210157.8902110862,429146.95831983257,2.0
214121.0506887377,428648.93897516467,4.0
218084.63808857702,428154.061974857,3.62
222043.67520041077,427648.78056444693,2.0
241853.06993612248,425126.9991586907,4.0
253746.6256971812,423613.81866529584,1.0
261672.60691836462,422621.08699260186,4.7325
265636.40227816935,422129.36033539753,3.8049999999999997
281457.5348098794,420084.10377794784,4.9
293355.3800145075,418581.5907339258,2.0
297322.48043352144,418087.0853618467,2.0
317096.3611754691,415636.2069942504,5.0
328954.8424630765,414136.8517213343,5.0
332912.28138021135,413615.263781826,2.2824999999999998
344788.55803916545,412069.14689047076,1.0
352700.73663724074,411054.1934680473,0.645
356657.75684317044,410551.37064181734,3.0
360615.4194312844,410051.6498562442,1.0
384312.9398215504,407064.04931736924,1.0
388261.4581175349,406558.493179244,1.0
392210.7192165443,406055.9068648964,0.8075
396169.331865234,405556.4483043011,3.7824999999999998
400128.5481578392,405059.97639006097,2.0
404088.5082379854,404566.5996890757,1.0
408049.0743750877,404076.4322318882,4.0
412001.1544622264,403561.6073101815,2.91
419907.5249306233,402541.31771049835,0.825
423861.74212919315,402035.74343392346,1.0
431737.66012674867,401034.3119985573,2.8725
443574.14504888444,399547.899440825,5.0
451491.64578591025,398562.73443210404,4.3875
455451.4686761528,398074.7801644206,3.48
459394.5397048715,397569.25948398,4.7425
463338.35344725277,397066.90912442096,1.0
471228.13163514016,396071.16496382747,4.7245
498848.21785405226,392599.0832207706,2.0
502799.4766062599,392099.42055598646,3.862
506747.16474893305,391575.02003965713,2.0
510695.66885464423,391053.67554273363,3.735
514644.9184202499,390535.38721603155,2.6275
522532.893151333,389528.82521298155,1.315
534350.9390035932,388073.0575001845,1.0
538292.0412373078,387572.9768346986,1.3900000000000001
554064.5837079335,385582.0323422514,4.66
565903.0720590814,384073.91364794783,3.855
593473.9731428598,380583.5251429379,3.0
605299.8503881197,379089.33173385356,5.0
609239.3328302735,378587.96138285194,1.0
613179.7566626657,378089.61256506946,2.0
617117.1315674244,377573.3960130168,2.0
621055.4098418972,377060.0828906866,1.0
624994.5854472746,376549.89601576794,1.0
648581.6641930608,373598.5779638123,4.896
668255.1270496005,371090.44958068617,5.0
672193.0867329787,370581.04094574787,4.6775
676131.9815987747,370074.745774542,0.71
687941.3549294934,368573.5179205099,2.0
703661.6273373546,366591.3599966923,0.8474999999999999
727290.4801239113,363593.62243507244,1.92
742984.0373519636,361609.5668790033,3.0675
758723.7686758451,359590.8335833773,4.9025
774440.1717476295,357610.98073745985,5.0
782304.8917416278,356628.34676177707,4.0
786238.7587026889,356141.4253753852,1.76
797997.5074407062,354633.0047668163,5.0
817603.4755637653,352093.65252052806,3.94
821530.6708048722,351604.60105022043,2.0
825458.8979325502,351118.49846024625,5.0
833318.5150502659,350155.1473057717,0.7375
845113.3411274585,348669.1705650082,5.0
206707.74228611856,433610.81612111256,4.725
210671.95895566797,433116.813129182,2.0
214636.6561665081,432625.84359578975,1.0
218601.83934902347,432138.0185289746,1.0
222557.34323816444,431626.0332572507,1.0
226513.37384926347,431117.177718604,2.0
230469.92419913242,430611.3407177571,5.0
238392.52593451226,429594.9385387758,4.85
242358.59253048172,429084.2753363708,4.635
246325.2095600082,428576.8659090027,1.0
250292.36471207067,428072.4879539432,5.0
254251.42301967015,427571.6734928461,3.0
258211.02175610402,427073.9879202759,2.0
262171.15989273635,426579.4312048219,1.0
270091.7845162854,425571.9192956174,2.0
274052.3178779612,425059.07447674405,3.74
278013.42541919556,424549.24658523593,5.0
281975.11117429676,424042.546768629,1.0
325502.127463426,418594.8129096823,5.0
329452.4896635293,418098.37690924667,4.8575
333411.1960173645,417576.9669119911,1.0
341330.56194064015,416543.6001742929,4.8925
365060.87811826007,413519.0644471636,3.745
369016.7339337935,413025.76324297115,1.0
376930.36981669837,412048.6877789581,2.0
380878.8296199811,411537.21378188673,4.775
388777.78241944686,410523.41887867637,1.0
396679.4454604167,409522.0886225598,3.0525
412490.4550980985,407528.81059234403,4.922499999999999
416444.55365694687,407017.34139676485,5.0
420399.2981389606,406509.07391068246,5.0
424354.82270803285,406003.7837727051,4.0
428293.7158923927,405501.8284122087,3.0
432233.3150413077,405002.82498610206,1.0
440114.6350011667,404014.2307322603,4.0
444073.54866323696,403510.44101544376,4.0
455954.58727609843,402017.6193820825,3.8925
459898.9436681211,401512.43466092646,0.97
479614.55712285585,399032.4491983177,4.62
499348.5329883012,396545.8274515681,4.7425
503301.0904117029,396046.55157442484,3.0
515137.59253818716,394483.7848734744,2.6725
519084.72328558605,393968.9369179616,2.74
526963.8923242998,392976.1125693824,3.0
530904.7294045967,392484.2658572281,1.0
558513.3060834218,389015.29767913464,2.0
566409.0658252456,388027.67529722303,2.38
582142.5191170105,385977.04485156573,1.0675
586086.5203414924,385485.8471016772,5.0
590031.4267192341,384997.7981084939,1.5
597923.6802779024,384030.69876995124,2.0
601862.8677391818,383523.79476848897,2.0
605802.929767762,383019.9158395566,4.0
609743.793403468,382519.1721217837,5.0
613685.6018241917,382021.3446872886,5.0
617619.8882544226,381512.44777110685,4.915
621555.0651067189,381006.56462518126,1.0
660887.5657681164,376055.94214127585,4.775
664825.1299048633,375541.22695429716,2.81
680576.0662869175,373512.13718758523,0.53
684509.5995972721,373012.1433108635,0.875
700236.6946905358,371013.67325441726,5.0
704166.728934333,370514.52655504085,4.785
712038.9667575906,369511.4390560258,3.815
719924.3093187225,368506.80846070684,2.835
723868.471257878,368008.99820074905,4.89
727787.378867598,367513.02936737705,2.3325
731707.3187732063,367020.0275264643,1.0
763144.4214156487,363017.7587828785,0.7375
794584.0393116159,359035.32931707986,1.0
798506.2182915504,358536.24634461943,4.72
825960.3663019899,355040.0091457404,2.0
829891.61727461,354550.63433239236,5.02
841684.8931498312,353071.91485078726,4.695
845616.9741409274,352580.1930578556,1.7675
849550.1138332719,352091.42482165433,2.0
203254.6020280184,438063.99886445794,4.91
207219.94141307985,437573.7747410415,2.6399999999999997
211185.68337801157,437086.5942486515,4.92
215151.90872089035,436602.6754314136,4.0
219118.67894138471,436121.90321424976,1.0
227023.1565818286,435087.6537096463,4.235
230976.20769140247,434575.33274527825,2.895
238896.52777095724,433552.2904924471,2.0
242863.7445340849,433041.704053605,1.0
246831.58186012928,432534.37368186004,3.7325
250799.8893401943,432030.08407271374,1.0
270592.3364057301,429530.51063458156,2.005
306247.1050288197,425028.77407228854,0.725
322055.77635480434,423055.39105248265,3.6625
329949.6325522782,422059.9552506143,5.0
333909.5288248989,421538.72621870507,1.0
337870.14921976166,421020.7259061588,1.0
345793.2636100704,419993.8651587153,5.0
349742.8196578283,419485.50056651793,1.0
361595.4236304216,417979.0048942659,1.79
369517.63191771676,416989.73069900274,1.9100000000000001
373479.6296965414,416499.76645012293,1.9449999999999998
377442.33728143893,416012.91467839014,2.785
381392.0848626935,415501.6881012982,3.0
397189.06832043274,413487.90133206174,2.0
412979.1334539265,411496.1872498449,1.7650000000000001
416934.45938568574,410984.99228210375,1.0
420890.4999853218,410476.89256908465,4.705
436669.92762977636,408475.87555614207,3.0
448533.14763408236,406965.7783613531,4.0
452494.77164558345,406461.6037959978,4.0
456457.0647440645,405960.52723725233,3.0
468296.3350916654,404455.0836985158,3.955
476179.82540603395,403466.83551405836,2.96
480116.19094340585,402977.38501571026,5.0
484053.29343830346,402490.98658252135,2.74
487991.13195430266,402007.6405082708,0.78
491942.7128166741,401499.53150811885,3.615
499848.0741617369,400492.53355954867,1.0
503801.99160975585,399993.64515248686,4.72
519573.6066781433,397917.7908634236,5.0
523514.20766546926,397413.25478279684,1.0
555067.8836263773,393445.2927885549,2.0
562964.5712149071,392466.50031489506,5.0
574782.1046276467,390937.26389091834,4.0
586594.7074721281,389414.34795843624,2.0
594479.310935872,388442.0144078294,3.0025
598422.9353600111,387960.45905975066,1.8599999999999999
602363.4958153577,387454.0591940684,4.0
606305.0016286322,386950.69175298046,2.77
610247.3798953034,386450.4670324391,5.0
614190.56479387,385953.16161403526,3.0
625986.7132085046,384457.68893030845,1.0
629920.5453947309,383965.1516215475,1.0
653518.6967916699,380975.5338442419,1.0
657455.0370079462,380483.2805567095,4.215
661392.2130569529,379993.92562597245,0.8624999999999999
665331.2573471131,379479.79638950806,1.58
669271.1748289203,378968.67816496454,4.5125
685014.2306277975,376953.29770100117,2.0
692878.2992848444,375963.09349878225,2.0
708603.5508690684,373935.0340106832,2.0
712541.9240200588,373428.6798431426,4.0
716481.1946482703,372925.43461117055,0.69
740050.3990837904,369964.1760381302,1.295
743980.3564646628,369453.166087158,1.0
791167.1644600979,363439.3205556283,0.88
806851.5514708192,361444.1015466694,1.755
814680.8314148588,360452.6164989434,2.52
818597.0172225642,359961.3388824845,2.0
834328.2590705088,357973.39120254014,2.0
838257.6042095665,357476.41150062345,1.0
842188.0175657778,356982.275562495,3.0
846119.4135981188,356491.20160469133,4.7924999999999995
203764.8630312899,442019.9584857384,2.0
207731.73542340804,441536.66283885017,5.0
211699.07582500362,441056.5239668684,4.9525
215666.88947231096,440579.65287133586,3.0
219635.16264748794,440105.8272068789,4.675
227532.5873353221,439058.2804018175,5.0
231482.1202496987,438539.1422291128,5.0
239400.0921682024,437509.68667159136,4.9
243368.51983783382,436999.17423358,2.0
247337.5001064573,436491.9272052711,5.0
251307.02615886257,435987.83441878203,2.75
259213.1889242136,434990.4291658569,5.0
263167.07867382106,434496.361266586,1.0
271092.48405054596,433489.36937025655,1.0
279036.1714393331,432466.3943606112,1.0
302794.8067983486,429476.19506106526,4.0
306753.7136446291,428988.89640245587,1.0
318615.65314387076,427518.476769031,1.815
330446.3435023612,426021.6956109125,4.765
346294.77333267755,423956.25397600513,3.95
373985.4348840934,420463.807549607,3.795
389808.61621281767,418453.572472346,3.5975
401635.0367113484,416958.62589050736,5.0
425339.10718464124,413940.16725852527,1.0
433222.69981057156,412940.26908816583,1.0
437165.49202825536,412445.044482979,3.37
441109.05996017496,411952.7830624934,4.9525
445070.35813415505,411435.83702610806,1.0
449032.40751664096,410921.88249192014,1.0
456958.76079958613,409903.3937220052,5.0
460905.73281757924,409398.88241832703,3.92
464853.4493461786,408897.33665551804,2.0
468801.9103670695,408398.8678936884,1.54
484551.16566976474,406436.4825452734,1.685
504302.1099081833,403940.92355960794,5.019
516120.58066515246,402380.57683979627,1.0
524003.637068858,401355.5793197211,1.0
531890.0162477164,400342.579837678,4.0
555568.3149032162,397377.1519331476,4.1075
559517.4664521057,396893.5214880295,4.4175
567418.3193808465,395935.6602585362,5.0
591040.836201018,392855.720871469,1.0
598921.2706443892,391890.30014024395,5.0
602863.2655448744,391384.40638998616,3.0
606806.1373470267,390881.5496253222,2.0
618622.6053418124,389390.8016025331,2.0
630411.9689992458,387926.5417239228,3.0
638277.5495674505,386909.7843252616,0.7325
654019.4538822414,384912.56158141233,1.0
677663.2800708427,381896.0442704838,1.5
689446.38763676,380398.55517573655,1.74
693375.9860991525,379905.3469688846,2.0
705173.7694887124,378360.9045820404,2.0
748404.8658088876,372867.4204027038,4.0
764127.2322530216,370866.9683592431,0.8775
783807.3518271442,368350.29244413506,0.89
795594.6108702654,366840.70723231137,2.725
823025.1523685394,363387.73955945205,3.0
200297.6472373245,446518.70090597216,4.0175
204259.21895080333,446004.7474175617,3.8325
212194.911804308,445027.59049037006,4.52
216163.5053656483,444543.6423557773,1.9325
220132.51429947314,444062.97135757003,1.0
224082.0965729102,443537.73815041315,3.0
228032.29249498819,443015.52304952405,1.0
235934.26984021824,441980.6065936014,5.0
239903.35673246815,441467.11997192167,4.467499999999999
243872.91801573636,440956.68592761457,4.0
247843.10191841604,440449.5195923913,4.8
251813.75825123192,439945.4056424983,2.825
255767.79118199553,439445.2861894993,5.0
259722.29216539318,438948.1916340329,1.0
263677.4087857305,438454.3375744987,4.5355
267632.99667743925,437963.6193939261,1.77
275569.249742201,436934.96266799513,0.805
279538.2539491517,436425.41839658655,2.4975
283507.8401550561,435919.0264897309,2.0
299340.13333708403,433926.4933362026,2.7075
303295.0820436191,433429.4941971777,4.275
315163.48969648906,431957.02272806875,1.0
319111.384401824,431451.8255728362,5.0
327009.08113102266,430450.87400364596,1.0
334917.09951021825,429441.30070765875,1.0
378446.5074405533,423914.17784542125,4.585
394259.45563524705,421889.8484590892,4.3425
410014.1633556287,419916.44652765244,1.0
425847.13054259314,417880.24090066925,0.995
429789.82322045654,417379.05930165295,2.0
445580.48373130674,415377.5392877534,3.5949999999999998
449539.4865618169,414864.07089673355,2.0
453499.240025094,414353.5933853844,5.0
461403.68394225824,413342.18874830287,1.876
492947.25747522485,409391.9599595852,1.6575
496897.8731918465,408887.5790338982,0.78
516623.9322017906,406329.1249005217,3.8575
520566.3486636391,405815.45356296,1.8825
524509.6496589554,405304.8430277817,2.755
528453.6955105448,404797.2930504065,0.645
540286.5450420738,403292.9788999399,2.7475
563956.7202891739,400345.7526587406,2.9275
575778.1656960094,398819.2552910531,2.0
579716.2645066998,398302.6246089656,2.8675
587594.8422181783,397292.26957323216,2.7199999999999998
599418.6833235198,395820.333072355,1.0
603357.7248625589,395314.8571713213,2.54
607297.6435228176,394812.41749896295,5.0
623048.6134840009,392832.60932244826,3.0
626984.137725055,392345.1262663612,3.0
638780.3174424957,390844.8969862545,1.71
642711.5044394541,390341.4748932952,1.0
686012.0271212702,384821.9888879061,1.0
693873.7285489178,383820.0136705991,3.58
744976.355743383,377297.3180500781,4.93
764634.4035353034,374792.77333475184,1.0
800010.2398493132,370273.6409031823,3.0
831397.498643082,366317.994929065,3.66
835331.0929606373,365819.77233177144,4.0
839259.170576774,365324.08567720745,4.0
200794.87973140518,450503.2466388587,4.365
204753.27916602022,449989.5698913699,1.0
208721.61154656537,449492.54705670197,1.0
212690.42962480348,448998.5809996929,2.0
216659.74516122183,448507.8938494455,4.4399999999999995
220629.54442967125,448020.263272726,4.7425
224580.32285259868,447494.96423139796,0.65
228531.65934803366,446972.91511148587,1.0
232483.5466542928,446454.00473997276,5.0
236435.9778654332,445938.12194030825,5.0
240406.18312276347,445424.59759105276,0.67
244376.93864210363,444914.23918680754,4.0
248348.24892615262,444407.1578206811,4.609999999999999
252320.10166680889,443903.1311932355,4.71
256275.2767707575,443403.1069518868,4.0
260230.99525677407,442906.22119098995,3.0
268144.05817515147,441921.8650213275,2.795
276074.0401767563,440893.8335333178,4.8149999999999995
280039.90460057626,440384.48921302985,4.4325
284006.3516072711,439878.29624208715,2.87
287964.7624127552,439375.6183326775,4.58
291923.75233094534,438876.07817031816,4.705
295883.3158031289,438379.56463196874,0.915
303795.0192655786,437382.61562248133,1.0
331470.68529777153,433888.7180041708,1.0
343338.86668510875,432378.6435350934,3.0
351245.0961285316,431373.907133732,2.0
359144.8563696147,430367.9861028837,2.925
374977.0519368312,428351.14221865963,5.0
382892.2724459501,427340.70495049655,1.17
386846.41915483575,426833.3122002315,5.0
410516.40090171515,423855.5313753439,3.0
422393.9031183289,422324.6104046339,2.915
426354.4822839572,421820.49272551294,3.93
430298.48867702397,421319.7269242024,1.0
434243.13779204077,420822.0485366173,1.0
438188.5656027915,420327.3447670266,0.935
446089.9040498933,419319.5335227875,2.0
501350.84594655345,412333.53679813165,0.58
505299.9955624886,411835.8123027412,1.0
513183.4503794348,410794.0743808197,3.37
517126.4056793319,410277.74817128107,5.015000000000001
525014.7671768459,409254.2942731483,3.6475
536853.4925690467,407742.00466886815,4.895
568390.1392469493,403788.02170286514,1.0
572327.7299091698,403272.6636099089,1.0
576266.2550881058,402760.35162288137,4.0
584145.7582716674,401744.8626438668,3.665
592028.7108337693,400741.5592910219,3.985
603851.2615957533,399245.3881693445,0.88
607788.2256279509,398743.36523027904,2.0
615664.7820948594,397748.4276713105,1.975
623544.8370920076,396765.63776734006,5.0
631428.3139250363,395794.9976497153,1.0
666835.9701196752,391254.05159579683,0.675
694370.4846968612,387734.7689991314,1.6524999999999999
698304.4859860336,387232.0134108355,5.0
717972.5841075915,384734.9718610067,1.0
721904.1530526044,384235.99526471086,0.7949999999999999
725836.7575883217,383740.13278788235,1.0
769076.5302841179,378227.3251210172,2.9
780876.4954711124,376715.08484616224,4.875
796579.6958985626,374700.88424323313,4.5525
804420.0204840756,373710.70148667414,3.0
808341.7301843674,373219.9976889128,4.715
835829.7069004353,369756.98676501773,4.8025
201291.8242659786,454487.93684223853,1.0
209216.12795926433,453470.5387090286,2.0
213185.64163612883,452969.7177827535,2.0
217155.7273476806,452472.0662621232,3.855
221126.2464353114,451977.5918870354,1.6524999999999999
225078.22485712316,451452.4500843296,5.0
229030.68146022444,450930.3455178542,5.0
232983.76489658514,450411.49288127664,4.7825
236937.32453416707,449895.67727023363,3.0
240908.71447608626,449382.22357470915,3.86
244880.58695110885,448871.9451935347,1.0
248853.07296081076,448364.7238906566,2.0
252826.04499620612,447860.78885247,5.0
256782.4283468227,447360.96842187736,3.555
260739.28181576738,446864.184473956,4.9475
264696.6838827935,446370.6558662662,5.0
268654.6918306127,445880.15712624975,1.9075
276578.3898870287,444852.52882365044,2.0
280541.1180850136,444343.49570694566,3.9275
284504.42927160236,443837.6129226368,5.0
288463.9824888755,443335.06345312577,5.0
292424.1801872404,442835.54348541517,4.62
296384.96171675355,442339.2783058947,4.0
300346.2524386365,441846.1595398374,1.83
304294.42398306204,441335.9009216828,5.0
320101.53840456356,439318.89471486304,3.0
324061.11216250603,438816.95267191716,2.89
331982.09755459684,437822.3673461778,5.0
351746.1704600189,435336.89252094645,2.9050000000000002
375471.89549626876,432294.9003022248,1.0
399193.5205348383,429268.37575794663,5.0
446598.6161215774,423261.5973524051,2.0
486066.30177008803,418272.9925526632,0.8525
490018.02438079985,417791.0095180599,4.735
509740.35465909296,415261.35927198455,1.87
513683.83720012015,414742.3673483692,1.0
517628.0699107415,414226.44681273866,1.8875
525519.1287892669,413203.71130763926,5.0
529465.8833273391,412697.00808399357,2.0
576753.3314984641,406701.411846485,1.285
580693.9305138752,406199.62040516455,3.93
584635.3849862621,405700.76965177804,3.7875
588577.9327700564,405191.18565003294,5.2924999999999995
592521.2864463632,404684.54213994555,5.0
596465.5126096793,404180.9519179603,4.7195
600410.6775427698,403680.52799659595,5.0
608277.8159801163,402674.2800551113,1.0
631935.039116948,399729.40976026375,4.8425
635858.4737207061,399220.82990348246,1.575
643708.1391150535,398212.7093235636,1.0
647634.3681476691,397713.1697520921,1.0
667334.2139022236,395171.9220504649,2.0
671266.2490193793,394683.51449854486,4.04
675199.1227829567,394198.23311926797,2.0
698801.3387167074,391154.3642409444,4.17
710612.5533398781,389686.72298718896,2.0
777449.523055149,381153.38995974604,4.609999999999999
781378.6112438093,380643.3681147145,1.07
797070.4362799937,378631.1058556931,1.0
800987.2499717337,378134.96015610825,1.0
812761.3228548602,376665.46804122813,1.0
205740.51745761523,457959.42680367455,1.0
209710.2645816286,457448.45767946634,3.8975
213680.53469956323,456940.7786611216,2.0
217651.3201740355,456436.27854741924,2.0
221622.61372615577,455934.84613311477,3.76
225575.70901550312,455409.7550466247,4.8100000000000005
233483.55494184355,454368.91278231796,2.0
237438.30359539663,453853.1615067208,3.61
241410.801169768,453339.78284036927,4.1
245383.84553899482,452829.4706039727,3.815
249357.44145024059,452322.3358904328,4.0
253331.59329675126,451818.489803236,2.73
261247.1567155044,450822.1926676454,4.672499999999999
269164.89207182266,449838.38461310137,2.0
273123.3123939377,449323.3642487833,4.8575
281041.90368699684,448302.6602112381,1.0
285002.07747272897,447797.0877200458,5.0
288962.833588782,447294.66456382535,5.0
292924.166382299,446795.2796200672,4.0
304793.3647399694,445289.3474351261,4.0
308738.766777858,444775.6362687489,4.85
320595.81428681617,443252.39774653874,5.0
328526.66136716236,442251.58631173335,1.8775
332492.975411827,441755.9613796901,0.65
336442.6782392445,441264.04703447036,4.577500000000001
348295.44287133426,439807.0381240044,5.04
368057.72979676374,437274.3887264747,3.9074999999999998
399690.751444025,433206.662679377,2.0
403632.85511651856,432712.6789783258,4.0
407575.6340121304,432221.6810040949,4.7875
415480.00892389525,431220.8922587987,1.0
423404.0127502692,430204.60113072395,4.8675
451056.46650997904,426691.05281359516,1.0
474702.28647864034,423681.8727094885,1.865
482613.2143868257,422703.24667865876,4.1425
486569.7961031844,422218.5304836929,2.985
490527.1220821255,421737.02749186754,0.87
498409.4050309344,420727.8593422752,3.435
510238.67182567855,419209.3264736403,2.0
518128.9938923099,418175.10983079765,1.0
522075.38472178,417662.67367470637,4.0375
529970.6220309018,416646.9252154231,4.87
533919.53523744,416143.7253231276,4.8925
557543.3580204488,413160.7577617569,4.0
569358.5339933598,411640.68654348515,1.799
573298.7129234767,411140.1465581609,1.0
585124.1830139925,409656.86734080315,4.7275
589068.1588954923,409140.76261198055,3.75
593012.9507138757,408627.7155047972,4.695
596958.696194116,408117.7289814465,2.7800000000000002
616631.2785780377,405612.10966102127,3.0
656014.0390374537,400605.60369885433,1.0
659958.3404355375,400088.2108639013,1.0
663903.5927269245,399573.8601716077,3.9050000000000002
671760.3890839326,398608.9173857337,0.11
675690.1012837044,398131.0804256089,4.0
679620.7177979323,397656.14931264985,2.0
691424.2186143373,396082.9613859784,4.62
699297.0543776188,395076.7985437112,5.0
703234.3553651669,394592.1977541121,0.5575
711111.7767498789,393631.8395663295,2.86
722886.277199532,392128.8932184549,1.0
742535.3458403712,389572.2485663248,1.0
762210.6973061025,387063.3231943846,1.0
770087.9861460945,386080.5951261772,1.2475
774028.0982374374,385593.79551771283,1.0
781879.5366684418,384571.631007134,1.0
785806.8112897921,384065.07928119414,2.0
813256.9423658382,380598.76949120406,1.0
821129.0649695616,379636.33709367085,5.0
825050.9797153808,379130.725745691,2.695
828973.9617042094,378628.0801658854,1.0
210232.96789923153,461403.8857587734,3.87
214200.07318451355,460896.51019814424,4.8525
218167.68798969314,460392.2013561446,4.0
222135.8176727543,459891.0702671092,4.83
226090.46965558158,459372.9302796982,4.6025
230045.59716446744,458857.95042763837,3.0
234001.27371902997,458346.23796265107,2.0
237957.555017795,457837.56697878987,4.7525
241926.87076355715,457324.4983873917,4.2975
245896.73373899644,456814.4951636903,4.0
249867.14868339288,456307.6684034141,1.0
253838.11998193365,455804.12921289634,4.0
257796.4536844707,455297.49865117203,4.8225
261755.27622535345,454794.02707712166,4.7
265714.72400464455,454293.7078726953,2.4699999999999998
269674.65846473747,453796.5475260364,5.0
273629.938762906,453281.84064257704,2.0
277585.8049961169,452770.28200186975,2.0
281542.2560937576,452261.8716230029,1.73
289461.2416315279,451254.3134664707,4.0
293423.70125866635,450755.06431489345,4.045
305296.37030657555,449249.5698016044,1.0
309242.9873090229,448736.0133048389,2.6075
313190.1496278739,448225.4757788079,5.0
325061.2852139649,446711.72281902377,4.7075
336937.8893545897,445226.1340482719,5.0
372517.3110962066,440705.1980293263,3.0
384382.7792077013,439180.4772710558,3.0
404139.6321884781,436665.1378255151,4.6775
479161.8535850611,427136.03037104197,3.535
483118.99289162224,426648.581973589,4.46
494973.1525024801,425170.43859201483,3.0
510736.23939060466,423136.4652572172,0.735
514682.2457007486,422625.2794304518,5.0
518629.0632265805,422117.0657046642,5.0
561995.5882259558,416590.7455672724,2.965
565935.2140629037,416091.5721437242,5.0175
569875.6795033098,415595.3492424395,4.859999999999999
577751.0289628225,414584.27642587386,4.72
581690.0218917757,414083.3807500955,4.8725000000000005
585629.8024216038,413585.4297723938,0.745
589574.9757241169,413076.82643486,4.95
593521.0959338973,412571.17789858766,4.0
597468.0216854383,412068.59330787323,5.0
601415.8190903015,411569.1855366677,1.0
605347.5244916842,411058.47752280626,2.0
609280.0479411727,410550.91919690743,5.0
613213.4600364638,410046.4012633972,2.1100000000000003
617147.8317512008,409544.81464802194,0.585
625044.8921873134,408565.41444414854,0.76
644713.9863782469,406084.65418767836,1.0
648638.6478105076,405586.1167220352,3.0
652578.1012008721,405063.08868936636,0.52
656518.5040608433,404543.2121047266,3.1075
660459.7893292749,404026.37417530734,4.884
668331.679449287,403022.1837905096,5.0
676193.5207792261,402050.4561214233,3.485
680125.8413049139,401569.23908610176,1.3525
699804.2207049235,399013.7251086589,3.54
774516.1154893495,389520.351356579,1.0
809837.5129133919,385011.5344119845,1.0
813769.6123166718,384519.34267444443,4.0
210755.31897793437,465359.3526422875,4.0
214719.25794976501,464852.28074440267,4.8525
218683.70688088983,464348.27449384704,5.0
226604.80834580917,463336.37183756195,1.0
230561.47967784794,462828.4611242525,4.7425
234518.67811313452,462323.6016037576,4.0
238476.4144814201,461822.01547739096,4.48
246409.23261180473,460799.67421154026,2.0
250376.46499013592,460293.1555634057,5.08
254344.2541400501,459789.92342368886,2.565
262262.9873786259,458766.01777165104,4.405
266223.2128941843,458258.91793749295,5.11
274136.13950305386,457240.4749099938,1.0
278088.86948345584,456729.3399785515,2.0
282042.1797083982,456221.2411314333,3.6
285996.0741308145,455716.28953806404,1.0
289959.1421163725,455214.1242387444,2.735
293922.78894642805,454715.0087601235,1.835
297887.01830754464,454219.0542867882,0.5175
313695.02414028125,452186.06832822785,5.0
317644.0127201277,451678.82539967727,5.0
321602.21481805434,451174.40948427655,5.0325
333480.5888162056,449679.93159726355,1.0
337432.65697023727,449188.3840677915,3.71
380937.73563196044,443654.8086491609,4.0
384887.46222108,443145.48318171315,4.0
412553.5987125343,439611.90932933055,5.0
452046.99036891497,434576.21879264805,3.0
463891.347134862,433059.5816776641,1.71
483624.00754192966,430593.9902155902,4.69
487583.1196238585,430110.13692414016,1.0
491542.9777424508,429629.3974302979,2.0
495477.6520027466,429110.10111578926,1.0
499413.13058520906,428593.8787153652,4.236
515180.3384593877,426559.7872876134,5.0
562509.3523009161,420530.6350046154,4.9175
566450.2498022685,420038.83174224943,4.9350000000000005
570391.9757918225,419550.09608411323,5.0
578261.4713748703,418525.97281542234,4.0
586134.5041549155,417514.07374098897,4.13
605858.5180331952,415010.46052458975,3.76
609792.5773650015,414496.53644487355,4.71
613727.5396723691,413985.54767236114,4.785
617663.401703713,413477.6058819676,2.0
621608.4886919876,412986.81564141903,5.0
633449.0848882603,411532.8161665527,3.77
641296.7112488011,410521.76348555274,0.675
649147.9117138211,409522.8047747733,1.0
653084.4167296945,409000.334819532,1.88
660960.2846194973,407964.5141190123,2.0
664899.645677485,407451.1645054426,5.0075
668830.8269836832,406954.35125697125,4.4825
672762.9306014992,406460.6772901155,3.7925
676695.9631187094,405969.92085769866,4.0
680629.9159952309,405482.30484148115,2.0
684565.797758,404970.04161276296,1.03
708175.3718416172,401958.4044756228,4.0
731753.6153444008,398969.2512447629,2.69
743553.5540279732,397473.47723381594,2.8275
747480.8316993543,396966.6000691131,1.0
751409.1124841435,396462.83603870776,5.0
755338.4064153207,395961.96355109196,5.0
786790.6457989889,391922.57953649294,1.0
790721.9525697762,391420.47014918644,4.0
794645.5936797062,390920.8554022219,4.93
802495.9015099526,389930.7981175659,1.0
806422.6492357249,389440.13887447957,4.0
810351.3443163489,388938.5826714337,3.875
211277.31739426148,469314.8583894251,4.425
215238.08221644064,468807.9792392906,4.835
219199.3638814814,468304.27577741817,4.9
223161.1612873391,467803.7479267251,4.05
227118.84370177478,467299.7388733728,3.8449999999999998
235035.70483996038,466301.118553102,4.0
242957.8348440342,465294.17024586163,2.0
250885.37880995488,464278.575151965,1.815
254849.98438970945,463775.65021258313,4.705
258809.8063717025,463255.21461967845,3.0
262770.28443172213,462738.05366006494,4.98
270692.908408047,461713.1243793303,4.845
282541.6643853535,460180.5464839842,4.0
286492.416935849,459675.9054913651,4.655
294421.41982507554,458674.89069157466,1.48
298386.83366360515,458179.18767962884,3.185
326060.41279053607,454634.4959943788,1.0
349790.19172550004,451695.3298155824,0.91
353744.4912194031,451167.9441469079,3.5775
357699.4738013997,450643.5867029615,1.0
377485.53636265214,448110.9232837241,3.0
381444.9134374278,447619.4138462795,0.645
389338.83964924765,446604.5862032408,4.865
417021.9227477609,443060.25652277283,0.965
456495.59869199514,438010.6457139058,3.0
464389.34524662234,437003.38277320284,1.0
484128.1891402068,434539.5827655019,0.825
492049.66552295245,433575.7494123252,1.0
495981.3014343455,433049.83758167084,1.82
515677.56153168704,430494.3692960795,1.0
519626.980450441,430000.98115226533,1.0
523577.12121232465,429510.5769996941,3.81
527528.1650986389,429002.4772674814,1.0
543323.5192194654,426980.328189455,1.0
547261.598618608,426466.6361517506,1.8
555140.4293559734,425448.5793653466,0.84
559080.8789890762,424958.0004652906,4.0
563022.2171115039,424470.6061564395,4.3875
566964.3072426014,423986.172829126,1.0
570907.2853573597,423504.8138711173,0.565
574838.702433874,422984.644212489,3.55
578770.9968217277,422467.6402879488,2.0
618177.9903616637,417410.3720603213,3.9725
622120.1064231909,416920.02314145025,4.77
641802.182532408,414457.4024095498,0.61
653589.777391955,412937.66936411895,3.675
657524.2889252651,412418.68474980723,1.92
661459.6833636201,411902.7373016272,2.195
669328.9358817158,410886.71536261775,5.0
673262.6419149227,410386.63069902733,4.39
677197.2849027633,409889.5807971284,4.8725000000000005
685070.0196524097,408890.8096663868,5.0
689007.9921485779,408389.08496162575,3.5725000000000002
704744.7395148465,406383.4052602425,5.0
708675.0924099484,405882.31644961424,3.0
716534.6930475101,404882.1273887437,4.8575
720463.8743219513,404383.1300508678,3.735
732257.6609926213,402897.1272608666,5.0
744060.8372260665,401424.2810400147,5.0
747985.2156515304,400917.8827732131,4.0
751910.6723017801,400414.48930023983,0.95
759764.4750958484,399416.591198788,1.0
763693.96551779,398901.3111197157,4.0
767624.4872588275,398389.14684922807,1.83
775488.5807900113,397373.6091443673,0.8675
779418.2802764275,396863.2261745697,1.0
803005.0533004487,393863.2972667087,3.565
806937.6433088221,393373.7738960646,2.0
818719.5009861549,391858.80580246914,0.8625
211798.962725026,473270.4030593997,2.4675000000000002
215756.5582785881,472763.8279780783,5.0
227632.4441737305,471263.15008711815,3.8425000000000002
239512.96157967873,469791.15290194005,4.2475
243472.72271118712,469279.01553190686,4.0
247433.03236811954,468769.94031443447,5.0
279093.6854125224,464647.2631918164,0.8325
283040.7096950187,464139.78772020247,2.67
286988.3237234999,463635.5685769003,4.0
290953.6703715022,463133.664226423,0.8725
294919.6026020838,462634.9324511606,4.765
310752.6639679618,460617.34603120387,2.0
326559.2164957164,458595.90699571744,3.0
330512.3849136106,458098.438494158,1.0
342375.5844571303,456624.90525401756,2.0
354242.6133139053,455124.09952462185,2.665
366112.5587160479,453540.42790690064,1.91
385894.99428898527,451075.45870890375,2.0
445125.737024158,443487.1005700398,3.0
460946.7342905004,441448.8133609798,1.0
484631.742967362,438485.0253731059,3.0
496484.238249539,436989.64782372396,1.5550000000000002
520124.61949606176,433943.0509988032,3.935
539890.2325311052,431448.18708348647,1.0
547768.4022434484,430404.8372030845,5.0
555649.9319098747,429373.79635243025,3.734
563534.1820214464,428410.6589298295,4.8325
579279.6012055469,426409.5010959562,2.88
583209.8989971295,425888.9699196601,1.0
598990.172255642,423921.68419441115,2.0
622630.7354318979,420853.4273941908,1.0
630511.726742225,419882.7927185111,4.27
638379.6165649196,418896.1339775128,4.92
646234.5809711982,417893.48903073184,4.83
650163.4335657466,417396.66535268445,4.9825
665891.5181548831,415328.6953773508,2.725
669825.9398779565,414819.16246089153,5.0
701319.1718412845,410824.7042726977,5.0
705245.987991295,410314.0572427735,5.0
709173.7106036538,409806.53819932695,4.7275
717032.092905162,408800.56138784904,1.0
720962.7508306273,408302.10487980954,3.0
724894.3854335193,407806.67048270255,1.0
744567.0231028305,405375.1793515142,1.0
760259.0644630534,403369.288040041,2.725
775973.0909865915,401300.425464822,2.0
779904.2287809474,400790.752650531,1.0
787769.7124852175,399780.32180424593,0.8825
795639.284915946,398782.1434400361,1.0
803512.951513194,397796.0007991353,4.9575
807451.3755257695,397307.50382657535,5.05
811375.1497157349,396793.06950612087,2.0
815300.0689027903,396281.6266348772,0.705
819226.0627017636,395773.17176610325,5.0
208332.12471078325,477737.441945388,3.0
216249.00764615985,476721.1828927081,4.5649999999999995
220208.26142679882,476217.8220433062,2.0
224167.9639805465,475717.6453562509,3.505
236050.23831358465,474236.3036127323,1.0
247934.36690505056,472727.78909059986,1.885
251896.38573888372,472222.08419300057,0.4
255858.8891082775,471719.5617332868,1.0
259820.67106620793,471192.42996181734,3.555
263782.9799781689,470668.4796689665,4.8149999999999995
267745.94657943025,470147.59316128585,4.0825
271709.44318104605,469629.99919277057,4.0
275656.46611918486,469116.35272692237,1.05
279604.01369952946,468605.97139113396,2.88
283552.14826514595,468098.74092430156,0.8525
287500.9325387038,467594.5472812811,1.8975
291463.122432441,467092.9677232383,5.0
295425.8937302135,466594.44853772223,4.525
299389.25456214027,466099.21207238827,4.955
303353.199183999,465607.1472210698,1.0
323112.36132944573,463057.72893797606,1.0
342886.64564040536,460573.1853632387,1.0
370586.4614024766,457003.5046087671,4.79
378499.3791567023,456012.1443749601,2.7
390346.8460655803,454507.5164955044,4.0
414083.7280591807,451457.5306239454,1.0
421984.7880494647,450480.22416172083,1.0
425936.3529817289,449996.2611852521,2.0
429888.6064962007,449515.42535205744,1.0
441695.9896379949,447946.0780456206,1.0
453544.8688842843,446418.3254365651,2.8875
473284.92495078937,443904.3102639597,1.8599999999999999
485143.0014791333,442430.62691140175,3.9575
500921.39846899046,440407.3593220506,2.33
504852.95626962016,439881.3742444953,4.0
512735.6367411686,438866.70322087687,1.6524999999999999
544328.9897466829,434876.6639253674,4.9125
567972.7638744614,431867.08426470496,2.0
583710.1958030019,429838.2674659267,1.0
599482.9908046214,427858.83980417065,1.0
615246.2488340805,425817.0003146082,1.0
623126.9456950609,424807.3907002881,2.0
638881.7380460077,422831.49568759464,3.555
650669.6274384285,421333.6131942719,3.91
654601.5773140353,420812.612635497,1.0
662468.4053269164,419779.85738356225,3.0
666403.2122617695,419268.1016668463,5.04
670334.683449955,418759.1359470589,2.3449999999999998
674267.1083074564,418253.0986902835,4.422499999999999
701826.0514997691,414769.0506174695,1.0
725396.6750052902,411754.4789215103,2.0
737197.9058605237,410274.34412747994,2.0
741135.1553033063,409784.7934958348,3.0
756845.2564909089,407791.4991883654,4.59
760771.2572915014,407295.1831842642,4.0
776491.1489039753,405229.21725794114,3.0
780419.4156992764,404720.04424655344,2.0
784348.726998274,404213.87769388594,2.805
811871.7701453409,400726.6034342339,3.615
815798.1485227204,400215.9234592896,3.51
819725.6027401709,399708.23751675524,5.0
208822.05973840068,481694.6537218699,4.775
212781.33779147448,481184.9648081241,5.0625
216741.1427370878,480678.5732359346,5.0
220701.46066852292,480175.25669176225,3.7925
224662.29690213897,479675.1262225285,3.7475
228623.65031950985,479178.1817606352,2.0
232585.51980426692,478684.42324221414,4.925
236547.9042420853,478193.85060712975,4.7225
240510.80252067166,477706.4637989802,4.0
244472.78332380857,477194.4793965807,2.77
252398.41285535254,476180.065092342,5.0
256362.059352773,475677.63514889963,5.0
260324.91809161057,475150.60489972215,4.0
272217.0643421507,473588.5067682201,4.76
276165.18221867207,473074.9834685195,5.0
280113.88945208385,472564.6168293683,1.0
288013.07234511035,471553.46480798535,1.0
291972.10408168763,471052.210125261,1.0
295931.7952453733,470554.2342577046,5.0
299891.9985158327,470059.3206197005,4.515000000000001
307804.5172585548,469051.5464228615,3.87
315709.7813510595,468028.84472128004,2.0
327572.4557515577,466518.6291293213,1.0
363188.8671882311,461977.80468198657,2.9775
367148.8948276662,461467.43737295177,1.0
375053.818563773,460456.60472230986,2.0
379007.28865565715,459955.90443023294,2.0
386907.34439618926,458950.2339422088,4.0
394801.2383649313,457943.28655323945,5.0
426437.14847913355,453943.6383843217,0.785
430390.54196924146,453456.1023039445,1.0
434326.8386974269,452930.23172354605,1.0
438263.8280928506,452407.4679435408,1.0
442201.57783518994,451887.8102856884,4.797499999999999
450096.81739270117,450871.5398897324,3.8575
454054.28547707724,450374.8439649949,4.8975
458012.49223940907,449881.3939144602,0.7825
461971.3667702888,449391.07936302666,1.7850000000000001
485653.5491986849,446376.3027289491,3.73
489609.0220952183,445893.9919639472,5.0
493565.2436957998,445414.8049436547,5.0
513246.3211780069,442815.1601453405,5.0
517198.688235296,442326.80864726845,1.815
529052.0387333316,440852.5856967373,2.765
532999.1267132289,440348.9388552867,4.6475
540895.6994564877,439350.7251803307,3.02
556631.2006406105,437279.56253404263,2.0
623622.1142403294,428761.43492577877,2.0
631509.1316731228,427765.17379550356,2.0
635453.9572794405,427271.6513689589,2.0
643312.54276211,426265.16494669113,5.0
655108.1436185195,424750.33741132077,4.734999999999999
662977.6342286544,423718.8658867711,5.0
666913.8488001555,423207.5964432573,3.85
670842.3754489681,422698.9751375709,5.0
686574.6111153623,420695.5373441968,3.0
698403.1965691666,419225.7724292297,5.0
702331.7572078791,418713.48343477864,1.0
725897.8356509854,415702.265448357,5.0
729824.5989335952,415210.7932832297,2.0
737699.6728076111,414210.05576476734,4.9775
741638.6386635177,413714.18348870706,1.0
761282.2580879428,411221.1710238997,4.0
765212.130369102,410700.9077118682,2.0
780933.3764133286,408649.43000426516,1.0
788787.3611177426,407641.2156590326,2.935
792715.8866428802,407141.5615575295,3.0
796645.4542295828,406644.9154584203,2.62
800575.993594126,406151.2739843754,4.625
808440.3246922055,405173.13939214963,0.705
812367.0762195576,404660.2234252067,5.0
816294.9751220086,404150.3110832758,5.0
820223.9511086224,403643.3989108568,5.0
824153.9338542683,403139.4832420973,4.785
209311.7033090655,485652.01044285484,2.0
217232.9568147129,484635.8879404506,4.925
221194.3369550701,484132.7276409799,5.0
225156.29847269406,483632.64421629533,1.5975
229118.77823806123,483135.7526236214,5.0
237045.14537612745,482151.44081462454,2.0
241009.1732300981,481664.1242486574,4.595
244972.28560024666,481152.2157885544,4.0
252900.1186919853,480138.0854042806,4.8275
256864.83152992217,479635.75219675805,5.0
272724.2591812699,477547.17232785653,3.59
276673.46363202727,477033.77298686,1.0
280623.3269666558,476523.53299383353,3.0
288524.74743044155,475512.432347524,2.86
296437.15135898924,474513.85066155717,3.0
316212.1862942449,471989.81109389104,0.6325
320166.88815437845,471483.4226143658,2.605
339949.2524412711,468978.01117408555,4.0
355784.0929391453,466950.0561600812,3.565
371614.9774369788,464917.56693366915,1.0
375564.4777030453,464407.07433633506,1.0
403212.0911291018,460880.39096960984,5.0
426937.2730450667,457891.0818813313,5.0
430891.7322064031,457396.95827882085,4.905
438767.52633569844,456348.9476245465,3.92
442706.6005402647,455829.6098453477,2.0
446646.366543693,455313.38519362547,3.0
450604.33968915854,454820.89454581495,4.475
454562.97289591556,454331.5447564265,4.905
494068.8706703674,449361.3419127101,4.818
501934.47216933966,448301.80789556354,1.0
517709.82626173407,446275.76139992476,5.0
541397.1496262318,443302.1667013075,2.0
557120.5425603179,441232.61629171856,2.0
561066.3833034975,440729.9675754458,1.892
592582.9300257794,436735.9449852761,2.0
596523.9161980427,436233.07157258596,1.46
659549.2340334875,428171.4706291901,5.0
663485.8203146983,427657.73982791137,2.0
679202.9999561519,425632.01824067533,1.5550000000000002
687073.7868497507,424637.66210388206,4.0
691017.1064930841,424145.19441741426,4.945
710699.2068078349,421643.8089126358,1.0
718553.0470181985,420641.20582356676,2.5675
734260.4265085015,418650.8615898406,5.0
738200.1582405852,418145.7391905021,1.0
750008.5688545294,416640.7847271776,5.0
753935.3649706168,416139.95647271443,1.0
757863.2476099767,415642.04001861904,5.0
765723.421090572,414627.7059300784,5.0
769655.764209922,414111.0681923963,5.0
773589.1521355119,413597.5646379236,3.0
777523.5898243866,413087.0848607654,5.1
781446.1039867861,412579.0207690159,3.0
785369.7383120928,412073.8546589501,1.0
801074.4218501267,410083.3524137195,2.0
805003.1281889053,409593.215182608,3.0
808932.9435239095,409106.09165609255,4.0
812861.2061517553,408593.9377147276,2.0
820720.9056092256,407578.5314204572,3.91
209801.0485094398,489609.401046535,0.8200000000000001
213762.50042184617,489099.8874185318,1.0
217724.4685204082,488593.4604215957,5.0
221686.9581890721,488090.2311013108,4.7375
225649.97445458674,487590.31051504984,4.9575
229613.49769793364,487093.36522335745,4.01
233577.54527391988,486599.7285413407,5.0
237542.1098915605,486109.2892872961,0.8
241507.18462096626,485621.93627568893,3.8725
245471.3517426553,485110.1080888631,5.0
249436.0830178236,484601.58742625825,5.0
253401.36597871446,484096.15199824516,4.0
257367.2106533547,483594.0240640966,2.0
273231.0170676691,481505.77362481784,2.89
277181.36827580107,480992.4959577853,4.8275
281132.3110390353,480482.3864819836,2.5275
285083.8394291124,479975.33408076875,4.915
289035.9620614054,479471.5610925639,5.0
296942.04840821004,478473.7395877307,1.0
304850.4053690417,477488.4834461119,3.0
312758.92391656234,476460.10128345434,3.0
324626.4362360792,474941.45344645996,1.0
328583.61219794874,474441.5707237609,3.805
344416.5093164686,472418.1494755028,1.0
368182.814818412,469394.69608386327,0.835
372128.32380075514,468874.52461250406,1.52
376074.45995520044,468357.4965321189,1.0
380021.3592353579,467843.60856223106,1.0
383968.95205441385,467332.86265403125,1.0
419527.86803092813,462849.55699354876,5.0
423482.0035416793,462342.556778254,4.845
427436.79474299256,461838.59066499677,4.5675
431392.31095740094,461337.7689855611,4.0
439270.5293836098,460290.49551827274,0.7324999999999999
451111.00441393955,458770.4320518058,4.7075
455070.93054411025,458288.4277849896,1.0
459031.5734241706,457809.4586737398,4.0
462992.9331002779,457333.6361891795,4.8
466937.4750854674,456805.5913821319,3.68
478775.8939866768,455240.3999458067,5.0
510311.225508375,451202.8322030185,2.0
514265.28484209895,450712.1943906965,4.0
518220.13079455664,450224.7918724818,3.74
522175.6938168291,449740.5135316234,5.0
530072.2852404934,448753.2099297596,3.0
549751.7020858766,446213.4575310685,4.5375
577336.1591231725,442670.95890748966,0.83
593078.7164664305,440686.39880877733,1.0
624609.6000085594,436669.7723457534,5.0
628555.6648947523,436157.40030868165,2.0
636450.4380152773,435141.6843042057,1.0
640381.9641645803,434637.97302985284,1.91
656118.0365188638,432626.0425671693,1.0
660055.0520421539,432109.8418439487,2.96
675778.1403677049,430074.68734163325,3.0
691516.5323806183,428088.0244482225,4.7825
695462.0562668829,427599.2398694344,1.8475000000000001
703339.9254904231,426602.5075825434,2.0
715139.8095377986,425087.935265257,3.6925
719057.7879683163,424588.34240055736,1.935
730817.5986300319,423107.4561670041,0.545
734758.0654492485,422593.07230508514,1.0
746585.6012648708,421067.9945619358,3.0
754441.181715286,420064.7172538508,5.0
762300.7498245119,419073.4273718903,3.0
770167.2597067368,418038.6799641298,5.0
774102.1246396694,417525.90700618364,3.0
778037.9712927808,417016.16013055015,1.0
781957.6099736304,416508.5940335328,2.505
785878.3688946478,416003.92529040296,5.0
789800.0961541524,415502.36908829864,3.0
801571.5520540609,414015.4061577488,3.845
805497.3835986434,413525.76312773675,3.0
809424.3241751981,413039.13318847585,5.0
813354.0203073659,412527.73746210337,4.0
817284.8661837425,412019.35753772035,5.0
210307.15198082372,493565.82497563586,4.71
214269.70405421226,493056.24533528555,2.0
218232.71167835762,492549.87315018475,3.225
222196.31642851757,492046.8116347194,5.0
230125.00836349162,491050.0803073533,2.975
234090.09361892124,490556.4102568291,4.75
238055.7712828053,490066.0508584939,3.8875
242021.8976300188,489578.8982231617,4.005
245982.87956490467,489067.382312187,5.0
249944.42044809746,488559.0616880981,4.172499999999999
253906.5246740369,488054.04747304413,0.845
257869.17996108034,487552.1173787704,1.0
265802.06359827693,486501.86701173335,2.0
269769.4384205354,485981.542178913,1.0
289546.71103791834,483430.7399318544,2.0
297455.01096091635,482433.10719195846,2.0
301409.9758540675,481939.11045759544,4.6775
305365.5905309918,481448.17405535374,3.265
313276.3432315784,480420.2488385802,1.0
337006.72189308115,477413.0896237418,1.0
372628.3741268061,472838.87853903417,4.7625
376575.7603070397,472322.08715217095,0.98
380523.7737700441,471808.4451305792,1.0
384472.48189132684,471297.9509123899,2.0
388421.94957852835,470790.4919770928,4.0
392372.1123626738,470286.29253039695,4.0
396322.8957719414,469785.1318427371,3.0
416086.8290425216,467299.43049117643,2.965
420037.0675477666,466789.54786267504,3.8
423988.10203870723,466282.8071343126,5.0
427939.79437908693,465779.21070667915,1.78
439773.0046990624,464246.0099899266,4.0
471377.5810059925,460225.24177635275,2.0
479273.08852465724,459185.58066841774,4.6975
483222.14280833193,458691.1767069334,1.0
491122.4035666175,457711.8619961757,4.76
495073.7449815371,457226.8403788563,1.0
522673.6046916215,453669.08556507714,3.8575
546329.7537175441,450663.1564860912,2.0
589656.8859275199,445128.4546039542,1.0
605416.4576830011,443098.9902376281,1.0
640880.0123055577,438573.6704555871,5.0
652684.0702227302,437082.5972137591,1.0
656621.430923814,436564.024740695,3.0
664499.1051742752,435535.86373347696,1.0
672363.3565955025,434519.49911874905,3.0
676288.320089937,434015.6562798284,3.59
680214.1690003722,433514.74379319977,3.945
688082.0227626545,432515.5374202123,2.0
695966.8835825399,431521.94336111564,1.0975
699910.7521453915,431029.8025841331,2.375
707777.1739299572,430012.199196158,0.685
711711.9013058058,429507.9173913738,3.615
715647.5401184009,429006.7940316163,5.0
727408.6144468621,427518.952552937,0.48
751016.0307179583,424488.9926736159,4.47
758876.4222979068,423493.05520196725,4.0
770668.8880304049,421966.0324670449,3.0
786377.1082078582,419933.70965045784,5.0
790300.2509526106,419432.8892846601,5.0
794224.5135614407,418934.97384101246,4.84
798150.1628335048,418433.06725604646,2.785
802076.9346689734,417934.17853597086,2.715
806004.6829482052,417438.41131776385,5.0
809933.4894269989,416945.5482202023,4.8975
206849.87937096518,498035.1355666807,5.0
210812.9353490409,497522.3964918703,2.965
214776.51734207367,497012.86675432324,5.0125
218740.62419586047,496506.5462824339,4.7
222705.25475830387,496003.43500832,1.0
226670.40787940013,495503.5328678321,5.0
230636.08241122495,495006.83980054874,4.795
234602.2772079222,494513.35574979056,4.0
238568.99112569066,494023.0806626305,3.5825
242536.22302277127,493536.0144898882,3.0
246494.01819657223,493024.81101072393,3.0
250452.37273548738,492516.80171270855,4.4975000000000005
254411.28550066246,492011.986581672,4.66
258370.75535533004,491510.36560713314,3.715
270274.2160593084,489940.11855670996,4.0
294011.9181627581,486889.7703062771,1.0
297967.4998023162,486392.74881292693,1.1125
301923.5966751054,485898.79895161,4.8525
309836.48287382274,484892.6491332622,2.0
313793.3146940868,484380.4486492565,4.75
333561.2416908493,481867.78010603134,0.265
341473.5974606228,480857.15669737104,2.0
353358.4669414775,479323.0649583759,2.9475
357312.88985119335,478818.2693744702,4.9325
361267.97214633273,478316.6404693229,2.0
373127.97192011366,476803.17778533883,1.0
381025.58235476294,475773.2319425391,1.22
388925.9759251021,474755.900495464,5.18
396829.27851497894,473751.07102635596,2.0
416598.52091939584,471239.0047362866,3.0
420545.65846280765,470729.49368711095,5.0
424493.5237650759,470223.1245984733,1.0
436332.6647828901,468708.9725064095,4.76
440274.780022486,468201.48162366264,2.0
448161.0983448012,467195.668314714,3.0
456067.5140787113,466202.2244686298,4.85
460021.8329625262,465710.21892957203,4.0
463976.8911172219,465221.3580435142,5.0
467923.8494823948,464694.0012342576,1.855
471871.60957021074,464169.7759872768,4.0
475820.17032568884,463648.68264182005,5.0
495575.06527541886,461145.8013773775,0.95
503448.0973062185,460116.52527475543,2.0
535007.3140983139,456096.1994610252,1.2349999999999999
542896.8395810681,455101.25309370086,4.78
546834.3794216051,454594.5239907168,3.8125
550772.7597428596,454091.00474289525,4.952
554712.0504204883,453590.4741641721,2.0
562593.186110157,452584.8125684522,5.0
570477.980407284,451577.6559581319,4.565
590171.3219681238,449058.0578118013,1.0
598051.9889332723,448038.24656683207,1.0
605936.1563995528,447030.80062193144,1.96
645312.1621696483,442009.9248844702,4.558
668945.7438498087,438966.2323355945,4.835
672871.0764979544,438459.83619726356,0.5
676797.4269054872,437956.6029294515,0.6475
680724.6639791372,437456.3060150305,4.645
688591.1367463241,436451.1820282927,4.715
692530.3900679238,435946.4811175186,0.55
700411.8150705434,434946.1671328675,1.0
704345.9189218545,434436.4224307332,2.6725
708281.006475443,433929.843785272,1.375
716154.1470403596,432925.74264946766,3.605
720074.9432055857,432427.35594598483,5.0
723996.7150732977,431932.1110374853,1.0
739713.5024961017,429926.70422263443,5.0
775098.332917607,425381.56201538164,3.0
779028.4619353905,424872.7919740118,1.0
802581.078678958,421852.93199983984,1.0
810441.4048417485,420851.9453373812,2.0
199427.67318343034,503026.6250744909,1.0
203390.69879984023,502507.6118055396,1.0
207354.2470568635,501991.7026113309,4.645
211318.39168991992,501479.00453442987,3.8
215282.9953041055,500969.5255407756,4.0
219248.1929792405,500463.25763134286,1.0
223213.90919606853,499960.0936076166,5.0875
227180.08723177353,499460.2594262492,3.0
231146.85587141896,498963.6363074435,3.0
235114.07767937944,498470.23168477044,5.0475
239081.88779690012,497980.0381288985,5.0
243050.14877224644,497493.0628605224,1.0125
247004.75579131593,496982.1719642533,4.0
250959.92259084628,496474.4741387414,3.455
254915.64802817334,495969.96937211044,1.8125
274748.70019639307,493381.9703964498,1.0
278702.3730084597,492869.06560709793,4.9675
294522.8604283853,490849.1966778515,5.0
298479.49629887985,490352.21986293234,2.7925
302436.65314212,489858.43154430576,2.54
310351.7321942628,488852.619185471,1.0
314309.696963425,488340.5947295781,5.0
345942.7485405834,484304.9870577082,5.0
349905.53673417633,483793.79983573034,4.6625
353868.9208211566,483285.8005349431,4.8075
357820.1914742704,482781.35391553026,4.0
361772.12185965804,482280.07293111645,3.0
369677.95742717694,481287.00850460585,4.515
381526.7187972558,479738.0818169173,1.0
393381.89150033006,478217.697912951,3.915
397334.9579933358,477717.1870441651,5.0
401288.7854219192,477219.8350344971,3.0
405242.90730913455,476704.852109218,1.0
424998.19807275775,474163.3990042424,1.0
428943.6883131047,473660.5415003784,2.0
432889.9029780141,473160.7142986087,3.9050000000000002
448664.6724859235,471165.87162691914,1.0
460515.953282981,469660.75769194216,4.76
480265.2208483046,467076.04490061663,1.0
488168.8402023259,466064.2731648339,2.0
492121.76142772636,465562.984839255,2.935
496075.53690002277,465064.9470963292,3.0
503951.1113891576,464050.355597998,0.8200000000000001
523667.0392099156,461526.56701000594,2.0
531558.3343207589,460520.8226098055,4.1125
535503.146532804,460019.16794076376,3.0
547338.2065627925,458525.8597986577,1.0
574929.6298172547,455034.21113862656,4.825
590684.8097689619,452987.6341534732,1.95
594625.9503214699,452476.7532262942,2.1
598568.0539979598,451968.9706980055,1.5699999999999998
602511.0533583772,451464.1746510016,1.9475
610386.7279641023,450463.81328777503,2.6774999999999998
614319.5381042258,449968.1205422804,2.0
637937.6285823944,446947.58113584947,1.705
649746.8647755878,445450.4674278321,4.855
665508.1815986636,443414.33668069076,3.68
669451.151046779,442906.1692766566,3.79
673377.7922472192,442400.37496319786,2.0
681234.0691667036,441398.06862398796,1.81
685163.5691365699,440901.4417822594,1.5825
704847.3007010324,438353.51350428816,2.0
720581.785456263,436347.0521191908,2.0
728429.110703499,435360.70808960125,5.0575
763819.2920950332,430852.37706587743,0.85
767743.3629199855,430335.1222389322,4.8125
779521.9019381439,428801.29713922646,1.85
795224.1125063284,426797.4459789274,1.5350000000000001
799153.468192518,426283.15198043454,4.4425
803083.97003673,425771.88847479783,2.0
807015.4720784303,425263.7590800999,4.915
199929.625825062,506983.04630489554,2.0
203893.729630384,506464.0633269204,3.955
207858.35718348937,505948.1902264636,3.58
211823.5140915505,505435.53804049734,3.6975
215789.1991833445,504926.1066973265,1.545
219755.40496129374,504419.78500592336,4.734999999999999
231657.1859226423,502920.3661910007,4.9525
235625.4946193159,502427.03811304085,1.0
243563.68024412083,501450.1545197414,4.0
247515.09762602876,500939.57635803893,2.0
255419.60630969887,499927.8847518498,4.865
259372.7009272568,499426.8824303588,3.5
275253.72619422176,497340.7596603073,2.0
279208.44407176634,496827.98278580233,4.36
283163.7530132592,496318.2859899672,4.285
287119.6617410424,495811.89161784947,4.0
291076.16414111457,495308.6885656519,4.22
295033.25907763507,494808.67688354943,4.0
302949.2857763937,493818.1139674904,0.835
306908.1516230012,493327.67678692937,1.0
310866.54099481634,492812.6407328537,3.0
314825.5621113818,492300.79569782596,3.8
326689.28103949176,490785.00830807164,3.0
346450.35864040174,488267.34581837524,0.805
397840.0658945391,481683.254693741,2.0
350414.2132286761,487756.3758751713,3.9
354378.73313212884,487248.5975756878,3.0
358326.8500248535,486744.49984083883,3.0
362275.62699533935,486243.5666926261,2.0
370175.1596707858,485251.3059809664,2.0
393885.76667103695,482183.3861822458,1.8075
421560.6752152773,478609.5891934866,1.6
437331.60167760006,476605.69657314196,3.0
449167.52665821055,475136.03355049994,3.0
453113.9934879593,474624.7061398383,4.9
480760.15795487276,471021.4395179255,1.5575
547841.0265035141,462457.38424748275,5.0
567562.4319305997,459989.1370739052,3.66
579375.4981113148,458467.11412564386,1.0
583315.2611708988,457947.4438771289,1.0
587255.9228027675,457430.87512922473,4.0
591197.4133297418,456917.4071286814,3.42
595139.8690786475,456407.0428334754,0.825
599083.2203841351,455899.78155150544,1.415
606972.605662593,454894.5700757904,0.895
610901.460671331,454396.2397785494,3.0
614831.2721820835,453900.98911646474,4.425
630560.5523845507,451895.18472190853,0.74
634495.5099865674,451387.5380905997,1.0
646305.93441023,449882.9797456451,1.0
650244.522317117,449387.550240824,3.545
666011.1688038737,447353.87150327023,5.0
677812.3994817678,445838.98442949075,0.8775000000000001
693539.941223959,443805.40624464303,2.6425
705347.5129806403,442270.68966219295,2.0
709285.3514366783,441765.2874412406,2.745
721087.5683167942,440266.7301119603,5.0
732864.1126744417,438794.0055978885,1.0
744653.5864202392,437265.6678312402,2.0
760387.1776339208,435270.2558783777,3.0
780014.1394397538,432729.89107339457,4.6075
803585.6146111293,429690.9365620585,3.545
811453.5181558521,428665.24442504253,1.7349999999999999
204423.6135171433,510446.68285632785,4.6875
208385.01378556294,509931.2333823778,2.0
216309.38916072628,508909.77141019516,2.775
220272.36228122836,508403.75876845047,4.797499999999999
228199.89287048165,507401.5032265056,3.855
232164.07248590828,506898.3701829985,2.945
236128.7860840034,506398.45629540924,4.9725
240094.03249964715,505901.7615225911,4.0
248016.5421787002,504897.57110020705,1.0
251973.83013904985,504389.94980131276,1.0
259890.09325670995,503384.4320086697,2.825
263856.24240056355,502858.3412061222,1.0
267823.0005893413,502335.5790168522,4.0
271790.3560829108,501815.9231803017,4.31
279714.1358821238,500786.8336527478,3.0
283670.4876656021,500277.38246247824,4.0
287627.503454618,499771.12531206384,3.0
291585.0458898888,499268.0681767212,4.0
295538.9584359843,498768.38333277125,4.74
299493.5308896208,498271.8860459542,5.0125
311363.7450278017,496773.59299574606,1.0
315323.87653674313,496261.80065734126,2.6025
319284.57586651045,495753.31891931687,2.0
350922.1197351476,491712.228998824,4.8725
358836.9688706875,490700.8025981495,1.0
362786.631886523,490193.0989581235,5.0
366737.0374335798,489688.67501396034,4.0
437847.0684590313,480547.16264307685,1.0
441792.7664597203,480054.43017569464,5.0
453629.8398729232,478567.46819910593,5.0
457573.9735697507,478059.6720985919,2.94
465464.59613987076,477053.28147517145,5.0
481271.44554176787,474966.95199445076,4.0
548351.5470490458,466402.8592600683,1.0
552297.950409612,465907.76422516536,2.0
560193.1227017676,464926.72129617445,4.455
572004.4827475776,463415.3251013225,3.395
575943.2764260215,462917.73633216973,3.3049999999999997
579883.3734950349,462395.45752453245,4.925
583824.3713282165,461876.28556575533,5.0
591709.0652240333,460847.26420137286,3.0
611402.3714657044,458328.3545823144,5.0
615333.3698833402,457833.632261334,2.9925
623198.1668803958,456853.44482934475,4.0
635004.1199467405,455322.9236818813,1.705
646818.4839025099,453820.08233461063,0.76
662577.0607185933,451803.72186347283,3.0
666517.3687662708,451293.5237831427,2.76
670458.6416330328,450786.300687463,4.635
674387.9441485468,450281.7138733035,4.9399999999999995
682249.4816872128,449281.85577516444,1.0
686181.6499705452,448786.4721074598,1.0
697974.436020539,447234.757765064,1.83
701907.327128056,446723.6846712595,1.0
709784.6905106378,445711.0957141081,1.0
721591.2203777905,444207.5011504395,2.925
737303.0852114626,442204.13102052454,1.0
741234.2619496747,441695.41067321505,4.0
745166.5297960194,441189.74643833004,2.92
753029.7325824373,440187.0236805696,1.885
756960.7226969355,439690.18547825795,5.0
768748.3808668794,438189.4963246677,4.0
796236.0246980165,434661.407637259,2.7475
204953.14963373722,514429.45261444524,1.0
208911.31442933204,513914.31586345285,4.8475
216829.2201791776,512893.4758559186,3.0
224749.22498551907,511885.2874684632,2.0
228710.02268471575,511386.1319521293,0.935
232670.59451808385,510876.41460287105,3.0125
240593.36212195538,509866.41089831945,5.0
244555.56747095988,509366.3467449602,5.0
248517.5981623285,508855.49691295903,4.0
252480.1925688479,508347.8642746927,0.71
268333.56034449604,506293.8211524086,3.8775
276262.4704429738,505258.368378859,1.0
280219.32168683724,504745.8466475997,3.76
288134.8126749663,503730.30029344,2.0
292093.45498785755,503227.3869216312,2.0
296044.18374274834,502728.0289883688,4.9425
299995.50917193363,502231.97144229803,4.7275
303947.42101388366,501738.99202879146,1.0
311860.46257299057,500734.48540294915,3.9050000000000002
315821.63638056855,500222.97139124665,3.3200000000000003
323745.88132116257,499209.55143953953,1.0
335584.5565154854,497673.3446743218,1.0
339532.05499456916,497167.66449635196,0.825
351429.46132140723,495668.1407766631,4.88
355396.5777766787,495174.70557899494,2.175
367248.4185589877,493631.724315254,2.6525
379088.6012783977,492089.84190963954,1.0
390934.7814749804,490562.5679483358,3.1100000000000003
430470.33594932646,485496.7439149348,1.0
438361.74810749927,484488.5891001867,1.7149999999999999
446256.33011729864,483507.0540834293,3.0
473874.6011436382,479948.5434718374,1.0
477827.83992958954,479428.9080302268,4.0
572508.8487188298,467342.6572443992,2.0
580390.3230017704,466323.77199769765,1.0
584332.5475186931,465805.098898801,5.0
588275.7415119698,465289.5402126694,2.65
592219.8354216182,464777.0953405583,4.845
596156.2570391746,464267.5993704628,4.797499999999999
604031.718607134,463257.9104123544,5.0
607970.82511955,462757.7198371766,3.0
623701.928078462,460787.1421115445,1.0
635511.7826792996,459258.39740127884,4.8475
639450.2585448641,458754.9652366573,4.1
643389.6611332928,458254.6272472739,2.2875
647329.9240679431,457757.2708080951,1.7750000000000001
651271.1772221942,457263.122833197,5.0
663085.1829906128,455743.1155121336,3.0
667022.5795151409,455233.1547719417,2.25
670960.8650881418,454726.3883098364,4.9725
682755.629369046,453223.77377367485,0.715
690616.0240335872,452209.3207065379,3.0
698472.9667234294,451178.79788443353,1.0
706342.4069538377,450160.99431123026,1.97
714224.4211000421,449155.73597308714,0.7625
722093.8049999826,448148.2536645457,0.87
753540.0009396332,444112.1680733403,2.0
765327.204271611,442632.15447917767,5.0
773176.2395644181,441604.5253839893,2.7125
804600.7298736172,437558.1281382153,1.0
213392.71700332256,517385.83134788927,1.0
217348.6982206846,516877.3312147744,3.0
221305.20142915228,516371.9372632131,1.0
225262.23194923578,515869.7605562825,3.695
229219.794741521,515370.9121690579,1.0
237134.25993876014,514341.192068886,0.895
241092.3305872429,513831.21210384276,4.025
245050.95632128438,513324.4484567633,2.0
249018.27085198826,512813.4649815047,4.7625
252986.1452668337,512305.60020172596,1.0
260923.5971839503,511299.78241136577,4.855
264883.340332016,510774.3387303343,1.37
268843.6881111276,510252.1102557741,3.0
272804.6393470224,509733.0970222112,5.0
276766.1928675897,509217.2990678251,1.0
284682.5979275026,508195.6104541002,5.0
288641.7299081071,507689.521888718,2.0
292601.395682723,507186.7559935851,1.465
296548.9391568545,506687.7250436796,4.0
300497.0796753821,506191.99337671325,1.0
304445.74338268756,505699.4526053481,4.0
336086.5423551809,501614.5811332837,2.0
359855.3963152983,498613.70159511454,2.0
379594.0846789696,496026.796296604,1.0
383536.20863955445,495514.9585938277,1.0
391435.1636816787,494500.6038445141,4.4175
415186.83624574845,491511.6843689857,1.0
442823.7934132386,487938.24336708523,3.0
446772.6004775723,487449.3369185468,1.0
450722.1327187765,486963.5895706257,1.0
509898.5260494761,479333.39104957785,0.635
576953.5989006906,470773.45765058417,1.0
600597.2827292108,467692.0958787203,1.98
604532.4763595045,467189.23485879134,1.51
616334.8490029039,465699.0625840286,1.0
620269.3615109939,465208.501231038,3.0
636018.4317886197,463193.8460766487,5.08
639958.157521595,462690.9801543085,1.605
643898.8797351061,462191.2162667606,1.9625
663592.320330614,459682.37696243543,4.59
683260.6197592255,457165.77772954665,3.0
687195.4193701854,456671.7505326858,2.0
702897.3528276876,454612.77531971876,0.56
726524.6985240697,451576.5045587504,1.0
746188.8115264145,449037.84421818797,1.4825
750124.8626369885,448536.52876099665,5.0
769752.8634586502,446044.35140661895,1.825
793327.3020526574,443020.045548751,2.92
801182.668139402,442007.7360510193,5.0
809031.1247551958,440979.0183124775,4.5
209962.8461275802,521880.59904192295,1.0
213915.06641505327,521369.3046308132,4.9
217867.8100383908,520861.1153000444,4.745
221821.0760848343,520356.0309845228,4.895
229729.19634003326,519355.6216746252,1.0
233682.53726340656,518832.5138063412,1.0
241590.93160724905,517796.05405556504,4.4575
257465.42110192272,515758.8603728805,3.0
261439.70246945022,515257.4721873719,3.665
265396.24043538596,514732.3522449797,1.26
273311.12518048356,513691.64345478173,2.0
277269.47483291314,513176.1658321712,5.0
281228.426000279,512663.9024002431,4.72
285187.9726452038,512154.74205256626,4.8625
293108.872200881,511146.28658798616,5.0
297053.2334108378,510647.6938531054,3.0
300998.1148821666,510152.17972890195,1.78
304943.66048580495,509659.9610374784,1.0
324744.30048836477,507132.52455670666,2.0
344505.03894720867,504547.96170963533,4.7775
415693.5990161884,495472.2663572496,1.0
443338.21566392534,491880.14580528624,5.0
447288.2027776777,491391.5798455868,3.83
455172.91531119676,490396.3008309351,3.0
466979.7712904491,488885.2717571687,5.0
470933.7880416814,488360.1598919155,1.0
486740.7283087851,486291.2055765707,2.0
534086.0753794038,480247.0868313797,1.0
640465.02786524,466627.19275459927,4.9575
648349.8823742507,465632.0280903755,3.0
664098.323811694,463621.8350447258,3.5549999999999997
668029.6684001877,463112.8965306757,4.0
671961.9785394119,462606.9306046795,4.495
675895.2456673607,462104.1602119403,2.565
687700.6560390858,460614.5786103243,3.325
691621.6608106773,460095.7034518095,3.2975
715220.0834410775,457048.8698044531,1.685
719165.2173755972,456552.23091035057,1.0
750635.589037454,452461.4753134772,2.0
770253.2561971336,449971.96870519966,0.6175
774181.0938190008,449461.0102427583,5.0
778109.9825118518,448953.2135315286,4.0
785970.9337616633,447946.6638733931,5.0
789903.0010823117,447447.8013249375,1.0
805610.7755683438,445425.69145614654,4.0
809532.6204336544,444913.35098736174,1.0
202547.6759906718,526870.4319042945,3.0
210461.0127339459,525837.5259539466,0.745
218372.27781671833,524817.7776399413,4.63
222326.5366719691,524312.8647276787,4.63
226281.38572497206,523811.0586470971,3.0
230236.70072149864,523312.5892475294,0.9
234191.09996379714,522789.5549155511,5.0
242101.54646711462,521753.2631562967,4.0
250026.9496022721,520729.2061354229,5.0
253996.87011967186,520221.5368665764,3.0
257967.3572788406,519717.10892838053,4.9725
261938.41529103296,519216.0334690558,3.71
265896.02008446143,518691.0192709835,1.02
269854.16319236986,518169.22812380455,4.0
273812.91127949464,517650.65676775016,4.6175
277772.33103548817,517135.3021669695,4.99
281732.35341744183,516623.16755652707,1.0
285692.904501406,516114.1447999934,2.0
289654.1239148034,515608.33911090065,3.0125
293615.8793881619,515105.8675864842,3.675
297561.2575188614,514607.31700211205,4.785
313364.76602891076,512616.8221833054,4.8325
333156.993135864,510039.60022267234,1.0
345021.3338504333,508503.10101805907,1.0
348986.3615610141,508011.0439632498,1.0
364824.96716171305,505992.0524342414,1.0
388493.21855546784,502909.3216350982,4.0
392447.3976601873,502404.1591279432,2.8425000000000002
396402.27734558214,501902.184407928,4.4
400357.8587322248,501403.50888687,5.0
443843.6207920131,495836.11484911107,1.7349999999999999
467500.3740758296,492829.485427713,2.0
475402.9247092341,491783.1178256469,1.0
483308.70679065934,490749.41381839383,3.0
503023.47993949277,488219.9253876554,0.745
574016.4343712603,479132.36740268115,2.0
621273.4627483313,473082.5590459658,5.109
629146.7905705095,472078.013260385,4.0
656733.1186947154,468559.48053169716,2.0
660663.6590400984,468051.8524301965,5.0
664595.0849262162,467547.3104354786,2.945
676395.7024060895,466038.4408012843,3.42
699975.888779372,462984.27919622324,0.7125
703901.2513961855,462475.23712874204,4.945
715721.7428260925,460968.07972573396,4.835
719663.9214771894,460471.8026950024,5.0
723595.1791642855,459957.3694468457,3.675
727527.3891982768,459446.0062464066,4.702500000000001
735395.0058177058,458432.5083121285,2.915
743259.3965072448,457402.99444252625,4.0
758974.1212873587,455393.2610456534,1.755
774681.6872129496,453389.55571971834,5.0
778611.9921724645,452882.4918051241,5.0
786471.3826823917,451877.06287514884,1.825
798262.05407201,450391.3497084407,4.0
802187.4289279787,449873.959307679,4.890000000000001
214921.5721760764,529282.6760496804,1.0
218876.3459675265,528774.5927688051,5.0
222831.6506446632,528269.7370710429,4.765
226787.47879304155,527767.9977770234,2.99
230743.8417423438,527269.5970931752,4.635
234699.22312037158,526746.6408152347,4.7575
238655.18194300393,526227.0220756354,4.0
242611.7050305446,525710.5185958361,1.97
246568.79722105633,525197.2414993821,5.0
250534.9296919618,524686.7583733583,3.6999999999999997
254501.63022777266,524179.51541956794,3.8449999999999998
258468.89763004292,523675.51263988577,5.0
262436.73070243245,523174.7500399044,1.0
266395.3260046799,522649.845626479,2.0
278274.74589342903,521094.374660613,1.0
282235.76332930697,520582.3726796601,1.745
286197.3833041388,520073.5964286607,1.0
290159.5998687071,519567.9348064475,0.7825
294122.42146076704,519065.6101851715,4.945
302015.87132312625,518072.12397310045,3.7425
309911.7598626567,517091.3179682754,2.0
313876.5033667955,516577.27699508704,1.0
317841.9490265306,516066.34793929476,0.6775
329723.97558811883,514526.05346690305,3.668
349498.683840891,511959.5937517341,1.0
353460.9587709457,511464.10037584417,1.0
381125.2928443063,507893.21039220225,0.8724999999999999
389008.21344991314,506874.4749202067,4.63
392959.22382219473,506369.6812160872,1.195
420668.9788300544,502869.22239452414,1.0
424616.4688797331,502348.3896346502,5.0
456180.8817164939,498282.6288854154,1.9325
471967.9900930731,496249.2412940338,1.0
479865.9327487204,495210.00314218644,5.0
483816.1490778486,494695.07607606426,3.0
491701.95946734014,493674.63682174124,1.0
511430.43605055555,491178.99736208934,4.95
515378.5393904943,490689.33210205194,2.67
531145.5538002036,488650.92941966746,4.0
558745.1643697581,485120.6453721607,1.0
594217.8656952089,480552.7509469278,2.0
621776.1002074167,477023.1579115996,1.625
641475.6924265777,474499.7656904431,5.0
653287.574655106,472972.6249203533,1.8399999999999999
657226.764092974,472469.8641478643,3.9125
661158.3445030286,471969.82170163374,3.9575
680832.3502331467,469460.2274440406,1.0
704410.6731398613,466393.00258756615,4.9975
708346.9009827821,465888.0393055994,0.84
716222.3525224748,464887.15900373366,4.9575
720161.5648000657,464391.46563727595,4.9725
724093.8183351023,463884.5848221844,4.6875
728027.0782500755,463380.89406375866,2.0
743755.8540337342,461340.08558967337,5.0
755543.0715817,459812.7771725338,3.0
771250.4784304962,457827.58891217597,5.0
775181.063163691,457318.1917454954,5.0
783045.4227586163,456308.36398580763,2.0
790896.893218297,455309.79697198514,2.0
794824.1817258971,454814.9784393897,2.875
802683.5840620125,453806.9462694563,3.8
231250.62510946183,531226.7563947476,4.0
235207.04791477503,530703.8753250381,4.9
239163.96969060242,530184.1189202545,3.755
243121.53661188125,529667.7021436337,4.0
247079.6060214912,529154.5210395092,4.835
251042.51102689502,528644.3543942105,4.915
255005.99008302978,528137.5378962047,3.7825
262934.6428686625,527133.5108005367,4.93
266894.2881044607,526608.7137273615,2.81
270854.4688067726,526087.040014375,4.835
278776.72401103686,525053.4945055228,4.805
282738.79594814626,524541.6229212619,3.9675000000000002
286701.40375331807,524032.98582183756,4.0
298575.95710990805,522527.15882290807,4.0
302524.01704214886,522032.11854123976,4.8925
310421.9883352078,521051.64812470134,0.86
346052.27859805955,516413.55611783545,1.0
365840.6183997991,513891.6707161255,5.0
373755.14723267645,512888.81028404087,1.0
377695.96221533784,512371.7635095222,1.635
381637.4169656683,511858.00754477177,2.0
385579.6407141016,511347.316903715,1.0
389522.49925296195,510839.80621076934,0.8175
393470.4072290759,510335.3796900017,5.0
429072.67646110745,505785.54528831225,1.0
456683.76479988726,502225.7878226405,5.0
476429.341107428,499673.14803156536,3.0
500102.2416665217,496614.2328527551,4.2425
504049.07172622136,496115.5132092396,0.88
523770.0443364978,493613.71022163145,3.76
567126.3997065398,488042.194986552,1.0
653782.903437348,476889.53675603773,0.445
661651.9976886945,475887.7643436091,2.0
673455.5075466039,474428.77709043026,3.9275
677393.3422377493,473906.92637571227,1.0
689212.951597699,472360.1128741717,1.8050000000000002
697063.9315490685,471329.3245693045,0.925
700990.9550331057,470818.49553693365,1.4925000000000002
704918.9707301804,470310.8581410106,3.91
720658.0779259227,468311.2165046362,2.9075
748179.610554517,464754.23007730115,0.92
752109.2119390354,464234.1569258338,5.0
763888.127004327,462754.4697483592,4.0
767816.4473284264,462267.4435887495,5.0
771747.306291325,461755.59130555764,5.0
775679.2957293665,461246.8107196763,5.0
779612.2773741572,460741.0950571848,1.0
783546.3189438551,460238.4488206655,1.0
787468.6424649472,459738.1370880017,0.905
791391.9520750912,459240.8722717166,2.0
795316.3221037004,458746.5479274858,1.0
799241.8072934636,458255.3911705939,1.8399999999999999
803178.5524004311,457740.0275690295,1.0
807116.3319512345,457227.6170626851,2.745
811055.2689140894,456718.3910647612,4.7125
814995.3003755934,456212.23510194477,2.515
200037.44383533258,539264.870999054,5.0
204008.9589746449,538742.74621592,4.7175
207981.01485698798,538223.8883495722,2.955
211953.6168211148,537708.4084563032,1.915
239672.38837102382,534141.4800722282,4.81
243630.91700698392,533625.0432564933,5.0
247590.0228794564,533111.9554068735,4.0425
251549.69884124157,532602.1053873487,4.56
255509.9492568657,532095.604343622,5.0
263432.1459724298,531092.2046490815,1.0
267392.76510709047,530567.5189405298,4.685
271353.9937949267,530046.0702400804,2.0
283241.3201721879,528501.035506906,2.0
287204.9702599932,527992.424173505,1.8475000000000001
291169.22881824063,527487.1612681793,1.0
299082.61779736634,526487.0440989872,1.88
303031.74304989935,525992.1624417286,1.0
306981.3921560631,525500.3823155751,2.6375
310931.7083036683,525011.9207187416,5.0
314898.5049613592,524498.2359153768,1.0
318866.01001096936,523987.78572135046,4.5275
322834.0827084638,523480.4641582519,1.0
334706.43332846067,521923.8138745567,3.7375
338659.23330132023,521402.290793526,1.0
342612.7090913283,520883.9774778923,2.035
366347.6224880968,517841.5136679597,5.0
370305.7283599981,517345.67510720994,4.745
378206.4193301487,516336.2533526337,4.895
401872.4527240243,513302.5832142439,1.0
425629.2761846895,510243.4473907538,1.0
429579.93677111866,509740.31664381176,4.9675
433531.3350304913,509240.483699278,5.0
449292.419923028,507189.4860884035,3.0
457185.9153685074,506169.1286487775,2.0
461142.32066807174,505663.75616639573,1.0
472999.00552564807,504138.73433149327,3.0
484828.54423551954,502586.73521347065,5.0
508509.37098270503,499568.2783626877,0.96
524278.756739765,497563.8196511129,3.0
571568.6948397773,491461.69890934974,1.5225
650344.6024532832,481325.5164737655,2.0
654277.2703248886,480806.64621729683,4.715
662144.6143392734,479805.7913558576,4.0
666079.237578678,479324.02971142624,1.0
670014.7881140573,478845.2631663559,0.84
673951.2613059595,478369.603498742,3.0
677890.6489999655,477841.4693714166,2.61
681831.0489330834,477316.333531416,4.67
685772.456195984,476794.3078022292,5.0
689714.8655315032,476275.50400537346,4.8075
697568.5409579279,475245.9836586658,1.0
701496.8410087358,474735.9060022058,2.7199999999999998
705426.1434543759,474228.8035786003,2.5875
709356.442886397,473724.7882170202,1.5150000000000001
713287.8115679091,473223.75238126516,1.6475
717220.1069753519,472725.80208062846,2.335
721153.3916524452,472231.05203056615,0.985
729022.8655888517,471250.92996706907,2.795
748671.0511447096,468685.0818069428,0.52
752598.056591116,468158.5948806079,2.0
760452.3523438085,467170.61998464726,2.0
768310.6752811449,466194.8134568082,1.76
772242.92338252,465683.68325631786,4.84
776176.2345145334,465175.6270374991,3.6
780110.5453501473,464670.5305869719,0.645
784045.9797755284,464168.62457442284,2.0
799729.7878878948,462187.54250206985,3.8
803672.195669644,461673.1945765279,5.0
807615.7021729739,461161.9278894728,3.0
811560.2447008473,460653.62785827834,3.0
196589.43297701393,543717.2186561227,5.0
200552.5455769634,543220.418428597,3.9925
224344.9024975599,540140.4751111502,1.815
248100.04160150143,537069.4335128414,4.7425
252060.67907140197,536559.6867974214,4.5825
259983.80887711816,535550.1395070888,5.0
263946.1524133949,535050.1234414466,4.9725
267907.80619039235,534525.5604691962,1.0
271869.9978037869,534004.1323053222,1.0
283756.1083202127,532459.709760841,4.6175
287716.54036011646,531951.5432673087,2.95
299588.7312102993,530446.98348781,2.69
307489.6204549216,529460.6461763056,3.5225
311440.92790436023,528972.3581130728,2.0
319368.21304430306,527935.0068794014,1.46
323332.89865834545,527421.1270579481,4.69
327298.16661749524,526910.4857943915,4.79
331250.9421581456,526389.7328488072,1.0
343113.1966626392,524846.5469262516,1.0
347068.35001030035,524331.6544186305,1.0
354980.7503340034,523311.62609053496,2.0
358937.9238089615,522806.381497697,5.0
366853.9043915786,521791.64353825245,3.8925
370812.984545294,521289.153087209,2.0
374772.6728233687,520789.77003832255,4.775
406336.02493637893,516746.88726210967,2.0
410296.7981065087,516227.8399275085,2.0
414258.24889190786,515712.0053565316,3.7575
418220.51184128557,515199.38139240444,1.0
422183.51794557297,514689.9695540145,5.0
426134.57300342165,514183.9613539735,1.0
430086.2985961045,513681.14629237633,4.0
469557.9441811008,508606.86455665994,3.0
473500.5997717014,508083.6063859286,3.0
501122.17645345774,504509.20006736927,1.0
528728.1366294877,501007.12386025395,2.99
532670.359867236,500503.5041677272,4.7875
540548.9193039256,499491.7579740295,1.0
595714.7178664262,492399.3303573523,1.7850000000000001
599663.9740010345,491893.50785288494,2.62
603614.1351759888,491390.83471010067,3.0700000000000003
607565.1297050487,490891.4211705858,4.805
611517.0976844213,490395.0483273063,2.7525
650848.8390734437,485263.42478080094,4.0
658717.6642383564,484229.74497966655,2.0
670526.0588951957,482765.1518745003,4.984999999999999
686275.4705941551,480730.3304614248,1.0
690214.6162526447,480218.88398397993,2.0
694142.2389972262,479703.1554649286,1.0
698070.8584645325,479190.62915871665,1.05
709862.6585189543,477671.26691637374,4.85
713795.2818149758,477170.8891979521,1.0
717728.8281763073,476673.71406826656,1.0
737412.864413417,474206.49548216537,4.4775
741337.7015144278,473678.3940894902,1.0
749190.5527976959,472631.52472637966,2.36
764893.7055006766,470615.89796921425,1.0
768820.8414889756,470123.08679637685,5.0
772754.4041925541,469612.6888814792,3.0
788482.6903968989,467593.80764659215,4.88
796328.1668379956,466590.9627058534,5.0
808123.9656297327,465068.9639263563,5.0
812061.416438079,464560.91486802325,1.0
815999.8875373753,464056.0480484497,5.0
197105.36755336617,547672.6270205621,5.0
201067.32178936363,547176.0021464108,5.0
208997.892384262,546136.4592578402,5.0
212963.98860576673,545621.5844984762,5.0
216930.62378705927,545109.9741201242,4.8625
220889.3572704437,544602.1130347056,4.6575
224848.62593658088,544097.5023900457,4.655
228808.42855783593,543596.1421423294,4.435
232768.76390866778,543098.0322514484,4.605
244648.58166062908,541539.9618508909,2.785
260496.3537674451,539507.8763001813,1.9449999999999998
264459.7213622618,539007.9781420799,4.8525
268422.33385313605,538483.5419372851,4.64
272385.55294317025,537962.2430449333,3.3875
276349.38279044966,537444.1926628929,4.717499999999999
280313.8271902312,536929.5019996678,4.7275
284270.42934021854,536418.4343823055,3.91
288227.6369959925,535910.601650022,3.8575
304045.59525655047,533912.412045572,3.67
307997.3563145404,533421.0741090272,1.0
315909.54959111474,532406.0555057041,4.0
323831.2072749658,531361.8434702652,3.625
327793.03135600314,530844.6450951137,0.805
359442.0547808527,526769.8824021639,5.0
371319.63432837615,525232.4701951006,4.545
414768.12555837363,519651.7461004229,2.0
430591.96511761326,517622.15567802824,3.0
438499.8806268213,516626.8622781886,5.0
442437.65355894575,516106.3582820408,1.0
454255.626973136,514563.87692022696,1.0
474001.50090317574,512028.5503933644,2.885
489784.8495414113,509968.49590309523,0.6
533188.2287062756,504454.5972522376,4.8675
537128.293585449,503940.6556250062,3.0025
564699.3370986126,500375.1247656029,1.715
568646.662323504,499858.6001610635,4.8325
572594.881090314,499345.2332655415,2.525
580494.0630136856,498327.97575261444,3.0
584427.9277761694,497823.90459869243,0.555
592298.3162898412,496824.9380960213,1.0
596234.8339320238,496330.2661640141,1.3
600181.0351168802,495824.89187398925,4.8149999999999995
608076.0839744374,494823.587706428,4.965
612024.9976627624,494327.6603609519,5.0
619875.8186826811,493288.4252532553,5.0
623802.6058150841,492773.36191496346,2.0
651352.0329477529,489201.3085214682,2.915
659223.3573531908,488168.69659846276,0.935
667097.6230830015,487176.56920262706,3.0
674975.6837081352,486196.804450443,3.945
694642.1326456415,483647.1408392824,2.0
706434.800686205,482120.4293216318,1.0
730048.2443387549,479122.9057464022,1.755
733987.7632082477,478624.9139523031,1.7525
753637.781644067,476066.79123181757,2.79
757559.2120000026,475558.38015587814,2.0
765405.2134638135,474550.65474602766,3.0
788998.7281910089,471518.90276123304,1.74
792922.7434080231,471009.7716669487,1.0
800773.9380157345,470000.6968340501,4.665
804701.9657189272,469486.8660107432,2.0
808631.0283604013,468975.9862100417,1.0
812561.2484556814,468468.28890556004,5.0
189700.76022685127,552630.7610511612,4.29
213468.68568826048,549578.3390940344,2.9975
217432.06611405272,549067.0303827589,4.9350000000000005
221391.80216546706,548559.2250116076,1.0
225352.00701403705,548054.6796641331,3.0
229312.74067979382,547553.2792379363,4.0
241195.3366717448,546013.4828598555,1.0
261008.54753849955,543465.767200483,1.04
264972.86314140446,542965.9910912756,4.54
268936.4934471956,542441.6792493714,5.0
272900.66395426984,541920.5136543205,4.455
276865.51386421546,541402.599140632,4.54
280830.9118920736,540888.0531752286,5.0
284784.2876929406,540377.3205683818,3.5875
288738.27421213815,539869.9328342611,4.74
292692.8652278988,539365.7788848234,5.0375
296648.054884709,538864.7476292271,4.945
300599.65744105994,538367.1219929624,4.8100000000000005
304551.85589982796,537872.6123654619,2.0
308504.5905013389,537381.4438158488,1.0
316414.3421248774,536359.9333279505,3.0
344112.4767755723,532772.0804839656,1.0
352027.6211527571,531746.2530474337,1.0
355986.24298943847,531238.2350926753,2.0
359945.53927197936,530733.4448775789,2.0
367864.8857234457,529691.8579757558,1.0
371825.6830924686,529175.8488057358,2.0
375787.1194061716,528663.1807001894,4.79
379732.6778380108,528168.05620836,1.0
439007.0160438367,520568.47937090136,3.4225
442945.85680014157,520048.3078071121,4.0
446885.54423134215,519531.42398307566,1.0
450825.93909663666,519017.60735784844,1.0
454767.1781887247,518507.07923838496,0.615
470556.6846729071,516495.98558006715,1.0
529752.2025493204,508908.439963148,3.0
533705.2102704195,508405.8830084177,1.0
545531.5849686118,506853.88758752216,1.8900000000000001
549475.4925935644,506342.87646589056,4.785
561274.247100709,504807.64991596155,2.03
588879.1559753411,501266.72588564083,0.365
592816.1466658144,500762.4381599268,3.0
596753.9647448967,500261.28871507477,3.54
600697.1094890776,499756.3622277193,4.3675
604641.0915716274,499254.58183501195,5.0
608586.0460933966,498755.9509224165,1.9249999999999998
616458.0700284772,497739.8376005627,4.28
620385.1766527708,497222.32288612984,4.7075
624313.2255323019,496707.81389952544,4.8875
628242.2100998538,496196.53358306084,2.4025
636111.3697611385,495183.6701983623,0.805
640047.3899880004,494681.87246175297,1.0
647918.8411143523,493659.7368709203,2.715
651854.2482046396,493139.28079875093,3.61
655790.6305629059,492621.9468606245,1.0
659728.0517531749,492107.8490601806,1.73
663666.1456941909,491603.87621224485,2.0
667605.2725187446,491102.9183706427,1.0
675486.2609508728,490110.5946208071,0.71
687278.2165906094,488602.3064208543,2.0
695140.9794831618,487591.3279643832,3.335
699072.1466435272,487079.96343722474,1.0
703004.2526263256,486571.58857532963,3.6025
706937.423958607,486066.4319231976,1.0
714806.694087142,485065.5424613431,4.855
730559.1628120021,483059.03208970744,1.9475
734500.2648978404,482554.8383931285,2.88
758074.6635472649,479506.0110203251,1.0
765915.4889100883,478485.50478272326,4.7975
769837.4864988758,477979.80077937245,2.7199999999999998
789513.6261554288,475444.2119326256,1.0
805214.8249211316,473393.83749288786,3.0
809136.731724628,472883.3192573264,0.825
182293.12331343762,557588.0732725989,4.6275
186260.13412974082,557091.9662817875,5.0
190218.32366668794,556585.8991212491,5.0
202095.90284955897,555087.3897959571,1.0
213973.04541757808,553535.0196100101,2.0
217933.1696958525,553024.0127659012,2.99
221893.83255086426,552516.2678204114,5.0
225855.02644990414,552011.6736009484,1.0
229816.7566210531,551510.3411920862,3.3499999999999996
273415.3199925758,545878.7218737435,4.3725000000000005
277381.11412797065,545360.9471310945,5.0
281347.5250195067,544846.5435635997,3.87
285297.67798900336,544336.2572032576,4.795
289248.4322247178,543829.0922255972,4.7075
293199.79624987714,543325.2710168995,4.84
297151.76393744757,542824.682492815,5.0
301104.3295267463,542327.215566298,4.0
305057.55960322433,541832.8676048554,4.0
309011.32693383633,541341.8664939906,4.825
312965.69327917765,540854.0983941564,1.0
336695.00777112704,537717.4501471482,4.9350000000000005
340652.8509037596,537224.5184592512,1.0
344611.32891597296,536734.8201096132,4.0
348569.5760079161,536220.5603140863,2.76
352528.5010419562,535709.5335961143,2.0
364408.6256974291,534168.0558213666,2.4299999999999997
368369.4546206206,533642.1686212281,3.69
376293.3986311286,532600.0912711527,4.8625
407882.32183801127,528563.9351418773,3.9625
411833.6054599053,528045.9133820366,2.7824999999999998
435556.95205109555,525005.7237091418,1.0
439513.43822178646,524510.2774816798,4.8100000000000005
443453.4061888405,523990.43821676075,4.5625
522348.70355828997,513873.0613085972,1.0
526305.393092765,513364.5996044185,3.87
534221.305446196,512357.1389599154,1.0
538163.7659244894,511830.2095758412,2.67
542107.1088054037,511306.44558402244,0.76
549996.4384660379,510268.30449335836,1.835
553925.4378755208,509753.85296839196,0.76
565717.6092951266,508229.34000917897,1.0
569667.0907005186,507727.69267731253,0.505
577568.6749474428,506733.79523162637,1.9649999999999999
601212.1987425168,503687.8075955352,0.545
609095.017822118,502688.39949906804,4.885
620893.5262044648,501156.306533264,2.8725
636616.0819751873,499119.78145596944,2.67
652355.3477427777,497077.33725824207,4.115
656292.9913690549,496560.7031557597,3.03
664171.2070356312,495536.71061545424,1.0
672053.2397995694,494525.458062469,2.0
675995.7492583807,494024.47394778486,1.0
679922.1824007567,493526.00043679867,1.0
683849.5764013357,493030.7435646942,1.0
695638.6509590102,491535.48893939797,1.0
699571.111471563,491024.7629576372,2.0
703504.5074989186,490517.14379122946,1.87
711374.3114437129,489511.1256007543,1.0
719248.1086513689,488517.7760534324,2.855
735011.6526209089,486484.74737161957,2.65
738955.4439728381,485977.36102660093,3.505
742883.1929939026,485472.25409327075,1.0
750741.7921329417,484471.2031110767,1.0
758588.8685088247,483453.9584022723,5.0
762506.1637171292,482935.7242805958,2.6825
786100.7445409427,479894.06957970187,4.665
790027.1224269383,479369.4966834504,4.915
793954.603209819,478847.99903338216,1.0
805726.5381399276,477300.9116837345,2.0
174868.95986420754,562562.9481702698,1.835
178836.12680011737,562063.8537003351,5.0
182803.83256153174,561567.927909269,4.915
186771.95597458322,561075.4017720381,5.0
190730.65945168666,560562.472078817,4.7275
194689.8025170107,560052.7045306461,1.0
206569.19762219506,558522.56046589,4.9825
210529.15762104728,558005.0878037941,4.8025
214489.7336784302,557490.9899282511,2.74
218450.77665432286,556980.0525521329,2.0
222412.35927877657,556472.3827200672,3.765
226374.54136987135,555967.8654522654,4.64
230337.2669924331,555466.7268867102,4.0
234300.455056894,554968.7484259708,5.0
238258.51085271878,554446.7015238041,4.0
258065.83810634207,551884.3829160826,5.055
277883.65224637114,549320.0334850317,1.0
281846.81819091196,548805.9538806397,4.7325
285802.17009041517,548295.6166152619,4.71
289758.12988070375,547788.5244977316,4.8475
293714.6916091797,547284.5664383555,4.4625
297671.8635965858,546783.9648336917,1.0
301625.1664591193,546279.6650446374,5.0
305579.0877529053,545778.7148436615,3.7575000000000003
309533.54979298287,545280.8946402185,3.9825
313488.69084629894,544786.3103453415,4.67
317438.627657244,544253.5468898639,3.935
321389.16940908437,543723.9055883177,4.755
325340.45412595297,543197.4927344527,3.955
329292.41701404157,542674.4221872799,4.0
333250.0192376105,542175.2268104888,5.0
337208.19230310654,541679.2725440711,4.805
341167.00250520103,541186.5571562825,5.0
345126.51616380876,540697.078639606,2.0
349085.8017884197,540183.0443016822,5.0
353045.6989363661,539672.2508799946,4.9125
372840.6492476667,537083.808315848,3.0
376799.7692814619,536564.7496572519,4.0
380747.4789918271,536070.136823209,4.0
384695.86376389646,535578.6256197346,4.0
396544.0574619826,534081.8994853189,3.0
404445.26509604807,533044.5149234021,4.95
408396.9446325094,532530.6991827404,4.72
412345.04033408756,532013.0562607078,3.73
416293.81721292,531498.7329288889,2.6025
440019.1438482277,528452.0341930101,4.855
483413.1862987839,522829.51364472136,3.8449999999999998
522856.46005861956,517795.3490549689,4.265000000000001
526810.045319579,517287.19080448244,1.9800000000000002
530764.4748426111,516782.3339278493,3.8025
534719.7488082988,516280.5564792147,3.0
538663.2743023108,515760.96428116877,2.5324999999999998
542607.7401579128,515244.5438038213,3.76
558360.3902623683,513196.38992074225,2.0
562292.2549236806,512688.69493932277,3.84
566224.9927981275,512184.1468114285,4.3025
589892.4559756261,509140.5149888266,1.0
593831.8790608085,508630.25320334826,0.955
625331.3432168276,504577.0868513966,1.0
633195.0494681324,503559.8949871296,5.055
641062.5070290884,502555.33586389665,5.0
644997.6085808873,502057.6967895711,2.0
648934.5544591169,501535.3979773177,2.08
668625.1629322602,498970.3952630004,1.0
672563.6722439432,498466.7493902277,3.685
676503.1527948664,497966.2339522671,5.109999999999999
684360.0547732428,496959.8597746743,0.865
700087.1256672677,494942.55194914434,1.0
719757.7253967801,492438.34331174195,2.0
747309.3029693449,488894.4890260622,3.0
766928.4068179699,486348.36144133843,2.865
778723.8480481415,484824.95148267224,4.0
790528.2705896564,483301.2507459987,2.0
802311.6431342808,481747.8813856868,1.0
806224.5121414752,481235.1936257081,1.625
179345.3885609695,566040.3913605018,2.0
199162.47997090203,563509.2210028563,3.0
203123.19060331624,562999.145532243,4.605
207083.5815316307,562478.4543371815,3.0
215005.99569592508,561446.8922146494,4.825
218968.01640046778,560936.0211890126,5.0
222930.57783589704,560428.4234611681,3.642
226893.67874184612,559924.0989912665,1.905
230857.31786006503,559423.0477431612,2.0
234821.49393440736,558925.2696844228,2.85
238776.29021470228,558403.4353279565,3.0
242731.66550947024,557884.8592302212,4.34
246687.61856613355,557369.5413960209,5.0
250644.1481342594,556857.4818338109,4.7275
254609.67011823598,556348.253602678,2.43
258575.76748113846,555842.2975148829,4.8675
262542.44442513963,555339.7247375296,4.63
266509.68870092934,554840.312998902,1.0
282345.67650632194,552765.5229899883,4.9350000000000005
286306.20703513257,552255.0251377979,3.795
290267.3474403362,551747.7850507544,3.665
294229.1012055354,551243.9139648452,4.7475
298191.4575619669,550743.1896352582,4.88
302145.4272344472,550232.1716119647,3.435
306100.02327905066,549724.3974830098,4.825
310055.31188583816,549219.8647082085,4.9350000000000005
314011.15700331476,548718.5787301473,5.0
317958.1530604043,548193.0605887743,4.0
321905.8187955548,547670.8834721847,5.0
325854.14473332814,547151.8251771769,5.0
329803.13382852473,546635.9970185086,3.0
333761.6925059874,546137.0073315576,4.3100000000000005
337720.89060530334,545641.2621704023,4.0
341680.7232856926,545148.6504988624,4.825
345641.1966780985,544659.3948195335,3.0
349601.4449132093,544145.5888309227,1.0
353562.3058325083,543635.0294374544,2.0
357523.91317799257,543127.7126959097,4.0
361486.1982600193,542623.6408815989,1.0
369394.4230665263,541569.982003334,5.0
377305.523322341,540529.3593444731,2.755
397054.4419731184,538027.063222942,1.7850000000000001
408910.95403947076,536497.5300151082,0.755
416801.4500415455,535466.4313715734,3.89
507595.39287624543,523738.5791043192,4.0
511534.0150563821,523231.98357671965,5.0
515473.4624061584,522728.6729489956,4.89
519413.7344123604,522228.42524715513,4.7275
523363.36717090843,521717.4926194418,5.0
527313.8456375066,521209.8599162344,4.995
531265.1698319643,520705.3051886279,2.91
535217.3372922225,520204.0512883477,4.9399999999999995
539161.9849523577,519691.9086627355,4.3825
543107.4959936533,519182.83181410935,3.8449999999999998
586449.5889659466,513583.22540841065,0.805
598271.5540530375,512054.08543578535,4.6125
602214.0065542258,511550.6495767357,5.0
610101.498329121,510553.25051917695,1.0
625838.8456169135,508511.6851401916,4.0
629771.4330054239,508002.08526756894,4.77
637639.42614408,506992.40435619187,5.0
641574.8295875695,506492.32451259997,4.38
645511.1738004838,505995.2709765155,1.0
657328.4923458674,504439.44993306324,1.0
661269.5577375586,503927.0491111921,1.7850000000000001
673073.0076033336,502408.13017499447,5.0
677009.4577452345,501908.0828925166,3.0
680938.8792665643,501396.9574023653,2.0
692733.1391391006,499882.40346313175,4.0
712404.32178548,497350.4110232964,2.0
728133.3997691942,495352.03185427375,4.0024999999999995
732069.1543177499,494839.3773057535,1.9100000000000001
739943.7868672174,493823.3009560853,1.0
743874.1311515179,493319.57066100463,2.9274999999999998
747805.5099562611,492818.9434253825,2.0
751737.8483887762,492321.5276522748,1.0
787103.4188215104,487756.41930660047,1.0
791028.2288174345,487233.10010169167,2.0
794954.0747425077,486712.8574291626,5.0
187794.72226422926,569042.4835863551,1.0
195714.458824002,567992.249463019,2.925
203636.34676468244,566955.1338001378,2.9725
215521.97879401327,565402.940826891,2.0
219484.90144826332,564892.1409826139,2.66
231376.98240641213,563379.4111874849,4.0
235342.1319312569,562881.7232512599,4.0
239293.6733159017,562360.2127283085,4.605
243245.78822111397,561841.848100421,4.742
247198.4872996331,561326.8516504839,4.995
251151.76329681298,560815.1122525036,5.0
255118.2695885583,560306.0999532407,4.6875
259085.27933474575,559800.2577742338,4.7425
263052.8697268553,559297.8045626115,5.0
267021.0958153034,558798.5148039525,4.0
270975.9251171246,558275.3143286025,2.0
294743.0198582895,555203.2024705093,1.0
298710.5500008368,554702.4680955997,5.0
302665.174359831,554184.6213732772,4.855
306620.50949834124,553670.1324875681,5.0
310576.4822125257,553158.8931848723,2.0
314533.0196430099,552650.794988337,4.825
318477.0769211434,552132.6333741061,4.935
322421.8601336549,551617.8093232503,4.885
326367.2250642594,551106.1056224685,5.0
334272.74881206395,550098.8477480998,3.975
362004.1982753399,546587.0765829738,1.0
377810.6658618959,544494.1427142015,3.715
381759.99725161085,543986.1491583157,4.0
393612.3319599268,542481.2879351154,4.74
397564.2409593113,541972.2912448784,2.0
417308.4001219701,539434.3088011434,5.0
425195.4989044096,538416.7873400254,1.0
500219.9327352096,528695.0200729184,5.0
504162.23068054114,528196.3845815901,5.0
508101.1063155623,527680.1328734327,4.9125
512040.8885481837,527167.0603776136,4.705
515981.508560911,526657.1674680505,2.0
519922.89750963286,526150.4543036483,4.37
523869.42219503387,525639.9367244244,5.0
527816.7934480413,525132.6068632333,4.45
539659.7642918387,523622.70796445943,3.9925
583004.3554016161,518028.2808358697,3.0
586944.3650942744,517512.716408669,2.54
594827.0558892204,516491.0731124282,2.0
602713.3916633383,515482.08242248185,1.0
610603.2932573822,514485.85843847506,1.0
614549.606053716,513992.4385682689,5.0
626345.3265376257,512446.48070803843,0.71
630279.1436175077,511937.44322081376,4.6625
642086.1715165589,510429.29214654956,3.0
646023.7501428239,509932.82473482285,4.0
653903.3254621008,508893.73076987546,3.055
657844.6514296896,508378.9043548405,1.4425
661786.8882300977,507867.2222542837,3.485
665717.388615157,507358.25847372133,1.41
673581.2451731329,506349.6002258668,1.0
677514.6674194713,505849.90940791275,1.865
681445.6058662964,505332.51545550674,3.9425
689310.485899374,504307.0997098861,0.07500000000000001
701115.8069256151,502778.29673642386,2.73
708991.1498196119,501770.02085375227,2.0
712917.5898049988,501270.1918616872,2.955
724702.9892620933,499789.14338624105,0.69
744367.8323122459,497243.4172002217,2.0
748300.457851951,496743.59436502494,2.365
767932.548875557,494204.4661465585,5.0
771855.9074556518,493694.4421297405,5.0
775791.0456584683,493188.1045144694,1.0
779727.2536588919,492684.8729194412,1.0
783664.5304645058,492184.7481365325,1.0
791526.8596622077,491165.03642843943,0.845
795451.9491612059,490645.42511866894,2.0
176392.46915386833,574482.062674827,4.345
180363.06322020508,573993.3389145769,5.045
184334.12932807964,573508.0280730324,3.6225
196226.3124437593,571961.9632903356,1.0
200187.46914917615,571434.9185350044,1.0
204149.1681403757,570911.0475892117,2.0
212074.20222632226,569873.0491269017,4.0
239810.6597251377,566317.0337763587,2.7525
243759.52457721808,565799.1030441895,5.0
247708.96219897503,565284.3169844942,4.57
251658.9830496379,564772.897891325,4.495
255626.39222904542,564263.9946073787,5.0
259594.37323154614,563758.2637402099,4.7325
275435.84118770895,561714.2738092188,4.68
279388.64484312036,561197.8002783144,3.98
283342.06680928543,560684.6931167534,5.0
287312.9185563004,560174.1008284055,3.0
291284.3789878142,559666.6804283205,4.405
295256.456538736,559162.6543165026,3.12
307140.48290167516,557616.0337603483,5.0
311097.12776472163,557097.9774539843,5.0
315054.42159502185,556583.1763231084,4.4350000000000005
318995.5377185354,556072.3713903455,4.945
322937.29719362565,555564.7943221731,4.0
326879.76214986213,555060.3316670498,5.0
330822.80475850427,554559.2107827691,0.9225
366468.84031667735,550022.697974937,3.0
374365.7126546252,548976.9582493361,1.0
417814.593766075,543402.032757273,2.0
421754.54692170443,542892.1572092101,2.0
433612.05862516887,541325.2498125853,2.7625
461261.0816448712,537717.723237182,4.0
473107.83632740425,536220.1676206868,2.0
496788.52984696964,533144.2511311546,5.0275
500726.88108801,532642.7267360305,5.0
536209.9480647014,528051.1612549461,2.0
559870.154990839,525058.6431910442,2.0
571679.1027887238,523521.5512302397,1.0
611104.0366044769,518418.43749061413,1.55
618983.6835582681,517407.64378061984,4.725
622916.829678772,516892.98716571555,4.9399999999999995
646535.1943674795,513870.5762162814,2.0
654417.1617921556,512832.7821493037,2.0
674088.3842495359,510291.15935117286,0.88
681951.1582566372,509268.16000125837,4.97
685884.6208777175,508747.6279803021,3.4050000000000002
701628.39990785,506696.3604866117,1.0
721279.6772639321,504200.5937659098,1.75
748794.2253739182,500668.22273136675,1.0
752729.1988274225,500172.2127514351,2.2475
764509.1816712242,498645.1542724129,2.675
768432.7454346584,498132.6529758917,2.0
776291.7286044256,497117.63861912396,1.0
780227.0860346009,496615.02587662265,3.925
784163.5810950117,496115.5264771478,3.0
176904.87983180402,578437.3711002171,2.1875
180874.26874580333,577948.9188529849,4.5275
184844.18273717078,577463.6551039722,2.0
188814.50103471597,576981.8107880102,2.945
196737.85385619628,575931.7121772673,2.7800000000000002
236365.4359763849,570795.6798764663,1.0
240318.85537626574,570274.3510857746,5.0
244272.85052158905,569756.1795549951,4.325
248227.43203333204,569241.3875733474,4.47
252182.5926495992,568729.8640179913,4.36
256146.73312012802,568221.2951784069,3.08
271995.16505101736,566192.3156402111,2.77
279902.0664461788,565156.6116710147,5.0
283856.4055350432,564643.6525210673,4.795
287823.99425363366,564133.3985914504,4.8375
291792.192041546,563626.3153299475,4.547499999999999
311601.31776211696,561058.6707466664,5.0
335305.6820482834,558015.0415172027,4.055
351139.6461182446,556006.0358787915,0.69
363020.6786886342,554486.5956594441,1.0
374868.4200128798,552934.719693359,4.835
378819.10594537214,552423.8969597975,3.0
422269.0937760815,546832.4334784839,4.0
434121.5137088114,545280.5234012688,1.0
505185.9202825946,536092.8159399638,5.005
516999.12041707325,534535.1991797416,1.0
536721.665703288,532002.8149264427,1.0
619485.8381814203,521341.5053329151,1.0
627355.2975654908,520316.33129475266,0.6
654921.4413895607,516771.5435332246,5.0
662801.3018072719,515747.1653501466,2.0
666729.9394919774,515239.2700899532,1.5
682455.4070775753,513211.0105368411,2.8674999999999997
690325.7125211125,512174.2282559341,1.03
702138.6389070328,510642.30237829406,1.0
710018.9928215607,509636.78869715054,4.575
713944.0205578038,509131.112207382,1.0125
729655.0991047028,507118.5454398403,1.6724999999999999
737518.3316833058,506099.5693945205,3.0
749312.3277226951,504594.2326174984,1.0
768948.8074475734,502061.8638524432,1.56
772874.7670193601,501553.31213689037,5.0
776808.5242846665,501043.66817941796,5.0
784679.1491695512,500033.48544668127,1.0
189323.05544156412,580937.7470219415,4.0
197249.089668933,579901.6072952738,1.9224999999999999
209141.25869220158,578358.067980024,4.415
213105.8242279474,577840.7767304471,2.0
221036.6039156142,576816.193671356,1.805
224993.63664441282,576295.4902123259,1.0
236868.12280081317,574753.0691963099,1.0
240826.6613441598,574231.5996437967,4.0
244785.78333822885,573713.4111008439,5.0
248745.4933035811,573198.6147232242,3.795
252705.77825905153,572686.9882447785,5.0
256666.64282174848,572178.6428265423,4.5575
272506.1667414588,570150.6801888281,2.54
276460.2551298521,569631.4448006004,1.0
284370.26998071454,568602.5513761202,1.0
288334.5942683164,568092.6358762607,5.0
292299.5327992842,567586.0009824838,2.0
296265.14677922864,567082.5327741904,3.8975
304188.55726776493,566058.2160043195,0.9175
308146.4581644997,565537.2389531396,4.0
312104.9399944237,565019.4198160898,4.5225
316064.1446371021,564504.9757693121,5.0
320015.59825579566,563994.1118363068,1.0
347692.14705196593,560453.7862993274,3.0
371419.46823997394,557399.3440919258,5.07
379322.40246615827,556388.8678452699,1.0
407001.9346724554,552815.8116438538,2.7125
422782.9351776615,550772.6682445789,3.0975
426725.7813638933,550266.5275886934,2.0
458327.5328924432,546166.2335049724,4.6425
462276.8679479569,545647.3768692119,4.89
466227.0065969743,545131.7393106045,1.0
505704.9480666465,540041.1028596163,3.9425
525390.6304610799,537463.0486544883,4.535
533284.3587501862,536454.0722348643,0.575
541181.5911387217,535444.1039646277,1.0
564844.1820179584,532406.9473981587,1.0
568782.6414135803,531904.8464125702,1.0
612110.8379534755,526298.164940957,3.0
619986.9886304439,525275.4515075516,1.0
623922.4122209824,524761.8953516679,4.202500000000001
627858.7862272495,524251.38602552656,0.945
639673.5833812577,522738.8122162381,5.0
643613.8049416335,522240.94303453434,2.765
663298.4144506075,519686.8197180163,3.0
667228.283056875,519179.5260592466,2.0
671159.127798571,518675.3707446875,2.5
675090.8837380362,518174.24083726853,4.7325
698707.9154376015,515095.2617180357,1.0
722313.3032197738,512057.5924377749,1.0
726242.9063233135,511554.9452018989,2.0
730174.1884261861,511041.4161632685,4.085
757688.267248009,507533.33256039955,2.0
761612.3290508918,507016.212258813,1.455
769463.6136597234,505991.16937145405,2.315
773390.8964773379,505483.3631666107,1.0
777324.0588693856,504969.6816217806,3.0
781258.2458001776,504458.9993328033,4.605
785193.579781975,503951.5470828349,4.91
193795.3697297483,584380.977714126,4.99
197760.01247394492,583871.5375905093,4.695
201725.16740719578,583365.2893471727,1.0
209655.71217807598,582342.037133514,1.0
213621.1206188689,581824.8097820682,4.814
217587.1515157388,581310.9913469367,1.0
221553.65638943115,580800.3674833216,2.0
225506.98742949817,580272.9804570843,1.0
233415.3809592416,579228.0464478992,1.625
249263.12816035756,577155.6650556941,3.34
261144.29249479843,575631.3067058809,3.901
265103.0361133608,575129.74453115,2.89
269062.3614205237,574631.5734090451,1.0
273016.7239828104,574109.0929888906,4.7
288844.7230377375,572051.9238807848,3.695
292806.4631316996,571545.6233701473,2.0
296768.7494681485,571042.6052662842,4.895
300731.6478828024,570542.8667139737,4.22
304689.8008157487,570018.7872469425,4.8925
308648.6713133578,569497.8659318546,4.91
312608.13276885834,568980.3306226525,5.0
316568.24653455865,568466.0675576869,0.6
320524.8478979919,567955.2319456022,4.0
324482.0983096842,567447.6619851645,5.0
328439.99651252385,566943.3578165406,4.8125
332398.54125149304,566442.3195835361,2.0
340299.3891120518,565408.9048609128,2.9699999999999998
348202.93973051023,564388.4986221027,5.0
352155.51250838616,563876.2250952246,5.0
364017.32630692254,562358.920417984,4.0
367968.2657192095,561852.7672472633,4.9175
431188.64570243383,553697.6043755459,2.0
506223.1237823771,543989.4694488784,2.5575
518017.5059732775,542434.2435699273,1.0
521950.6678985475,541922.1997610973,0.725
533793.1817189662,540405.4327858053,1.0
569301.7149432556,535832.8114070026,1.78
604738.0955475434,531272.5065091318,0.575
608674.9655349684,530753.7194685051,0.75
612612.7787439754,530238.1006191624,2.8475
632299.6380824661,527679.6252296707,0.82
659860.2087172767,524136.3713113526,3.0
671657.5462229252,522616.43008035235,4.655
679524.5428224391,521618.768500532,2.2875
699214.6864506504,519040.6215896066,2.0
703155.7984662638,518534.4646633519,2.7475
718898.1369081341,516498.2628945876,5.0
722828.3049925782,515986.17448037677,0.655
726759.5087901861,515477.2143629631,1.8
730692.0035821723,514964.48892416805,1.86
742495.8244132485,513444.9871943835,1.0
746419.7807241161,512944.25896399,1.0
754270.8770627568,511952.03352025896,1.0
766049.7073818787,510430.74471381865,2.8425000000000002
769977.1633048977,509920.56924725603,3.89
773905.7610516804,509413.5090164952,2.5
777838.3253635516,508895.78977751266,5.0
781771.983945775,508381.18757758476,4.46
785706.6612946468,507869.810398208,4.915
194304.6840632551,588343.7901463741,2.7525
214136.06232685206,585808.7705376735,1.0
222070.33738155186,584784.4707198888,1.0
233920.99639230268,583192.2057999866,5.0
245810.45015832447,581628.0060774377,0.82
265615.53694383387,579087.8523365799,4.72
269571.59024484106,578590.0122763226,0.81
273526.9138383102,578067.7732330691,1.0
277482.852217166,577548.7008646801,2.8875
289354.3849779021,576011.3738051532,4.2675
293312.8531023577,575505.2994750533,5.0
297271.8727677986,575002.6174769029,4.03
301231.5048788008,574503.2138011204,4.915
305190.6223719246,573979.2962986799,3.0
309150.3914380941,573458.5453682952,5.0
313110.75262917555,572941.1860838272,1.0
317071.8343311886,572427.1021404276,2.0
332922.6700315408,570403.5491565941,5.0
340816.5748269297,569356.962813302,4.91
348713.2295942756,568323.3795645842,5.005
352662.58508773043,567811.4645668874,5.0
356612.62432276073,567302.8009094158,4.76
360563.34605327965,566797.3887884915,1.6175000000000002
400104.3763001697,561755.3530277545,2.9425
415920.8364253735,559674.3553515384,2.0
423808.4410583975,558653.5702490527,3.75
494862.00035680016,549437.1060033971,1.0
498820.6651467586,548934.2156625148,4.98
502780.1475948221,548434.5595361385,4.3625
506740.446665626,547938.0268437173,1.0
522455.43691218394,545872.3101236271,5.0
526403.1697987394,545363.9546211287,1.0725
534301.1217970708,544356.7622595523,1.0
550108.2673069702,542297.6239010207,4.0
577703.8873989453,538768.1119199339,1.0
597380.4077326481,536257.9311710168,1.655
605244.8402603127,535225.6463390607,5.0
609178.767472752,534700.410213693,4.0
620986.2771313691,533143.4859529594,1.0
628862.5662638268,532121.6370866038,1.0
640684.3854972338,530612.594570335,0.335
668221.7302497833,527060.5197368553,2.91
672154.8784759898,526557.5762279937,3.0
676089.0677970169,526057.897034226,3.0
680024.2373400268,525561.2581501929,5.0
683961.4326185414,525039.8683641665,4.8375
687899.6423353194,524521.7433224628,1.81
691838.8695046494,524006.77255722973,1.42
695779.1174979807,523494.845610098,2.2
699720.3718825063,522986.29667821433,5.0
711550.1567921129,521479.3658871185,2.0
719410.4367241212,520433.2595089441,1.0
723342.182091997,519914.96365618985,2.0
750859.1958492718,516372.82485840283,1.2575
754782.3088124587,515878.82750230934,1.8125
762633.0029566553,514872.1611992214,1.0
770489.4556178246,513850.0631932579,3.86
774419.292025717,513343.7455949662,4.845
778351.2487385436,512822.09962228406,2.8449999999999998
782284.3139596591,512303.46233028546,2.0
190865.4398576059,592832.2304089563,2.0
194827.08992271445,592319.839200695,0.6675
214648.99265800102,589764.8780186148,0.67
242356.15674927662,586103.4836868979,1.8399999999999999
246322.18330433965,585585.3696065983,1.0
250288.7960254102,585070.560542373,4.6125
285909.04298034986,580479.5519872764,0.785
289867.78567656176,579970.4674309203,2.0
293827.14445988496,579464.6667622123,5.0
297787.04635926906,578962.0417267559,3.585
301747.6335554007,578462.8090502648,2.0
305707.6417137855,577939.070848301,1.0
309668.3739993699,577418.6133735031,1.0
313629.6950859142,576901.4421231132,5.0
317591.67070838995,576387.5545204217,4.645
321550.1430076917,575877.1050373316,4.0
325509.266549084,575369.9326097872,4.99
329469.04006011516,574866.0373829091,3.0
333429.4622704301,574365.4195054527,4.0
341325.2621266079,573319.254945755,4.0
345274.1620790618,572801.0583566129,1.0
349223.81647100876,572286.1162677044,5.0
353174.08988239523,571774.4331305837,4.69
357125.1152319412,571266.004991265,4.88
365029.14837144356,570258.9226937173,0.715
368982.03015648894,569753.2620224627,4.88
412486.8631211461,564129.2622890929,0.71
424320.10451812786,562594.2374399211,0.7825
432212.59854725975,561587.0174408993,1.0
448006.397638197,559583.9168015188,5.0
471705.9826856141,556467.6116762562,1.0
483534.9056102519,554911.4594583027,1.52
491416.47968395625,553890.2017943356,3.0
495371.15187604463,553384.3780928915,4.0
499326.64336333575,552881.898308456,4.81
503282.95275276556,552382.651658291,3.0
522976.1918576749,549822.4674369134,4.9399999999999995
530866.2060599782,548809.9337650482,0.735
538759.6224335211,547810.126384017,3.895
578206.1859621736,542710.8931924319,1.0
593956.8754700181,540695.6855835048,3.8
601821.1480983645,539686.0359660247,3.305
605755.225509292,539158.1695299428,4.93
609690.329782943,538633.3659795839,3.875
613626.389932687,538111.7356933057,2.0
621501.2326621907,537078.2163312156,1.0
633320.6331828095,535551.862310878,4.7325
645136.0682487075,534053.6158482824,2.315
653005.9307388327,533042.4504629439,3.76
656936.3594547785,532527.6206054892,5.0225
664800.306794485,531507.2057697568,4.89
680540.782692397,529476.557990876,1.0
684478.9521872591,528962.8124808995,2.0
688418.0626936514,528452.2237315606,4.8
692358.1808118143,527944.7949476438,3.44
696299.3731772404,527440.5295554437,4.765
700237.8692380092,526925.4666437153,0.74
704177.3906555367,526413.5594593659,3.945
708117.8686041511,525904.8058389993,1.0
715989.9757976895,524882.2109197853,1.885
735651.0390364775,522316.2129610926,2.8649999999999998
739584.1584203916,521804.0542878071,3.0
767070.4252594822,518288.45631179865,3.415
774931.5566865066,517274.0763922129,3.0
778860.6711401888,516750.6062965309,5.0
782790.8914965135,516230.25531707425,4.0925
215161.58238757745,593721.1353272274,1.0
242870.7817411258,590060.5649287356,3.0675
270588.7364952331,586507.0326814661,0.59
274545.8740836161,585984.9484904939,2.0
278503.6340253684,585466.1534849145,3.0
282462.02006666386,584950.7589027751,3.0
286421.0207259249,584438.5425069882,1.74
290380.6398461379,583929.615541067,3.67
294340.9383106179,583423.8640568964,2.0
298301.7905733787,582921.5162745342,5.0
302263.2574237529,582422.4581993893,5.0
306224.2193330977,581899.0085344687,4.948
314148.0404221871,580861.7569878753,5.0
318110.9727841305,580348.1750700846,5.0
322066.1819336544,579838.0819188934,3.0
326022.04267774755,579331.2645968404,1.7349999999999999
341833.3917396113,577281.716732638,4.0
357637.01110748935,575229.27045957,1.0
369496.5448888224,573710.380560643,2.955
373450.8607625775,573201.4558259901,5.0
377405.8091760258,572695.6851637643,5.0
381361.5260291097,572193.1765231872,4.285
405091.032647464,569107.8974130563,4.0
416939.4974592194,567554.2742641959,5.0
420884.90237409726,567042.9493244197,4.9125
424831.05873719335,566534.7518369369,5.0
428777.9688794091,566029.9045155626,2.0
452474.537318232,563013.254984037,1.0
456426.5396887766,562503.3985526562,4.695
460379.26157090155,561996.6730444944,3.6825
464324.162469965,561465.4500756478,4.0
468269.89182686503,560937.3442535317,3.5949999999999998
476163.9015764931,559890.9301312538,4.8925
480103.7064203769,559372.6576361107,4.6125
491927.9845057019,557837.2504869951,2.0
495879.4815670959,557331.8381493958,4.86
499831.79815482197,556829.657436192,3.975
503784.93306923273,556330.7087726053,4.6375
519555.48310750176,554283.5238066642,2.0
523496.0589662265,553772.8178244857,3.77
539266.8796204807,551762.1836002227,4.355
558992.752183901,549181.860257037,4.99
582653.3138717692,546149.1081189942,1.0
586599.9871213925,545647.883677694,1.8050000000000002
598395.6498592278,544120.7027716246,0.955
606264.6124148234,543090.6673459802,1.0
618076.1538113422,541527.6468427088,3.8225
622015.1541928023,541013.0346385092,0.6
633838.0036184501,539488.4001275124,3.63
645644.2100575373,537991.4333356917,3.935
649581.4831494191,537498.7108190507,5.0
653512.1228072324,536981.3210580759,2.715
661376.431037421,535955.799923894,4.6850000000000005
665310.0226233897,535447.8900452508,4.6425
669245.0826880544,534929.1335303951,5.0
692876.4055775956,531882.9129105667,4.0
700754.2025296795,530864.7294234112,4.9350000000000005
704690.9729970938,530346.4181407001,4.464
708628.715944652,529831.1485877559,1.0
716498.9711134937,528809.8211850161,3.0
732227.8539316512,526775.5502709216,3.025
740087.8228700804,525735.0832008701,3.565
759719.5215700971,523242.6913426714,2.7025
763648.6430225004,522728.4780116109,0.6375
771510.2035269607,521709.2172525842,3.75
787224.7034008161,519637.86143906973,2.0
791154.3009918468,519121.92432570923,3.77
195870.90601314587,600271.8246085979,3.0
199825.5641291277,599749.481036881,2.59
207736.50631817064,598714.5949177332,2.81
215673.83109783696,597677.5425200919,3.0325
235472.1083403912,595062.3979112431,1.0
263179.7075884094,591463.8228759225,1.0
279013.35077816737,589425.1203436097,2.99
282972.66432271845,588909.75863925,5.0
286932.5318530103,588397.694990946,3.6950000000000003
290893.08581595117,587888.923477158,4.09
294854.191149063,587383.4500869485,4.825
298815.97565645794,586881.1579605052,5.0
302778.38059028523,586382.2724511959,2.0
306740.2162720214,585859.0036363639,5.0
314665.9264591128,584822.2366872756,5.0
322581.6803501914,583799.1158313202,5.0
326534.3397145849,583292.5400165059,4.0
330487.5869286398,582789.3526037084,5.0
334441.48353028495,582289.4400922507,1.0
338390.87361401704,581765.1491548056,2.635
354195.4766391835,579700.6593557261,1.865
377921.3127010677,576639.4932403751,5.0
385834.8719864361,575617.3849777067,4.8175
393751.2124130994,574601.3491352713,1.0
413502.08445644344,572008.5928151533,1.0
421394.12449425075,570983.325817653,4.7
425341.3101277457,570475.5582262259,2.5949999999999998
429289.2488295776,569971.035392087,4.0
433237.87225678033,569469.7585629951,3.0
437187.24482170545,568971.6158151403,4.0
441137.43404861755,568476.7178557618,5.0
449039.6985930925,567469.1934504649,4.885
456944.78854101244,566446.853944134,1.835
460898.483345532,565940.4995199153,4.9875
464840.2030017141,565409.5714530563,5.0
468782.752308919,564881.8706259178,5.05
472726.19785238424,564357.5082646804,1.0
476670.4027192508,563836.263174112,3.0
484552.89057609165,562803.8192521501,4.0
488495.33526909514,562292.4863747824,5.0
492438.66829039645,561784.3761574905,5.0
524015.0386812186,557723.1387950564,4.345
527953.312662258,557216.1793526737,1.0
531892.4384996109,556712.4266996114,5.0
547657.9878183282,554673.5582515309,0.5425
567372.7706979427,552127.2598604616,4.7225
571316.675697094,551627.6189553477,3.0
575261.8545554532,551110.3905201694,4.0
583154.9629759915,550085.3316161335,4.8149999999999995
591034.9379913453,549066.0028931126,3.58
594967.9756945993,548557.4639270715,3.815
602836.6683720978,547549.9301985018,3.0
606773.0003613103,547023.1396457348,4.9775
614648.6756968016,545979.1151145631,1.0
646151.2910768762,541929.2274967115,4.0
654017.3120281253,540920.1704508634,3.79
661883.8617213565,539895.8506332245,3.0
665818.6433423036,539388.5524641583,5.0
669755.0697033923,538863.5184093043,4.4425
673692.5153388198,538341.541499584,4.8149999999999995
701269.3034062205,534804.0819980847,1.9425
705203.3282871387,534279.2547923401,0.89
709138.4675527551,533757.5856074048,1.0
713074.5848481228,533239.069433243,2.105
717006.8708596232,532737.3033850109,1.7275
720940.2449435854,532238.6904605841,1.0
732735.6692868419,530719.5802662773,1.0
736662.4353000615,530191.3797164559,1.885
740590.3470899459,529666.3173648752,2.0
744519.2681881725,529144.3873713715,1.0
752369.7221016088,528151.0657156631,1.98
760224.2730939684,527170.1511956425,3.0
764154.6727567716,526656.6675603557,4.7475
772018.6515590443,525638.9878991116,1.0
779875.6504993223,524607.7841109382,0.94
783800.1919893704,524083.78143949155,2.74
791652.6112663089,523045.132637877,4.0
795586.8526002825,522460.05688592605,4.0
200343.21852485498,603718.8434434887,5.0
204294.671384815,603193.1171205789,2.94
224126.9805131756,600610.271086786,3.0
243898.83223023496,597974.8594634887,3.63
247854.97654830338,597457.7249431564,3.665
251811.70824440557,596943.8915938064,1.896
255769.02031366964,596433.248297764,2.0
275563.05961222836,593902.5397634683,4.6825
279522.60209473834,593383.9141453337,5.0
283482.7730702794,592868.7002988979,4.795
291404.9795880262,591848.1747962236,3.9225
295367.07934441103,591342.8604633817,5.0
299329.72564143594,590840.7388581214,4.925
303292.9934236433,590342.029500789,5.0
307255.7614464715,589818.9396100361,5.0
311219.1229104368,589299.1528690765,5.0
315183.21021599305,588782.6640851935,4.62
319147.9552059515,588269.476093254,5.0
323096.6336642299,587760.0956231672,4.9475
327045.9604017353,587253.8773360895,4.9125
338896.98599038954,585727.399698005,3.0
342847.9576278713,585206.59343193,2.6175
346799.68817052763,584689.0584606966,4.0
350752.1094361485,584174.7972302968,1.0
354705.22014387464,583663.8099404406,4.905
362613.5047727489,582651.6579991588,1.565
394269.67827030097,578539.3428348843,5.0
398229.9255581727,578036.4694233546,3.0
402173.4452572079,577509.527658808,4.0
406117.79361565167,576985.8330649594,4.7575
410062.9044668018,576465.4985614587,4.78
414008.7052824938,575948.303249279,5.0
437699.7847086333,572913.3742668154,3.0
441650.9304028722,572418.8196065687,4.5475
445602.82549331844,571927.5166853247,4.8025
449555.1796232364,571411.8867880013,3.3000000000000003
453508.32500868256,570899.3979373975,4.0
457462.26265126903,570390.2729118569,5.0
461416.9892575453,569884.2896687081,3.0
465355.5279024707,569353.878738841,1.615
473235.15909737145,568302.5128631806,1.9
477176.1835052841,567781.781566808,5.0
481118.0344314181,567264.3888172759,2.0
485060.7096955749,566750.1126120966,4.859999999999999
489004.2088628693,566239.1757820174,4.0
520582.0622860473,562183.4292722065,4.797499999999999
524533.1292870315,561673.6526766317,0.7075
528468.2474409601,561167.1208585268,1.0
536341.106880121,560163.5641800454,2.0
540278.7778242236,559666.6510333577,4.0
544217.5527743155,559145.0327458661,0.815
548157.2205071162,558626.6223479807,5.0
567868.7765102587,556082.5937684886,2.665
575760.1631356382,555059.7019733293,1.0
579707.4113175076,554539.173870692,2.835
591537.9476260293,552996.5529458225,3.45
595471.9919236518,552488.5333841303,3.0
634869.6352874285,547361.6343054771,5.0
670264.0184423991,542797.9952183878,3.23
674202.8324836992,542269.8584572375,1.0
678142.6770646177,541744.7855704706,4.4925
682083.6146968431,541222.8909697188,2.65
686024.5132865447,540731.965106735,5.0
689966.3948688512,540244.104598837,4.9125
709646.9825869848,537684.2220301181,2.725
713580.3775236666,537159.1880475283,3.4675000000000002
721447.7438793845,536174.0513740359,4.895
725382.9729026336,535686.2745824791,2.8575
729319.2153782021,535201.5439515719,2.5825
737166.3562655367,534129.2127259932,1.0
745017.8594102387,533069.3075944679,1.7850000000000001
748943.798143724,532571.6752202902,0.815
760727.7832233473,531097.8137926012,5.0
764659.3849736624,530585.0566201583,3.25
772525.8393158575,529568.8514426751,2.0
780381.2674338433,528536.5696543436,5.0
784302.9684565589,528010.7401485145,3.0
788225.7857101619,527488.0285190968,3.0
796083.2367159479,526452.4756193059,1.98
208756.52844498988,606626.9397199182,1.0
236505.3574772093,602996.8215046534,1.0
244417.94913251427,601959.6330531938,4.11
248374.90954305205,601442.6110603595,3.625
264208.0693159972,599393.6904017534,3.465
268167.69691952073,598886.1964747244,5.0
272127.85666618124,598382.1237252997,1.0
276083.4895138868,597860.6541666817,4.925
280039.7473338868,597342.4838615879,2.6399999999999997
283996.62880721746,596827.6128949607,4.8325
291916.4641200595,595807.5860273838,4.475
295879.4160537603,595302.4373165909,5.0
299842.9203196886,594800.5981208431,4.44
303807.1091677639,594302.062890836,1.0
307766.5882528885,593779.2108308906,5.0
311726.7325721233,593259.769192867,2.0
315687.4694404454,592743.6295228498,3.0
319648.92696331325,592230.6755801989,5.0
323602.68894761236,591721.3294662368,4.9625
327557.1718913433,591215.266904573,3.61
343362.8196899396,589168.8438219381,3.665
355214.167094552,587620.1275230134,3.0
359168.7179406182,587105.6477669263,2.805
363123.9684075826,586594.4479765464,5.0
367079.85340924456,586086.6414198689,2.0
398731.97952924686,581975.2905145735,0.62
402676.6452829046,581455.6399274254,2.62
406622.0601150949,580939.1324809622,5.0
414515.1410029342,579915.9929965083,2.0
418462.75231425685,579402.3546479223,3.0
426360.1147922353,578384.9582697153,3.0
430309.9956123791,577881.0875072395,5.0
434260.46757105156,577373.4682908254,5.0
438211.77086545393,576869.1049121339,5.0
442163.83725634794,576367.9986800961,4.52
446116.5984801069,575870.1506865108,4.6875
450065.7487034848,575354.8079651287,5.0
454015.69278083125,574842.8275596807,4.605
457966.4272504399,574333.9874255387,4.0
481636.61435435415,571210.3188373288,5.0
485576.1096652247,570696.5676866779,4.78
525050.3307010216,565624.2481810898,2.59
532923.6633919432,564601.4007804673,3.82
536861.558608282,564094.7388576847,5.0
540800.383250245,563591.2899762345,0.8375
556564.734349978,561553.6924718507,2.0
564444.1890564107,560526.3259011805,0.82
568385.1965627398,560017.5113074444,1.0
588122.4839337305,557438.1818055194,1.0
592056.7419925807,556927.5052934932,3.805
595991.921234948,556420.0219269125,2.23
599928.0878024925,555915.7336750282,0.8525
631438.5677149572,551801.6560010398,1.0
651107.1324393873,549314.5971687231,2.615
658976.2776427227,548286.3599837786,2.165
666849.4407396168,547270.8355250582,2.0
674720.043673642,546212.245570723,4.0
678656.8162825995,545687.7647004379,5.0
682594.686042418,545166.3500352558,2.0
686532.781705417,544668.8996200692,4.7825
690471.7999155328,544174.622358473,4.305
694411.8700788913,543683.6353602475,4.8325
698352.9324192558,543195.7144077606,1.0
702284.087840012,542668.8709580665,1.0
718018.4424497405,540606.7654950181,1.295
741603.6007060176,537543.570825913,4.5425
745530.7533500709,537022.8443662422,1.0
749458.209614869,536519.0375041962,1.0
753386.7201190579,536018.372438577,5.0
757316.351428364,535520.8535309657,5.0649999999999995
776967.87549791,532996.2209211504,4.43
784812.663432236,531942.9517951645,2.0
788736.7002705557,531421.0006070882,2.935
796594.5489078278,530386.9751855806,1.0
264730.2728551326,603365.23104084,1.58
268690.39086555166,602850.9866581168,1.865
276603.456163427,601818.9304282805,1.0
284510.0181173288,600786.6875026543,3.0
288464.2312180749,600275.4576384872,5.0
292427.40533610317,599767.1630337713,4.859999999999999
296391.1962188565,599262.0694980845,2.0
300355.6121278735,598760.3994673453,4.702500000000001
304320.64690453745,598262.0418808563,5.0
308276.84458948113,597739.6499710921,2.0
316191.21319473896,596704.5378993545,5.0
320149.3902332678,596192.0403757552,1.9300000000000002
335988.6371895094,594174.4801740134,1.0
339932.4552191731,593651.1283838358,1.0
343876.9004419738,593131.0496587148,5.0
351768.00125851366,592100.7011752911,4.0
355722.51969904953,591576.2833505636,4.715
359677.8184486553,591055.1488088071,4.0
363633.76257754694,590537.3017523494,2.0
379464.57110633195,588498.8857275182,0.845
399233.38173296227,585914.0652921442,0.715
411072.93896609836,584386.5490935687,1.0
415020.8912410835,583883.8618593393,4.795
418969.41262484976,583370.5340310633,4.82
422918.69112912955,582860.3562410334,4.0
426868.7291603345,582353.5512159839,2.0
434770.8840837952,581335.8264373885,3.88
438723.0200068787,580824.796020817,3.44
446629.62036635657,579812.7462679371,2.77
450575.56644929474,579297.8017193135,2.0
466367.07429232774,577242.7247905266,4.6025
470316.89204583573,576716.3424234334,3.9525
474267.47465742484,576193.1011049859,0.665
478218.8886588482,575673.1119879428,2.24
501860.86941438395,572621.4639357934,1.0
517661.282065911,570596.1491526114,3.575
521613.5318185825,570083.9152856963,1.0
525566.6417107534,569575.0364322113,1.0
529503.9176695257,569055.5093476707,1.725
541321.0719655629,567516.0124827512,1.0
545261.8500735075,567009.246732045,1.0
557089.4154142002,565508.15660764,2.55
584687.8913968182,561881.7395698978,2.0
588639.155449818,561368.6903152047,2.315
639827.5520703027,554734.9762744848,2.74
647691.3856458708,553744.2393860165,0.785
651624.7544468897,553253.7540451139,1.0
655559.9624121538,552738.6550365454,2.0
659496.1602935507,552226.7388365325,3.0
663433.346956106,551718.0061220098,1.0
675235.9846381084,550154.8307618219,5.0
679169.759261189,549630.7213887954,4.0
687039.8489082172,548605.921594901,4.6625
698851.652030884,547113.3787790062,5.0
702783.6687908205,546594.0757832862,2.898
706716.7249102679,546077.9379262393,2.555
730336.9044063314,543047.4014925752,1.0
734261.6583696601,542524.9508538293,2.0
742114.4499599233,541489.3772450034,2.9575
746042.4124420696,540976.3636844652,1.62
749971.4479504703,540466.3862352222,3.0
753901.5498726872,539959.5568369133,5.0
773544.8825274804,537429.3309356179,4.0
777473.7295509607,536927.0145342955,4.0
781396.8745579082,536399.5732066436,1.0
789246.4617805257,535353.9636148205,1.0
793172.8953627434,534835.9080625428,4.8100000000000005
797104.6341145094,534321.3509354126,5.0
804971.5346937531,533301.5481343912,5.0
213747.02945743158,614019.7099479875,4.895
217719.314926481,613503.1154812109,4.88
261292.04412766406,607861.1324355537,2.385
277122.9538825619,605777.2574317735,4.32
281072.6325836422,605259.8868270973,3.955
285022.9355099707,604745.8129990799,4.6425
292937.93141788826,603726.788872988,3.9025000000000003
296902.55761847226,603221.8625089424,4.715
300867.87193731824,602720.2513127672,1.0
304833.74425972055,602222.0721932966,4.97
316694.3828838663,600665.6141584469,4.9775
320649.2694653667,600153.3506611716,1.0
348332.4768209233,596576.8638409497,4.0
352275.10815748957,596063.6865177443,2.0
356230.35430587514,595532.6089918185,4.0
360186.2598082883,595004.8242659941,5.0
391834.7580586236,590901.2673556944,0.695
447141.89307420386,583755.5258096848,3.8725
451084.63343473745,583240.9792237263,1.0
462917.608700907,581716.7226085067,0.4375
466871.757666311,581187.3129987717,1.0
490538.3359744405,578079.5656831358,2.0
498421.24171659234,577069.61635058,1.0
502370.260249877,576569.6103911856,1.0
530020.3737312169,572999.8263652232,1.0
537899.7332053507,571957.1148587223,1.0
541840.7772299476,571440.706667061,2.0
545782.5760971769,570941.3128280453,3.0
569415.2394776216,567887.2679557689,1.7349999999999999
577300.6648447069,566846.4344830243,1.0
589154.9064729356,565299.1752076987,0.7175
597028.7640184131,564283.1503907042,3.0
600967.110437519,563779.9465600951,0.355
628514.9936750127,560179.3012191951,2.0
648206.8260037006,557682.996386948,4.8275
656077.572865878,556678.6212292891,1.0
667892.5401757649,555154.1746022273,3.0
671821.1884840601,554624.2008440606,1.9125
675750.9283520584,554097.5123836268,4.0
679681.6319532034,553573.8827470308,4.31
683613.3615476417,553053.4262155509,1.0
691479.2775041467,552035.9286649954,4.825
746552.8246964322,544930.0875623757,2.0
750483.3715390643,544413.825341112,3.0
758347.7620945892,543390.8790448941,4.0
770127.7681853431,541864.6594071854,1.705
781902.7259271743,540331.2124745948,1.0
785828.1924789386,539807.6555582983,2.0
789754.7855868253,539287.1234219903,1.78
793682.4910456168,538769.8391626161,0.72
797613.335906628,538255.9276524791,4.0
801545.365523851,537745.1620662073,4.66
805478.511239497,537237.5391911976,1.0
809412.7043616563,536733.0556006795,4.955
210284.08785113023,618496.0138907246,5.0
214256.67031132692,617976.1336263977,4.1925
218229.80611643184,617459.495038378,4.934
222203.50067919074,616946.2092262078,4.8975
226177.75903876947,616436.387303018,1.0
245972.7160789977,613914.454155324,0.55
253892.27805228447,612884.1825355953,1.0
257852.9512981684,612374.1435253723,3.0
265773.32402483944,611308.4598877756,1.9975
273696.2237959299,610255.956835865,5.0
277641.98221418203,609735.6352181109,1.0
281588.36145798897,609218.4978329875,3.0
285535.37050306494,608704.7670947509,2.63
297413.4235277361,607181.5969011942,4.0
301379.5705220443,606680.270440367,2.0
305346.3385218567,606182.2677754024,3.415
321148.70184988366,604114.7126156548,5.0
325117.62201423384,603605.478384899,5.0
340965.68662823236,601575.0953152748,1.0
344903.66615040274,601055.7418823913,2.0
348842.2723612358,600539.6591609642,4.0
352781.6373357367,600026.8430722943,4.865
356737.53348367085,599488.9972967459,4.7925
360694.23529486125,598954.4459034037,3.0
372569.3065254354,597398.4881636156,5.0
376529.58022641443,596904.9258705908,1.845
423931.9161468524,590797.3293584501,5.0
427883.8206319831,590291.1691231057,4.93
431836.4821350196,589788.1710023098,5.0
435789.52949060785,589260.7559696445,0.805
439743.3803742411,588736.7259094808,4.8575
447653.41357906297,587698.2668637345,2.0
455533.2726404389,586673.1056349967,1.0
487117.38739917637,582536.0631389832,3.74
494979.6832348393,581520.3786774362,4.6899999999999995
498928.834593237,581017.4248328283,4.8525
502878.8103527118,580517.8347069798,4.0
534476.2423640564,576414.7114565233,1.0
542359.6307068004,575365.5960044926,3.9725
546302.3721143109,574873.6853495911,5.0
558135.771302327,573417.2301720884,2.0
577812.279453364,570775.5524874339,4.0
589669.664970568,569229.8575230194,1.49
593607.2071414727,568720.7740347525,5.0
601485.0641822668,567712.2397060748,2.0
605425.3766900245,567212.7900492791,0.92
609350.4527624706,566688.3731209878,2.0
640852.8460276369,562609.8678000243,0.9750000000000001
652656.7035826328,561132.562003253,3.72
656594.1494411151,560618.5693980325,4.2775
664472.0135443219,559600.2797561772,4.0
668412.4331868207,559095.8729134565,5.0024999999999995
676264.6086672605,558040.1692912737,4.805
688050.6380926562,556480.4597915867,3.0
699845.6840234791,554949.1937074056,4.8
747061.994959357,548883.9045839636,0.7975
750994.1089341776,548361.4726399714,1.0
754927.3139272961,547842.2011603704,4.6375
774558.9158202552,545290.1867311774,4.0
782407.3649143274,544262.9482215205,1.56
802051.8594151635,541680.480474242,5.0
805984.107580998,541173.5082233734,5.0
809917.4714184914,540669.6821370702,5.0
813852.8530166794,540155.0038442519,4.845
817789.3777086119,539643.3629921619,4.2925
821727.0373604596,539134.8715829393,5.0
214772.21473240427,621932.2194181737,2.0
218744.14634149842,621415.8873906555,2.335
222716.56432934414,620902.8031372,3.7275
226689.54685557273,620393.1848979667,4.9775
230648.59785463894,619887.7449793685,2.675
258371.42602369323,616331.6711434424,2.9125
274201.4535145013,614214.9418806285,4.775
278152.22483476106,613694.4524019696,3.0
282103.62921569525,613177.3820589008,4.0
286055.6600276807,612663.619786974,2.0
290008.31101609505,612153.0545178754,5.0
297932.12244227005,611141.1412215987,3.745
301894.95823882084,610640.056931939,3.76
305858.4201216535,610142.4063143497,1.0
309808.87425763544,609620.7853620695,1.0
317711.8369966296,608587.4441637192,1.0
321664.27636030386,608075.7268301509,5.0
325629.6383436665,607559.8475894313,3.0
329595.74266625463,607047.3995277192,4.0
333562.44673141494,606538.1652808553,5.0
337529.8236735186,606032.3649492254,5.0
341472.18883450376,605509.8165353602,5.0
345415.1803449139,604990.440068665,1.9649999999999999
349358.9374571851,604474.453745937,5.0
357260.4386855636,603431.1571141435,5.0
361218.1473600782,602903.7583923675,3.0
369135.88463631144,601859.0869704438,1.0
388910.04276689823,599333.5719936062,4.0
392856.27459568315,598805.2559910156,3.0
408649.1800703824,596752.3398370203,2.0
428406.50216087635,594232.0319223301,0.815
432360.1434283935,593729.3760599894,5.0
440260.5935194995,592678.6264612703,1.0
448164.2493545745,591641.0798786888,5.0
452104.7158635143,591127.2871397436,4.88
456046.0439163862,590616.7471068352,1.8399999999999999
483694.455160315,586995.0651631923,0.775
507342.4827777523,583970.2282241769,1.77
542877.3172126926,579318.3705907697,3.7
550757.5172847684,578324.7531735264,1.0
586232.6794566448,573699.968240533,1.0
617720.0231255868,569604.6175833717,1.0
625595.8262057404,568579.6699565733,2.73
637429.9797449727,567045.7694199448,3.0
641363.8500162497,566547.5014963448,4.875
649234.3106089025,565560.6648749355,3.0
653171.0363067379,565071.9903493924,1.0
657105.611832344,564551.5772242937,4.0
664977.7729870615,563520.3329867804,1.83
684644.2352751328,560941.6146891257,3.6475
700356.6734314803,558895.6100785276,5.0
716103.6659998873,556872.9267872386,0.815
747571.342736045,552810.0287365066,5.0
767231.8305480445,550232.0965347784,1.0
782927.5159581536,548195.8670320418,3.8925
810429.3545590052,544606.9409307148,5.0
814361.9750331824,544089.2343229903,4.8149999999999995
818295.7370689779,543574.6756317699,4.755
822230.6322420327,543063.3768564528,3.185
826166.6741379815,542555.1166976141,2.9225
215287.466388389,625888.2293726429,1.0
219258.0494696952,625372.1012436021,4.835
223229.19262177718,624859.3301346004,4.79
227200.96085607255,624349.9122030688,3.0
231160.80256902135,623844.5604844186,4.0
235121.19198835676,623342.4337068386,3.8125
247004.20461743,621828.6170327682,3.0
250965.36481042666,621312.1584040159,2.9475
254927.12472089258,620799.1459558317,2.0
262842.7126051533,619755.5313787684,3.0
266796.58359428344,619224.9143840186,2.0
270751.0940243723,618697.7288424671,1.0
274706.2369716888,618173.8636867115,5.0
278662.01107777475,617653.3190063527,1.0
282618.41498634673,617136.0948945908,3.0
286575.45234548836,616622.3026133301,1.0
290533.1117053903,616111.7199346302,5.0
294491.39681186574,615604.4581257785,4.455
298450.30631720304,615100.5172944553,4.0
302409.83887579775,614599.8975519845,4.0
306369.9931441428,614102.5990133286,2.0
310321.3426171597,613581.1601364929,3.0
314273.35628684564,613063.0280034887,5.0
330103.6691568956,610995.1792947575,2.6475
334066.8424723419,610479.408205593,5.0
341978.12707001925,609444.4848750075,4.7725
345926.2558612947,608925.3049133532,4.635
349875.0152488308,608409.4208239354,4.9399999999999995
353824.5370633804,607896.8285587756,4.0
369661.40838904696,605823.002932827,3.9625000000000004
409166.6834545345,600705.4339416325,4.465
432883.06016097986,597670.7657966055,0.9075
436829.6589008209,597144.1584493583,4.8975
440777.06034189765,596620.8224996803,2.7800000000000002
507854.4991856205,587919.0381205156,5.0
511799.7248335274,587426.6859042626,4.88
543394.1457805643,583271.1180540798,5.0
547330.6742364306,582766.1803542757,5.0
551268.0765804629,582264.5826731324,4.0125
555206.28694665,581766.1023470918,1.0
559145.4368859094,581270.8525964599,3.0
563085.8238544876,580751.0317712128,0.805
570969.3438679262,579721.0843917048,2.0
582801.9502834358,578172.6068656351,1.8225
641873.7812747369,570485.2238355698,1.7
677289.7126350787,565898.3010300603,2.0
696939.9577005918,563348.3176357895,1.37
700866.564109178,562842.009706582,3.165
708740.7839586573,561811.8498954466,1.0
716619.2480345296,560794.3399927029,3.8
720552.2645595211,560276.148428265,2.0
728421.5486553505,559249.1941028945,2.0
736286.5720788025,558234.7687449921,0.835
748079.38914326,556736.2420117622,2.0
752013.8786233277,556215.250850209,2.0
759886.210138401,555182.6789935911,2.635
763823.9767334496,554671.2075321116,2.9
771669.0188588493,553655.8960105786,4.805
775593.1994720958,553152.9656018298,4.28
787375.5265181779,551607.5177904246,3.8975
791305.8185506323,551089.307246821,1.5899999999999999
810939.8980454511,548544.2944911206,3.38
814869.7500168508,548023.669945335,5.0
818800.749100893,547506.1926820595,5.025
822732.8942341576,546991.8636057219,5.0
826666.184355315,546480.6836241959,2.525
192068.53044528898,633006.0372620346,4.93
199980.2939739813,631938.6595573127,2.69
219771.66771613428,629328.4621502552,4.9125
223741.5244939195,628815.8936286243,4.8525
227712.00704143295,628306.6804029075,4.643
231672.69741527794,627801.4139575073,3.9325
235633.8702170655,627299.3818518147,2.6950000000000003
247519.30672042613,625785.8789966367,1.7475
251481.32783112218,625269.6449432662,1.0
267307.56141741376,623183.3244273709,2.0
275210.57902191934,622132.8334527584,4.0
279171.3404967187,621612.2350708907,5.0
287094.7570200167,620581.0379393073,4.0
291057.40933833516,620070.4393915432,3.83
295012.3843661841,619563.5336069921,4.0
298967.98886633443,619060.0586630385,1.0
302924.2165865692,618559.9035057314,4.76
306881.06165052624,618062.9570778189,2.0
310833.29786076024,617541.7010493102,1.0
314786.1993930881,617023.7574694557,3.86
318739.6941774712,616509.0178550296,3.515
330611.05544512154,614943.127297068,5.0
334570.62689009245,614420.7104007909,2.0
338530.96170526464,613901.7221436473,5.0
342483.4417427323,613379.324932266,4.484999999999999
346436.62219046376,612860.2338875309,4.79
350390.5017131294,612344.4492205046,4.7375
354345.07897753746,611831.9711458199,3.0
378085.471607133,608757.051244908,4.6875
382036.11639331805,608247.1373100365,1.0
385987.48151963286,607740.5176117141,3.0
393883.41577741044,606709.2135667605,3.0
397832.46005814394,606198.5495877713,1.0
405732.553790984,605173.2957036681,2.0
429449.71990357165,602114.0861141151,3.0
433405.16352499515,601612.229909393,4.81
437348.53567225963,601086.0260510026,4.7075
508365.6579740737,591867.8159372723,4.672499999999999
512307.6838492907,591375.8846326079,5.0
516263.18525150773,590859.4436237374,4.4625
520219.5558697321,590346.1632039268,4.8475
543909.9798928004,587224.0595074883,4.0
547843.4015103866,586712.6631878596,4.0
551777.7109196122,586204.3834424028,4.0
555712.8377029432,585699.4424409512,4.0
559648.9155049874,585197.7310103672,1.0
563594.4226910011,584685.4591461243,4.3100000000000005
575436.379348498,583167.9975894121,4.635
579377.4851848506,582647.659624978,1.0
599064.376651752,580052.0798636489,2.835
606926.1841734769,579010.9499468673,1.0
638446.6719334663,574920.0195299806,4.5625
650257.5785681955,573438.4736722345,2.43
658125.314829155,572417.7523322133,4.865
662055.1778166823,571887.6886695893,4.0
673858.7423659373,570330.633111597,1.44
681743.4000024572,569327.4707602579,1.7525
701375.2115791377,566788.6091046957,4.8725
705313.2179220134,566265.5967644341,5.0
713192.5337873736,565229.1634403747,1.0
736789.980033814,562158.9518933529,1.8450000000000002
752521.9723968623,560142.1715490222,1.0
756458.771481236,559624.9704682492,2.0
760396.5910022313,559111.0561348097,2.575
768258.7366925629,558091.9493113756,5.0
780034.8256304185,556585.5320474599,1.0
787894.3041989687,555541.2925540078,2.06
811449.1082273482,552481.6313701198,0.76
815376.1915758213,551958.0881583914,4.93
823233.8077998022,550920.5536828581,3.41
827164.345860285,550406.453139347,5.0
831094.1373438339,549923.275529475,4.605
200499.8406070369,635893.9777221764,1.9525000000000001
204449.09111353132,635365.881570396,3.955
220284.86135383736,633284.8669106886,1.58
224253.49308611377,632772.4975614278,5.0
228222.69139848655,632263.6006838493,2.5900000000000003
248034.06466595744,629743.1825549882,1.0
251996.86018757697,629226.9551533721,1.0
263870.8569688712,627671.613175665,1.6575
267818.09490028885,627141.6711318875,4.0
271765.973051251,626615.1578877345,4.545
279680.217824169,625571.3117975062,3.0
283646.5795553839,625053.895851044,3.0
287613.57857904205,624539.9369687364,3.0
291581.2083402949,624029.3240932021,3.9375
295532.87170507386,623522.7743779803,3.7475
299485.16489216674,623019.6541910991,2.0
303438.0816514944,622519.8524803566,4.42
311344.6642330247,621502.1884241048,3.82
315298.44520443067,620984.4341072226,5.0
319252.8248498989,620470.0006335638,5.0
323207.8682232987,619958.8855189458,5.0
327162.4935875422,619423.2956114225,5.0
331117.89310895104,618891.0211897297,4.77
335073.99900716636,618362.0649325447,4.92
339030.743478624,617836.4292996228,4.805
342988.2580651532,617314.1099293008,5.0
346946.47497386177,616795.1093441052,5.0
350905.3928575333,616279.4277580716,2.0
354865.0103710956,615767.0653888267,4.795
358825.3261716081,615258.0224575978,2.0
370710.5163967296,613750.8107470414,2.765
378602.79096640367,612707.9658528594,3.8325
382549.9946501369,612191.4274777509,4.825
394395.9895594537,610661.3482766403,2.6075
402296.89849637507,609657.8019780582,2.0
410199.72921252286,608611.9396143658,1.0
433926.58478755807,605553.6552903783,4.7425
493112.224258399,597815.3351688255,4.875
497064.4270320646,597310.9188262848,1.0
504937.9565408953,596311.5436151512,1.0
520728.58282334346,594296.4282400869,1.0
544424.887911141,591176.9730317658,4.82
548355.2029340622,590659.1176417042,4.55
552286.3492487588,590144.4882718306,5.0
556218.460562964,589632.9756595129,2.0
560151.4663162674,589124.8020889508,1.0
564102.0782086897,588619.9695197633,1.0
572005.9920824242,587620.0742721837,1.0
575959.2915946592,587125.0127142221,1.0
579897.2307836704,586605.1292476468,1.0
583836.1040374284,586088.4773394903,0.88
587775.9101358438,585575.0575811304,4.0
595642.1454646322,584529.7827870054,0.685
623211.8407115315,580987.0229263082,4.0
627145.7271442452,580449.7528091073,2.4050000000000002
631080.6201814432,579915.69529883,3.8325
638953.3510810605,578857.3300489122,4.915
642890.4931630172,578360.82454577,5.0
650767.5748030976,577377.5676611401,2.4699999999999998
658633.4869389735,576350.9170374982,4.8575
662560.4926541059,575814.4303210806,3.0
670417.5495158667,574750.9203400547,5.0
678310.2980834539,573756.6842247751,1.0
682258.1556064491,573264.5094270892,1.0
690124.3897081193,572260.7092797868,0.74
701882.6870084427,570735.2996662529,5.0
705822.134532428,570206.0622856356,1.585
709762.6559108882,569679.9148090295,4.3675
721573.8173462537,568120.2480070172,2.0
733360.9453382837,566587.8219766859,1.815
737292.1046456733,566083.3336570524,1.925
749091.9173756606,564588.8409440136,2.0
764845.8889695802,562529.6481867358,2.0
768770.2744746549,562022.0170489689,2.915
792344.4453039506,558958.7327751284,1.0
811956.9700509433,556419.1734394571,4.6975
815881.2844816549,555892.7108268831,3.69
819806.7571382283,555369.3942224206,5.0
823733.386948249,554849.2245404385,4.9
827661.1728414049,554332.2026987197,5.0
831588.2124577672,553846.1030854927,3.0
201006.68957518798,639850.3413879955,4.922499999999999
204958.81630167575,639322.054102039,1.0
220797.69636043377,637241.3116388842,4.65
224765.09798741248,636729.1419858094,2.0
228732.99431699503,636220.3396948231,1.8900000000000001
232695.2839242072,635715.1389635475,0.5425
240621.4134233077,634715.026132118,1.0
248548.40567388918,633700.4201579792,3.0
264388.37368463515,631629.3538340796,3.9875
268336.4748626878,631099.6590845995,3.0
272285.2118428601,630573.2876555007,3.885
280196.92025244795,629529.9411854278,4.87
284159.95234380895,629012.8728858624,2.7800000000000002
288123.6220956006,628499.2603151305,2.0
296044.56263165537,627482.4271013131,2.0
300001.83392550825,626979.3039118936,1.0
311867.98613399477,625462.2345334943,5.0
315818.45870065363,624944.8435034575,5.0
319769.52611240756,624430.6608223794,5.0
323721.2619292375,623919.9063743036,5.0
327676.7634402972,623384.523369858,5.0
331632.97779015254,622852.5751110408,5.0
335589.89561053563,622323.8394315559,5.0875
339547.5195889065,621798.4277210692,5.0
347464.9434095477,620757.4637195915,1.0
351424.7442269486,620242.023159164,5.0
359342.1955216316,619221.243289371,4.58
363299.97857789247,618716.0046727033,0.9475
375164.1305839469,617192.4012740077,1.9925000000000002
379111.5056335367,616672.8355324119,4.77
383059.54902231373,616156.5697514713,4.76
387008.39234136837,615643.6008725753,3.0
390957.740300876,615126.9266344393,2.0
394907.8972657521,614613.5498591987,3.0
398858.72895152064,614103.4738392923,3.775
430477.4689309531,609996.391925809,5.0
434430.6194366119,609495.2723612888,4.0
501520.8289302548,600750.7496177992,4.78
525200.2423489809,597710.1007554764,1.0
537045.6883267196,596160.7038969211,1.0
544938.8661021106,595130.1921555875,4.255
548870.1428049435,594612.8146040393,3.7975
552802.3199935561,594098.5583017329,5.0575
556735.4621558102,593587.5357951596,4.6825
564616.9515620561,592568.4653908331,1.0
568565.3772616893,592060.4401096432,1.0
572514.7103812242,591555.670823249,1.0
576464.9514599235,591054.046896589,2.815
584343.8224737381,590018.5387941599,4.705
588284.6261834196,589505.6407631338,4.0
592226.4295023135,588995.9825204695,4.0
604008.5682094492,587422.8600799982,0.775
607937.8202066656,586904.9490047237,0.44
619780.5773528963,585413.3498343192,2.0
623729.9908496442,584922.5612792876,1.0
627660.7564342497,584385.8693087492,4.0
631592.5316756442,583852.2777378447,2.9725
635525.2455763649,583321.8965454409,5.0
639459.0275500373,582794.8413304742,0.815
643397.4082142946,582291.9180848636,2.0
647336.7543934362,581792.3267736426,3.0
651277.0681323176,581295.9568815762,1.675
655218.3518406146,580802.6979021495,4.83
659145.1693628028,580270.5217193644,4.775
663073.0816409565,579741.5448242081,4.8225
667001.9574073707,579215.6522555929,1.0
670931.8548168268,578693.0693158619,4.0
698481.1401160258,575159.4859705353,0.805
702406.9260079116,574654.9954524087,4.0
706343.0160863717,574133.1506365109,5.0
710280.1592800346,573614.6169032399,1.0
722086.026142567,572063.5269559724,4.7425
726015.4383051175,571543.192681361,2.8
733877.5321862634,570512.3017489789,2.0
737809.8765082163,570008.5268947119,1.0
741743.2104403215,569507.934689614,4.505
765354.9381647762,566459.0643460276,2.0
777136.055249582,564927.0073770154,1.0
781065.2694237478,564422.6188046504,1.8399999999999999
792849.5794209992,562885.8247104166,1.135
796779.8918987546,562379.8515840108,0.58
812465.2856646482,560329.0326507054,5.0
816390.4108500859,559810.3718943568,5.0
820316.6243628904,559294.747329426,5.0
824243.9852544102,558782.2753284108,4.0024999999999995
828172.5522603102,558273.072474842,4.7575
832100.7707911723,557787.793992036,4.8525
193584.2776268117,644874.4281091709,2.985
197558.77483217005,644338.1249323934,4.965
201513.21112991206,643806.5182035472,4.0
221310.2319095527,641197.6813399056,4.0
229242.93458307482,640177.2308903867,3.0
233205.9874700221,639672.2328621084,3.0
237169.59233925777,639170.4822843485,2.0
241133.760292043,638672.2014404973,1.0
276754.0787830987,634008.5741346553,2.0
280713.150570818,633488.6215955038,4.0
292594.1609760354,631948.7119483314,3.9379999999999997
300517.99079959665,630938.8966853758,3.0
304480.85200949473,630439.1156983282,5.0
312390.7638018178,629422.226773181,4.955
316337.8602641858,628905.2016114267,5.0
328190.418214823,627345.9227866996,5.0
332147.4973019327,626814.0766509138,5.0
359858.521044167,623184.6364985313,3.6750000000000003
363812.9335402325,622679.6639576983,1.0
367768.04227500956,622178.0087455027,1.0
383568.46279230237,620121.8882095842,3.0
387518.13837456633,619609.1982278656,2.0
391468.2287867428,619085.912324978,4.09
395419.0743959142,618565.9309777729,3.745
407275.9214604909,617011.8039784096,5.0
411229.5280991599,616491.2541663051,2.74
415183.90436607774,615973.8990780385,3.0
423086.6577466397,614949.2427339116,1.0
427035.0288413302,614441.8170826351,5.0
430984.10010187374,613937.7970270151,4.1075
434934.0013801616,613437.0697141401,4.495
438884.30694357515,612911.8336772686,1.0
466492.428149502,609327.9107327415,3.0
494147.6497487603,605710.1309257606,3.0
529665.3721696897,601127.8828771962,2.0
533610.66304504,600611.8897218211,1.0
537556.8403470549,600099.1601270474,5.0
549384.1482103558,598566.3727721293,3.92
553317.3467797036,598052.6013065474,2.0
561186.4393171652,597034.8866008362,0.61
573022.4690682493,595491.2399989562,3.0
592735.2188842099,592927.0686905663,1.0
600590.7885506203,591890.0406087507,0.565
612398.0288470703,590359.1476113359,4.422499999999999
624247.0797823388,588858.1891298117,1.0
628174.728954213,588321.8524187217,0.9075
632103.3820221935,587788.8374768924,5.0
636033.0406704769,587259.0337884929,0.43
639963.7069480947,586732.3308458468,3.0
643903.3166693771,586223.101523038,0.775
647843.9111477005,585716.9877143372,5.0
651785.5493162147,585214.2145999176,1.7349999999999999
659655.8197077536,584190.1071511535,1.0
663584.561291649,583668.6383736413,2.67
667514.2486535609,583150.4819031525,1.0
675385.1831546128,582123.7592931343,2.0
683268.5456425262,581110.206365196,3.0
695068.8036361658,579585.1591127906,1.0
702929.973109647,578574.7860858096,1.935
706862.697221559,578060.4444065625,4.6225000000000005
710796.4680779015,577549.3014907455,4.715
714731.2845210301,577041.3581131231,0.63
730459.8272067101,574957.0251467768,4.795
734392.8879795208,574436.8756420799,4.0
750133.0522203044,572443.6620509429,2.0
754063.8071668926,571925.1421353826,1.0
757995.7312523087,571409.6972276419,1.0
777648.51798114,568837.8724199738,2.0
785502.9147341889,567819.4109466877,1.74
793353.3475630066,566812.894048146,1.0
797280.2154528011,566314.4373316607,2.0
812972.2688630989,564238.9853851553,4.8525
816898.1338806676,563728.011333053,4.0
820825.1373893628,563220.1946705962,1.96
824753.2783053457,562715.536311713,4.234999999999999
828682.5555468181,562214.0371737788,2.9050000000000002
194082.74046042265,648830.9548463626,4.0
198062.12478598428,648294.4239325915,3.58
202019.3529189381,647762.7346500168,4.2675
221822.42105926148,645154.3133870317,3.0949999999999998
225787.1424787739,644642.4452427449,2.0
229752.4989974905,644134.0520518413,5.0
233716.30054220493,643629.1464238511,1.0
249575.81047477422,641615.4792358065,3.0
253540.96234652124,641099.60664225,1.0
257506.77408421354,640586.982625612,1.0
273322.17531634995,638489.8152131038,2.4699999999999998
277273.17479762423,637967.0676416084,2.956
281228.9134871991,637447.4642311558,4.140000000000001
293099.92683357967,635908.5938901333,3.0
305001.4500809701,634398.775383167,2.89
308969.88345385937,633902.2523175189,4.0
312913.0011816609,633382.2763484884,2.0
324746.3580084982,631842.3448602837,3.3
328703.5198010296,631307.3802782707,3.805
332661.4551178273,630775.6370148081,1.0
336620.1042990441,630247.3401100785,4.595
340579.39564912964,629722.380828457,1.0
344539.46035183384,629200.7548536435,5.0
348500.16446247004,628682.4668242587,4.6325
356423.7505819651,627655.8967660517,0.885
360374.1628391062,627147.9836428193,4.64
364325.2729985353,626643.386323995,4.0
384076.7963174567,624087.1588227069,4.87
391978.118827974,623044.7403550558,5.0
399882.0060389201,621994.8787623355,1.0
407788.81764990307,620951.2540896479,3.82
411743.3446416283,620430.9049287168,0.63
423599.0047876494,618889.93127813,4.7475000000000005
427544.0581935128,618382.9010998299,4.0
431489.9449369261,617879.2732514376,4.42
435436.59397444676,617378.8267304245,5.0
455196.5653899818,614787.5991461128,0.8875
474901.4940919559,612223.3289201558,5.0
482804.0720693188,611187.295350818,3.0949999999999998
530173.8294985085,605051.5975096608,0.7225
553831.4252381905,602006.9508077037,4.91
561702.4814472285,600990.1122691091,1.0325
569586.073707971,599944.6751649268,5.0
585356.3275130312,597878.803523357,4.96
589299.2351067103,597366.9529744284,1.0
597171.2436315822,596345.7675649403,1.0
612910.4522068053,594314.0597779164,4.0
616860.4230950847,593804.0137864985,4.9275
628687.7019356922,592258.0373493265,2.8725
636539.7056249721,591196.1457584556,0.4975
640467.2482971188,590670.0168985082,4.495
644408.1508497242,590154.3726885887,3.0
648349.9805118975,589641.9591755522,3.0
656236.7505267586,588626.8372742506,2.515
660165.299715654,588109.7798723914,1.0
664094.9233358777,587595.9331355151,1.0425
671957.0547662218,586577.8631605478,2.0
675894.3560769015,586059.7899561226,0.65
687712.3527481714,584524.7707942771,1.9100000000000001
691645.6583639062,584012.4602203164,1.325
707381.1867594628,581987.7210254045,5.0
711311.5767256147,581484.0794887077,3.61
719175.4636021829,580486.281143859,0.5125
723106.6696410081,579950.3569525778,0.7125
727039.0452641982,579417.5200225823,1.0
734907.0119712356,578361.5433894042,0.2475
746713.9263306642,576863.970041939,1.83
750651.7282228172,576371.1049607303,1.0
766369.1640244492,574318.0608719913,2.0
770298.1900227899,573791.8779109148,1.0
774228.4132735112,573268.7666596603,0.99
789933.5424055518,571234.275139167,2.0
793855.8027828828,570740.1667746995,3.6450000000000005
801702.1898979105,569719.2982303901,1.7149999999999999
809551.5025185335,568669.2535428172,5.0
813477.9188684099,568149.0313016297,1.0
821332.2282041395,567145.7314132834,1.0
825261.1455966483,566648.775893623,3.0
829191.1222366563,566154.9807456685,4.904999999999999
190597.25420235348,653327.905834577,4.9675
194580.92393379787,652787.6254851911,4.8575
198565.17980649532,652250.8683459535,5.0
202525.25381823693,651719.0935104797,3.4475
214408.9072006059,650144.0993445031,4.7325
218371.25273495936,649625.6928058332,4.3325
222334.17103204224,649110.7672182629,5.0
226297.6539041957,648599.2114506112,4.4925
234226.3013970427,647586.0982345557,1.0
238191.47575964328,647084.763071999,3.94
250088.85575036824,645572.9673541151,2.95
269888.8907484,642973.9191145739,3.3725
273840.0208664724,642447.984382187,3.9375
277791.7940207267,641925.5010183183,4.8475
281744.1982169515,641406.2468029615,4.43
285697.2323419513,640890.2218378922,2.0
297576.686187016,639361.8128345851,5.0
301548.78969855444,638858.467384492,4.93
305521.52890893887,638358.6020606495,1.825
309494.89763816027,637862.1058201119,3.3600000000000003
313434.70219296205,637342.4944670592,1.0
329216.1298934442,635268.7822822602,4.0
333174.854684029,634737.3674105704,5.0
337134.290444855,634209.2933020331,2.92
341094.43579055753,633684.5601709252,4.655
345055.2893379602,633163.1682351083,3.0
349016.8497060597,632645.1177160256,2.0
352979.1155160144,632130.4088387145,4.2875
360889.1934003784,631111.5051498776,4.0
364836.9996277733,630607.2829765407,5.0
368785.5027194871,630106.375549892,4.0
372734.7013237576,629608.7831115816,4.905
380633.774519706,628567.9432453178,2.8525
388535.80042824714,627540.3643859979,3.0
392487.2872864416,627003.8585702498,5.0
424110.634470858,622830.6903209798,5.0
428052.5015501785,622324.0533992294,5.0
435938.46626637573,621320.7648868179,2.0
443860.090355407,620274.864164345,3.0
451784.9540904913,619242.2431646809,0.74
459646.62029448623,618223.2477996713,2.66
467511.4782820731,617217.3170189634,0.065
483316.8702966224,615133.6569814412,4.6325
518845.24057639553,610498.2271754919,2.9
522789.7794174101,609987.3421324799,5.0
526735.1216503811,609479.6189595312,5.0
530681.3979211227,608975.2812879691,1.7149999999999999
534628.541755562,608474.1068834476,1.92
550409.409388663,606474.0739009967,2.605
554344.558458731,605961.2730665365,4.7175
566155.796867606,604414.5725491019,3.0
570094.9772100868,603886.9744749162,0.785
574035.1000354155,603362.6293592975,3.0
577976.1640871976,602841.5377985043,2.7199999999999998
597678.888348938,600284.5628090957,5.0
609471.7720878222,598788.4759770473,1.0
613421.9043807283,598268.8389730342,4.8425
617373.0112698484,597752.462205682,5.0
621325.0886868744,597239.4575307472,1.78
629199.5440040164,596194.3091497002,4.6075
633121.8843369595,595662.3329422148,3.0
637045.3003525226,595133.4565573232,1.125
640969.7210875165,594607.7900704369,1.81
644911.8432967467,594085.7293771319,1.025
656744.3077744478,592539.0958676916,1.065
660673.7424809447,592029.5441560857,1.0
668535.5324343096,591020.1925787255,4.7825
672467.9559421737,590520.2852567965,2.0
676402.3982703071,589995.799663608,2.8125
688211.8906801408,588441.4274297059,2.76
692150.478246844,587929.8173049521,4.0
707898.4791954453,585915.0914143724,5.0
711825.4844866749,585418.9506512396,2.7800000000000002
727549.0156004413,583354.8785311375,0.855
735419.9034154975,582286.304723477,4.0125
743292.3996950239,581286.1203491818,1.0
770805.0101757908,577715.3178545088,2.635
786520.38166206,575644.0994657045,2.0
798276.9983389687,574183.8872147063,2.0
802201.540425538,573647.9563849317,1.7349999999999999
806127.2500961191,573115.1919049527,3.69
813982.2349037022,572059.1700579654,4.635
817909.6069911523,571563.6859747078,4.0
821838.0976838369,571071.3706403216,2.9175
829698.3709214432,570096.1341818655,5.0
191102.1676446917,657277.0330904573,4.0
214932.87617663736,654127.5794142326,4.0
218895.99270630395,653609.255348824,5.0
222859.61709960672,653094.4217871716,5.0
226823.87315020006,652582.9597403714,4.7725
230788.6210504067,652074.7658195896,2.9525
246635.39488396875,650049.6194779929,3.0
254568.25120711158,649014.75307192,1.8125
258535.55550529013,648502.4943400575,1.8475000000000001
266454.19908535597,647461.1256523402,1.0
274357.40819671913,646406.31498517,1.0
282263.1725572668,645364.887589505,4.8805
286216.96881389734,644849.0276387939,1.0
294126.54039792065,643827.5655595353,1.0
298094.3684605361,643314.3178258371,4.6325
313946.49674236093,641275.3018641463,1.0
321838.0642548086,640246.2133632023,4.755
325784.8469369798,639736.6019667909,2.0
333695.47042748635,638684.966074435,2.6625
341608.8962976927,637646.7998535167,3.0
345570.5964481634,637125.6405130764,2.77
349532.93836514704,636607.8304093527,4.895
353496.0530229277,636093.3654867224,3.975
357459.80666319653,635582.2501484165,1.0
365355.9887972118,634557.1065549739,4.73
369305.17966442934,634049.5696958639,2.0
385107.3516750032,631989.914843752,2.0
393007.93303834193,630948.7487589316,2.965
396957.0731328343,630422.8454031441,2.645
424625.9908252231,626792.3620060822,5.0
428568.6601989205,626279.1644254737,4.965
440413.43048549385,624745.4077237789,5.0
460161.54158788477,622181.0931612169,2.535
471983.2413201781,620636.584389315,2.0
483828.845244858,619080.0958775897,3.591
507534.3453728259,615999.9214762691,2.0
519361.38692029205,614448.6133479103,3.68
527244.83408721,613430.7568712244,2.8825000000000003
535136.0623372411,612419.1276521925,1.58
550920.9640769602,610400.1911895899,1.0
562732.0420472872,608873.0160258366,1.8425
566671.2379217381,608342.6685569072,1.0
574552.5963229637,607291.750579007,1.585
578494.6231734606,606771.1792896222,1.0
590313.9556279308,605228.7920749979,1.6
602125.0569630166,603715.3415570604,1.0
606061.1783971355,603217.290515055,0.775
613945.2057044503,602203.3192901136,5.0
629714.4561377063,600130.7819385976,2.975
637562.3714435942,599071.1053353315,4.705
641487.8067327052,598546.0336795244,0.815
649375.1929213693,597506.4774829214,0.76
657266.53822819,596479.9004521128,3.6574999999999998
669060.9647449142,594962.7796938606,2.66
672994.4120728986,594463.5137406345,2.915
676925.7428244906,593939.5219078809,5.0
684791.4551949324,592901.0755326906,0.65
696606.3039643129,591368.0615769923,3.58
716276.0241857549,588855.0319154756,1.01
720206.4672652158,588358.979308974,1.0
728066.1375246632,587292.505459263,2.6075
735930.19309378,586238.9472253174,1.29
739867.3210062693,585731.0176607929,2.9225
751685.2704318068,584226.4986337768,3.18
759537.9947284106,583196.1675876379,1.7225000000000001
779181.2399321699,580592.283222544,2.66
783112.2195961224,580069.9236541605,1.0
794870.390296597,578581.7688295897,2.615
798791.9478778436,578092.0143437805,2.0
806643.7810166777,577038.8007172905,0.435
810571.369503302,576516.8930600444,3.0
822349.9422021706,575011.4326562593,2.605
191606.8544759613,661226.1892445534,2.0
215456.48537170497,658111.2114174059,4.795
219420.29826329736,657592.974662357,2.6950000000000003
223384.6860998005,657078.2300447039,1.5675
227349.64068431186,656566.8664365783,4.0
231315.15420191624,656058.7727035331,4.535
235272.20840567694,655540.7446197746,4.6049999999999995
239229.85357017358,655026.1940924013,2.0
255081.2721945869,652972.5623575337,0.84
263018.0697224073,651951.5636505606,3.7625
266969.49081280583,651419.2204884738,1.0
278827.61081891606,649842.4098613597,2.35
286736.2158990476,648807.88614632,2.585
294647.36901270866,647786.8806421859,4.0
302576.3940316194,646750.6838300843,3.0
322359.32164128864,644179.1614188114,3.0
326311.0677856586,643669.6127541717,3.91
330262.97955070104,643149.5041704113,4.77
334215.51083170925,642632.6250014771,1.0
342122.7766753699,641609.0998930195,1.0
361925.2727840863,639024.7066370305,3.83
365874.3521620465,638507.1058501769,4.78
369824.15400291496,637992.8308191961,4.0
377725.5587497153,636960.3587877853,1.0
397473.97994215705,634375.3118169513,1.0
401420.74424264085,633859.8976995731,3.0
425140.61641507264,630753.9940326745,3.0
429084.0146354912,630234.2373575522,1.0
433028.2021710687,629717.6716395961,2.0
436973.18092979584,629204.5196747072,4.9399999999999995
440927.23280776065,628694.5669854106,3.0
448837.7009113294,627684.6134807318,1.0
452794.1144544193,627184.613432928,3.885
456734.48146562214,626660.2795126317,2.5949999999999998
460675.67480753065,626139.2364368299,4.065
468560.53517922293,625107.0245009009,1.805
472504.1187294489,624581.9544110429,4.085
488295.17763524386,622514.5830953736,2.875
511994.7488401867,619429.0251833312,1.0
527753.6501619475,617382.0868477402,5.0
539592.6897255154,615853.3590658288,1.0
543543.5903004289,615345.7758940002,0.9725
547495.3792896761,614841.4804164888,3.0475
551431.5861274757,614326.3914004592,1.0
555368.699453397,613814.4524857439,0.67
567185.7811224766,612270.7393589411,1.1625
590821.9246611749,609159.8790177368,1.6
602640.1873566204,607648.1347740497,0.795
606581.4755736996,607150.7305178326,1.0
614467.5143046821,606137.8915406307,2.88
618412.3747829772,605622.4602901386,2.0575
626304.8823352265,604601.371556717,1.0
630228.3657124398,604067.2346674204,4.945
634152.7888718707,603536.4272452127,0.775
642004.7983198351,602484.256878579,1.75
653840.4374785135,600931.6747658001,4.7775
657787.6414619819,600420.6865461282,1.0
661719.1752549154,599912.3853101525,4.9
665651.7127040783,599407.1986839129,2.62
673519.7746103669,598406.7280618716,4.5649999999999995
685307.408210349,596845.8751363968,0.485
724655.0370525841,591754.4658091255,1.0
728582.0184124026,591230.3379313871,0.9625
736439.2447888451,590191.5716543226,3.7875
740377.840838374,589677.4659237713,1.0
748258.3597837825,588658.7959905751,0.635
756127.1542103717,587638.3178460347,1.0
763984.3356381143,586615.9610599196,2.43
767914.5743799824,586109.5182048576,0.33999999999999997
779691.4697670401,584524.6573440945,1.71
807158.8934061646,580962.5011359444,2.0
815016.7384647003,579937.4759575464,2.0
818938.0747541096,579443.0648815902,5.0
215979.72084863536,662094.7731566299,3.0
219944.28757902404,661576.6206332594,2.0
223909.36446774565,661061.9697816847,2.0
227875.0091852608,660550.7054729937,5.0
231841.27980642783,660042.7127962261,2.0
235794.55889282643,659518.1344319349,4.8925
239748.4349021802,658996.9207678623,1.0
243702.90639956805,658479.0718428027,5.0
247657.9719522536,657964.5876991469,1.0
255593.87115567658,656930.4179347232,3.0
259562.75446260066,656418.2986721378,3.6325
263532.1800167627,655909.6796761705,1.885
271437.2112304688,654848.6242888169,1.0
295167.69081044465,651746.2500498295,4.0
303089.42931964307,650696.7621998778,2.0
314968.52034810954,649141.305769993,5.0
318923.93782263016,648625.1171318935,2.0
322879.9613364327,648112.2818002915,4.875
326836.6555025989,647602.7973514693,5.0
338685.260032207,646074.3980134688,4.0
354528.0480258839,644019.579672331,4.88
362442.41270683275,642981.4022587296,5.0
374293.7000572713,641418.5853974111,4.0
382197.83013662085,640379.4294840731,1.0
390104.992436694,639353.6007621428,3.0
394047.12293662975,638838.9585892325,1.0
397990.066365729,638327.6271556411,2.0
421711.19936638296,635245.4313571323,1.0
425654.5786668329,634715.6965428703,2.4875
429598.6985684761,634189.381382267,5.0
441440.2812099147,632643.799326566,4.529999999999999
445391.92989468167,632144.574547952,4.825
457242.8647717,630625.0574666774,4.96
461189.0165681531,630097.3439351907,3.0
465136.00794698956,629573.0454658922,0.53
469083.83656217635,629052.0512763234,3.0825
473024.1761511075,628527.4024270838,4.6925
476965.29341817246,628005.9339771634,5.0
492763.31681116106,625953.3873681957,3.0
500679.87208186684,624947.0489985812,3.955
504622.85031102784,624420.9764145045,2.9975
524325.8845984965,621839.7067100741,3.0675
528261.5712135893,621333.2751535336,4.8
559818.2768852334,617233.1493607853,1.5
563758.1335479527,616728.3443761021,1.0
571641.4594417468,615672.9370381506,2.0
583461.0739512005,614114.1355983866,4.7375
587394.5177964605,613600.9117302913,3.5625
591328.8996588202,613090.9399450244,4.0
603154.2920243898,611580.9044660367,3.6875
607100.7318758017,611084.1484919107,3.9899999999999998
611048.1053672102,610590.6615109975,1.0
618930.3978998448,609557.5922717806,4.825
622873.0068594223,609045.8882650277,2.0
626816.5884135466,608537.4426260302,1.475
638593.1823808651,606946.5604908308,1.0
646465.9217279404,605902.545830423,0.835
658307.5427825935,604361.6741051525,2.0
670108.2978279446,602848.1225313181,2.79
674043.9012501338,602350.1455173874,2.0
677969.0044497941,601827.1394916745,3.0
681895.141866995,601307.4594193567,1.0
689750.4688688623,600277.5216171024,3.08
697635.0889878266,599261.4939956404,1.675
701578.891004709,598758.2246772097,1.0
721250.5853942194,596204.8128608512,0.85
736947.0467809723,594144.4000400994,2.79
764501.3427202085,590546.232957433,2.0
776276.7521501028,588981.7515670657,3.4725
780200.5276139926,588457.1331778979,3.84
788046.843755258,587424.1978744017,1.935
795893.0949915819,586410.5151209086,4.87
799817.9242501615,585908.5578933377,5.0
803744.6900937695,585395.778127104,4.54
807672.653604459,584886.2970837438,1.0
811601.760877447,584379.8892716458,1.0
823369.6879293981,582892.0770960506,3.425
827290.2404792403,582404.5347825848,1.72
212520.59989488404,666586.8430252653,1.0
216502.5889462509,666078.3758147014,3.25
220467.83508251992,665560.3123449571,1.77
224433.6583453369,665045.7521846686,5.0
232367.0038089403,664026.6972876796,5.0
236316.5067914173,663495.5687260777,5.0
252137.04988742154,661403.5893032411,0.94
256106.04185986242,660888.2086961986,2.0
260075.63893312114,660376.2193585997,4.76
271952.40588221885,658806.9584623687,5.0
279861.5360669107,657759.5233029164,4.92
283817.07097484486,657241.0165209211,2.535
299644.3899824845,655172.6030926006,5.0
303601.96052346996,654643.0060019828,2.0
307560.20610059553,654116.6603571987,1.0
311519.13451784244,653593.7886817651,4.54
315478.73969102406,653074.279970373,1.705
331307.4691563165,651030.4693834707,4.755
335253.9335479267,650528.2325935839,1.0
339201.067221083,650029.443161292,4.295
343148.864785081,649533.9900940983,1.0
351077.68935534114,648496.4485311089,4.7925
359009.287495991,647472.365897567,1.6175
362958.86073442514,646938.0525214141,2.79
366909.1867196077,646407.1868197313,4.9375
374812.0754061134,645355.2435525721,2.8125
382717.9485373496,644316.7607591366,4.0
422223.5974326119,639213.7710329806,1.045
430112.6451284819,638144.5974746011,5.0
438004.8909469367,637088.5672934242,4.85
441952.57787337893,636593.327144633,4.952500000000001
445901.0292584963,636101.2905484121,4.9275
449850.2464044021,635612.6803097781,2.655
453800.22550675133,635127.2743732063,4.0
457750.4700407005,634589.7982078735,1.0
465653.5168095717,633524.5718848268,4.785
469606.31814423617,632997.0450482555,4.7125
489316.72020918404,630408.6623192066,3.1574999999999998
497233.37115958094,629396.5279690027,1.6949999999999998
528768.5946747083,625284.6553449742,4.0
540605.1150965,623730.9466644386,3.5349999999999997
572155.0025638659,619601.7991766455,0.93
580044.053355833,618560.5120367594,1.0
587903.6629719516,617531.7179921605,0.2925
591834.8757079478,617022.1971315583,5.0
599716.7263107672,616013.2601631265,3.7775
603667.3654856457,615513.8728896612,4.3325
607618.8751525155,615017.7651786022,3.315
611571.3869887254,614524.9406303763,3.0
619447.4253303984,613492.8154278211,4.74
623386.8742025992,612981.5810439354,3.875
627327.295826283,612473.6039553899,5.0
631252.8259880142,611940.6261332491,5.0
639106.9177302825,610884.4776834035,4.8475
643035.4799969231,610361.197265326,1.0
646981.690110126,609841.6653032266,5.0
650928.911343731,609325.395453386,0.96
654877.1388286534,608812.499625016,0.975
658826.3784725395,608302.7561647771,3.8
662759.9815557129,607795.5960516483,2.0
666694.6496121861,607291.7869352354,1.0
674566.8620713764,606293.6571270963,4.4975
682411.8706585931,605251.9539988572,1.0
686335.8626823488,604735.9768322511,3.075
694203.7601882151,603714.1313670566,4.3925
702092.5457463026,602705.6955824224,0.915
706038.4545542137,602206.4558975454,0.5125
713902.5134893463,601160.7501555709,4.0
717836.0838760961,600642.7819454456,1.0
721770.7978905994,600127.9280670593,1.0
733531.3080664355,598600.148200484,1.3074999999999999
737453.6037919614,598097.3209570963,2.84
753226.1435195956,596010.3022807417,3.0
757155.3249258853,595495.8622300737,1.1099999999999999
768949.4756459128,593971.6614263002,1.5750000000000002
772867.9380010644,593441.1967627881,3.46
784630.0145448924,591868.7780827293,1.74
788553.0175371584,591351.0458893515,3.79
796402.4861053027,590325.1427174117,4.895
800328.8825251687,589816.9694637656,4.7375
804256.407808702,589311.9843237773,5.0
808185.0608213681,588810.1882124795,3.0
816045.752836765,587816.0556489155,3.9924999999999997
819961.0474096832,587322.7144657616,4.315
827794.9916933128,586345.5292547522,2.0
189132.50736617693,673558.2091998067,4.43
224947.713857339,669002.3898911448,4.82
228910.71761068376,668491.4411764806,0.43
236828.64966550656,667452.6168349059,4.6
240783.6208481141,666924.7260043574,3.9875
244739.1954320918,666400.0996338241,5.0
248695.37823520123,665878.8489190917,3.0
252660.3940772323,665360.5380619327,0.3
280377.79606153606,661718.323594654,5.0
312041.5074334731,657553.9225986572,4.0
315997.76407919865,657034.7815985493,3.695
319954.69640734064,656519.0023667626,5.0
323912.3689135375,656006.582605131,2.9074999999999998
335772.73225353134,654489.9712511925,4.234999999999999
343677.48865049717,653495.9211864481,1.0
359523.7165276204,651408.0276356572,5.0
363474.2842846507,650880.9778987281,4.3225
367425.6569026101,650357.2685026769,4.5525
375330.5442474955,649319.7683100151,3.0
379279.78661363665,648799.1885724273,4.0625
387180.5029727717,647768.0382409338,5.0
395075.77504768054,646743.4137391709,0.895
430625.85376110225,642099.8856068552,3.7025
434572.4810043415,641577.4525032239,5.0
438519.9805150915,641058.4491913924,4.5475
442468.4518520354,640556.5566461543,4.3725000000000005
446417.63567434344,640057.985295292,5.0
450367.5979053605,639562.8458751859,4.0
454318.4008844319,639070.9156968566,4.8425
458269.4814114728,638533.7055172734,0.565
462221.48300264584,637999.8164467299,3.8325
466174.3381629428,637469.2495720405,3.1225
470127.979370588,636942.0057612695,4.945
485884.91528558906,634866.4625138715,2.8850000000000002
489838.6858327414,634355.7915254552,3.3575
493793.36595190945,633848.5500705466,4.87
497748.8215673734,633344.627631994,2.0
513542.0491370198,631277.9480669415,1.0
533221.4665621641,628734.0400932115,1.0
541118.0583559481,627683.8357706973,3.9025
556897.3435638869,625622.9260276863,0.67
560838.2547080409,625115.8413471626,0.7475
572667.140626158,623558.6605904642,3.64
576612.1645325767,623036.8961316273,2.0
584488.3918719732,622002.9179873858,1.0
588419.5888383487,621490.6778451642,1.095
600231.5098269724,619966.7596997963,3.0
604179.1013361939,619460.9404434189,4.88
608127.5749892145,618958.3997563841,4.8625
612077.0649773852,618459.0300611136,4.0
616015.5862784581,617941.8430029852,4.82
619955.0175669565,617427.9160759449,5.0
623895.4904634043,616917.2532605482,4.65
631763.4450389015,615877.4551426359,3.0
635691.0292755319,615348.4072922897,4.795
643549.1719951015,614299.8028907068,5.0
651436.2907318329,613265.0640294403,4.74
655381.3674353978,612752.5313121853,1.0
659327.4529089917,612243.261102912,0.9875
675072.0162933127,610236.6496359501,4.665
678999.2048222679,609714.9266518336,4.8875
682927.3633331171,609196.538754194,1.6475
690786.9350434644,608169.3392606918,3.5325
694726.8914303039,607653.8636360355,1.0
698667.897368833,607141.6315255221,1.0
702610.0182585011,606632.646553657,5.0
706553.119651596,606126.9038935397,1.0
718341.4874472716,604564.7196051022,1.0
722273.1145013472,604050.3603517702,1.0
726197.478555038,603538.8277134513,1.0
741915.3519282682,601497.3246942591,4.0
757667.5300670031,599424.7221635021,1.0
773384.538793428,597373.056852066,0.535
777305.2372595402,596846.5361753693,1.1225
785150.0504477096,595802.9503425518,1.9
789074.2231328079,595286.0021579387,4.4175
792999.4624834629,594772.241275588,5.0
796925.900986547,594261.6767447852,4.58
800853.4706832533,593754.3054359946,1.0
804778.4051584266,593242.8597479584,5.0
808704.4715439129,592734.7136606677,4.875
816560.0311802655,591727.7684450289,0.71
820474.3983770614,591235.1005719397,5.0
824389.9518019585,590745.6051854119,5.0
201578.92647567223,676018.0376682188,1.0
205569.33913231728,675505.8930231035,4.285
209560.29832823685,674997.195148211,2.94
225461.38686181017,672958.8464639662,3.9275
233381.20901675202,671941.2217532797,1.0
237340.40467435523,671409.7079285979,5.0
241300.21331140044,670881.5822429499,0.885
257145.5483594719,668802.9620032916,2.945
265071.86133764894,667784.093423591,1.0
269026.32179308904,667252.3033646569,2.545
272981.424245204,666723.7757291803,2.0
276937.178155869,666198.7329518534,1.0
280893.5765732537,665677.0639874581,4.0
284850.61805136246,665158.7689547958,3.0
288808.30114637606,664643.847976259,1.0
292766.6244166405,664132.3011778332,4.0
308602.94065316644,662036.4707708769,3.0
312563.3995699077,661514.0002219528,5.384
316516.3062937921,660995.2269854425,4.5175
320469.8890454004,660479.8141415305,4.41
324424.146399025,659967.7618738813,2.752
340247.8971908869,657953.2735572131,0.745
344205.50614864903,657458.0270526763,1.0
348162.42829004856,656924.4439859334,1.26
356078.4086318619,655867.2518040249,2.0
360037.5334059373,655343.7523180777,4.86
363989.14900570037,654823.8538972363,2.0
367941.4929258084,654307.3035216238,5.0
371894.56376021646,653794.1014601588,2.5549999999999997
375848.36010500346,653284.2479853099,4.685
379794.28026489005,652764.0541970087,4.0
383740.9478316164,652247.3065724261,2.815
387688.35580005136,651733.7829965539,5.0
395585.08390402666,650702.7304728599,5.0
411386.75678921817,648639.1784716649,4.695
419291.81772891793,647606.5718896966,4.9575
423245.51737134263,647095.3863215065,4.7524999999999995
427191.5222468626,646573.6538042603,5.0
431138.3239124662,646055.2457508789,4.955
435085.91945708584,645540.0513244485,4.8675
439034.31067696353,645028.2933393037,5.0
446933.4697730422,644014.7545945402,5.0
450884.1688458373,643512.9753083894,4.845
454835.7225601001,643014.5220678784,2.8325
458787.6978785213,642477.6890721153,4.385
462740.52929944743,641944.1834644508,5.0
466694.21545243874,641414.005693255,0.86
470648.75496922666,640887.1562103909,4.0
474587.6182215831,640363.7247232925,4.965
478527.3285279252,639843.5946888188,2.0
486409.28492262465,638813.2408157606,1.0
490359.7960206484,638303.0009672595,4.5075
494311.1507056891,637796.189512046,1.0
502216.45076169947,636792.297615801,1.0
514056.09039946296,635227.7512561185,2.44
518004.3771182547,634712.8848416191,1.5899999999999999
537684.615518763,632159.8766689636,3.58
541630.1365795846,631636.9197025765,3.0
553463.9731399941,630087.6253980929,0.21
557404.8644745215,629577.7499971101,1.0
561346.5979903248,629071.1586280102,2.0
565289.3049257381,628567.8535374161,3.7025
573178.2963371156,627515.4961740626,1.0
577124.2169939817,626994.2486157566,4.035
581071.085881411,626476.2892978936,1.8275
585002.3215396134,625961.32066622,1.0
588934.4989625108,625449.6139171282,1.0
592867.5505337354,624941.1683720853,2.0
596801.6076395377,624435.9872092716,3.0
600745.1926642981,623920.3457166562,3.955
604689.8056887214,623407.9841385586,1.89
608635.3101649585,622899.0114508979,4.6125
612581.7761768029,622393.2073152298,4.5375
616521.2470210575,621876.4679211173,2.0
620461.6928077157,621363.1072883559,3.805
624403.1149106154,620853.0148911718,1.0
632273.0555379086,619814.3746248642,1.0
640131.1843724019,618760.4718904085,1.65
648001.6632417997,617719.9188585784,4.7
651942.5740597633,617204.5991600147,1.0
667699.6881381723,615175.2361824745,1.0
675575.9642941772,614179.7292445693,3.87
679508.3389440185,613658.7987301238,2.67
683441.7523759764,613141.2185754916,5.0
687376.2074729467,612626.8783699116,0.715
691311.7074849934,612115.6677127201,0.81
703126.2303997603,610559.5770755922,5.0
710991.8391260179,609523.9173658649,5.0649999999999995
714918.2273768631,609003.7229354894,3.565
718845.6939198144,608486.6370913768,3.0
738499.0849609894,605949.5328702107,2.7675
746370.8606723628,604901.5769235911,5.0
750308.3767373412,604382.4936457509,3.855
754247.0007535568,603866.6387163922,2.0
762110.8880388872,602843.8113796022,1.0
773899.8275486722,601305.0124545861,4.97
777821.6901818399,600779.1471045818,1.0
785668.7492290519,599737.2193048261,1.47
789594.0164462153,599221.0514774472,4.51
793520.4183383863,598708.0809493223,5.0
801376.6883138876,597691.7396675553,4.0
805299.0260454076,597173.9438021835,1.75
809222.4472388837,596659.3315604143,4.0
813147.0916328671,596147.8013657061,1.0
817072.876814822,595639.572100807,5.0
820986.3786013637,595147.5817646617,2.0
824901.0003222895,594658.7620266806,3.84
186144.41746054892,681916.8416720638,4.0
194110.6975383034,680931.9578023413,4.7475000000000005
198094.6128315486,680444.6182510462,5.0
202078.96509806666,679960.834026794,4.9675
206074.39293261117,679451.9289892688,4.1125
218063.91749182314,677945.8604488205,1.0
225974.6900646715,676915.3442219347,1.3725
320984.47015004215,664440.6859950591,1.0
229930.93871613446,676405.2790593896,2.87
233887.7494728557,675898.4906557417,4.94
249747.52028525792,673792.3009216674,1.0
265584.21127032116,671742.4015824031,4.0
269539.4431614596,671210.7501955088,4.0
273495.252468784,670682.3700668467,5.0
277451.7090426207,670157.3691625837,5.0
281408.88237891556,669635.8556849966,5.0
285366.6998929351,669117.7217871007,1.0
289325.09438184754,668602.9705645824,4.835
293284.1301349411,668091.5990630621,1.0
297243.87146721943,667583.6045558266,1.0
305162.87600529805,666522.0581358382,3.0
313084.68317475665,665474.1380473999,4.0
317034.2384766152,664955.7325152364,5.0
324935.3109599136,663929.0011401912,4.82
328886.89108419186,663420.6731500663,4.81
336808.5918328688,662413.6301146466,2.0
340770.41787955817,661915.22623342,4.2835
344732.91304971,661420.1965144202,0.215
348686.2652995251,660879.9924791586,4.0
352640.36540919356,660343.1478689378,4.805
360550.73431414424,659279.4287523441,4.75
364503.3257332857,658766.7955578268,4.455
368456.6974291075,658257.4030810194,2.0
372410.71956284373,657751.3665476153,3.9425
380308.05597715406,656728.9875127962,4.0
384251.4660291254,656212.6227074573,5.0
388195.5509014344,655699.4823073475,4.915
400047.84212888987,654137.9007500075,4.7475000000000005
407958.4086257875,653099.6316692112,1.0
415855.3296663251,652061.3771199789,4.8575
419804.9578566116,651547.1426618323,5.0
423755.36590773927,651036.3559148209,5.0
427702.2843402575,650521.8523063883,4.9350000000000005
431650.0550292389,650010.6778780585,2.875
435598.54464053205,649502.8349841442,5.0
439547.883764677,648998.3221360138,4.8225
447448.466223531,647971.7103649536,4.8725000000000005
451400.02700529725,647463.2903197901,1.0
455352.3243188381,646958.3146016076,5.0
459305.18585837376,646421.8594730878,3.0
463258.83777852147,645888.6267754147,4.7975
467213.411823365,645358.7270904817,3.0
471168.7752202102,644832.273071317,3.91
475108.47736906534,644309.2409025803,4.9375
490880.050386353,642250.4017973049,4.785
494828.21021676046,641743.9086460928,2.0
502726.92335830076,640740.8723341003,1.0
506673.48042141943,640216.5191743979,2.0
514569.1796265092,639177.6351613402,4.7725
522451.80202600465,638152.0313796317,1.0
530321.4576949932,637139.62949121,2.76
534257.5611762844,636638.4133617748,5.0
573688.4673523513,631472.4170110617,4.585
581583.1010323605,630434.2517987089,4.685
585515.2412346796,629919.8101168182,4.0
589448.3243430022,629408.6360185798,3.1799999999999997
593382.4153500444,628900.731442756,2.665
597317.3804164261,628396.0944548463,2.58
601257.9732067662,627874.0223023035,4.3325
605199.4754451895,627355.1150263567,5.0
609141.9472711455,626839.597066855,5.0
613085.4561010185,626327.3594700163,4.43
617025.8655332983,625811.1794107156,4.1625
620967.253890073,625298.2726562303,2.0
624909.6832991217,624788.7528397972,4.8425
628853.0255855229,624282.3947958052,4.0
636711.1134619399,623223.2840574225,4.0
640641.6478321529,622698.5465815943,1.745
644573.2582383044,622177.17287861,5.0
648510.0001251216,621659.0684881797,2.0
652447.7499959583,621144.3342230031,2.0
668200.5576004161,619117.0392096909,2.9299999999999997
680016.3881535437,617602.6529444382,2.7125
687894.605227693,616572.3587481715,2.0
699704.895778375,615008.4867798658,0.575
711501.0177669185,613445.0471769534,3.3225
723274.1358976918,611895.4956847606,3.0
735081.942415501,610375.832563581,1.0
766556.1882492087,606267.7004227387,3.895
770491.9449021239,605765.1391502805,4.9475
774413.7432283637,605236.9482797384,3.715
782260.893673395,604190.1740124384,0.88
790112.5302559908,603156.2016043905,3.5875
794040.0862895111,602644.021879035,4.1850000000000005
797968.783983862,602134.9352635043,0.91
801898.6083781065,601629.1649162294,5.0
805818.3505950568,601105.0181876188,5.0
809739.1947345743,600583.9434219953,4.125
813661.2661016025,600066.0612897994,3.9375
817584.4226485386,599551.475116591,4.67
821496.9872909901,599060.1576804183,3.545
825410.6724486443,598572.0133749275,2.0
202578.69212925778,683903.5538967205,4.67
206579.11958447518,683397.8900098298,4.79
218583.63087393227,681901.8444682658,1.915
242332.1988064935,678795.6507719979,1.7275
246302.25732262467,678270.5845381664,4.5395
254227.82170764956,677231.8933106977,4.952500000000001
266096.11442597874,675700.6467219442,3.5949999999999998
270052.0436321604,675169.1380619695,5.0
274008.6171159615,674640.9029897265,3.556
281923.7182339593,673594.809893121,1.0
285882.23233532044,673076.7297811331,4.0
289841.3954668735,672562.146076588,4.0
293801.2009629245,672050.9477425097,3.83
305682.13419079076,670481.965405263,5.0
309643.4726721391,669956.5110382866,4.8149999999999995
317551.6304037687,668916.4068071628,4.0
325445.9979468374,667890.4066742426,4.14
337325.65559398243,666375.6615490429,2.0
341292.3429703552,665877.2409802713,2.0
345259.7051550695,665382.3183901496,2.1799999999999997
349209.4870862629,664835.4932297822,4.9
361063.32539236185,663215.2793452395,5.0
365016.94575427513,662709.7990629394,5.0
368971.27302028984,662207.6783877686,4.375
372926.2399478069,661708.9193703262,3.0875
376881.97676583985,661213.5186380651,3.0
380821.24790836044,660694.0963474894,1.42
392643.6590225218,659155.8214097116,5.0
396601.7541221677,658621.5635276511,4.0
400560.6417306734,658090.7778007593,2.0
404520.2497279971,657563.2434976548,4.97
408480.7109050769,657039.0694334162,5.1899999999999995
412425.4871837017,656518.6768033542,5.0
416371.0424003207,656001.5074381968,3.825
420317.3773365717,655487.6729084319,2.0
424264.4923999113,654977.2847908763,4.9125
428212.38080408773,654470.0098026954,5.0
432161.0465586227,653966.1819593282,5.0
436110.48496244225,653465.5791990757,3.0
440060.69633720856,652968.3131135888,0.9
444011.3497448081,652446.8019008841,5.0
447962.8187447269,651928.5166954407,4.9399999999999995
451915.0385559109,651413.6810247116,1.995
455868.13733004476,650902.0714586824,3.855
459821.81072358333,650365.9953872887,4.975
463776.3417135042,649833.1468609469,4.0425
467731.72996049596,649303.6375546586,1.0
471687.9747516685,648777.5791479293,4.745
483512.31793944066,647219.8427406019,3.0575
495344.2794009107,645691.7077077422,4.9399999999999995
507183.93263786327,644165.4930390501,4.5425
534774.2493518932,640590.670090056,4.0
542651.4351178572,639543.1132423906,1.0
550532.3502514142,638508.8445837265,0.795
554474.1454594198,637996.6524882559,4.8775
562360.5368359617,636982.1571426038,1.5325
570250.9142369961,635953.0454750024,0.64
574197.7174574682,635429.535228746,1.0
578145.4063582426,634909.3230306525,4.8675
589961.2610114145,633367.8589833081,3.7925
593896.1840872313,632860.492053709,1.0
597832.1148525435,632356.4010475855,2.89
601769.6517292144,631827.7850657403,3.8925
605708.1074475831,631302.4441592786,2.215
609647.5443619355,630780.4915778507,4.6850000000000005
613588.0325188499,630261.7071800875,1.0
617529.4383826733,629746.0885136677,4.4025
621471.8243380339,629233.7490043184,3.585
629359.4650817411,628218.9083855934,2.0
633288.9885499446,627688.2545235753,4.6850000000000005
637219.525567379,627160.9668348115,3.855
641151.0812295139,626636.8236423889,1.0
649017.2305014373,625598.4184184205,4.59
652951.8249934834,625084.0466447268,1.0
660824.0402786342,624065.1908120057,0.9525
664761.6661135931,623560.4858491719,2.0
672639.9330439712,622560.9702941263,3.0
696289.0818898785,619473.6287248628,1.6400000000000001
704155.1181896287,618413.8318177825,4.65
715929.2021487039,616847.0642367741,0.93
723772.8392373892,615818.198221771,0.605
739539.57761665,613802.0211449694,4.0
747398.95688064,612756.2334760409,3.0
755262.7128460485,611723.2334516672,0.825
763130.8783796853,610703.4759905394,4.1975
767066.6577973384,610198.3311156118,4.5
774926.4722696526,609169.0977977328,1.9100000000000001
778850.5520803866,608644.8737760717,4.5825
782775.7724743902,608123.8562074378,1.0
786702.1322755045,607606.046005575,4.21
790629.630309636,607091.4440876301,4.0
794558.3389380783,606579.9443799388,4.8125
798488.1100234904,606071.7618523203,2.0
802419.08250729,605566.7946150079,5.0
806336.237390684,605036.1851100028,4.88
810254.4984152999,604508.7581302775,3.0
814173.931103214,603984.518860287,2.915
818094.6010160227,603463.4727064185,1.0
822006.223655384,602972.8279546751,4.609999999999999
207121.08721382986,687352.2242547423,2.6275
211114.49274037738,686850.64347238,5.0
227008.39175324724,684828.2036159011,2.88
230961.99668921507,684318.5679262895,3.665
254741.2217250588,681189.466292697,5.0
258701.53251095346,680675.6180567639,1.0
262662.4456475739,680165.0568435658,1.0
266623.9711131321,679658.0050444696,1.83
274529.71962798573,678598.9766317243,4.9350000000000005
278483.570287823,678074.5931069674,2.0
282438.068063082,677553.5931456629,2.0
286397.3463567409,677035.7869255459,2.58
290357.20394216187,676521.3745474368,5.0
294317.7706248488,676010.3501708321,5.0
298278.9136574883,675502.7197945854,4.775
302239.58148925984,674970.6832327349,3.0
306200.931430517,674441.9260139354,3.0
314125.6294400679,673394.808839337,5.0
329917.4364136435,671343.6690966543,1.88
341804.75136772974,669818.803244546,1.0
353670.8043094813,668241.4497007243,2.0
361576.1279211843,667178.9932836574,3.09
365530.2807959614,666666.8797743879,2.0
369485.21916398976,666158.1294472953,4.3625
373440.87283075764,665652.6333190287,5.0
377397.1807218867,665150.6158005139,4.0
397121.05339485075,662567.1312389793,3.6275
405041.48843132873,661523.2268636841,3.0
409002.8375972321,661006.270624266,4.87
412948.31216971803,660479.1967765503,3.0
416894.51483008265,659955.4641788024,4.7475000000000005
420841.5758526108,659435.0708018942,5.0
424789.3621438728,658918.0193024427,2.805
428738.10738193267,658411.0921251848,1.8425
432687.5651899342,657907.6187543478,0.77
436637.79824198794,657407.4872889258,1.99
440588.8696174538,656910.5860519521,2.725
444536.23442740715,656389.3832088346,3.7475
448484.4165147257,655871.5163042508,5.0
452433.41561995225,655357.096974236,5.0
456383.22800152446,654845.903198733,3.6625
460337.70487594523,654310.2068484053,5.0
464293.04137339484,653777.8548919903,4.995
468249.3012780971,653248.7361202361,4.542
472206.35294276074,652723.0743868612,4.925
476147.8393704963,652200.8419837821,1.0
487977.2644848787,650654.169549291,0.8675
499802.03249845747,649137.1542870514,0.87
507693.5805701675,648114.6578487568,1.0
523478.94335503725,646046.8374665137,4.795
531352.2618149798,645022.3777250256,1.0
535290.2179414934,644515.09426447,4.49
539229.2995212637,643990.2006357275,2.0
543169.2335387188,643468.6056807097,2.0
547110.1507909485,642950.3111316375,1.0
566828.3818972965,640408.3555891709,3.785
574714.6248094912,639358.9540493609,3.9025
578659.1088814072,638839.1988465814,3.0
582604.6098252014,638322.743313903,3.0
590473.6478228774,637299.2539443001,4.8475
594409.550240462,636792.4279615451,4.0
602284.8512452971,635760.8173724534,3.0
606224.2909986884,635236.1458844189,4.7924999999999995
610164.6519267665,634714.6446021833,4.0
614106.0627103896,634196.4284510165,1.8725
621991.7695981308,633169.625681771,2.445
629881.3932239495,632156.0766888829,5.0
633811.8628748145,631626.0178130902,2.0
637743.4167458315,631099.2215925427,1.8499999999999999
645609.507039249,630055.4124918254,1.0
649544.1071782619,629538.4030538518,1.0
657416.271114165,628514.3962981272,5.0
661353.8395841516,628007.1779612964,2.0
665288.5505783943,627496.0768797128,4.0
669224.2799369957,626988.2357474659,2.0
673161.0264004865,626483.6553180125,2.0
684978.9821141029,624947.9049981982,1.0
688920.6446283046,624435.6967104292,1.0
692863.3566528092,623926.6424350059,1.0
696795.5019605254,623399.4345292477,5.0
704663.074676534,622354.8738023341,1.0
712523.070070126,621308.8506644303,4.73
716448.8570017086,620783.5256753443,0.27
751851.8081560982,616166.8199238833,1.0
755785.3128633533,615652.7347462131,1.0
759715.7952480275,615141.7682231395,2.0
767580.0216578012,614129.2918572351,1.0
771513.8174728449,613628.0097602932,4.8625
775437.8202823367,613101.3380322075,4.0
779363.0326293202,612577.8816379495,1.705
783289.3867802591,612057.6376877408,4.4925
787216.8149672532,611540.6030759849,5.0
791145.4491683671,611026.7867181879,4.58
795075.2216288971,610516.1855704011,4.88
799006.1381587416,610008.6894453112,4.975
802938.1836982877,609504.5215101046,3.9324999999999997
806856.4319168713,608974.7149614077,4.59
810775.8541936689,608448.10118616,3.0
814696.4493680242,607924.6811394179,1.0
818618.216281363,607404.4557796121,3.805
215634.9670271094,690307.999678039,3.7875
231483.04232165235,688274.9231674746,0.85
235437.88047103927,687768.6771592926,4.0
255254.2099233722,685147.3080773661,1.0
263185.0384194069,684122.7460281728,0.665
271100.5363443594,683084.7338415477,3.0
279000.82700396155,682033.1847902294,5.0
286911.9101801992,680994.8992924327,2.0
294833.7730695396,679969.8092784788,1.0
302757.02844167466,678930.5112745576,2.0
306719.14049276966,678402.0566473734,4.0
310681.8733403941,677877.0010433691,5.0
322541.3597873088,676323.4656538023,5.0
326490.341275475,675812.4722006992,4.0
330440.06866505614,675304.9566206858,3.0
338356.9979054762,674271.7763270512,1.0
346276.7803704005,673252.1275878102,3.6825
350228.5750302461,672719.7889918284,5.0
354181.1047746279,672190.7086518789,3.285
358134.30614089244,671665.0000323318,1.0
369998.5291197615,670108.5338553358,3.335
373954.73361113155,669596.416001983,3.74
377911.66802114004,669087.6692553861,4.5275
381852.54695168964,668568.8093326921,3.735
385794.173379263,668053.2929399647,4.5725
389736.6116264983,667541.118829892,3.81
397639.72237202997,666512.5443523694,3.86
405561.9463358441,665483.0599401388,5.0
409524.24197919085,664973.4321584385,0.61
413470.34182675637,664439.6788931703,4.865
417417.25059832504,663909.382409079,4.0
421364.9647237382,663382.4318696372,4.74
425313.48101241374,662858.7164389994,4.5975
429263.01056407875,662352.2499473626,5.0
441116.2586273108,660852.8242124785,5.0
445060.33477126586,660332.0407169685,5.0
449005.22845337074,659814.5918685338,5.025
452950.93828037905,659300.47808572,5.0
456897.46286113944,658789.6997905616,3.6550000000000002
460852.8007813014,658254.3831596412,1.3975
464808.9995055692,657722.4166598804,3.9175
468766.0576318756,657193.8007534891,4.0
480609.42537183885,655628.1976425871,4.906
500313.1846608343,653085.4288059175,3.86
508202.29190671374,652063.7908740286,3.67
512152.29926407215,651544.0613444997,1.0
516103.1923996084,651027.7717061732,4.76
520054.9706171877,650514.7000466576,2.0
523991.20903035434,649990.9710755339,0.77
531866.3229681774,648953.5322969072,0.6925
535805.2624461461,648439.7127657793,3.89
539745.2173654474,647915.2950646691,4.7725
543686.0919442459,647394.1823174898,3.0
547627.9508614966,646876.3757716324,4.835
551570.660737378,646361.8747238573,4.95
555514.2862474319,645850.6803730838,1.335
563404.3448744859,644838.2150093531,0.635
567350.7092769466,644336.9443467166,1.0
571290.1472892684,643811.0537661696,1.0
575230.4728011192,643288.4583296105,4.0
579171.8166295338,642769.1607258264,4.5
583114.111381219,642253.1605849089,1.0
587049.0933170901,641740.3055923004,5.0
590985.0215994732,641230.7355103875,4.995
594921.8288026443,640724.4496449754,2.805
598859.6458395303,640221.4512522174,4.5675
602799.0126211458,639693.9377604015,2.0
606739.4329793921,639169.7137767402,3.77
610680.77333479,638648.7770361761,5.0
614623.0985095708,638131.1296661729,4.5175
622510.7009869234,637105.5945843467,4.0
626455.9758684577,636597.7082579779,4.7625
634333.701249542,635563.7637393894,2.0
638266.1941954058,635037.5687824646,3.8049999999999997
646134.2324293053,633994.9814977609,3.8024999999999998
650069.7716140861,633478.7018247982,4.0
654006.2620402987,632965.5782924313,1.0
661882.4085189347,631949.2580856346,5.0
665814.2053201259,631431.7601982299,4.255
669747.1022692823,630917.4125915356,4.9125
673680.9576673899,630406.4336890765,4.2075
677615.8404184611,629898.7153972788,1.74
681552.2835176138,629380.3609063253,2.535
685489.7787766565,628865.157814364,3.2
689428.3162954052,628353.3292690394,2.8525
697300.8151564104,627325.2226174716,2.0
705169.8319703117,626296.0073612081,4.0175
713036.0544499598,625251.5319770863,0.79
716967.2761177788,624720.0820433935,1.0
720899.5987213252,624191.8758632289,1.0
728766.8702105243,623159.0929139098,0.9
736637.7961165204,622153.0772173824,5.0
748438.5180406957,620612.1338844821,2.0
764162.5300411937,618564.4513308546,1.7774999999999999
772022.8603834452,617559.5898435432,1.0
779874.2561426273,616510.988044817,4.7425
783801.6092506319,615991.399067156,5.05
787730.1641274781,615475.1443891153,4.735
795590.7611144397,614452.3006291864,3.09
799522.7343144206,613945.7093230877,4.6775
803455.9111496264,613442.3452451127,4.0
807375.310969594,612913.3463210706,3.0
224094.4135826897,693253.8040639106,1.0
243877.14737121874,690667.1998515939,1.0
251797.4951846431,689622.7427751692,3.0
255766.77412244302,689105.1964043807,4.875
275570.5157437873,686515.5001614522,4.0
279517.60340893606,685991.7167019397,3.0
287426.04946470144,684953.9497216716,2.0
291387.3412282461,684439.9905048916,2.7895
295349.3390679927,683929.3192990134,1.0
307236.75643601606,682362.2461370034,3.0
315164.34263699,681315.9351589838,2.0
319112.80378488544,680798.5201283963,5.0
323061.94073040865,680284.3683447437,5.0
327011.69500177284,679773.7048220942,2.0
330962.19196941523,679266.4136331975,5.0
334916.69266452227,678741.5598664861,3.866
338871.9039339834,678220.087714701,1.8975
346784.3830781422,677187.1801571827,1.0
350737.13360467565,676661.9758448545,4.0
354690.67767505127,676140.1446588151,4.635
362599.88144710043,675106.7223460944,3.8449999999999998
370511.20549674926,674059.0028176587,5.0
378425.50691128714,673024.788472197,4.785
382367.20996859425,672506.2099087927,4.9275
386309.5959679534,671990.9821492443,5.0
390252.7948330199,671479.1022407524,1.385
394196.6737788839,670970.5736484583,0.85
398157.6338753066,670458.0281692212,2.975
402119.28638241725,669948.8623408219,0.925
406081.7635063468,669443.1848948579,4.5625
421887.67692883115,667329.865078128,0.77
425836.85201420344,666799.5986061199,4.0
429787.22145781695,666293.4812384285,1.6925
433738.3697339459,665790.7168185972,3.63
441642.9313777775,664795.2491726754,4.825
445583.7172783589,664274.8848389778,2.0
449525.319773981,663757.7426351253,5.0
453467.67417444114,663244.0460794559,3.9225
457410.90936598345,662733.6830089735,4.95
477183.8106306745,660092.6461441293,1.0
504760.1965264639,656535.7393458411,4.98
508710.1976214245,656013.1147031933,3.52
520565.39522048185,654465.3569516167,1.0
528440.5961284937,653408.2124227388,1.0
532379.5996596649,652884.6590919271,5.0
536319.4490135652,652364.4147864198,4.4275
540260.3349081767,651840.47417052,4.85
544202.0767162075,651319.7324485425,4.24
552088.3814208354,650288.4063807307,1.0
556032.9425909324,649777.7120986572,4.3175
559978.419191591,649270.3308983138,2.0
571808.2771750982,647740.0770171266,4.0
575745.3947857433,647217.9388310788,4.0675
579683.530842746,646699.0973211629,4.73
583622.618004277,646183.552112231,3.92
587558.560207352,645671.2275023796,3.565
591495.383853106,645162.1923275711,2.49
595433.2197188565,644656.4497493999,5.0
599371.9343765381,644153.9977866895,4.7275
603312.2037106641,643627.0363198165,4.8625
607253.527737516,643103.3700900152,5.0
611195.8390717088,642582.998383645,2.0
615139.0702978455,642065.9202691969,1.345
626974.7989458775,640534.4670145335,4.295
638787.8539359906,638976.1194125833,4.0
642722.2999425016,638453.6880305167,3.2325
650594.303552738,637418.8718483634,3.0
654531.7920472071,636906.4864591118,5.0
658470.3641816641,636397.2681014473,5.0
662409.8827487289,635891.3243187098,4.9125
666338.7700404093,635367.3178609582,4.4875
670268.6949060657,634846.6808076454,4.8625
674199.6599073145,634329.3027404873,3.855
682064.9799091589,633297.211089164,4.0
685999.3397566422,632782.6104622763,3.56
689934.7507293341,632271.1609835131,3.665
701739.608086221,630742.591449298,1.0425
705675.3278970722,630237.1181901451,1.0
709612.159946771,629735.0186671,0.755
725361.2163516354,627591.474538873,1.0
729291.960334183,627084.1724537164,1.0
741090.6455916115,625581.5160578713,1.0
752890.9846442825,624024.5081272405,0.955
764676.4324717233,622495.0835689474,2.7199999999999998
780384.0953427881,620444.0737039009,1.875
784312.5589293181,619925.3702144213,4.7225
792172.980400065,618897.6436569961,0.835
796104.9428505076,618388.5114473077,1.0
803972.2046705359,617380.1500875782,2.175
807892.6812302028,616851.9547933666,4.54
811814.4008343953,616326.9685588367,1.0
244391.31077582922,694624.3242450273,1.0
260253.56496060028,692548.7064203732,3.7
276090.1922895153,690473.6166324746,1.0
295864.33703739895,687888.8860531971,3.0
311718.06423181575,685797.7213091832,5.0
315682.91029811185,685276.4723445419,4.755
319632.06374432915,684759.2681536553,5.0
327532.4739557819,683734.8862149334,1.0
331483.66650177294,683227.8225502847,4.0
347291.4663982612,681122.1795170968,2.0
351245.2327062712,680604.2194340788,5.0
355199.7160709186,680089.6403614786,2.0
363110.8281397423,679070.6262804819,4.0
367066.65855232644,678538.3905773284,1.0
371023.25087181677,678009.6475424906,3.0
374980.66297357995,677484.1733014882,4.8975
378938.76538410236,676962.0829488169,3.7199999999999998
382881.21837276954,676443.7881470565,2.925
386824.421090042,675928.8481012126,5.0
390768.30647423025,675417.2646657117,1.72
394713.00434485334,674909.0350187831,5.0
398674.8556016347,674403.6924409773,0.92
402637.45660658495,673901.8450425621,3.29
406600.80116853834,673403.2707255445,4.0
410564.89026951697,672908.0810364578,4.0
422409.5803799275,671277.3726103464,5.0
430310.60627863405,670234.6767343143,2.81
438215.2822610056,669233.3298778376,4.675
442168.7529046788,668737.6401061006,1.0
446106.24715975905,668217.6946344906,3.45
450044.5582786814,667700.9699911084,0.755
453983.6873382578,667187.6890425412,2.66
457923.6306507006,666677.6297720307,3.8425000000000002
473756.6140427035,664559.8043791438,3.0
497400.2928032682,661483.4775788579,4.324999999999999
505266.3575648026,660484.5977542792,0.705
513168.863306463,659443.6661629593,0.355
525012.9629669128,657879.4826731402,5.0
528951.9313956258,657346.0733250044,4.6049999999999995
532891.8266704883,656815.867424449,4.89
544717.05316907,655245.4771691393,1.0
556550.5652057469,653704.9398352746,3.7725
560496.9041191668,653198.0641279351,1.74
564444.2241720002,652694.5086916173,4.95
568392.3921376179,652194.2723704493,1.0
572325.4122807016,651669.2981903721,4.7475000000000005
576259.3204098417,651147.6168004703,4.2725
580194.2471138103,650629.2309254641,4.5275
584130.1251022781,650114.1401849687,3.0
592004.7296128024,649093.846674134,0.54
595943.4534800127,648588.6451957226,1.835
599883.1233220063,648086.741435702,2.0
603824.3527889595,647560.3338752175,4.165
607766.506022948,647037.224357645,5.0
611709.7137463741,646517.4165465999,2.895
631440.5961110312,643968.018540727,1.0
639308.4018071122,642914.6508977851,2.9575
643243.8374913794,642392.8294592928,4.6475
647180.2922972918,641874.2876588311,4.6175
651117.7577835228,641359.248625054,4.835
655056.1769697751,640847.3773375815,1.0
658995.6773259022,640338.7900430169,5.0
662936.1875947809,639833.596557891,2.9725
666862.1620412993,639303.1920798151,3.745
670789.1896116954,638776.044951275,4.0
674717.2649046417,638252.2671361612,4.6825
678646.3948049806,637731.6370467255,3.2800000000000002
682576.574007482,637214.2666552663,3.0
686507.8056435063,636700.0455720406,4.6899999999999995
694373.4039102858,635681.4992304351,2.715
698307.7678278126,635177.1755649624,3.9375
702243.1699501718,634676.2267520251,0.38
710117.1687224377,633684.0151694128,1.0
721943.7128009815,632053.1700172331,1.0
725888.148704282,631516.1321872799,2.4225000000000003
733744.5033449981,630505.6978535084,0.97
737674.2886163633,630005.4028188093,2.36
741605.1516693365,629508.242137867,2.3175
749473.06660651,628468.5351870535,1.95
757345.3769017607,627441.7106162524,1.0
792684.6844803386,622833.2683837814,2.0
796617.7521264899,622325.0399129353,1.0
808408.7936852671,620790.7794840494,1.96
272686.0772914678,694957.6526793716,1.0
276625.7527547657,694431.2170022158,0.9775
280566.0837443698,693908.2701716023,1.0
292423.6743662898,692358.3406487843,0.555
296382.95357490284,691848.3253054349,2.0
312235.347703785,689758.000074503,4.98
316200.9280160305,689236.9560583401,1.0
320150.83086008416,688719.9609145019,2.0
324101.4159441762,688206.351357541,4.2925
328052.61632524326,687696.1300192224,5.0
332004.56146419235,687189.2921893289,3.81
335956.13495701365,686658.0442409758,5.0
343861.5218422235,685605.8142116265,1.0
347815.2629582272,685084.7236920204,4.6675
355724.9646569182,684052.5885455925,2.0
359680.925872034,683541.6557480777,1.0
367590.00518249103,682502.2702486468,1.0
371543.23270075984,681973.8085062746,2.0
375497.2864223691,681448.836587429,3.355
379452.0277400233,680927.1359564681,1.0
383399.32888647646,680409.0220905943,5.0
391296.1191526232,679382.8982026624,4.715
395245.67094930686,678874.88722701,3.0
399204.0162655011,678363.0602056244,4.8225
403163.12107237114,677854.6156691741,5.0
407122.98169942544,677349.442741177,5.0
411083.60124042886,676847.7641952764,3.9175
415031.880812593,676308.0992776174,4.0
418981.04818257206,675771.7955249101,4.6325
422931.0363047856,675238.8545869207,4.8725000000000005
430829.4747710586,674197.0277043739,1.0
434778.02899068774,673688.1337270569,5.0
438727.3065925684,673182.4870303804,4.7125
442677.37481882673,672680.3094774336,4.755
446619.78259036853,672160.6746156383,4.975
454506.99012244394,671131.3286702149,2.61
458451.8539143503,670621.7289705798,2.0
474271.69764096825,668505.4996044058,4.672499999999999
482162.12991161016,667467.480058915,4.7025
497920.3483241793,665431.6707417853,4.7625
513692.2712133632,663393.6366047943,5.0
517645.72553502343,662878.6957972515,0.925
525538.9316059481,661830.7353431424,1.9525000000000001
529478.7234335857,661297.8002802692,4.467499999999999
533419.4424935485,660768.1855335403,4.5675
545239.0498914357,659199.1906182021,2.9699999999999998
557067.0329624073,657653.051816266,1.8925
561014.2997289104,657139.6752869133,5.0
564962.5589366225,656629.7360169087,4.9275
568911.7463489342,656123.0113793397,5.0
572845.641332954,655598.5583053185,4.3275
576780.5555101424,655077.5170727558,1.0
584653.1154734365,654045.1113134837,4.0475
588590.8227529239,653533.8603147147,2.8475
596469.2171249384,652521.2680350598,1.0
608294.9950164956,650971.5491633946,1.0
616184.2448528762,649936.3983832756,4.7524999999999995
620126.2260909077,649423.6781429043,2.0
624069.2550437439,648914.3720456474,3.7125
631958.1353197361,647905.4404637311,1.9525000000000001
635892.5045810945,647377.7719314555,1.41
639827.8338468297,646853.2742441539,1.0
643764.1812984041,646332.1723944498,4.859999999999999
647701.6183987015,645814.2468062276,4.915
651635.9090122401,645299.5843090937,1.0
655571.2161039868,644788.2018348007,2.38
659507.4722994393,644280.0978909731,4.95
663444.8084523496,643775.2776619261,5.0
667371.7872043784,643245.502671794,2.235
671299.7501351201,642719.0996747836,4.0
675228.7659137679,642195.9605631335,5.0
679158.9036138612,641675.9774593702,4.9775
683090.0256734156,641159.2573586414,4.255
687022.2630637198,640645.8061470147,1.0
690955.5529002913,640135.5109256785,1.165
698825.4873858066,639118.0519620935,2.0
702762.2114779986,638610.7816239186,1.0
706699.9285338204,638106.6678418377,2.0
710638.7599695212,637605.939533202,0.85
714576.3765197899,637066.4949765429,0.82
730324.8793802913,634954.7996673994,1.0
734254.9854163539,634444.9706180831,2.8825
765708.4037340014,630357.1982228924,1.0
773558.5292358852,629355.7277375823,1.0
781408.0778481846,628311.2426526621,0.785
785334.5046235735,627793.8395200968,4.0
789262.1420147477,627279.6705277739,4.55
793195.5380453512,626761.9913392942,0.41
797130.0221503547,626247.5473105237,0.735
801065.7188056116,625736.4587962069,1.0
808927.1687304183,624705.5016613826,1.0
253367.33120422787,701493.8960886328,2.5475
261326.87120524084,700462.2279633414,1.0
265307.5993831288,699951.5735497363,1.0
273224.5231265902,698915.0474307379,1.0
277160.82095297315,698389.094177153,5.0
285035.3612071389,697347.2053228226,3.0
292945.1806392965,696317.5802183393,4.0
300857.584640712,695301.4631702742,1.0
304821.752385927,694770.3717796812,5.0
316718.3997378077,693197.4975106083,4.835
320668.98232097883,692680.8258999316,3.0
324620.24383395293,692167.4342035474,4.81
328572.1872013229,691657.4338130848,5.0
332524.8149674948,691150.9361303924,4.7275
336477.13535663433,690619.9201687537,3.0
340430.18093715596,690092.2953855377,3.015
344383.950225999,689568.06202967,3.9725
348338.4417422825,689047.2203536024,4.725
356249.5855444673,688015.7130683605,5.0
360206.23487938533,687505.0479818005,3.1125
364163.6005397487,686997.7756202854,4.38
368112.705292447,686466.3275920218,2.0
372062.5694975114,685938.2582366392,3.98
383916.7013880067,684374.2140757861,1.0
387869.5888534626,683859.6625073133,3.0
391823.2284598622,683348.4911775589,0.83
403688.13182383205,681807.3453834048,3.9225
407644.51274782384,681295.7960621724,1.775
411601.66233507823,680787.6284427848,2.965
415550.87896281946,680255.1873888327,2.755
419500.8435422706,679726.2267725244,1.21
423451.6836293949,679200.6334387586,4.97
427403.330485878,678678.297754067,3.0775
431347.5865956929,678159.4524526652,2.4
435292.64525932213,677643.851648272,4.555
439238.57383730484,677131.717328866,5.0425
443185.23807084654,676622.9404514935,3.085
447132.54404708446,676103.6176723894,5.0
451080.6064616821,675587.6528346352,3.715
474785.95631502435,672451.2724856241,3.935
498439.5282355472,669380.056291637,2.0
510261.41144018923,667861.6341675567,1.0
526063.9647358891,665782.1843681931,2.0
533946.1723686768,664720.590348498,2.765
537888.7003027347,664194.7832116699,1.0
553635.2175688425,662124.3445679927,2.0
557582.5277081495,661601.2493628599,1.0
561530.7800788453,661081.4845364429,4.6625
565479.973310065,660565.0507089011,3.6025
569430.1060330303,660051.9485038696,1.0
573364.9332742776,659528.0180759067,1.0
577300.6509362136,659007.3918942008,5.0
581237.3893710533,658490.072722544,5.0
585175.0813834633,657976.0601728735,4.5075
589113.7256274287,657465.3548938669,4.6225
600935.3583191008,655953.0892194612,2.0
612767.5211177284,654387.207096586,1.0
616713.5560790551,653871.8704557102,4.7475000000000005
620652.3336009345,653359.7459409107,1.0
632474.5748116802,651842.9531338578,4.0
640346.1493559328,650791.9892598009,1.0
644283.473018924,650271.3870847272,3.8625
648221.8146283343,649754.1873411331,3.0
652152.9253895809,649240.0119950883,2.0
656085.052760566,648729.1155693829,5.0
660018.1954411522,648221.4988169624,3.0
667880.2606030104,647188.0151214236,1.0
671809.2205273608,646662.2479034942,4.5575
675739.2344985745,646139.7504387014,4.297499999999999
679670.3054799689,645620.412335284,5.0
683602.4281164284,645104.3455748754,3.0
687535.6055597703,644591.4397761058,1.0
691469.8277454244,644081.9181021946,4.0175
695405.0977370732,643575.6701768748,1.9224999999999999
699342.0034335897,643058.8000194142,1.0
711159.1201669159,641527.9590843646,2.6775
726902.3977086211,639419.609757836,2.0
730832.7203538044,638900.3435210381,5.0
738696.7243326622,637871.6946374942,1.6600000000000001
742630.3425178879,637362.1992822364,3.0
746565.7837242268,636842.0689360183,2.215
766226.6026226107,634288.4673930779,3.4924999999999997
785845.5653976614,631728.2309954548,4.7825
789770.1223744903,631214.5899321744,3.0
793704.9760832656,630690.8045722963,1.0
797641.0630613589,630170.268940934,2.295
801578.2494446491,629652.9756990438,5.0
805516.6003360982,629138.92993904,1.0
261862.77728110307,704419.0683426103,2.0
277695.37494158745,702346.80352824,4.9125
293466.17251011066,700276.7632773789,1.0
297418.6499780999,699767.2566401428,2.0
301371.7787041657,699261.2646785202,1.0
305336.6602062043,698730.3629753357,2.795
309302.1699511374,698202.8879865902,4.695
313268.3717358564,697678.8370954767,2.8475
317235.3293843757,697158.2079139315,1.0
321186.5788332112,696641.7493978795,5.08
325138.5736650621,696128.5738328286,4.84
329091.1902067443,695618.9088094151,4.08
333044.55337408825,695112.6384582212,3.9325
336997.5467236615,694581.857590409,2.8520000000000003
344905.8379396862,693530.3706156043,5.0
348861.0058994623,693009.7807115596,4.98
352816.9611116331,692492.5861906353,3.9575
356773.5747504952,691978.902736403,3.06
360730.9691485381,691468.504103954,1.92
364689.0155545898,690961.5057583265,2.0
368634.7520218426,690430.3401976526,4.0
372581.2515068708,689902.6631136546,4.96
376528.5092876455,689378.3636092199,2.0
380476.5210254701,688857.3307860084,1.0
392349.63646287523,687314.1547912564,2.0
396308.84971451387,686806.5857675876,3.0
400260.1823427405,686281.78907606,5.0
404212.2986286213,685760.3718952807,4.89
408165.2603957867,685242.2220696202,4.92
412118.9397204192,684727.5650455886,2.67
416069.0201906535,684202.4609540273,4.845
420019.90141725505,683680.7306057643,4.1175
423971.6456397894,683162.262093789,5.0
431864.9395578383,682121.8397258436,2.805
435806.57129291154,681599.7533004172,4.0
439749.0848832012,681081.1319603501,0.96
451597.48183310946,679531.2187614683,2.0
463453.03305336524,677976.7824010467,4.984999999999999
471349.8073812135,676920.2061236417,3.9375
475299.45449648617,676397.0113902111,5.005
495023.5346174082,673831.5832039621,4.77
498957.8318693965,673328.5229285508,3.0
526587.9972533503,669733.6068284083,5.0
542347.2594433379,667625.55049867,1.0
546280.1540675055,667106.764054738,1.0
554148.7713211409,666079.1324867401,3.7275
562046.2142573,665023.3788093645,4.865
569947.4721654558,663980.9723976757,1.0
573883.2232115346,663457.5651351633,4.97
589635.590790733,661397.0499967756,4.5775
593576.0496405035,660890.2033543754,1.5625
597517.4591489908,660386.6709868517,2.0
621177.2820866173,657295.7930534082,3.7525
629051.3883799141,656282.298102661,3.0300000000000002
632989.9170554144,655780.4451649264,1.0
640863.281709507,654730.7937690411,1.0
644801.5662650177,654210.914069674,4.0
656597.7523604735,652670.1205150085,3.0
660527.7139468179,652162.9881191021,5.0
664458.7556430006,651659.1373652462,0.9775
668387.5854723748,651130.6180264009,4.6899999999999995
672317.4679270475,650605.4845937174,0.8825000000000001
676248.4757874624,650083.5179643119,2.505
680180.4717702362,649564.8252180135,3.9899999999999998
684113.5205731938,649049.4095789911,2.89
695919.0984329352,647522.9500392871,4.3100000000000005
707736.8115394491,645963.311065969,1.56
731339.3026963279,642846.0911390688,2.0
735272.1015895442,642323.9035258703,4.775
739206.0115940161,641804.9790560855,3.9050000000000002
786355.2767821369,635662.8280443307,4.06
790276.7517569289,635149.7141334554,2.955
802089.3452386106,633569.6942884987,1.0
809959.7062437235,632535.34181251,2.0
282159.6036939224,705782.7301461883,5.0
286090.43203924655,705264.2663152274,3.0
293986.65450098633,704236.0010343567,0.53
301885.46469194413,703221.2321092999,3.0
325656.3394884372,700089.772752651,2.0
329609.6819203896,699580.3302320782,0.715
333563.70670558274,699074.2903697276,4.2925
341471.8806853429,698016.5980102047,3.0
357296.9283246049,695942.0463531278,2.045
361254.9939493856,695431.9168588407,1.0
365213.77807959635,694925.1912720371,4.0
369156.14802192897,694394.4192728382,2.0
373099.28128590476,693867.1343441559,3.5575
377043.1701967876,693343.1143805971,0.9275
380987.81643069687,692822.4709047014,2.0
388912.0791244313,691790.751783344,1.0
392875.34519222344,691280.0002470771,3.0
396839.3657652365,690772.6545004956,2.715
400787.1890776606,690241.2613644227,4.9350000000000005
404735.81062451896,689713.357460455,3.0
408685.289697855,689188.7194335507,4.695
412635.49636210676,688667.4615091942,4.4375
416586.49457963114,688149.5827168133,4.78
420538.28289058316,687635.0834357385,1.0
428444.1602165898,686616.3371749334,4.0
432381.53637270053,686084.4119336447,4.93
436319.8048068021,685555.72744931,4.41
471865.7196307442,680865.7100204611,2.7375
479759.26379197044,679823.6377228508,2.0
495540.1789376091,677779.6998011703,1.0
499475.2586077153,677276.9593494525,2.885
542869.6242174127,671579.0687321834,1.0
558610.5298922148,669497.8998454204,2.4
570463.8457803226,667909.9717115657,3.38
574400.4465318607,667387.087082223,4.46
582276.5224504864,666351.2688635895,1.0274999999999999
586215.9948881341,665838.3365771817,4.2875
590156.4218284745,665328.7230470292,3.595
601983.2820688677,663819.9099493548,4.0
613820.9158149832,662257.4763391763,2.0
617768.7571197354,661743.3118170304,5.0
657109.3104677476,656611.3276587455,1.0
661036.0931921236,656104.5678314315,5.0
664963.9562775895,655601.0885509057,3.39
684623.4874548812,652994.790429215,3.7275
688558.572532218,652483.3126974283,1.0
692494.7090109577,651975.1195633588,1.0
696431.8909371366,651470.3230176661,5.0325
700371.318499155,650940.7966890186,1.0
712196.0834574989,649372.168548529,4.795
716123.3658727795,648855.1502773119,3.0
720051.7377524596,648341.2846589424,2.0
723981.1874926831,647830.794879959,0.6
743650.3822914257,645216.5279749008,2.0
751526.4551964094,644182.4625466531,4.82
775115.4014748451,641154.7572310707,2.0
782946.3976692052,640113.3341027694,1.0
786863.6447047109,639597.5192022892,1.415
798658.9442316421,638015.986787105,1.0
806540.5499642936,636960.0742196972,1.0
322219.9652475028,704556.7619704446,4.86
326173.0207034419,704037.2431177637,2.4675
338035.98864857457,702484.7849033326,4.745
349904.2883014857,700935.0925604319,4.696
353861.4199760157,700411.5181348193,1.0
361777.7513727737,699374.4887658255,2.975
365737.0820997787,698861.1415653825,5.0
369680.2223229992,698330.6465484491,4.0
373624.06168876495,697803.6460299734,5.0
377568.65783357224,697279.9160065288,5.0
381514.0777456383,696759.5663284119,5.0
385472.47508120973,696242.4073822452,2.705
389431.63017414836,695728.6521648811,1.0
393391.5415375743,695218.301006197,4.0
397352.2076867262,694711.3542396231,4.805
401300.8108689327,694180.2689357037,5.0
405250.2134323303,693652.6785273859,0.815
409200.3438729154,693128.3622356923,3.0
413151.33383721404,692607.42902957,4.8149999999999995
417103.0510975965,692089.8817997025,2.95
425008.92496832635,691065.053112546,3.6425
428963.0113554667,690557.6623258488,2.96
432901.1929061549,690026.0881766174,3.96
444720.6405986888,688451.2970726257,1.0
452628.92621544003,687418.2433190402,2.9425
456584.24091029074,686906.7336226348,3.8625
476323.7769646209,684289.0564766489,1.0
527617.0423639445,677616.3662893353,4.98
551253.1934056401,674479.5135860154,4.9879999999999995
555189.715761157,673961.3519367427,4.7275
590675.7390996267,669281.6146874288,5.0
602505.6815965712,667753.5680258451,1.595
606447.3215687494,667229.9090945488,4.0
610390.0219214029,666709.573182866,3.6925
614333.649798681,666192.5579407187,3.315
626145.8106697338,664660.78560373,1.0
630081.0263070035,664156.7006958378,0.9875
634017.2912777457,663655.922576136,1.0
641894.3863416732,662608.7935915962,2.0
653701.4635449805,661055.1963603282,1.8025
657628.433609322,660538.8927388797,5.0
661556.4320634769,660025.872615613,0.5975
665485.4575923311,659516.1367626172,4.1
669416.1961974245,658988.8912163498,3.0375
689085.8721750369,656402.2022944251,3.0
693022.9408980386,655894.7981409021,3.0
696961.1312802288,655390.5767762046,0.3
700897.4094983705,654861.6756516844,1.7650000000000001
704834.7204718778,654335.9474246288,2.5949999999999998
755981.5405960951,647599.8629170936,3.0
775633.3097106356,645060.1765517797,0.595
783466.5131707998,644020.3129464034,4.74
795238.6147010172,642464.9282013439,1.0
799174.119692517,641939.5122967958,0.41
807048.6602612645,640898.5660635605,2.0
318782.8346109565,709040.6859563095,4.9399999999999995
322735.6244686531,708510.8560514301,5.0
326689.13029197697,707984.550260108,3.6825
330643.3461814593,707461.6576234372,4.0
334598.2666244054,706942.0671792971,1.0
338553.89429299673,706425.8903588187,5.0
342510.2276740614,705913.1274035219,3.0
350425.00192076294,704897.7328698225,2.6725
354382.5647821126,704367.4120104015,2.0
358340.8787720676,703840.6165357241,4.0
362299.8702052757,703317.1262757136,1.9649999999999999
366259.67155977094,702797.048773095,5.0
374148.1138363889,701740.2271323744,4.91
378093.4740752514,701216.7859592047,5.0
382039.5967248399,700696.8436621102,4.0
385994.63719411683,700180.0876947995,4.0
409714.6846843477,697067.9641963309,3.93
413666.3842003046,696547.3575858679,5.0
417618.87751860404,696030.1413369589,3.0
421572.1631631744,695516.3158353353,4.775
429481.1072344896,694498.9498574482,4.199
464993.6042430432,689811.046749902,1.0
476834.7301174971,688235.1393907173,1.9875
480783.4980444842,687716.5371918501,1.0
508383.49860796734,684124.8519857358,0.645
539956.4300329526,680006.9301892063,3.8375
563603.0275784583,676849.9112706687,1.0
567547.417399599,676335.3163620699,3.725
571492.7478272655,675824.1733091343,1.37
579370.293888432,674783.9383383775,2.0
587251.6141308324,673756.9064715179,1.0
595137.3953343154,672715.3929417077,1.0
610904.914397114,670644.1595083838,1.0
614845.3191990382,670127.6170688281,1.0
618786.7160624424,669614.3963339422,3.6125
638468.2675672158,667069.011625818,5.0
650291.2483353366,665514.9824723788,3.0
681739.0576880729,661344.6359952595,0.8325
693550.0281975808,659814.3534801519,2.415
701422.2804980985,658782.4284238834,4.6625
705356.4456623008,658257.2124925219,1.825
709291.7645703738,657735.3973201541,4.0
717157.4350034695,656701.248383671,1.0
725019.2851326447,655679.7250757106,4.39
728951.801325327,655173.9329203684,5.0
732886.7817835674,654643.6292866366,1.0
740760.1126967856,653593.0855435207,4.7475000000000005
744698.4718167007,653072.6249304768,1.0
752562.0599190656,652040.6643047603,4.755
764358.3605660141,650502.8994228663,1.8599999999999999
783985.2088855514,647927.4955053423,1.0
795755.9415226599,646381.0095416633,3.89
799687.9162802084,645863.2445657505,2.0
307427.54892171937,714569.9103453895,3.0
311383.5966537997,714043.7584780427,0.8
319297.6386367038,713001.6251000753,4.0
331159.3520898778,711402.3542698445,1.8
343028.50676676026,709861.5408678064,1.0
346986.49129085895,709359.3333531739,5.0
350945.10250240494,708860.5481193718,4.72
362821.41511869023,707259.827449711,2.98
366781.6829557831,706733.1315194946,3.435
370726.21102548135,706203.3074129578,3.725
378617.62132782233,705153.8354466418,3.0
382564.5005791157,704634.188342941,5.0
386516.1827022695,704117.8352625361,5.0
390468.62315447675,703604.8830911862,4.922
406276.64880107157,701531.5351819042,4.5525
410228.2506911877,701007.7490040325,1.0
414180.71651757456,700487.4683609307,3.905
418133.9119989221,699970.5849035531,4.0
422087.96619893797,699457.09664807,3.0
426042.8141473554,698947.1164244078,3.0
429998.3854060602,698440.4231733903,4.79
449709.18309866905,695819.8472597534,2.0
457605.86738031334,694795.0079916492,1.0
560182.6201985901,681302.7284991788,4.4475
564122.7135434513,680792.2628940782,3.625
575944.787554007,679260.146257055,2.0
595655.6517989588,676661.8984335167,5.0
607482.5511821874,675098.3361219242,4.0275
615355.9178766685,674062.8759722309,4.0
619294.0902252749,673550.126326534,2.0
631102.2709136977,672031.2395043494,4.685
635040.3245181405,671531.6507070893,1.0
638980.1263346295,671007.5767566953,4.0
642921.02023191,670486.9346223911,3.9775
646862.9458955046,669969.5007613385,5.0
654734.0035481758,668923.2510307143,2.0
662593.5782960237,667868.7586331544,1.0
678326.1460230582,665778.4316684436,1.615
682262.0312801339,665262.3747805422,0.81
690136.9071312281,664240.1606685417,2.715
698015.9317895403,663231.2633341439,4.7925
701945.9164527607,662703.3882725611,4.425
705876.9293295732,662178.7951360391,3.0175
709809.1057736559,661657.3793574655,3.0
713742.3687581633,661139.3612959525,0.61
721604.0006736313,660112.6899697892,1.0
725536.3785582668,659604.329718587,5.0
741281.2185414162,657520.4839343484,2.695
749148.6387806792,656483.7831731802,1.0
757008.2253079349,655459.300280991,5.0
760939.6928704893,654952.020071487,3.0
764869.3615610038,654426.9971888801,4.7125
776665.1346432517,652871.3023563,0.885
327719.7312922323,715879.5620542848,4.775
343546.1800827512,713809.79406003,1.0
347505.0408195708,713314.8420524905,1.0
351464.58232632757,712823.3159129089,3.0
355423.05365415325,712279.6132088155,3.0
359382.30245885137,711739.4466871247,4.885
363342.2551776996,711202.5961833708,3.62
367303.04402738134,710669.1692891512,3.0
371248.31703721394,710139.6242792197,4.925
375194.3576911371,709613.5886586839,1.0
387037.0430128134,708055.5404816857,4.905
390986.12401302153,707542.9896293031,2.0
394935.96212790516,707033.8386062188,4.385
398886.555861528,706528.0877532894,2.74
402837.3169616261,705997.9326361995,2.0
418648.3478346234,703911.0977790821,5.0
422603.09684846504,703397.9486230975,4.72
430514.97425988014,702381.9690315118,4.0
434455.390490321,701851.4537986396,2.0
438396.6396572305,701324.3138877992,4.0
458115.45762481994,698739.147145194,3.425
466008.50843619235,697701.0725812875,2.0
469956.14653968025,697173.2558184462,0.9
473904.71649162873,696648.7066330705,2.7925
513356.3965384255,691450.3589716349,2.67
552817.2716696158,686281.432031313,3.5825
556768.8479378421,685744.1430097036,1.0
560704.6633743661,685237.8096044883,4.4079999999999995
596172.8548130126,680608.6042914838,0.705
607998.5362515468,679032.6275522579,4.23
619800.3942220159,677485.944176958,3.225
623736.334512709,676976.8739347905,1.0
631611.2456536205,675968.8096041847,5.0
635550.151214575,675469.7039672015,4.0
647375.403898448,673909.3732122052,1.0
651319.2141768371,673395.8768067062,2.225
667042.9259577984,671261.8384509962,4.225
682783.8088449357,669180.2082104003,4.3075
686721.661074882,668668.1192878922,3.36
690660.566064002,668159.4486436332,2.0
694600.465722745,667653.97199859,4.855
702468.3213922465,666624.4437646493,1.0
710325.212988169,665579.4556848155,0.705
722118.8961569286,664036.679838391,3.3775
753592.3735196313,659899.3556495775,2.7625
765378.9822148774,658351.1852791384,0.64
769311.1784973314,657823.1854665773,4.8875
773244.5347842452,657298.4594469424,1.0
777179.0498010563,656777.0081787044,3.9699999999999998
800711.4050688581,653710.7723645167,2.0
359902.0671898676,715689.0148685705,5.0
367824.6293282256,714633.2963545294,4.765
371770.54947267205,714104.0333348811,4.0
379664.74770471914,713055.605745946,3.85
383612.96068264364,712536.5548069412,2.0
387561.9999918693,712020.9069455573,5.0
391511.73653296044,711508.7769580744,4.0
395462.29368262005,710999.939621727,4.9575
399413.5424153742,710494.5095145293,5.0
403360.92111417354,709964.6541410973,4.9925
407309.1030697275,709438.3089878494,2.7275
411258.0843461801,708915.3632200854,4.76
415207.8613932159,708395.7060031556,4.984999999999999
423117.7233471398,707352.8870431865,4.845
431030.8078891855,706323.5883961627,2.0
434972.0945138838,705800.4340145402,4.0
438914.2032029966,705280.6606826438,3.0
442857.06589081616,704764.1584149189,5.0
454690.4219110984,703207.2471288107,2.0
462583.4496038316,702176.8777305614,3.8049999999999997
549389.2103939228,690762.554422006,1.5525
561229.5873576046,689186.7123030201,2.46
573045.3100441023,687668.5201992411,1.0
592743.1272047999,685072.7190012597,2.4699999999999998
596689.298179675,684541.3859293861,4.63
600636.5391252456,684013.4035045793,3.0
624258.8616319888,680913.6861929409,3.0
632135.4542044254,679906.8219934851,2.0
636075.2677535746,679408.3268942572,5.0
640012.7707192797,678885.3466388816,1.0
643951.3047887968,678365.6896497514,2.0
659693.02022377,676263.9783174153,1.0
691181.8138301069,672106.4020732623,2.0
695122.7205245735,671601.7210351257,1.7525
706921.2560960158,670050.1837624358,1.0
710851.1870716759,669529.9778916072,2.0
714782.2058105652,669013.1744467719,1.0
730502.3778560816,666950.1898336727,1.0
738379.2630277416,665897.3252407843,4.895
761971.3552941573,662813.9121536976,4.0
765899.2713503835,662283.1733462885,4.1899999999999995
769828.3487565685,661755.7063756911,0.66
773758.5862322939,661231.5121995565,1.955
785531.5971794382,659677.0714335646,1.0
793377.7592706266,658656.4599587237,1.215
328748.9833237895,723802.6145890132,5.0
332705.33850921044,723266.7296628831,2.75
336662.4269160739,722734.1687313281,5.0
352499.9094885717,720693.7737231301,1.0
356460.17796359997,720164.4926575739,4.9215
360421.2020805847,719638.7592667835,2.825
364382.9734252391,719116.351437768,3.0
368345.4939374322,718597.3806827767,3.0
372292.1147549466,718068.2872644747,3.975
376239.5056672296,717542.7143498231,3.7275
380187.5969162619,717020.5527562052,1.7525
384136.5142502072,716501.6881477349,4.655
388086.1968277723,715986.3450456457,2.82
392036.70790564764,715474.5222628452,1.0
399939.87093845726,714460.8907102523,0.705
403883.8705070233,713931.557390593,2.7025
407828.6711832159,713405.6216463232,2.94
411774.27146079415,712883.0838642279,1.032
415720.66983565374,712363.9444345487,5.0
419675.7604074158,711834.1585039906,0.8
423631.6717777361,711307.7855532644,1.0
435487.96778212825,709749.4893394262,4.45
439430.85950041504,709236.9728799248,1.665
443374.55969789845,708727.7322820192,5.005
451264.09211957856,707691.8294384889,1.97
455210.03287211945,707165.0560113406,1.0
463104.33766936825,706121.6770300334,4.9275
538068.8187349888,696273.263601251,4.0
549910.9006005952,694703.2236193242,4.0
557815.9540591574,693655.129285221,3.0
565692.1292073223,692620.0724395858,2.0
573572.0235486439,691598.4102072977,4.4575
585375.2722221063,690048.8866716381,1.885
589311.611821149,689539.054987587,1.82
593257.6499987951,689004.9228758067,5.0
597204.6929072308,688474.2562853694,3.0
601152.7437081914,687946.833497622,3.985
605101.798750899,687422.7664487921,4.255
616905.8635020022,685869.4680262525,1.0
628718.8831552684,684346.0358413961,1.8
632658.5382782294,683844.9272496849,1.0
644468.7793121566,682305.4962204527,1.625
648405.1887400222,681789.6541351601,4.0
656273.7008615994,680739.8625577679,1.0
660205.907192097,680206.0147991804,1.915
664139.1863368824,679675.3687995952,4.305
668073.5331942571,679148.0365694435,1.0
672008.9505228854,678623.907735344,1.0
679882.90516812,677585.8169559389,1.5625
699586.5223837697,675048.6591807157,5.0
703515.2173055077,674522.6761594759,1.0
707445.0137148949,673999.8773585744,1.0
711375.9004672891,673480.4859959967,1.34
715307.881099309,672964.39176872,1.85
723160.0231813614,671913.5198943838,4.6175
727087.7558580597,671393.1244185017,3.0
731016.6034793465,670875.9051680053,1.4725
738895.4767188688,669824.4968724241,4.4375
746778.945460266,668786.1989629436,1.42
762493.425712761,666745.4638899909,1.0
770344.1783639849,665688.3232551459,5.0
774271.2955317579,665164.6601450657,3.0
782120.7748362353,664126.6560443239,4.475
786043.2048066823,663612.1961096823,2.755
793891.3766558184,662593.277140908,0.99
337177.44149953505,726696.2481794646,4.305
360939.6998419102,723588.4574706303,3.0
372813.0216768526,722032.7197004938,2.715
376761.1089035356,721507.4339097319,2.0
380709.89765833784,720985.5650446787,5.0
384659.4485851856,720467.0004209559,4.4175
388609.76585206937,719951.962809613,5.0
396512.81464578176,718932.1334195938,0.845
400465.4131183941,718427.3453848734,1.0
404406.02970684983,717898.4226567289,3.0
408347.4499080411,717373.007295413,5.0
412289.66767140076,716850.8772467561,4.665
420188.29994399555,715795.7977595534,1.0
424144.81500928605,715262.8687435817,0.955
428102.09736848564,714733.3597117336,1.0
436003.0749858656,713698.6188093154,0.065
439946.8050710897,713193.3590716366,0.8675
451782.28114394896,711656.2281657876,1.8875
455728.76873074536,711122.9428206692,4.9475
459676.1861452647,710593.0510842623,4.0275
463624.4016552988,710066.5546413017,5.0
530718.9376656975,701244.9598488053,5.0035
538591.2336168481,700205.4444705881,4.375
546479.6349603329,699165.5767297642,0.875
558337.9429105151,697610.697817415,3.925
570156.3002345194,696043.7949084518,1.87
581959.0134960553,694492.8640296832,3.825
589824.2292442826,693470.796990078,5.0
597719.0430305195,692406.9927680315,4.935
605617.8816329408,691356.7430127067,1.0
613487.9610427921,690319.1385294925,1.435
644985.1861994897,686245.2855670443,2.0
656784.5167808621,684681.2493200442,2.0
696163.4071169811,679497.3885781253,2.13
719754.8794411437,676382.3622173239,1.0
735469.487499581,674274.9209780283,1.0
763014.1639612792,670677.0016691927,1.55
766935.8377376547,670147.3282415401,1.0
770858.6729979492,669620.9246355696,4.0
774782.6684542163,669097.7918140786,5.0
778707.8228205657,668577.930743223,4.9125
782629.9902219862,668061.0912835561,4.7075
786553.3786237513,667547.522608012,3.0
790477.9209718361,667037.221759812,1.0
794403.5501780596,666530.1855650209,0.805
341651.0269982016,730129.7409917898,4.0
345610.9230872368,729604.6515885806,5.0
349571.4854359734,729082.9003223404,1.0
353532.7811999441,728564.5964283878,5.0
373333.2696898656,725997.330643232,4.005
377281.91170246963,725472.224942402,1.0
381231.3864587068,724950.5381706357,3.0
385181.6275051577,724432.2724649105,4.0
393084.40752456215,723406.2280646777,1.0
397036.9430476339,722898.450070369,3.0
400990.23594214435,722393.9833171368,5.0
408865.50384226034,721340.464601229,4.2725
412804.33758393175,720818.7420880254,5.02
416743.9699721812,720300.4150709724,0.885
420700.16939632146,719757.5076825246,0.765
432573.77517523285,718149.1096483693,2.12
444407.25599227054,716655.2170828646,3.0
448353.3246184322,716164.0129096927,4.7325
452299.6016499024,715620.7043112181,3.965
464143.7051855578,714011.3987697391,2.0
468093.4908143833,713481.6903580688,3.0
472044.1498855789,712955.3832450612,2.0
527315.3281781742,705721.1646123072,4.665
539112.6886044873,704137.7112265881,1.0
562798.3805428931,701034.396099777,1.355
566738.7395029126,700505.6859063152,1.62
570680.0705547696,699980.3361974694,4.585
574622.3722630267,699458.3476447454,4.0
578549.3203134406,698939.443064685,4.54
582477.1669559646,698423.8720159233,3.33
586406.0413692873,697911.6374523677,2.0
590335.8768517257,697402.7389418669,4.265
594283.6356242204,696869.7072697692,3.0
602182.1122949151,695813.8520533442,1.0
606132.8296866808,695290.9186308952,2.0
621880.2890469376,693231.2574865194,4.0
629760.0314121905,692221.4273428433,1.0
645500.4557111062,690185.166655208,1.0
649430.3590317606,689670.1871338077,1.0
661228.2261246898,688089.9175023613,1.585
700626.5244142764,682946.0023399331,4.6
712421.451388042,681382.0116507569,0.74
720275.0880884312,680327.5075748777,3.9225
724196.0524784841,679790.8540437827,1.0
735982.1465208521,678201.5505100535,0.585
759601.2999875251,675112.4551949184,4.1125
763533.5567362695,674608.7474462036,3.585
767452.1070879097,674079.6055475883,1.3125
771371.8189885921,673553.7324565407,5.0
775292.6911466203,673031.1291384138,5.0
779214.7222723432,672511.7965619192,4.88
783137.911078146,671995.7356991284,4.945
787062.2562784374,671482.9475254845,4.0
790987.7565896396,670973.4330198187,4.67
794914.4107301766,670467.1931643607,4.0
346126.47450299776,733581.1301090224,5.0
350087.453507092,733052.7354566734,3.915
365938.7482013097,730973.4671497308,4.6775
377801.7366616494,729423.1802723799,2.0
381752.0822186015,728908.6828375207,5.0
385703.1211149547,728397.7250616215,1.0
393606.88145882706,727358.5069559701,3.0
397559.8893041819,726843.9285463691,5.0
401513.7376604315,726332.8878117688,2.0
413329.8951971523,724758.6422636975,4.0
425185.1069202505,723172.7642820897,1.0
437047.55066432373,721610.6673338646,4.855
448885.1959429716,720107.3164975559,4.57
452828.1245314283,719564.4424835788,4.0375
468608.5973100665,717423.4823057111,1.76
531777.8219120526,709142.4807252111,4.97
543580.338703595,707570.5885281451,5.125
547528.6851579999,707046.4664121456,1.0
555428.2176088383,706008.5960202748,2.51
559379.403173448,705494.6265743105,1.0
567260.5533490889,704448.7926853169,3.0
583002.2600253392,702369.019065408,4.555
590862.8055319897,701335.0896545304,5.0
606646.0049384325,699252.8745965473,4.405
614519.7354063803,698203.663158305,2.0
618458.0854383071,697684.0773905078,0.55
622397.510540558,697167.8414840028,1.0
638164.3251457931,695163.9703231081,2.0
646023.1976963645,694111.497084761,3.795
661754.4131720269,692018.8979629437,4.705
665690.1270644914,691497.0667702463,3.0
669626.8965332137,690978.6777296579,0.8525
673560.8646214646,690456.4608667977,3.0
677495.8347310963,689937.5673299544,3.925
693255.322420148,687881.7190279467,2.9725
697200.1108589807,687372.6480794493,1.655
705073.2510960603,686342.9329088563,0.79
709001.7656039537,685822.1510666674,0.805
716861.9552248066,684790.502875492,1.94
724712.8258741536,683715.8239355441,1.65
728639.969391137,683183.3748830892,1.0
732568.2481891857,682654.2243902059,1.81
736505.8570856882,682128.7909211805,3.6325000000000003
744384.5494960697,681087.7599873897,2.0
748325.5590035212,680572.2721542502,1.0
756186.2985344251,679549.8884197893,3.99
760118.4281134952,679043.5357888127,2.675
764051.6095112114,678540.5897496762,1.0
767971.1046362994,678012.2131648101,4.64
771891.8281549906,677487.1150432536,5.0
775813.7131368716,676965.2926271902,0.24
779736.6926171217,676446.7429414904,4.742
783656.7590056746,675931.222556768,4.6425
787577.9818323541,675418.9738560775,3.76
791500.3598098085,674909.9978207806,1.0
795423.8916526798,674404.2954356149,4.575
342680.9964055328,738096.3821621472,2.0
346641.5543419586,737557.7780135833,3.0
358527.791047671,735962.7134217853,1.6099999999999999
362491.3856381724,735437.9421992963,1.005
378320.8922735205,733374.2033893503,1.0
382272.0370064679,732867.0089585129,1.0
386223.8640315264,732363.3598199701,4.82
402036.5236799449,730271.9751678649,0.84
405975.13709120546,729744.1157537494,2.9375
409914.5522503528,729219.5509465858,2.0
413854.77210956183,728698.5035926132,4.9725
417795.7928516825,728180.8628701856,3.0
421753.5979660924,727652.5593867758,5.0575
425712.226452563,727127.5800148575,2.625
429671.6787672123,726606.0364111969,3.8775
433631.954981879,726088.0402388275,4.785
437576.82215547265,725573.5909037236,1.0
457296.2835435424,722969.1052587405,0.7275
469122.9428520233,721365.462856208,1.0
532307.8073202566,713095.0568017466,3.0
536241.8146678508,712568.3366123158,0.9125
544112.6451235543,711524.7734879721,2.8625
548057.7495964278,710994.2245046739,1.0
552003.8139598708,710467.057864653,1.9075
555950.8381007467,709943.162991019,4.0
559898.8179428582,709422.7629943583,5.0
567781.3535451042,708391.87655422,1.0
579596.5344898885,706842.749609313,2.0
587456.9944541495,705789.2201600028,2.0
595329.61925906,704749.2512566466,4.0
611095.4971365092,702682.3182275007,3.0
662279.4913868062,695947.7533344841,4.0
689826.2483239726,692333.8764574388,3.715
709513.4993055081,689744.2832171125,4.71
713439.9397999975,689227.3161134021,2.14
725228.3341151498,687640.7775285635,1.9649999999999999
744900.5682921151,685016.148870403,4.0325
752769.201157879,683989.094362394,4.28
756701.1197160939,683480.1938691353,2.0
764568.3215087908,682472.5282490766,4.5175
768488.8186394556,681944.9211052163,4.2725
772410.4797256289,681420.59451197,4.695
780257.2952419494,680381.6757508116,2.0
784174.237808635,679866.6950407242,4.8275
788092.3299676205,679355.0961305462,4.3975
795931.992156689,678341.4920166153,5.0
339234.91308957804,742628.4544608621,1.0
347155.9601691658,741534.3794606049,2.0
355080.10673911683,740454.1568900179,1.0
363007.34003871033,739387.7892805235,3.618
366972.1409774341,738859.7453407338,2.55
378839.37801686634,737325.2942880196,4.0
386743.98263476253,736329.0622750828,5.0
394649.65365725406,735263.2776973341,3.0
406497.84771554754,733683.4916142477,2.5
410437.9744424069,733159.2591401841,4.3315
414378.90699139144,732638.549735155,5.0
418320.57473493635,732121.142513304,2.0
426238.5738389556,731082.4714369942,3.73
430198.76259649446,730568.4095690381,2.0
434159.8256187251,730057.6773509681,0.88
453882.76799227303,727451.9327756958,0.8325
457819.8756426165,726913.3222364709,2.0
461757.8619964082,726378.1073044837,1.9
469636.3953560191,725307.4103692155,4.8375
481460.7524042434,723711.2719335016,3.8175
509169.1322073103,720168.5782695888,4.0
513136.77174451784,719660.3287366712,4.55
536771.6151295739,716521.4945330378,1.0
540707.3490040749,715998.5294359485,2.08
544643.9549845861,715479.0476291766,4.525
548585.8189191081,714941.9600216271,3.0
552528.6536681468,714408.3647465613,1.0
564358.7486841253,712841.3853041837,2.3200000000000003
568301.1361730737,712335.1598266456,5.0
576188.8629933398,711332.6208421234,1.0
580118.5137673985,710794.4251620518,1.195
584049.2325923255,710259.582687282,1.0
587980.8877701955,709728.0918014422,4.85
591913.542984933,709199.9543522513,3.0
595851.0119559615,708689.1590639558,1.0
599789.4529920386,708181.8366166996,4.0
611607.5145505979,706638.1295665745,2.0
619487.2787365019,705570.1315444596,2.0
666740.269353149,699370.1811760766,2.0
686394.7856269435,696802.2449189229,1.0
690339.659105221,696274.0526071517,3.0
698232.7761788873,695227.6057379013,0.9
706101.9567445187,694186.2789640054,4.1725
721806.5249080738,692099.7543660272,0.39
737549.3695449168,689983.5626546778,1.0
741481.7226819587,689462.495203319,1.0
761148.5553191474,686905.9768597987,4.5874999999999995
765083.6919527105,686404.5626128782,2.0
769005.117092181,685877.7214565268,2.0
772927.7729162873,685354.1705207136,3.8725
780776.5159683065,684316.8168990621,4.87
788605.2998942367,683291.3139910065,4.615
792521.4217056422,682783.523571441,5.0
347669.763777382,745511.154685963,1.0
351631.80623919884,744962.5044845035,5.0
359558.25691055413,743875.8331085984,0.805
363522.6615225454,743337.8126023095,4.0
371453.8077532823,742271.9587880671,3.0
375405.13797051157,741772.4842739888,1.9649999999999999
379357.1933709599,741276.4529626956,1.0
383309.9076870368,740783.8668292416,1.0
391216.30170008057,739753.4124763878,2.0
410960.6604937173,737099.0402416186,4.345
414902.2324272273,736578.6706495397,4.735
418844.6054959415,736061.6075826613,4.805
422803.97529477614,735547.7997069163,4.715
426764.21507982933,735037.5487029795,5.0
430725.19176303566,734530.7459022189,5.0
434686.96696973883,734027.2794030495,2.0
466212.72421781113,729791.4451287882,2.0
470149.0207584339,729249.5468057245,4.666
521547.96211449825,722570.3754786616,1.9225
553052.4980252566,718349.6483954992,5.0
556993.0873489853,717812.8932544375,2.585
560934.6578205364,717279.5193180386,3.8675
564876.8147362252,716777.3341381317,1.115
576708.9298609891,715290.9641731232,3.9699999999999998
588503.656785107,713667.1638010861,1.0
600306.3503545859,712129.3191163652,2.0
616058.8127001297,710052.034975362,1.6125
623942.5634524499,708978.0262123821,1.7974999999999999
627885.2392240639,708473.8184433905,4.0
631828.9135870999,707972.9774038419,3.0
659389.5386929188,704308.1800211594,3.06
690851.8573045881,700214.2107361974,1.0
694799.0261986676,699682.9299330981,0.8875
698747.2372934531,699155.1129164668,3.17
702696.6244122315,698630.6549661355,5.0
706614.4545665157,698108.0924319122,1.0
710533.3789262748,697588.9436574895,4.7425
730197.7224970728,694961.2866252838,5.0375
741998.4237097059,693390.555792314,2.0
749860.2716553815,692359.302793812,4.225
757726.7687180617,691341.4234552281,4.8275
769520.1303294699,689810.6214745855,2.0
773443.713504253,689287.731590813,4.845
777368.4552412764,688768.2461164622,4.13
785205.0509399555,687738.1511064535,5.0
789116.8908232611,687227.627078563,5.0
793029.8928079349,686720.2615544908,4.945
360078.37640590733,747825.4639375983,4.89
364041.4136690237,747287.6678906325,2.555
368005.1721086032,746753.456790057,4.0
371969.7081686823,746222.6065603681,5.0
375921.53341658734,745719.9717678856,1.0
387781.458343705,744232.6475060442,3.0
391735.02602717356,743691.6446225932,2.7824999999999998
411482.6120218672,741039.0054529775,1.0
415424.81480508955,740518.9763133582,3.785
419367.8845510823,740002.2580510639,4.8375
423323.86098961905,739488.870990226,4.7225
427280.6428768149,738979.0403797925,3.0
431238.28973312594,738472.5432084398,1.0
435196.67242058483,737969.4931436135,4.0
439143.310970475,737442.2442708313,2.69
443090.7941390229,736918.5321590835,2.575
450988.3457729804,735881.1632354781,2.0
454925.9606547223,735339.9307388607,1.0
470685.14053760376,733195.0529507324,1.0
529956.7327677852,725482.0412434936,1.475
557512.4577336558,721768.5225157654,0.725
569337.5089626522,720235.6722923042,1.0
585083.8083786155,718150.4654212222,5.01
592943.6996013066,717064.962724899,2.0
596878.5106413994,716562.2028122889,3.935
632344.13335906,711883.3184948182,1.0
636289.6676260936,711386.4536129339,2.0
659910.729899974,708222.9971307842,4.0
691375.9059978663,704134.0657788962,2.0
699264.8777391418,703075.9982302375,5.0
703211.0608411507,702552.0536995092,4.9925
707133.8743990817,702030.3656657394,4.105
711057.7843975131,701512.1041040123,4.8475
726782.8703482182,699431.0137676876,0.965
734661.3007131825,698389.8322164882,1.73
758245.7159051932,695272.5776265776,3.3975
762177.5327736064,694769.0360402949,0.86
766110.4050794792,694268.9176026592,2.85
773958.2810259591,693221.6107853968,3.795
777883.936271701,692702.9036277588,4.795
781810.8218430711,692187.5005341116,4.6625
785720.1932020563,691677.8152971026,5.0
789630.7882219844,691171.2938878639,4.77
793542.4679134819,690668.0402902616,0.9850000000000001
368521.85032543016,750703.8290668624,4.0
372484.95422675996,750173.3207384171,1.0
380390.4415605086,749164.9600189934,4.89
388298.8835512892,748170.5283065941,4.0
392253.0529216429,747629.83514251,1.7850000000000001
396208.04054767935,747092.5965168541,2.0
404120.4665542828,746028.595712075,5.0
408061.74111575587,745502.0499882568,3.4625
423842.9909407928,743430.0161845414,1.0
427796.3764470961,742920.4934605118,3.93
431750.56431240746,742414.4149167947,3.6825
435705.5545467426,741911.8922153907,1.9849999999999999
439652.8876732962,741385.0025100587,4.8725000000000005
447550.0855031554,740341.5170385204,2.0
451499.9470981064,739824.9222170208,5.0
455442.28683765844,739284.0306118894,2.845
463329.61878625926,738212.5044474639,4.9175
467274.60790442646,737681.8709188849,4.7725
471220.3892437237,737140.7533806358,1.0
558030.8237248835,725724.3504168168,2.0
561965.7622716377,725191.9037848711,2.87
565909.3960199625,724690.7604380958,0.6725
569853.9625104795,724193.0105995545,0.9424999999999999
585595.4700943921,722095.9083769666,4.2725
593449.0768890992,720997.5452693524,3.92
601321.2292473183,719996.4984806422,3.0
605258.7837925194,719501.0338724032,5.0
609197.3003204558,719008.9423014112,3.83
617080.8274824191,717895.8635797426,4.805
624968.5923730031,716796.401894955,3.525
632858.2397977848,715793.7502909116,1.665
636804.5632806846,715297.4925695015,3.0
640751.8846878933,714804.6145984894,2.0
644685.6830762898,714259.0016725138,5.0
648620.5671739522,713716.74372622,1.0
664368.9477602906,711636.7659596838,1.0
672248.4302053817,710644.7802129555,1.0725
684029.7536739218,709096.7650940418,4.37
695839.4161006046,707523.7637694478,3.0
707652.107236323,705952.7369914763,3.775
711580.9875524666,705435.3641607184,5.0
719442.123973481,704410.4981080377,1.0
731244.0132976365,702856.2100566886,4.91
735180.2361257315,702344.8190561654,1.0
750909.6206308637,700219.4621757315,3.0
762692.045505987,698700.7125479523,4.0
766621.7526309488,698201.1264200266,0.33
774471.4943817139,697155.4743523775,0.79
786233.9584254017,695617.4642332746,4.0
790143.1645541438,695115.0481016338,4.31
794053.5810766808,694615.9101947686,4.805
384860.46902602544,752607.1663900297,1.935
388815.5573610508,752108.4796147663,2.86
396725.9690707054,751031.2837054515,2.8975
404639.7162462894,749967.9283936135,4.87
424361.36459727585,747371.235257755,4.0
436213.74062465085,745854.3635157524,3.0
440161.69514123467,745327.8344935561,5.0
452010.68780252384,743768.64617931,4.9725
455957.7380505606,743228.2081096387,1.0
459905.7385621446,742691.089671337,4.965
463854.56050838303,742157.5150487376,4.0
554617.5488201231,730215.515300204,2.0
558548.1874805852,729680.1543671247,1.0
570369.4605366058,728150.326415725,2.0
582183.908487951,726602.138016671,1.705
586106.0283939345,726041.4376551677,5.0
590029.1967763808,725484.203615007,5.0
593953.4164508497,724930.214201116,4.3825
597889.7844326874,724428.5562171182,5.0
609704.808334016,722943.851671556,1.0
617590.2056886333,721818.0225377409,4.62
629425.0633291384,720203.3055714769,2.0
633371.2322231672,719704.2725984473,0.63
657011.5659226635,716556.5470505748,5.0
660949.5989215996,716052.8008808307,4.835
664888.6006961166,715552.4156678068,1.0
672769.7693151471,714561.6293391576,1.0
676696.6592774192,714042.9144637128,0.925
680624.6204832229,713527.5391868707,2.91
700296.4565496064,710917.9406199846,2.7800000000000002
704236.2272341221,710395.020830459,3.0
712102.8622530133,709358.6063900879,1.0
716037.8020778105,708845.4653622322,4.73
719973.9154605356,708335.5588622419,0.945
743562.7642272887,705218.0529851466,0.5
751432.349786527,704149.7476934325,1.0
767131.7491382579,702133.5409066677,3.0
771056.9268472709,701609.8857088992,1.0
778910.8621660088,700572.398567589,1.0
794563.3623913657,698563.8792078029,4.9
401200.3090489404,754436.8979698848,1.0
409100.7341598517,753381.4490344226,2.0
416988.20854383544,752339.9981188113,1.94
420933.1920768487,751824.5429595048,2.0
428825.5714752391,750803.7317369711,3.0
432772.96788045485,750298.5989960078,4.62
436721.163819292,749796.7966945302,4.0
440669.79594444856,749270.6281029601,2.666
448569.5314795883,748228.3965212097,3.5774999999999997
452520.69904440374,747712.5561700016,4.926
456472.4430989527,747172.4619203545,4.8175
464378.65940325597,746102.4943216434,5.0
468333.0640932057,745572.6225840366,3.2
685076.3815779594,716934.5642000204,1.0
692940.5942516287,715894.0906745158,3.0
696874.937526443,715364.8685230315,4.9375
704746.9508208615,714316.6998745436,3.9775
708684.6827515825,713797.7581415046,0.7749999999999999
720504.4019081962,712260.829779325,1.0
759794.7832285536,707066.4098168146,2.0
791163.9398540293,703002.8541644793,2.0
381947.5130007934,761005.0316934669,5.0
401725.7651429243,758389.7765977727,4.0
409625.4769482392,757338.4887450477,0.795
413567.49046398303,756819.872080598,3.8175
433295.19010194484,754247.2974343058,5.0
437243.95161811454,753738.9683453022,3.0
441193.1901365795,753213.175691694,3.9475
449094.27221637114,752171.8222816987,4.8525
453046.0494391459,751656.3745065201,4.525
456998.5043532278,751120.1258818861,3.7649999999999997
681667.1631395,721364.1839546235,3.5675
685597.8913332054,720853.6081734626,4.955
693463.805272366,719814.5001705308,3.0
701335.2452652692,718760.903611972,1.0
705272.6970509895,718239.199537538,3.7275
721024.7835586248,716199.7039083801,1.0
724949.5759448295,715690.4485015841,0.66
728875.4786692772,715184.4137755623,1.0
732802.4142491233,714681.8196906587,3.935
740664.540893034,713634.5049055275,1.62
744599.7470208864,713089.8998655407,1.9649999999999999
748536.0805350775,712548.5225917408,1.825
756394.5149481853,711502.9035607465,1.0
776011.0996798465,708958.3457209887,4.965
783862.8239350476,707930.1257778825,1.85
787767.452615626,707429.8746594526,1.0
406209.6187467139,761813.8325305097,3.9125
410149.4752251884,761295.6020816248,3.0
414090.13174828666,760780.8148181532,4.73
425920.6062757254,759236.360593739,4.795
429868.2047334014,758714.6013717428,4.0
437765.9504701393,757681.3277255669,1.0
441715.8512877883,757155.9107838143,3.9425
445666.6010221963,756633.9472476877,4.8675
449618.19808472594,756115.4376017218,2.74
453570.64088885486,755600.3823339129,4.835
457523.7317502945,755067.8694052091,3.555
701858.9679017975,722682.9123463277,2.0
709732.2649483162,721651.0919928718,0.73
721543.8729258898,720138.6742381072,1.705
760837.0005327769,714930.6237887805,0.205
768686.2225536226,713933.3636272047,2.54
402774.4882983043,766295.8631854691,0.9325
410672.73064067354,765252.9002484288,2.0
414612.0244492033,764741.9426369667,2.8674999999999997
418552.11134863104,764234.430653451,2.608
422493.05602663505,763730.474844086,1.9125
426440.3330246109,763198.6105420301,1.0
430388.45419791184,762670.2034360627,4.82
446189.0529802539,760577.1421114523,2.8475
450141.3072489429,760059.1311957436,1.0
454094.342626751,759544.4696926717,4.865
718124.6681171746,724574.3000054313,3.775
722061.60967602,724077.626152453,4.3149999999999995
725984.4261829578,723562.613918582,4.53
729908.3605528766,723050.9385271557,3.995
733833.3463884301,722542.5976021355,1.0
737759.51227307,722037.5986686423,3.145
741695.2183112552,721491.12815852,2.79
753509.6030864014,719871.8458815888,0.91
761356.0747601099,718862.8209022358,1.0
765281.035249894,718363.4143751599,1.0
769207.0675317614,717867.2228763523,2.0
415133.2280987051,768703.0318375593,5.0
419071.94337977644,768199.4630620712,3.745
423011.506999041,767699.2300226195,0.73
442758.7097564964,765041.6129437601,5.0
446710.6962636836,764520.414591956,2.9475
450663.5323390479,764002.6812405363,3.8755
454617.2174968282,763488.5246223975,5.0
478356.3722581277,760336.4491148898,1.7225000000000001
734346.8524452521,726473.184763208,2.48
738272.0088898437,725965.3685004851,1.0
757949.1085959468,723297.1961333267,4.955
423528.72462025547,771640.3622316886,4.335
427477.0732487782,771102.3126387028,1.0
431426.21450089617,770567.6209549448,5.0
439327.19689935475,769508.7531795623,1.0
455139.26495517575,767432.5470661754,1.0
746659.3040061862,728806.6211988162,1.0
754540.1776899592,727733.4725675285,4.5575
762390.1378239394,726727.6159723625,4.9525
435894.547343257,773978.7995860288,5.0525
439846.0281311467,773451.4181135138,1.0
451705.5954945588,771890.2375270594,2.0
755053.4492827251,731664.4291512165,4.0
